{"type":"FeatureCollection","features":[{"type":"Feature","properties":{"DGUID":"2021S051248060140","DAUID":"48060140","LANDAREA":0.6907,"PRUID":"48","fed_num":"48013","da_code":"48060140","geo_name":"48060140","name_source":{"label":"Statistics Canada Census Profile 2021 DA WDS","url":"https://www12.statcan.gc.ca/wds-sdw/2021profile-profil2021-eng.cfm"},"population":952,"status":"ok","source":{"label":"Statistics Canada Census Profile 2021 DA WDS","url":"https://www12.statcan.gc.ca/wds-sdw/2021profile-profil2021-eng.cfm"},"community_name":"Calgary","community_source":{"label":"Statistics Canada 2021 census subdivision boundaries (spatial lookup)","url":"https://geo.statcan.gc.ca/geo_wa/rest/services/2021/Cartographic_boundary_files/MapServer/9"},"community_display":"Calgary","is_unorganized":false,"panel_title":"Calgary","display_label":"Calgary","map_label":"48060140"},"geometry":{"type":"MultiPolygon","coordinates":[[[[-114.15114491469362,51.06238975253978],[-114.15028462237862,51.06155698123949],[-114.15022403740372,51.0614983396182],[-114.1501473056645,51.06134264104844],[-114.15029592453352,51.0612472323699],[-114.15108932995697,51.061727343297534],[-114.15128483536029,51.061727036034775],[-114.15135442400995,51.06168494965837],[-114.15139081064599,51.06154504966981],[-114.15131500928725,51.06136073317704],[-114.15066822569585,51.06056743085742],[-114.1502558104599,51.05969983260096],[-114.14999782961569,51.05938994409355],[-114.14951400230122,51.05889673958494],[-114.14931802883817,51.058773845927334],[-114.14838510185245,51.058254630313854],[-114.14731922745841,51.057770926770196],[-114.14654494422112,51.057543140662176],[-114.14556092551778,51.05719512725814],[-114.14503751060703,51.05707943699307],[-114.14194282117363,51.056783929468246],[-114.14113397923946,51.05665695882123],[-114.13987193866916,51.05645882283754],[-114.13871670666946,51.056343441487755],[-114.13750609753498,51.05631222240773],[-114.13750491167293,51.05628618813328],[-114.13642606407775,51.05508406613395],[-114.13640979883897,51.05499858629549],[-114.13631751408765,51.05450459565366],[-114.1363124080291,51.054342420361586],[-114.13626029996892,51.05267744568451],[-114.13632251669364,51.05245170855724],[-114.13637092093158,51.05220477199482],[-114.13686285389876,51.051918116985924],[-114.13646882049675,51.05171844342925],[-114.13611133467455,51.051268860648065],[-114.13603540235597,51.05088025246047],[-114.13609662058572,51.050351050913264],[-114.13745241160038,51.05034835782033],[-114.13977830526893,51.05035135143505],[-114.14120541929124,51.05035034217742],[-114.14120692810737,51.05055725755587],[-114.14119610427646,51.051195559831484],[-114.14120220629934,51.05202326417293],[-114.14120040656687,51.05228405304442],[-114.14252782740678,51.052280565877105],[-114.14301293105153,51.05228345035647],[-114.14395442879824,51.05228846733148],[-114.14412603438609,51.05228366622377],[-114.14536742817491,51.05228705670266],[-114.1466224005645,51.05229975684145],[-114.1478780183565,51.05230344998994],[-114.14910461883953,51.05231535294868],[-114.15034599988263,51.052318657879646],[-114.15160101691797,51.052331369012784],[-114.15284243337254,51.05233455256196],[-114.15283181424742,51.05460108379132],[-114.15195680288775,51.055137367978304],[-114.15250732032113,51.05548808061531],[-114.15250695200078,51.055710431721195],[-114.15277019374761,51.05957861070322],[-114.15273053220722,51.05981439448836],[-114.15270776848801,51.05994950533699],[-114.15269544046764,51.06006642698884],[-114.15267876037306,51.06022393960512],[-114.15270185201135,51.062161420098604],[-114.15270593870704,51.06251553967418],[-114.15260354285707,51.063287178398625],[-114.15213201883647,51.063227321845176],[-114.15114491469362,51.06238975253978]]]]}},{"type":"Feature","properties":{"DGUID":"2021S051248060142","DAUID":"48060142","LANDAREA":0.254,"PRUID":"48","fed_num":"48013","da_code":"48060142","geo_name":"48060142","name_source":{"label":"Statistics Canada Census Profile 2021 DA WDS","url":"https://www12.statcan.gc.ca/wds-sdw/2021profile-profil2021-eng.cfm"},"population":544,"status":"ok","source":{"label":"Statistics Canada Census Profile 2021 DA WDS","url":"https://www12.statcan.gc.ca/wds-sdw/2021profile-profil2021-eng.cfm"},"community_name":"Calgary","community_source":{"label":"Statistics Canada 2021 census subdivision boundaries (spatial lookup)","url":"https://geo.statcan.gc.ca/geo_wa/rest/services/2021/Cartographic_boundary_files/MapServer/9"},"community_display":"Calgary","is_unorganized":false,"panel_title":"Calgary","display_label":"Calgary","map_label":"48060142"},"geometry":{"type":"MultiPolygon","coordinates":[[[[-114.1468425473522,51.04709714981185],[-114.14691582296278,51.04701305862977],[-114.14922931934947,51.047731061312476],[-114.15282773526475,51.04885324599772],[-114.15283520999353,51.049429162671075],[-114.15283781967194,51.04985195627187],[-114.15282543624095,51.050751160630305],[-114.15284243337254,51.05233455256196],[-114.15160101691797,51.052331369012784],[-114.15034599988263,51.052318657879646],[-114.14910461883953,51.05231535294868],[-114.1478780183565,51.05230344998994],[-114.1466224005645,51.05229975684145],[-114.14536742817491,51.05228705670266],[-114.14536061333418,51.05054185875541],[-114.14536564396312,51.04930076094815],[-114.14538493762431,51.04898635481859],[-114.14575511620708,51.04853674173163],[-114.1463127530109,51.04782175902024],[-114.1468425473522,51.04709714981185]]]]}},{"type":"Feature","properties":{"DGUID":"2021S051248060143","DAUID":"48060143","LANDAREA":0.2813,"PRUID":"48","fed_num":"48013","da_code":"48060143","geo_name":"48060143","name_source":{"label":"Statistics Canada Census Profile 2021 DA WDS","url":"https://www12.statcan.gc.ca/wds-sdw/2021profile-profil2021-eng.cfm"},"population":1017,"status":"ok","source":{"label":"Statistics Canada Census Profile 2021 DA WDS","url":"https://www12.statcan.gc.ca/wds-sdw/2021profile-profil2021-eng.cfm"},"community_name":"Calgary","community_source":{"label":"Statistics Canada 2021 census subdivision boundaries (spatial lookup)","url":"https://geo.statcan.gc.ca/geo_wa/rest/services/2021/Cartographic_boundary_files/MapServer/9"},"community_display":"Calgary","is_unorganized":false,"panel_title":"Calgary","display_label":"Calgary","map_label":"48060143"},"geometry":{"type":"MultiPolygon","coordinates":[[[[-114.13977782717156,51.04596185568448],[-114.13976353270094,51.04503504966981],[-114.1405329398999,51.045053951203215],[-114.14118001739354,51.045204642626835],[-114.14205931589916,51.0455230601748],[-114.14341812500446,51.045934051577134],[-114.14463662620173,51.04630563674801],[-114.14691582296278,51.04701305862977],[-114.1468425473522,51.04709714981185],[-114.1463127530109,51.04782175902024],[-114.14575511620708,51.04853674173163],[-114.14538493762431,51.04898635481859],[-114.14536564396312,51.04930076094815],[-114.14536061333418,51.05054185875541],[-114.14536742817491,51.05228705670266],[-114.14412603438609,51.05228366622377],[-114.14395442879824,51.05228846733148],[-114.14301293105153,51.05228345035647],[-114.14252782740678,51.052280565877105],[-114.14120040656687,51.05228405304442],[-114.14120220629934,51.05202326417293],[-114.14119610427646,51.051195559831484],[-114.14120692810737,51.05055725755587],[-114.14120541929124,51.05035034217742],[-114.13977830526893,51.05035135143505],[-114.13978552299768,51.047689055463636],[-114.13977782717156,51.04596185568448]]]]}},{"type":"Feature","properties":{"DGUID":"2021S051248060144","DAUID":"48060144","LANDAREA":0.1274,"PRUID":"48","fed_num":"48013","da_code":"48060144","geo_name":"48060144","name_source":{"label":"Statistics Canada Census Profile 2021 DA WDS","url":"https://www12.statcan.gc.ca/wds-sdw/2021profile-profil2021-eng.cfm"},"population":493,"status":"ok","source":{"label":"Statistics Canada Census Profile 2021 DA WDS","url":"https://www12.statcan.gc.ca/wds-sdw/2021profile-profil2021-eng.cfm"},"community_name":"Calgary","community_source":{"label":"Statistics Canada 2021 census subdivision boundaries (spatial lookup)","url":"https://geo.statcan.gc.ca/geo_wa/rest/services/2021/Cartographic_boundary_files/MapServer/9"},"community_display":"Calgary","is_unorganized":false,"panel_title":"Calgary","display_label":"Calgary","map_label":"48060144"},"geometry":{"type":"MultiPolygon","coordinates":[[[[-114.1454580128634,51.04524635415551],[-114.14550030844191,51.0450225455483],[-114.146939948672,51.045048746923435],[-114.14789553658628,51.04505405171712],[-114.14789101043945,51.045359741370646],[-114.14934572179175,51.045836040966016],[-114.15272743533208,51.04583754197194],[-114.15272272996349,51.04661105269067],[-114.15272121981828,51.047798267665286],[-114.1528075473626,51.048717867218],[-114.15282773526475,51.04885324599772],[-114.14922931934947,51.047731061312476],[-114.14691582296278,51.04701305862977],[-114.14463662620173,51.04630563674801],[-114.14471502618495,51.046190644825685],[-114.14530345370827,51.04544045369924],[-114.1454580128634,51.04524635415551]]]]}},{"type":"Feature","properties":{"DGUID":"2021S051248060145","DAUID":"48060145","LANDAREA":0.1866,"PRUID":"48","fed_num":"48013","da_code":"48060145","geo_name":"48060145","name_source":{"label":"Statistics Canada Census Profile 2021 DA WDS","url":"https://www12.statcan.gc.ca/wds-sdw/2021profile-profil2021-eng.cfm"},"population":603,"status":"ok","source":{"label":"Statistics Canada Census Profile 2021 DA WDS","url":"https://www12.statcan.gc.ca/wds-sdw/2021profile-profil2021-eng.cfm"},"community_name":"Calgary","community_source":{"label":"Statistics Canada 2021 census subdivision boundaries (spatial lookup)","url":"https://geo.statcan.gc.ca/geo_wa/rest/services/2021/Cartographic_boundary_files/MapServer/9"},"community_display":"Calgary","is_unorganized":false,"panel_title":"Calgary","display_label":"Calgary","map_label":"48060145"},"geometry":{"type":"MultiPolygon","coordinates":[[[[-114.14550030844191,51.0450225455483],[-114.14550831558374,51.04326874161866],[-114.14696313253054,51.04327735616912],[-114.14837582515268,51.043275846102965],[-114.14838424535598,51.04151303000544],[-114.14979622147095,51.04152054860811],[-114.1512236415816,51.04151044025033],[-114.15273545228551,51.041520234379234],[-114.15272602751463,51.0433010397084],[-114.15273202857891,51.045064141622966],[-114.15272743533208,51.04583754197194],[-114.14934572179175,51.045836040966016],[-114.14789101043945,51.045359741370646],[-114.14789553658628,51.04505405171712],[-114.146939948672,51.045048746923435],[-114.14550030844191,51.0450225455483]]]]}},{"type":"Feature","properties":{"DGUID":"2021S051248060146","DAUID":"48060146","LANDAREA":0.1243,"PRUID":"48","fed_num":"48013","da_code":"48060146","geo_name":"48060146","name_source":{"label":"Statistics Canada Census Profile 2021 DA WDS","url":"https://www12.statcan.gc.ca/wds-sdw/2021profile-profil2021-eng.cfm"},"population":609,"status":"ok","source":{"label":"Statistics Canada Census Profile 2021 DA WDS","url":"https://www12.statcan.gc.ca/wds-sdw/2021profile-profil2021-eng.cfm"},"community_name":"Calgary","community_source":{"label":"Statistics Canada 2021 census subdivision boundaries (spatial lookup)","url":"https://geo.statcan.gc.ca/geo_wa/rest/services/2021/Cartographic_boundary_files/MapServer/9"},"community_display":"Calgary","is_unorganized":false,"panel_title":"Calgary","display_label":"Calgary","map_label":"48060146"},"geometry":{"type":"MultiPolygon","coordinates":[[[[-114.14205931589916,51.0455230601748],[-114.14118001739354,51.045204642626835],[-114.14119054890037,51.04503404715067],[-114.14263223585768,51.04502433034538],[-114.14264032968991,51.043270535512505],[-114.14115701133149,51.04326123223161],[-114.14115092534017,51.04150714644439],[-114.1426501283163,51.041489830876976],[-114.1440900362455,51.04150702875194],[-114.14551691430819,51.04150594122976],[-114.14550831558374,51.04326874161866],[-114.14550030844191,51.0450225455483],[-114.1454580128634,51.04524635415551],[-114.14530345370827,51.04544045369924],[-114.14471502618495,51.046190644825685],[-114.14463662620173,51.04630563674801],[-114.14341812500446,51.045934051577134],[-114.14205931589916,51.0455230601748]]]]}},{"type":"Feature","properties":{"DGUID":"2021S051248060147","DAUID":"48060147","LANDAREA":0.1223,"PRUID":"48","fed_num":"48013","da_code":"48060147","geo_name":"48060147","name_source":{"label":"Statistics Canada Census Profile 2021 DA WDS","url":"https://www12.statcan.gc.ca/wds-sdw/2021profile-profil2021-eng.cfm"},"population":568,"status":"ok","source":{"label":"Statistics Canada Census Profile 2021 DA WDS","url":"https://www12.statcan.gc.ca/wds-sdw/2021profile-profil2021-eng.cfm"},"community_name":"Calgary","community_source":{"label":"Statistics Canada 2021 census subdivision boundaries (spatial lookup)","url":"https://geo.statcan.gc.ca/geo_wa/rest/services/2021/Cartographic_boundary_files/MapServer/9"},"community_display":"Calgary","is_unorganized":false,"panel_title":"Calgary","display_label":"Calgary","map_label":"48060147"},"geometry":{"type":"MultiPolygon","coordinates":[[[[-114.14549825839863,51.03817027018953],[-114.1455011238186,51.03781773228511],[-114.14568694849903,51.03781322040721],[-114.1469427575648,51.03780793418998],[-114.1483266424201,51.037805826541785],[-114.1483817560296,51.038535739385274],[-114.14835273813569,51.03970432751911],[-114.14838424535598,51.04151303000544],[-114.14837582515268,51.043275846102965],[-114.14696313253054,51.04327735616912],[-114.14550831558374,51.04326874161866],[-114.14551691430819,51.04150594122976],[-114.14548603775695,51.03968822493015],[-114.14549825839863,51.03817027018953]]]]}},{"type":"Feature","properties":{"DGUID":"2021S051248060148","DAUID":"48060148","LANDAREA":0.1032,"PRUID":"48","fed_num":"48013","da_code":"48060148","geo_name":"48060148","name_source":{"label":"Statistics Canada Census Profile 2021 DA WDS","url":"https://www12.statcan.gc.ca/wds-sdw/2021profile-profil2021-eng.cfm"},"population":520,"status":"ok","source":{"label":"Statistics Canada Census Profile 2021 DA WDS","url":"https://www12.statcan.gc.ca/wds-sdw/2021profile-profil2021-eng.cfm"},"community_name":"Calgary","community_source":{"label":"Statistics Canada 2021 census subdivision boundaries (spatial lookup)","url":"https://geo.statcan.gc.ca/geo_wa/rest/services/2021/Cartographic_boundary_files/MapServer/9"},"community_display":"Calgary","is_unorganized":false,"panel_title":"Calgary","display_label":"Calgary","map_label":"48060148"},"geometry":{"type":"MultiPolygon","coordinates":[[[[-114.14115092534017,51.04150714644439],[-114.14114875114967,51.03969013709283],[-114.14263412025593,51.039663541046835],[-114.14263243334331,51.03783754518467],[-114.14407335656888,51.03783673928143],[-114.14467383345846,51.03781553741887],[-114.1455011238186,51.03781773228511],[-114.14549825839863,51.03817027018953],[-114.14548603775695,51.03968822493015],[-114.14551691430819,51.04150594122976],[-114.1440900362455,51.04150702875194],[-114.1426501283163,51.041489830876976],[-114.14115092534017,51.04150714644439]]]]}},{"type":"Feature","properties":{"DGUID":"2021S051248060149","DAUID":"48060149","LANDAREA":0.198,"PRUID":"48","fed_num":"48013","da_code":"48060149","geo_name":"48060149","name_source":{"label":"Statistics Canada Census Profile 2021 DA WDS","url":"https://www12.statcan.gc.ca/wds-sdw/2021profile-profil2021-eng.cfm"},"population":552,"status":"ok","source":{"label":"Statistics Canada Census Profile 2021 DA WDS","url":"https://www12.statcan.gc.ca/wds-sdw/2021profile-profil2021-eng.cfm"},"community_name":"Calgary","community_source":{"label":"Statistics Canada 2021 census subdivision boundaries (spatial lookup)","url":"https://geo.statcan.gc.ca/geo_wa/rest/services/2021/Cartographic_boundary_files/MapServer/9"},"community_display":"Calgary","is_unorganized":false,"panel_title":"Calgary","display_label":"Calgary","map_label":"48060149"},"geometry":{"type":"MultiPolygon","coordinates":[[[[-114.14119145400062,51.03783823330642],[-114.1412318521001,51.03625612846536],[-114.14275813632129,51.03625754157422],[-114.14336253256081,51.03617332362622],[-114.14398162442886,51.03608053811068],[-114.14507483792279,51.03570252237247],[-114.14602732031503,51.035060234811496],[-114.14652395357196,51.03580092702903],[-114.14783604047558,51.03580592816589],[-114.14783974974482,51.03505054591851],[-114.14915293575709,51.035037641175165],[-114.15013695469493,51.035043619431825],[-114.15048584320414,51.03516903902755],[-114.15134412497106,51.03559473203154],[-114.15158303315337,51.035654529493854],[-114.15286505322507,51.035685840499994],[-114.15286265603427,51.03781754781239],[-114.15090892713751,51.03780583263492],[-114.1483266424201,51.037805826541785],[-114.1469427575648,51.03780793418998],[-114.14568694849903,51.03781322040721],[-114.1455011238186,51.03781773228511],[-114.14467383345846,51.03781553741887],[-114.14407335656888,51.03783673928143],[-114.14263243334331,51.03783754518467],[-114.14119145400062,51.03783823330642]]]]}},{"type":"Feature","properties":{"DGUID":"2021S051248060150","DAUID":"48060150","LANDAREA":0.1267,"PRUID":"48","fed_num":"48013","da_code":"48060150","geo_name":"48060150","name_source":{"label":"Statistics Canada Census Profile 2021 DA WDS","url":"https://www12.statcan.gc.ca/wds-sdw/2021profile-profil2021-eng.cfm"},"population":536,"status":"ok","source":{"label":"Statistics Canada Census Profile 2021 DA WDS","url":"https://www12.statcan.gc.ca/wds-sdw/2021profile-profil2021-eng.cfm"},"community_name":"Calgary","community_source":{"label":"Statistics Canada 2021 census subdivision boundaries (spatial lookup)","url":"https://geo.statcan.gc.ca/geo_wa/rest/services/2021/Cartographic_boundary_files/MapServer/9"},"community_display":"Calgary","is_unorganized":false,"panel_title":"Calgary","display_label":"Calgary","map_label":"48060150"},"geometry":{"type":"MultiPolygon","coordinates":[[[[-114.1483817560296,51.038535739385274],[-114.1483266424201,51.037805826541785],[-114.15090892713751,51.03780583263492],[-114.15286265603427,51.03781754781239],[-114.15272641819058,51.03887563754549],[-114.15271474349572,51.039531950941814],[-114.15271793293209,51.03971195656644],[-114.15271735154461,51.03995473085725],[-114.15273182809958,51.04088154611127],[-114.15273545228551,51.041520234379234],[-114.1512236415816,51.04151044025033],[-114.14979622147095,51.04152054860811],[-114.14838424535598,51.04151303000544],[-114.14835273813569,51.03970432751911],[-114.1483817560296,51.038535739385274]]]]}},{"type":"Feature","properties":{"DGUID":"2021S051248060151","DAUID":"48060151","LANDAREA":0.1133,"PRUID":"48","fed_num":"48013","da_code":"48060151","geo_name":"48060151","name_source":{"label":"Statistics Canada Census Profile 2021 DA WDS","url":"https://www12.statcan.gc.ca/wds-sdw/2021profile-profil2021-eng.cfm"},"population":578,"status":"ok","source":{"label":"Statistics Canada Census Profile 2021 DA WDS","url":"https://www12.statcan.gc.ca/wds-sdw/2021profile-profil2021-eng.cfm"},"community_name":"Calgary","community_source":{"label":"Statistics Canada 2021 census subdivision boundaries (spatial lookup)","url":"https://geo.statcan.gc.ca/geo_wa/rest/services/2021/Cartographic_boundary_files/MapServer/9"},"community_display":"Calgary","is_unorganized":false,"panel_title":"Calgary","display_label":"Calgary","map_label":"48060151"},"geometry":{"type":"MultiPolygon","coordinates":[[[[-114.15272602751463,51.0433010397084],[-114.15273545228551,51.041520234379234],[-114.15273182809958,51.04088154611127],[-114.15271735154461,51.03995473085725],[-114.15271793293209,51.03971195656644],[-114.15271474349572,51.039531950941814],[-114.15272641819058,51.03887563754549],[-114.15286265603427,51.03781754781239],[-114.15411793690862,51.03782113661825],[-114.15580106436565,51.03782614179905],[-114.15582335655235,51.038627253984274],[-114.15583385007757,51.04031855318007],[-114.15582532394575,51.041154845531224],[-114.15573254346225,51.04197116028219],[-114.15416264438569,51.04197784884067],[-114.15405914112777,51.042038253093956],[-114.15403782629737,51.043315064080886],[-114.15272602751463,51.0433010397084]]]]}},{"type":"Feature","properties":{"DGUID":"2021S051248060152","DAUID":"48060152","LANDAREA":0.1087,"PRUID":"48","fed_num":"48013","da_code":"48060152","geo_name":"48060152","name_source":{"label":"Statistics Canada Census Profile 2021 DA WDS","url":"https://www12.statcan.gc.ca/wds-sdw/2021profile-profil2021-eng.cfm"},"population":303,"status":"ok","source":{"label":"Statistics Canada Census Profile 2021 DA WDS","url":"https://www12.statcan.gc.ca/wds-sdw/2021profile-profil2021-eng.cfm"},"community_name":"Calgary","community_source":{"label":"Statistics Canada 2021 census subdivision boundaries (spatial lookup)","url":"https://geo.statcan.gc.ca/geo_wa/rest/services/2021/Cartographic_boundary_files/MapServer/9"},"community_display":"Calgary","is_unorganized":false,"panel_title":"Calgary","display_label":"Calgary","map_label":"48060152"},"geometry":{"type":"MultiPolygon","coordinates":[[[[-114.15583385007757,51.04031855318007],[-114.15582335655235,51.038627253984274],[-114.1570785473603,51.03863083260881],[-114.15957374974367,51.038655546360225],[-114.16183915556273,51.039870947895906],[-114.16220675430405,51.04015873451193],[-114.1612746264063,51.04070274854704],[-114.16024394300776,51.0412263500358],[-114.15921363299164,51.04174106160488],[-114.15809383834296,51.04115613722096],[-114.15582532394575,51.041154845531224],[-114.15583385007757,51.04031855318007]]]]}},{"type":"Feature","properties":{"DGUID":"2021S051248060153","DAUID":"48060153","LANDAREA":0.3072,"PRUID":"48","fed_num":"48013","da_code":"48060153","geo_name":"48060153","name_source":{"label":"Statistics Canada Census Profile 2021 DA WDS","url":"https://www12.statcan.gc.ca/wds-sdw/2021profile-profil2021-eng.cfm"},"population":584,"status":"ok","source":{"label":"Statistics Canada Census Profile 2021 DA WDS","url":"https://www12.statcan.gc.ca/wds-sdw/2021profile-profil2021-eng.cfm"},"community_name":"Calgary","community_source":{"label":"Statistics Canada 2021 census subdivision boundaries (spatial lookup)","url":"https://geo.statcan.gc.ca/geo_wa/rest/services/2021/Cartographic_boundary_files/MapServer/9"},"community_display":"Calgary","is_unorganized":false,"panel_title":"Calgary","display_label":"Calgary","map_label":"48060153"},"geometry":{"type":"MultiPolygon","coordinates":[[[[-114.15998842714579,51.04516884884888],[-114.15782445154065,51.04508924239519],[-114.15658321661127,51.04508604718679],[-114.1553283230857,51.0450734491519],[-114.15405872066715,51.04506945868865],[-114.15273202857891,51.045064141622966],[-114.15272602751463,51.0433010397084],[-114.15403782629737,51.043315064080886],[-114.15405914112777,51.042038253093956],[-114.15416264438569,51.04197784884067],[-114.15573254346225,51.04197116028219],[-114.15582532394575,51.041154845531224],[-114.15809383834296,51.04115613722096],[-114.15921363299164,51.04174106160488],[-114.16024394300776,51.0412263500358],[-114.1612746264063,51.04070274854704],[-114.16220675430405,51.04015873451193],[-114.16391346294492,51.04141456150337],[-114.16388534258093,51.04327574607455],[-114.16391046021565,51.04403195728478],[-114.16258373057364,51.044026648709725],[-114.16257763914619,51.044827049134675],[-114.16254142679107,51.04518596617137],[-114.16128603033435,51.045182455855304],[-114.15998842714579,51.04516884884888]]]]}},{"type":"Feature","properties":{"DGUID":"2021S051248060154","DAUID":"48060154","LANDAREA":0.2295,"PRUID":"48","fed_num":"48013","da_code":"48060154","geo_name":"48060154","name_source":{"label":"Statistics Canada Census Profile 2021 DA WDS","url":"https://www12.statcan.gc.ca/wds-sdw/2021profile-profil2021-eng.cfm"},"population":392,"status":"ok","source":{"label":"Statistics Canada Census Profile 2021 DA WDS","url":"https://www12.statcan.gc.ca/wds-sdw/2021profile-profil2021-eng.cfm"},"community_name":"Calgary","community_source":{"label":"Statistics Canada 2021 census subdivision boundaries (spatial lookup)","url":"https://geo.statcan.gc.ca/geo_wa/rest/services/2021/Cartographic_boundary_files/MapServer/9"},"community_display":"Calgary","is_unorganized":false,"panel_title":"Calgary","display_label":"Calgary","map_label":"48060154"},"geometry":{"type":"MultiPolygon","coordinates":[[[[-114.16347003535165,51.0521704693132],[-114.16076821389704,51.05131326418423],[-114.15742473040702,51.05027703893569],[-114.15380803791011,51.04915596862968],[-114.15282773526475,51.04885324599772],[-114.1528075473626,51.048717867218],[-114.15272121981828,51.047798267665286],[-114.15272272996349,51.04661105269067],[-114.15272743533208,51.04583754197194],[-114.15273202857891,51.045064141622966],[-114.15405872066715,51.04506945868865],[-114.15407433283173,51.04760635890508],[-114.1547027225417,51.048296371404184],[-114.15411724140026,51.049001650398225],[-114.15760513207678,51.05006695375859],[-114.16222714822912,51.051492663781595],[-114.16330552852199,51.05182465835261],[-114.16386805425348,51.05102887174042],[-114.16389885426764,51.050291961322586],[-114.16388295014406,51.04938307524009],[-114.16273663045048,51.04899557186309],[-114.16391393625281,51.047477058797256],[-114.16388493435845,51.04631594859339],[-114.16257303357953,51.04630205254884],[-114.16259186461537,51.0455289617657],[-114.16254142679107,51.04518596617137],[-114.16257763914619,51.044827049134675],[-114.16258373057364,51.044026648709725],[-114.16391046021565,51.04403195728478],[-114.16388534258093,51.04327574607455],[-114.16391346294492,51.04141456150337],[-114.16220675430405,51.04015873451193],[-114.16183915556273,51.039870947895906],[-114.15957374974367,51.038655546360225],[-114.1570785473603,51.03863083260881],[-114.15582335655235,51.038627253984274],[-114.15580106436565,51.03782614179905],[-114.15659987013049,51.03782764752214],[-114.15812525687446,51.03784684513912],[-114.15841505409541,51.037772946735714],[-114.16045326177587,51.03780443870255],[-114.1616657581507,51.03780694094544],[-114.1631357541638,51.03779775537164],[-114.1637635678869,51.03779503986855],[-114.16389844441166,51.037690444272656],[-114.16416972217787,51.03780898561567],[-114.164172254087,51.03928003629025],[-114.16418095054333,51.039837947537926],[-114.16416992999388,51.0400175489667],[-114.16417925325052,51.040566446113054],[-114.16423055152015,51.042996241720765],[-114.16421637190282,51.044990543221765],[-114.16420691040004,51.046318213060104],[-114.16416663295885,51.05198047569468],[-114.1641628362439,51.05227727214978],[-114.16416661366692,51.0524482625974],[-114.16347003535165,51.0521704693132]]]]}},{"type":"Feature","properties":{"DGUID":"2021S051248060155","DAUID":"48060155","LANDAREA":0.1306,"PRUID":"48","fed_num":"48013","da_code":"48060155","geo_name":"48060155","name_source":{"label":"Statistics Canada Census Profile 2021 DA WDS","url":"https://www12.statcan.gc.ca/wds-sdw/2021profile-profil2021-eng.cfm"},"population":415,"status":"ok","source":{"label":"Statistics Canada Census Profile 2021 DA WDS","url":"https://www12.statcan.gc.ca/wds-sdw/2021profile-profil2021-eng.cfm"},"community_name":"Calgary","community_source":{"label":"Statistics Canada 2021 census subdivision boundaries (spatial lookup)","url":"https://geo.statcan.gc.ca/geo_wa/rest/services/2021/Cartographic_boundary_files/MapServer/9"},"community_display":"Calgary","is_unorganized":false,"panel_title":"Calgary","display_label":"Calgary","map_label":"48060155"},"geometry":{"type":"MultiPolygon","coordinates":[[[[-114.16041033868994,51.04830036799342],[-114.15812695122365,51.047606154029545],[-114.15757052500668,51.04830317496668],[-114.15563722110548,51.0477164643555],[-114.15534141804667,51.04742135659989],[-114.1553283230857,51.0450734491519],[-114.15658321661127,51.04508604718679],[-114.15782445154065,51.04508924239519],[-114.15998842714579,51.04516884884888],[-114.16128603033435,51.045182455855304],[-114.1612867536933,51.04726925814961],[-114.16052761788188,51.04824915268063],[-114.16041033868994,51.04830036799342]]]]}},{"type":"Feature","properties":{"DGUID":"2021S051248060156","DAUID":"48060156","LANDAREA":0.1027,"PRUID":"48","fed_num":"48013","da_code":"48060156","geo_name":"48060156","name_source":{"label":"Statistics Canada Census Profile 2021 DA WDS","url":"https://www12.statcan.gc.ca/wds-sdw/2021profile-profil2021-eng.cfm"},"population":325,"status":"ok","source":{"label":"Statistics Canada Census Profile 2021 DA WDS","url":"https://www12.statcan.gc.ca/wds-sdw/2021profile-profil2021-eng.cfm"},"community_name":"Calgary","community_source":{"label":"Statistics Canada 2021 census subdivision boundaries (spatial lookup)","url":"https://geo.statcan.gc.ca/geo_wa/rest/services/2021/Cartographic_boundary_files/MapServer/9"},"community_display":"Calgary","is_unorganized":false,"panel_title":"Calgary","display_label":"Calgary","map_label":"48060156"},"geometry":{"type":"MultiPolygon","coordinates":[[[[-114.161086427948,51.049378162364206],[-114.15757052500668,51.04830317496668],[-114.15812695122365,51.047606154029545],[-114.16041033868994,51.04830036799342],[-114.16052761788188,51.04824915268063],[-114.1612867536933,51.04726925814961],[-114.16128603033435,51.045182455855304],[-114.16254142679107,51.04518596617137],[-114.16259186461537,51.0455289617657],[-114.16257303357953,51.04630205254884],[-114.16388493435845,51.04631594859339],[-114.16391393625281,51.047477058797256],[-114.16273663045048,51.04899557186309],[-114.16388295014406,51.04938307524009],[-114.16389885426764,51.050291961322586],[-114.161086427948,51.049378162364206]]]]}},{"type":"Feature","properties":{"DGUID":"2021S051248060157","DAUID":"48060157","LANDAREA":0.1517,"PRUID":"48","fed_num":"48013","da_code":"48060157","geo_name":"48060157","name_source":{"label":"Statistics Canada Census Profile 2021 DA WDS","url":"https://www12.statcan.gc.ca/wds-sdw/2021profile-profil2021-eng.cfm"},"population":542,"status":"ok","source":{"label":"Statistics Canada Census Profile 2021 DA WDS","url":"https://www12.statcan.gc.ca/wds-sdw/2021profile-profil2021-eng.cfm"},"community_name":"Calgary","community_source":{"label":"Statistics Canada 2021 census subdivision boundaries (spatial lookup)","url":"https://geo.statcan.gc.ca/geo_wa/rest/services/2021/Cartographic_boundary_files/MapServer/9"},"community_display":"Calgary","is_unorganized":false,"panel_title":"Calgary","display_label":"Calgary","map_label":"48060157"},"geometry":{"type":"MultiPolygon","coordinates":[[[[-114.15407433283173,51.04760635890508],[-114.15405872066715,51.04506945868865],[-114.1553283230857,51.0450734491519],[-114.15534141804667,51.04742135659989],[-114.15563722110548,51.0477164643555],[-114.15757052500668,51.04830317496668],[-114.161086427948,51.049378162364206],[-114.16389885426764,51.050291961322586],[-114.16386805425348,51.05102887174042],[-114.16330552852199,51.05182465835261],[-114.16222714822912,51.051492663781595],[-114.15760513207678,51.05006695375859],[-114.15411724140026,51.049001650398225],[-114.1547027225417,51.048296371404184],[-114.15407433283173,51.04760635890508]]]]}},{"type":"Feature","properties":{"DGUID":"2021S051248060160","DAUID":"48060160","LANDAREA":0.3322,"PRUID":"48","fed_num":"48013","da_code":"48060160","geo_name":"48060160","name_source":{"label":"Statistics Canada Census Profile 2021 DA WDS","url":"https://www12.statcan.gc.ca/wds-sdw/2021profile-profil2021-eng.cfm"},"population":749,"status":"ok","source":{"label":"Statistics Canada Census Profile 2021 DA WDS","url":"https://www12.statcan.gc.ca/wds-sdw/2021profile-profil2021-eng.cfm"},"community_name":"Calgary","community_source":{"label":"Statistics Canada 2021 census subdivision boundaries (spatial lookup)","url":"https://geo.statcan.gc.ca/geo_wa/rest/services/2021/Cartographic_boundary_files/MapServer/9"},"community_display":"Calgary","is_unorganized":false,"panel_title":"Calgary","display_label":"Calgary","map_label":"48060160"},"geometry":{"type":"MultiPolygon","coordinates":[[[[-114.16970483178889,51.0498571619168],[-114.16969213954941,51.049128270996576],[-114.16915075540447,51.04911516192698],[-114.16834674007049,51.048960756156184],[-114.16787164217622,51.04903016564626],[-114.1677455642096,51.04875727170886],[-114.1677916375373,51.0484705630343],[-114.16808813091562,51.0478211640041],[-114.16845693983839,51.04715547726831],[-114.16861914916542,51.04683557431684],[-114.16862292540992,51.04607115979559],[-114.168627002194,51.045463799732836],[-114.16863174354975,51.04475815204831],[-114.16863555845434,51.04422755586125],[-114.16976276548199,51.04422785096369],[-114.16978306016154,51.04366165882434],[-114.16995725779249,51.04337805448111],[-114.1703435611519,51.04312656871027],[-114.17058906538578,51.04307855513573],[-114.17164003821304,51.04292415162184],[-114.17216445727263,51.04274795228782],[-114.1725024636842,51.042351349596764],[-114.17251775603057,51.04209986336868],[-114.17366355831663,51.042262553067175],[-114.173904666421,51.042286350120655],[-114.17419785452068,51.04239236106499],[-114.17501764046882,51.04252015938705],[-114.17513047852759,51.04254086168745],[-114.17489606236236,51.04287705445716],[-114.17474264385932,51.04305317101791],[-114.17395465780213,51.04357386734429],[-114.17334485994257,51.043981855603185],[-114.17317556320886,51.04418455230981],[-114.17304516015052,51.04445126285662],[-114.17303858088098,51.04455907321437],[-114.17301127472346,51.04477426464018],[-114.17313616502123,51.045065170797955],[-114.17356917463165,51.04545336295101],[-114.17317026636879,51.04567757275588],[-114.17249786296662,51.04594016059696],[-114.17198496774587,51.04569387009059],[-114.1716900752221,51.04561477227107],[-114.17130434102731,51.04562345951215],[-114.17110106721935,51.04568146105975],[-114.17098044600196,51.04578647196306],[-114.17106815005529,51.04622037550062],[-114.1712325518169,51.046332264322345],[-114.17204365551898,51.046603775829766],[-114.17211324538334,51.04686627419346],[-114.17234235507219,51.04708777473584],[-114.17260485491374,51.04722897785236],[-114.17316763651206,51.0473595680558],[-114.17406317093331,51.04741716980886],[-114.17443467549343,51.04740817549736],[-114.17501113730387,51.04731416782039],[-114.17562496848669,51.04731105522757],[-114.17641577656391,51.047447175859645],[-114.17739344709551,51.04779458428249],[-114.17757694523935,51.04759218283945],[-114.17800383962772,51.047143668238924],[-114.17889654945779,51.04748007602533],[-114.18049355254828,51.047734584027104],[-114.18032324274692,51.048189173880544],[-114.18012713337939,51.04836426685348],[-114.17965425761965,51.04863177117124],[-114.17934685064569,51.04875927078381],[-114.17720194529707,51.04930106706044],[-114.17631904083285,51.04950457648943],[-114.17564604088119,51.049542270215426],[-114.17447656135539,51.04953197286864],[-114.17426286121459,51.04952678101326],[-114.17307794465272,51.04953407818164],[-114.17239235134444,51.049544483472545],[-114.17207565475816,51.0495907797721],[-114.17102555684025,51.04972726187005],[-114.1708107596745,51.049740058641675],[-114.16970483178889,51.0498571619168]]]]}},{"type":"Feature","properties":{"DGUID":"2021S051248060161","DAUID":"48060161","LANDAREA":0.0928,"PRUID":"48","fed_num":"48013","da_code":"48060161","geo_name":"48060161","name_source":{"label":"Statistics Canada Census Profile 2021 DA WDS","url":"https://www12.statcan.gc.ca/wds-sdw/2021profile-profil2021-eng.cfm"},"population":289,"status":"ok","source":{"label":"Statistics Canada Census Profile 2021 DA WDS","url":"https://www12.statcan.gc.ca/wds-sdw/2021profile-profil2021-eng.cfm"},"community_name":"Calgary","community_source":{"label":"Statistics Canada 2021 census subdivision boundaries (spatial lookup)","url":"https://geo.statcan.gc.ca/geo_wa/rest/services/2021/Cartographic_boundary_files/MapServer/9"},"community_display":"Calgary","is_unorganized":false,"panel_title":"Calgary","display_label":"Calgary","map_label":"48060161"},"geometry":{"type":"MultiPolygon","coordinates":[[[[-114.1712325518169,51.046332264322345],[-114.17106815005529,51.04622037550062],[-114.17098044600196,51.04578647196306],[-114.17110106721935,51.04568146105975],[-114.17130434102731,51.04562345951215],[-114.1716900752221,51.04561477227107],[-114.17198496774587,51.04569387009059],[-114.17249786296662,51.04594016059696],[-114.17317026636879,51.04567757275588],[-114.17356917463165,51.04545336295101],[-114.17416365231688,51.04506307057558],[-114.17452804719177,51.04493688041783],[-114.17491657043941,51.04488337062449],[-114.17561145317792,51.04495415839389],[-114.17697876023675,51.04546387183044],[-114.17718536236372,51.04558585766388],[-114.1773717685688,51.04580617894783],[-114.17746926337955,51.046078362367325],[-114.1773991475338,51.04629257974138],[-114.17698555830405,51.04675926510551],[-114.17800383962772,51.047143668238924],[-114.17757694523935,51.04759218283945],[-114.17739344709551,51.04779458428249],[-114.17641577656391,51.047447175859645],[-114.17562496848669,51.04731105522757],[-114.17501113730387,51.04731416782039],[-114.17443467549343,51.04740817549736],[-114.17406317093331,51.04741716980886],[-114.17316763651206,51.0473595680558],[-114.17260485491374,51.04722897785236],[-114.17234235507219,51.04708777473584],[-114.17211324538334,51.04686627419346],[-114.17204365551898,51.046603775829766],[-114.1712325518169,51.046332264322345]]]]}},{"type":"Feature","properties":{"DGUID":"2021S051248060162","DAUID":"48060162","LANDAREA":0.1938,"PRUID":"48","fed_num":"48013","da_code":"48060162","geo_name":"48060162","name_source":{"label":"Statistics Canada Census Profile 2021 DA WDS","url":"https://www12.statcan.gc.ca/wds-sdw/2021profile-profil2021-eng.cfm"},"population":383,"status":"ok","source":{"label":"Statistics Canada Census Profile 2021 DA WDS","url":"https://www12.statcan.gc.ca/wds-sdw/2021profile-profil2021-eng.cfm"},"community_name":"Calgary","community_source":{"label":"Statistics Canada 2021 census subdivision boundaries (spatial lookup)","url":"https://geo.statcan.gc.ca/geo_wa/rest/services/2021/Cartographic_boundary_files/MapServer/9"},"community_display":"Calgary","is_unorganized":false,"panel_title":"Calgary","display_label":"Calgary","map_label":"48060162"},"geometry":{"type":"MultiPolygon","coordinates":[[[[-114.17491657043941,51.04488337062449],[-114.17452804719177,51.04493688041783],[-114.17416365231688,51.04506307057558],[-114.17356917463165,51.04545336295101],[-114.17313616502123,51.045065170797955],[-114.17301127472346,51.04477426464018],[-114.17303858088098,51.04455907321437],[-114.17304516015052,51.04445126285662],[-114.17317556320886,51.04418455230981],[-114.17334485994257,51.043981855603185],[-114.17395465780213,51.04357386734429],[-114.17474264385932,51.04305317101791],[-114.17489606236236,51.04287705445716],[-114.17513047852759,51.04254086168745],[-114.17528617711496,51.04256267148656],[-114.17643137364426,51.04273426231142],[-114.17672836762927,51.042777453572604],[-114.17787364327384,51.042949067873586],[-114.1790293457667,51.04318386803408],[-114.17969905836273,51.04343387008576],[-114.18015445859125,51.04368765585907],[-114.18053484879981,51.044002774495745],[-114.18185134276453,51.045113862011796],[-114.18227664423848,51.0453939607877],[-114.18209805964233,51.04551556066981],[-114.1812258509909,51.0462500627964],[-114.18098864021135,51.04663117530995],[-114.18089555813107,51.04675475872616],[-114.1806553389712,51.0473402340395],[-114.18049355254828,51.047734584027104],[-114.17889654945779,51.04748007602533],[-114.17800383962772,51.047143668238924],[-114.17698555830405,51.04675926510551],[-114.1773991475338,51.04629257974138],[-114.17746926337955,51.046078362367325],[-114.1773717685688,51.04580617894783],[-114.17718536236372,51.04558585766388],[-114.17697876023675,51.04546387183044],[-114.17561145317792,51.04495415839389],[-114.17491657043941,51.04488337062449]]]]}},{"type":"Feature","properties":{"DGUID":"2021S051248060163","DAUID":"48060163","LANDAREA":0.287,"PRUID":"48","fed_num":"48013","da_code":"48060163","geo_name":"48060163","name_source":{"label":"Statistics Canada Census Profile 2021 DA WDS","url":"https://www12.statcan.gc.ca/wds-sdw/2021profile-profil2021-eng.cfm"},"population":721,"status":"ok","source":{"label":"Statistics Canada Census Profile 2021 DA WDS","url":"https://www12.statcan.gc.ca/wds-sdw/2021profile-profil2021-eng.cfm"},"community_name":"Calgary","community_source":{"label":"Statistics Canada 2021 census subdivision boundaries (spatial lookup)","url":"https://geo.statcan.gc.ca/geo_wa/rest/services/2021/Cartographic_boundary_files/MapServer/9"},"community_display":"Calgary","is_unorganized":false,"panel_title":"Calgary","display_label":"Calgary","map_label":"48060163"},"geometry":{"type":"MultiPolygon","coordinates":[[[[-114.17472948513526,51.05233491652167],[-114.17170879607725,51.05239844082825],[-114.16868403066924,51.052390985772924],[-114.16808594636194,51.05247443916269],[-114.1673023947363,51.052601520858964],[-114.16754822902988,51.05222446239939],[-114.16772255250733,51.05147315621705],[-114.16771643077423,51.05133807903286],[-114.1680447563252,51.0506354688566],[-114.16893373681766,51.05080088026637],[-114.17021676438728,51.051056868300684],[-114.17052146005236,51.05120816452311],[-114.17103995903267,51.051598468904444],[-114.17143075014093,51.05174286441197],[-114.17181275955586,51.051797178064795],[-114.17250053033203,51.05175076901564],[-114.17308255799124,51.051566978496474],[-114.17364266382393,51.05127477884146],[-114.17401095436595,51.05178738081659],[-114.17459464266024,51.0518104727006],[-114.17555986016733,51.05166297965066],[-114.17661316241237,51.05147256903293],[-114.17630885627983,51.050844565713284],[-114.1774104494531,51.05056538918898],[-114.17782375160196,51.05127697770808],[-114.17936716480291,51.05124227717223],[-114.1801672631866,51.05099177263907],[-114.18041816655683,51.0508538859234],[-114.18087023791591,51.05046008207841],[-114.17991103985638,51.05004108201143],[-114.17900944985502,51.04961457686859],[-114.17777474805419,51.04997148282649],[-114.17758567415773,51.05002988506907],[-114.17722224412897,51.049436489763664],[-114.17720194529707,51.04930106706044],[-114.17934685064569,51.04875927078381],[-114.17965425761965,51.04863177117124],[-114.18012713337939,51.04836426685348],[-114.18032324274692,51.048189173880544],[-114.18049355254828,51.047734584027104],[-114.1806553389712,51.0473402340395],[-114.18089555813107,51.04675475872616],[-114.18098864021135,51.04663117530995],[-114.1812258509909,51.0462500627964],[-114.18209805964233,51.04551556066981],[-114.18227664423848,51.0453939607877],[-114.18240106465615,51.0454599554358],[-114.18274695900541,51.045639179732746],[-114.18551587102111,51.04680327481465],[-114.18600257401559,51.047012882355666],[-114.1858053709753,51.047206072345396],[-114.1845562755833,51.048507170436935],[-114.18199626169844,51.05165647888412],[-114.18165605961612,51.052089069479834],[-114.18158457563177,51.05217714211386],[-114.18154907278863,51.05222087525019],[-114.18150152992658,51.05228317365263],[-114.18028477280005,51.052109886875506],[-114.17927415654559,51.05206747711821],[-114.17883073576367,51.05208378105212],[-114.17822519347385,51.052167505400554],[-114.17773298984645,51.051983284122834],[-114.17742128224751,51.051866599567646],[-114.17565570361265,51.05215417985157],[-114.17472948513526,51.05233491652167]]]]}},{"type":"Feature","properties":{"DGUID":"2021S051248060165","DAUID":"48060165","LANDAREA":0.4045,"PRUID":"48","fed_num":"48013","da_code":"48060165","geo_name":"48060165","name_source":{"label":"Statistics Canada Census Profile 2021 DA WDS","url":"https://www12.statcan.gc.ca/wds-sdw/2021profile-profil2021-eng.cfm"},"population":733,"status":"ok","source":{"label":"Statistics Canada Census Profile 2021 DA WDS","url":"https://www12.statcan.gc.ca/wds-sdw/2021profile-profil2021-eng.cfm"},"community_name":"Calgary","community_source":{"label":"Statistics Canada 2021 census subdivision boundaries (spatial lookup)","url":"https://geo.statcan.gc.ca/geo_wa/rest/services/2021/Cartographic_boundary_files/MapServer/9"},"community_display":"Calgary","is_unorganized":false,"panel_title":"Calgary","display_label":"Calgary","map_label":"48060165"},"geometry":{"type":"MultiPolygon","coordinates":[[[[-114.17677183593398,51.05636949582776],[-114.17619572885428,51.05645447870872],[-114.17561154717136,51.05667428957766],[-114.17467484279175,51.05705638016051],[-114.1740905511749,51.05704217168762],[-114.17340645879858,51.05679178231239],[-114.17244605592603,51.056390789417364],[-114.17046353964412,51.05566817699468],[-114.16931903760256,51.05524466811268],[-114.16913053475305,51.05506018477906],[-114.16901042624427,51.05492236810229],[-114.16883064018327,51.054594177887246],[-114.16540100385212,51.05375945922359],[-114.16533342470355,51.05320517077583],[-114.16438804925838,51.05256156843315],[-114.16416661366692,51.0524482625974],[-114.1641628362439,51.05227727214978],[-114.16438533822249,51.052138656415536],[-114.16496806298649,51.05211802699676],[-114.1673023947363,51.052601520858964],[-114.16808594636194,51.05247443916269],[-114.16868403066924,51.052390985772924],[-114.17170879607725,51.05239844082825],[-114.17472948513526,51.05233491652167],[-114.17565570361265,51.05215417985157],[-114.17742128224751,51.051866599567646],[-114.17773298984645,51.051983284122834],[-114.17822519347385,51.052167505400554],[-114.17883073576367,51.05208378105212],[-114.17927415654559,51.05206747711821],[-114.18028477280005,51.052109886875506],[-114.18150152992658,51.05228317365263],[-114.18105335011218,51.052848069821074],[-114.17847425730767,51.05606888972373],[-114.17813443144821,51.05649238798698],[-114.17805663976394,51.056598387167845],[-114.17721525229538,51.056353185383095],[-114.17694444735768,51.05634669344343],[-114.17677183593398,51.05636949582776]]]]}},{"type":"Feature","properties":{"DGUID":"2021S051248060166","DAUID":"48060166","LANDAREA":0.3165,"PRUID":"48","fed_num":"48013","da_code":"48060166","geo_name":"48060166","name_source":{"label":"Statistics Canada Census Profile 2021 DA WDS","url":"https://www12.statcan.gc.ca/wds-sdw/2021profile-profil2021-eng.cfm"},"population":561,"status":"ok","source":{"label":"Statistics Canada Census Profile 2021 DA WDS","url":"https://www12.statcan.gc.ca/wds-sdw/2021profile-profil2021-eng.cfm"},"community_name":"Calgary","community_source":{"label":"Statistics Canada 2021 census subdivision boundaries (spatial lookup)","url":"https://geo.statcan.gc.ca/geo_wa/rest/services/2021/Cartographic_boundary_files/MapServer/9"},"community_display":"Calgary","is_unorganized":false,"panel_title":"Calgary","display_label":"Calgary","map_label":"48060166"},"geometry":{"type":"MultiPolygon","coordinates":[[[[-114.17847425730767,51.05606888972373],[-114.18105335011218,51.052848069821074],[-114.18150152992658,51.05228317365263],[-114.18154907278863,51.05222087525019],[-114.18158457563177,51.05217714211386],[-114.18165605961612,51.052089069479834],[-114.18199626169844,51.05165647888412],[-114.1845562755833,51.048507170436935],[-114.1858053709753,51.047206072345396],[-114.18600257401559,51.047012882355666],[-114.18618334786379,51.0470891826524],[-114.18647667362193,51.047195280797716],[-114.18700886972194,51.04736096588889],[-114.18764736405186,51.04765518254596],[-114.18766186885729,51.0495353753555],[-114.18764566274866,51.050272579107435],[-114.1876350575474,51.05115378554815],[-114.1876694719909,51.052233992385624],[-114.18765930971382,51.05249333683317],[-114.18765983830849,51.052629581566976],[-114.18765733439258,51.053376085362885],[-114.18687194659393,51.05338408551719],[-114.18516526675806,51.053522872406404],[-114.18459863399352,51.05368908152334],[-114.1835371438761,51.05424817595543],[-114.18318474209973,51.05441058462733],[-114.18280713766364,51.054518379310124],[-114.18242084542435,51.05476999528491],[-114.18271476479833,51.05510087518556],[-114.18309426319138,51.05590148400018],[-114.18243827079075,51.05612859535307],[-114.18201125438239,51.056343089181055],[-114.18161395123737,51.05654039445919],[-114.18101765162551,51.05672388435448],[-114.17982765289416,51.05681209733849],[-114.17898794378502,51.056773886319405],[-114.1786190517987,51.05673799745744],[-114.178253444105,51.05664819977593],[-114.17805663976394,51.056598387167845],[-114.17813443144821,51.05649238798698],[-114.17847425730767,51.05606888972373]]]]}},{"type":"Feature","properties":{"DGUID":"2021S051248060167","DAUID":"48060167","LANDAREA":0.1202,"PRUID":"48","fed_num":"48013","da_code":"48060167","geo_name":"48060167","name_source":{"label":"Statistics Canada Census Profile 2021 DA WDS","url":"https://www12.statcan.gc.ca/wds-sdw/2021profile-profil2021-eng.cfm"},"population":405,"status":"ok","source":{"label":"Statistics Canada Census Profile 2021 DA WDS","url":"https://www12.statcan.gc.ca/wds-sdw/2021profile-profil2021-eng.cfm"},"community_name":"Calgary","community_source":{"label":"Statistics Canada 2021 census subdivision boundaries (spatial lookup)","url":"https://geo.statcan.gc.ca/geo_wa/rest/services/2021/Cartographic_boundary_files/MapServer/9"},"community_display":"Calgary","is_unorganized":false,"panel_title":"Calgary","display_label":"Calgary","map_label":"48060167"},"geometry":{"type":"MultiPolygon","coordinates":[[[[-114.18388404387669,51.057467700542915],[-114.18373144399219,51.0566903821729],[-114.18442035762874,51.05662609084045],[-114.18504683933729,51.05665017969556],[-114.18545493237696,51.05580548546849],[-114.18495943093956,51.05573958669857],[-114.18418933337564,51.05573008569462],[-114.18309426319138,51.05590148400018],[-114.18271476479833,51.05510087518556],[-114.18242084542435,51.05476999528491],[-114.18280713766364,51.054518379310124],[-114.18318474209973,51.05441058462733],[-114.1835371438761,51.05424817595543],[-114.18459863399352,51.05368908152334],[-114.18516526675806,51.053522872406404],[-114.18687194659393,51.05338408551719],[-114.18765733439258,51.053376085362885],[-114.18765938535684,51.053801880044865],[-114.18766156042759,51.05424858814264],[-114.18766417101818,51.05514819412683],[-114.18765493342379,51.055534685107595],[-114.18770217268047,51.05633664989157],[-114.18754484858374,51.05711507856791],[-114.18690693235797,51.057279690379865],[-114.18657095048908,51.05740649588974],[-114.1862793338913,51.057507386589435],[-114.185300035846,51.05788859357713],[-114.18492433134651,51.057492781749644],[-114.18388404387669,51.057467700542915]]]]}},{"type":"Feature","properties":{"DGUID":"2021S051248060168","DAUID":"48060168","LANDAREA":0.2197,"PRUID":"48","fed_num":"48013","da_code":"48060168","geo_name":"48060168","name_source":{"label":"Statistics Canada Census Profile 2021 DA WDS","url":"https://www12.statcan.gc.ca/wds-sdw/2021profile-profil2021-eng.cfm"},"population":741,"status":"ok","source":{"label":"Statistics Canada Census Profile 2021 DA WDS","url":"https://www12.statcan.gc.ca/wds-sdw/2021profile-profil2021-eng.cfm"},"community_name":"Calgary","community_source":{"label":"Statistics Canada 2021 census subdivision boundaries (spatial lookup)","url":"https://geo.statcan.gc.ca/geo_wa/rest/services/2021/Cartographic_boundary_files/MapServer/9"},"community_display":"Calgary","is_unorganized":false,"panel_title":"Calgary","display_label":"Calgary","map_label":"48060168"},"geometry":{"type":"MultiPolygon","coordinates":[[[[-114.17973464538686,51.05998499553495],[-114.17916674108484,51.05970138233702],[-114.1781547295115,51.05920928975585],[-114.17775835124665,51.05892089400708],[-114.17753033297194,51.0586814892285],[-114.17731535977396,51.05822658594994],[-114.17727692996317,51.057919797439915],[-114.17735255713484,51.05761577765985],[-114.17756234632242,51.057216098521444],[-114.17805663976394,51.056598387167845],[-114.178253444105,51.05664819977593],[-114.1786190517987,51.05673799745744],[-114.17898794378502,51.056773886319405],[-114.17982765289416,51.05681209733849],[-114.18101765162551,51.05672388435448],[-114.18161395123737,51.05654039445919],[-114.18201125438239,51.056343089181055],[-114.18243827079075,51.05612859535307],[-114.18309426319138,51.05590148400018],[-114.18418933337564,51.05573008569462],[-114.18495943093956,51.05573958669857],[-114.18545493237696,51.05580548546849],[-114.18504683933729,51.05665017969556],[-114.18442035762874,51.05662609084045],[-114.18373144399219,51.0566903821729],[-114.18388404387669,51.057467700542915],[-114.18492433134651,51.057492781749644],[-114.185300035846,51.05788859357713],[-114.1862793338913,51.057507386589435],[-114.18657095048908,51.05740649588974],[-114.18690693235797,51.057279690379865],[-114.18754484858374,51.05711507856791],[-114.18771235716778,51.0578836794925],[-114.18771225985412,51.057897286497976],[-114.18770889722951,51.05828975511052],[-114.18496431347405,51.05916123978768],[-114.18408022590326,51.05951591604915],[-114.1840595597062,51.05951368402255],[-114.18385025514725,51.05967058055929],[-114.18323644886422,51.06014148380519],[-114.18290474485262,51.059962587879504],[-114.1825450317044,51.05977400482954],[-114.18214216063208,51.05959339116066],[-114.18194855673977,51.05948980156568],[-114.18155603920897,51.05937240518011],[-114.18146942900322,51.05938830190949],[-114.18114223320863,51.059605195988155],[-114.18080745781455,51.0599478841817],[-114.18139182985817,51.06019589654069],[-114.18175095689827,51.06039349119174],[-114.18247085506424,51.06076160014552],[-114.1828721408659,51.06096919926111],[-114.18279544812933,51.06105728862856],[-114.18257173156837,51.061213784282096],[-114.18243754250585,51.061309484933915],[-114.17988762627955,51.060051693870776],[-114.17973464538686,51.05998499553495]]]]}},{"type":"Feature","properties":{"DGUID":"2021S051248060169","DAUID":"48060169","LANDAREA":0.0778,"PRUID":"48","fed_num":"48013","da_code":"48060169","geo_name":"48060169","name_source":{"label":"Statistics Canada Census Profile 2021 DA WDS","url":"https://www12.statcan.gc.ca/wds-sdw/2021profile-profil2021-eng.cfm"},"population":339,"status":"ok","source":{"label":"Statistics Canada Census Profile 2021 DA WDS","url":"https://www12.statcan.gc.ca/wds-sdw/2021profile-profil2021-eng.cfm"},"community_name":"Calgary","community_source":{"label":"Statistics Canada 2021 census subdivision boundaries (spatial lookup)","url":"https://geo.statcan.gc.ca/geo_wa/rest/services/2021/Cartographic_boundary_files/MapServer/9"},"community_display":"Calgary","is_unorganized":false,"panel_title":"Calgary","display_label":"Calgary","map_label":"48060169"},"geometry":{"type":"MultiPolygon","coordinates":[[[[-114.18385025514725,51.05967058055929],[-114.1840595597062,51.05951368402255],[-114.18408022590326,51.05951591604915],[-114.18496431347405,51.05916123978768],[-114.18770889722951,51.05828975511052],[-114.18770765131484,51.05843228087141],[-114.18771065020064,51.0605010775844],[-114.1876828455105,51.06074978364774],[-114.1876484495256,51.061057297421236],[-114.18753774025456,51.0612345000049],[-114.18717872093352,51.06150469469229],[-114.18614451524878,51.06208248920625],[-114.18572013923274,51.06178438644607],[-114.18504683835432,51.06135439937767],[-114.18380334563591,51.060443004383224],[-114.18342392086836,51.060343891545386],[-114.18311096094725,51.060327293432444],[-114.18323644886422,51.06014148380519],[-114.18385025514725,51.05967058055929]]]]}},{"type":"Feature","properties":{"DGUID":"2021S051248060171","DAUID":"48060171","LANDAREA":0.2069,"PRUID":"48","fed_num":"48013","da_code":"48060171","geo_name":"48060171","name_source":{"label":"Statistics Canada Census Profile 2021 DA WDS","url":"https://www12.statcan.gc.ca/wds-sdw/2021profile-profil2021-eng.cfm"},"population":465,"status":"ok","source":{"label":"Statistics Canada Census Profile 2021 DA WDS","url":"https://www12.statcan.gc.ca/wds-sdw/2021profile-profil2021-eng.cfm"},"community_name":"Calgary","community_source":{"label":"Statistics Canada 2021 census subdivision boundaries (spatial lookup)","url":"https://geo.statcan.gc.ca/geo_wa/rest/services/2021/Cartographic_boundary_files/MapServer/9"},"community_display":"Calgary","is_unorganized":false,"panel_title":"Calgary","display_label":"Calgary","map_label":"48060171"},"geometry":{"type":"MultiPolygon","coordinates":[[[[-114.17181831621322,51.06387719204694],[-114.17198772811751,51.063440499477146],[-114.17211871698657,51.062930996379556],[-114.17315972670255,51.06294719250969],[-114.1745428219634,51.06297169559533],[-114.17456522833895,51.062369589606114],[-114.17459963806978,51.06086827698265],[-114.17641294700402,51.06085819299979],[-114.17742384467836,51.06090059036698],[-114.177557244407,51.06094012070705],[-114.17765552117378,51.06116698538578],[-114.17853554238968,51.06116129818079],[-114.17848162538597,51.06298599756319],[-114.17848064385662,51.0634715854311],[-114.17848893118826,51.06403849782375],[-114.17857893710452,51.06420260456957],[-114.17859921983116,51.06433798486662],[-114.17876052743895,51.06497148483718],[-114.17916582134443,51.06558400037061],[-114.17868342766249,51.06577020000247],[-114.17807592851803,51.0658994096439],[-114.17704642208224,51.065928511490775],[-114.17516264531052,51.06591900850248],[-114.1748205355267,51.06591069301892],[-114.17415664697467,51.065795690020444],[-114.1727882444934,51.06529479428094],[-114.17252511253066,51.06516249127945],[-114.17201084458232,51.064700402448366],[-114.17194664217864,51.0645818993728],[-114.17180461714266,51.06410170969648],[-114.17181831621322,51.06387719204694]]]]}},{"type":"Feature","properties":{"DGUID":"2021S051248060172","DAUID":"48060172","LANDAREA":0.7955,"PRUID":"48","fed_num":"48013","da_code":"48060172","geo_name":"48060172","name_source":{"label":"Statistics Canada Census Profile 2021 DA WDS","url":"https://www12.statcan.gc.ca/wds-sdw/2021profile-profil2021-eng.cfm"},"population":1011,"status":"ok","source":{"label":"Statistics Canada Census Profile 2021 DA WDS","url":"https://www12.statcan.gc.ca/wds-sdw/2021profile-profil2021-eng.cfm"},"community_name":"Calgary","community_source":{"label":"Statistics Canada 2021 census subdivision boundaries (spatial lookup)","url":"https://geo.statcan.gc.ca/geo_wa/rest/services/2021/Cartographic_boundary_files/MapServer/9"},"community_display":"Calgary","is_unorganized":false,"panel_title":"Calgary","display_label":"Calgary","map_label":"48060172"},"geometry":{"type":"MultiPolygon","coordinates":[[[[-114.17516986626991,51.0677132113115],[-114.17203351942172,51.0665011982145],[-114.17180641335229,51.06641340743361],[-114.17079103769093,51.06597508152749],[-114.16984920601014,51.06550249861809],[-114.1683487146429,51.0645935854342],[-114.16738052791355,51.06385058283205],[-114.16634072130493,51.06288088408051],[-114.16530091211574,51.0614435005639],[-114.16478680528162,51.06051368675597],[-114.16447664372168,51.05975048815971],[-114.16423273839962,51.058836087424666],[-114.1640877395705,51.057474364253416],[-114.164184926992,51.055183086765304],[-114.16417154214666,51.05283506796472],[-114.16416661366692,51.0524482625974],[-114.16438804925838,51.05256156843315],[-114.16533342470355,51.05320517077583],[-114.16540100385212,51.05375945922359],[-114.16883064018327,51.054594177887246],[-114.16901042624427,51.05492236810229],[-114.16913053475305,51.05506018477906],[-114.16931903760256,51.05524466811268],[-114.17046353964412,51.05566817699468],[-114.17244605592603,51.056390789417364],[-114.17340645879858,51.05679178231239],[-114.17286655184508,51.05721947048632],[-114.17248504321626,51.057390190537724],[-114.172254328623,51.057429491867936],[-114.1719818549916,51.057449875068606],[-114.17145842784154,51.057374284387706],[-114.1712769537236,51.05730687388568],[-114.17184043643054,51.056726882178594],[-114.17181632584443,51.05665438491739],[-114.1717318188025,51.05663427391903],[-114.17144524469502,51.05665438071095],[-114.17138541363376,51.0566978746853],[-114.17071345278124,51.056483772264656],[-114.17039335225022,51.05635006731087],[-114.17015652874142,51.0562543906427],[-114.17009622692997,51.056072975480255],[-114.16997245130678,51.05599807779272],[-114.16978223665866,51.05607438098508],[-114.16929334410916,51.0566022813192],[-114.16916662089876,51.05657217238118],[-114.16807703142042,51.056185966471595],[-114.16785452009097,51.05609067899447],[-114.1673442272429,51.056033288018604],[-114.16681144771161,51.05611026606894],[-114.16650393190693,51.05623778711281],[-114.16556661901441,51.057096470365536],[-114.16503044839416,51.057695183735326],[-114.16492903530349,51.05795348416594],[-114.16492023659585,51.05833109107586],[-114.16499035347233,51.05858468798601],[-114.16512192924547,51.058767669442155],[-114.16558343995334,51.059156689673436],[-114.16614911655078,51.059476272196335],[-114.16703984156341,51.06008247745002],[-114.16792233022299,51.06058968539194],[-114.16860683438597,51.06086118721707],[-114.1692207436016,51.06113548453382],[-114.16962053524547,51.06129637959903],[-114.1699220112717,51.06150159062659],[-114.17111714803772,51.062735891613066],[-114.1715211261218,51.06289860325883],[-114.17211871698657,51.062930996379556],[-114.17198772811751,51.063440499477146],[-114.17181831621322,51.06387719204694],[-114.17180461714266,51.06410170969648],[-114.17194664217864,51.0645818993728],[-114.17201084458232,51.064700402448366],[-114.17252511253066,51.06516249127945],[-114.1727882444934,51.06529479428094],[-114.17415664697467,51.065795690020444],[-114.1748205355267,51.06591069301892],[-114.17516264531052,51.06591900850248],[-114.17704642208224,51.065928511490775],[-114.17807592851803,51.0658994096439],[-114.17868342766249,51.06577020000247],[-114.17916582134443,51.06558400037061],[-114.17954472202555,51.065925903607564],[-114.18008421759485,51.066208789234416],[-114.18122684043749,51.06643418961207],[-114.18180853326355,51.066493185357],[-114.18236601515866,51.066479698597504],[-114.18272352841154,51.066470301972565],[-114.18316102311006,51.066552899380376],[-114.18348184148739,51.06667750281474],[-114.18425882899126,51.06728090860371],[-114.18470192884764,51.06750750900438],[-114.18555891387633,51.06773498779111],[-114.1857957359876,51.06783060097226],[-114.18617911007848,51.06810070603095],[-114.18639352454632,51.0683308054779],[-114.18648191970108,51.06852179756952],[-114.18658522730009,51.0691719011082],[-114.18663981902095,51.07015360648544],[-114.18638571275974,51.07081312181704],[-114.18642962585457,51.07102999966427],[-114.18655851373252,51.07125800518319],[-114.18677571053023,51.07144310375225],[-114.18705212356483,51.07159371299539],[-114.18761751421214,51.07168831037362],[-114.18762081812349,51.07328040801068],[-114.18743224956832,51.07566279789297],[-114.18741966313691,51.07582172503793],[-114.18725490055493,51.07587090921963],[-114.18667342235481,51.075245412953514],[-114.1857040166482,51.07432788867564],[-114.18563101109086,51.07425877650106],[-114.1856306308952,51.074258423277776],[-114.18550563102053,51.07414009909985],[-114.18456721924258,51.07325180550956],[-114.18367051198886,51.072501624268156],[-114.18189273350275,51.071200411543565],[-114.1818662397952,51.07118100420434],[-114.18049204602859,51.07030220963049],[-114.17943421761052,51.06972237875637],[-114.17822622032219,51.06906019721759],[-114.17610202822831,51.068073405653614],[-114.17516986626991,51.0677132113115]]]]}},{"type":"Feature","properties":{"DGUID":"2021S051248060173","DAUID":"48060173","LANDAREA":0.4777,"PRUID":"48","fed_num":"48013","da_code":"48060173","geo_name":"48060173","name_source":{"label":"Statistics Canada Census Profile 2021 DA WDS","url":"https://www12.statcan.gc.ca/wds-sdw/2021profile-profil2021-eng.cfm"},"population":1567,"status":"ok","source":{"label":"Statistics Canada Census Profile 2021 DA WDS","url":"https://www12.statcan.gc.ca/wds-sdw/2021profile-profil2021-eng.cfm"},"community_name":"Calgary","community_source":{"label":"Statistics Canada 2021 census subdivision boundaries (spatial lookup)","url":"https://geo.statcan.gc.ca/geo_wa/rest/services/2021/Cartographic_boundary_files/MapServer/9"},"community_display":"Calgary","is_unorganized":false,"panel_title":"Calgary","display_label":"Calgary","map_label":"48060173"},"geometry":{"type":"MultiPolygon","coordinates":[[[[-114.17111714803772,51.062735891613066],[-114.1699220112717,51.06150159062659],[-114.16962053524547,51.06129637959903],[-114.1692207436016,51.06113548453382],[-114.16860683438597,51.06086118721707],[-114.16792233022299,51.06058968539194],[-114.16703984156341,51.06008247745002],[-114.16614911655078,51.059476272196335],[-114.16558343995334,51.059156689673436],[-114.16512192924547,51.058767669442155],[-114.16499035347233,51.05858468798601],[-114.16492023659585,51.05833109107586],[-114.16492903530349,51.05795348416594],[-114.16503044839416,51.057695183735326],[-114.16556661901441,51.057096470365536],[-114.16650393190693,51.05623778711281],[-114.16681144771161,51.05611026606894],[-114.1673442272429,51.056033288018604],[-114.16785452009097,51.05609067899447],[-114.16807703142042,51.056185966471595],[-114.16916662089876,51.05657217238118],[-114.16929334410916,51.0566022813192],[-114.16978223665866,51.05607438098508],[-114.16997245130678,51.05599807779272],[-114.17009622692997,51.056072975480255],[-114.17015652874142,51.0562543906427],[-114.17039335225022,51.05635006731087],[-114.17071345278124,51.056483772264656],[-114.17138541363376,51.0566978746853],[-114.17144524469502,51.05665438071095],[-114.1717318188025,51.05663427391903],[-114.17181632584443,51.05665438491739],[-114.17184043643054,51.056726882178594],[-114.1712769537236,51.05730687388568],[-114.17145842784154,51.057374284387706],[-114.1719818549916,51.057449875068606],[-114.172254328623,51.057429491867936],[-114.17248504321626,51.057390190537724],[-114.17286655184508,51.05721947048632],[-114.17340645879858,51.05679178231239],[-114.1740905511749,51.05704217168762],[-114.17467484279175,51.05705638016051],[-114.17561154717136,51.05667428957766],[-114.17619572885428,51.05645447870872],[-114.17677183593398,51.05636949582776],[-114.17694444735768,51.05634669344343],[-114.17721525229538,51.056353185383095],[-114.17805663976394,51.056598387167845],[-114.17756234632242,51.057216098521444],[-114.17735255713484,51.05761577765985],[-114.17727692996317,51.057919797439915],[-114.17731535977396,51.05822658594994],[-114.17753033297194,51.0586814892285],[-114.17775835124665,51.05892089400708],[-114.1781547295115,51.05920928975585],[-114.17916674108484,51.05970138233702],[-114.17973464538686,51.05998499553495],[-114.17945242715409,51.06016709674524],[-114.17900132915699,51.06054299153265],[-114.17856013172526,51.06099099488069],[-114.17853554238968,51.06116129818079],[-114.17765552117378,51.06116698538578],[-114.177557244407,51.06094012070705],[-114.17742384467836,51.06090059036698],[-114.17641294700402,51.06085819299979],[-114.17459963806978,51.06086827698265],[-114.17456522833895,51.062369589606114],[-114.1745428219634,51.06297169559533],[-114.17315972670255,51.06294719250969],[-114.17211871698657,51.062930996379556],[-114.1715211261218,51.06289860325883],[-114.17111714803772,51.062735891613066]]]]}},{"type":"Feature","properties":{"DGUID":"2021S051248060174","DAUID":"48060174","LANDAREA":1.9569,"PRUID":"48","fed_num":"48013","da_code":"48060174","geo_name":"48060174","name_source":{"label":"Statistics Canada Census Profile 2021 DA WDS","url":"https://www12.statcan.gc.ca/wds-sdw/2021profile-profil2021-eng.cfm"},"population":470,"status":"ok","source":{"label":"Statistics Canada Census Profile 2021 DA WDS","url":"https://www12.statcan.gc.ca/wds-sdw/2021profile-profil2021-eng.cfm"},"community_name":"Calgary","community_source":{"label":"Statistics Canada 2021 census subdivision boundaries (spatial lookup)","url":"https://geo.statcan.gc.ca/geo_wa/rest/services/2021/Cartographic_boundary_files/MapServer/9"},"community_display":"Calgary","is_unorganized":false,"panel_title":"Calgary","display_label":"Calgary","map_label":"48060174"},"geometry":{"type":"MultiPolygon","coordinates":[[[[-114.17748172669378,51.07644788960358],[-114.17757471567671,51.076239881431654],[-114.17774321573573,51.07566628382817],[-114.17773483375935,51.075222075011894],[-114.17766654110224,51.07508378536369],[-114.17694242010403,51.07440989247589],[-114.17513164335745,51.07302898108907],[-114.17478729334806,51.07280180861919],[-114.17347981719358,51.0719392735107],[-114.1715676321906,51.07074895650877],[-114.16973244288256,51.06971417226918],[-114.16937344585973,51.06956636392303],[-114.1676410328424,51.0685873488959],[-114.1670013105716,51.068266857612464],[-114.16645963981294,51.06814526649057],[-114.16576094107845,51.0681019541614],[-114.16510373803247,51.067898669229265],[-114.16505247679416,51.067889457574836],[-114.16467430229787,51.06782155275104],[-114.16445132659139,51.06782727165235],[-114.16397701844977,51.06787265528063],[-114.1632224378528,51.06786865150879],[-114.16267042583962,51.06778706256564],[-114.16227372160768,51.067684570803166],[-114.16199772979122,51.067643757551785],[-114.1599640297999,51.067548751142155],[-114.1588865274812,51.06740874608371],[-114.15796949552549,51.067227857991675],[-114.15785822873049,51.06715485267858],[-114.15749650616276,51.067092860842315],[-114.15670161208597,51.06679324553826],[-114.15589151738706,51.066401747418126],[-114.15473341962976,51.0656705500394],[-114.1542197257499,51.065391739667334],[-114.1536738251591,51.064986451821525],[-114.15341573099572,51.06467655074886],[-114.15233460260478,51.063399250713765],[-114.15213201883647,51.063227321845176],[-114.15260354285707,51.063287178398625],[-114.15270593870704,51.06251553967418],[-114.15270185201135,51.062161420098604],[-114.15267876037306,51.06022393960512],[-114.15269544046764,51.06006642698884],[-114.15270776848801,51.05994950533699],[-114.15273053220722,51.05981439448836],[-114.15277019374761,51.05957861070322],[-114.15250695200078,51.055710431721195],[-114.15250732032113,51.05548808061531],[-114.15280841656002,51.05567986947624],[-114.15300721225216,51.055927563495956],[-114.15302931581931,51.057196378946664],[-114.15309063256572,51.05735978455435],[-114.15326543420265,51.05753487785073],[-114.15425462319872,51.05816168467398],[-114.15439272092917,51.058236989763884],[-114.15474512575827,51.058308472704645],[-114.15701442842516,51.05830977491907],[-114.15702172909495,51.05749148263103],[-114.15701263001964,51.05670868035706],[-114.15703812426734,51.055593979800136],[-114.15727714494474,51.055419872782835],[-114.15835263601716,51.0551042704196],[-114.15779864513932,51.054362180061126],[-114.15787152827251,51.054336958454535],[-114.15790873026202,51.052332076486884],[-114.1565671345837,51.052335367419666],[-114.15531142397765,51.05233177584762],[-114.15407010899644,51.052328571721496],[-114.15284243337254,51.05233455256196],[-114.15282543624095,51.050751160630305],[-114.15283781967194,51.04985195627187],[-114.15283520999353,51.049429162671075],[-114.15282773526475,51.04885324599772],[-114.15380803791011,51.04915596862968],[-114.15742473040702,51.05027703893569],[-114.16076821389704,51.05131326418423],[-114.16347003535165,51.0521704693132],[-114.16416661366692,51.0524482625974],[-114.16417154214666,51.05283506796472],[-114.164184926992,51.055183086765304],[-114.1640877395705,51.057474364253416],[-114.16423273839962,51.058836087424666],[-114.16447664372168,51.05975048815971],[-114.16478680528162,51.06051368675597],[-114.16530091211574,51.0614435005639],[-114.16634072130493,51.06288088408051],[-114.16738052791355,51.06385058283205],[-114.1683487146429,51.0645935854342],[-114.16984920601014,51.06550249861809],[-114.17079103769093,51.06597508152749],[-114.17180641335229,51.06641340743361],[-114.17203351942172,51.0665011982145],[-114.17516986626991,51.0677132113115],[-114.17610202822831,51.068073405653614],[-114.17822622032219,51.06906019721759],[-114.17943421761052,51.06972237875637],[-114.18049204602859,51.07030220963049],[-114.1818662397952,51.07118100420434],[-114.18189273350275,51.071200411543565],[-114.18367051198886,51.072501624268156],[-114.18456721924258,51.07325180550956],[-114.18550563102053,51.07414009909985],[-114.1856306308952,51.074258423277776],[-114.18563101109086,51.07425877650106],[-114.1857040166482,51.07432788867564],[-114.18667342235481,51.075245412953514],[-114.18725490055493,51.07587090921963],[-114.1870574382603,51.075940227163315],[-114.1872498064762,51.07622249159843],[-114.18737762915326,51.076435456293446],[-114.18743718625431,51.076551871192805],[-114.18758169850479,51.076872591619036],[-114.18707772893761,51.076984235997344],[-114.18693758211495,51.076912060114175],[-114.18656940445541,51.076731566238834],[-114.18614420729773,51.076515721248214],[-114.18573840912842,51.07630223637333],[-114.1837381278935,51.07491382853424],[-114.18348204102618,51.074898723237474],[-114.18257742936055,51.07521862186421],[-114.18247621764996,51.075275023987444],[-114.18223740478915,51.07540831448127],[-114.18169861609192,51.07628581947538],[-114.18168011233233,51.076591212845436],[-114.18176682273926,51.07680913745215],[-114.1824822134226,51.0779597186212],[-114.18272240614617,51.07823542681793],[-114.18272609585121,51.07823680819439],[-114.18275076511779,51.07852208376278],[-114.1827596210734,51.07862458930412],[-114.18218348987662,51.07847292527984],[-114.18216297903817,51.07846751330076],[-114.18087272425007,51.07812781696466],[-114.17822212051095,51.07741773168676],[-114.17700720856269,51.077087694855294],[-114.17748172669378,51.07644788960358]]]]}},{"type":"Feature","properties":{"DGUID":"2021S051248060175","DAUID":"48060175","LANDAREA":0.2118,"PRUID":"48","fed_num":"48013","da_code":"48060175","geo_name":"48060175","name_source":{"label":"Statistics Canada Census Profile 2021 DA WDS","url":"https://www12.statcan.gc.ca/wds-sdw/2021profile-profil2021-eng.cfm"},"population":586,"status":"ok","source":{"label":"Statistics Canada Census Profile 2021 DA WDS","url":"https://www12.statcan.gc.ca/wds-sdw/2021profile-profil2021-eng.cfm"},"community_name":"Calgary","community_source":{"label":"Statistics Canada 2021 census subdivision boundaries (spatial lookup)","url":"https://geo.statcan.gc.ca/geo_wa/rest/services/2021/Cartographic_boundary_files/MapServer/9"},"community_display":"Calgary","is_unorganized":false,"panel_title":"Calgary","display_label":"Calgary","map_label":"48060175"},"geometry":{"type":"MultiPolygon","coordinates":[[[[-114.15283181424742,51.05460108379132],[-114.15284243337254,51.05233455256196],[-114.15407010899644,51.052328571721496],[-114.15531142397765,51.05233177584762],[-114.1565671345837,51.052335367419666],[-114.15790873026202,51.052332076486884],[-114.15787152827251,51.054336958454535],[-114.15779864513932,51.054362180061126],[-114.15835263601716,51.0551042704196],[-114.15727714494474,51.055419872782835],[-114.15703812426734,51.055593979800136],[-114.15701263001964,51.05670868035706],[-114.15702172909495,51.05749148263103],[-114.15701442842516,51.05830977491907],[-114.15474512575827,51.058308472704645],[-114.15439272092917,51.058236989763884],[-114.15425462319872,51.05816168467398],[-114.15326543420265,51.05753487785073],[-114.15309063256572,51.05735978455435],[-114.15302931581931,51.057196378946664],[-114.15300721225216,51.055927563495956],[-114.15280841656002,51.05567986947624],[-114.15250732032113,51.05548808061531],[-114.15195680288775,51.055137367978304],[-114.15283181424742,51.05460108379132]]]]}},{"type":"Feature","properties":{"DGUID":"2021S051248060681","DAUID":"48060681","LANDAREA":0.1447,"PRUID":"48","fed_num":"48013","da_code":"48060681","geo_name":"48060681","name_source":{"label":"Statistics Canada Census Profile 2021 DA WDS","url":"https://www12.statcan.gc.ca/wds-sdw/2021profile-profil2021-eng.cfm"},"population":428,"status":"ok","source":{"label":"Statistics Canada Census Profile 2021 DA WDS","url":"https://www12.statcan.gc.ca/wds-sdw/2021profile-profil2021-eng.cfm"},"community_name":"Calgary","community_source":{"label":"Statistics Canada 2021 census subdivision boundaries (spatial lookup)","url":"https://geo.statcan.gc.ca/geo_wa/rest/services/2021/Cartographic_boundary_files/MapServer/9"},"community_display":"Calgary","is_unorganized":false,"panel_title":"Calgary","display_label":"Calgary","map_label":"48060681"},"geometry":{"type":"MultiPolygon","coordinates":[[[[-114.1412374564007,51.03315302766461],[-114.14121974187081,51.031587525296864],[-114.1425739452449,51.031602723135144],[-114.14469832538151,51.0316186313283],[-114.1450571624629,51.03274283610459],[-114.14533133625149,51.03338813331572],[-114.14602732031503,51.035060234811496],[-114.14507483792279,51.03570252237247],[-114.14398162442886,51.03608053811068],[-114.14336253256081,51.03617332362622],[-114.14275813632129,51.03625754157422],[-114.1412318521001,51.03625612846536],[-114.14122774609037,51.03469992605282],[-114.1412374564007,51.03315302766461]]]]}},{"type":"Feature","properties":{"DGUID":"2021S051248060682","DAUID":"48060682","LANDAREA":0.2252,"PRUID":"48","fed_num":"48013","da_code":"48060682","geo_name":"48060682","name_source":{"label":"Statistics Canada Census Profile 2021 DA WDS","url":"https://www12.statcan.gc.ca/wds-sdw/2021profile-profil2021-eng.cfm"},"population":390,"status":"ok","source":{"label":"Statistics Canada Census Profile 2021 DA WDS","url":"https://www12.statcan.gc.ca/wds-sdw/2021profile-profil2021-eng.cfm"},"community_name":"Calgary","community_source":{"label":"Statistics Canada 2021 census subdivision boundaries (spatial lookup)","url":"https://geo.statcan.gc.ca/geo_wa/rest/services/2021/Cartographic_boundary_files/MapServer/9"},"community_display":"Calgary","is_unorganized":false,"panel_title":"Calgary","display_label":"Calgary","map_label":"48060682"},"geometry":{"type":"MultiPolygon","coordinates":[[[[-114.14915293575709,51.035037641175165],[-114.14783974974482,51.03505054591851],[-114.14783604047558,51.03580592816589],[-114.14652395357196,51.03580092702903],[-114.14602732031503,51.035060234811496],[-114.14533133625149,51.03338813331572],[-114.1450571624629,51.03274283610459],[-114.14469832538151,51.0316186313283],[-114.14635386634295,51.03160513169827],[-114.14680465626822,51.03169713356313],[-114.1467920549262,51.030509526124455],[-114.14801913738822,51.030503519747995],[-114.14927426979575,51.03050723261877],[-114.14928434523608,51.03127202257394],[-114.14926993977498,51.03150551954321],[-114.14927523259789,51.03211723623018],[-114.14973422689161,51.032308323451126],[-114.15094152841564,51.032391833649925],[-114.15141986349084,51.0322685298683],[-114.15285646554433,51.03187184309647],[-114.15285826512714,51.0328687977665],[-114.15286016097102,51.03390474043177],[-114.15285992923215,51.03437243572047],[-114.15286505322507,51.035685840499994],[-114.15158303315337,51.035654529493854],[-114.15134412497106,51.03559473203154],[-114.15048584320414,51.03516903902755],[-114.15013695469493,51.035043619431825],[-114.14915293575709,51.035037641175165]]]]}},{"type":"Feature","properties":{"DGUID":"2021S051248060683","DAUID":"48060683","LANDAREA":0.1527,"PRUID":"48","fed_num":"48013","da_code":"48060683","geo_name":"48060683","name_source":{"label":"Statistics Canada Census Profile 2021 DA WDS","url":"https://www12.statcan.gc.ca/wds-sdw/2021profile-profil2021-eng.cfm"},"population":457,"status":"ok","source":{"label":"Statistics Canada Census Profile 2021 DA WDS","url":"https://www12.statcan.gc.ca/wds-sdw/2021profile-profil2021-eng.cfm"},"community_name":"Calgary","community_source":{"label":"Statistics Canada 2021 census subdivision boundaries (spatial lookup)","url":"https://geo.statcan.gc.ca/geo_wa/rest/services/2021/Cartographic_boundary_files/MapServer/9"},"community_display":"Calgary","is_unorganized":false,"panel_title":"Calgary","display_label":"Calgary","map_label":"48060683"},"geometry":{"type":"MultiPolygon","coordinates":[[[[-114.1425739452449,51.031602723135144],[-114.14121974187081,51.031587525296864],[-114.14115594249337,51.030074816899855],[-114.14114073180063,51.02893211940868],[-114.14258083724786,51.028940429359125],[-114.14400784676066,51.02893033258393],[-114.14541895151649,51.02894682498186],[-114.14686015479398,51.02893713651394],[-114.14828667311656,51.02893593437224],[-114.14968454414988,51.02893412344675],[-114.14967005485207,51.02963531988824],[-114.1496878467789,51.030508324116006],[-114.14927426979575,51.03050723261877],[-114.14801913738822,51.030503519747995],[-114.1467920549262,51.030509526124455],[-114.14680465626822,51.03169713356313],[-114.14635386634295,51.03160513169827],[-114.14469832538151,51.0316186313283],[-114.1425739452449,51.031602723135144]]]]}},{"type":"Feature","properties":{"DGUID":"2021S051248060684","DAUID":"48060684","LANDAREA":0.1655,"PRUID":"48","fed_num":"48013","da_code":"48060684","geo_name":"48060684","name_source":{"label":"Statistics Canada Census Profile 2021 DA WDS","url":"https://www12.statcan.gc.ca/wds-sdw/2021profile-profil2021-eng.cfm"},"population":445,"status":"ok","source":{"label":"Statistics Canada Census Profile 2021 DA WDS","url":"https://www12.statcan.gc.ca/wds-sdw/2021profile-profil2021-eng.cfm"},"community_name":"Calgary","community_source":{"label":"Statistics Canada 2021 census subdivision boundaries (spatial lookup)","url":"https://geo.statcan.gc.ca/geo_wa/rest/services/2021/Cartographic_boundary_files/MapServer/9"},"community_display":"Calgary","is_unorganized":false,"panel_title":"Calgary","display_label":"Calgary","map_label":"48060684"},"geometry":{"type":"MultiPolygon","coordinates":[[[[-114.14928434523608,51.03127202257394],[-114.14927426979575,51.03050723261877],[-114.1496878467789,51.030508324116006],[-114.14967005485207,51.02963531988824],[-114.14968454414988,51.02893412344675],[-114.14967844421764,51.02787263074323],[-114.1496623538684,51.02697271531066],[-114.15108814786687,51.02698052184968],[-114.15108326322084,51.025433328321945],[-114.1511090505909,51.02385080955899],[-114.15251944083468,51.02387622410492],[-114.15252384523613,51.02543243259747],[-114.15252823361601,51.02698862325542],[-114.15254545763344,51.02787063449494],[-114.15282265290827,51.0296313376508],[-114.15285245087122,51.03054054171159],[-114.15285824836232,51.03137712875132],[-114.15285646554433,51.03187184309647],[-114.15141986349084,51.0322685298683],[-114.15094152841564,51.032391833649925],[-114.14973422689161,51.032308323451126],[-114.14927523259789,51.03211723623018],[-114.14926993977498,51.03150551954321],[-114.14928434523608,51.03127202257394]]]]}},{"type":"Feature","properties":{"DGUID":"2021S051248060685","DAUID":"48060685","LANDAREA":0.1122,"PRUID":"48","fed_num":"48013","da_code":"48060685","geo_name":"48060685","name_source":{"label":"Statistics Canada Census Profile 2021 DA WDS","url":"https://www12.statcan.gc.ca/wds-sdw/2021profile-profil2021-eng.cfm"},"population":473,"status":"ok","source":{"label":"Statistics Canada Census Profile 2021 DA WDS","url":"https://www12.statcan.gc.ca/wds-sdw/2021profile-profil2021-eng.cfm"},"community_name":"Calgary","community_source":{"label":"Statistics Canada 2021 census subdivision boundaries (spatial lookup)","url":"https://geo.statcan.gc.ca/geo_wa/rest/services/2021/Cartographic_boundary_files/MapServer/9"},"community_display":"Calgary","is_unorganized":false,"panel_title":"Calgary","display_label":"Calgary","map_label":"48060685"},"geometry":{"type":"MultiPolygon","coordinates":[[[[-114.14686015479398,51.02893713651394],[-114.14683915613267,51.026957718193245],[-114.14823653522592,51.02696492207429],[-114.14826075506195,51.02540942235218],[-114.14824055923935,51.02387972509815],[-114.14966687756777,51.0238786188317],[-114.1511090505909,51.02385080955899],[-114.15108326322084,51.025433328321945],[-114.15108814786687,51.02698052184968],[-114.1496623538684,51.02697271531066],[-114.14967844421764,51.02787263074323],[-114.14968454414988,51.02893412344675],[-114.14828667311656,51.02893593437224],[-114.14686015479398,51.02893713651394]]]]}},{"type":"Feature","properties":{"DGUID":"2021S051248060686","DAUID":"48060686","LANDAREA":0.0955,"PRUID":"48","fed_num":"48013","da_code":"48060686","geo_name":"48060686","name_source":{"label":"Statistics Canada Census Profile 2021 DA WDS","url":"https://www12.statcan.gc.ca/wds-sdw/2021profile-profil2021-eng.cfm"},"population":513,"status":"ok","source":{"label":"Statistics Canada Census Profile 2021 DA WDS","url":"https://www12.statcan.gc.ca/wds-sdw/2021profile-profil2021-eng.cfm"},"community_name":"Calgary","community_source":{"label":"Statistics Canada 2021 census subdivision boundaries (spatial lookup)","url":"https://geo.statcan.gc.ca/geo_wa/rest/services/2021/Cartographic_boundary_files/MapServer/9"},"community_display":"Calgary","is_unorganized":false,"panel_title":"Calgary","display_label":"Calgary","map_label":"48060686"},"geometry":{"type":"MultiPolygon","coordinates":[[[[-114.14400784676066,51.02893033258393],[-114.1440011537695,51.02695131419561],[-114.14401074152275,51.02540443044268],[-114.14542284758356,51.02540303426205],[-114.14684915322708,51.02540192749996],[-114.14826075506195,51.02540942235218],[-114.14823653522592,51.02696492207429],[-114.14683915613267,51.026957718193245],[-114.14686015479398,51.02893713651394],[-114.14541895151649,51.02894682498186],[-114.14400784676066,51.02893033258393]]]]}},{"type":"Feature","properties":{"DGUID":"2021S051248060687","DAUID":"48060687","LANDAREA":0.1136,"PRUID":"48","fed_num":"48013","da_code":"48060687","geo_name":"48060687","name_source":{"label":"Statistics Canada Census Profile 2021 DA WDS","url":"https://www12.statcan.gc.ca/wds-sdw/2021profile-profil2021-eng.cfm"},"population":555,"status":"ok","source":{"label":"Statistics Canada Census Profile 2021 DA WDS","url":"https://www12.statcan.gc.ca/wds-sdw/2021profile-profil2021-eng.cfm"},"community_name":"Calgary","community_source":{"label":"Statistics Canada 2021 census subdivision boundaries (spatial lookup)","url":"https://geo.statcan.gc.ca/geo_wa/rest/services/2021/Cartographic_boundary_files/MapServer/9"},"community_display":"Calgary","is_unorganized":false,"panel_title":"Calgary","display_label":"Calgary","map_label":"48060687"},"geometry":{"type":"MultiPolygon","coordinates":[[[[-114.14114975763812,51.024614800552335],[-114.14112092005645,51.023854462870034],[-114.14126853756628,51.02384420214376],[-114.1425945553479,51.02384971848538],[-114.14400605979874,51.023857200596154],[-114.14401074152275,51.02540443044268],[-114.1440011537695,51.02695131419561],[-114.14400784676066,51.02893033258393],[-114.14258083724786,51.028940429359125],[-114.14114073180063,51.02893211940868],[-114.14113873447212,51.028500317517725],[-114.14114843268742,51.02695342639134],[-114.14114434130609,51.02539721394868],[-114.14114975763812,51.024614800552335]]]]}},{"type":"Feature","properties":{"DGUID":"2021S051248060689","DAUID":"48060689","LANDAREA":0.188,"PRUID":"48","fed_num":"48013","da_code":"48060689","geo_name":"48060689","name_source":{"label":"Statistics Canada Census Profile 2021 DA WDS","url":"https://www12.statcan.gc.ca/wds-sdw/2021profile-profil2021-eng.cfm"},"population":575,"status":"ok","source":{"label":"Statistics Canada Census Profile 2021 DA WDS","url":"https://www12.statcan.gc.ca/wds-sdw/2021profile-profil2021-eng.cfm"},"community_name":"Calgary","community_source":{"label":"Statistics Canada 2021 census subdivision boundaries (spatial lookup)","url":"https://geo.statcan.gc.ca/geo_wa/rest/services/2021/Cartographic_boundary_files/MapServer/9"},"community_display":"Calgary","is_unorganized":false,"panel_title":"Calgary","display_label":"Calgary","map_label":"48060689"},"geometry":{"type":"MultiPolygon","coordinates":[[[[-114.14676476964102,51.02074050439103],[-114.14817306754487,51.020334196520494],[-114.14824966488737,51.02047991628777],[-114.14824674417352,51.02075871491899],[-114.14825107499419,51.022314916192094],[-114.14824055923935,51.02387972509815],[-114.14826075506195,51.02540942235218],[-114.14684915322708,51.02540192749996],[-114.14542284758356,51.02540303426205],[-114.14401074152275,51.02540443044268],[-114.14400605979874,51.023857200596154],[-114.1425945553479,51.02384971848538],[-114.14126853756628,51.02384420214376],[-114.14112092005645,51.023854462870034],[-114.14107905354018,51.02275119709164],[-114.14107702623944,51.02255320606873],[-114.14129443845366,51.022495603310034],[-114.1438275499382,51.02165809868352],[-114.14535585130275,51.02115579948913],[-114.14676476964102,51.02074050439103]]]]}},{"type":"Feature","properties":{"DGUID":"2021S051248060693","DAUID":"48060693","LANDAREA":0.166,"PRUID":"48","fed_num":"48013","da_code":"48060693","geo_name":"48060693","name_source":{"label":"Statistics Canada Census Profile 2021 DA WDS","url":"https://www12.statcan.gc.ca/wds-sdw/2021profile-profil2021-eng.cfm"},"population":452,"status":"ok","source":{"label":"Statistics Canada Census Profile 2021 DA WDS","url":"https://www12.statcan.gc.ca/wds-sdw/2021profile-profil2021-eng.cfm"},"community_name":"Calgary","community_source":{"label":"Statistics Canada 2021 census subdivision boundaries (spatial lookup)","url":"https://geo.statcan.gc.ca/geo_wa/rest/services/2021/Cartographic_boundary_files/MapServer/9"},"community_display":"Calgary","is_unorganized":false,"panel_title":"Calgary","display_label":"Calgary","map_label":"48060693"},"geometry":{"type":"MultiPolygon","coordinates":[[[[-114.14120023768585,51.014757768352055],[-114.14122563403072,51.01249166446916],[-114.14256780861928,51.012461561139695],[-114.14279566070678,51.01246717600177],[-114.14393561916273,51.01247706825713],[-114.14417824477808,51.01247395971025],[-114.1453183615441,51.01248388260747],[-114.14655865436643,51.01248717708571],[-114.14779894071751,51.0124905955684],[-114.14838325079819,51.01249579295403],[-114.1490535728261,51.012494190405924],[-114.15029385506242,51.01249749598266],[-114.15030137207062,51.01423368626945],[-114.15025095995014,51.014358406361495],[-114.15005875853365,51.01447060727701],[-114.1474183695995,51.015206694463345],[-114.1471659617463,51.01490367173497],[-114.14697054871131,51.01483588394686],[-114.14455670369261,51.01482632704449],[-114.14257966028333,51.014818478329474],[-114.14119694634344,51.014811658405264],[-114.14120023768585,51.014757768352055]]]]}},{"type":"Feature","properties":{"DGUID":"2021S051248060694","DAUID":"48060694","LANDAREA":0.1369,"PRUID":"48","fed_num":"48013","da_code":"48060694","geo_name":"48060694","name_source":{"label":"Statistics Canada Census Profile 2021 DA WDS","url":"https://www12.statcan.gc.ca/wds-sdw/2021profile-profil2021-eng.cfm"},"population":601,"status":"ok","source":{"label":"Statistics Canada Census Profile 2021 DA WDS","url":"https://www12.statcan.gc.ca/wds-sdw/2021profile-profil2021-eng.cfm"},"community_name":"Calgary","community_source":{"label":"Statistics Canada 2021 census subdivision boundaries (spatial lookup)","url":"https://geo.statcan.gc.ca/geo_wa/rest/services/2021/Cartographic_boundary_files/MapServer/9"},"community_display":"Calgary","is_unorganized":false,"panel_title":"Calgary","display_label":"Calgary","map_label":"48060694"},"geometry":{"type":"MultiPolygon","coordinates":[[[[-114.1453183615441,51.01248388260747],[-114.14417824477808,51.01247395971025],[-114.14393561916273,51.01247706825713],[-114.14279566070678,51.01246717600177],[-114.14280134219254,51.01190956703756],[-114.14345987340099,51.01111214104471],[-114.14359158351776,51.01095263743117],[-114.14386432604594,51.010622363959634],[-114.14478360936012,51.00946914967385],[-114.14480676345029,51.00944007082274],[-114.14508613495751,51.00906917861773],[-114.14518746536879,51.00904466840503],[-114.14582237756062,51.00904536805204],[-114.14903677854548,51.00904876755345],[-114.1490356620527,51.01046089879395],[-114.14904895954817,51.01163957863625],[-114.14837865156778,51.011641181218046],[-114.14838325079819,51.01249579295403],[-114.14779894071751,51.0124905955684],[-114.14655865436643,51.01248717708571],[-114.1453183615441,51.01248388260747]]]]}},{"type":"Feature","properties":{"DGUID":"2021S051248060695","DAUID":"48060695","LANDAREA":0.2037,"PRUID":"48","fed_num":"48013","da_code":"48060695","geo_name":"48060695","name_source":{"label":"Statistics Canada Census Profile 2021 DA WDS","url":"https://www12.statcan.gc.ca/wds-sdw/2021profile-profil2021-eng.cfm"},"population":573,"status":"ok","source":{"label":"Statistics Canada Census Profile 2021 DA WDS","url":"https://www12.statcan.gc.ca/wds-sdw/2021profile-profil2021-eng.cfm"},"community_name":"Calgary","community_source":{"label":"Statistics Canada 2021 census subdivision boundaries (spatial lookup)","url":"https://geo.statcan.gc.ca/geo_wa/rest/services/2021/Cartographic_boundary_files/MapServer/9"},"community_display":"Calgary","is_unorganized":false,"panel_title":"Calgary","display_label":"Calgary","map_label":"48060695"},"geometry":{"type":"MultiPolygon","coordinates":[[[[-114.14838325079819,51.01249579295403],[-114.14837865156778,51.011641181218046],[-114.14904895954817,51.01163957863625],[-114.1490356620527,51.01046089879395],[-114.14903677854548,51.00904876755345],[-114.14582237756062,51.00904536805204],[-114.14518746536879,51.00904466840503],[-114.14508613495751,51.00906917861773],[-114.14480676345029,51.00944007082274],[-114.14478360936012,51.00946914967385],[-114.14386432604594,51.010622363959634],[-114.14359158351776,51.01095263743117],[-114.14345987340099,51.01111214104471],[-114.14280134219254,51.01190956703756],[-114.14279566070678,51.01246717600177],[-114.14256780861928,51.012461561139695],[-114.14122563403072,51.01249166446916],[-114.1412092190459,51.01136685531265],[-114.14113933400863,51.011283856890614],[-114.14111811150201,51.01121085430862],[-114.14111543740168,51.01110956014208],[-114.14108163693268,51.010491261700906],[-114.14110714718103,51.010091763087374],[-114.14104013361016,51.01004275319971],[-114.14099143580387,51.00998676868651],[-114.14096541254418,51.009922364527974],[-114.1409573291878,51.00987084838219],[-114.1409326116377,51.00983856173215],[-114.14096072689753,51.009806661065056],[-114.14101822581357,51.00976005734754],[-114.14109371945258,51.00971346622257],[-114.14119403950576,51.00967137296205],[-114.14129474528454,51.00960935956266],[-114.14136842799465,51.00953845158892],[-114.14137891549845,51.0094614754986],[-114.14134432317127,51.009372769806795],[-114.14125063375666,51.00930354836035],[-114.14113403478662,51.009248447194935],[-114.14110988297362,51.00924164548226],[-114.14110791769538,51.00909881886122],[-114.14109164963195,51.00897570374071],[-114.14108461563933,51.00833441348837],[-114.1412105598061,51.00836954015469],[-114.14149248269906,51.008448158689205],[-114.14549174282512,51.008710010762336],[-114.14564095220415,51.00875800542976],[-114.14604201882335,51.00888702162434],[-114.14904238754151,51.00888846085382],[-114.15248256713758,51.00888999523267],[-114.15311006991888,51.00888728755428],[-114.15290477719024,51.008981280656386],[-114.15285049624246,51.00916878877961],[-114.15284981680541,51.00931074710002],[-114.15284928015726,51.009420692796006],[-114.15284707246818,51.009690482003435],[-114.15285724435381,51.010657503551144],[-114.15287629016747,51.01247060089187],[-114.151548368485,51.01250108453531],[-114.15029385506242,51.01249749598266],[-114.1490535728261,51.012494190405924],[-114.14838325079819,51.01249579295403]]]]}},{"type":"Feature","properties":{"DGUID":"2021S051248060696","DAUID":"48060696","LANDAREA":0.1848,"PRUID":"48","fed_num":"48013","da_code":"48060696","geo_name":"48060696","name_source":{"label":"Statistics Canada Census Profile 2021 DA WDS","url":"https://www12.statcan.gc.ca/wds-sdw/2021profile-profil2021-eng.cfm"},"population":722,"status":"ok","source":{"label":"Statistics Canada Census Profile 2021 DA WDS","url":"https://www12.statcan.gc.ca/wds-sdw/2021profile-profil2021-eng.cfm"},"community_name":"Calgary","community_source":{"label":"Statistics Canada 2021 census subdivision boundaries (spatial lookup)","url":"https://geo.statcan.gc.ca/geo_wa/rest/services/2021/Cartographic_boundary_files/MapServer/9"},"community_display":"Calgary","is_unorganized":false,"panel_title":"Calgary","display_label":"Calgary","map_label":"48060696"},"geometry":{"type":"MultiPolygon","coordinates":[[[[-114.15290477719024,51.008981280656386],[-114.15311006991888,51.00888728755428],[-114.15905548949677,51.00888819038184],[-114.15950293323074,51.00889427094705],[-114.15942476405726,51.010777113229835],[-114.15975149427587,51.01172951156297],[-114.15975196308673,51.01242211082541],[-114.1591961746531,51.012417593420565],[-114.15795576779603,51.01241440212636],[-114.15658687017817,51.012417105129586],[-114.15521787754182,51.012419701232616],[-114.15287629016747,51.01247060089187],[-114.15285724435381,51.010657503551144],[-114.15284707246818,51.009690482003435],[-114.15284928015726,51.009420692796006],[-114.15284981680541,51.00931074710002],[-114.15285049624246,51.00916878877961],[-114.15290477719024,51.008981280656386]]]]}},{"type":"Feature","properties":{"DGUID":"2021S051248060697","DAUID":"48060697","LANDAREA":0.1001,"PRUID":"48","fed_num":"48013","da_code":"48060697","geo_name":"48060697","name_source":{"label":"Statistics Canada Census Profile 2021 DA WDS","url":"https://www12.statcan.gc.ca/wds-sdw/2021profile-profil2021-eng.cfm"},"population":430,"status":"ok","source":{"label":"Statistics Canada Census Profile 2021 DA WDS","url":"https://www12.statcan.gc.ca/wds-sdw/2021profile-profil2021-eng.cfm"},"community_name":"Calgary","community_source":{"label":"Statistics Canada 2021 census subdivision boundaries (spatial lookup)","url":"https://geo.statcan.gc.ca/geo_wa/rest/services/2021/Cartographic_boundary_files/MapServer/9"},"community_display":"Calgary","is_unorganized":false,"panel_title":"Calgary","display_label":"Calgary","map_label":"48060697"},"geometry":{"type":"MultiPolygon","coordinates":[[[[-114.15286006851791,51.01366650321605],[-114.15287629016747,51.01247060089187],[-114.15521787754182,51.012419701232616],[-114.15521958802836,51.01425470649133],[-114.15518115002426,51.014415593993256],[-114.15514317154606,51.015269209060314],[-114.15514786158187,51.01612381457867],[-114.15643376294582,51.01608319190378],[-114.15730017717583,51.01590639872851],[-114.15775907326041,51.015863614648445],[-114.15777377847162,51.01608891381858],[-114.15808526372406,51.01659121471897],[-114.15728847129765,51.01679661291528],[-114.15652385540872,51.016939905248115],[-114.15576706626503,51.01695751085622],[-114.15492585771818,51.01695490648088],[-114.15421276821661,51.01695559426524],[-114.15285796175276,51.01695848942438],[-114.15285154442947,51.01613081641309],[-114.15285235425502,51.01542031167766],[-114.15286006851791,51.01366650321605]]]]}},{"type":"Feature","properties":{"DGUID":"2021S051248060698","DAUID":"48060698","LANDAREA":0.2181,"PRUID":"48","fed_num":"48013","da_code":"48060698","geo_name":"48060698","name_source":{"label":"Statistics Canada Census Profile 2021 DA WDS","url":"https://www12.statcan.gc.ca/wds-sdw/2021profile-profil2021-eng.cfm"},"population":694,"status":"ok","source":{"label":"Statistics Canada Census Profile 2021 DA WDS","url":"https://www12.statcan.gc.ca/wds-sdw/2021profile-profil2021-eng.cfm"},"community_name":"Calgary","community_source":{"label":"Statistics Canada 2021 census subdivision boundaries (spatial lookup)","url":"https://geo.statcan.gc.ca/geo_wa/rest/services/2021/Cartographic_boundary_files/MapServer/9"},"community_display":"Calgary","is_unorganized":false,"panel_title":"Calgary","display_label":"Calgary","map_label":"48060698"},"geometry":{"type":"MultiPolygon","coordinates":[[[[-114.1598022760644,51.01626410241714],[-114.15920256814626,51.01627650434158],[-114.15866526931657,51.01643441956459],[-114.15808526372406,51.01659121471897],[-114.15777377847162,51.01608891381858],[-114.15775907326041,51.015863614648445],[-114.15730017717583,51.01590639872851],[-114.15643376294582,51.01608319190378],[-114.15514786158187,51.01612381457867],[-114.15514317154606,51.015269209060314],[-114.15518115002426,51.014415593993256],[-114.15521958802836,51.01425470649133],[-114.15521787754182,51.012419701232616],[-114.15658687017817,51.012417105129586],[-114.15795576779603,51.01241440212636],[-114.1591961746531,51.012417593420565],[-114.15975196308673,51.01242211082541],[-114.15975149427587,51.01172951156297],[-114.16086368295372,51.011729604348915],[-114.1614418912738,51.01183361639274],[-114.1618142722463,51.01204049518338],[-114.16207216032393,51.012253699378775],[-114.1621530798361,51.01279541911686],[-114.16219245991925,51.01308411716203],[-114.1621721907735,51.013416516548254],[-114.16216287434717,51.01380299889087],[-114.16216448359361,51.01424381862142],[-114.16222138563296,51.01471290399341],[-114.16243048184779,51.015257710981835],[-114.1624265558952,51.01555441665195],[-114.1623758310493,51.01564448681012],[-114.16226667437732,51.015838304755086],[-114.16193855667863,51.016073199386135],[-114.16154487380402,51.01621660597385],[-114.16087175245453,51.016263220448586],[-114.1598022760644,51.01626410241714]]]]}},{"type":"Feature","properties":{"DGUID":"2021S051248060699","DAUID":"48060699","LANDAREA":0.0912,"PRUID":"48","fed_num":"48013","da_code":"48060699","geo_name":"48060699","name_source":{"label":"Statistics Canada Census Profile 2021 DA WDS","url":"https://www12.statcan.gc.ca/wds-sdw/2021profile-profil2021-eng.cfm"},"population":542,"status":"ok","source":{"label":"Statistics Canada Census Profile 2021 DA WDS","url":"https://www12.statcan.gc.ca/wds-sdw/2021profile-profil2021-eng.cfm"},"community_name":"Calgary","community_source":{"label":"Statistics Canada 2021 census subdivision boundaries (spatial lookup)","url":"https://geo.statcan.gc.ca/geo_wa/rest/services/2021/Cartographic_boundary_files/MapServer/9"},"community_display":"Calgary","is_unorganized":false,"panel_title":"Calgary","display_label":"Calgary","map_label":"48060699"},"geometry":{"type":"MultiPolygon","coordinates":[[[[-114.15285815001056,51.01788500361321],[-114.15285796175276,51.01695848942438],[-114.15421276821661,51.01695559426524],[-114.15492585771818,51.01695490648088],[-114.15576706626503,51.01695751085622],[-114.15652385540872,51.016939905248115],[-114.15728847129765,51.01679661291528],[-114.15808526372406,51.01659121471897],[-114.15866526931657,51.01643441956459],[-114.15920256814626,51.01627650434158],[-114.1598022760644,51.01626410241714],[-114.15980817771216,51.01663310718696],[-114.15972916513036,51.01792641599622],[-114.1597340738212,51.01807940910805],[-114.15903086985136,51.0181523060923],[-114.15671906588686,51.018410804013136],[-114.15430766137429,51.01866691543763],[-114.15286335055674,51.01896451216413],[-114.15285785981123,51.01882041802245],[-114.15286185574291,51.018523709074955],[-114.15285815001056,51.01788500361321]]]]}},{"type":"Feature","properties":{"DGUID":"2021S051248060700","DAUID":"48060700","LANDAREA":0.1794,"PRUID":"48","fed_num":"48013","da_code":"48060700","geo_name":"48060700","name_source":{"label":"Statistics Canada Census Profile 2021 DA WDS","url":"https://www12.statcan.gc.ca/wds-sdw/2021profile-profil2021-eng.cfm"},"population":918,"status":"ok","source":{"label":"Statistics Canada Census Profile 2021 DA WDS","url":"https://www12.statcan.gc.ca/wds-sdw/2021profile-profil2021-eng.cfm"},"community_name":"Calgary","community_source":{"label":"Statistics Canada 2021 census subdivision boundaries (spatial lookup)","url":"https://geo.statcan.gc.ca/geo_wa/rest/services/2021/Cartographic_boundary_files/MapServer/9"},"community_display":"Calgary","is_unorganized":false,"panel_title":"Calgary","display_label":"Calgary","map_label":"48060700"},"geometry":{"type":"MultiPolygon","coordinates":[[[[-114.15532796022656,51.02063461377736],[-114.15533876880932,51.019294716744845],[-114.15552753748786,51.019236406456464],[-114.15669756313851,51.01922882444153],[-114.15671906588686,51.018410804013136],[-114.15903086985136,51.0181523060923],[-114.1597340738212,51.01807940910805],[-114.15974717586928,51.018331610294595],[-114.15985828172562,51.018847013327274],[-114.16020754918637,51.01943121473472],[-114.16079896786724,51.0202551076714],[-114.16093196373313,51.02064511512556],[-114.16095265924412,51.0212392228533],[-114.1609652585005,51.02150041468206],[-114.1611081712972,51.021728720863386],[-114.16104844678215,51.02200612186212],[-114.16104234946835,51.02233881403216],[-114.1610475580078,51.023886035150404],[-114.15860854001869,51.02388971730091],[-114.15945826649586,51.02282201911863],[-114.15955687671773,51.022608518055215],[-114.15957336744026,51.022339022229204],[-114.15860334491663,51.02234243202285],[-114.15817617567525,51.022332023740155],[-114.15747675423289,51.02234201282908],[-114.15639273903898,51.022342619540474],[-114.15532364196726,51.022334514278704],[-114.15531296349212,51.02134491386109],[-114.15532126440598,51.02097630121421],[-114.15532796022656,51.02063461377736]]]]}},{"type":"Feature","properties":{"DGUID":"2021S051248060701","DAUID":"48060701","LANDAREA":0.0834,"PRUID":"48","fed_num":"48013","da_code":"48060701","geo_name":"48060701","name_source":{"label":"Statistics Canada Census Profile 2021 DA WDS","url":"https://www12.statcan.gc.ca/wds-sdw/2021profile-profil2021-eng.cfm"},"population":502,"status":"ok","source":{"label":"Statistics Canada Census Profile 2021 DA WDS","url":"https://www12.statcan.gc.ca/wds-sdw/2021profile-profil2021-eng.cfm"},"community_name":"Calgary","community_source":{"label":"Statistics Canada 2021 census subdivision boundaries (spatial lookup)","url":"https://geo.statcan.gc.ca/geo_wa/rest/services/2021/Cartographic_boundary_files/MapServer/9"},"community_display":"Calgary","is_unorganized":false,"panel_title":"Calgary","display_label":"Calgary","map_label":"48060701"},"geometry":{"type":"MultiPolygon","coordinates":[[[[-114.15251444543482,51.022329028891235],[-114.15251304565699,51.02142052208314],[-114.15253906968479,51.020764519294865],[-114.15285335427632,51.01936000714046],[-114.15286335055674,51.01896451216413],[-114.15430766137429,51.01866691543763],[-114.15671906588686,51.018410804013136],[-114.15669756313851,51.01922882444153],[-114.15552753748786,51.019236406456464],[-114.15533876880932,51.019294716744845],[-114.15532796022656,51.02063461377736],[-114.15532126440598,51.02097630121421],[-114.15531296349212,51.02134491386109],[-114.15532364196726,51.022334514278704],[-114.15251444543482,51.022329028891235]]]]}},{"type":"Feature","properties":{"DGUID":"2021S051248060702","DAUID":"48060702","LANDAREA":0.1424,"PRUID":"48","fed_num":"48013","da_code":"48060702","geo_name":"48060702","name_source":{"label":"Statistics Canada Census Profile 2021 DA WDS","url":"https://www12.statcan.gc.ca/wds-sdw/2021profile-profil2021-eng.cfm"},"population":664,"status":"ok","source":{"label":"Statistics Canada Census Profile 2021 DA WDS","url":"https://www12.statcan.gc.ca/wds-sdw/2021profile-profil2021-eng.cfm"},"community_name":"Calgary","community_source":{"label":"Statistics Canada 2021 census subdivision boundaries (spatial lookup)","url":"https://geo.statcan.gc.ca/geo_wa/rest/services/2021/Cartographic_boundary_files/MapServer/9"},"community_display":"Calgary","is_unorganized":false,"panel_title":"Calgary","display_label":"Calgary","map_label":"48060702"},"geometry":{"type":"MultiPolygon","coordinates":[[[[-114.15235556752671,51.019105000249446],[-114.15286335055674,51.01896451216413],[-114.15285335427632,51.01936000714046],[-114.15253906968479,51.020764519294865],[-114.15251304565699,51.02142052208314],[-114.15251444543482,51.022329028891235],[-114.15251944083468,51.02387622410492],[-114.1511090505909,51.02385080955899],[-114.14966687756777,51.0238786188317],[-114.14824055923935,51.02387972509815],[-114.14825107499419,51.022314916192094],[-114.14824674417352,51.02075871491899],[-114.14824966488737,51.02047991628777],[-114.14817306754487,51.020334196520494],[-114.14961085178538,51.01991051793842],[-114.15103385446055,51.01949550658733],[-114.15183209897202,51.01925965050606],[-114.15235556752671,51.019105000249446]]]]}},{"type":"Feature","properties":{"DGUID":"2021S051248060703","DAUID":"48060703","LANDAREA":0.1392,"PRUID":"48","fed_num":"48013","da_code":"48060703","geo_name":"48060703","name_source":{"label":"Statistics Canada Census Profile 2021 DA WDS","url":"https://www12.statcan.gc.ca/wds-sdw/2021profile-profil2021-eng.cfm"},"population":357,"status":"ok","source":{"label":"Statistics Canada Census Profile 2021 DA WDS","url":"https://www12.statcan.gc.ca/wds-sdw/2021profile-profil2021-eng.cfm"},"community_name":"Calgary","community_source":{"label":"Statistics Canada 2021 census subdivision boundaries (spatial lookup)","url":"https://geo.statcan.gc.ca/geo_wa/rest/services/2021/Cartographic_boundary_files/MapServer/9"},"community_display":"Calgary","is_unorganized":false,"panel_title":"Calgary","display_label":"Calgary","map_label":"48060703"},"geometry":{"type":"MultiPolygon","coordinates":[[[[-114.15153854011646,51.01707920333539],[-114.15074706073855,51.016034491629476],[-114.14962973510956,51.01634909825604],[-114.14851246421189,51.016663591343125],[-114.1479442364254,51.01593010643777],[-114.1474183695995,51.015206694463345],[-114.15005875853365,51.01447060727701],[-114.15025095995014,51.014358406361495],[-114.15030137207062,51.01423368626945],[-114.15029385506242,51.01249749598266],[-114.151548368485,51.01250108453531],[-114.15287629016747,51.01247060089187],[-114.15286006851791,51.01366650321605],[-114.15285235425502,51.01542031167766],[-114.15285154442947,51.01613081641309],[-114.15285796175276,51.01695848942438],[-114.15285815001056,51.01788500361321],[-114.15286185574291,51.018523709074955],[-114.15285785981123,51.01882041802245],[-114.15286335055674,51.01896451216413],[-114.15235556752671,51.019105000249446],[-114.15183209897202,51.01925965050606],[-114.15178376325808,51.019127002691086],[-114.15170055839144,51.01908899598933],[-114.15114435900747,51.018391900070974],[-114.15146696267503,51.018246804732975],[-114.1515502642631,51.018051008874515],[-114.15153176252772,51.01788859489911],[-114.15153854011646,51.01707920333539]]]]}},{"type":"Feature","properties":{"DGUID":"2021S051248060704","DAUID":"48060704","LANDAREA":0.2486,"PRUID":"48","fed_num":"48013","da_code":"48060704","geo_name":"48060704","name_source":{"label":"Statistics Canada Census Profile 2021 DA WDS","url":"https://www12.statcan.gc.ca/wds-sdw/2021profile-profil2021-eng.cfm"},"population":513,"status":"ok","source":{"label":"Statistics Canada Census Profile 2021 DA WDS","url":"https://www12.statcan.gc.ca/wds-sdw/2021profile-profil2021-eng.cfm"},"community_name":"Calgary","community_source":{"label":"Statistics Canada 2021 census subdivision boundaries (spatial lookup)","url":"https://geo.statcan.gc.ca/geo_wa/rest/services/2021/Cartographic_boundary_files/MapServer/9"},"community_display":"Calgary","is_unorganized":false,"panel_title":"Calgary","display_label":"Calgary","map_label":"48060704"},"geometry":{"type":"MultiPolygon","coordinates":[[[[-114.14645415369202,51.01952759755637],[-114.14511431877246,51.017659879540474],[-114.1448246317099,51.01773379188395],[-114.14396754801069,51.017757775452495],[-114.14394884587944,51.015742478676984],[-114.14375663477867,51.01562086942661],[-114.14275942085342,51.015605471272295],[-114.14258042792768,51.01550207916825],[-114.14257966028333,51.014818478329474],[-114.14455670369261,51.01482632704449],[-114.14697054871131,51.01483588394686],[-114.1471659617463,51.01490367173497],[-114.1474183695995,51.015206694463345],[-114.1479442364254,51.01593010643777],[-114.14851246421189,51.016663591343125],[-114.14962973510956,51.01634909825604],[-114.15074706073855,51.016034491629476],[-114.15153854011646,51.01707920333539],[-114.15153176252772,51.01788859489911],[-114.1515502642631,51.018051008874515],[-114.15146696267503,51.018246804732975],[-114.15114435900747,51.018391900070974],[-114.15170055839144,51.01908899598933],[-114.15178376325808,51.019127002691086],[-114.15183209897202,51.01925965050606],[-114.15103385446055,51.01949550658733],[-114.14961085178538,51.01991051793842],[-114.14817306754487,51.020334196520494],[-114.14676476964102,51.02074050439103],[-114.14535585130275,51.02115579948913],[-114.14524855051283,51.02104519437904],[-114.1451823350837,51.020962694108526],[-114.14469573241254,51.02029410757306],[-114.14467396718214,51.02018580312402],[-114.14637194846225,51.01970550242419],[-114.14645415369202,51.01952759755637]]]]}},{"type":"Feature","properties":{"DGUID":"2021S051248060705","DAUID":"48060705","LANDAREA":0.2194,"PRUID":"48","fed_num":"48013","da_code":"48060705","geo_name":"48060705","name_source":{"label":"Statistics Canada Census Profile 2021 DA WDS","url":"https://www12.statcan.gc.ca/wds-sdw/2021profile-profil2021-eng.cfm"},"population":588,"status":"ok","source":{"label":"Statistics Canada Census Profile 2021 DA WDS","url":"https://www12.statcan.gc.ca/wds-sdw/2021profile-profil2021-eng.cfm"},"community_name":"Calgary","community_source":{"label":"Statistics Canada 2021 census subdivision boundaries (spatial lookup)","url":"https://geo.statcan.gc.ca/geo_wa/rest/services/2021/Cartographic_boundary_files/MapServer/9"},"community_display":"Calgary","is_unorganized":false,"panel_title":"Calgary","display_label":"Calgary","map_label":"48060705"},"geometry":{"type":"MultiPolygon","coordinates":[[[[-114.15251944083468,51.02387622410492],[-114.15251444543482,51.022329028891235],[-114.15532364196726,51.022334514278704],[-114.15639273903898,51.022342619540474],[-114.15747675423289,51.02234201282908],[-114.15817617567525,51.022332023740155],[-114.15860334491663,51.02234243202285],[-114.15957336744026,51.022339022229204],[-114.15955687671773,51.022608518055215],[-114.15945826649586,51.02282201911863],[-114.15860854001869,51.02388971730091],[-114.1610475580078,51.023886035150404],[-114.16105787190196,51.024650832589614],[-114.16105288187063,51.025433236944714],[-114.16105596550527,51.027016443277496],[-114.15957476459886,51.02698042166412],[-114.15816155486327,51.02700002543454],[-114.15675106145741,51.02697463214591],[-114.15674143668824,51.02549922199377],[-114.156646254086,51.02542513428962],[-114.1566305308579,51.02542528785202],[-114.15531907323147,51.025437633770046],[-114.15390695726148,51.0254392255428],[-114.15390295972712,51.02387401347639],[-114.15251944083468,51.02387622410492]]]]}},{"type":"Feature","properties":{"DGUID":"2021S051248060707","DAUID":"48060707","LANDAREA":0.0932,"PRUID":"48","fed_num":"48013","da_code":"48060707","geo_name":"48060707","name_source":{"label":"Statistics Canada Census Profile 2021 DA WDS","url":"https://www12.statcan.gc.ca/wds-sdw/2021profile-profil2021-eng.cfm"},"population":441,"status":"ok","source":{"label":"Statistics Canada Census Profile 2021 DA WDS","url":"https://www12.statcan.gc.ca/wds-sdw/2021profile-profil2021-eng.cfm"},"community_name":"Calgary","community_source":{"label":"Statistics Canada 2021 census subdivision boundaries (spatial lookup)","url":"https://geo.statcan.gc.ca/geo_wa/rest/services/2021/Cartographic_boundary_files/MapServer/9"},"community_display":"Calgary","is_unorganized":false,"panel_title":"Calgary","display_label":"Calgary","map_label":"48060707"},"geometry":{"type":"MultiPolygon","coordinates":[[[[-114.1581620450594,51.02722483733674],[-114.15816155486327,51.02700002543454],[-114.15957476459886,51.02698042166412],[-114.16105596550527,51.027016443277496],[-114.1610587886699,51.02725647843537],[-114.16106218064719,51.027543985487725],[-114.16106430192232,51.02772509251635],[-114.1610651789704,51.02779924226275],[-114.16106830111578,51.02794025676114],[-114.16107232924149,51.0281213376206],[-114.16108794746192,51.02882514266098],[-114.16107247926321,51.029778236883516],[-114.16106034220401,51.03020962935259],[-114.16106905133061,51.03053373708115],[-114.1585431528315,51.03053625231714],[-114.1575170588585,51.0305372423315],[-114.15752787363805,51.0289634354283],[-114.15755364562688,51.028541334677406],[-114.15805624834363,51.02755514070103],[-114.1581620450594,51.02722483733674]]]]}},{"type":"Feature","properties":{"DGUID":"2021S051248060708","DAUID":"48060708","LANDAREA":0.2413,"PRUID":"48","fed_num":"48013","da_code":"48060708","geo_name":"48060708","name_source":{"label":"Statistics Canada Census Profile 2021 DA WDS","url":"https://www12.statcan.gc.ca/wds-sdw/2021profile-profil2021-eng.cfm"},"population":617,"status":"ok","source":{"label":"Statistics Canada Census Profile 2021 DA WDS","url":"https://www12.statcan.gc.ca/wds-sdw/2021profile-profil2021-eng.cfm"},"community_name":"Calgary","community_source":{"label":"Statistics Canada 2021 census subdivision boundaries (spatial lookup)","url":"https://geo.statcan.gc.ca/geo_wa/rest/services/2021/Cartographic_boundary_files/MapServer/9"},"community_display":"Calgary","is_unorganized":false,"panel_title":"Calgary","display_label":"Calgary","map_label":"48060708"},"geometry":{"type":"MultiPolygon","coordinates":[[[[-114.15285824836232,51.03137712875132],[-114.15285245087122,51.03054054171159],[-114.15282265290827,51.0296313376508],[-114.15254545763344,51.02787063449494],[-114.15252823361601,51.02698862325542],[-114.15252384523613,51.02543243259747],[-114.15251944083468,51.02387622410492],[-114.15390295972712,51.02387401347639],[-114.15390695726148,51.0254392255428],[-114.15531907323147,51.025437633770046],[-114.1566305308579,51.02542528785202],[-114.156646254086,51.02542513428962],[-114.15674143668824,51.02549922199377],[-114.15675106145741,51.02697463214591],[-114.15816155486327,51.02700002543454],[-114.1581620450594,51.02722483733674],[-114.15805624834363,51.02755514070103],[-114.15755364562688,51.028541334677406],[-114.15752787363805,51.0289634354283],[-114.1575170588585,51.0305372423315],[-114.15624726327708,51.03054232787596],[-114.15623826309239,51.031387630848656],[-114.15623544034264,51.031900225037724],[-114.15509095946764,51.03218713811812],[-114.15448996139583,51.032217522814726],[-114.15418203730624,51.03212003486711],[-114.15411744065759,51.032010545771364],[-114.15409845851705,51.03138943334741],[-114.15285824836232,51.03137712875132]]]]}},{"type":"Feature","properties":{"DGUID":"2021S051248060710","DAUID":"48060710","LANDAREA":0.2123,"PRUID":"48","fed_num":"48013","da_code":"48060710","geo_name":"48060710","name_source":{"label":"Statistics Canada Census Profile 2021 DA WDS","url":"https://www12.statcan.gc.ca/wds-sdw/2021profile-profil2021-eng.cfm"},"population":559,"status":"ok","source":{"label":"Statistics Canada Census Profile 2021 DA WDS","url":"https://www12.statcan.gc.ca/wds-sdw/2021profile-profil2021-eng.cfm"},"community_name":"Calgary","community_source":{"label":"Statistics Canada 2021 census subdivision boundaries (spatial lookup)","url":"https://geo.statcan.gc.ca/geo_wa/rest/services/2021/Cartographic_boundary_files/MapServer/9"},"community_display":"Calgary","is_unorganized":false,"panel_title":"Calgary","display_label":"Calgary","map_label":"48060710"},"geometry":{"type":"MultiPolygon","coordinates":[[[[-114.16045326177587,51.03780443870255],[-114.15841505409541,51.037772946735714],[-114.15812525687446,51.03784684513912],[-114.15659987013049,51.03782764752214],[-114.15580106436565,51.03782614179905],[-114.15411793690862,51.03782113661825],[-114.15286265603427,51.03781754781239],[-114.15286505322507,51.035685840499994],[-114.15285992923215,51.03437243572047],[-114.15410146537957,51.0343667432133],[-114.15511382942618,51.03437343742017],[-114.1559010503433,51.03456354993371],[-114.15697533105563,51.034958432433655],[-114.15805013859149,51.03534445467353],[-114.15958514677342,51.035903433683124],[-114.1602453360466,51.036072446686994],[-114.1607975442978,51.03613984409412],[-114.16259516023653,51.03613854930663],[-114.16390786610803,51.03613444094103],[-114.16389844441166,51.037690444272656],[-114.1637635678869,51.03779503986855],[-114.1631357541638,51.03779775537164],[-114.1616657581507,51.03780694094544],[-114.16045326177587,51.03780443870255]]]]}},{"type":"Feature","properties":{"DGUID":"2021S051248060711","DAUID":"48060711","LANDAREA":1.2118,"PRUID":"48","fed_num":"48013","da_code":"48060711","geo_name":"48060711","name_source":{"label":"Statistics Canada Census Profile 2021 DA WDS","url":"https://www12.statcan.gc.ca/wds-sdw/2021profile-profil2021-eng.cfm"},"population":1650,"status":"ok","source":{"label":"Statistics Canada Census Profile 2021 DA WDS","url":"https://www12.statcan.gc.ca/wds-sdw/2021profile-profil2021-eng.cfm"},"community_name":"Calgary","community_source":{"label":"Statistics Canada 2021 census subdivision boundaries (spatial lookup)","url":"https://geo.statcan.gc.ca/geo_wa/rest/services/2021/Cartographic_boundary_files/MapServer/9"},"community_display":"Calgary","is_unorganized":false,"panel_title":"Calgary","display_label":"Calgary","map_label":"48060711"},"geometry":{"type":"MultiPolygon","coordinates":[[[[-114.1641574110529,51.03062334667499],[-114.16415110126796,51.026934150814384],[-114.16414767289636,51.02494380608416],[-114.1641424727306,51.02191851558261],[-114.16413876545212,51.0197426205096],[-114.16424015278776,51.01854870658298],[-114.16429446579184,51.01812731736871],[-114.16527417681257,51.0181961113854],[-114.16548911226594,51.01819455177837],[-114.16613014439596,51.01818991431583],[-114.16668936246505,51.01814050870408],[-114.1673646933825,51.01805792533135],[-114.16796925027073,51.017964610761126],[-114.16815658078332,51.01793321510392],[-114.16868997234272,51.01783821290988],[-114.17027987907026,51.017490017201084],[-114.17097585731715,51.017300023622795],[-114.17113578889948,51.01724992857153],[-114.17142720056883,51.017149029061706],[-114.17218398092052,51.01689752971421],[-114.17277976502731,51.01671402610319],[-114.17293969205942,51.01666392832197],[-114.17321627400604,51.01657173310703],[-114.1737249949447,51.01641313256976],[-114.17484820168747,51.01623342033796],[-114.17596431138844,51.01617054010653],[-114.1759759095159,51.01644963782427],[-114.17599037964065,51.0180870289227],[-114.17598719206944,51.018374747209606],[-114.1761831866508,51.01880901639624],[-114.17618831407032,51.01882034062561],[-114.1764571987955,51.019087727304324],[-114.17685597702715,51.01933122654755],[-114.17801440056907,51.01974604403692],[-114.17927150056047,51.02018114065917],[-114.17988927535303,51.020339928397924],[-114.18060893134047,51.02043828062027],[-114.18069670744322,51.02045653614688],[-114.18080780286891,51.02043141716146],[-114.18220337820193,51.02051273617095],[-114.18230301190103,51.020515139302844],[-114.18241639351788,51.0205269319697],[-114.18351889978813,51.02053804732136],[-114.18361788397962,51.02056123472764],[-114.18369359076692,51.020637348379154],[-114.18371897338339,51.020918128318044],[-114.18387087575556,51.02147044841802],[-114.18423270542928,51.02232473202202],[-114.18423077899982,51.023296051715825],[-114.18421830924922,51.02350264380244],[-114.18404868234848,51.02394834552921],[-114.18376727953549,51.02435524025411],[-114.18243558733786,51.023972332143735],[-114.18206749060627,51.02392752917087],[-114.18150879147926,51.02396793348308],[-114.18115999505196,51.02407653876725],[-114.18074319635534,51.02436322117994],[-114.18059976132774,51.024611634163655],[-114.18050735854739,51.02519403142795],[-114.18033338263045,51.025945435223704],[-114.17992529580052,51.0265591672567],[-114.17728597129677,51.025161251582496],[-114.177290385002,51.02508934619097],[-114.17727310130246,51.02373072863412],[-114.17716559036795,51.02291864847883],[-114.17700396167865,51.02252792904646],[-114.17676669598917,51.02220734017084],[-114.17643856499176,51.02197452837308],[-114.17606498561844,51.02178564946289],[-114.17554578100803,51.02164715104892],[-114.174836997933,51.021576032162216],[-114.17304170472771,51.02178443885773],[-114.17286907138886,51.02180724313979],[-114.1720919741,51.021923331738286],[-114.17169756464891,51.022075731446634],[-114.17141609599648,51.02224874190423],[-114.17087378788425,51.02284273540001],[-114.1704839806426,51.02326963931908],[-114.17036347461574,51.02360843946321],[-114.17024457948817,51.02392042065958],[-114.1702046678687,51.02434223030867],[-114.16900677642394,51.02434013649659],[-114.16898437479655,51.02611152510656],[-114.16710228867274,51.0261019394615],[-114.167098369361,51.02686633092981],[-114.16710716589544,51.02765815056706],[-114.16558048616113,51.02766603272464],[-114.16556396343289,51.02840324447737],[-114.16557327830995,51.028718237622805],[-114.16555687061862,51.029455425231],[-114.1655513581198,51.029779128017154],[-114.16555457299208,51.030426832287],[-114.165705752551,51.03052043185407],[-114.16596267619956,51.030517634124195],[-114.16694765003429,51.03050554416208],[-114.16694216629875,51.03153083947997],[-114.16694435868675,51.03219655765784],[-114.16705666912664,51.0324600368021],[-114.16731356317324,51.03269113948611],[-114.1673798611032,51.032773734066666],[-114.1669716640904,51.03315063087988],[-114.16691351705796,51.033428540909185],[-114.16689114801953,51.03353543894622],[-114.1668955833331,51.033931348075406],[-114.16690427578247,51.03402144142592],[-114.16691964988125,51.034705448394845],[-114.16705324868701,51.03508645258814],[-114.16744225026132,51.03549165464196],[-114.16807507675625,51.035875841930185],[-114.16821207546914,51.0359690513737],[-114.16856977142082,51.036184657351214],[-114.1692097601213,51.036685849955404],[-114.1698847502341,51.037313857301875],[-114.1700600795878,51.03748005174925],[-114.17011836810697,51.03753405296447],[-114.17019114245997,51.037607525264306],[-114.1703022669536,51.037719760615985],[-114.17009734850045,51.03780476045692],[-114.16945355663272,51.03806793988483],[-114.1683555620153,51.03852703742829],[-114.16700606593223,51.039132954269185],[-114.16614085400934,51.03975056148845],[-114.16545766213643,51.03995884507668],[-114.16498365318641,51.040010352351466],[-114.16444125287714,51.040015141152764],[-114.16416992999388,51.0400175489667],[-114.16418095054333,51.039837947537926],[-114.164172254087,51.03928003629025],[-114.16416972217787,51.03780898561567],[-114.1641574110529,51.03062334667499]]]]}},{"type":"Feature","properties":{"DGUID":"2021S051248060712","DAUID":"48060712","LANDAREA":0.2154,"PRUID":"48","fed_num":"48013","da_code":"48060712","geo_name":"48060712","name_source":{"label":"Statistics Canada Census Profile 2021 DA WDS","url":"https://www12.statcan.gc.ca/wds-sdw/2021profile-profil2021-eng.cfm"},"population":635,"status":"ok","source":{"label":"Statistics Canada Census Profile 2021 DA WDS","url":"https://www12.statcan.gc.ca/wds-sdw/2021profile-profil2021-eng.cfm"},"community_name":"Calgary","community_source":{"label":"Statistics Canada 2021 census subdivision boundaries (spatial lookup)","url":"https://geo.statcan.gc.ca/geo_wa/rest/services/2021/Cartographic_boundary_files/MapServer/9"},"community_display":"Calgary","is_unorganized":false,"panel_title":"Calgary","display_label":"Calgary","map_label":"48060712"},"geometry":{"type":"MultiPolygon","coordinates":[[[[-114.16556396343289,51.02840324447737],[-114.16558048616113,51.02766603272464],[-114.16710716589544,51.02765815056706],[-114.167098369361,51.02686633092981],[-114.16710228867274,51.0261019394615],[-114.16898437479655,51.02611152510656],[-114.16900677642394,51.02434013649659],[-114.1702046678687,51.02434223030867],[-114.17020629684922,51.02478294383981],[-114.17021459441136,51.02488213524945],[-114.17021957716571,51.02690604813242],[-114.17024057544955,51.02983883183933],[-114.17025586599266,51.030055150980274],[-114.17031557754763,51.03047933535573],[-114.17032277656465,51.03059644156978],[-114.17037708022144,51.032513640445],[-114.17036888627317,51.032648348166056],[-114.16805805349527,51.032646237961224],[-114.1673798611032,51.032773734066666],[-114.16731356317324,51.03269113948611],[-114.16705666912664,51.0324600368021],[-114.16694435868675,51.03219655765784],[-114.16694216629875,51.03153083947997],[-114.16694765003429,51.03050554416208],[-114.16596267619956,51.030517634124195],[-114.165705752551,51.03052043185407],[-114.16555457299208,51.030426832287],[-114.1655513581198,51.029779128017154],[-114.16555687061862,51.029455425231],[-114.16557327830995,51.028718237622805],[-114.16556396343289,51.02840324447737]]]]}},{"type":"Feature","properties":{"DGUID":"2021S051248060716","DAUID":"48060716","LANDAREA":0.3958,"PRUID":"48","fed_num":"48013","da_code":"48060716","geo_name":"48060716","name_source":{"label":"Statistics Canada Census Profile 2021 DA WDS","url":"https://www12.statcan.gc.ca/wds-sdw/2021profile-profil2021-eng.cfm"},"population":909,"status":"ok","source":{"label":"Statistics Canada Census Profile 2021 DA WDS","url":"https://www12.statcan.gc.ca/wds-sdw/2021profile-profil2021-eng.cfm"},"community_name":"Calgary","community_source":{"label":"Statistics Canada 2021 census subdivision boundaries (spatial lookup)","url":"https://geo.statcan.gc.ca/geo_wa/rest/services/2021/Cartographic_boundary_files/MapServer/9"},"community_display":"Calgary","is_unorganized":false,"panel_title":"Calgary","display_label":"Calgary","map_label":"48060716"},"geometry":{"type":"MultiPolygon","coordinates":[[[[-114.18196385414939,51.04243347657992],[-114.17741228357012,51.04208384386079],[-114.17638734008139,51.042003250660954],[-114.17268714254193,51.04167952136217],[-114.17167765054182,51.0414414756432],[-114.17166074936542,51.04141355190575],[-114.17163666520045,51.04110714759915],[-114.17168707252219,51.04098245464427],[-114.17167716778667,51.04020866039474],[-114.17168204589635,51.03989395282904],[-114.17168917596788,51.03977714648261],[-114.17167158095455,51.039596862325865],[-114.17160257166564,51.03909146308728],[-114.17141947721097,51.038817158699025],[-114.17054555721023,51.03794155563979],[-114.1703022669536,51.037719760615985],[-114.1706830498903,51.03755805734704],[-114.17221658746155,51.03697455918134],[-114.17292605562574,51.03680285536465],[-114.17368978231981,51.03667745120521],[-114.17447926701847,51.03659764649271],[-114.17587638647713,51.03661345001679],[-114.17659907953882,51.036693843587486],[-114.17761376158509,51.0368982439415],[-114.17848778173794,51.03707235328863],[-114.17831137749955,51.037391844783784],[-114.17805505773143,51.03785336835418],[-114.17641514422291,51.037840749717446],[-114.17604208496401,51.037876662523644],[-114.17558406510028,51.03790156228002],[-114.17504707503518,51.03805055430047],[-114.17495566777497,51.038147266224335],[-114.17495895683565,51.03832727044749],[-114.17512775941333,51.038601150158634],[-114.17547244506969,51.03903225116724],[-114.17567796428735,51.039172166626535],[-114.17591465741232,51.03926775206144],[-114.17663787176025,51.03933924776091],[-114.17662375902624,51.040040465522694],[-114.17783355177288,51.04008777053451],[-114.17846377644179,51.040282870924976],[-114.178714758463,51.04037887633227],[-114.17993235233116,51.04076807193134],[-114.18052307474358,51.04090824657854],[-114.18096525475556,51.040909964365774],[-114.18115096357934,51.040905471171115],[-114.18139476127475,51.0408843517601],[-114.1820566623373,51.04055846819659],[-114.18249124729793,51.040919755360065],[-114.18276967208172,51.04103446734681],[-114.18290886907617,51.04109175787493],[-114.18341675568811,51.04118496097928],[-114.1838463690137,51.04115936884476],[-114.18404905224271,51.041110258311306],[-114.18500566365343,51.04086345115242],[-114.18582485473019,51.040766272093066],[-114.18746586800351,51.04076085080467],[-114.18745490251636,51.04164999296616],[-114.18744877232491,51.04214929802431],[-114.18741127442382,51.04519396988963],[-114.18409145785381,51.043258802854005],[-114.18285796987013,51.04322875300995],[-114.18279664469983,51.04250038264443],[-114.18196385414939,51.04243347657992]]]]}},{"type":"Feature","properties":{"DGUID":"2021S051248060717","DAUID":"48060717","LANDAREA":0.2703,"PRUID":"48","fed_num":"48013","da_code":"48060717","geo_name":"48060717","name_source":{"label":"Statistics Canada Census Profile 2021 DA WDS","url":"https://www12.statcan.gc.ca/wds-sdw/2021profile-profil2021-eng.cfm"},"population":699,"status":"ok","source":{"label":"Statistics Canada Census Profile 2021 DA WDS","url":"https://www12.statcan.gc.ca/wds-sdw/2021profile-profil2021-eng.cfm"},"community_name":"Calgary","community_source":{"label":"Statistics Canada 2021 census subdivision boundaries (spatial lookup)","url":"https://geo.statcan.gc.ca/geo_wa/rest/services/2021/Cartographic_boundary_files/MapServer/9"},"community_display":"Calgary","is_unorganized":false,"panel_title":"Calgary","display_label":"Calgary","map_label":"48060717"},"geometry":{"type":"MultiPolygon","coordinates":[[[[-114.18582485473019,51.040766272093066],[-114.18500566365343,51.04086345115242],[-114.18404905224271,51.041110258311306],[-114.1838463690137,51.04115936884476],[-114.18341675568811,51.04118496097928],[-114.18290886907617,51.04109175787493],[-114.18276967208172,51.04103446734681],[-114.18249124729793,51.040919755360065],[-114.1820566623373,51.04055846819659],[-114.18139476127475,51.0408843517601],[-114.18115096357934,51.040905471171115],[-114.18096525475556,51.040909964365774],[-114.18052307474358,51.04090824657854],[-114.17993235233116,51.04076807193134],[-114.178714758463,51.04037887633227],[-114.17846377644179,51.040282870924976],[-114.17783355177288,51.04008777053451],[-114.17662375902624,51.040040465522694],[-114.17663787176025,51.03933924776091],[-114.17591465741232,51.03926775206144],[-114.17567796428735,51.039172166626535],[-114.17547244506969,51.03903225116724],[-114.17512775941333,51.038601150158634],[-114.17495895683565,51.03832727044749],[-114.17495566777497,51.038147266224335],[-114.17504707503518,51.03805055430047],[-114.17558406510028,51.03790156228002],[-114.17604208496401,51.037876662523644],[-114.17641514422291,51.037840749717446],[-114.17805505773143,51.03785336835418],[-114.17831137749955,51.037391844783784],[-114.17848778173794,51.03707235328863],[-114.17861484884754,51.03709334722636],[-114.17969968375077,51.03731744661858],[-114.18156539085491,51.037605364445255],[-114.18306726543456,51.03777654661926],[-114.18525557065968,51.03791926511806],[-114.18586755244883,51.03794296199906],[-114.18748027538582,51.03796134621041],[-114.18747746471459,51.038215648463066],[-114.18747365217159,51.039121014639974],[-114.18746898059803,51.04023926521773],[-114.1874581780979,51.04065277054437],[-114.18746586800351,51.04076085080467],[-114.18582485473019,51.040766272093066]]]]}},{"type":"Feature","properties":{"DGUID":"2021S051248060719","DAUID":"48060719","LANDAREA":0.2939,"PRUID":"48","fed_num":"48013","da_code":"48060719","geo_name":"48060719","name_source":{"label":"Statistics Canada Census Profile 2021 DA WDS","url":"https://www12.statcan.gc.ca/wds-sdw/2021profile-profil2021-eng.cfm"},"population":1256,"status":"ok","source":{"label":"Statistics Canada Census Profile 2021 DA WDS","url":"https://www12.statcan.gc.ca/wds-sdw/2021profile-profil2021-eng.cfm"},"community_name":"Calgary","community_source":{"label":"Statistics Canada 2021 census subdivision boundaries (spatial lookup)","url":"https://geo.statcan.gc.ca/geo_wa/rest/services/2021/Cartographic_boundary_files/MapServer/9"},"community_display":"Calgary","is_unorganized":false,"panel_title":"Calgary","display_label":"Calgary","map_label":"48060719"},"geometry":{"type":"MultiPolygon","coordinates":[[[[-114.18050735854739,51.02519403142795],[-114.18059976132774,51.024611634163655],[-114.18074319635534,51.02436322117994],[-114.18115999505196,51.02407653876725],[-114.18150879147926,51.02396793348308],[-114.18206749060627,51.02392752917087],[-114.18243558733786,51.023972332143735],[-114.18376727953549,51.02435524025411],[-114.18404868234848,51.02394834552921],[-114.18421830924922,51.02350264380244],[-114.18423077899982,51.023296051715825],[-114.18444339460609,51.02331923830183],[-114.18482518147358,51.02337332493577],[-114.18635169611181,51.0233652329319],[-114.18749307649448,51.02335674136578],[-114.1874937872857,51.02358164732962],[-114.18749435444141,51.02490025561352],[-114.18749457299944,51.02545253866977],[-114.18748388297256,51.02869034032837],[-114.18748157377443,51.03023854233118],[-114.18748157126372,51.030472159707486],[-114.18748138585137,51.03061514444466],[-114.18683987491855,51.030608742089186],[-114.18405542271135,51.0305977116287],[-114.18390721765023,51.0304553651292],[-114.18336577485152,51.0299352595306],[-114.18345391560007,51.02913357857335],[-114.18362066748145,51.02863371176553],[-114.18251921352372,51.02730181960352],[-114.18120811286636,51.02654204127404],[-114.17992529580052,51.0265591672567],[-114.18033338263045,51.025945435223704],[-114.18050735854739,51.02519403142795]]]]}},{"type":"Feature","properties":{"DGUID":"2021S051248060758","DAUID":"48060758","LANDAREA":0.3272,"PRUID":"48","fed_num":"48013","da_code":"48060758","geo_name":"48060758","name_source":{"label":"Statistics Canada Census Profile 2021 DA WDS","url":"https://www12.statcan.gc.ca/wds-sdw/2021profile-profil2021-eng.cfm"},"population":693,"status":"ok","source":{"label":"Statistics Canada Census Profile 2021 DA WDS","url":"https://www12.statcan.gc.ca/wds-sdw/2021profile-profil2021-eng.cfm"},"community_name":"Calgary","community_source":{"label":"Statistics Canada 2021 census subdivision boundaries (spatial lookup)","url":"https://geo.statcan.gc.ca/geo_wa/rest/services/2021/Cartographic_boundary_files/MapServer/9"},"community_display":"Calgary","is_unorganized":false,"panel_title":"Calgary","display_label":"Calgary","map_label":"48060758"},"geometry":{"type":"MultiPolygon","coordinates":[[[[-114.13439425317776,51.01813676861402],[-114.1346644476307,51.017844666673376],[-114.13577862485238,51.01827676911731],[-114.13630363118888,51.01855048785387],[-114.13655702763472,51.018835589714755],[-114.13664724970646,51.01899067381073],[-114.13673752508181,51.019145773337655],[-114.13705063578885,51.019387375339825],[-114.137760851558,51.01966558846458],[-114.13827704738192,51.019849283841374],[-114.13807644511164,51.02009609174704],[-114.13806472607186,51.02144499538322],[-114.13806583751824,51.02235349603003],[-114.13804553083173,51.02314460934484],[-114.13818954862109,51.02335501097461],[-114.13692512725287,51.023737808443606],[-114.13548646182485,51.02417021368464],[-114.13473105084064,51.02439449371497],[-114.13407683237837,51.02459441813043],[-114.13330653048172,51.02482731858308],[-114.1326666515167,51.02502750976812],[-114.13196815755366,51.0252531994495],[-114.13158953834323,51.025378795057854],[-114.1312405242634,51.02548710634753],[-114.13100765238147,51.02556239698291],[-114.12957172368098,51.02594979788665],[-114.12957302660355,51.02569800450745],[-114.12956505670023,51.02536500162376],[-114.12956254720386,51.0251761126806],[-114.12955284964245,51.02487000386556],[-114.12955993990953,51.0242944901995],[-114.12955625974789,51.02412349825238],[-114.12956684586526,51.023260296595744],[-114.12957055095082,51.02273869488823],[-114.1295824837976,51.02270611895727],[-114.12970774815453,51.02236428513211],[-114.12997852272977,51.02213699101536],[-114.13128044891555,51.02134027621165],[-114.1314903275598,51.0212118009615],[-114.13185609770332,51.02085917405128],[-114.13203622406562,51.02068549178183],[-114.13206832967474,51.020650803997604],[-114.13308744424671,51.01954927078184],[-114.13373764177567,51.01884647536999],[-114.13439425317776,51.01813676861402]]]]}},{"type":"Feature","properties":{"DGUID":"2021S051248060763","DAUID":"48060763","LANDAREA":1.1794,"PRUID":"48","fed_num":"48013","da_code":"48060763","geo_name":"48060763","name_source":{"label":"Statistics Canada Census Profile 2021 DA WDS","url":"https://www12.statcan.gc.ca/wds-sdw/2021profile-profil2021-eng.cfm"},"population":1291,"status":"ok","source":{"label":"Statistics Canada Census Profile 2021 DA WDS","url":"https://www12.statcan.gc.ca/wds-sdw/2021profile-profil2021-eng.cfm"},"community_name":"Calgary","community_source":{"label":"Statistics Canada 2021 census subdivision boundaries (spatial lookup)","url":"https://geo.statcan.gc.ca/geo_wa/rest/services/2021/Cartographic_boundary_files/MapServer/9"},"community_display":"Calgary","is_unorganized":false,"panel_title":"Calgary","display_label":"Calgary","map_label":"48060763"},"geometry":{"type":"MultiPolygon","coordinates":[[[[-114.12915743936296,51.01488496013805],[-114.12242300944841,51.012416572589586],[-114.12255780993979,51.012311870537474],[-114.1223465173254,51.012270755727904],[-114.1204426191728,51.013770851703605],[-114.11966000698335,51.01443516629726],[-114.11954479372685,51.01475347218214],[-114.11934988107258,51.01480876977098],[-114.11909142886071,51.014834075368505],[-114.11903486657216,51.01493940777155],[-114.11901175985949,51.01531045943533],[-114.11904707092499,51.01556859159626],[-114.11910691247283,51.01573077400591],[-114.11918533253473,51.01592084789137],[-114.1191561785336,51.015986989459975],[-114.11912946407055,51.016092447911255],[-114.11934932575473,51.01606955353731],[-114.11923727061814,51.01650897068948],[-114.11887836094144,51.016515586433734],[-114.11876175849116,51.016446773647814],[-114.1185600127843,51.01630110946918],[-114.11831237652055,51.016287761368886],[-114.11828778093242,51.01628818898385],[-114.11810875423517,51.0162913281679],[-114.11793381299157,51.016056654419074],[-114.11799465804661,51.014385678838686],[-114.11799469555719,51.01438506432706],[-114.11790892592899,51.013240664586526],[-114.11783528171033,51.0114706968957],[-114.11782877436484,51.011313758922874],[-114.11787647198982,51.00903666112499],[-114.11787857696478,51.00876516096125],[-114.11810578823346,51.00876251764046],[-114.11818371738963,51.00876162757866],[-114.11850819024478,51.008757856974384],[-114.11873648063496,51.008755266760836],[-114.11998177990081,51.00874894473924],[-114.1201658400209,51.008747995342745],[-114.12080079839164,51.00874825923632],[-114.12162130266128,51.008727946997595],[-114.1225219019369,51.00871546176335],[-114.12546565188356,51.008722220247],[-114.12866802760358,51.00872946098305],[-114.12932123742104,51.00877253705504],[-114.12932792806625,51.00866474191762],[-114.12930612906679,51.00586893858287],[-114.12930534422844,51.0057706327049],[-114.12934573571657,51.00491433522433],[-114.12952891453384,51.00448704142913],[-114.12982151863417,51.00413443480265],[-114.13019572996286,51.00384683723033],[-114.13087432328003,51.00347673364011],[-114.13108300973296,51.00332893871734],[-114.13117842276655,51.003169448565565],[-114.13104623539111,51.002770339605114],[-114.13164042996708,51.003306628364385],[-114.13226252438164,51.00385263055653],[-114.13677672586397,51.00786726486683],[-114.13733883797568,51.00823184654532],[-114.1376851310585,51.00839823975131],[-114.13798963135582,51.00854454276287],[-114.13864134129533,51.008735342333786],[-114.138969730191,51.008830060875816],[-114.1394743389907,51.00895074764014],[-114.14026022513183,51.00902796815842],[-114.1410237383344,51.009093454562134],[-114.14110791769538,51.00909881886122],[-114.14110988297362,51.00924164548226],[-114.14113403478662,51.009248447194935],[-114.14125063375666,51.00930354836035],[-114.14134432317127,51.009372769806795],[-114.14137891549845,51.0094614754986],[-114.14136842799465,51.00953845158892],[-114.14129474528454,51.00960935956266],[-114.14119403950576,51.00967137296205],[-114.14109371945258,51.00971346622257],[-114.14101822581357,51.00976005734754],[-114.14096072689753,51.009806661065056],[-114.1409326116377,51.00983856173215],[-114.1409573291878,51.00987084838219],[-114.14096541254418,51.009922364527974],[-114.14099143580387,51.00998676868651],[-114.14104013361016,51.01004275319971],[-114.14110714718103,51.010091763087374],[-114.14108163693268,51.010491261700906],[-114.14111543740168,51.01110956014208],[-114.14111811150201,51.01121085430862],[-114.14113933400863,51.011283856890614],[-114.1412092190459,51.01136685531265],[-114.14122563403072,51.01249166446916],[-114.138868736078,51.012559867209475],[-114.13871153361322,51.012564960194965],[-114.13820995161124,51.01260667105872],[-114.13787862457029,51.01266146149771],[-114.13733914459951,51.012855148796945],[-114.13659683612966,51.01333165218355],[-114.13649211572755,51.01341006181766],[-114.13611793837629,51.01369767414019],[-114.13428034967716,51.015055870241056],[-114.13380534457237,51.015358979106146],[-114.13322133390659,51.01557847859894],[-114.13275912611476,51.01567506577559],[-114.13228645008414,51.01570845513924],[-114.13150564203515,51.01565327588317],[-114.1307757408498,51.01546446692803],[-114.12935293795574,51.01495275529811],[-114.12915743936296,51.01488496013805]]]]}},{"type":"Feature","properties":{"DGUID":"2021S051248060764","DAUID":"48060764","LANDAREA":0.701,"PRUID":"48","fed_num":"48013","da_code":"48060764","geo_name":"48060764","name_source":{"label":"Statistics Canada Census Profile 2021 DA WDS","url":"https://www12.statcan.gc.ca/wds-sdw/2021profile-profil2021-eng.cfm"},"population":1999,"status":"ok","source":{"label":"Statistics Canada Census Profile 2021 DA WDS","url":"https://www12.statcan.gc.ca/wds-sdw/2021profile-profil2021-eng.cfm"},"community_name":"Calgary","community_source":{"label":"Statistics Canada 2021 census subdivision boundaries (spatial lookup)","url":"https://geo.statcan.gc.ca/geo_wa/rest/services/2021/Cartographic_boundary_files/MapServer/9"},"community_display":"Calgary","is_unorganized":false,"panel_title":"Calgary","display_label":"Calgary","map_label":"48060764"},"geometry":{"type":"MultiPolygon","coordinates":[[[[-114.1179523965235,51.00053153524426],[-114.11794578109169,51.00037154326133],[-114.11811522536154,51.00040909323093],[-114.11811998052771,51.00041014656386],[-114.11902040730787,51.00060332428023],[-114.11902773791657,51.00060483114197],[-114.12135700754638,51.00108373343007],[-114.1223602931913,51.00122533583909],[-114.12362550438885,51.001283538782246],[-114.12684672335729,51.0012909338605],[-114.1275989334999,51.00134534194139],[-114.12833292192927,51.001462327482706],[-114.12940070420348,51.00177149830271],[-114.12945333489638,51.00178672373812],[-114.12955619161079,51.00183587774],[-114.13004873969327,51.00207123076993],[-114.13043401805024,51.00229664492784],[-114.13104623539111,51.002770339605114],[-114.13117842276655,51.003169448565565],[-114.13108300973296,51.00332893871734],[-114.13087432328003,51.00347673364011],[-114.13019572996286,51.00384683723033],[-114.12982151863417,51.00413443480265],[-114.12952891453384,51.00448704142913],[-114.12934573571657,51.00491433522433],[-114.12930534422844,51.0057706327049],[-114.12930612906679,51.00586893858287],[-114.12932792806625,51.00866474191762],[-114.12932123742104,51.00877253705504],[-114.12866802760358,51.00872946098305],[-114.12546565188356,51.008722220247],[-114.1225219019369,51.00871546176335],[-114.12162130266128,51.008727946997595],[-114.12080079839164,51.00874825923632],[-114.1201658400209,51.008747995342745],[-114.11998177990081,51.00874894473924],[-114.11873648063496,51.008755266760836],[-114.11850819024478,51.008757856974384],[-114.11818371738963,51.00876162757866],[-114.11810578823346,51.00876251764046],[-114.11787857696478,51.00876516096125],[-114.11787966579588,51.008624982524445],[-114.117886979138,51.00767927507269],[-114.11789588451022,51.006424267158145],[-114.11787539603858,51.00504543948334],[-114.1178778857312,51.00429384646337],[-114.11788108730995,51.00334405820363],[-114.1179480777583,51.00203403015049],[-114.11796657557952,51.00104503682754],[-114.11794838271376,51.000648838175074],[-114.1179523965235,51.00053153524426]]]]}},{"type":"Feature","properties":{"DGUID":"2021S051248060820","DAUID":"48060820","LANDAREA":0.1972,"PRUID":"48","fed_num":"48013","da_code":"48060820","geo_name":"48060820","name_source":{"label":"Statistics Canada Census Profile 2021 DA WDS","url":"https://www12.statcan.gc.ca/wds-sdw/2021profile-profil2021-eng.cfm"},"population":375,"status":"ok","source":{"label":"Statistics Canada Census Profile 2021 DA WDS","url":"https://www12.statcan.gc.ca/wds-sdw/2021profile-profil2021-eng.cfm"},"community_name":"Calgary","community_source":{"label":"Statistics Canada 2021 census subdivision boundaries (spatial lookup)","url":"https://geo.statcan.gc.ca/geo_wa/rest/services/2021/Cartographic_boundary_files/MapServer/9"},"community_display":"Calgary","is_unorganized":false,"panel_title":"Calgary","display_label":"Calgary","map_label":"48060820"},"geometry":{"type":"MultiPolygon","coordinates":[[[[-114.17173925764696,51.04154328541599],[-114.17167765054182,51.0414414756432],[-114.17268714254193,51.04167952136217],[-114.17638734008139,51.042003250660954],[-114.17741228357012,51.04208384386079],[-114.18196385414939,51.04243347657992],[-114.18279664469983,51.04250038264443],[-114.18285796987013,51.04322875300995],[-114.18409145785381,51.043258802854005],[-114.18741127442382,51.04519396988963],[-114.18755294578193,51.04547368120017],[-114.18762695655978,51.04599921880182],[-114.18765975154716,51.04623189273402],[-114.1877685650518,51.04659666980067],[-114.18767717295567,51.046693477705794],[-114.1876635580822,51.04713037302055],[-114.18764736405186,51.04765518254596],[-114.18700886972194,51.04736096588889],[-114.18647667362193,51.047195280797716],[-114.18618334786379,51.0470891826524],[-114.18600257401559,51.047012882355666],[-114.18551587102111,51.04680327481465],[-114.18274695900541,51.045639179732746],[-114.18240106465615,51.0454599554358],[-114.18227664423848,51.0453939607877],[-114.18185134276453,51.045113862011796],[-114.18053484879981,51.044002774495745],[-114.18015445859125,51.04368765585907],[-114.17969905836273,51.04343387008576],[-114.1790293457667,51.04318386803408],[-114.17787364327384,51.042949067873586],[-114.17672836762927,51.042777453572604],[-114.17643137364426,51.04273426231142],[-114.17528617711496,51.04256267148656],[-114.17513047852759,51.04254086168745],[-114.17501764046882,51.04252015938705],[-114.17419785452068,51.04239236106499],[-114.173904666421,51.042286350120655],[-114.17366355831663,51.042262553067175],[-114.17251775603057,51.04209986336868],[-114.17193037111801,51.0421396624489],[-114.17173208040143,51.04164916556609],[-114.17173925764696,51.04154328541599]]]]}},{"type":"Feature","properties":{"DGUID":"2021S051248060821","DAUID":"48060821","LANDAREA":0.085,"PRUID":"48","fed_num":"48013","da_code":"48060821","geo_name":"48060821","name_source":{"label":"Statistics Canada Census Profile 2021 DA WDS","url":"https://www12.statcan.gc.ca/wds-sdw/2021profile-profil2021-eng.cfm"},"population":364,"status":"ok","source":{"label":"Statistics Canada Census Profile 2021 DA WDS","url":"https://www12.statcan.gc.ca/wds-sdw/2021profile-profil2021-eng.cfm"},"community_name":"Calgary","community_source":{"label":"Statistics Canada 2021 census subdivision boundaries (spatial lookup)","url":"https://geo.statcan.gc.ca/geo_wa/rest/services/2021/Cartographic_boundary_files/MapServer/9"},"community_display":"Calgary","is_unorganized":false,"panel_title":"Calgary","display_label":"Calgary","map_label":"48060821"},"geometry":{"type":"MultiPolygon","coordinates":[[[[-114.16863174354975,51.04475815204831],[-114.16562113397498,51.04475706215515],[-114.16572532312817,51.04398604812242],[-114.16582836748059,51.0432329585135],[-114.16593635830482,51.042399054625115],[-114.16634955136159,51.04240914838769],[-114.16654353193252,51.041802156875185],[-114.16693532460509,51.04146084763353],[-114.16718074130556,51.04164676220477],[-114.16720216330398,51.04176414609512],[-114.16700544399343,51.042416045488174],[-114.16747665429277,51.04240945338663],[-114.16798516285085,51.042493743995095],[-114.16889203640895,51.04283056439696],[-114.16943776041597,51.04253794457345],[-114.16975775102901,51.04243776838372],[-114.17193037111801,51.0421396624489],[-114.17251775603057,51.04209986336868],[-114.1725024636842,51.042351349596764],[-114.17216445727263,51.04274795228782],[-114.17164003821304,51.04292415162184],[-114.17058906538578,51.04307855513573],[-114.1703435611519,51.04312656871027],[-114.16995725779249,51.04337805448111],[-114.16978306016154,51.04366165882434],[-114.16976276548199,51.04422785096369],[-114.16863555845434,51.04422755586125],[-114.16863174354975,51.04475815204831]]]]}},{"type":"Feature","properties":{"DGUID":"2021S051248060837","DAUID":"48060837","LANDAREA":0.3668,"PRUID":"48","fed_num":"48013","da_code":"48060837","geo_name":"48060837","name_source":{"label":"Statistics Canada Census Profile 2021 DA WDS","url":"https://www12.statcan.gc.ca/wds-sdw/2021profile-profil2021-eng.cfm"},"population":533,"status":"ok","source":{"label":"Statistics Canada Census Profile 2021 DA WDS","url":"https://www12.statcan.gc.ca/wds-sdw/2021profile-profil2021-eng.cfm"},"community_name":"Calgary","community_source":{"label":"Statistics Canada 2021 census subdivision boundaries (spatial lookup)","url":"https://geo.statcan.gc.ca/geo_wa/rest/services/2021/Cartographic_boundary_files/MapServer/9"},"community_display":"Calgary","is_unorganized":false,"panel_title":"Calgary","display_label":"Calgary","map_label":"48060837"},"geometry":{"type":"MultiPolygon","coordinates":[[[[-114.14263223585768,51.04502433034538],[-114.14119054890037,51.04503404715067],[-114.14118001739354,51.045204642626835],[-114.1403023388705,51.04485934873457],[-114.13970413676927,51.0446108513646],[-114.1389273127004,51.04425004484232],[-114.13853402582485,51.043916547513],[-114.1383643118056,51.04366054863244],[-114.13800672139418,51.04251843933147],[-114.1379242433487,51.04223764875099],[-114.137751727152,51.042026425874795],[-114.13747843917646,51.04183093832475],[-114.13684904672014,51.04162653237383],[-114.13553833821624,51.0415944469702],[-114.1353953214809,51.04159993445411],[-114.1349246443924,51.0415973310157],[-114.12955873329783,51.04161852994734],[-114.12956702752066,51.04148383041995],[-114.12955784215261,51.04140262301062],[-114.13269694390019,51.0413987327827],[-114.13270521298013,51.04057142560607],[-114.13269761760198,51.039770744385905],[-114.13271774162327,51.03782833007355],[-114.13411651725175,51.03781772879155],[-114.13548453716793,51.03784233927171],[-114.13695403986694,51.03784232721285],[-114.13835224532318,51.03784064032149],[-114.13979323466941,51.03783993524324],[-114.14119145400062,51.03783823330642],[-114.14263243334331,51.03783754518467],[-114.14263412025593,51.039663541046835],[-114.14114875114967,51.03969013709283],[-114.14115092534017,51.04150714644439],[-114.14115701133149,51.04326123223161],[-114.14264032968991,51.043270535512505],[-114.14263223585768,51.04502433034538]]]]}},{"type":"Feature","properties":{"DGUID":"2021S051248060838","DAUID":"48060838","LANDAREA":0.1503,"PRUID":"48","fed_num":"48013","da_code":"48060838","geo_name":"48060838","name_source":{"label":"Statistics Canada Census Profile 2021 DA WDS","url":"https://www12.statcan.gc.ca/wds-sdw/2021profile-profil2021-eng.cfm"},"population":512,"status":"ok","source":{"label":"Statistics Canada Census Profile 2021 DA WDS","url":"https://www12.statcan.gc.ca/wds-sdw/2021profile-profil2021-eng.cfm"},"community_name":"Calgary","community_source":{"label":"Statistics Canada 2021 census subdivision boundaries (spatial lookup)","url":"https://geo.statcan.gc.ca/geo_wa/rest/services/2021/Cartographic_boundary_files/MapServer/9"},"community_display":"Calgary","is_unorganized":false,"panel_title":"Calgary","display_label":"Calgary","map_label":"48060838"},"geometry":{"type":"MultiPolygon","coordinates":[[[[-114.12666763726762,51.038768029471775],[-114.1266553463829,51.03781421756533],[-114.12674084027098,51.037816330569754],[-114.12795324341133,51.03781923164672],[-114.12816694837142,51.037824421767745],[-114.12955033998793,51.037831527025915],[-114.13130473666408,51.03783863372644],[-114.13271774162327,51.03782833007355],[-114.13269761760198,51.039770744385905],[-114.13270521298013,51.04057142560607],[-114.13269694390019,51.0413987327827],[-114.12955784215261,51.04140262301062],[-114.12798855062842,51.04140003718697],[-114.12796923174758,51.03963652318319],[-114.12667064072176,51.03964052445764],[-114.12666763726762,51.038768029471775]]]]}},{"type":"Feature","properties":{"DGUID":"2021S051248060852","DAUID":"48060852","LANDAREA":0.92,"PRUID":"48","fed_num":"48013","da_code":"48060852","geo_name":"48060852","name_source":{"label":"Statistics Canada Census Profile 2021 DA WDS","url":"https://www12.statcan.gc.ca/wds-sdw/2021profile-profil2021-eng.cfm"},"population":1068,"status":"ok","source":{"label":"Statistics Canada Census Profile 2021 DA WDS","url":"https://www12.statcan.gc.ca/wds-sdw/2021profile-profil2021-eng.cfm"},"community_name":"Calgary","community_source":{"label":"Statistics Canada 2021 census subdivision boundaries (spatial lookup)","url":"https://geo.statcan.gc.ca/geo_wa/rest/services/2021/Cartographic_boundary_files/MapServer/9"},"community_display":"Calgary","is_unorganized":false,"panel_title":"Calgary","display_label":"Calgary","map_label":"48060852"},"geometry":{"type":"MultiPolygon","coordinates":[[[[-114.12164712598808,51.05207571393087],[-114.1202804973872,51.05122400754598],[-114.11983770669362,51.05087429008504],[-114.11952940550265,51.050583793463744],[-114.11933928099218,51.05028909093597],[-114.1186959881701,51.04901150164752],[-114.11845531791093,51.04873619395822],[-114.11755456270109,51.04812217214914],[-114.11761641137387,51.047685689482094],[-114.1177298125599,51.047126216240656],[-114.11769472639219,51.047120403468014],[-114.11771419491639,51.04703302241887],[-114.11774986427776,51.046810564029855],[-114.11778554052526,51.04658826936675],[-114.11779287250363,51.046520535623245],[-114.11779724123465,51.046480144761674],[-114.11789098398248,51.04584096744704],[-114.1179749602692,51.045446357414534],[-114.11786360332437,51.04407382112566],[-114.1192980602211,51.04537834681338],[-114.12973043758866,51.045172762586894],[-114.13038871881814,51.04503893399356],[-114.13145893158476,51.04503823325333],[-114.131224512714,51.045599144046804],[-114.13077870034014,51.04657763657695],[-114.13073581643312,51.04681045329743],[-114.1307297187674,51.04690925520815],[-114.13088792747385,51.0471200361664],[-114.13109444707901,51.04724205070667],[-114.13136182325664,51.047302545390686],[-114.13188402062748,51.04739634324216],[-114.13216562416667,51.04745725322997],[-114.13232303203746,51.04749385771907],[-114.13298323169283,51.04759164549863],[-114.1331261452994,51.04761574621676],[-114.13323722210102,51.04763618325636],[-114.13340834730128,51.047667646201],[-114.1335913063486,51.04770814724484],[-114.13418532151212,51.04779463452704],[-114.1344249319822,51.04830425346378],[-114.13526462472979,51.04810895129328],[-114.13532294194509,51.048226370852774],[-114.13540874533874,51.04839908398067],[-114.13605162917919,51.04969336048826],[-114.13612862280308,51.05006403776457],[-114.13609662058572,51.050351050913264],[-114.13603540235597,51.05088025246047],[-114.13611133467455,51.051268860648065],[-114.13646882049675,51.05171844342925],[-114.13686285389876,51.051918116985924],[-114.13637092093158,51.05220477199482],[-114.13632251669364,51.05245170855724],[-114.13626029996892,51.05267744568451],[-114.1363124080291,51.054342420361586],[-114.13631751408765,51.05450459565366],[-114.13640979883897,51.05499858629549],[-114.13642606407775,51.05508406613395],[-114.13750491167293,51.05628618813328],[-114.13750609753498,51.05631222240773],[-114.13576029879779,51.05626721977781],[-114.13493922156437,51.056219215576746],[-114.13486285790914,51.05621075705996],[-114.13438220777988,51.05615743466354],[-114.13353092162403,51.05592561440222],[-114.1322896025452,51.05566572051902],[-114.13102280366437,51.05535402467345],[-114.12939310435208,51.05488553049646],[-114.12914471288774,51.0548393262067],[-114.12873959847923,51.05471932645954],[-114.12777001928399,51.05449160502275],[-114.12685591984827,51.05410140789289],[-114.12635760292113,51.05391431348781],[-114.12544170757562,51.053690314796945],[-114.12528020408861,51.05365080808897],[-114.12506769733172,51.05361650507003],[-114.12410960724173,51.05332020265154],[-114.12374670364882,51.053163515019754],[-114.12318647500015,51.05286044952029],[-114.12218882887423,51.05232071093576],[-114.12210321751151,51.052299498277556],[-114.12164712598808,51.05207571393087]]]]}},{"type":"Feature","properties":{"DGUID":"2021S051248060853","DAUID":"48060853","LANDAREA":0.2449,"PRUID":"48","fed_num":"48013","da_code":"48060853","geo_name":"48060853","name_source":{"label":"Statistics Canada Census Profile 2021 DA WDS","url":"https://www12.statcan.gc.ca/wds-sdw/2021profile-profil2021-eng.cfm"},"population":1174,"status":"ok","source":{"label":"Statistics Canada Census Profile 2021 DA WDS","url":"https://www12.statcan.gc.ca/wds-sdw/2021profile-profil2021-eng.cfm"},"community_name":"Calgary","community_source":{"label":"Statistics Canada 2021 census subdivision boundaries (spatial lookup)","url":"https://geo.statcan.gc.ca/geo_wa/rest/services/2021/Cartographic_boundary_files/MapServer/9"},"community_display":"Calgary","is_unorganized":false,"panel_title":"Calgary","display_label":"Calgary","map_label":"48060853"},"geometry":{"type":"MultiPolygon","coordinates":[[[[-114.13532294194509,51.048226370852774],[-114.13526462472979,51.04810895129328],[-114.1344249319822,51.04830425346378],[-114.13418532151212,51.04779463452704],[-114.1335913063486,51.04770814724484],[-114.13340834730128,51.047667646201],[-114.13323722210102,51.04763618325636],[-114.1331261452994,51.04761574621676],[-114.13298323169283,51.04759164549863],[-114.13232303203746,51.04749385771907],[-114.13216562416667,51.04745725322997],[-114.13188402062748,51.04739634324216],[-114.13136182325664,51.047302545390686],[-114.13109444707901,51.04724205070667],[-114.13088792747385,51.0471200361664],[-114.1307297187674,51.04690925520815],[-114.13073581643312,51.04681045329743],[-114.13077870034014,51.04657763657695],[-114.131224512714,51.045599144046804],[-114.13145893158476,51.04503823325333],[-114.13245733707234,51.04504473732961],[-114.13544113417838,51.045019054710224],[-114.13614351782381,51.04502314428711],[-114.13688172357261,51.04502743933315],[-114.13686053399252,51.04560254092501],[-114.13676712632117,51.04596004584763],[-114.13977782717156,51.04596185568448],[-114.13978552299768,51.047689055463636],[-114.13977830526893,51.05035135143505],[-114.13745241160038,51.05034835782033],[-114.13609662058572,51.050351050913264],[-114.13612862280308,51.05006403776457],[-114.13605162917919,51.04969336048826],[-114.13540874533874,51.04839908398067],[-114.13532294194509,51.048226370852774]]]]}},{"type":"Feature","properties":{"DGUID":"2021S051248061577","DAUID":"48061577","LANDAREA":1.3006,"PRUID":"48","fed_num":"48013","da_code":"48061577","geo_name":"48061577","name_source":{"label":"Statistics Canada Census Profile 2021 DA WDS","url":"https://www12.statcan.gc.ca/wds-sdw/2021profile-profil2021-eng.cfm"},"population":1931,"status":"ok","source":{"label":"Statistics Canada Census Profile 2021 DA WDS","url":"https://www12.statcan.gc.ca/wds-sdw/2021profile-profil2021-eng.cfm"},"community_name":"Calgary","community_source":{"label":"Statistics Canada 2021 census subdivision boundaries (spatial lookup)","url":"https://geo.statcan.gc.ca/geo_wa/rest/services/2021/Cartographic_boundary_files/MapServer/9"},"community_display":"Calgary","is_unorganized":false,"panel_title":"Calgary","display_label":"Calgary","map_label":"48061577"},"geometry":{"type":"MultiPolygon","coordinates":[[[[-114.11786479343286,51.01951609276793],[-114.11787052960723,51.01891546559803],[-114.1178669077696,51.01789804955862],[-114.11786120139945,51.016306656597656],[-114.1178710787702,51.01627262980255],[-114.11793381299157,51.016056654419074],[-114.11810875423517,51.0162913281679],[-114.11828778093242,51.01628818898385],[-114.11831237652055,51.016287761368886],[-114.1185600127843,51.01630110946918],[-114.11876175849116,51.016446773647814],[-114.11887836094144,51.016515586433734],[-114.11923727061814,51.01650897068948],[-114.11934932575473,51.01606955353731],[-114.11912946407055,51.016092447911255],[-114.1191561785336,51.015986989459975],[-114.11918533253473,51.01592084789137],[-114.11910691247283,51.01573077400591],[-114.11904707092499,51.01556859159626],[-114.11901175985949,51.01531045943533],[-114.11903486657216,51.01493940777155],[-114.11909142886071,51.014834075368505],[-114.11934988107258,51.01480876977098],[-114.11954479372685,51.01475347218214],[-114.11966000698335,51.01443516629726],[-114.1204426191728,51.013770851703605],[-114.1223465173254,51.012270755727904],[-114.12255780993979,51.012311870537474],[-114.12242300944841,51.012416572589586],[-114.12915743936296,51.01488496013805],[-114.12935293795574,51.01495275529811],[-114.1307757408498,51.01546446692803],[-114.13150564203515,51.01565327588317],[-114.13228645008414,51.01570845513924],[-114.13275912611476,51.01567506577559],[-114.13322133390659,51.01557847859894],[-114.13380534457237,51.015358979106146],[-114.13428034967716,51.015055870241056],[-114.13611793837629,51.01369767414019],[-114.13649211572755,51.01341006181766],[-114.13659683612966,51.01333165218355],[-114.13733914459951,51.012855148796945],[-114.13787862457029,51.01266146149771],[-114.13820995161124,51.01260667105872],[-114.13871153361322,51.012564960194965],[-114.138868736078,51.012559867209475],[-114.13887444176723,51.013162656431156],[-114.13874004890057,51.01349215817644],[-114.13860733637111,51.01379477595571],[-114.13842093085509,51.01404206159832],[-114.1381316366471,51.01434075720428],[-114.13794604615356,51.01434517080433],[-114.13762712509038,51.014661182835546],[-114.13753445534242,51.01477587371768],[-114.13758252029669,51.0149209710667],[-114.13730852362767,51.01520206397052],[-114.13672713471435,51.01584445917405],[-114.13587941818463,51.01664216895292],[-114.13547777573591,51.01704464807887],[-114.13513465731388,51.01738847452756],[-114.13490335178444,51.01761287291359],[-114.1346644476307,51.017844666673376],[-114.13439425317776,51.01813676861402],[-114.13373764177567,51.01884647536999],[-114.13308744424671,51.01954927078184],[-114.13206832967474,51.020650803997604],[-114.13203622406562,51.02068549178183],[-114.13185609770332,51.02085917405128],[-114.1314903275598,51.0212118009615],[-114.13128044891555,51.02134027621165],[-114.12997852272977,51.02213699101536],[-114.12970774815453,51.02236428513211],[-114.1295824837976,51.02270611895727],[-114.12957055095082,51.02273869488823],[-114.12956684586526,51.023260296595744],[-114.12955625974789,51.02412349825238],[-114.12955993990953,51.0242944901995],[-114.12955284964245,51.02487000386556],[-114.12956254720386,51.0251761126806],[-114.12956505670023,51.02536500162376],[-114.12798004899983,51.02516409847682],[-114.1266682466164,51.02515879910147],[-114.12521342200715,51.025158997373836],[-114.12374491216097,51.025149791470184],[-114.12230383133728,51.02515928713799],[-114.12083422810639,51.02516799951881],[-114.11942161505762,51.0251782012717],[-114.11861153426558,51.0251311865001],[-114.11824739784278,51.02510436568787],[-114.11797722200653,51.02508445726204],[-114.11777943043579,51.02506987150784],[-114.11780802811005,51.0240589855225],[-114.11780797458853,51.02405632637487],[-114.11780566755554,51.023882110564806],[-114.11780551759576,51.023869999562066],[-114.11781691002903,51.023152997454446],[-114.11784093666188,51.02163878927841],[-114.11784964048846,51.02109167513855],[-114.11786431794019,51.019564866166554],[-114.11786479343286,51.01951609276793]]]]}},{"type":"Feature","properties":{"DGUID":"2021S051248061578","DAUID":"48061578","LANDAREA":0.2257,"PRUID":"48","fed_num":"48013","da_code":"48061578","geo_name":"48061578","name_source":{"label":"Statistics Canada Census Profile 2021 DA WDS","url":"https://www12.statcan.gc.ca/wds-sdw/2021profile-profil2021-eng.cfm"},"population":1097,"status":"ok","source":{"label":"Statistics Canada Census Profile 2021 DA WDS","url":"https://www12.statcan.gc.ca/wds-sdw/2021profile-profil2021-eng.cfm"},"community_name":"Calgary","community_source":{"label":"Statistics Canada 2021 census subdivision boundaries (spatial lookup)","url":"https://geo.statcan.gc.ca/geo_wa/rest/services/2021/Cartographic_boundary_files/MapServer/9"},"community_display":"Calgary","is_unorganized":false,"panel_title":"Calgary","display_label":"Calgary","map_label":"48061578"},"geometry":{"type":"MultiPolygon","coordinates":[[[[-114.15980817771216,51.01663310718696],[-114.1598022760644,51.01626410241714],[-114.16087175245453,51.016263220448586],[-114.16154487380402,51.01621660597385],[-114.16193855667863,51.016073199386135],[-114.16226667437732,51.015838304755086],[-114.1623758310493,51.01564448681012],[-114.1624265558952,51.01555441665195],[-114.16243048184779,51.015257710981835],[-114.16222138563296,51.01471290399341],[-114.16216448359361,51.01424381862142],[-114.16216287434717,51.01380299889087],[-114.1621721907735,51.013416516548254],[-114.16219245991925,51.01308411716203],[-114.1621530798361,51.01279541911686],[-114.16207216032393,51.012253699378775],[-114.1618142722463,51.01204049518338],[-114.1614418912738,51.01183361639274],[-114.16086368295372,51.011729604348915],[-114.15975149427587,51.01172951156297],[-114.15942476405726,51.010777113229835],[-114.15950293323074,51.00889427094705],[-114.15988167945834,51.00889941824909],[-114.15989746035933,51.00890095724034],[-114.16061870080783,51.0089712029079],[-114.16147557528849,51.00918100184361],[-114.16216938632603,51.009494712565626],[-114.16298599025232,51.010008513862275],[-114.1636152598618,51.01042401919079],[-114.16362359316413,51.01042950702074],[-114.16409448747393,51.01089071849498],[-114.16440106191818,51.01147379904506],[-114.16446568937575,51.01205101488655],[-114.16445921489164,51.01326185488359],[-114.16444644980413,51.01564868655336],[-114.16443968442324,51.01691652120879],[-114.16433826090342,51.01787650505719],[-114.16429446579184,51.01812731736871],[-114.16364265198045,51.018057517211034],[-114.16228067720412,51.01794351024394],[-114.1612401602337,51.01793620344847],[-114.16040816261712,51.01801490091758],[-114.15993445514462,51.01806631438128],[-114.1597340738212,51.01807940910805],[-114.15972916513036,51.01792641599622],[-114.15980817771216,51.01663310718696]]]]}},{"type":"Feature","properties":{"DGUID":"2021S051248061579","DAUID":"48061579","LANDAREA":0.7159,"PRUID":"48","fed_num":"48013","da_code":"48061579","geo_name":"48061579","name_source":{"label":"Statistics Canada Census Profile 2021 DA WDS","url":"https://www12.statcan.gc.ca/wds-sdw/2021profile-profil2021-eng.cfm"},"population":1508,"status":"ok","source":{"label":"Statistics Canada Census Profile 2021 DA WDS","url":"https://www12.statcan.gc.ca/wds-sdw/2021profile-profil2021-eng.cfm"},"community_name":"Calgary","community_source":{"label":"Statistics Canada 2021 census subdivision boundaries (spatial lookup)","url":"https://geo.statcan.gc.ca/geo_wa/rest/services/2021/Cartographic_boundary_files/MapServer/9"},"community_display":"Calgary","is_unorganized":false,"panel_title":"Calgary","display_label":"Calgary","map_label":"48061579"},"geometry":{"type":"MultiPolygon","coordinates":[[[[-114.15285826512714,51.0328687977665],[-114.15285646554433,51.03187184309647],[-114.15285824836232,51.03137712875132],[-114.15409845851705,51.03138943334741],[-114.15411744065759,51.032010545771364],[-114.15418203730624,51.03212003486711],[-114.15448996139583,51.032217522814726],[-114.15509095946764,51.03218713811812],[-114.15623544034264,51.031900225037724],[-114.15623826309239,51.031387630848656],[-114.15624726327708,51.03054232787596],[-114.1575170588585,51.0305372423315],[-114.1585431528315,51.03053625231714],[-114.16106905133061,51.03053373708115],[-114.16106034220401,51.03020962935259],[-114.16107247926321,51.029778236883516],[-114.16108794746192,51.02882514266098],[-114.16107232924149,51.0281213376206],[-114.16106830111578,51.02794025676114],[-114.1610651789704,51.02779924226275],[-114.16106430192232,51.02772509251635],[-114.16106218064719,51.027543985487725],[-114.1610587886699,51.02725647843537],[-114.16105596550527,51.027016443277496],[-114.16105288187063,51.025433236944714],[-114.16105787190196,51.024650832589614],[-114.1610475580078,51.023886035150404],[-114.16104234946835,51.02233881403216],[-114.16104844678215,51.02200612186212],[-114.1611081712972,51.021728720863386],[-114.1609652585005,51.02150041468206],[-114.16095265924412,51.0212392228533],[-114.16093196373313,51.02064511512556],[-114.16079896786724,51.0202551076714],[-114.16020754918637,51.01943121473472],[-114.15985828172562,51.018847013327274],[-114.15974717586928,51.018331610294595],[-114.1597340738212,51.01807940910805],[-114.15993445514462,51.01806631438128],[-114.16040816261712,51.01801490091758],[-114.1612401602337,51.01793620344847],[-114.16228067720412,51.01794351024394],[-114.16364265198045,51.018057517211034],[-114.16429446579184,51.01812731736871],[-114.16424015278776,51.01854870658298],[-114.16413876545212,51.0197426205096],[-114.1641424727306,51.02191851558261],[-114.16414767289636,51.02494380608416],[-114.16415110126796,51.026934150814384],[-114.1641574110529,51.03062334667499],[-114.16416972217787,51.03780898561567],[-114.16389844441166,51.037690444272656],[-114.16390786610803,51.03613444094103],[-114.16259516023653,51.03613854930663],[-114.1607975442978,51.03613984409412],[-114.1602453360466,51.036072446686994],[-114.15958514677342,51.035903433683124],[-114.15805013859149,51.03534445467353],[-114.15697533105563,51.034958432433655],[-114.1559010503433,51.03456354993371],[-114.15511382942618,51.03437343742017],[-114.15410146537957,51.0343667432133],[-114.15285992923215,51.03437243572047],[-114.15286016097102,51.03390474043177],[-114.15285826512714,51.0328687977665]]]]}},{"type":"Feature","properties":{"DGUID":"2021S051248061598","DAUID":"48061598","LANDAREA":0.0947,"PRUID":"48","fed_num":"48013","da_code":"48061598","geo_name":"48061598","name_source":{"label":"Statistics Canada Census Profile 2021 DA WDS","url":"https://www12.statcan.gc.ca/wds-sdw/2021profile-profil2021-eng.cfm"},"population":451,"status":"ok","source":{"label":"Statistics Canada Census Profile 2021 DA WDS","url":"https://www12.statcan.gc.ca/wds-sdw/2021profile-profil2021-eng.cfm"},"community_name":"Calgary","community_source":{"label":"Statistics Canada 2021 census subdivision boundaries (spatial lookup)","url":"https://geo.statcan.gc.ca/geo_wa/rest/services/2021/Cartographic_boundary_files/MapServer/9"},"community_display":"Calgary","is_unorganized":false,"panel_title":"Calgary","display_label":"Calgary","map_label":"48061598"},"geometry":{"type":"MultiPolygon","coordinates":[[[[-114.17994663033774,51.0640106844029],[-114.17993443491153,51.063506803291695],[-114.1814469310683,51.063516283974025],[-114.18162244816568,51.06344858456884],[-114.18200884315752,51.0631969889025],[-114.18129274585291,51.06276599130696],[-114.18094023679953,51.06269449418018],[-114.17991231342506,51.062696689092554],[-114.17991864107294,51.06118568499069],[-114.17874935758542,51.0611664964176],[-114.17853554238968,51.06116129818079],[-114.17856013172526,51.06099099488069],[-114.17900132915699,51.06054299153265],[-114.17945242715409,51.06016709674524],[-114.17973464538686,51.05998499553495],[-114.17988762627955,51.060051693870776],[-114.18243754250585,51.061309484933915],[-114.1829490357175,51.061582680497295],[-114.18427972363911,51.06246929786737],[-114.18474585212623,51.062786295659905],[-114.18485493161663,51.06286989551119],[-114.18407282244279,51.06329180150716],[-114.18399882047167,51.06333499102478],[-114.18317663310646,51.063710882866],[-114.18248481780293,51.06405399864364],[-114.18218944739303,51.06421778461364],[-114.18187095602066,51.064291094153994],[-114.18008482871782,51.06431988336889],[-114.17994663033774,51.0640106844029]]]]}},{"type":"Feature","properties":{"DGUID":"2021S051248061599","DAUID":"48061599","LANDAREA":0.0902,"PRUID":"48","fed_num":"48013","da_code":"48061599","geo_name":"48061599","name_source":{"label":"Statistics Canada Census Profile 2021 DA WDS","url":"https://www12.statcan.gc.ca/wds-sdw/2021profile-profil2021-eng.cfm"},"population":604,"status":"ok","source":{"label":"Statistics Canada Census Profile 2021 DA WDS","url":"https://www12.statcan.gc.ca/wds-sdw/2021profile-profil2021-eng.cfm"},"community_name":"Calgary","community_source":{"label":"Statistics Canada 2021 census subdivision boundaries (spatial lookup)","url":"https://geo.statcan.gc.ca/geo_wa/rest/services/2021/Cartographic_boundary_files/MapServer/9"},"community_display":"Calgary","is_unorganized":false,"panel_title":"Calgary","display_label":"Calgary","map_label":"48061599"},"geometry":{"type":"MultiPolygon","coordinates":[[[[-114.18474585212623,51.062786295659905],[-114.18427972363911,51.06246929786737],[-114.1829490357175,51.061582680497295],[-114.18243754250585,51.061309484933915],[-114.18257173156837,51.061213784282096],[-114.18279544812933,51.06105728862856],[-114.1828721408659,51.06096919926111],[-114.18247085506424,51.06076160014552],[-114.18175095689827,51.06039349119174],[-114.18139182985817,51.06019589654069],[-114.18080745781455,51.0599478841817],[-114.18114223320863,51.059605195988155],[-114.18146942900322,51.05938830190949],[-114.18155603920897,51.05937240518011],[-114.18194855673977,51.05948980156568],[-114.18214216063208,51.05959339116066],[-114.1825450317044,51.05977400482954],[-114.18290474485262,51.059962587879504],[-114.18323644886422,51.06014148380519],[-114.18311096094725,51.060327293432444],[-114.18342392086836,51.060343891545386],[-114.18380334563591,51.060443004383224],[-114.18504683835432,51.06135439937767],[-114.18572013923274,51.06178438644607],[-114.18614451524878,51.06208248920625],[-114.18717872093352,51.06150469469229],[-114.18753774025456,51.0612345000049],[-114.1876484495256,51.061057297421236],[-114.1876828455105,51.06074978364774],[-114.18776411654758,51.062382168211585],[-114.18776557713089,51.06278791311238],[-114.18776738209486,51.063287212075856],[-114.18776839760693,51.0635688964334],[-114.18782091130622,51.06480319645417],[-114.18706041667625,51.064398192531044],[-114.18485493161663,51.06286989551119],[-114.18474585212623,51.062786295659905]]]]}},{"type":"Feature","properties":{"DGUID":"2021S051248061638","DAUID":"48061638","LANDAREA":0.1849,"PRUID":"48","fed_num":"48013","da_code":"48061638","geo_name":"48061638","name_source":{"label":"Statistics Canada Census Profile 2021 DA WDS","url":"https://www12.statcan.gc.ca/wds-sdw/2021profile-profil2021-eng.cfm"},"population":722,"status":"ok","source":{"label":"Statistics Canada Census Profile 2021 DA WDS","url":"https://www12.statcan.gc.ca/wds-sdw/2021profile-profil2021-eng.cfm"},"community_name":"Calgary","community_source":{"label":"Statistics Canada 2021 census subdivision boundaries (spatial lookup)","url":"https://geo.statcan.gc.ca/geo_wa/rest/services/2021/Cartographic_boundary_files/MapServer/9"},"community_display":"Calgary","is_unorganized":false,"panel_title":"Calgary","display_label":"Calgary","map_label":"48061638"},"geometry":{"type":"MultiPolygon","coordinates":[[[[-114.17782375160196,51.05127697770808],[-114.1774104494531,51.05056538918898],[-114.17630885627983,51.050844565713284],[-114.17661316241237,51.05147256903293],[-114.17555986016733,51.05166297965066],[-114.17459464266024,51.0518104727006],[-114.17401095436595,51.05178738081659],[-114.17364266382393,51.05127477884146],[-114.17308255799124,51.051566978496474],[-114.17250053033203,51.05175076901564],[-114.17181275955586,51.051797178064795],[-114.17143075014093,51.05174286441197],[-114.17103995903267,51.051598468904444],[-114.17052146005236,51.05120816452311],[-114.17021676438728,51.051056868300684],[-114.16893373681766,51.05080088026637],[-114.1680447563252,51.0506354688566],[-114.16742713454737,51.05046756102075],[-114.16702812810765,51.05022396612569],[-114.16663853647927,51.050061679839516],[-114.16586082283558,51.049943865534395],[-114.1657628342587,51.04921285839136],[-114.1667607371807,51.049228063123536],[-114.16722052930675,51.04917626653871],[-114.16787164217622,51.04903016564626],[-114.16834674007049,51.048960756156184],[-114.16915075540447,51.04911516192698],[-114.16969213954941,51.049128270996576],[-114.16970483178889,51.0498571619168],[-114.1708107596745,51.049740058641675],[-114.17102555684025,51.04972726187005],[-114.17207565475816,51.0495907797721],[-114.17239235134444,51.049544483472545],[-114.17307794465272,51.04953407818164],[-114.17426286121459,51.04952678101326],[-114.17447656135539,51.04953197286864],[-114.17564604088119,51.049542270215426],[-114.17631904083285,51.04950457648943],[-114.17720194529707,51.04930106706044],[-114.17722224412897,51.049436489763664],[-114.17758567415773,51.05002988506907],[-114.17777474805419,51.04997148282649],[-114.17900944985502,51.04961457686859],[-114.17991103985638,51.05004108201143],[-114.18087023791591,51.05046008207841],[-114.18041816655683,51.0508538859234],[-114.1801672631866,51.05099177263907],[-114.17936716480291,51.05124227717223],[-114.17782375160196,51.05127697770808]]]]}},{"type":"Feature","properties":{"DGUID":"2021S051248061645","DAUID":"48061645","LANDAREA":0.5869,"PRUID":"48","fed_num":"48013","da_code":"48061645","geo_name":"48061645","name_source":{"label":"Statistics Canada Census Profile 2021 DA WDS","url":"https://www12.statcan.gc.ca/wds-sdw/2021profile-profil2021-eng.cfm"},"population":1568,"status":"ok","source":{"label":"Statistics Canada Census Profile 2021 DA WDS","url":"https://www12.statcan.gc.ca/wds-sdw/2021profile-profil2021-eng.cfm"},"community_name":"Calgary","community_source":{"label":"Statistics Canada 2021 census subdivision boundaries (spatial lookup)","url":"https://geo.statcan.gc.ca/geo_wa/rest/services/2021/Cartographic_boundary_files/MapServer/9"},"community_display":"Calgary","is_unorganized":false,"panel_title":"Calgary","display_label":"Calgary","map_label":"48061645"},"geometry":{"type":"MultiPolygon","coordinates":[[[[-114.13676712632117,51.04596004584763],[-114.13686053399252,51.04560254092501],[-114.13688172357261,51.04502743933315],[-114.13614351782381,51.04502314428711],[-114.13544113417838,51.045019054710224],[-114.13245733707234,51.04504473732961],[-114.13145893158476,51.04503823325333],[-114.13038871881814,51.04503893399356],[-114.12973043758866,51.045172762586894],[-114.1192980602211,51.04537834681338],[-114.11786360332437,51.04407382112566],[-114.11786753157229,51.04355222590781],[-114.11787612409495,51.042724939177056],[-114.1178741379749,51.04252703534003],[-114.11787211331787,51.04232914049792],[-114.11806590752765,51.04196502078205],[-114.11824803407009,51.04178963293705],[-114.11870032294145,51.04162993952321],[-114.11893825543468,51.04162889246492],[-114.12365251147592,51.04160813084376],[-114.12955873329783,51.04161852994734],[-114.1349246443924,51.0415973310157],[-114.1353953214809,51.04159993445411],[-114.13553833821624,51.0415944469702],[-114.13684904672014,51.04162653237383],[-114.13747843917646,51.04183093832475],[-114.137751727152,51.042026425874795],[-114.1379242433487,51.04223764875099],[-114.13800672139418,51.04251843933147],[-114.1383643118056,51.04366054863244],[-114.13853402582485,51.043916547513],[-114.1389273127004,51.04425004484232],[-114.13970413676927,51.0446108513646],[-114.1403023388705,51.04485934873457],[-114.14118001739354,51.045204642626835],[-114.1405329398999,51.045053951203215],[-114.13976353270094,51.04503504966981],[-114.13977782717156,51.04596185568448],[-114.13676712632117,51.04596004584763]]]]}},{"type":"Feature","properties":{"DGUID":"2021S051248061858","DAUID":"48061858","LANDAREA":0.259,"PRUID":"48","fed_num":"48013","da_code":"48061858","geo_name":"48061858","name_source":{"label":"Statistics Canada Census Profile 2021 DA WDS","url":"https://www12.statcan.gc.ca/wds-sdw/2021profile-profil2021-eng.cfm"},"population":676,"status":"ok","source":{"label":"Statistics Canada Census Profile 2021 DA WDS","url":"https://www12.statcan.gc.ca/wds-sdw/2021profile-profil2021-eng.cfm"},"community_name":"Calgary","community_source":{"label":"Statistics Canada 2021 census subdivision boundaries (spatial lookup)","url":"https://geo.statcan.gc.ca/geo_wa/rest/services/2021/Cartographic_boundary_files/MapServer/9"},"community_display":"Calgary","is_unorganized":false,"panel_title":"Calgary","display_label":"Calgary","map_label":"48061858"},"geometry":{"type":"MultiPolygon","coordinates":[[[[-114.1945446051263,51.014756524636915],[-114.1952277190085,51.014305238175666],[-114.19542328364736,51.014372832067544],[-114.19602359445598,51.01458514081777],[-114.2037194211406,51.01726123313891],[-114.20340542338445,51.01760065080016],[-114.20324163266388,51.017728848234825],[-114.2032368168875,51.01785954609137],[-114.20324400240358,51.01794013348276],[-114.20262782080238,51.01857534213102],[-114.20237670773942,51.01895604701453],[-114.2024398212188,51.019092540596475],[-114.20234671857743,51.0192162498619],[-114.2022197018631,51.01919514780506],[-114.20215009587385,51.01916653899017],[-114.20188491113193,51.01907023318606],[-114.2011081928267,51.01894363233958],[-114.19997768773047,51.018772653967886],[-114.19979418550258,51.01874123466235],[-114.19869109669139,51.01858884645869],[-114.197481786385,51.01854185445868],[-114.19685522013768,51.01852684516477],[-114.19645379118792,51.018562156323625],[-114.19625231078996,51.01859335122499],[-114.1960693159212,51.01855293687708],[-114.19499308125671,51.01842814407994],[-114.1939288804145,51.0183396310755],[-114.19347699079078,51.01826574114438],[-114.19293029403279,51.018108745388346],[-114.19188248375606,51.01775074508416],[-114.1915746044512,51.01765334289805],[-114.191462903895,51.01761472387362],[-114.19141078257768,51.0175325339823],[-114.19270640428272,51.016151446214536],[-114.1932509919106,51.01563384416487],[-114.1945446051263,51.014756524636915]]]]}},{"type":"Feature","properties":{"DGUID":"2021S051248061860","DAUID":"48061860","LANDAREA":0.1545,"PRUID":"48","fed_num":"48013","da_code":"48061860","geo_name":"48061860","name_source":{"label":"Statistics Canada Census Profile 2021 DA WDS","url":"https://www12.statcan.gc.ca/wds-sdw/2021profile-profil2021-eng.cfm"},"population":447,"status":"ok","source":{"label":"Statistics Canada Census Profile 2021 DA WDS","url":"https://www12.statcan.gc.ca/wds-sdw/2021profile-profil2021-eng.cfm"},"community_name":"Calgary","community_source":{"label":"Statistics Canada 2021 census subdivision boundaries (spatial lookup)","url":"https://geo.statcan.gc.ca/geo_wa/rest/services/2021/Cartographic_boundary_files/MapServer/9"},"community_display":"Calgary","is_unorganized":false,"panel_title":"Calgary","display_label":"Calgary","map_label":"48061860"},"geometry":{"type":"MultiPolygon","coordinates":[[[[-114.18371897338339,51.020918128318044],[-114.18369359076692,51.020637348379154],[-114.18361788397962,51.02056123472764],[-114.18371808372648,51.020595850577664],[-114.18379777516247,51.020604233473875],[-114.18387778507409,51.02058185109668],[-114.18404709659241,51.020521634005725],[-114.18483008119723,51.02046824583991],[-114.18520247502776,51.02044123344628],[-114.18531970773176,51.02039003373233],[-114.1855983871156,51.02026183211338],[-114.18591600249742,51.019963631019394],[-114.18635270061577,51.01911074237588],[-114.18646098159688,51.01873553920226],[-114.18640989230529,51.01840154095749],[-114.1861840995158,51.017892348512866],[-114.1859208954181,51.01729233669527],[-114.18586149286818,51.01662532466599],[-114.18583789936717,51.01513165002377],[-114.18576501512246,51.01492303128556],[-114.18547299467006,51.01456513088681],[-114.18603651398512,51.014443830184625],[-114.18659339708694,51.01443023873059],[-114.18699586208928,51.01443323648322],[-114.18771618910816,51.016139350747764],[-114.18749390753717,51.016825649166556],[-114.18749273101459,51.01741284321197],[-114.18748777995407,51.01828366841018],[-114.18748420970839,51.01891197344749],[-114.18740816032538,51.01950992946528],[-114.1881442782891,51.01981329545728],[-114.18779642366201,51.020892439150984],[-114.18777218625364,51.021388122587716],[-114.18760772854053,51.02189345135417],[-114.1874562695298,51.02254687173859],[-114.18742364291558,51.022880974244686],[-114.18750340691356,51.0229522392398],[-114.1874997046338,51.02324894412843],[-114.18749307649448,51.02335674136578],[-114.18635169611181,51.0233652329319],[-114.18482518147358,51.02337332493577],[-114.18444339460609,51.02331923830183],[-114.18423077899982,51.023296051715825],[-114.18423270542928,51.02232473202202],[-114.18387087575556,51.02147044841802],[-114.18371897338339,51.020918128318044]]]]}},{"type":"Feature","properties":{"DGUID":"2021S051248061864","DAUID":"48061864","LANDAREA":0.6407,"PRUID":"48","fed_num":"48013","da_code":"48061864","geo_name":"48061864","name_source":{"label":"Statistics Canada Census Profile 2021 DA WDS","url":"https://www12.statcan.gc.ca/wds-sdw/2021profile-profil2021-eng.cfm"},"population":1051,"status":"ok","source":{"label":"Statistics Canada Census Profile 2021 DA WDS","url":"https://www12.statcan.gc.ca/wds-sdw/2021profile-profil2021-eng.cfm"},"community_name":"Calgary","community_source":{"label":"Statistics Canada 2021 census subdivision boundaries (spatial lookup)","url":"https://geo.statcan.gc.ca/geo_wa/rest/services/2021/Cartographic_boundary_files/MapServer/9"},"community_display":"Calgary","is_unorganized":false,"panel_title":"Calgary","display_label":"Calgary","map_label":"48061864"},"geometry":{"type":"MultiPolygon","coordinates":[[[[-114.19065076670523,51.03054206044022],[-114.18982276761197,51.03054274845475],[-114.18965306096976,51.03058564743222],[-114.18840633748826,51.030604079927684],[-114.1880094683445,51.03060995278414],[-114.1877098764614,51.03061163569107],[-114.18748138585137,51.03061514444466],[-114.18748157126372,51.030472159707486],[-114.18748157377443,51.03023854233118],[-114.18748388297256,51.02869034032837],[-114.18749457299944,51.02545253866977],[-114.18749435444141,51.02490025561352],[-114.1874937872857,51.02358164732962],[-114.18749307649448,51.02335674136578],[-114.18772098171536,51.02336222995384],[-114.18794939249318,51.02335872964132],[-114.1881673770146,51.023292035159926],[-114.1885490022573,51.023300740608256],[-114.18979168812335,51.02327092604511],[-114.19111707550204,51.02328994254201],[-114.19239378592262,51.02330004242517],[-114.19418646821117,51.02329293673882],[-114.19504679545025,51.02328953401789],[-114.1960774143443,51.02330184252632],[-114.19620448001491,51.02334054999525],[-114.19626810573068,51.02337195050669],[-114.19679958194105,51.02377724916275],[-114.1972622885655,51.02417793283811],[-114.19787074047457,51.0246748117],[-114.19906951634783,51.025653747249116],[-114.19919180818268,51.02571904369106],[-114.19936509798845,51.02573004414921],[-114.19937149879232,51.02623905619331],[-114.1993715082117,51.02624065214348],[-114.19938680062413,51.02746434519654],[-114.19938050404464,51.02793314350228],[-114.19937021270648,51.02868325575001],[-114.1993701092353,51.02868465735576],[-114.19937020905861,51.02968300413757],[-114.19937028537072,51.030537856858615],[-114.19350567552036,51.03053526187979],[-114.19148946097611,51.03054134848866],[-114.19065076670523,51.03054206044022]]]]}},{"type":"Feature","properties":{"DGUID":"2021S051248061865","DAUID":"48061865","LANDAREA":0.9676,"PRUID":"48","fed_num":"48013","da_code":"48061865","geo_name":"48061865","name_source":{"label":"Statistics Canada Census Profile 2021 DA WDS","url":"https://www12.statcan.gc.ca/wds-sdw/2021profile-profil2021-eng.cfm"},"population":1680,"status":"ok","source":{"label":"Statistics Canada Census Profile 2021 DA WDS","url":"https://www12.statcan.gc.ca/wds-sdw/2021profile-profil2021-eng.cfm"},"community_name":"Calgary","community_source":{"label":"Statistics Canada 2021 census subdivision boundaries (spatial lookup)","url":"https://geo.statcan.gc.ca/geo_wa/rest/services/2021/Cartographic_boundary_files/MapServer/9"},"community_display":"Calgary","is_unorganized":false,"panel_title":"Calgary","display_label":"Calgary","map_label":"48061865"},"geometry":{"type":"MultiPolygon","coordinates":[[[[-114.19117798340297,51.01985213822858],[-114.19131777959112,51.01977893960047],[-114.19274229637635,51.01980424843992],[-114.19322876793385,51.01979637371328],[-114.19475507952225,51.019771638583045],[-114.19534805197407,51.01980310397609],[-114.19630449052124,51.01985384936958],[-114.19667149238798,51.019916537024244],[-114.19788550622506,51.02035944680545],[-114.20206851061643,51.02217773082348],[-114.2025753038948,51.02228883884413],[-114.20293240872194,51.022279429481415],[-114.20336690425376,51.02331864828777],[-114.20336794162148,51.023318629032175],[-114.20369131088921,51.023313927580645],[-114.20369258319106,51.023313936700795],[-114.20446720811954,51.02331394219057],[-114.20516609077174,51.02339534276063],[-114.20510730588504,51.025564330493395],[-114.20513461515861,51.02628015023476],[-114.20524351127176,51.02744963343427],[-114.20503598102498,51.02889801397022],[-114.20518340410023,51.030546472663296],[-114.20517608548575,51.031983658729715],[-114.20516224706225,51.033823729859265],[-114.20513189881194,51.03786596101663],[-114.20513428673779,51.03802267050225],[-114.20364377355419,51.03802235431263],[-114.2034927631409,51.03802226697437],[-114.20296767054178,51.03802216984339],[-114.20281666394699,51.038022163278065],[-114.20141169374868,51.03802175806759],[-114.19932688341535,51.03802116136314],[-114.19932575623648,51.03786176832006],[-114.19937028537072,51.030537856858615],[-114.19937020905861,51.02968300413757],[-114.1993701092353,51.02868465735576],[-114.19937021270648,51.02868325575001],[-114.19938050404464,51.02793314350228],[-114.19938680062413,51.02746434519654],[-114.1993715082117,51.02624065214348],[-114.19937149879232,51.02623905619331],[-114.19936509798845,51.02573004414921],[-114.19919180818268,51.02571904369106],[-114.19906951634783,51.025653747249116],[-114.19787074047457,51.0246748117],[-114.1972622885655,51.02417793283811],[-114.19679958194105,51.02377724916275],[-114.19626810573068,51.02337195050669],[-114.19620448001491,51.02334054999525],[-114.1960774143443,51.02330184252632],[-114.19504679545025,51.02328953401789],[-114.19418646821117,51.02329293673882],[-114.19239378592262,51.02330004242517],[-114.19111707550204,51.02328994254201],[-114.18979168812335,51.02327092604511],[-114.1898099776271,51.02264763592976],[-114.1898982830913,51.02226333862463],[-114.19015269047318,51.021828646173475],[-114.19038051283829,51.02160033939517],[-114.19047238478406,51.02149453983456],[-114.19090438330316,51.02119015300401],[-114.19176848185529,51.020815154369444],[-114.19135308703714,51.02037343155728],[-114.19119750207983,51.02011783321156],[-114.19117798340297,51.01985213822858]]]]}},{"type":"Feature","properties":{"DGUID":"2021S051248061870","DAUID":"48061870","LANDAREA":0.2393,"PRUID":"48","fed_num":"48013","da_code":"48061870","geo_name":"48061870","name_source":{"label":"Statistics Canada Census Profile 2021 DA WDS","url":"https://www12.statcan.gc.ca/wds-sdw/2021profile-profil2021-eng.cfm"},"population":949,"status":"ok","source":{"label":"Statistics Canada Census Profile 2021 DA WDS","url":"https://www12.statcan.gc.ca/wds-sdw/2021profile-profil2021-eng.cfm"},"community_name":"Calgary","community_source":{"label":"Statistics Canada 2021 census subdivision boundaries (spatial lookup)","url":"https://geo.statcan.gc.ca/geo_wa/rest/services/2021/Cartographic_boundary_files/MapServer/9"},"community_display":"Calgary","is_unorganized":false,"panel_title":"Calgary","display_label":"Calgary","map_label":"48061870"},"geometry":{"type":"MultiPolygon","coordinates":[[[[-114.19949023322853,51.0531002414106],[-114.19937487993646,51.05244945644749],[-114.20853542426127,51.05243776634636],[-114.2101763193034,51.05244095386755],[-114.21098911573509,51.05245137366784],[-114.21089302129394,51.05286285639561],[-114.21088249081996,51.053986960027636],[-114.21089079386077,51.056460658907596],[-114.21089232007301,51.05691047327778],[-114.21090061535999,51.05700955901566],[-114.21017869759135,51.05700427975925],[-114.20968470303819,51.0570006720723],[-114.20890558323292,51.05700236689142],[-114.20873170278257,51.05700278562334],[-114.20833749421293,51.05691238425578],[-114.20786160129116,51.05675707020919],[-114.20746673349167,51.05644178159094],[-114.20730703101862,51.056249078522555],[-114.20718560958835,51.055895388752354],[-114.20711099786486,51.05523706934917],[-114.20710111239977,51.05516486386599],[-114.20699070011611,51.05486537496849],[-114.20684471491016,51.05468196225792],[-114.20633852181511,51.054319084308545],[-114.20554431030118,51.05423708696279],[-114.20441681360138,51.05423717076333],[-114.20323241174479,51.05423577623108],[-114.2020321335084,51.05426098829912],[-114.20165065949558,51.05419788860201],[-114.20072262073673,51.05420258403581],[-114.19963574172428,51.05423947598689],[-114.19947744376971,51.05426268291605],[-114.19949023322853,51.0531002414106]]]]}},{"type":"Feature","properties":{"DGUID":"2021S051248061871","DAUID":"48061871","LANDAREA":0.4077,"PRUID":"48","fed_num":"48013","da_code":"48061871","geo_name":"48061871","name_source":{"label":"Statistics Canada Census Profile 2021 DA WDS","url":"https://www12.statcan.gc.ca/wds-sdw/2021profile-profil2021-eng.cfm"},"population":1313,"status":"ok","source":{"label":"Statistics Canada Census Profile 2021 DA WDS","url":"https://www12.statcan.gc.ca/wds-sdw/2021profile-profil2021-eng.cfm"},"community_name":"Calgary","community_source":{"label":"Statistics Canada 2021 census subdivision boundaries (spatial lookup)","url":"https://geo.statcan.gc.ca/geo_wa/rest/services/2021/Cartographic_boundary_files/MapServer/9"},"community_display":"Calgary","is_unorganized":false,"panel_title":"Calgary","display_label":"Calgary","map_label":"48061871"},"geometry":{"type":"MultiPolygon","coordinates":[[[[-114.19944356225018,51.0543519889751],[-114.19947744376971,51.05426268291605],[-114.19963574172428,51.05423947598689],[-114.20072262073673,51.05420258403581],[-114.20165065949558,51.05419788860201],[-114.2020321335084,51.05426098829912],[-114.20323241174479,51.05423577623108],[-114.20441681360138,51.05423717076333],[-114.20554431030118,51.05423708696279],[-114.20633852181511,51.054319084308545],[-114.20684471491016,51.05468196225792],[-114.20699070011611,51.05486537496849],[-114.20710111239977,51.05516486386599],[-114.20711099786486,51.05523706934917],[-114.20718560958835,51.055895388752354],[-114.20730703101862,51.056249078522555],[-114.20746673349167,51.05644178159094],[-114.20786160129116,51.05675707020919],[-114.20833749421293,51.05691238425578],[-114.20873170278257,51.05700278562334],[-114.20890558323292,51.05700236689142],[-114.20968470303819,51.0570006720723],[-114.21017869759135,51.05700427975925],[-114.21090061535999,51.05700955901566],[-114.2109304864376,51.05962488365695],[-114.21093049390313,51.05962587404407],[-114.21093197443795,51.05970316482499],[-114.20975057074006,51.059708638832255],[-114.20885640731315,51.05971277561595],[-114.2085207677981,51.059709154252864],[-114.20818929998386,51.059705560798946],[-114.20796688020111,51.05967606806797],[-114.20722514602542,51.05967797922055],[-114.20510769462284,51.05968338224787],[-114.19978943604593,51.05969130194707],[-114.19947221563389,51.05969819673724],[-114.19949130849817,51.0587603855727],[-114.19948143595443,51.05868817857792],[-114.19944472609205,51.05787780391597],[-114.19944424996233,51.056550481560095],[-114.19944397982042,51.055654073616296],[-114.19944356225018,51.0543519889751]]]]}},{"type":"Feature","properties":{"DGUID":"2021S051248061872","DAUID":"48061872","LANDAREA":0.0735,"PRUID":"48","fed_num":"48013","da_code":"48061872","geo_name":"48061872","name_source":{"label":"Statistics Canada Census Profile 2021 DA WDS","url":"https://www12.statcan.gc.ca/wds-sdw/2021profile-profil2021-eng.cfm"},"population":216,"status":"ok","source":{"label":"Statistics Canada Census Profile 2021 DA WDS","url":"https://www12.statcan.gc.ca/wds-sdw/2021profile-profil2021-eng.cfm"},"community_name":"Calgary","community_source":{"label":"Statistics Canada 2021 census subdivision boundaries (spatial lookup)","url":"https://geo.statcan.gc.ca/geo_wa/rest/services/2021/Cartographic_boundary_files/MapServer/9"},"community_display":"Calgary","is_unorganized":false,"panel_title":"Calgary","display_label":"Calgary","map_label":"48061872"},"geometry":{"type":"MultiPolygon","coordinates":[[[[-114.2109304864376,51.05962488365695],[-114.21090061535999,51.05700955901566],[-114.21105740510961,51.05701335964782],[-114.21134301487584,51.05701256653772],[-114.21139998133522,51.05701247129262],[-114.21235020173829,51.056904570594924],[-114.21345248839282,51.05681866172923],[-114.21345503280187,51.05711551680336],[-114.21346120997259,51.05782786568577],[-114.21347218211346,51.058937556473275],[-114.21670897591841,51.05894156107929],[-114.21671747258767,51.059650057025245],[-114.21553597706745,51.059648069109855],[-114.21437458192867,51.059670774988206],[-114.21402907429731,51.05969907752891],[-114.21344690834363,51.05969936672102],[-114.21239939024755,51.05969979639789],[-114.21138237089598,51.05970017102471],[-114.21107796777954,51.05970116635031],[-114.21093197443795,51.05970316482499],[-114.21093049390313,51.05962587404407],[-114.2109304864376,51.05962488365695]]]]}},{"type":"Feature","properties":{"DGUID":"2021S051248061873","DAUID":"48061873","LANDAREA":0.785,"PRUID":"48","fed_num":"48013","da_code":"48061873","geo_name":"48061873","name_source":{"label":"Statistics Canada Census Profile 2021 DA WDS","url":"https://www12.statcan.gc.ca/wds-sdw/2021profile-profil2021-eng.cfm"},"population":1618,"status":"ok","source":{"label":"Statistics Canada Census Profile 2021 DA WDS","url":"https://www12.statcan.gc.ca/wds-sdw/2021profile-profil2021-eng.cfm"},"community_name":"Calgary","community_source":{"label":"Statistics Canada 2021 census subdivision boundaries (spatial lookup)","url":"https://geo.statcan.gc.ca/geo_wa/rest/services/2021/Cartographic_boundary_files/MapServer/9"},"community_display":"Calgary","is_unorganized":false,"panel_title":"Calgary","display_label":"Calgary","map_label":"48061873"},"geometry":{"type":"MultiPolygon","coordinates":[[[[-114.19359879736088,51.066273390272436],[-114.19359231863774,51.065436782867614],[-114.19445251472847,51.06543409093379],[-114.19492022235674,51.06543270284153],[-114.1968528930801,51.06486739630469],[-114.19673200721577,51.064504785304244],[-114.19671480854721,51.064081596114235],[-114.19671820756083,51.06331710357951],[-114.19943573954465,51.0632876755216],[-114.19947556858743,51.061951497912474],[-114.1994690344312,51.06109289694551],[-114.19946212857468,51.060189797185046],[-114.19947221563389,51.05969819673724],[-114.19978943604593,51.05969130194707],[-114.20510769462284,51.05968338224787],[-114.20722514602542,51.05967797922055],[-114.20796688020111,51.05967606806797],[-114.20818929998386,51.059705560798946],[-114.2085207677981,51.059709154252864],[-114.20885640731315,51.05971277561595],[-114.20975057074006,51.059708638832255],[-114.21093197443795,51.05970316482499],[-114.2109274715795,51.060203071973845],[-114.21091987492741,51.060601258593174],[-114.21091258923485,51.06098336222734],[-114.2109136119858,51.06143073583434],[-114.2109177965606,51.06325852214763],[-114.21091828664869,51.063464577692315],[-114.21090808270688,51.06465304768878],[-114.21090646628295,51.06483856301093],[-114.21091846916008,51.06667627681209],[-114.21091186412092,51.066967369139405],[-114.21089785837715,51.067077368697426],[-114.21046719214752,51.06707757545255],[-114.20804969652936,51.06707883578196],[-114.2051030696171,51.06708028720184],[-114.2016156924896,51.067077388737566],[-114.1994517828528,51.06707949984865],[-114.19930000377603,51.06708030269569],[-114.19873021844136,51.06708219911624],[-114.19460530823719,51.067098090078765],[-114.19363650229474,51.06706589867366],[-114.19349403390738,51.06706239512537],[-114.19350050251235,51.06695469926995],[-114.19350689502461,51.06661298268021],[-114.19359879736088,51.066273390272436]]]]}},{"type":"Feature","properties":{"DGUID":"2021S051248061874","DAUID":"48061874","LANDAREA":0.1524,"PRUID":"48","fed_num":"48013","da_code":"48061874","geo_name":"48061874","name_source":{"label":"Statistics Canada Census Profile 2021 DA WDS","url":"https://www12.statcan.gc.ca/wds-sdw/2021profile-profil2021-eng.cfm"},"population":854,"status":"ok","source":{"label":"Statistics Canada Census Profile 2021 DA WDS","url":"https://www12.statcan.gc.ca/wds-sdw/2021profile-profil2021-eng.cfm"},"community_name":"Calgary","community_source":{"label":"Statistics Canada 2021 census subdivision boundaries (spatial lookup)","url":"https://geo.statcan.gc.ca/geo_wa/rest/services/2021/Cartographic_boundary_files/MapServer/9"},"community_display":"Calgary","is_unorganized":false,"panel_title":"Calgary","display_label":"Calgary","map_label":"48061874"},"geometry":{"type":"MultiPolygon","coordinates":[[[[-114.19362415036997,51.06019359562108],[-114.19357790662312,51.05975821890044],[-114.19947221563389,51.05969819673724],[-114.19946212857468,51.060189797185046],[-114.1994690344312,51.06109289694551],[-114.19947556858743,51.061951497912474],[-114.19943573954465,51.0632876755216],[-114.19671820756083,51.06331710357951],[-114.19471941480349,51.06332310006692],[-114.19409773131233,51.063218190625896],[-114.19453711807662,51.06279698150617],[-114.19462742651612,51.062484403116635],[-114.19446662637435,51.06207578639956],[-114.19373932868486,51.06135669346537],[-114.19361202772207,51.06110180058713],[-114.19362074566213,51.060958095729674],[-114.19362415036997,51.06019359562108]]]]}},{"type":"Feature","properties":{"DGUID":"2021S051248061875","DAUID":"48061875","LANDAREA":0.2054,"PRUID":"48","fed_num":"48013","da_code":"48061875","geo_name":"48061875","name_source":{"label":"Statistics Canada Census Profile 2021 DA WDS","url":"https://www12.statcan.gc.ca/wds-sdw/2021profile-profil2021-eng.cfm"},"population":767,"status":"ok","source":{"label":"Statistics Canada Census Profile 2021 DA WDS","url":"https://www12.statcan.gc.ca/wds-sdw/2021profile-profil2021-eng.cfm"},"community_name":"Calgary","community_source":{"label":"Statistics Canada 2021 census subdivision boundaries (spatial lookup)","url":"https://geo.statcan.gc.ca/geo_wa/rest/services/2021/Cartographic_boundary_files/MapServer/9"},"community_display":"Calgary","is_unorganized":false,"panel_title":"Calgary","display_label":"Calgary","map_label":"48061875"},"geometry":{"type":"MultiPolygon","coordinates":[[[[-114.1924555041698,51.0646448860133],[-114.19099572050933,51.06376428885491],[-114.1901018351081,51.06438139913664],[-114.19001903405605,51.06433447769127],[-114.1890260210323,51.06376188427209],[-114.18871392706468,51.063493487878894],[-114.18857243752309,51.06323828355459],[-114.18857135585691,51.06184409308955],[-114.18843124324907,51.06109409482552],[-114.18847574338955,51.06012377828495],[-114.18893514009773,51.060080894261425],[-114.18973436134812,51.060082088529605],[-114.19098903617656,51.06010329225385],[-114.19104393479569,51.060140583622534],[-114.19104542284917,51.06105808953667],[-114.19229463393053,51.06093518770574],[-114.19362074566213,51.060958095729674],[-114.19361202772207,51.06110180058713],[-114.19373932868486,51.06135669346537],[-114.19446662637435,51.06207578639956],[-114.19462742651612,51.062484403116635],[-114.19453711807662,51.06279698150617],[-114.19409773131233,51.063218190625896],[-114.19471941480349,51.06332310006692],[-114.19671820756083,51.06331710357951],[-114.19671480854721,51.064081596114235],[-114.19673200721577,51.064504785304244],[-114.1968528930801,51.06486739630469],[-114.19492022235674,51.06543270284153],[-114.19445251472847,51.06543409093379],[-114.19359231863774,51.065436782867614],[-114.19359540349014,51.06491508974902],[-114.19318533229732,51.06485128597587],[-114.1924555041698,51.0646448860133]]]]}},{"type":"Feature","properties":{"DGUID":"2021S051248061876","DAUID":"48061876","LANDAREA":0.0741,"PRUID":"48","fed_num":"48013","da_code":"48061876","geo_name":"48061876","name_source":{"label":"Statistics Canada Census Profile 2021 DA WDS","url":"https://www12.statcan.gc.ca/wds-sdw/2021profile-profil2021-eng.cfm"},"population":342,"status":"ok","source":{"label":"Statistics Canada Census Profile 2021 DA WDS","url":"https://www12.statcan.gc.ca/wds-sdw/2021profile-profil2021-eng.cfm"},"community_name":"Calgary","community_source":{"label":"Statistics Canada 2021 census subdivision boundaries (spatial lookup)","url":"https://geo.statcan.gc.ca/geo_wa/rest/services/2021/Cartographic_boundary_files/MapServer/9"},"community_display":"Calgary","is_unorganized":false,"panel_title":"Calgary","display_label":"Calgary","map_label":"48061876"},"geometry":{"type":"MultiPolygon","coordinates":[[[[-114.1901018351081,51.06438139913664],[-114.19099572050933,51.06376428885491],[-114.1924555041698,51.0646448860133],[-114.19318533229732,51.06485128597587],[-114.19359540349014,51.06491508974902],[-114.19359231863774,51.065436782867614],[-114.19359879736088,51.066273390272436],[-114.19350689502461,51.06661298268021],[-114.19350050251235,51.06695469926995],[-114.19349403390738,51.06706239512537],[-114.19309242064216,51.06700829025029],[-114.19195052385618,51.06685440052757],[-114.19145922019086,51.06671668184716],[-114.19061982587462,51.06643570313299],[-114.19014871486758,51.06619949464456],[-114.18896202796748,51.06552328796142],[-114.18877232282439,51.065356799488164],[-114.18894472059841,51.06523028521791],[-114.1901018351081,51.06438139913664]]]]}},{"type":"Feature","properties":{"DGUID":"2021S051248061877","DAUID":"48061877","LANDAREA":0.5805,"PRUID":"48","fed_num":"48013","da_code":"48061877","geo_name":"48061877","name_source":{"label":"Statistics Canada Census Profile 2021 DA WDS","url":"https://www12.statcan.gc.ca/wds-sdw/2021profile-profil2021-eng.cfm"},"population":2216,"status":"ok","source":{"label":"Statistics Canada Census Profile 2021 DA WDS","url":"https://www12.statcan.gc.ca/wds-sdw/2021profile-profil2021-eng.cfm"},"community_name":"Calgary","community_source":{"label":"Statistics Canada 2021 census subdivision boundaries (spatial lookup)","url":"https://geo.statcan.gc.ca/geo_wa/rest/services/2021/Cartographic_boundary_files/MapServer/9"},"community_display":"Calgary","is_unorganized":false,"panel_title":"Calgary","display_label":"Calgary","map_label":"48061877"},"geometry":{"type":"MultiPolygon","coordinates":[[[[-114.18771065020064,51.0605010775844],[-114.18770765131484,51.05843228087141],[-114.18770889722951,51.05828975511052],[-114.18771225985412,51.057897286497976],[-114.18771235716778,51.0578836794925],[-114.18754484858374,51.05711507856791],[-114.18770217268047,51.05633664989157],[-114.18765493342379,51.055534685107595],[-114.18766417101818,51.05514819412683],[-114.18766156042759,51.05424858814264],[-114.19235774556019,51.054246034253794],[-114.19356701084841,51.054245348076535],[-114.19480445926686,51.05424461820852],[-114.19731268492373,51.05424313526331],[-114.19859808504336,51.05424234002499],[-114.19899344975036,51.054242089021784],[-114.19899415127581,51.05424209241192],[-114.19947744376971,51.05426268291605],[-114.19944356225018,51.0543519889751],[-114.19944397982042,51.055654073616296],[-114.19944424996233,51.056550481560095],[-114.19944472609205,51.05787780391597],[-114.19948143595443,51.05868817857792],[-114.19949130849817,51.0587603855727],[-114.19947221563389,51.05969819673724],[-114.19357790662312,51.05975821890044],[-114.19362415036997,51.06019359562108],[-114.19362074566213,51.060958095729674],[-114.19229463393053,51.06093518770574],[-114.19104542284917,51.06105808953667],[-114.19104393479569,51.060140583622534],[-114.19098903617656,51.06010329225385],[-114.18973436134812,51.060082088529605],[-114.18893514009773,51.060080894261425],[-114.18847574338955,51.06012377828495],[-114.18843124324907,51.06109409482552],[-114.18857135585691,51.06184409308955],[-114.18857243752309,51.06323828355459],[-114.18871392706468,51.063493487878894],[-114.1890260210323,51.06376188427209],[-114.19001903405605,51.06433447769127],[-114.1901018351081,51.06438139913664],[-114.18894472059841,51.06523028521791],[-114.18877232282439,51.065356799488164],[-114.18866213963729,51.06529120023483],[-114.18782091130622,51.06480319645417],[-114.18776839760693,51.0635688964334],[-114.18776738209486,51.063287212075856],[-114.18776557713089,51.06278791311238],[-114.18776411654758,51.062382168211585],[-114.1876828455105,51.06074978364774],[-114.18771065020064,51.0605010775844]]]]}},{"type":"Feature","properties":{"DGUID":"2021S051248061878","DAUID":"48061878","LANDAREA":0.5346,"PRUID":"48","fed_num":"48013","da_code":"48061878","geo_name":"48061878","name_source":{"label":"Statistics Canada Census Profile 2021 DA WDS","url":"https://www12.statcan.gc.ca/wds-sdw/2021profile-profil2021-eng.cfm"},"population":1448,"status":"ok","source":{"label":"Statistics Canada Census Profile 2021 DA WDS","url":"https://www12.statcan.gc.ca/wds-sdw/2021profile-profil2021-eng.cfm"},"community_name":"Calgary","community_source":{"label":"Statistics Canada 2021 census subdivision boundaries (spatial lookup)","url":"https://geo.statcan.gc.ca/geo_wa/rest/services/2021/Cartographic_boundary_files/MapServer/9"},"community_display":"Calgary","is_unorganized":false,"panel_title":"Calgary","display_label":"Calgary","map_label":"48061878"},"geometry":{"type":"MultiPolygon","coordinates":[[[[-114.20853542426127,51.05243776634636],[-114.19937487993646,51.05244945644749],[-114.19949023322853,51.0531002414106],[-114.19947744376971,51.05426268291605],[-114.19899415127581,51.05424209241192],[-114.19899344975036,51.054242089021784],[-114.19859808504336,51.05424234002499],[-114.19731268492373,51.05424313526331],[-114.19480445926686,51.05424461820852],[-114.19356701084841,51.054245348076535],[-114.19235774556019,51.054246034253794],[-114.18766156042759,51.05424858814264],[-114.18765938535684,51.053801880044865],[-114.18765733439258,51.053376085362885],[-114.18765983830849,51.052629581566976],[-114.18765930971382,51.05249333683317],[-114.1876694719909,51.052233992385624],[-114.1876350575474,51.05115378554815],[-114.18764566274866,51.050272579107435],[-114.18766186885729,51.0495353753555],[-114.18764736405186,51.04765518254596],[-114.18793677455822,51.0478240682964],[-114.18843945239301,51.048007086753714],[-114.18863675366487,51.0480477735846],[-114.18876716166025,51.048014979539104],[-114.18899235311535,51.048065376395094],[-114.18968076279886,51.04824377469864],[-114.18995865890314,51.04836737051736],[-114.19020976678262,51.04857978402307],[-114.19029807865994,51.048654383600606],[-114.19039795265022,51.04889067749493],[-114.19044835162492,51.04899987295442],[-114.19069577499423,51.04939257304152],[-114.19108938127204,51.049725884134574],[-114.19144736768395,51.049941270387116],[-114.19195164491097,51.050097377776154],[-114.19285274591913,51.05029887251916],[-114.19384596838886,51.050628585653975],[-114.19494564882652,51.05108679061608],[-114.19547464643438,51.05130637317566],[-114.19613356932894,51.05150208091642],[-114.19632974735707,51.051560791494516],[-114.1970368470785,51.05166769474512],[-114.19839945828973,51.05179028392143],[-114.19936866195667,51.051785519904186],[-114.20275322462993,51.051768782595644],[-114.20298393493528,51.051729287831954],[-114.2034222227654,51.05155987830648],[-114.20382383227196,51.05129066516635],[-114.20417774827769,51.05110127266658],[-114.20462974540483,51.050941172948654],[-114.20514811970895,51.050863678921374],[-114.2058063443764,51.050834378154704],[-114.20645461159769,51.050732968176845],[-114.20668803514366,51.050648662034654],[-114.2070238434337,51.05052177642268],[-114.20751622093914,51.050164778554155],[-114.20783931713483,51.04977666078149],[-114.20788742086218,51.04968786606944],[-114.20799613133723,51.04930376794169],[-114.20797443066917,51.048952465196784],[-114.20800869224487,51.04889897180791],[-114.20804278107606,51.04884706150195],[-114.21017792814635,51.04885217695788],[-114.21086923304138,51.04884250271722],[-114.21105597551315,51.0488398998861],[-114.21114299825655,51.051709018157446],[-114.2111299032581,51.05225052733115],[-114.21098911573509,51.05245137366784],[-114.2101763193034,51.05244095386755],[-114.20853542426127,51.05243776634636]]]]}},{"type":"Feature","properties":{"DGUID":"2021S051248061880","DAUID":"48061880","LANDAREA":0.7334,"PRUID":"48","fed_num":"48013","da_code":"48061880","geo_name":"48061880","name_source":{"label":"Statistics Canada Census Profile 2021 DA WDS","url":"https://www12.statcan.gc.ca/wds-sdw/2021profile-profil2021-eng.cfm"},"population":1293,"status":"ok","source":{"label":"Statistics Canada Census Profile 2021 DA WDS","url":"https://www12.statcan.gc.ca/wds-sdw/2021profile-profil2021-eng.cfm"},"community_name":"Calgary","community_source":{"label":"Statistics Canada 2021 census subdivision boundaries (spatial lookup)","url":"https://geo.statcan.gc.ca/geo_wa/rest/services/2021/Cartographic_boundary_files/MapServer/9"},"community_display":"Calgary","is_unorganized":false,"panel_title":"Calgary","display_label":"Calgary","map_label":"48061880"},"geometry":{"type":"MultiPolygon","coordinates":[[[[-114.19346430159447,51.04700143852667],[-114.19348905927275,51.04520527132135],[-114.19263419533652,51.04520751232423],[-114.1925271835061,51.04520779989378],[-114.191805077814,51.04520967249307],[-114.18779745442188,51.04520007766592],[-114.18765347216328,51.04519977141871],[-114.18741127442382,51.04519396988963],[-114.18744877232491,51.04214929802431],[-114.18745490251636,51.04164999296616],[-114.18746586800351,51.04076085080467],[-114.1874581780979,51.04065277054437],[-114.18746898059803,51.04023926521773],[-114.18747365217159,51.039121014639974],[-114.18747746471459,51.038215648463066],[-114.18748027538582,51.03796134621041],[-114.18772388793063,51.037956864142814],[-114.18825026062413,51.037969859828635],[-114.18884566997961,51.037960553172155],[-114.18927921300231,51.03795893057089],[-114.18951815012781,51.037958058226735],[-114.19003148465123,51.03793286188247],[-114.19101186906023,51.03791805386373],[-114.19155915039208,51.03790036042309],[-114.1923118600471,51.03787676311307],[-114.1926768905871,51.03785776744108],[-114.19353325781661,51.03786666056968],[-114.19416958962361,51.03787526281456],[-114.19454537513504,51.03789216004198],[-114.19500067817805,51.037924064576984],[-114.19517075918782,51.03793615602211],[-114.1953079654896,51.03794597323274],[-114.19591106599246,51.03797055912383],[-114.19635236128431,51.038000760133336],[-114.19668246436481,51.03800626466762],[-114.19705268711473,51.03801236866183],[-114.19932688341535,51.03802116136314],[-114.19931079618397,51.04048083134457],[-114.19927966692995,51.04524526129786],[-114.19886906222223,51.04519046950118],[-114.19649556450652,51.04519088601638],[-114.1964768409242,51.04570376668928],[-114.19658376742342,51.04573846247285],[-114.19706996876619,51.04573588356782],[-114.19710616749474,51.04579578074094],[-114.19710335310661,51.04750387103764],[-114.19345764744135,51.04748256657365],[-114.19346430159447,51.04700143852667]]]]}},{"type":"Feature","properties":{"DGUID":"2021S051248061881","DAUID":"48061881","LANDAREA":0.6851,"PRUID":"48","fed_num":"48013","da_code":"48061881","geo_name":"48061881","name_source":{"label":"Statistics Canada Census Profile 2021 DA WDS","url":"https://www12.statcan.gc.ca/wds-sdw/2021profile-profil2021-eng.cfm"},"population":1406,"status":"ok","source":{"label":"Statistics Canada Census Profile 2021 DA WDS","url":"https://www12.statcan.gc.ca/wds-sdw/2021profile-profil2021-eng.cfm"},"community_name":"Calgary","community_source":{"label":"Statistics Canada 2021 census subdivision boundaries (spatial lookup)","url":"https://geo.statcan.gc.ca/geo_wa/rest/services/2021/Cartographic_boundary_files/MapServer/9"},"community_display":"Calgary","is_unorganized":false,"panel_title":"Calgary","display_label":"Calgary","map_label":"48061881"},"geometry":{"type":"MultiPolygon","coordinates":[[[[-114.18747078262409,51.03526514045768],[-114.1874831890415,51.030822142907724],[-114.18748138585137,51.03061514444466],[-114.1877098764614,51.03061163569107],[-114.1880094683445,51.03060995278414],[-114.18840633748826,51.030604079927684],[-114.18965306096976,51.03058564743222],[-114.18982276761197,51.03054274845475],[-114.19065076670523,51.03054206044022],[-114.19148946097611,51.03054134848866],[-114.19350567552036,51.03053526187979],[-114.19937028537072,51.030537856858615],[-114.19932575623648,51.03786176832006],[-114.19932688341535,51.03802116136314],[-114.19705268711473,51.03801236866183],[-114.19668246436481,51.03800626466762],[-114.19635236128431,51.038000760133336],[-114.19591106599246,51.03797055912383],[-114.1953079654896,51.03794597323274],[-114.19517075918782,51.03793615602211],[-114.19500067817805,51.037924064576984],[-114.19454537513504,51.03789216004198],[-114.19416958962361,51.03787526281456],[-114.19353325781661,51.03786666056968],[-114.1926768905871,51.03785776744108],[-114.1923118600471,51.03787676311307],[-114.19155915039208,51.03790036042309],[-114.19101186906023,51.03791805386373],[-114.19003148465123,51.03793286188247],[-114.18951815012781,51.037958058226735],[-114.18927921300231,51.03795893057089],[-114.18884566997961,51.037960553172155],[-114.18825026062413,51.037969859828635],[-114.18772388793063,51.037956864142814],[-114.18748027538582,51.03796134621041],[-114.1874806798707,51.03788256133359],[-114.18747544178325,51.03781370290348],[-114.1874662635614,51.03769365110398],[-114.18747075354477,51.03734266394512],[-114.18747365705232,51.036682761411356],[-114.18748188325233,51.035553260602974],[-114.1874735973725,51.03545416440633],[-114.18747078262409,51.03526514045768]]]]}},{"type":"Feature","properties":{"DGUID":"2021S051248061882","DAUID":"48061882","LANDAREA":0.4324,"PRUID":"48","fed_num":"48013","da_code":"48061882","geo_name":"48061882","name_source":{"label":"Statistics Canada Census Profile 2021 DA WDS","url":"https://www12.statcan.gc.ca/wds-sdw/2021profile-profil2021-eng.cfm"},"population":1243,"status":"ok","source":{"label":"Statistics Canada Census Profile 2021 DA WDS","url":"https://www12.statcan.gc.ca/wds-sdw/2021profile-profil2021-eng.cfm"},"community_name":"Calgary","community_source":{"label":"Statistics Canada 2021 census subdivision boundaries (spatial lookup)","url":"https://geo.statcan.gc.ca/geo_wa/rest/services/2021/Cartographic_boundary_files/MapServer/9"},"community_display":"Calgary","is_unorganized":false,"panel_title":"Calgary","display_label":"Calgary","map_label":"48061882"},"geometry":{"type":"MultiPolygon","coordinates":[[[[-114.18185596290915,51.03093824671246],[-114.18209089104151,51.030593141373004],[-114.18237628776981,51.03059103169537],[-114.18405542271135,51.0305977116287],[-114.18683987491855,51.030608742089186],[-114.18748138585137,51.03061514444466],[-114.1874831890415,51.030822142907724],[-114.18747078262409,51.03526514045768],[-114.1874735973725,51.03545416440633],[-114.18748188325233,51.035553260602974],[-114.18747365705232,51.036682761411356],[-114.18747075354477,51.03734266394512],[-114.1874662635614,51.03769365110398],[-114.18747544178325,51.03781370290348],[-114.1874806798707,51.03788256133359],[-114.18748027538582,51.03796134621041],[-114.18586755244883,51.03794296199906],[-114.18525557065968,51.03791926511806],[-114.18306726543456,51.03777654661926],[-114.18156539085491,51.037605364445255],[-114.17969968375077,51.03731744661858],[-114.17861484884754,51.03709334722636],[-114.17848778173794,51.03707235328863],[-114.17852995615817,51.03699864864499],[-114.17857988598794,51.036900810414394],[-114.17863287466402,51.03679694897989],[-114.17881085982602,51.0364504492647],[-114.17881388032663,51.03635114538219],[-114.17885376956093,51.035039362691975],[-114.17885976021596,51.03470664708362],[-114.17899827225114,51.03430525231182],[-114.17911869544503,51.033966357135675],[-114.17940349279296,51.033505558630885],[-114.18016638881507,51.032687442128804],[-114.18025736512952,51.03259966488768],[-114.18130178685419,51.03160854099733],[-114.18172566091984,51.031204957247986],[-114.18185596290915,51.03093824671246]]]]}},{"type":"Feature","properties":{"DGUID":"2021S051248061883","DAUID":"48061883","LANDAREA":0.1234,"PRUID":"48","fed_num":"48013","da_code":"48061883","geo_name":"48061883","name_source":{"label":"Statistics Canada Census Profile 2021 DA WDS","url":"https://www12.statcan.gc.ca/wds-sdw/2021profile-profil2021-eng.cfm"},"population":444,"status":"ok","source":{"label":"Statistics Canada Census Profile 2021 DA WDS","url":"https://www12.statcan.gc.ca/wds-sdw/2021profile-profil2021-eng.cfm"},"community_name":"Calgary","community_source":{"label":"Statistics Canada 2021 census subdivision boundaries (spatial lookup)","url":"https://geo.statcan.gc.ca/geo_wa/rest/services/2021/Cartographic_boundary_files/MapServer/9"},"community_display":"Calgary","is_unorganized":false,"panel_title":"Calgary","display_label":"Calgary","map_label":"48061883"},"geometry":{"type":"MultiPolygon","coordinates":[[[[-114.18093948111697,51.02911725264646],[-114.18027777503127,51.02920914885988],[-114.1796538652485,51.02938304387492],[-114.1787276799728,51.02960343033054],[-114.17782649218343,51.02964463354022],[-114.17772958593615,51.029597344877445],[-114.17769386785103,51.02947954156513],[-114.17766037314384,51.02885814928907],[-114.17769317400628,51.02855303350369],[-114.177853062979,51.02826914871619],[-114.17854528264839,51.02744035107898],[-114.17881030042388,51.02706894761005],[-114.17896087951314,51.026703839083524],[-114.17807667183722,51.026466544766976],[-114.17762197401846,51.02620375121054],[-114.17729707159033,51.025683138155735],[-114.17728597129677,51.025161251582496],[-114.17992529580052,51.0265591672567],[-114.18120811286636,51.02654204127404],[-114.18251921352372,51.02730181960352],[-114.18362066748145,51.02863371176553],[-114.18345391560007,51.02913357857335],[-114.18336577485152,51.0299352595306],[-114.18390721765023,51.0304553651292],[-114.18405542271135,51.0305977116287],[-114.18237628776981,51.03059103169537],[-114.18209089104151,51.030593141373004],[-114.18217885935677,51.030451337655734],[-114.18264068279005,51.02976093787229],[-114.18263769863199,51.02910424664839],[-114.18093948111697,51.02911725264646]]]]}},{"type":"Feature","properties":{"DGUID":"2021S051248061884","DAUID":"48061884","LANDAREA":0.5197,"PRUID":"48","fed_num":"48013","da_code":"48061884","geo_name":"48061884","name_source":{"label":"Statistics Canada Census Profile 2021 DA WDS","url":"https://www12.statcan.gc.ca/wds-sdw/2021profile-profil2021-eng.cfm"},"population":1440,"status":"ok","source":{"label":"Statistics Canada Census Profile 2021 DA WDS","url":"https://www12.statcan.gc.ca/wds-sdw/2021profile-profil2021-eng.cfm"},"community_name":"Calgary","community_source":{"label":"Statistics Canada 2021 census subdivision boundaries (spatial lookup)","url":"https://geo.statcan.gc.ca/geo_wa/rest/services/2021/Cartographic_boundary_files/MapServer/9"},"community_display":"Calgary","is_unorganized":false,"panel_title":"Calgary","display_label":"Calgary","map_label":"48061884"},"geometry":{"type":"MultiPolygon","coordinates":[[[[-114.1747660886895,51.030712952257026],[-114.17408019038494,51.03003073479463],[-114.173974983392,51.02988433156777],[-114.17398637472675,51.029695739948345],[-114.17398528645292,51.02924593166055],[-114.17386089151148,51.029179938986566],[-114.17276257682938,51.02918034131021],[-114.17192055212251,51.02918693388698],[-114.17176336909765,51.02919214270846],[-114.1717622923517,51.02944394822887],[-114.1718417911568,51.02954484597448],[-114.17184187908029,51.03048033650224],[-114.17182096371324,51.03058775678078],[-114.17032277656465,51.03059644156978],[-114.17031557754763,51.03047933535573],[-114.17025586599266,51.030055150980274],[-114.17024057544955,51.02983883183933],[-114.17021957716571,51.02690604813242],[-114.17021459441136,51.02488213524945],[-114.17020629684922,51.02478294383981],[-114.1702046678687,51.02434223030867],[-114.17024457948817,51.02392042065958],[-114.17036347461574,51.02360843946321],[-114.1704839806426,51.02326963931908],[-114.17087378788425,51.02284273540001],[-114.17141609599648,51.02224874190423],[-114.17169756464891,51.022075731446634],[-114.1720919741,51.021923331738286],[-114.17286907138886,51.02180724313979],[-114.17304170472771,51.02178443885773],[-114.174836997933,51.021576032162216],[-114.17554578100803,51.02164715104892],[-114.17606498561844,51.02178564946289],[-114.17643856499176,51.02197452837308],[-114.17676669598917,51.02220734017084],[-114.17700396167865,51.02252792904646],[-114.17716559036795,51.02291864847883],[-114.17727310130246,51.02373072863412],[-114.177290385002,51.02508934619097],[-114.17728597129677,51.025161251582496],[-114.17729707159033,51.025683138155735],[-114.17762197401846,51.02620375121054],[-114.17807667183722,51.026466544766976],[-114.17896087951314,51.026703839083524],[-114.17881030042388,51.02706894761005],[-114.17854528264839,51.02744035107898],[-114.177853062979,51.02826914871619],[-114.17769317400628,51.02855303350369],[-114.17766037314384,51.02885814928907],[-114.17769386785103,51.02947954156513],[-114.17772958593615,51.029597344877445],[-114.17782649218343,51.02964463354022],[-114.1787276799728,51.02960343033054],[-114.1796538652485,51.02938304387492],[-114.18027777503127,51.02920914885988],[-114.18093948111697,51.02911725264646],[-114.18263769863199,51.02910424664839],[-114.18264068279005,51.02976093787229],[-114.18217885935677,51.030451337655734],[-114.18209089104151,51.030593141373004],[-114.18150525900761,51.030606044950886],[-114.18123468657545,51.030599441262716],[-114.18053568314897,51.03060053588251],[-114.17585678724829,51.03060445037404],[-114.17488939579908,51.030796939002066],[-114.1747660886895,51.030712952257026]]]]}},{"type":"Feature","properties":{"DGUID":"2021S051248061885","DAUID":"48061885","LANDAREA":0.0752,"PRUID":"48","fed_num":"48013","da_code":"48061885","geo_name":"48061885","name_source":{"label":"Statistics Canada Census Profile 2021 DA WDS","url":"https://www12.statcan.gc.ca/wds-sdw/2021profile-profil2021-eng.cfm"},"population":244,"status":"ok","source":{"label":"Statistics Canada Census Profile 2021 DA WDS","url":"https://www12.statcan.gc.ca/wds-sdw/2021profile-profil2021-eng.cfm"},"community_name":"Calgary","community_source":{"label":"Statistics Canada 2021 census subdivision boundaries (spatial lookup)","url":"https://geo.statcan.gc.ca/geo_wa/rest/services/2021/Cartographic_boundary_files/MapServer/9"},"community_display":"Calgary","is_unorganized":false,"panel_title":"Calgary","display_label":"Calgary","map_label":"48061885"},"geometry":{"type":"MultiPolygon","coordinates":[[[[-114.17037708022144,51.032513640445],[-114.17032277656465,51.03059644156978],[-114.17182096371324,51.03058775678078],[-114.17184187908029,51.03048033650224],[-114.1718417911568,51.02954484597448],[-114.1717622923517,51.02944394822887],[-114.17176336909765,51.02919214270846],[-114.17192055212251,51.02918693388698],[-114.17276257682938,51.02918034131021],[-114.17386089151148,51.029179938986566],[-114.17398528645292,51.02924593166055],[-114.17398637472675,51.029695739948345],[-114.173974983392,51.02988433156777],[-114.17408019038494,51.03003073479463],[-114.1747660886895,51.030712952257026],[-114.17488939579908,51.030796939002066],[-114.17448018144522,51.03095793148393],[-114.17263417800086,51.03222644330057],[-114.1719761745838,51.03248935542934],[-114.17168747287096,51.032545338713554],[-114.17132648300536,51.03261755329961],[-114.17102518228889,51.03264624543778],[-114.17036888627317,51.032648348166056],[-114.17037708022144,51.032513640445]]]]}},{"type":"Feature","properties":{"DGUID":"2021S051248061886","DAUID":"48061886","LANDAREA":0.1291,"PRUID":"48","fed_num":"48013","da_code":"48061886","geo_name":"48061886","name_source":{"label":"Statistics Canada Census Profile 2021 DA WDS","url":"https://www12.statcan.gc.ca/wds-sdw/2021profile-profil2021-eng.cfm"},"population":464,"status":"ok","source":{"label":"Statistics Canada Census Profile 2021 DA WDS","url":"https://www12.statcan.gc.ca/wds-sdw/2021profile-profil2021-eng.cfm"},"community_name":"Calgary","community_source":{"label":"Statistics Canada 2021 census subdivision boundaries (spatial lookup)","url":"https://geo.statcan.gc.ca/geo_wa/rest/services/2021/Cartographic_boundary_files/MapServer/9"},"community_display":"Calgary","is_unorganized":false,"panel_title":"Calgary","display_label":"Calgary","map_label":"48061886"},"geometry":{"type":"MultiPolygon","coordinates":[[[[-114.17098645960549,51.036090264151895],[-114.17095577568908,51.034956237820346],[-114.17102634481752,51.03426534167886],[-114.17106575875994,51.0336186593859],[-114.17165357114638,51.03356995015648],[-114.17230446366871,51.0334237612263],[-114.17275695214293,51.03325484112988],[-114.17343847605845,51.03283965600231],[-114.17263417800086,51.03222644330057],[-114.17448018144522,51.03095793148393],[-114.17488939579908,51.030796939002066],[-114.17559669565489,51.03136275159593],[-114.17589916606528,51.03178375772152],[-114.17603178538116,51.03218273251421],[-114.17604508532176,51.03290265119481],[-114.17604837889583,51.033082652166556],[-114.17604846477906,51.033784242337624],[-114.17605239637197,51.03395525294243],[-114.17600918379692,51.03443094257672],[-114.17583497685428,51.03471454286052],[-114.1751513499356,51.03516574374327],[-114.17434046115734,51.03536194041996],[-114.17303498655023,51.035249443758026],[-114.17223008602066,51.03511305593102],[-114.17221916009937,51.035994241919525],[-114.17230744859275,51.03618535658702],[-114.1722901335926,51.03623775635717],[-114.17228976880854,51.036238859859644],[-114.17121875571985,51.03649165654904],[-114.17102485231942,51.03639716379192],[-114.17098645960549,51.036090264151895]]]]}},{"type":"Feature","properties":{"DGUID":"2021S051248061887","DAUID":"48061887","LANDAREA":0.2789,"PRUID":"48","fed_num":"48013","da_code":"48061887","geo_name":"48061887","name_source":{"label":"Statistics Canada Census Profile 2021 DA WDS","url":"https://www12.statcan.gc.ca/wds-sdw/2021profile-profil2021-eng.cfm"},"population":1024,"status":"ok","source":{"label":"Statistics Canada Census Profile 2021 DA WDS","url":"https://www12.statcan.gc.ca/wds-sdw/2021profile-profil2021-eng.cfm"},"community_name":"Calgary","community_source":{"label":"Statistics Canada 2021 census subdivision boundaries (spatial lookup)","url":"https://geo.statcan.gc.ca/geo_wa/rest/services/2021/Cartographic_boundary_files/MapServer/9"},"community_display":"Calgary","is_unorganized":false,"panel_title":"Calgary","display_label":"Calgary","map_label":"48061887"},"geometry":{"type":"MultiPolygon","coordinates":[[[[-114.17368978231981,51.03667745120521],[-114.17292605562574,51.03680285536465],[-114.17221658746155,51.03697455918134],[-114.1706830498903,51.03755805734704],[-114.1703022669536,51.037719760615985],[-114.17019114245997,51.037607525264306],[-114.17011836810697,51.03753405296447],[-114.1700600795878,51.03748005174925],[-114.1698847502341,51.037313857301875],[-114.1692097601213,51.036685849955404],[-114.16856977142082,51.036184657351214],[-114.16821207546914,51.0359690513737],[-114.16839064599007,51.03584745566959],[-114.16891167624358,51.0354913405891],[-114.1698649721342,51.03506473669431],[-114.16988246854606,51.03501113923005],[-114.17028627844637,51.034939941836676],[-114.17095577568908,51.034956237820346],[-114.17098645960549,51.036090264151895],[-114.17102485231942,51.03639716379192],[-114.17121875571985,51.03649165654904],[-114.17228976880854,51.036238859859644],[-114.1722901335926,51.03623775635717],[-114.17230744859275,51.03618535658702],[-114.17221916009937,51.035994241919525],[-114.17223008602066,51.03511305593102],[-114.17303498655023,51.035249443758026],[-114.17434046115734,51.03536194041996],[-114.1751513499356,51.03516574374327],[-114.17583497685428,51.03471454286052],[-114.17600918379692,51.03443094257672],[-114.17605239637197,51.03395525294243],[-114.17604846477906,51.033784242337624],[-114.17604837889583,51.033082652166556],[-114.17604508532176,51.03290265119481],[-114.17603178538116,51.03218273251421],[-114.17589916606528,51.03178375772152],[-114.17559669565489,51.03136275159593],[-114.17488939579908,51.030796939002066],[-114.17585678724829,51.03060445037404],[-114.18053568314897,51.03060053588251],[-114.18123468657545,51.030599441262716],[-114.18150525900761,51.030606044950886],[-114.18209089104151,51.030593141373004],[-114.18185596290915,51.03093824671246],[-114.18172566091984,51.031204957247986],[-114.18130178685419,51.03160854099733],[-114.18025736512952,51.03259966488768],[-114.18016638881507,51.032687442128804],[-114.17940349279296,51.033505558630885],[-114.17911869544503,51.033966357135675],[-114.17899827225114,51.03430525231182],[-114.17885976021596,51.03470664708362],[-114.17885376956093,51.035039362691975],[-114.17881388032663,51.03635114538219],[-114.17881085982602,51.0364504492647],[-114.17863287466402,51.03679694897989],[-114.17857988598794,51.036900810414394],[-114.17852995615817,51.03699864864499],[-114.17848778173794,51.03707235328863],[-114.17761376158509,51.0368982439415],[-114.17659907953882,51.036693843587486],[-114.17587638647713,51.03661345001679],[-114.17447926701847,51.03659764649271],[-114.17368978231981,51.03667745120521]]]]}},{"type":"Feature","properties":{"DGUID":"2021S051248061888","DAUID":"48061888","LANDAREA":0.1009,"PRUID":"48","fed_num":"48013","da_code":"48061888","geo_name":"48061888","name_source":{"label":"Statistics Canada Census Profile 2021 DA WDS","url":"https://www12.statcan.gc.ca/wds-sdw/2021profile-profil2021-eng.cfm"},"population":381,"status":"ok","source":{"label":"Statistics Canada Census Profile 2021 DA WDS","url":"https://www12.statcan.gc.ca/wds-sdw/2021profile-profil2021-eng.cfm"},"community_name":"Calgary","community_source":{"label":"Statistics Canada 2021 census subdivision boundaries (spatial lookup)","url":"https://geo.statcan.gc.ca/geo_wa/rest/services/2021/Cartographic_boundary_files/MapServer/9"},"community_display":"Calgary","is_unorganized":false,"panel_title":"Calgary","display_label":"Calgary","map_label":"48061888"},"geometry":{"type":"MultiPolygon","coordinates":[[[[-114.16807507675625,51.035875841930185],[-114.16744225026132,51.03549165464196],[-114.16705324868701,51.03508645258814],[-114.16691964988125,51.034705448394845],[-114.16690427578247,51.03402144142592],[-114.1668955833331,51.033931348075406],[-114.16689114801953,51.03353543894622],[-114.16691351705796,51.033428540909185],[-114.1669716640904,51.03315063087988],[-114.1673798611032,51.032773734066666],[-114.16805805349527,51.032646237961224],[-114.17036888627317,51.032648348166056],[-114.17102518228889,51.03264624543778],[-114.17132648300536,51.03261755329961],[-114.17168747287096,51.032545338713554],[-114.1719761745838,51.03248935542934],[-114.17263417800086,51.03222644330057],[-114.17343847605845,51.03283965600231],[-114.17275695214293,51.03325484112988],[-114.17230446366871,51.0334237612263],[-114.17165357114638,51.03356995015648],[-114.17106575875994,51.0336186593859],[-114.17102634481752,51.03426534167886],[-114.17095577568908,51.034956237820346],[-114.17028627844637,51.034939941836676],[-114.16988246854606,51.03501113923005],[-114.1698649721342,51.03506473669431],[-114.16891167624358,51.0354913405891],[-114.16839064599007,51.03584745566959],[-114.16821207546914,51.0359690513737],[-114.16807507675625,51.035875841930185]]]]}},{"type":"Feature","properties":{"DGUID":"2021S051248062167","DAUID":"48062167","LANDAREA":0.4199,"PRUID":"48","fed_num":"48013","da_code":"48062167","geo_name":"48062167","name_source":{"label":"Statistics Canada Census Profile 2021 DA WDS","url":"https://www12.statcan.gc.ca/wds-sdw/2021profile-profil2021-eng.cfm"},"population":865,"status":"ok","source":{"label":"Statistics Canada Census Profile 2021 DA WDS","url":"https://www12.statcan.gc.ca/wds-sdw/2021profile-profil2021-eng.cfm"},"community_name":"Calgary","community_source":{"label":"Statistics Canada 2021 census subdivision boundaries (spatial lookup)","url":"https://geo.statcan.gc.ca/geo_wa/rest/services/2021/Cartographic_boundary_files/MapServer/9"},"community_display":"Calgary","is_unorganized":false,"panel_title":"Calgary","display_label":"Calgary","map_label":"48062167"},"geometry":{"type":"MultiPolygon","coordinates":[[[[-114.21819554830279,51.06982997795782],[-114.21767285217693,51.0695164933884],[-114.21908466864929,51.06932409943096],[-114.22095084588939,51.06917356227348],[-114.22381559966823,51.06931976833604],[-114.22976818051676,51.069446953125535],[-114.2298860433916,51.074426194020965],[-114.22422066443961,51.07444480991832],[-114.22283211447487,51.07444932620216],[-114.2221979242571,51.07445273192944],[-114.22107186876885,51.07445879156295],[-114.2194916606551,51.07392640103187],[-114.21946677941285,51.07315229919731],[-114.21947485111188,51.072540888812405],[-114.21947916990737,51.072469003602],[-114.21948758319789,51.071614701301314],[-114.21940285453624,51.07088419620285],[-114.2192095730447,51.07053777923697],[-114.21900807424393,51.070326077696734],[-114.21819554830279,51.06982997795782]]]]}},{"type":"Feature","properties":{"DGUID":"2021S051248062168","DAUID":"48062168","LANDAREA":0.3043,"PRUID":"48","fed_num":"48013","da_code":"48062168","geo_name":"48062168","name_source":{"label":"Statistics Canada Census Profile 2021 DA WDS","url":"https://www12.statcan.gc.ca/wds-sdw/2021profile-profil2021-eng.cfm"},"population":890,"status":"ok","source":{"label":"Statistics Canada Census Profile 2021 DA WDS","url":"https://www12.statcan.gc.ca/wds-sdw/2021profile-profil2021-eng.cfm"},"community_name":"Calgary","community_source":{"label":"Statistics Canada 2021 census subdivision boundaries (spatial lookup)","url":"https://geo.statcan.gc.ca/geo_wa/rest/services/2021/Cartographic_boundary_files/MapServer/9"},"community_display":"Calgary","is_unorganized":false,"panel_title":"Calgary","display_label":"Calgary","map_label":"48062168"},"geometry":{"type":"MultiPolygon","coordinates":[[[[-114.21229709660092,51.07436678364014],[-114.21108760032755,51.074354735876696],[-114.21096763455219,51.074487520987084],[-114.21088864698721,51.074311211055274],[-114.21088394801234,51.07423041490664],[-114.21089244937646,51.071417885765015],[-114.21089134760047,51.070046985529935],[-114.21106558094674,51.07004429037555],[-114.21192800522726,51.069910958988125],[-114.21302755542736,51.07006658863564],[-114.21374435079251,51.070254598668036],[-114.21418038336617,51.070363993753105],[-114.21449296910824,51.070389395578076],[-114.21554446690749,51.06975789454373],[-114.21654295774387,51.06929599017289],[-114.21709706345897,51.06910227302968],[-114.21749277436682,51.069408488808],[-114.21767285217693,51.0695164933884],[-114.21819554830279,51.06982997795782],[-114.21900807424393,51.070326077696734],[-114.2192095730447,51.07053777923697],[-114.21940285453624,51.07088419620285],[-114.21948758319789,51.071614701301314],[-114.21947916990737,51.072469003602],[-114.21947485111188,51.072540888812405],[-114.21946677941285,51.07315229919731],[-114.2194916606551,51.07392640103187],[-114.22107186876885,51.07445879156295],[-114.21671373759905,51.07444737279284],[-114.21229709660092,51.07436678364014]]]]}},{"type":"Feature","properties":{"DGUID":"2021S051248062169","DAUID":"48062169","LANDAREA":0.1328,"PRUID":"48","fed_num":"48013","da_code":"48062169","geo_name":"48062169","name_source":{"label":"Statistics Canada Census Profile 2021 DA WDS","url":"https://www12.statcan.gc.ca/wds-sdw/2021profile-profil2021-eng.cfm"},"population":640,"status":"ok","source":{"label":"Statistics Canada Census Profile 2021 DA WDS","url":"https://www12.statcan.gc.ca/wds-sdw/2021profile-profil2021-eng.cfm"},"community_name":"Calgary","community_source":{"label":"Statistics Canada 2021 census subdivision boundaries (spatial lookup)","url":"https://geo.statcan.gc.ca/geo_wa/rest/services/2021/Cartographic_boundary_files/MapServer/9"},"community_display":"Calgary","is_unorganized":false,"panel_title":"Calgary","display_label":"Calgary","map_label":"48062169"},"geometry":{"type":"MultiPolygon","coordinates":[[[[-114.21087564918726,51.06726816538208],[-114.21089785837715,51.067077368697426],[-114.21106615932794,51.06707728072266],[-114.21418697112023,51.0670757621894],[-114.21630638015134,51.06707466641828],[-114.21673506077015,51.067074479955224],[-114.21673537049064,51.06728047741039],[-114.21670645615653,51.067761774008744],[-114.21671905663223,51.06826578300345],[-114.21673515745229,51.06847298447619],[-114.21686206762338,51.068736887301775],[-114.21709706345897,51.06910227302968],[-114.21654295774387,51.06929599017289],[-114.21554446690749,51.06975789454373],[-114.21449296910824,51.070389395578076],[-114.21418038336617,51.070363993753105],[-114.21374435079251,51.070254598668036],[-114.21302755542736,51.07006658863564],[-114.21192800522726,51.069910958988125],[-114.21106558094674,51.07004429037555],[-114.21089134760047,51.070046985529935],[-114.21088446139379,51.068833690078755],[-114.21088396655212,51.068740570166234],[-114.21087564918726,51.06726816538208]]]]}},{"type":"Feature","properties":{"DGUID":"2021S051248062178","DAUID":"48062178","LANDAREA":0.8533,"PRUID":"48","fed_num":"48013","da_code":"48062178","geo_name":"48062178","name_source":{"label":"Statistics Canada Census Profile 2021 DA WDS","url":"https://www12.statcan.gc.ca/wds-sdw/2021profile-profil2021-eng.cfm"},"population":1012,"status":"ok","source":{"label":"Statistics Canada Census Profile 2021 DA WDS","url":"https://www12.statcan.gc.ca/wds-sdw/2021profile-profil2021-eng.cfm"},"community_name":"Calgary","community_source":{"label":"Statistics Canada 2021 census subdivision boundaries (spatial lookup)","url":"https://geo.statcan.gc.ca/geo_wa/rest/services/2021/Cartographic_boundary_files/MapServer/9"},"community_display":"Calgary","is_unorganized":false,"panel_title":"Calgary","display_label":"Calgary","map_label":"48062178"},"geometry":{"type":"MultiPolygon","coordinates":[[[[-114.26675763538015,51.101441632815764],[-114.26668294899378,51.10135193666973],[-114.26650103815678,51.101349829331255],[-114.26586765500987,51.10153133493374],[-114.26412894936529,51.10185443567451],[-114.26232744344134,51.10214242775187],[-114.26063243446369,51.10252333706849],[-114.26018872752064,51.102601124877246],[-114.25940082981042,51.102623230330295],[-114.25920918959267,51.102603618586656],[-114.25916233757371,51.103025637393195],[-114.25880523956917,51.103063039419936],[-114.25828594009946,51.10307972467517],[-114.25799583305566,51.10304183080812],[-114.25764482097054,51.102911628749666],[-114.25749856766643,51.10288664514121],[-114.2565086411216,51.10271751996265],[-114.25553284766,51.102634224026254],[-114.2544454220345,51.10247792351794],[-114.25339853745693,51.102190438302955],[-114.25284921401234,51.10214652266264],[-114.25215673436063,51.10202652970687],[-114.25181686343572,51.10194636751418],[-114.25181175288154,51.10163723248586],[-114.25147341276916,51.0971036971685],[-114.25142923132283,51.09651195316942],[-114.25009540344118,51.09627241068192],[-114.2487026991344,51.09348844020802],[-114.24999534144298,51.09340482894891],[-114.2501717179709,51.09339723795793],[-114.25740432835471,51.093085074041014],[-114.25748006946426,51.09453842672928],[-114.25749655246987,51.09789160510938],[-114.25765371864816,51.0978126868299],[-114.26220848781237,51.09804082209656],[-114.26918017898382,51.09801129504771],[-114.26919450522688,51.09801123309037],[-114.27126373862275,51.09802350633654],[-114.27135445949881,51.10040801649818],[-114.27098674490675,51.10045752149282],[-114.27051814153553,51.100454826060734],[-114.27037486437695,51.10053052692807],[-114.26980245775658,51.10065262488195],[-114.26946684808243,51.10076613219906],[-114.2690747257946,51.10094772076746],[-114.26826966824976,51.10124644735375],[-114.26711465473907,51.1016750222456],[-114.26692233548259,51.10171293099998],[-114.26664005632423,51.10172103262801],[-114.26656883669347,51.10166863769856],[-114.26657055402714,51.101611333142145],[-114.26675763538015,51.101441632815764]]]]}},{"type":"Feature","properties":{"DGUID":"2021S051248062180","DAUID":"48062180","LANDAREA":0.9162,"PRUID":"48","fed_num":"48013","da_code":"48062180","geo_name":"48062180","name_source":{"label":"Statistics Canada Census Profile 2021 DA WDS","url":"https://www12.statcan.gc.ca/wds-sdw/2021profile-profil2021-eng.cfm"},"population":1813,"status":"ok","source":{"label":"Statistics Canada Census Profile 2021 DA WDS","url":"https://www12.statcan.gc.ca/wds-sdw/2021profile-profil2021-eng.cfm"},"community_name":"Calgary","community_source":{"label":"Statistics Canada 2021 census subdivision boundaries (spatial lookup)","url":"https://geo.statcan.gc.ca/geo_wa/rest/services/2021/Cartographic_boundary_files/MapServer/9"},"community_display":"Calgary","is_unorganized":false,"panel_title":"Calgary","display_label":"Calgary","map_label":"48062180"},"geometry":{"type":"MultiPolygon","coordinates":[[[[-114.25803229096175,51.088074166027255],[-114.25816406765516,51.082819052301204],[-114.25544779992778,51.08355383267877],[-114.25361090176725,51.08266877098881],[-114.2538432454758,51.081937551867775],[-114.25393563747122,51.081926820019746],[-114.25748227650327,51.082009072410784],[-114.25763523247767,51.078171786786505],[-114.25886403159805,51.07908602100541],[-114.25975573823023,51.0795197006742],[-114.26106442314014,51.079545082744154],[-114.26305599492198,51.079699585376204],[-114.26442851350275,51.08010579468392],[-114.26519041382285,51.08071861278873],[-114.2665845117745,51.08109544096908],[-114.2678360499267,51.08088976317877],[-114.2680221327784,51.08019251421658],[-114.27003680085483,51.08073899278645],[-114.27091819495162,51.08097806554822],[-114.27113841572378,51.081072676761295],[-114.2711252385864,51.081672732787496],[-114.27111815070913,51.081993995618795],[-114.2711021863072,51.082182660619],[-114.27110129634488,51.082775572912986],[-114.27109943531548,51.08401016582202],[-114.27109764304005,51.08437770974501],[-114.27109066627384,51.085788513137224],[-114.27108862864752,51.08620334452643],[-114.2710860920436,51.08670800714199],[-114.27108556953232,51.086815874564365],[-114.27107694584707,51.088566660721455],[-114.27107671146888,51.08861336494668],[-114.26915361833636,51.08860815075321],[-114.25802856674228,51.088628636704776],[-114.25802937327543,51.08851053827347],[-114.25803229096175,51.088074166027255]]]]}},{"type":"Feature","properties":{"DGUID":"2021S051248062182","DAUID":"48062182","LANDAREA":0.4498,"PRUID":"48","fed_num":"48013","da_code":"48062182","geo_name":"48062182","name_source":{"label":"Statistics Canada Census Profile 2021 DA WDS","url":"https://www12.statcan.gc.ca/wds-sdw/2021profile-profil2021-eng.cfm"},"population":815,"status":"ok","source":{"label":"Statistics Canada Census Profile 2021 DA WDS","url":"https://www12.statcan.gc.ca/wds-sdw/2021profile-profil2021-eng.cfm"},"community_name":"Calgary","community_source":{"label":"Statistics Canada 2021 census subdivision boundaries (spatial lookup)","url":"https://geo.statcan.gc.ca/geo_wa/rest/services/2021/Cartographic_boundary_files/MapServer/9"},"community_display":"Calgary","is_unorganized":false,"panel_title":"Calgary","display_label":"Calgary","map_label":"48062182"},"geometry":{"type":"MultiPolygon","coordinates":[[[[-114.24028170583995,51.09331704385201],[-114.23982221895326,51.09311736295039],[-114.23941450341482,51.09300875881758],[-114.23925868309665,51.09298715713934],[-114.23852289446728,51.09287076243736],[-114.23803850448243,51.092850360147665],[-114.23712028593626,51.09291854826679],[-114.23674461834337,51.09299066644256],[-114.23350099849591,51.093419005979676],[-114.23348880012591,51.093077560987034],[-114.23344011591814,51.0926007659001],[-114.23328549657133,51.09175806977845],[-114.23313940462131,51.09100745854239],[-114.2329525084627,51.09050024972358],[-114.23284840231486,51.09016805367961],[-114.23265807100017,51.089660345595405],[-114.23236147445182,51.08896315124423],[-114.23221118611183,51.08867225318161],[-114.23217617196651,51.08861349879792],[-114.23218420926588,51.088613846946046],[-114.23247028538181,51.08862054667247],[-114.23278999837304,51.08862766029126],[-114.233244377992,51.08863565934088],[-114.23358479876661,51.08864165156313],[-114.23385529468197,51.08863204534143],[-114.23449921438785,51.088610850253545],[-114.23518947933982,51.08859024289087],[-114.23601766961276,51.08856634202618],[-114.24338467316136,51.08864193996813],[-114.24553829652987,51.08863974411958],[-114.2455094066937,51.0887751329029],[-114.2454876330477,51.089358711930785],[-114.24715860478626,51.09200423650803],[-114.24715049941894,51.092138930535256],[-114.24575647995648,51.09204313891695],[-114.24511518140223,51.09201904884975],[-114.24468568226726,51.092035832591066],[-114.2440506932906,51.09214684391132],[-114.24343398853095,51.09242905923434],[-114.24307241239605,51.09274434022251],[-114.24260130010981,51.093461858894464],[-114.24233521533006,51.09385124254841],[-114.24197210654879,51.09419344438393],[-114.24028170583995,51.09331704385201]]]]}},{"type":"Feature","properties":{"DGUID":"2021S051248062183","DAUID":"48062183","LANDAREA":0.725,"PRUID":"48","fed_num":"48013","da_code":"48062183","geo_name":"48062183","name_source":{"label":"Statistics Canada Census Profile 2021 DA WDS","url":"https://www12.statcan.gc.ca/wds-sdw/2021profile-profil2021-eng.cfm"},"population":791,"status":"ok","source":{"label":"Statistics Canada Census Profile 2021 DA WDS","url":"https://www12.statcan.gc.ca/wds-sdw/2021profile-profil2021-eng.cfm"},"community_name":"Calgary","community_source":{"label":"Statistics Canada 2021 census subdivision boundaries (spatial lookup)","url":"https://geo.statcan.gc.ca/geo_wa/rest/services/2021/Cartographic_boundary_files/MapServer/9"},"community_display":"Calgary","is_unorganized":false,"panel_title":"Calgary","display_label":"Calgary","map_label":"48062183"},"geometry":{"type":"MultiPolygon","coordinates":[[[[-114.23653773602081,51.09766652867207],[-114.23633171137199,51.09770701950408],[-114.23592233572731,51.09785381624168],[-114.2357197090257,51.09793161673987],[-114.23529585020422,51.09795792959171],[-114.23506074823628,51.09790923314332],[-114.23430893129037,51.09794311367471],[-114.23415228761706,51.09797676673291],[-114.23379142429683,51.098054236125044],[-114.23317932501682,51.098278835697215],[-114.23273926659596,51.09846826253601],[-114.23177727639525,51.098629673203135],[-114.23194702786084,51.098413463000554],[-114.23221791532636,51.0980304661114],[-114.23246069639161,51.097693158732255],[-114.23265851851474,51.09739545568279],[-114.23276891041701,51.09718678065949],[-114.23299582335136,51.09677755158445],[-114.23316600733986,51.09641687639659],[-114.2332131039798,51.0962775680974],[-114.23333859586148,51.09590676358689],[-114.23335438798647,51.09584340819996],[-114.2334558153265,51.095436566493774],[-114.23350032820093,51.094954361221724],[-114.23350752178125,51.09433027135518],[-114.23350839650149,51.093913142504064],[-114.23350898935325,51.09364256163764],[-114.2335066817089,51.09357782002868],[-114.23350099849591,51.093419005979676],[-114.23674461834337,51.09299066644256],[-114.23712028593626,51.09291854826679],[-114.23803850448243,51.092850360147665],[-114.23852289446728,51.09287076243736],[-114.23925868309665,51.09298715713934],[-114.23941450341482,51.09300875881758],[-114.23982221895326,51.09311736295039],[-114.24028170583995,51.09331704385201],[-114.24197210654879,51.09419344438393],[-114.24233521533006,51.09385124254841],[-114.24260130010981,51.093461858894464],[-114.24307241239605,51.09274434022251],[-114.24343398853095,51.09242905923434],[-114.2440506932906,51.09214684391132],[-114.24468568226726,51.092035832591066],[-114.24511518140223,51.09201904884975],[-114.24575647995648,51.09204313891695],[-114.24715049941894,51.092138930535256],[-114.2487026991344,51.09348844020802],[-114.25009540344118,51.09627241068192],[-114.25142923132283,51.09651195316942],[-114.25147341276916,51.0971036971685],[-114.25181175288154,51.10163723248586],[-114.25181686343572,51.10194636751418],[-114.25108143747167,51.101772917271724],[-114.2499350235467,51.10146692662517],[-114.24787722614474,51.10105543133672],[-114.24686201092686,51.10092281741182],[-114.24608464429404,51.10075302613752],[-114.24604423759003,51.10073253745453],[-114.24528934108939,51.1002736267297],[-114.24469895237212,51.100086028660236],[-114.24405891287843,51.09973733082424],[-114.2438101404026,51.09953952591609],[-114.24358712485878,51.09939363220738],[-114.2433340312882,51.09933890881422],[-114.24306893759793,51.099229728511354],[-114.24266402222182,51.09892981604373],[-114.24255422181804,51.098799520395374],[-114.24240243628476,51.09870602693633],[-114.24210552011283,51.09859361488729],[-114.24154950548782,51.098475114462175],[-114.24125783890013,51.098342631856084],[-114.23970923454117,51.097802520297414],[-114.238955816027,51.09774181237089],[-114.23864601717902,51.09775523543866],[-114.2374095194818,51.09772303165464],[-114.23696591498022,51.097648832141594],[-114.23653773602081,51.09766652867207]]]]}},{"type":"Feature","properties":{"DGUID":"2021S051248062250","DAUID":"48062250","LANDAREA":0.1974,"PRUID":"48","fed_num":"48013","da_code":"48062250","geo_name":"48062250","name_source":{"label":"Statistics Canada Census Profile 2021 DA WDS","url":"https://www12.statcan.gc.ca/wds-sdw/2021profile-profil2021-eng.cfm"},"population":608,"status":"ok","source":{"label":"Statistics Canada Census Profile 2021 DA WDS","url":"https://www12.statcan.gc.ca/wds-sdw/2021profile-profil2021-eng.cfm"},"community_name":"Calgary","community_source":{"label":"Statistics Canada 2021 census subdivision boundaries (spatial lookup)","url":"https://geo.statcan.gc.ca/geo_wa/rest/services/2021/Cartographic_boundary_files/MapServer/9"},"community_display":"Calgary","is_unorganized":false,"panel_title":"Calgary","display_label":"Calgary","map_label":"48062250"},"geometry":{"type":"MultiPolygon","coordinates":[[[[-114.21410082888524,51.01607024867305],[-114.21398833743,51.01584343812835],[-114.21390174028197,51.01554015444995],[-114.21390499485439,51.015292038485285],[-114.21391151182621,51.01518425112997],[-114.2140544234292,51.01517865267109],[-114.21479810173159,51.015142435867276],[-114.21532442617969,51.015164050347344],[-114.21575100565083,51.01518315537248],[-114.21655672092973,51.01530133073778],[-114.21671252190103,51.01508015600182],[-114.21719133264604,51.01470484116482],[-114.21733693234381,51.01465433395436],[-114.21747880174267,51.0146666344052],[-114.21910581358117,51.015119243399404],[-114.21917162398293,51.01521074770725],[-114.21911972820257,51.0158391514748],[-114.21989192709584,51.015803550274725],[-114.22033219364293,51.015832038241854],[-114.22074849831642,51.01592233660702],[-114.2211184907431,51.016043433990546],[-114.2215134317415,51.0162401344132],[-114.22143712006624,51.016320035018424],[-114.22110646683608,51.01690586604489],[-114.2212329153564,51.01720410147902],[-114.22137715832076,51.01755774404202],[-114.22143191061204,51.017694464778785],[-114.22280097715095,51.01923478060905],[-114.22288612300977,51.01928384142927],[-114.22318240420452,51.019521636348244],[-114.22363888858847,51.019811330766444],[-114.22350351442483,51.01987802615039],[-114.22335332865181,51.01991684227945],[-114.22289801545686,51.01997814503745],[-114.2224913189285,51.02000403358592],[-114.2222048130882,51.01998933590068],[-114.22092281806344,51.0198727275578],[-114.22066161130611,51.01984434884275],[-114.21953711890222,51.019729134938025],[-114.21827981576077,51.019575648182474],[-114.21806010509994,51.01959564629443],[-114.21738481273287,51.0195258373347],[-114.21721730839243,51.019508547994796],[-114.21725110414597,51.01941944296571],[-114.21747959469924,51.01846243895909],[-114.21747561768939,51.01829143661014],[-114.2172873067853,51.017864242757135],[-114.21697702080857,51.01756903077935],[-114.21657750422229,51.017334656299894],[-114.21606030192636,51.01716034042424],[-114.21523521995687,51.016888847485994],[-114.21447683594648,51.016457042592016],[-114.21410082888524,51.01607024867305]]]]}},{"type":"Feature","properties":{"DGUID":"2021S051248062252","DAUID":"48062252","LANDAREA":1.5749,"PRUID":"48","fed_num":"48013","da_code":"48062252","geo_name":"48062252","name_source":{"label":"Statistics Canada Census Profile 2021 DA WDS","url":"https://www12.statcan.gc.ca/wds-sdw/2021profile-profil2021-eng.cfm"},"population":1488,"status":"ok","source":{"label":"Statistics Canada Census Profile 2021 DA WDS","url":"https://www12.statcan.gc.ca/wds-sdw/2021profile-profil2021-eng.cfm"},"community_name":"Calgary","community_source":{"label":"Statistics Canada 2021 census subdivision boundaries (spatial lookup)","url":"https://geo.statcan.gc.ca/geo_wa/rest/services/2021/Cartographic_boundary_files/MapServer/9"},"community_display":"Calgary","is_unorganized":false,"panel_title":"Calgary","display_label":"Calgary","map_label":"48062252"},"geometry":{"type":"MultiPolygon","coordinates":[[[[-114.2189663015083,51.01237996543657],[-114.21857129439644,51.01232368041818],[-114.21578021948953,51.01326813132024],[-114.21554922541928,51.01331653230043],[-114.21513534596292,51.01358602897331],[-114.21489632970395,51.01374165420675],[-114.21453570241447,51.0140478539517],[-114.21425842901223,51.014392037868184],[-114.21391151182621,51.01518425112997],[-114.21286772047952,51.015231349263495],[-114.21252390402422,51.01520814252161],[-114.21196072739258,51.015137746932886],[-114.2111446210249,51.01495636057897],[-114.2108236116552,51.014840748116235],[-114.21025490099613,51.01457524252874],[-114.20989822735572,51.01434183883883],[-114.20967903405653,51.014192740355114],[-114.20927659909368,51.01376934663062],[-114.20860460907774,51.01308764473024],[-114.20820230519537,51.012664360526145],[-114.20782151678226,51.01235833296662],[-114.20749222021931,51.01214364763073],[-114.20685290297506,51.011867456464906],[-114.2056205095574,51.011496153837676],[-114.20477269790477,51.01136794516711],[-114.20360629187888,51.01132204320528],[-114.202890603311,51.01136783962154],[-114.20027772789437,51.011665048119276],[-114.20012378691143,51.01161633658106],[-114.19985220815884,51.01162784358858],[-114.19966060914007,51.01173113449397],[-114.19963991157293,51.0118386332896],[-114.1986045861749,51.01221854215173],[-114.19776648268939,51.01263913596845],[-114.19583641192685,51.01390604538647],[-114.19534651296605,51.01422712731337],[-114.1952277190085,51.014305238175666],[-114.1942785033069,51.01396754522997],[-114.19332930748058,51.0136299254719],[-114.18812060216301,51.01181363611699],[-114.1874419817555,51.01161415128114],[-114.1874415521905,51.011548762520455],[-114.18743546245256,51.01064598459559],[-114.18742455203137,51.00903476008496],[-114.187423451958,51.00887128187702],[-114.18745957543157,51.00887167273558],[-114.18752097134426,51.008872343152284],[-114.18758057691879,51.00887301375236],[-114.18763371808413,51.00887360689493],[-114.18768557331404,51.00887416639139],[-114.18772465754225,51.00887461723166],[-114.18778358680296,51.008875251055045],[-114.18784045237751,51.00887586554808],[-114.18790637865209,51.00887659145652],[-114.18794914877931,51.00887707255839],[-114.18799969366904,51.00887763146703],[-114.18803036533079,51.00887795881522],[-114.18805001781912,51.00887818623038],[-114.18807635546158,51.00887849515586],[-114.18809278794974,51.00887866727137],[-114.18810192566751,51.00887876091348],[-114.18810632639212,51.00887881901518],[-114.18810988266142,51.00887885174359],[-114.1881128293142,51.0088788875132],[-114.18811371227868,51.00887890399238],[-114.18811634329074,51.008878847357494],[-114.18825400243945,51.00887653325302],[-114.1884467316171,51.00887331926437],[-114.18859704516444,51.00887083709524],[-114.1887243868592,51.0088687287621],[-114.18886887755752,51.00886629615685],[-114.18921229488508,51.008860566447346],[-114.1894286823649,51.00885695557377],[-114.18968049971821,51.008852764911104],[-114.18984166309974,51.008850089099184],[-114.18996090121145,51.00884808764463],[-114.19005751786833,51.0088464621388],[-114.19012240082289,51.00884538881595],[-114.19021340508708,51.008843874809386],[-114.19045885655876,51.00883977500595],[-114.19076399180737,51.00883467219007],[-114.19110620346356,51.008828966439125],[-114.19131229763774,51.00882552500426],[-114.19155554526475,51.0088214631809],[-114.19190886570085,51.00881555800921],[-114.19222771610735,51.00881023050824],[-114.19268657228844,51.00880256311171],[-114.19290667955353,51.00879888434428],[-114.19312700751897,51.008795209205346],[-114.19335420553892,51.00879140671674],[-114.19343123444683,51.00879011516839],[-114.19354147540197,51.00878825929413],[-114.19366296926276,51.00878622819953],[-114.19375647454923,51.008784656639286],[-114.19386097349376,51.00878291465919],[-114.19397161738311,51.00878107542533],[-114.19405699481877,51.00877964554587],[-114.19424847710262,51.00877389808148],[-114.1943734192184,51.008770132728614],[-114.1944603759709,51.00876751108946],[-114.19456640429318,51.008764340522596],[-114.19465503203426,51.00876166328295],[-114.19475488066652,51.00875868037889],[-114.19486230660513,51.00875543456261],[-114.19497102876834,51.00875216467371],[-114.19510520877479,51.00874813763666],[-114.19518745014967,51.00874566800683],[-114.19523564375514,51.00874420420357],[-114.19525319833441,51.008743675078314],[-114.19526221561848,51.008743410170496],[-114.19526826564854,51.00874322466819],[-114.19527191953065,51.00874312438416],[-114.19527251504216,51.00874309700611],[-114.1952751498311,51.008743121962716],[-114.19528315561831,51.00874314584871],[-114.1952963013592,51.00874322204247],[-114.19535921304207,51.00874356503063],[-114.19593537218633,51.0087467198131],[-114.19761910482708,51.008755895851245],[-114.19835131033093,51.00875987250594],[-114.19932957123606,51.008765203297926],[-114.20016654035102,51.00876975486643],[-114.20057967168063,51.00877198386883],[-114.20099083048501,51.00877419864766],[-114.20110184769337,51.00877480003535],[-114.20170030215962,51.00877803194242],[-114.20185407815136,51.00877886240913],[-114.20270420845118,51.00878349214726],[-114.2027634870433,51.008783816065204],[-114.20343012326909,51.008787425514015],[-114.20403523507385,51.00879067547286],[-114.2047350408124,51.00879446233554],[-114.20493942751958,51.00879557544554],[-114.20554332034422,51.00879882264125],[-114.20581735299764,51.00880028449405],[-114.20613292525468,51.008801979948366],[-114.20664801771593,51.00880475179585],[-114.2068221292795,51.00880569573489],[-114.2068741657569,51.008805955512464],[-114.20692114308447,51.00880622752547],[-114.20709616202757,51.0088071541125],[-114.2071002894159,51.008807191915025],[-114.207103649348,51.00880718670126],[-114.20710934633105,51.00880721985741],[-114.20711360334316,51.008807255247866],[-114.2071187677219,51.008807273757526],[-114.2071233224865,51.00880729542339],[-114.20712809799383,51.00880732116713],[-114.20713244612492,51.00880736304645],[-114.20713975120756,51.00880738265326],[-114.20714518894307,51.00880742063046],[-114.20714891335088,51.00880744137367],[-114.20715219627333,51.00880745396063],[-114.20719004996593,51.00880765822705],[-114.20721940374357,51.00880781599983],[-114.20726037223076,51.0088080441374],[-114.20730698508761,51.00880829001258],[-114.20734544839598,51.00880849106313],[-114.2073578934624,51.00880856234513],[-114.20738693537972,51.00880870950206],[-114.20739209975869,51.00880872799772],[-114.2074518828125,51.008809015220194],[-114.20750366005085,51.00880927949676],[-114.20798581705554,51.00881158515304],[-114.20811930672579,51.00881221889614],[-114.20859488370331,51.00881447220218],[-114.20885928075235,51.00881572865313],[-114.20904248391294,51.00881660583902],[-114.2094055547209,51.00881833130923],[-114.20964046841694,51.00881943099349],[-114.20990215371793,51.00882067793417],[-114.21018070924588,51.00882201907059],[-114.21044326344128,51.00882325660072],[-114.2106256222024,51.0088241057238],[-114.21135080413916,51.008827545483506],[-114.21135751372152,51.00882759225715],[-114.21137512317473,51.008827681333166],[-114.21172145358798,51.008829301370525],[-114.21214615066567,51.00883131635482],[-114.21265099065708,51.00883370033782],[-114.21272338695697,51.008834043729664],[-114.21317633422339,51.008836190202814],[-114.2133681671179,51.00883710308437],[-114.21378611626933,51.00883907342348],[-114.2143073325793,51.00884151986637],[-114.2147532726749,51.008843626422376],[-114.21515457247285,51.008845501039644],[-114.21518474253642,51.00884563305376],[-114.21581020026446,51.00884857128156],[-114.21628512986297,51.0088508003932],[-114.21663647104579,51.00885245720306],[-114.2169453651305,51.00885389998202],[-114.21748878440823,51.00885643057265],[-114.21769835653402,51.00885742086421],[-114.21787485042435,51.00885823570614],[-114.21849167879272,51.0088611143476],[-114.2189115623892,51.008863084671006],[-114.21926674359987,51.008864726023376],[-114.21962872555683,51.008866418828056],[-114.22016159565126,51.00886889522015],[-114.22075376900999,51.008871648951114],[-114.22124966842664,51.008873936604445],[-114.221450908922,51.008874862459784],[-114.22178008614823,51.00887639311837],[-114.2219406455454,51.00887713947022],[-114.2221673717741,51.008878175323275],[-114.22237357007599,51.00887913732101],[-114.22278289040482,51.00888102772672],[-114.2230061656222,51.00888206095344],[-114.22340357351412,51.00888389404845],[-114.22389426661401,51.00888773148933],[-114.22420814089155,51.00889020443754],[-114.22458571283626,51.008893150084546],[-114.22489172124631,51.008895539427435],[-114.22529833937013,51.0088987060952],[-114.2256825443378,51.00890171104157],[-114.22617854634143,51.00890557644587],[-114.22662535955557,51.00890905449431],[-114.22713803953155,51.008913051835165],[-114.2274977395132,51.00891582310496],[-114.22796347670607,51.0089194631602],[-114.22847287400958,51.008923441804576],[-114.22893864987884,51.00892706844502],[-114.22940892799875,51.008930698210975],[-114.22991045961197,51.008934588495556],[-114.23026794226587,51.008937367086666],[-114.23079628817284,51.00894146820936],[-114.23121851988513,51.00894471785033],[-114.23148991591461,51.008946830670304],[-114.23190097444069,51.00895001792569],[-114.23245279925966,51.00895429802072],[-114.23291190471161,51.00895785202424],[-114.23323752471399,51.00896036161487],[-114.23363493565135,51.00896328371135],[-114.23399125846471,51.0089659319828],[-114.2342962568632,51.008968581874775],[-114.23429797282219,51.00908629757913],[-114.23429833684906,51.009111483862185],[-114.23421300001642,51.01021613586002],[-114.23426250413534,51.01034323862126],[-114.23421700778695,51.01254584660917],[-114.23421469857583,51.012625472967464],[-114.23421207968582,51.012715532887675],[-114.23420952366254,51.01280555072249],[-114.2342069047492,51.01289561069524],[-114.2342043102001,51.01298563749421],[-114.23420172976633,51.01307568860784],[-114.23419909669099,51.013165724370936],[-114.23419655473717,51.013255766625505],[-114.23419393576549,51.01334582672955],[-114.23419130265505,51.01343586257143],[-114.23418874653959,51.013525880616264],[-114.23418612753292,51.01361594079911],[-114.23418358552166,51.013705983184984],[-114.23418095236444,51.01379601913185],[-114.2341783191955,51.01388605510497],[-114.2341757771497,51.01397609756961],[-114.23417056338465,51.01415618502404],[-114.23416798280036,51.0142462364791],[-114.23416534957293,51.014336272583485],[-114.23416279334225,51.01442629089088],[-114.23416017421894,51.01451635133635],[-114.23415915399038,51.014551476285426],[-114.23415759358831,51.014606402896455],[-114.2341549988186,51.014696430194256],[-114.2341523655327,51.01478646642992],[-114.23414978486733,51.01487651806878],[-114.23414720419035,51.0149665697339],[-114.23414460937418,51.01505659713671],[-114.23414201454639,51.01514662456573],[-114.23413939532973,51.01523668522131],[-114.23413849584523,51.015268337502015],[-114.23415882284307,51.01617223400181],[-114.23218882183384,51.016151496106026],[-114.22978304613757,51.01612609172898],[-114.22665729284411,51.0134753579761],[-114.2189663015083,51.01237996543657]]]]}},{"type":"Feature","properties":{"DGUID":"2021S051248062261","DAUID":"48062261","LANDAREA":0.2617,"PRUID":"48","fed_num":"48013","da_code":"48062261","geo_name":"48062261","name_source":{"label":"Statistics Canada Census Profile 2021 DA WDS","url":"https://www12.statcan.gc.ca/wds-sdw/2021profile-profil2021-eng.cfm"},"population":565,"status":"ok","source":{"label":"Statistics Canada Census Profile 2021 DA WDS","url":"https://www12.statcan.gc.ca/wds-sdw/2021profile-profil2021-eng.cfm"},"community_name":"Calgary","community_source":{"label":"Statistics Canada 2021 census subdivision boundaries (spatial lookup)","url":"https://geo.statcan.gc.ca/geo_wa/rest/services/2021/Cartographic_boundary_files/MapServer/9"},"community_display":"Calgary","is_unorganized":false,"panel_title":"Calgary","display_label":"Calgary","map_label":"48062261"},"geometry":{"type":"MultiPolygon","coordinates":[[[[-114.17414479856211,51.00940282818185],[-114.17383243019438,51.009383294485694],[-114.187423451958,51.00887128187702],[-114.18742455203137,51.00903476008496],[-114.18743546245256,51.01064598459559],[-114.1874415521905,51.011548762520455],[-114.1874419817555,51.01161415128114],[-114.18768103648547,51.01345490839075],[-114.18776394942273,51.01409329183307],[-114.18699586208928,51.01443323648322],[-114.18659339708694,51.01443023873059],[-114.18603651398512,51.014443830184625],[-114.18547299467006,51.01456513088681],[-114.18497661302649,51.01404952388889],[-114.18456088350419,51.013850529749355],[-114.18402750786339,51.013711840856175],[-114.18347439541489,51.01366242384756],[-114.18230188770707,51.01348124616565],[-114.18119340782916,51.01318463657078],[-114.18054669195095,51.01303413544678],[-114.18038442602631,51.013015502966205],[-114.18259054491521,51.010370198170946],[-114.18159060035605,51.010163134542466],[-114.1781260099156,51.00969251849486],[-114.17426499336032,51.009410322286875],[-114.17414479856211,51.00940282818185]]]]}},{"type":"Feature","properties":{"DGUID":"2021S051248062262","DAUID":"48062262","LANDAREA":0.8628,"PRUID":"48","fed_num":"48013","da_code":"48062262","geo_name":"48062262","name_source":{"label":"Statistics Canada Census Profile 2021 DA WDS","url":"https://www12.statcan.gc.ca/wds-sdw/2021profile-profil2021-eng.cfm"},"population":1147,"status":"ok","source":{"label":"Statistics Canada Census Profile 2021 DA WDS","url":"https://www12.statcan.gc.ca/wds-sdw/2021profile-profil2021-eng.cfm"},"community_name":"Calgary","community_source":{"label":"Statistics Canada 2021 census subdivision boundaries (spatial lookup)","url":"https://geo.statcan.gc.ca/geo_wa/rest/services/2021/Cartographic_boundary_files/MapServer/9"},"community_display":"Calgary","is_unorganized":false,"panel_title":"Calgary","display_label":"Calgary","map_label":"48062262"},"geometry":{"type":"MultiPolygon","coordinates":[[[[-114.16613014439596,51.01818991431583],[-114.16548911226594,51.01819455177837],[-114.16527417681257,51.0181961113854],[-114.16429446579184,51.01812731736871],[-114.16433826090342,51.01787650505719],[-114.16443968442324,51.01691652120879],[-114.16444644980413,51.01564868655336],[-114.16445921489164,51.01326185488359],[-114.16446568937575,51.01205101488655],[-114.16440106191818,51.01147379904506],[-114.16409448747393,51.01089071849498],[-114.16362359316413,51.01042950702074],[-114.1636152598618,51.01042401919079],[-114.16298599025232,51.010008513862275],[-114.1629944927624,51.00975761357356],[-114.16323648718911,51.00976349734559],[-114.16376876974242,51.009452596825675],[-114.16432296717417,51.00956545764126],[-114.16545983463969,51.009547010872886],[-114.17383243019438,51.009383294485694],[-114.17414479856211,51.00940282818185],[-114.17426499336032,51.009410322286875],[-114.1781260099156,51.00969251849486],[-114.18159060035605,51.010163134542466],[-114.18259054491521,51.010370198170946],[-114.18038442602631,51.013015502966205],[-114.17985279687055,51.01295444267974],[-114.17808569237751,51.01293871765769],[-114.17741049506303,51.013021339050255],[-114.17728020544479,51.013054138931665],[-114.17657660763417,51.01336992824905],[-114.1763821936729,51.01351813599995],[-114.17624099879885,51.01373061931573],[-114.176084888123,51.013951723958904],[-114.17603619126037,51.014283331676594],[-114.1760057141992,51.01478633302209],[-114.17597067390847,51.015361134542296],[-114.17597250378272,51.01603572411264],[-114.17596431138844,51.01617054010653],[-114.17484820168747,51.01623342033796],[-114.1737249949447,51.01641313256976],[-114.17321627400604,51.01657173310703],[-114.17293969205942,51.01666392832197],[-114.17277976502731,51.01671402610319],[-114.17218398092052,51.01689752971421],[-114.17142720056883,51.017149029061706],[-114.17113578889948,51.01724992857153],[-114.17097585731715,51.017300023622795],[-114.17027987907026,51.017490017201084],[-114.16868997234272,51.01783821290988],[-114.16815658078332,51.01793321510392],[-114.16796925027073,51.017964610761126],[-114.1673646933825,51.01805792533135],[-114.16668936246505,51.01814050870408],[-114.16613014439596,51.01818991431583]]]]}},{"type":"Feature","properties":{"DGUID":"2021S051248062360","DAUID":"48062360","LANDAREA":0.8974,"PRUID":"48","fed_num":"48013","da_code":"48062360","geo_name":"48062360","name_source":{"label":"Statistics Canada Census Profile 2021 DA WDS","url":"https://www12.statcan.gc.ca/wds-sdw/2021profile-profil2021-eng.cfm"},"population":935,"status":"ok","source":{"label":"Statistics Canada Census Profile 2021 DA WDS","url":"https://www12.statcan.gc.ca/wds-sdw/2021profile-profil2021-eng.cfm"},"community_name":"Calgary","community_source":{"label":"Statistics Canada 2021 census subdivision boundaries (spatial lookup)","url":"https://geo.statcan.gc.ca/geo_wa/rest/services/2021/Cartographic_boundary_files/MapServer/9"},"community_display":"Calgary","is_unorganized":false,"panel_title":"Calgary","display_label":"Calgary","map_label":"48062360"},"geometry":{"type":"MultiPolygon","coordinates":[[[[-114.21777955662816,51.02151177685972],[-114.21827981576077,51.019575648182474],[-114.21953711890222,51.019729134938025],[-114.22066161130611,51.01984434884275],[-114.22092281806344,51.0198727275578],[-114.2222048130882,51.01998933590068],[-114.2224913189285,51.02000403358592],[-114.22289801545686,51.01997814503745],[-114.22335332865181,51.01991684227945],[-114.22350351442483,51.01987802615039],[-114.22363888858847,51.019811330766444],[-114.22318240420452,51.019521636348244],[-114.22288612300977,51.01928384142927],[-114.22280097715095,51.01923478060905],[-114.22143191061204,51.017694464778785],[-114.22137715832076,51.01755774404202],[-114.2212329153564,51.01720410147902],[-114.22110646683608,51.01690586604489],[-114.22143712006624,51.016320035018424],[-114.2215134317415,51.0162401344132],[-114.2211184907431,51.016043433990546],[-114.22074849831642,51.01592233660702],[-114.22033219364293,51.015832038241854],[-114.21989192709584,51.015803550274725],[-114.21911972820257,51.0158391514748],[-114.21917162398293,51.01521074770725],[-114.21910581358117,51.015119243399404],[-114.21747880174267,51.0146666344052],[-114.21733693234381,51.01465433395436],[-114.21719133264604,51.01470484116482],[-114.21671252190103,51.01508015600182],[-114.21655672092973,51.01530133073778],[-114.21575100565083,51.01518315537248],[-114.21532442617969,51.015164050347344],[-114.21479810173159,51.015142435867276],[-114.2140544234292,51.01517865267109],[-114.21391151182621,51.01518425112997],[-114.21425842901223,51.014392037868184],[-114.21453570241447,51.0140478539517],[-114.21489632970395,51.01374165420675],[-114.21513534596292,51.01358602897331],[-114.21554922541928,51.01331653230043],[-114.21578021948953,51.01326813132024],[-114.21857129439644,51.01232368041818],[-114.2189663015083,51.01237996543657],[-114.22665729284411,51.0134753579761],[-114.22978304613757,51.01612609172898],[-114.23218882183384,51.016151496106026],[-114.23415882284307,51.01617223400181],[-114.23418701116475,51.01742711959004],[-114.23419241742921,51.017620735395596],[-114.23430381557955,51.017945638308916],[-114.2343314231906,51.01798543741848],[-114.2344570003667,51.01816684082218],[-114.23450569132315,51.01829162967568],[-114.234614816008,51.01850723838817],[-114.23488862195185,51.01856752721316],[-114.2352320896594,51.018618527807284],[-114.23550588488169,51.01869742012795],[-114.23560922167137,51.01881692059903],[-114.23571382009477,51.01905102259222],[-114.23436660781672,51.01970533930669],[-114.2339910190908,51.019934130583486],[-114.232273501025,51.02075694196244],[-114.2312345071991,51.02120001701304],[-114.23005532182555,51.02160372264971],[-114.22902649633525,51.02187614249779],[-114.22795820285744,51.02209363443246],[-114.22657810903279,51.022276728231645],[-114.22491921147186,51.0223543410938],[-114.22336689677678,51.022317436453285],[-114.22159641196858,51.0221133462185],[-114.2178947995223,51.02153054248245],[-114.21777955662816,51.02151177685972]]]]}},{"type":"Feature","properties":{"DGUID":"2021S051248062363","DAUID":"48062363","LANDAREA":0.8126,"PRUID":"48","fed_num":"48013","da_code":"48062363","geo_name":"48062363","name_source":{"label":"Statistics Canada Census Profile 2021 DA WDS","url":"https://www12.statcan.gc.ca/wds-sdw/2021profile-profil2021-eng.cfm"},"population":1225,"status":"ok","source":{"label":"Statistics Canada Census Profile 2021 DA WDS","url":"https://www12.statcan.gc.ca/wds-sdw/2021profile-profil2021-eng.cfm"},"community_name":"Calgary","community_source":{"label":"Statistics Canada 2021 census subdivision boundaries (spatial lookup)","url":"https://geo.statcan.gc.ca/geo_wa/rest/services/2021/Cartographic_boundary_files/MapServer/9"},"community_display":"Calgary","is_unorganized":false,"panel_title":"Calgary","display_label":"Calgary","map_label":"48062363"},"geometry":{"type":"MultiPolygon","coordinates":[[[[-114.19966060914007,51.01173113449397],[-114.19985220815884,51.01162784358858],[-114.20012378691143,51.01161633658106],[-114.20027772789437,51.011665048119276],[-114.202890603311,51.01136783962154],[-114.20360629187888,51.01132204320528],[-114.20477269790477,51.01136794516711],[-114.2056205095574,51.011496153837676],[-114.20685290297506,51.011867456464906],[-114.20749222021931,51.01214364763073],[-114.20782151678226,51.01235833296662],[-114.20820230519537,51.012664360526145],[-114.20860460907774,51.01308764473024],[-114.20927659909368,51.01376934663062],[-114.20967903405653,51.014192740355114],[-114.20989822735572,51.01434183883883],[-114.21025490099613,51.01457524252874],[-114.2108236116552,51.014840748116235],[-114.2111446210249,51.01495636057897],[-114.21196072739258,51.015137746932886],[-114.21252390402422,51.01520814252161],[-114.21286772047952,51.015231349263495],[-114.21391151182621,51.01518425112997],[-114.21390499485439,51.015292038485285],[-114.21390174028197,51.01554015444995],[-114.21398833743,51.01584343812835],[-114.21410082888524,51.01607024867305],[-114.21447683594648,51.016457042592016],[-114.21523521995687,51.016888847485994],[-114.21606030192636,51.01716034042424],[-114.21657750422229,51.017334656299894],[-114.21697702080857,51.01756903077935],[-114.2172873067853,51.017864242757135],[-114.21747561768939,51.01829143661014],[-114.21747959469924,51.01846243895909],[-114.21725110414597,51.01941944296571],[-114.21721730839243,51.019508547994796],[-114.21738481273287,51.0195258373347],[-114.21806010509994,51.01959564629443],[-114.21827981576077,51.019575648182474],[-114.21777955662816,51.02151177685972],[-114.21543733492041,51.0211301446589],[-114.2142973192507,51.02087814143243],[-114.21256001894781,51.02035994054747],[-114.21185660206845,51.02011208500149],[-114.20628971362217,51.018150249172635],[-114.2037194211406,51.01726123313891],[-114.19602359445598,51.01458514081777],[-114.19542328364736,51.014372832067544],[-114.1952277190085,51.014305238175666],[-114.19534651296605,51.01422712731337],[-114.19583641192685,51.01390604538647],[-114.19776648268939,51.01263913596845],[-114.1986045861749,51.01221854215173],[-114.19963991157293,51.0118386332896],[-114.19966060914007,51.01173113449397]]]]}},{"type":"Feature","properties":{"DGUID":"2021S051248062364","DAUID":"48062364","LANDAREA":0.256,"PRUID":"48","fed_num":"48013","da_code":"48062364","geo_name":"48062364","name_source":{"label":"Statistics Canada Census Profile 2021 DA WDS","url":"https://www12.statcan.gc.ca/wds-sdw/2021profile-profil2021-eng.cfm"},"population":772,"status":"ok","source":{"label":"Statistics Canada Census Profile 2021 DA WDS","url":"https://www12.statcan.gc.ca/wds-sdw/2021profile-profil2021-eng.cfm"},"community_name":"Calgary","community_source":{"label":"Statistics Canada 2021 census subdivision boundaries (spatial lookup)","url":"https://geo.statcan.gc.ca/geo_wa/rest/services/2021/Cartographic_boundary_files/MapServer/9"},"community_display":"Calgary","is_unorganized":false,"panel_title":"Calgary","display_label":"Calgary","map_label":"48062364"},"geometry":{"type":"MultiPolygon","coordinates":[[[[-114.19274229637635,51.01980424843992],[-114.19131777959112,51.01977893960047],[-114.19117798340297,51.01985213822858],[-114.19119750207983,51.02011783321156],[-114.19135308703714,51.02037343155728],[-114.19176848185529,51.020815154369444],[-114.19090438330316,51.02119015300401],[-114.19047238478406,51.02149453983456],[-114.19038051283829,51.02160033939517],[-114.19015269047318,51.021828646173475],[-114.1898982830913,51.02226333862463],[-114.1898099776271,51.02264763592976],[-114.18979168812335,51.02327092604511],[-114.1885490022573,51.023300740608256],[-114.1881673770146,51.023292035159926],[-114.18794939249318,51.02335872964132],[-114.18772098171536,51.02336222995384],[-114.18749307649448,51.02335674136578],[-114.1874997046338,51.02324894412843],[-114.18750340691356,51.0229522392398],[-114.18754996825562,51.02256786100993],[-114.18761750683777,51.022010547284104],[-114.18767671426146,51.0218950464423],[-114.18794090478602,51.02137963931646],[-114.1884619827525,51.020780532878426],[-114.18973122959714,51.01938257358067],[-114.19023522873064,51.01882742626487],[-114.19067961900603,51.018337947644774],[-114.19141078257768,51.0175325339823],[-114.191462903895,51.01761472387362],[-114.1915746044512,51.01765334289805],[-114.19188248375606,51.01775074508416],[-114.19293029403279,51.018108745388346],[-114.19347699079078,51.01826574114438],[-114.1939288804145,51.0183396310755],[-114.19499308125671,51.01842814407994],[-114.1960693159212,51.01855293687708],[-114.19625231078996,51.01859335122499],[-114.19645379118792,51.018562156323625],[-114.19685522013768,51.01852684516477],[-114.197481786385,51.01854185445868],[-114.19869109669139,51.01858884645869],[-114.19979418550258,51.01874123466235],[-114.19997768773047,51.018772653967886],[-114.2011081928267,51.01894363233958],[-114.20188491113193,51.01907023318606],[-114.20215009587385,51.01916653899017],[-114.2022197018631,51.01919514780506],[-114.2022521048416,51.01936684232712],[-114.20223930766194,51.01981625201423],[-114.20237570825333,51.02062903842765],[-114.20245881214845,51.02114374777234],[-114.20293240872194,51.022279429481415],[-114.2025753038948,51.02228883884413],[-114.20206851061643,51.02217773082348],[-114.19788550622506,51.02035944680545],[-114.19667149238798,51.019916537024244],[-114.19630449052124,51.01985384936958],[-114.19534805197407,51.01980310397609],[-114.19475507952225,51.019771638583045],[-114.19322876793385,51.01979637371328],[-114.19274229637635,51.01980424843992]]]]}},{"type":"Feature","properties":{"DGUID":"2021S051248062367","DAUID":"48062367","LANDAREA":0.9908,"PRUID":"48","fed_num":"48013","da_code":"48062367","geo_name":"48062367","name_source":{"label":"Statistics Canada Census Profile 2021 DA WDS","url":"https://www12.statcan.gc.ca/wds-sdw/2021profile-profil2021-eng.cfm"},"population":1017,"status":"ok","source":{"label":"Statistics Canada Census Profile 2021 DA WDS","url":"https://www12.statcan.gc.ca/wds-sdw/2021profile-profil2021-eng.cfm"},"community_name":"Calgary","community_source":{"label":"Statistics Canada 2021 census subdivision boundaries (spatial lookup)","url":"https://geo.statcan.gc.ca/geo_wa/rest/services/2021/Cartographic_boundary_files/MapServer/9"},"community_display":"Calgary","is_unorganized":false,"panel_title":"Calgary","display_label":"Calgary","map_label":"48062367"},"geometry":{"type":"MultiPolygon","coordinates":[[[[-114.2022521048416,51.01936684232712],[-114.2022197018631,51.01919514780506],[-114.20234671857743,51.0192162498619],[-114.2024398212188,51.019092540596475],[-114.20237670773942,51.01895604701453],[-114.20262782080238,51.01857534213102],[-114.20324400240358,51.01794013348276],[-114.2032368168875,51.01785954609137],[-114.20324163266388,51.017728848234825],[-114.20340542338445,51.01760065080016],[-114.2037194211406,51.01726123313891],[-114.20628971362217,51.018150249172635],[-114.21185660206845,51.02011208500149],[-114.21143230835797,51.02037794962231],[-114.21099848871742,51.02095223372893],[-114.21099672143696,51.02154775182368],[-114.21097853641695,51.022442155507626],[-114.21096682596195,51.023380035443246],[-114.21095641702563,51.024672035855616],[-114.21095358507586,51.02502573179767],[-114.21082132607124,51.02532844109587],[-114.21053131983012,51.025645344302575],[-114.21045649101954,51.02594034543729],[-114.21061870509105,51.0265648265381],[-114.21084301492053,51.02686704881908],[-114.21099959452752,51.027347533094435],[-114.2110052892246,51.030576753675874],[-114.21101109006042,51.031019371690796],[-114.21105160308242,51.03228247736598],[-114.21108309350532,51.03326216105789],[-114.21108338866927,51.03338507713212],[-114.21108280359473,51.03374655877875],[-114.21107850737185,51.034602268620965],[-114.21106299919725,51.03765206663531],[-114.21095839500984,51.03776287575952],[-114.21090807562676,51.0378806789531],[-114.21088476153692,51.038024262987655],[-114.21049470558856,51.038024170365375],[-114.20896458906645,51.038023772891165],[-114.20749329327727,51.038023263559545],[-114.20632786370689,51.03802297432683],[-114.20571257123407,51.038022758658386],[-114.20513428673779,51.03802267050225],[-114.20513189881194,51.03786596101663],[-114.20516224706225,51.033823729859265],[-114.20517608548575,51.031983658729715],[-114.20518340410023,51.030546472663296],[-114.20503598102498,51.02889801397022],[-114.20524351127176,51.02744963343427],[-114.20513461515861,51.02628015023476],[-114.20510730588504,51.025564330493395],[-114.20516609077174,51.02339534276063],[-114.20446720811954,51.02331394219057],[-114.20369258319106,51.023313936700795],[-114.20369131088921,51.023313927580645],[-114.20336794162148,51.023318629032175],[-114.20336690425376,51.02331864828777],[-114.20293240872194,51.022279429481415],[-114.20245881214845,51.02114374777234],[-114.20237570825333,51.02062903842765],[-114.20223930766194,51.01981625201423],[-114.2022521048416,51.01936684232712]]]]}},{"type":"Feature","properties":{"DGUID":"2021S051248062368","DAUID":"48062368","LANDAREA":0.2836,"PRUID":"48","fed_num":"48013","da_code":"48062368","geo_name":"48062368","name_source":{"label":"Statistics Canada Census Profile 2021 DA WDS","url":"https://www12.statcan.gc.ca/wds-sdw/2021profile-profil2021-eng.cfm"},"population":375,"status":"ok","source":{"label":"Statistics Canada Census Profile 2021 DA WDS","url":"https://www12.statcan.gc.ca/wds-sdw/2021profile-profil2021-eng.cfm"},"community_name":"Calgary","community_source":{"label":"Statistics Canada 2021 census subdivision boundaries (spatial lookup)","url":"https://geo.statcan.gc.ca/geo_wa/rest/services/2021/Cartographic_boundary_files/MapServer/9"},"community_display":"Calgary","is_unorganized":false,"panel_title":"Calgary","display_label":"Calgary","map_label":"48062368"},"geometry":{"type":"MultiPolygon","coordinates":[[[[-114.18768103648547,51.01345490839075],[-114.1874419817555,51.01161415128114],[-114.18812060216301,51.01181363611699],[-114.19332930748058,51.0136299254719],[-114.1942785033069,51.01396754522997],[-114.1952277190085,51.014305238175666],[-114.1945446051263,51.014756524636915],[-114.1932509919106,51.01563384416487],[-114.19270640428272,51.016151446214536],[-114.19141078257768,51.0175325339823],[-114.19067961900603,51.018337947644774],[-114.19023522873064,51.01882742626487],[-114.18973122959714,51.01938257358067],[-114.1884619827525,51.020780532878426],[-114.18794090478602,51.02137963931646],[-114.18767671426146,51.0218950464423],[-114.18761750683777,51.022010547284104],[-114.18754996825562,51.02256786100993],[-114.18750340691356,51.0229522392398],[-114.18742364291558,51.022880974244686],[-114.1874562695298,51.02254687173859],[-114.18760772854053,51.02189345135417],[-114.18777218625364,51.021388122587716],[-114.18779642366201,51.020892439150984],[-114.1881442782891,51.01981329545728],[-114.18740816032538,51.01950992946528],[-114.18748420970839,51.01891197344749],[-114.18748777995407,51.01828366841018],[-114.18749273101459,51.01741284321197],[-114.18749390753717,51.016825649166556],[-114.18771618910816,51.016139350747764],[-114.18699586208928,51.01443323648322],[-114.18776394942273,51.01409329183307],[-114.18768103648547,51.01345490839075]]]]}},{"type":"Feature","properties":{"DGUID":"2021S051248062508","DAUID":"48062508","LANDAREA":2.5475,"PRUID":"48","fed_num":"48013","da_code":"48062508","geo_name":"48062508","name_source":{"label":"Statistics Canada Census Profile 2021 DA WDS","url":"https://www12.statcan.gc.ca/wds-sdw/2021profile-profil2021-eng.cfm"},"population":3357,"status":"ok","source":{"label":"Statistics Canada Census Profile 2021 DA WDS","url":"https://www12.statcan.gc.ca/wds-sdw/2021profile-profil2021-eng.cfm"},"community_name":"Calgary","community_source":{"label":"Statistics Canada 2021 census subdivision boundaries (spatial lookup)","url":"https://geo.statcan.gc.ca/geo_wa/rest/services/2021/Cartographic_boundary_files/MapServer/9"},"community_display":"Calgary","is_unorganized":false,"panel_title":"Calgary","display_label":"Calgary","map_label":"48062508"},"geometry":{"type":"MultiPolygon","coordinates":[[[[-114.2109136119858,51.06143073583434],[-114.21091258923485,51.06098336222734],[-114.21091987492741,51.060601258593174],[-114.2109274715795,51.060203071973845],[-114.21093197443795,51.05970316482499],[-114.21107796777954,51.05970116635031],[-114.21138237089598,51.05970017102471],[-114.21239939024755,51.05969979639789],[-114.21344690834363,51.05969936672102],[-114.21402907429731,51.05969907752891],[-114.21437458192867,51.059670774988206],[-114.21553597706745,51.059648069109855],[-114.21671747258767,51.059650057025245],[-114.21670897591841,51.05894156107929],[-114.21347218211346,51.058937556473275],[-114.21346120997259,51.05782786568577],[-114.21345503280187,51.05711551680336],[-114.21345248839282,51.05681866172923],[-114.21235020173829,51.056904570594924],[-114.21139998133522,51.05701247129262],[-114.21134301487584,51.05701256653772],[-114.21105740510961,51.05701335964782],[-114.21090061535999,51.05700955901566],[-114.21089232007301,51.05691047327778],[-114.21089079386077,51.056460658907596],[-114.21088249081996,51.053986960027636],[-114.21089302129394,51.05286285639561],[-114.21098911573509,51.05245137366784],[-114.21473552014386,51.05242666473168],[-114.21644567886564,51.052401566456716],[-114.21838940911303,51.052355460435834],[-114.21962605740423,51.05290675377556],[-114.23422864297194,51.05254511603733],[-114.23422953156332,51.05447917477287],[-114.23422655456923,51.05559154896954],[-114.23421548718986,51.059740671300816],[-114.23421797819577,51.06038009097808],[-114.23424349515165,51.06697372580564],[-114.22352187677579,51.06701276794499],[-114.22276468592993,51.06704536812466],[-114.21881747014676,51.0670743806632],[-114.21686418089651,51.06707447532236],[-114.21673506077015,51.067074479955224],[-114.21630638015134,51.06707466641828],[-114.21418697112023,51.0670757621894],[-114.21106615932794,51.06707728072266],[-114.21089785837715,51.067077368697426],[-114.21091186412092,51.066967369139405],[-114.21091846916008,51.06667627681209],[-114.21090646628295,51.06483856301093],[-114.21090808270688,51.06465304768878],[-114.21091828664869,51.063464577692315],[-114.2109177965606,51.06325852214763],[-114.2109136119858,51.06143073583434]]]]}},{"type":"Feature","properties":{"DGUID":"2021S051248062509","DAUID":"48062509","LANDAREA":2.6709,"PRUID":"48","fed_num":"48013","da_code":"48062509","geo_name":"48062509","name_source":{"label":"Statistics Canada Census Profile 2021 DA WDS","url":"https://www12.statcan.gc.ca/wds-sdw/2021profile-profil2021-eng.cfm"},"population":5568,"status":"ok","source":{"label":"Statistics Canada Census Profile 2021 DA WDS","url":"https://www12.statcan.gc.ca/wds-sdw/2021profile-profil2021-eng.cfm"},"community_name":"Calgary","community_source":{"label":"Statistics Canada 2021 census subdivision boundaries (spatial lookup)","url":"https://geo.statcan.gc.ca/geo_wa/rest/services/2021/Cartographic_boundary_files/MapServer/9"},"community_display":"Calgary","is_unorganized":false,"panel_title":"Calgary","display_label":"Calgary","map_label":"48062509"},"geometry":{"type":"MultiPolygon","coordinates":[[[[-114.21088478376134,51.038234460572184],[-114.21088476153692,51.038024262987655],[-114.21106847712602,51.03802435989209],[-114.2113914846797,51.03802437374142],[-114.21621999308127,51.03792335603223],[-114.21650159250751,51.037917464058694],[-114.21670438248086,51.03791705508611],[-114.21684847617975,51.03791665401049],[-114.21684897064286,51.03791667751132],[-114.21899109925404,51.03791236436249],[-114.21914088375628,51.037912049982864],[-114.21987385143898,51.03784185042563],[-114.22262217258947,51.03786945308128],[-114.22835716591688,51.03787074925739],[-114.23422196830946,51.03784794855277],[-114.23422528129804,51.04513337483336],[-114.23422864297194,51.05254511603733],[-114.21962605740423,51.05290675377556],[-114.21838940911303,51.052355460435834],[-114.21644567886564,51.052401566456716],[-114.21473552014386,51.05242666473168],[-114.21098911573509,51.05245137366784],[-114.2111299032581,51.05225052733115],[-114.21114299825655,51.051709018157446],[-114.21105597551315,51.0488398998861],[-114.21105791388914,51.04874134673777],[-114.21108585329756,51.04731336003914],[-114.21108645873464,51.046981372254784],[-114.21109293118586,51.04546226008795],[-114.2110895528289,51.04523117278982],[-114.2108715681189,51.045225951026815],[-114.21087156045246,51.04522578745394],[-114.21086849774764,51.04512442267478],[-114.21085624062619,51.04471910316697],[-114.21084319427325,51.04413263992466],[-114.21081930580742,51.0435971559049],[-114.21083731094703,51.04321276221284],[-114.21088101375979,51.041535654340805],[-114.21088068591486,51.0411083759449],[-114.21088055303439,51.04100746539803],[-114.21088028797581,51.04065826962255],[-114.21087877299377,51.0386425595923],[-114.21088478376134,51.038234460572184]]]]}},{"type":"Feature","properties":{"DGUID":"2021S051248062567","DAUID":"48062567","LANDAREA":0.2498,"PRUID":"48","fed_num":"48013","da_code":"48062567","geo_name":"48062567","name_source":{"label":"Statistics Canada Census Profile 2021 DA WDS","url":"https://www12.statcan.gc.ca/wds-sdw/2021profile-profil2021-eng.cfm"},"population":880,"status":"ok","source":{"label":"Statistics Canada Census Profile 2021 DA WDS","url":"https://www12.statcan.gc.ca/wds-sdw/2021profile-profil2021-eng.cfm"},"community_name":"Calgary","community_source":{"label":"Statistics Canada 2021 census subdivision boundaries (spatial lookup)","url":"https://geo.statcan.gc.ca/geo_wa/rest/services/2021/Cartographic_boundary_files/MapServer/9"},"community_display":"Calgary","is_unorganized":false,"panel_title":"Calgary","display_label":"Calgary","map_label":"48062567"},"geometry":{"type":"MultiPolygon","coordinates":[[[[-114.18483008119723,51.02046824583991],[-114.18404709659241,51.020521634005725],[-114.18387778507409,51.02058185109668],[-114.18379777516247,51.020604233473875],[-114.18371808372648,51.020595850577664],[-114.18361788397962,51.02056123472764],[-114.18351889978813,51.02053804732136],[-114.18241639351788,51.0205269319697],[-114.18230301190103,51.020515139302844],[-114.18220337820193,51.02051273617095],[-114.18080780286891,51.02043141716146],[-114.18069670744322,51.02045653614688],[-114.18060893134047,51.02043828062027],[-114.17988927535303,51.020339928397924],[-114.17927150056047,51.02018114065917],[-114.17801440056907,51.01974604403692],[-114.17685597702715,51.01933122654755],[-114.1764571987955,51.019087727304324],[-114.17618831407032,51.01882034062561],[-114.1761831866508,51.01880901639624],[-114.17598719206944,51.018374747209606],[-114.17599037964065,51.0180870289227],[-114.17619138961744,51.01806482949696],[-114.17778949048657,51.018049529722454],[-114.17771867867553,51.017337238685435],[-114.17786320172202,51.017070923374256],[-114.1781484816587,51.016834933848756],[-114.17848470712659,51.01669911875678],[-114.1788312771257,51.016626537915734],[-114.17940251350501,51.01661342764058],[-114.18064240140981,51.01662532073495],[-114.18182589012648,51.0166269383045],[-114.18189378867774,51.016682536703414],[-114.18189678738882,51.01733924890947],[-114.18313720484706,51.017342123090145],[-114.18308989354965,51.01671145023721],[-114.18313920373049,51.01660463178384],[-114.18447658012239,51.016888735559796],[-114.18447330662426,51.01670884170166],[-114.1845932038462,51.01661272446922],[-114.18586149286818,51.01662532466599],[-114.1859208954181,51.01729233669527],[-114.1861840995158,51.017892348512866],[-114.18640989230529,51.01840154095749],[-114.18646098159688,51.01873553920226],[-114.18635270061577,51.01911074237588],[-114.18591600249742,51.019963631019394],[-114.1855983871156,51.02026183211338],[-114.18531970773176,51.02039003373233],[-114.18520247502776,51.02044123344628],[-114.18483008119723,51.02046824583991]]]]}},{"type":"Feature","properties":{"DGUID":"2021S051248062568","DAUID":"48062568","LANDAREA":0.2766,"PRUID":"48","fed_num":"48013","da_code":"48062568","geo_name":"48062568","name_source":{"label":"Statistics Canada Census Profile 2021 DA WDS","url":"https://www12.statcan.gc.ca/wds-sdw/2021profile-profil2021-eng.cfm"},"population":1098,"status":"ok","source":{"label":"Statistics Canada Census Profile 2021 DA WDS","url":"https://www12.statcan.gc.ca/wds-sdw/2021profile-profil2021-eng.cfm"},"community_name":"Calgary","community_source":{"label":"Statistics Canada 2021 census subdivision boundaries (spatial lookup)","url":"https://geo.statcan.gc.ca/geo_wa/rest/services/2021/Cartographic_boundary_files/MapServer/9"},"community_display":"Calgary","is_unorganized":false,"panel_title":"Calgary","display_label":"Calgary","map_label":"48062568"},"geometry":{"type":"MultiPolygon","coordinates":[[[[-114.18189678738882,51.01733924890947],[-114.18189378867774,51.016682536703414],[-114.18182589012648,51.0166269383045],[-114.18064240140981,51.01662532073495],[-114.17940251350501,51.01661342764058],[-114.1788312771257,51.016626537915734],[-114.17848470712659,51.01669911875678],[-114.1781484816587,51.016834933848756],[-114.17786320172202,51.017070923374256],[-114.17771867867553,51.017337238685435],[-114.17778949048657,51.018049529722454],[-114.17619138961744,51.01806482949696],[-114.17599037964065,51.0180870289227],[-114.1759759095159,51.01644963782427],[-114.17596431138844,51.01617054010653],[-114.17597250378272,51.01603572411264],[-114.17597067390847,51.015361134542296],[-114.1760057141992,51.01478633302209],[-114.17603619126037,51.014283331676594],[-114.176084888123,51.013951723958904],[-114.17624099879885,51.01373061931573],[-114.1763821936729,51.01351813599995],[-114.17657660763417,51.01336992824905],[-114.17728020544479,51.013054138931665],[-114.17741049506303,51.013021339050255],[-114.17808569237751,51.01293871765769],[-114.17985279687055,51.01295444267974],[-114.18038442602631,51.013015502966205],[-114.18054669195095,51.01303413544678],[-114.18119340782916,51.01318463657078],[-114.18230188770707,51.01348124616565],[-114.18347439541489,51.01366242384756],[-114.18402750786339,51.013711840856175],[-114.18456088350419,51.013850529749355],[-114.18497661302649,51.01404952388889],[-114.18547299467006,51.01456513088681],[-114.18576501512246,51.01492303128556],[-114.18583789936717,51.01513165002377],[-114.18586149286818,51.01662532466599],[-114.1845932038462,51.01661272446922],[-114.18447330662426,51.01670884170166],[-114.18447658012239,51.016888735559796],[-114.18313920373049,51.01660463178384],[-114.18308989354965,51.01671145023721],[-114.18313720484706,51.017342123090145],[-114.18189678738882,51.01733924890947]]]]}},{"type":"Feature","properties":{"DGUID":"2021S051248062570","DAUID":"48062570","LANDAREA":0.3707,"PRUID":"48","fed_num":"48013","da_code":"48062570","geo_name":"48062570","name_source":{"label":"Statistics Canada Census Profile 2021 DA WDS","url":"https://www12.statcan.gc.ca/wds-sdw/2021profile-profil2021-eng.cfm"},"population":1677,"status":"ok","source":{"label":"Statistics Canada Census Profile 2021 DA WDS","url":"https://www12.statcan.gc.ca/wds-sdw/2021profile-profil2021-eng.cfm"},"community_name":"Calgary","community_source":{"label":"Statistics Canada 2021 census subdivision boundaries (spatial lookup)","url":"https://geo.statcan.gc.ca/geo_wa/rest/services/2021/Cartographic_boundary_files/MapServer/9"},"community_display":"Calgary","is_unorganized":false,"panel_title":"Calgary","display_label":"Calgary","map_label":"48062570"},"geometry":{"type":"MultiPolygon","coordinates":[[[[-114.19931079618397,51.04048083134457],[-114.19932688341535,51.03802116136314],[-114.20141169374868,51.03802175806759],[-114.20281666394699,51.038022163278065],[-114.20296767054178,51.03802216984339],[-114.2034927631409,51.03802226697437],[-114.2034910812391,51.03823516420936],[-114.20347827016018,51.03921287674116],[-114.20347876877501,51.03926277515415],[-114.20347708041666,51.039377355940005],[-114.20347419243245,51.039619769275],[-114.20352208291926,51.03982907108694],[-114.2035345582064,51.04044647024897],[-114.20353279300787,51.040527974710955],[-114.20355106043692,51.04074767413622],[-114.20360399108202,51.04094586527364],[-114.20361168527835,51.04097467516487],[-114.20366756148054,51.0410982813207],[-114.20379047396332,51.04128526928969],[-114.20385754779265,51.04136586481243],[-114.20388186785458,51.04139507832554],[-114.20393427383914,51.04143877491792],[-114.20484095399414,51.042219940949295],[-114.20493631123281,51.04235611558957],[-114.20500831248962,51.04250790839212],[-114.20503821973512,51.042684745338455],[-114.20501602696672,51.04326193899493],[-114.20501689699334,51.043706055673255],[-114.20502479778824,51.043875713789404],[-114.20503962065744,51.04400704061649],[-114.20507244250341,51.04416091240754],[-114.20512647286311,51.0442509427032],[-114.20531631394407,51.04456742257434],[-114.20559697977095,51.045092057500895],[-114.20573281306645,51.04545113264063],[-114.20583083727703,51.04573470076106],[-114.205882875908,51.046063171131806],[-114.2059058749308,51.04658656147137],[-114.20592498330132,51.046989767089144],[-114.20506672730143,51.04699115363535],[-114.2038334249104,51.04699311661974],[-114.20262876678652,51.04699500809631],[-114.20139498371597,51.04699694200301],[-114.200155526373,51.0469988758704],[-114.1993164341546,51.047000168803166],[-114.19935976553897,51.045337071626975],[-114.19927966692995,51.04524526129786],[-114.19931079618397,51.04048083134457]]]]}},{"type":"Feature","properties":{"DGUID":"2021S051248062574","DAUID":"48062574","LANDAREA":1.6391,"PRUID":"48","fed_num":"48013","da_code":"48062574","geo_name":"48062574","name_source":{"label":"Statistics Canada Census Profile 2021 DA WDS","url":"https://www12.statcan.gc.ca/wds-sdw/2021profile-profil2021-eng.cfm"},"population":1276,"status":"ok","source":{"label":"Statistics Canada Census Profile 2021 DA WDS","url":"https://www12.statcan.gc.ca/wds-sdw/2021profile-profil2021-eng.cfm"},"community_name":"Calgary","community_source":{"label":"Statistics Canada 2021 census subdivision boundaries (spatial lookup)","url":"https://geo.statcan.gc.ca/geo_wa/rest/services/2021/Cartographic_boundary_files/MapServer/9"},"community_display":"Calgary","is_unorganized":false,"panel_title":"Calgary","display_label":"Calgary","map_label":"48062574"},"geometry":{"type":"MultiPolygon","coordinates":[[[[-114.21995428702351,51.08026072629247],[-114.22017835672408,51.08009511672478],[-114.22194168036287,51.07974131184566],[-114.22207376517166,51.0796815314001],[-114.22218326941535,51.07952222948703],[-114.22215957281281,51.07944063358022],[-114.22196748971757,51.07931022909883],[-114.2206570604069,51.079018116411],[-114.22050289241633,51.078969522499676],[-114.22036837895958,51.078831415230944],[-114.22041977050459,51.078688708580295],[-114.22061107035023,51.07859430590964],[-114.22174556375708,51.07848641675113],[-114.2220355756524,51.078412316610766],[-114.22215714737825,51.07828931037894],[-114.22214715147572,51.07821711861152],[-114.22198256395126,51.07810522592215],[-114.22100575176253,51.0779651057099],[-114.22085647994784,51.07783561803613],[-114.22084697112653,51.077754411803916],[-114.22099816586281,51.07761411929659],[-114.22204017157226,51.07714422162254],[-114.2222806768301,51.07694299958057],[-114.2223992498025,51.076631002437935],[-114.22231024347836,51.076449009099825],[-114.22208916464935,51.076326795848125],[-114.22182377616154,51.07627269816127],[-114.22144027880648,51.076194506991826],[-114.22007299025037,51.07619367407023],[-114.21722012561497,51.076191902552395],[-114.21678577543535,51.07619161468423],[-114.21638440566532,51.0761418427905],[-114.21439125372488,51.0758945951172],[-114.21314296867735,51.07573974171502],[-114.21140023966272,51.075523504057394],[-114.2111156554541,51.07550771373709],[-114.21097306732045,51.07550431004181],[-114.21096763455219,51.074487520987084],[-114.21108760032755,51.074354735876696],[-114.21229709660092,51.07436678364014],[-114.21671373759905,51.07444737279284],[-114.22107186876885,51.07445879156295],[-114.2221979242571,51.07445273192944],[-114.22283211447487,51.07444932620216],[-114.22422066443961,51.07444480991832],[-114.2298860433916,51.074426194020965],[-114.22976818051676,51.069446953125535],[-114.22381559966823,51.06931976833604],[-114.22095084588939,51.06917356227348],[-114.21908466864929,51.06932409943096],[-114.21767285217693,51.0695164933884],[-114.21749277436682,51.069408488808],[-114.21709706345897,51.06910227302968],[-114.21686206762338,51.068736887301775],[-114.21673515745229,51.06847298447619],[-114.21671905663223,51.06826578300345],[-114.21670645615653,51.067761774008744],[-114.21673537049064,51.06728047741039],[-114.21673506077015,51.067074479955224],[-114.21686418089651,51.06707447532236],[-114.21881747014676,51.0670743806632],[-114.22276468592993,51.06704536812466],[-114.22352187677579,51.06701276794499],[-114.23424349515165,51.06697372580564],[-114.23461465580523,51.07308206689683],[-114.23468177014081,51.07438885002215],[-114.2346802790381,51.07488391360437],[-114.23430186797542,51.0815097402309],[-114.23422926238415,51.08176883935505],[-114.23423217373418,51.08506993668466],[-114.22976217748182,51.085071954060965],[-114.22853898778855,51.08503393040442],[-114.22853626693944,51.08503384233851],[-114.2278467087762,51.08486464258899],[-114.22554445184511,51.084084852385985],[-114.2235916789149,51.08342333948054],[-114.22260989341244,51.08314000293181],[-114.22253889436313,51.08311952268951],[-114.22121458779625,51.0823414370676],[-114.22170189206332,51.08207423474096],[-114.2220168979981,51.08182083341043],[-114.22214719060662,51.081554115013866],[-114.22210466897309,51.081310223446],[-114.22175107505224,51.08101401299674],[-114.22173279081395,51.08100801049426],[-114.22009866673491,51.08047102966027],[-114.21995428702351,51.08026072629247]]]]}},{"type":"Feature","properties":{"DGUID":"2021S051248062575","DAUID":"48062575","LANDAREA":0.2784,"PRUID":"48","fed_num":"48013","da_code":"48062575","geo_name":"48062575","name_source":{"label":"Statistics Canada Census Profile 2021 DA WDS","url":"https://www12.statcan.gc.ca/wds-sdw/2021profile-profil2021-eng.cfm"},"population":911,"status":"ok","source":{"label":"Statistics Canada Census Profile 2021 DA WDS","url":"https://www12.statcan.gc.ca/wds-sdw/2021profile-profil2021-eng.cfm"},"community_name":"Calgary","community_source":{"label":"Statistics Canada 2021 census subdivision boundaries (spatial lookup)","url":"https://geo.statcan.gc.ca/geo_wa/rest/services/2021/Cartographic_boundary_files/MapServer/9"},"community_display":"Calgary","is_unorganized":false,"panel_title":"Calgary","display_label":"Calgary","map_label":"48062575"},"geometry":{"type":"MultiPolygon","coordinates":[[[[-114.19926607879037,51.071523997307864],[-114.19938420456225,51.069689710254735],[-114.19992340725426,51.069807202718806],[-114.20052768096869,51.06996558917851],[-114.20103006949904,51.07015749158635],[-114.20115619778298,51.07019650512646],[-114.2021905805923,51.07056311036322],[-114.20329349036217,51.070976285266774],[-114.20341908214333,51.07102429493297],[-114.2038259805154,51.07117559063846],[-114.20425158635513,51.07130338640287],[-114.20471338935837,51.07142715233355],[-114.20546997763871,51.07162989613462],[-114.20559806523289,51.07163698176282],[-114.20572296302916,51.07164948861918],[-114.20586376712531,51.0716636974781],[-114.20669124070936,51.07170188534615],[-114.20680966562296,51.07170739703765],[-114.20753656712527,51.07177609923152],[-114.20820596176274,51.071792399217884],[-114.20861146151158,51.071758999024794],[-114.20918964647518,51.0716799961488],[-114.21025404916284,51.07145819153158],[-114.21089244937646,51.071417885765015],[-114.21088394801234,51.07423041490664],[-114.21088864698721,51.074311211055274],[-114.21096763455219,51.074487520987084],[-114.20524146206193,51.074272152774505],[-114.20443280421263,51.074260601334984],[-114.2027204747057,51.0742344674752],[-114.20187323484318,51.07421950924715],[-114.20148848601194,51.07421113145198],[-114.20020791615642,51.07418592904051],[-114.1997274710724,51.072882013834125],[-114.19926607879037,51.071523997307864]]]]}},{"type":"Feature","properties":{"DGUID":"2021S051248062576","DAUID":"48062576","LANDAREA":0.1353,"PRUID":"48","fed_num":"48013","da_code":"48062576","geo_name":"48062576","name_source":{"label":"Statistics Canada Census Profile 2021 DA WDS","url":"https://www12.statcan.gc.ca/wds-sdw/2021profile-profil2021-eng.cfm"},"population":658,"status":"ok","source":{"label":"Statistics Canada Census Profile 2021 DA WDS","url":"https://www12.statcan.gc.ca/wds-sdw/2021profile-profil2021-eng.cfm"},"community_name":"Calgary","community_source":{"label":"Statistics Canada 2021 census subdivision boundaries (spatial lookup)","url":"https://geo.statcan.gc.ca/geo_wa/rest/services/2021/Cartographic_boundary_files/MapServer/9"},"community_display":"Calgary","is_unorganized":false,"panel_title":"Calgary","display_label":"Calgary","map_label":"48062576"},"geometry":{"type":"MultiPolygon","coordinates":[[[[-114.2038259805154,51.07117559063846],[-114.20341908214333,51.07102429493297],[-114.20329349036217,51.070976285266774],[-114.2021905805923,51.07056311036322],[-114.20115619778298,51.07019650512646],[-114.20103006949904,51.07015749158635],[-114.20163157884208,51.06941640546541],[-114.20173617107181,51.06933058941513],[-114.20191518624443,51.06915649530477],[-114.20199299344843,51.06882699100294],[-114.2025907771238,51.06881059805699],[-114.202921069118,51.06886840228122],[-114.20306068003215,51.06891488301922],[-114.20420068316017,51.06933488021473],[-114.20489669955664,51.069619173118326],[-114.20546868590031,51.06985278180931],[-114.20664064581794,51.070234576912],[-114.20743155682472,51.07027838150231],[-114.207426756904,51.06920289136399],[-114.20743297291641,51.068834369175256],[-114.20802986082691,51.0688352094537],[-114.20863494985315,51.06883608324574],[-114.20861777061177,51.07006136851847],[-114.20885845243134,51.07004868211827],[-114.2101693432845,51.070047374394974],[-114.21089134760047,51.070046985529935],[-114.21089244937646,51.071417885765015],[-114.21025404916284,51.07145819153158],[-114.20918964647518,51.0716799961488],[-114.20861146151158,51.071758999024794],[-114.20820596176274,51.071792399217884],[-114.20753656712527,51.07177609923152],[-114.20680966562296,51.07170739703765],[-114.20669124070936,51.07170188534615],[-114.20586376712531,51.0716636974781],[-114.20572296302916,51.07164948861918],[-114.20559806523289,51.07163698176282],[-114.20546997763871,51.07162989613462],[-114.20471338935837,51.07142715233355],[-114.20425158635513,51.07130338640287],[-114.2038259805154,51.07117559063846]]]]}},{"type":"Feature","properties":{"DGUID":"2021S051248062577","DAUID":"48062577","LANDAREA":0.2302,"PRUID":"48","fed_num":"48013","da_code":"48062577","geo_name":"48062577","name_source":{"label":"Statistics Canada Census Profile 2021 DA WDS","url":"https://www12.statcan.gc.ca/wds-sdw/2021profile-profil2021-eng.cfm"},"population":1350,"status":"ok","source":{"label":"Statistics Canada Census Profile 2021 DA WDS","url":"https://www12.statcan.gc.ca/wds-sdw/2021profile-profil2021-eng.cfm"},"community_name":"Calgary","community_source":{"label":"Statistics Canada 2021 census subdivision boundaries (spatial lookup)","url":"https://geo.statcan.gc.ca/geo_wa/rest/services/2021/Cartographic_boundary_files/MapServer/9"},"community_display":"Calgary","is_unorganized":false,"panel_title":"Calgary","display_label":"Calgary","map_label":"48062577"},"geometry":{"type":"MultiPolygon","coordinates":[[[[-114.20802986082691,51.0688352094537],[-114.20743297291641,51.068834369175256],[-114.207426756904,51.06920289136399],[-114.20743155682472,51.07027838150231],[-114.20664064581794,51.070234576912],[-114.20546868590031,51.06985278180931],[-114.20489669955664,51.069619173118326],[-114.20420068316017,51.06933488021473],[-114.20306068003215,51.06891488301922],[-114.202921069118,51.06886840228122],[-114.2025907771238,51.06881059805699],[-114.20199299344843,51.06882699100294],[-114.20191518624443,51.06915649530477],[-114.20173617107181,51.06933058941513],[-114.20163157884208,51.06941640546541],[-114.20103006949904,51.07015749158635],[-114.20052768096869,51.06996558917851],[-114.19992340725426,51.069807202718806],[-114.19938420456225,51.069689710254735],[-114.1992572894307,51.06966189972261],[-114.19926727165813,51.06860289369974],[-114.19926588126171,51.06793270857245],[-114.19928090012552,51.06755746230606],[-114.19929198963906,51.06728078740403],[-114.19930000377603,51.06708030269569],[-114.1994517828528,51.06707949984865],[-114.2016156924896,51.067077388737566],[-114.2051030696171,51.06708028720184],[-114.20804969652936,51.06707883578196],[-114.21046719214752,51.06707757545255],[-114.21089785837715,51.067077368697426],[-114.21087564918726,51.06726816538208],[-114.21088396655212,51.068740570166234],[-114.21088446139379,51.068833690078755],[-114.21089134760047,51.070046985529935],[-114.2101693432845,51.070047374394974],[-114.20885845243134,51.07004868211827],[-114.20861777061177,51.07006136851847],[-114.20863494985315,51.06883608324574],[-114.20802986082691,51.0688352094537]]]]}},{"type":"Feature","properties":{"DGUID":"2021S051248062586","DAUID":"48062586","LANDAREA":0.6877,"PRUID":"48","fed_num":"48013","da_code":"48062586","geo_name":"48062586","name_source":{"label":"Statistics Canada Census Profile 2021 DA WDS","url":"https://www12.statcan.gc.ca/wds-sdw/2021profile-profil2021-eng.cfm"},"population":925,"status":"ok","source":{"label":"Statistics Canada Census Profile 2021 DA WDS","url":"https://www12.statcan.gc.ca/wds-sdw/2021profile-profil2021-eng.cfm"},"community_name":"Calgary","community_source":{"label":"Statistics Canada 2021 census subdivision boundaries (spatial lookup)","url":"https://geo.statcan.gc.ca/geo_wa/rest/services/2021/Cartographic_boundary_files/MapServer/9"},"community_display":"Calgary","is_unorganized":false,"panel_title":"Calgary","display_label":"Calgary","map_label":"48062586"},"geometry":{"type":"MultiPolygon","coordinates":[[[[-114.26220848781237,51.09804082209656],[-114.25765371864816,51.0978126868299],[-114.25749655246987,51.09789160510938],[-114.25748006946426,51.09453842672928],[-114.25740432835471,51.093085074041014],[-114.25740877734756,51.091895514332215],[-114.25740880126307,51.09188654886644],[-114.25741011667843,51.09179250991445],[-114.25738219157712,51.09076052964167],[-114.2579578159178,51.09077404081642],[-114.25830329944209,51.09072825084843],[-114.25890131651482,51.090760257122454],[-114.25902909062339,51.090772244507576],[-114.26033761793946,51.0908658547478],[-114.26099209420572,51.09090824888138],[-114.26171422396096,51.09101504828631],[-114.26262901489514,51.091243456371195],[-114.26366543628127,51.09159146232126],[-114.2646156965625,51.09194655176352],[-114.26524484400018,51.09217716185159],[-114.26635571902644,51.09247296333985],[-114.26649672334871,51.092503248551196],[-114.26763201820322,51.09262876350458],[-114.26825901585235,51.09265247094832],[-114.26880163832497,51.092656055821344],[-114.26949321973851,51.09260114696007],[-114.27015207590433,51.09253765083102],[-114.27063677205298,51.09238054889615],[-114.27113453507722,51.09234515136415],[-114.27223032431053,51.09247694880059],[-114.27224395323024,51.09259105512729],[-114.27226775372449,51.092695059411184],[-114.27228833141923,51.09281304405977],[-114.2723047529945,51.092927358835695],[-114.2723040149873,51.093031253477506],[-114.27227964229964,51.09312016107496],[-114.27226062725347,51.09315704184855],[-114.27223654301153,51.093186438587125],[-114.27220182550776,51.09321104539039],[-114.27246112468244,51.09408346459524],[-114.27114010601933,51.09500195862047],[-114.27113949051086,51.09500240437034],[-114.2711401583486,51.095021025951105],[-114.27117337752435,51.09591040326254],[-114.27119293110765,51.09643304575472],[-114.27126373862275,51.09802350633654],[-114.26919450522688,51.09801123309037],[-114.26918017898382,51.09801129504771],[-114.26220848781237,51.09804082209656]]]]}},{"type":"Feature","properties":{"DGUID":"2021S051248062587","DAUID":"48062587","LANDAREA":0.3447,"PRUID":"48","fed_num":"48013","da_code":"48062587","geo_name":"48062587","name_source":{"label":"Statistics Canada Census Profile 2021 DA WDS","url":"https://www12.statcan.gc.ca/wds-sdw/2021profile-profil2021-eng.cfm"},"population":1145,"status":"ok","source":{"label":"Statistics Canada Census Profile 2021 DA WDS","url":"https://www12.statcan.gc.ca/wds-sdw/2021profile-profil2021-eng.cfm"},"community_name":"Calgary","community_source":{"label":"Statistics Canada 2021 census subdivision boundaries (spatial lookup)","url":"https://geo.statcan.gc.ca/geo_wa/rest/services/2021/Cartographic_boundary_files/MapServer/9"},"community_display":"Calgary","is_unorganized":false,"panel_title":"Calgary","display_label":"Calgary","map_label":"48062587"},"geometry":{"type":"MultiPolygon","coordinates":[[[[-114.27113453507722,51.09234515136415],[-114.27063677205298,51.09238054889615],[-114.27015207590433,51.09253765083102],[-114.26949321973851,51.09260114696007],[-114.26880163832497,51.092656055821344],[-114.26825901585235,51.09265247094832],[-114.26763201820322,51.09262876350458],[-114.26649672334871,51.092503248551196],[-114.26635571902644,51.09247296333985],[-114.26524484400018,51.09217716185159],[-114.2646156965625,51.09194655176352],[-114.26366543628127,51.09159146232126],[-114.26262901489514,51.091243456371195],[-114.26171422396096,51.09101504828631],[-114.26099209420572,51.09090824888138],[-114.26033761793946,51.0908658547478],[-114.25902909062339,51.090772244507576],[-114.25890131651482,51.090760257122454],[-114.25830329944209,51.09072825084843],[-114.2579578159178,51.09077404081642],[-114.25738219157712,51.09076052964167],[-114.2573861124686,51.090646865853536],[-114.25738943208043,51.09055206046503],[-114.25738423089214,51.09025733931907],[-114.25743503250182,51.08998365598976],[-114.25743687914124,51.08862971172987],[-114.25802856674228,51.088628636704776],[-114.26915361833636,51.08860815075321],[-114.27107671146888,51.08861336494668],[-114.27107545416553,51.08964191463257],[-114.27107544748326,51.0896509043246],[-114.27068120903303,51.09012255969737],[-114.27073621739234,51.09011914550403],[-114.27079152106758,51.09012666374636],[-114.27084283854724,51.09014475453448],[-114.2709016147566,51.0901842508507],[-114.27094454780814,51.09022195546688],[-114.271043216914,51.09032845132273],[-114.27112730595339,51.0904259428274],[-114.27121971282081,51.09053115885266],[-114.27128912669853,51.09060935646673],[-114.2713983234469,51.090726760023934],[-114.27147522968927,51.09080744176027],[-114.2716065092726,51.0909354492169],[-114.27170713447593,51.091021062401445],[-114.27191451947104,51.09119544560055],[-114.27201642855708,51.09127935551507],[-114.27210842640503,51.09136316106458],[-114.27217834835903,51.0914469486619],[-114.2722371232823,51.09153384055417],[-114.27228572572874,51.09162865671275],[-114.2723252052272,51.09173454538915],[-114.27234662535092,51.0918468478738],[-114.27234665506592,51.09196255801179],[-114.2723354426376,51.092080760300775],[-114.272298619745,51.09219926648313],[-114.2722576064498,51.092320645081344],[-114.27224054538404,51.092382549488896],[-114.27223032431053,51.09247694880059],[-114.27113453507722,51.09234515136415]]]]}},{"type":"Feature","properties":{"DGUID":"2021S051248062602","DAUID":"48062602","LANDAREA":2.5438,"PRUID":"48","fed_num":"48013","da_code":"48062602","geo_name":"48062602","name_source":{"label":"Statistics Canada Census Profile 2021 DA WDS","url":"https://www12.statcan.gc.ca/wds-sdw/2021profile-profil2021-eng.cfm"},"population":1225,"status":"ok","source":{"label":"Statistics Canada Census Profile 2021 DA WDS","url":"https://www12.statcan.gc.ca/wds-sdw/2021profile-profil2021-eng.cfm"},"community_name":"Calgary","community_source":{"label":"Statistics Canada 2021 census subdivision boundaries (spatial lookup)","url":"https://geo.statcan.gc.ca/geo_wa/rest/services/2021/Cartographic_boundary_files/MapServer/9"},"community_display":"Calgary","is_unorganized":false,"panel_title":"Calgary","display_label":"Calgary","map_label":"48062602"},"geometry":{"type":"MultiPolygon","coordinates":[[[[-114.2195660929768,51.03297274753776],[-114.2190905965608,51.032677965062724],[-114.2188307997681,51.032788870146575],[-114.21853148752106,51.03285925073626],[-114.21821161478786,51.03288885829432],[-114.21790711017246,51.032868753277185],[-114.2174917152714,51.03277736243419],[-114.21599509883389,51.03229114771219],[-114.21576979088466,51.03224435319034],[-114.21548080381451,51.032218973963424],[-114.21534180139975,51.032220653429334],[-114.21492130524538,51.0322597583482],[-114.21464590801004,51.03233165308388],[-114.21439700081065,51.032434157448165],[-114.21392931579254,51.032689573206135],[-114.213810188761,51.03273085759595],[-114.21355459782251,51.032891863712784],[-114.21343260617445,51.0330032526862],[-114.21331540424754,51.033167766188406],[-114.2132717989416,51.03329115776252],[-114.21325309157181,51.033390469411835],[-114.21147619701529,51.03338336364715],[-114.21108338866927,51.03338507713212],[-114.21108309350532,51.03326216105789],[-114.21105160308242,51.03228247736598],[-114.21101109006042,51.031019371690796],[-114.2110052892246,51.030576753675874],[-114.21099959452752,51.027347533094435],[-114.21084301492053,51.02686704881908],[-114.21061870509105,51.0265648265381],[-114.21045649101954,51.02594034543729],[-114.21053131983012,51.025645344302575],[-114.21082132607124,51.02532844109587],[-114.21095358507586,51.02502573179767],[-114.21095641702563,51.024672035855616],[-114.21096682596195,51.023380035443246],[-114.21097853641695,51.022442155507626],[-114.21099672143696,51.02154775182368],[-114.21099848871742,51.02095223372893],[-114.21143230835797,51.02037794962231],[-114.21185660206845,51.02011208500149],[-114.21256001894781,51.02035994054747],[-114.2142973192507,51.02087814143243],[-114.21543733492041,51.0211301446589],[-114.21777955662816,51.02151177685972],[-114.2178947995223,51.02153054248245],[-114.22159641196858,51.0221133462185],[-114.22336689677678,51.022317436453285],[-114.22491921147186,51.0223543410938],[-114.22657810903279,51.022276728231645],[-114.22795820285744,51.02209363443246],[-114.22902649633525,51.02187614249779],[-114.23005532182555,51.02160372264971],[-114.2312345071991,51.02120001701304],[-114.232273501025,51.02075694196244],[-114.2339910190908,51.019934130583486],[-114.23412929243617,51.02048602099606],[-114.23416141911628,51.02114341744315],[-114.23417668288637,51.02878924145859],[-114.23422196830946,51.03784794855277],[-114.22835716591688,51.03787074925739],[-114.22262217258947,51.03786945308128],[-114.22263829352462,51.037473457123056],[-114.22273453020924,51.03675835760752],[-114.22268728589404,51.03647120815069],[-114.22271276527927,51.03596452477312],[-114.22270382882304,51.035733171107],[-114.222632720008,51.03559955679236],[-114.22252397479701,51.03547886099065],[-114.22198926387989,51.0350171252891],[-114.22147048089731,51.03456915205498],[-114.22073009646043,51.03392414409459],[-114.22003089932636,51.03332624663029],[-114.2195660929768,51.03297274753776]]]]}},{"type":"Feature","properties":{"DGUID":"2021S051248062603","DAUID":"48062603","LANDAREA":0.2956,"PRUID":"48","fed_num":"48013","da_code":"48062603","geo_name":"48062603","name_source":{"label":"Statistics Canada Census Profile 2021 DA WDS","url":"https://www12.statcan.gc.ca/wds-sdw/2021profile-profil2021-eng.cfm"},"population":1253,"status":"ok","source":{"label":"Statistics Canada Census Profile 2021 DA WDS","url":"https://www12.statcan.gc.ca/wds-sdw/2021profile-profil2021-eng.cfm"},"community_name":"Calgary","community_source":{"label":"Statistics Canada 2021 census subdivision boundaries (spatial lookup)","url":"https://geo.statcan.gc.ca/geo_wa/rest/services/2021/Cartographic_boundary_files/MapServer/9"},"community_display":"Calgary","is_unorganized":false,"panel_title":"Calgary","display_label":"Calgary","map_label":"48062603"},"geometry":{"type":"MultiPolygon","coordinates":[[[[-114.21310479355631,51.034297078182114],[-114.21312280343889,51.03407025754114],[-114.21325309157181,51.033390469411835],[-114.2132717989416,51.03329115776252],[-114.21331540424754,51.033167766188406],[-114.21343260617445,51.0330032526862],[-114.21355459782251,51.032891863712784],[-114.213810188761,51.03273085759595],[-114.21392931579254,51.032689573206135],[-114.21439700081065,51.032434157448165],[-114.21464590801004,51.03233165308388],[-114.21492130524538,51.0322597583482],[-114.21534180139975,51.032220653429334],[-114.21548080381451,51.032218973963424],[-114.21576979088466,51.03224435319034],[-114.21599509883389,51.03229114771219],[-114.2174917152714,51.03277736243419],[-114.21790711017246,51.032868753277185],[-114.21821161478786,51.03288885829432],[-114.21853148752106,51.03285925073626],[-114.2188307997681,51.032788870146575],[-114.2190905965608,51.032677965062724],[-114.2195660929768,51.03297274753776],[-114.22003089932636,51.03332624663029],[-114.22073009646043,51.03392414409459],[-114.22147048089731,51.03456915205498],[-114.22198926387989,51.0350171252891],[-114.22252397479701,51.03547886099065],[-114.222632720008,51.03559955679236],[-114.22270382882304,51.035733171107],[-114.22271276527927,51.03596452477312],[-114.22268728589404,51.03647120815069],[-114.22273453020924,51.03675835760752],[-114.22263829352462,51.037473457123056],[-114.22262217258947,51.03786945308128],[-114.21987385143898,51.03784185042563],[-114.21914088375628,51.037912049982864],[-114.21899109925404,51.03791236436249],[-114.21684897064286,51.03791667751132],[-114.21684847617975,51.03791665401049],[-114.21670438248086,51.03791705508611],[-114.21670596696262,51.03778477051139],[-114.21671327972658,51.03735315415969],[-114.21675408537502,51.03710956577175],[-114.21662648168356,51.03683815892812],[-114.21649396611835,51.03668346389911],[-114.21637887030553,51.03658586512473],[-114.21597548301999,51.03637776110963],[-114.21511689878784,51.036003370493866],[-114.21474758911127,51.03581017838737],[-114.214104494134,51.03552756863093],[-114.21379829784867,51.03536917100656],[-114.213495004839,51.03512817552139],[-114.21326648236011,51.03483107250082],[-114.21316728005472,51.03462147483543],[-114.21312151178613,51.03444146972411],[-114.21310479355631,51.034297078182114]]]]}},{"type":"Feature","properties":{"DGUID":"2021S051248062604","DAUID":"48062604","LANDAREA":0.1329,"PRUID":"48","fed_num":"48013","da_code":"48062604","geo_name":"48062604","name_source":{"label":"Statistics Canada Census Profile 2021 DA WDS","url":"https://www12.statcan.gc.ca/wds-sdw/2021profile-profil2021-eng.cfm"},"population":833,"status":"ok","source":{"label":"Statistics Canada Census Profile 2021 DA WDS","url":"https://www12.statcan.gc.ca/wds-sdw/2021profile-profil2021-eng.cfm"},"community_name":"Calgary","community_source":{"label":"Statistics Canada 2021 census subdivision boundaries (spatial lookup)","url":"https://geo.statcan.gc.ca/geo_wa/rest/services/2021/Cartographic_boundary_files/MapServer/9"},"community_display":"Calgary","is_unorganized":false,"panel_title":"Calgary","display_label":"Calgary","map_label":"48062604"},"geometry":{"type":"MultiPolygon","coordinates":[[[[-114.21108280359473,51.03374655877875],[-114.21108338866927,51.03338507713212],[-114.21147619701529,51.03338336364715],[-114.21325309157181,51.033390469411835],[-114.21312280343889,51.03407025754114],[-114.21310479355631,51.034297078182114],[-114.21312151178613,51.03444146972411],[-114.21316728005472,51.03462147483543],[-114.21326648236011,51.03483107250082],[-114.213495004839,51.03512817552139],[-114.21379829784867,51.03536917100656],[-114.214104494134,51.03552756863093],[-114.21474758911127,51.03581017838737],[-114.21511689878784,51.036003370493866],[-114.21597548301999,51.03637776110963],[-114.21637887030553,51.03658586512473],[-114.21649396611835,51.03668346389911],[-114.21662648168356,51.03683815892812],[-114.21675408537502,51.03710956577175],[-114.21671327972658,51.03735315415969],[-114.21670596696262,51.03778477051139],[-114.21670438248086,51.03791705508611],[-114.21650159250751,51.037917464058694],[-114.21621999308127,51.03792335603223],[-114.2113914846797,51.03802437374142],[-114.21106847712602,51.03802435989209],[-114.21088476153692,51.038024262987655],[-114.21090807562676,51.0378806789531],[-114.21095839500984,51.03776287575952],[-114.21106299919725,51.03765206663531],[-114.21107850737185,51.034602268620965],[-114.21108280359473,51.03374655877875]]]]}},{"type":"Feature","properties":{"DGUID":"2021S051248062721","DAUID":"48062721","LANDAREA":0.3919,"PRUID":"48","fed_num":"48013","da_code":"48062721","geo_name":"48062721","name_source":{"label":"Statistics Canada Census Profile 2021 DA WDS","url":"https://www12.statcan.gc.ca/wds-sdw/2021profile-profil2021-eng.cfm"},"population":624,"status":"ok","source":{"label":"Statistics Canada Census Profile 2021 DA WDS","url":"https://www12.statcan.gc.ca/wds-sdw/2021profile-profil2021-eng.cfm"},"community_name":"Calgary","community_source":{"label":"Statistics Canada 2021 census subdivision boundaries (spatial lookup)","url":"https://geo.statcan.gc.ca/geo_wa/rest/services/2021/Cartographic_boundary_files/MapServer/9"},"community_display":"Calgary","is_unorganized":false,"panel_title":"Calgary","display_label":"Calgary","map_label":"48062721"},"geometry":{"type":"MultiPolygon","coordinates":[[[[-114.2455094066937,51.0887751329029],[-114.24553829652987,51.08863974411958],[-114.24840138549808,51.08863353415986],[-114.24860828476005,51.088633437960056],[-114.24877164919707,51.088631196011136],[-114.24895868390017,51.0886286353338],[-114.25349980030472,51.08863662529915],[-114.25743687914124,51.08862971172987],[-114.25743503250182,51.08998365598976],[-114.25738423089214,51.09025733931907],[-114.25738943208043,51.09055206046503],[-114.2573861124686,51.090646865853536],[-114.25738219157712,51.09076052964167],[-114.25741011667843,51.09179250991445],[-114.25740880126307,51.09188654886644],[-114.25740877734756,51.091895514332215],[-114.25740432835471,51.093085074041014],[-114.2501717179709,51.09339723795793],[-114.24999534144298,51.09340482894891],[-114.2487026991344,51.09348844020802],[-114.24715049941894,51.092138930535256],[-114.24715860478626,51.09200423650803],[-114.2454876330477,51.089358711930785],[-114.2455094066937,51.0887751329029]]]]}},{"type":"Feature","properties":{"DGUID":"2021S051248062722","DAUID":"48062722","LANDAREA":1.2446,"PRUID":"48","fed_num":"48013","da_code":"48062722","geo_name":"48062722","name_source":{"label":"Statistics Canada Census Profile 2021 DA WDS","url":"https://www12.statcan.gc.ca/wds-sdw/2021profile-profil2021-eng.cfm"},"population":10,"status":"ok","source":{"label":"Statistics Canada Census Profile 2021 DA WDS","url":"https://www12.statcan.gc.ca/wds-sdw/2021profile-profil2021-eng.cfm"},"community_name":"Calgary","community_source":{"label":"Statistics Canada 2021 census subdivision boundaries (spatial lookup)","url":"https://geo.statcan.gc.ca/geo_wa/rest/services/2021/Cartographic_boundary_files/MapServer/9"},"community_display":"Calgary","is_unorganized":false,"panel_title":"Calgary","display_label":"Calgary","map_label":"48062722"},"geometry":{"type":"MultiPolygon","coordinates":[[[[-114.23358479876661,51.08864165156313],[-114.233244377992,51.08863565934088],[-114.23278999837304,51.08862766029126],[-114.23247028538181,51.08862054667247],[-114.23218420926588,51.088613846946046],[-114.23217617196651,51.08861349879792],[-114.23201397859123,51.08834122931845],[-114.23423545316238,51.0876987822747],[-114.23434370297507,51.08677203607787],[-114.23427797920891,51.08663465227614],[-114.23424400079396,51.08649045642221],[-114.23422189167067,51.08620315772016],[-114.23423217373418,51.08506993668466],[-114.23422926238415,51.08176883935505],[-114.23430186797542,51.0815097402309],[-114.25353973453731,51.08191932543763],[-114.25384748981021,51.0819252397821],[-114.25393563747122,51.081926820019746],[-114.2538432454758,51.081937551867775],[-114.25361090176725,51.08266877098881],[-114.25544779992778,51.08355383267877],[-114.25816406765516,51.082819052301204],[-114.25803229096175,51.088074166027255],[-114.25802937327543,51.08851053827347],[-114.25802856674228,51.088628636704776],[-114.25743687914124,51.08862971172987],[-114.25349980030472,51.08863662529915],[-114.24895868390017,51.0886286353338],[-114.24877164919707,51.088631196011136],[-114.24860828476005,51.088633437960056],[-114.24840138549808,51.08863353415986],[-114.24553829652987,51.08863974411958],[-114.24338467316136,51.08864193996813],[-114.23601766961276,51.08856634202618],[-114.23518947933982,51.08859024289087],[-114.23449921438785,51.088610850253545],[-114.23385529468197,51.08863204534143],[-114.23358479876661,51.08864165156313]]]]}},{"type":"Feature","properties":{"DGUID":"2021S051248062723","DAUID":"48062723","LANDAREA":1.6522,"PRUID":"48","fed_num":"48013","da_code":"48062723","geo_name":"48062723","name_source":{"label":"Statistics Canada Census Profile 2021 DA WDS","url":"https://www12.statcan.gc.ca/wds-sdw/2021profile-profil2021-eng.cfm"},"population":119,"status":"ok","source":{"label":"Statistics Canada Census Profile 2021 DA WDS","url":"https://www12.statcan.gc.ca/wds-sdw/2021profile-profil2021-eng.cfm"},"community_name":"Calgary","community_source":{"label":"Statistics Canada 2021 census subdivision boundaries (spatial lookup)","url":"https://geo.statcan.gc.ca/geo_wa/rest/services/2021/Cartographic_boundary_files/MapServer/9"},"community_display":"Calgary","is_unorganized":false,"panel_title":"Calgary","display_label":"Calgary","map_label":"48062723"},"geometry":{"type":"MultiPolygon","coordinates":[[[[-114.27135445949881,51.10040801649818],[-114.27126373862275,51.09802350633654],[-114.27119293110765,51.09643304575472],[-114.27117337752435,51.09591040326254],[-114.2711401583486,51.095021025951105],[-114.27113949051086,51.09500240437034],[-114.27114010601933,51.09500195862047],[-114.27246112468244,51.09408346459524],[-114.27220182550776,51.09321104539039],[-114.27223654301153,51.093186438587125],[-114.27226062725347,51.09315704184855],[-114.27227964229964,51.09312016107496],[-114.2723040149873,51.093031253477506],[-114.2723047529945,51.092927358835695],[-114.27228833141923,51.09281304405977],[-114.27226775372449,51.092695059411184],[-114.27224395323024,51.09259105512729],[-114.27223032431053,51.09247694880059],[-114.27224054538404,51.092382549488896],[-114.2722576064498,51.092320645081344],[-114.272298619745,51.09219926648313],[-114.2723354426376,51.092080760300775],[-114.27234665506592,51.09196255801179],[-114.27234662535092,51.0918468478738],[-114.2723252052272,51.09173454538915],[-114.27228572572874,51.09162865671275],[-114.2722371232823,51.09153384055417],[-114.27217834835903,51.0914469486619],[-114.27210842640503,51.09136316106458],[-114.27201642855708,51.09127935551507],[-114.27191451947104,51.09119544560055],[-114.27170713447593,51.091021062401445],[-114.2716065092726,51.0909354492169],[-114.27147522968927,51.09080744176027],[-114.2713983234469,51.090726760023934],[-114.27128912669853,51.09060935646673],[-114.27121971282081,51.09053115885266],[-114.27112730595339,51.0904259428274],[-114.271043216914,51.09032845132273],[-114.27094454780814,51.09022195546688],[-114.2709016147566,51.0901842508507],[-114.27084283854724,51.09014475453448],[-114.27079152106758,51.09012666374636],[-114.27073621739234,51.09011914550403],[-114.27068120903303,51.09012255969737],[-114.27107544748326,51.0896509043246],[-114.27107545416553,51.08964191463257],[-114.27107671146888,51.08861336494668],[-114.27981563787345,51.08862064425749],[-114.28075755994023,51.08862167447895],[-114.28366933929452,51.08862483490778],[-114.28709482745084,51.08862862771675],[-114.28957558976363,51.088631131972534],[-114.2923085985028,51.088634048772036],[-114.29464722143499,51.08863641222291],[-114.29470618133848,51.096051454709986],[-114.29230451230413,51.096049341582265],[-114.28442873186495,51.09604244092203],[-114.28068786590187,51.09629651050751],[-114.28071678088916,51.09662532471731],[-114.28071704137648,51.09663521830132],[-114.28077676561131,51.09873691781594],[-114.28087681697536,51.099299326902226],[-114.28093740418798,51.10114096777336],[-114.28067323260366,51.10108442113047],[-114.27995665058819,51.10100721573699],[-114.2770902634688,51.1010022176551],[-114.27615225211309,51.10102551896469],[-114.27355195013074,51.10125272173296],[-114.27246124010212,51.101363027623684],[-114.27141819681265,51.101535327440935],[-114.2713839593164,51.10118263570948],[-114.27135445949881,51.10040801649818]]]]}},{"type":"Feature","properties":{"DGUID":"2021S051248062724","DAUID":"48062724","LANDAREA":1.3001,"PRUID":"48","fed_num":"48013","da_code":"48062724","geo_name":"48062724","name_source":{"label":"Statistics Canada Census Profile 2021 DA WDS","url":"https://www12.statcan.gc.ca/wds-sdw/2021profile-profil2021-eng.cfm"},"population":528,"status":"ok","source":{"label":"Statistics Canada Census Profile 2021 DA WDS","url":"https://www12.statcan.gc.ca/wds-sdw/2021profile-profil2021-eng.cfm"},"community_name":"Calgary","community_source":{"label":"Statistics Canada 2021 census subdivision boundaries (spatial lookup)","url":"https://geo.statcan.gc.ca/geo_wa/rest/services/2021/Cartographic_boundary_files/MapServer/9"},"community_display":"Calgary","is_unorganized":false,"panel_title":"Calgary","display_label":"Calgary","map_label":"48062724"},"geometry":{"type":"MultiPolygon","coordinates":[[[[-114.2711021863072,51.082182660619],[-114.27111815070913,51.081993995618795],[-114.27379340032722,51.08192695027459],[-114.2757089360881,51.08185556048642],[-114.28079926426683,51.081480735865725],[-114.28221592200742,51.08141092640378],[-114.2837570247753,51.081428814129225],[-114.28494451674382,51.08137822498965],[-114.28504630778022,51.08138822513616],[-114.28513582038266,51.08139511424721],[-114.28526161316475,51.081401014753396],[-114.28548462430136,51.081404436200586],[-114.2857353142275,51.08140533202273],[-114.28597842255634,51.08140561257932],[-114.28626779648839,51.08140603665844],[-114.28655050491759,51.08140703925191],[-114.2868322117248,51.08140722537232],[-114.28712161005113,51.0814076137846],[-114.28740551597564,51.08140811594419],[-114.28771249467442,51.0814089235197],[-114.2879997280622,51.08140942504125],[-114.28830021850324,51.0814099144476],[-114.28860170303066,51.08141053105924],[-114.2889419034991,51.08141132957314],[-114.28926709371761,51.081412434346305],[-114.28959099856841,51.08141223669626],[-114.28991670099127,51.08141211776169],[-114.29024261475364,51.081411535201916],[-114.2905645979757,51.08141164187802],[-114.29088710061298,51.08141173744838],[-114.29121631852514,51.08141253673831],[-114.29153552137619,51.081413725849785],[-114.29186460518214,51.08141391982561],[-114.29220288810272,51.08141352477684],[-114.2925411928636,51.08141384044507],[-114.29287649248076,51.08141463089322],[-114.29320888878324,51.0814153210786],[-114.2935446816326,51.081415829553066],[-114.29388049852871,51.08141682766796],[-114.29421629908765,51.081418021473645],[-114.294526708083,51.081418537044364],[-114.29482435760588,51.08141834186485],[-114.29464897837471,51.088590562044146],[-114.29464722143499,51.08863641222291],[-114.2923085985028,51.088634048772036],[-114.28957558976363,51.088631131972534],[-114.28709482745084,51.08862862771675],[-114.28366933929452,51.08862483490778],[-114.28075755994023,51.08862167447895],[-114.27981563787345,51.08862064425749],[-114.27107671146888,51.08861336494668],[-114.27107694584707,51.088566660721455],[-114.27108556953232,51.086815874564365],[-114.2710860920436,51.08670800714199],[-114.27108862864752,51.08620334452643],[-114.27109066627384,51.085788513137224],[-114.27109764304005,51.08437770974501],[-114.27109943531548,51.08401016582202],[-114.27110129634488,51.082775572912986],[-114.2711021863072,51.082182660619]]]]}},{"type":"Feature","properties":{"DGUID":"2021S051248062726","DAUID":"48062726","LANDAREA":1.1804,"PRUID":"48","fed_num":"48013","da_code":"48062726","geo_name":"48062726","name_source":{"label":"Statistics Canada Census Profile 2021 DA WDS","url":"https://www12.statcan.gc.ca/wds-sdw/2021profile-profil2021-eng.cfm"},"population":5,"status":"ok","source":{"label":"Statistics Canada Census Profile 2021 DA WDS","url":"https://www12.statcan.gc.ca/wds-sdw/2021profile-profil2021-eng.cfm"},"community_name":"Calgary","community_source":{"label":"Statistics Canada 2021 census subdivision boundaries (spatial lookup)","url":"https://geo.statcan.gc.ca/geo_wa/rest/services/2021/Cartographic_boundary_files/MapServer/9"},"community_display":"Calgary","is_unorganized":false,"panel_title":"Calgary","display_label":"Calgary","map_label":"48062726"},"geometry":{"type":"MultiPolygon","coordinates":[[[[-114.21278043504122,51.08186186632282],[-114.21263285083907,51.081768330666634],[-114.21246580705358,51.0816971469226],[-114.21222888727452,51.0816242350819],[-114.21194493511295,51.08157494126122],[-114.2114515494996,51.081499966590904],[-114.21110518775248,51.08145485310032],[-114.21080410245325,51.08142483556365],[-114.21062811622049,51.08139399597677],[-114.21051191216604,51.081354454756664],[-114.21037992220134,51.081259881117276],[-114.21032654465303,51.081208372587156],[-114.21027047985137,51.081167736895985],[-114.21018285999347,51.0811215972458],[-114.21007261137379,51.081106202103655],[-114.20973303902743,51.081099893947325],[-114.20930739980112,51.081134342065845],[-114.20899972157122,51.081169616416865],[-114.20873373004817,51.081220815884045],[-114.20856442276421,51.081229275925516],[-114.20833591061721,51.08123351456604],[-114.20821558395718,51.08120771198314],[-114.20811947773997,51.0811609676789],[-114.20804842038216,51.08110846905719],[-114.20799139741254,51.08102511577137],[-114.2080170630636,51.08092986930216],[-114.20818459448488,51.080806975324364],[-114.20837572708493,51.08072457616437],[-114.20863573404135,51.08066693129273],[-114.20899833032793,51.08060385010542],[-114.20961425450696,51.08052037924008],[-114.20984417889645,51.080469839981696],[-114.20996134910378,51.080427496625376],[-114.21013009726535,51.08035536008191],[-114.21032391686909,51.08022892919658],[-114.210452835916,51.080115109561476],[-114.21056895164828,51.079933938568075],[-114.21063891125374,51.0797454806126],[-114.21069176055157,51.07955190513008],[-114.21064692102063,51.07938451935889],[-114.21062934832655,51.07931882070475],[-114.21058906173195,51.07903901268018],[-114.21058384997067,51.078971397632316],[-114.21041220993332,51.07864336674695],[-114.210023528433,51.078043262624526],[-114.20443280421263,51.074260601334984],[-114.20524146206193,51.074272152774505],[-114.21096763455219,51.074487520987084],[-114.21097306732045,51.07550431004181],[-114.2111156554541,51.07550771373709],[-114.21140023966272,51.075523504057394],[-114.21314296867735,51.07573974171502],[-114.21439125372488,51.0758945951172],[-114.21638440566532,51.0761418427905],[-114.21678577543535,51.07619161468423],[-114.21722012561497,51.076191902552395],[-114.22007299025037,51.07619367407023],[-114.22144027880648,51.076194506991826],[-114.22182377616154,51.07627269816127],[-114.22208916464935,51.076326795848125],[-114.22231024347836,51.076449009099825],[-114.2223992498025,51.076631002437935],[-114.2222806768301,51.07694299958057],[-114.22204017157226,51.07714422162254],[-114.22099816586281,51.07761411929659],[-114.22084697112653,51.077754411803916],[-114.22085647994784,51.07783561803613],[-114.22100575176253,51.0779651057099],[-114.22198256395126,51.07810522592215],[-114.22214715147572,51.07821711861152],[-114.22215714737825,51.07828931037894],[-114.2220355756524,51.078412316610766],[-114.22174556375708,51.07848641675113],[-114.22061107035023,51.07859430590964],[-114.22041977050459,51.078688708580295],[-114.22036837895958,51.078831415230944],[-114.22050289241633,51.078969522499676],[-114.2206570604069,51.079018116411],[-114.22196748971757,51.07931022909883],[-114.22215957281281,51.07944063358022],[-114.22218326941535,51.07952222948703],[-114.22207376517166,51.0796815314001],[-114.22194168036287,51.07974131184566],[-114.22017835672408,51.08009511672478],[-114.21995428702351,51.08026072629247],[-114.22009866673491,51.08047102966027],[-114.22173279081395,51.08100801049426],[-114.22175107505224,51.08101401299674],[-114.22210466897309,51.081310223446],[-114.22214719060662,51.081554115013866],[-114.2220168979981,51.08182083341043],[-114.22170189206332,51.08207423474096],[-114.22121458779625,51.0823414370676],[-114.22253889436313,51.08311952268951],[-114.22260989341244,51.08314000293181],[-114.2235916789149,51.08342333948054],[-114.22554445184511,51.084084852385985],[-114.2278467087762,51.08486464258899],[-114.22853626693944,51.08503384233851],[-114.22853898778855,51.08503393040442],[-114.22976217748182,51.085071954060965],[-114.23423217373418,51.08506993668466],[-114.23422189167067,51.08620315772016],[-114.23424400079396,51.08649045642221],[-114.23427797920891,51.08663465227614],[-114.23434370297507,51.08677203607787],[-114.23423545316238,51.0876987822747],[-114.23201397859123,51.08834122931845],[-114.23217617196651,51.08861349879792],[-114.23208040209167,51.08860935733922],[-114.23167490689538,51.08859105097476],[-114.23125000432024,51.08856234210826],[-114.23081399627641,51.08852613632563],[-114.23069710440829,51.08851435931201],[-114.23030679151714,51.08847514704305],[-114.2297210912548,51.088406759555994],[-114.22920079446358,51.08832494112146],[-114.229060891447,51.08829965213621],[-114.22870168784684,51.088234862464574],[-114.22788667327636,51.088063841523876],[-114.22759848708311,51.08800119396805],[-114.22748187826767,51.08797584211834],[-114.22559330072527,51.0875654408095],[-114.22519061152583,51.08746374535585],[-114.22429289660447,51.08723705266115],[-114.22428224904883,51.0872345505156],[-114.22289099147592,51.08690783940638],[-114.22156168234444,51.08657915641157],[-114.2202836666706,51.086267639607925],[-114.21895799652167,51.08594434918192],[-114.21835216195944,51.08579663117955],[-114.21611352605471,51.08519390092534],[-114.21431238453908,51.084647533408514],[-114.21228587553512,51.08407365653574],[-114.21254038230518,51.08397824759434],[-114.21287835931734,51.08385152407562],[-114.21334626012663,51.083257710168645],[-114.21333469319275,51.08311662129257],[-114.21321011057539,51.08267003535514],[-114.21316955012236,51.0825096503186],[-114.2131436416042,51.082367600965426],[-114.21309294546987,51.08221085154449],[-114.21304580719145,51.08212984550587],[-114.21299605346911,51.082044344534545],[-114.21290986977316,51.081951957622834],[-114.21278043504122,51.08186186632282]]]]}},{"type":"Feature","properties":{"DGUID":"2021S051248062727","DAUID":"48062727","LANDAREA":1.3006,"PRUID":"48","fed_num":"48013","da_code":"48062727","geo_name":"48062727","name_source":{"label":"Statistics Canada Census Profile 2021 DA WDS","url":"https://www12.statcan.gc.ca/wds-sdw/2021profile-profil2021-eng.cfm"},"population":63,"status":"ok","source":{"label":"Statistics Canada Census Profile 2021 DA WDS","url":"https://www12.statcan.gc.ca/wds-sdw/2021profile-profil2021-eng.cfm"},"community_name":"Calgary","community_source":{"label":"Statistics Canada 2021 census subdivision boundaries (spatial lookup)","url":"https://geo.statcan.gc.ca/geo_wa/rest/services/2021/Cartographic_boundary_files/MapServer/9"},"community_display":"Calgary","is_unorganized":false,"panel_title":"Calgary","display_label":"Calgary","map_label":"48062727"},"geometry":{"type":"MultiPolygon","coordinates":[[[[-114.20319136627108,51.082094650203935],[-114.20103465034973,51.08197716593643],[-114.20029959236679,51.08196548692749],[-114.19630847334061,51.08191522690189],[-114.19512950595461,51.08182884573452],[-114.19412230506626,51.08169473065499],[-114.19258549683464,51.08133043235033],[-114.19224190076994,51.08123653479949],[-114.19204594898841,51.08118287958214],[-114.19011170770193,51.08065324344431],[-114.18975460596386,51.08055316820033],[-114.18927630889861,51.08041912024625],[-114.1892726094896,51.080418099484405],[-114.18909789870747,51.08036913200125],[-114.1890900114757,51.08036692753053],[-114.18909863022994,51.080224288485894],[-114.18911050504443,51.0800285401406],[-114.18930149605936,51.07959759364688],[-114.18935159971778,51.07932829764195],[-114.18937531644292,51.07913907768948],[-114.18936209165281,51.078983922599015],[-114.18933043304155,51.07884575015177],[-114.18926721406274,51.07870212491683],[-114.18915085108917,51.078524790829086],[-114.18905165296212,51.07840988305616],[-114.1889476967968,51.07832156278932],[-114.18874338949286,51.07817219894966],[-114.18866947653815,51.078135646375685],[-114.18861892295801,51.07808351072813],[-114.18858327889104,51.078015177925586],[-114.18858820395167,51.07794002451118],[-114.18862015466766,51.077876522926125],[-114.18865471554248,51.077712884168],[-114.18865475371231,51.07763632256326],[-114.18862198196224,51.07755200596776],[-114.18856391578375,51.07749394233527],[-114.18846195326915,51.07742304719021],[-114.18836095191533,51.077346804831535],[-114.18820999240495,51.07721749069236],[-114.18808120658694,51.07699791297114],[-114.18801309427832,51.07685285523593],[-114.18795293699782,51.07674933719089],[-114.18790442131228,51.07667661575764],[-114.18785366817444,51.076606366864674],[-114.18776422716093,51.07649430833469],[-114.18725490055493,51.07587090921963],[-114.18741966313691,51.07582172503793],[-114.18743224956832,51.07566279789297],[-114.18762081812349,51.07328040801068],[-114.19303533147801,51.07405340522371],[-114.19354665270407,51.0740622400381],[-114.19670187470327,51.0741208761083],[-114.20020791615642,51.07418592904051],[-114.20148848601194,51.07421113145198],[-114.20187323484318,51.07421950924715],[-114.2027204747057,51.0742344674752],[-114.20443280421263,51.074260601334984],[-114.210023528433,51.078043262624526],[-114.21041220993332,51.07864336674695],[-114.21058384997067,51.078971397632316],[-114.21058906173195,51.07903901268018],[-114.21062934832655,51.07931882070475],[-114.21064692102063,51.07938451935889],[-114.21069176055157,51.07955190513008],[-114.21063891125374,51.0797454806126],[-114.21056895164828,51.079933938568075],[-114.210452835916,51.080115109561476],[-114.21032391686909,51.08022892919658],[-114.21013009726535,51.08035536008191],[-114.20996134910378,51.080427496625376],[-114.20984417889645,51.080469839981696],[-114.20961425450696,51.08052037924008],[-114.20899833032793,51.08060385010542],[-114.20863573404135,51.08066693129273],[-114.20837572708493,51.08072457616437],[-114.20818459448488,51.080806975324364],[-114.2080170630636,51.08092986930216],[-114.20799139741254,51.08102511577137],[-114.20804842038216,51.08110846905719],[-114.20811947773997,51.0811609676789],[-114.20821558395718,51.08120771198314],[-114.20833591061721,51.08123351456604],[-114.20856442276421,51.081229275925516],[-114.20873373004817,51.081220815884045],[-114.20899972157122,51.081169616416865],[-114.20930739980112,51.081134342065845],[-114.20973303902743,51.081099893947325],[-114.21007261137379,51.081106202103655],[-114.21018285999347,51.0811215972458],[-114.21027047985137,51.081167736895985],[-114.21032654465303,51.081208372587156],[-114.21037992220134,51.081259881117276],[-114.21051191216604,51.081354454756664],[-114.21062811622049,51.08139399597677],[-114.21080410245325,51.08142483556365],[-114.21110518775248,51.08145485310032],[-114.2114515494996,51.081499966590904],[-114.21194493511295,51.08157494126122],[-114.21222888727452,51.0816242350819],[-114.21246580705358,51.0816971469226],[-114.21263285083907,51.081768330666634],[-114.21278043504122,51.08186186632282],[-114.21290986977316,51.081951957622834],[-114.21299605346911,51.082044344534545],[-114.21304580719145,51.08212984550587],[-114.21309294546987,51.08221085154449],[-114.2131436416042,51.082367600965426],[-114.21316955012236,51.0825096503186],[-114.21321011057539,51.08267003535514],[-114.21333469319275,51.08311662129257],[-114.21334626012663,51.083257710168645],[-114.21287835931734,51.08385152407562],[-114.21254038230518,51.08397824759434],[-114.21228587553512,51.08407365653574],[-114.21112476869831,51.08374482415763],[-114.21010952882368,51.083476378226045],[-114.2094014637726,51.0832888287591],[-114.20922908330064,51.083240505945305],[-114.20732504982125,51.0827995640605],[-114.20654716070827,51.082611589458814],[-114.20523824566115,51.08236752225049],[-114.20423946523469,51.08221775209779],[-114.20319136627108,51.082094650203935]]]]}},{"type":"Feature","properties":{"DGUID":"2021S051248062728","DAUID":"48062728","LANDAREA":0.4479,"PRUID":"48","fed_num":"48013","da_code":"48062728","geo_name":"48062728","name_source":{"label":"Statistics Canada Census Profile 2021 DA WDS","url":"https://www12.statcan.gc.ca/wds-sdw/2021profile-profil2021-eng.cfm"},"population":443,"status":"ok","source":{"label":"Statistics Canada Census Profile 2021 DA WDS","url":"https://www12.statcan.gc.ca/wds-sdw/2021profile-profil2021-eng.cfm"},"community_name":"Calgary","community_source":{"label":"Statistics Canada 2021 census subdivision boundaries (spatial lookup)","url":"https://geo.statcan.gc.ca/geo_wa/rest/services/2021/Cartographic_boundary_files/MapServer/9"},"community_display":"Calgary","is_unorganized":false,"panel_title":"Calgary","display_label":"Calgary","map_label":"48062728"},"geometry":{"type":"MultiPolygon","coordinates":[[[[-114.18771143932337,51.0651963966922],[-114.18782091130622,51.06480319645417],[-114.18866213963729,51.06529120023483],[-114.18877232282439,51.065356799488164],[-114.18896202796748,51.06552328796142],[-114.19014871486758,51.06619949464456],[-114.19061982587462,51.06643570313299],[-114.19145922019086,51.06671668184716],[-114.19195052385618,51.06685440052757],[-114.19309242064216,51.06700829025029],[-114.19349403390738,51.06706239512537],[-114.19363650229474,51.06706589867366],[-114.19460530823719,51.067098090078765],[-114.19873021844136,51.06708219911624],[-114.19930000377603,51.06708030269569],[-114.19929198963906,51.06728078740403],[-114.19928090012552,51.06755746230606],[-114.19926588126171,51.06793270857245],[-114.19926727165813,51.06860289369974],[-114.1992572894307,51.06966189972261],[-114.19938420456225,51.069689710254735],[-114.19926607879037,51.071523997307864],[-114.1997274710724,51.072882013834125],[-114.20020791615642,51.07418592904051],[-114.19670187470327,51.0741208761083],[-114.19665969368901,51.07236236750507],[-114.19356749177668,51.07230016361383],[-114.19358642620715,51.07069820146622],[-114.19054442078561,51.0706496518796],[-114.19049712824368,51.06900698177236],[-114.18764140432012,51.06903551996573],[-114.18765308139015,51.06774194489455],[-114.18766419921172,51.0669942724855],[-114.18765595366047,51.06629697733856],[-114.18777022723897,51.06563849401681],[-114.18771143932337,51.0651963966922]]]]}},{"type":"Feature","properties":{"DGUID":"2021S051248062729","DAUID":"48062729","LANDAREA":0.5054,"PRUID":"48","fed_num":"48013","da_code":"48062729","geo_name":"48062729","name_source":{"label":"Statistics Canada Census Profile 2021 DA WDS","url":"https://www12.statcan.gc.ca/wds-sdw/2021profile-profil2021-eng.cfm"},"population":675,"status":"ok","source":{"label":"Statistics Canada Census Profile 2021 DA WDS","url":"https://www12.statcan.gc.ca/wds-sdw/2021profile-profil2021-eng.cfm"},"community_name":"Calgary","community_source":{"label":"Statistics Canada 2021 census subdivision boundaries (spatial lookup)","url":"https://geo.statcan.gc.ca/geo_wa/rest/services/2021/Cartographic_boundary_files/MapServer/9"},"community_display":"Calgary","is_unorganized":false,"panel_title":"Calgary","display_label":"Calgary","map_label":"48062729"},"geometry":{"type":"MultiPolygon","coordinates":[[[[-114.17916582134443,51.06558400037061],[-114.17876052743895,51.06497148483718],[-114.17859921983116,51.06433798486662],[-114.17857893710452,51.06420260456957],[-114.17848893118826,51.06403849782375],[-114.17848064385662,51.0634715854311],[-114.17848162538597,51.06298599756319],[-114.17853554238968,51.06116129818079],[-114.17874935758542,51.0611664964176],[-114.17991864107294,51.06118568499069],[-114.17991231342506,51.062696689092554],[-114.18094023679953,51.06269449418018],[-114.18129274585291,51.06276599130696],[-114.18200884315752,51.0631969889025],[-114.18162244816568,51.06344858456884],[-114.1814469310683,51.063516283974025],[-114.17993443491153,51.063506803291695],[-114.17994663033774,51.0640106844029],[-114.18008482871782,51.06431988336889],[-114.18187095602066,51.064291094153994],[-114.18218944739303,51.06421778461364],[-114.18248481780293,51.06405399864364],[-114.18317663310646,51.063710882866],[-114.18399882047167,51.06333499102478],[-114.18407282244279,51.06329180150716],[-114.18485493161663,51.06286989551119],[-114.18706041667625,51.064398192531044],[-114.18782091130622,51.06480319645417],[-114.18771143932337,51.0651963966922],[-114.18777022723897,51.06563849401681],[-114.18765595366047,51.06629697733856],[-114.18766419921172,51.0669942724855],[-114.18765308139015,51.06774194489455],[-114.18764140432012,51.06903551996573],[-114.19049712824368,51.06900698177236],[-114.19054442078561,51.0706496518796],[-114.19358642620715,51.07069820146622],[-114.19356749177668,51.07230016361383],[-114.19665969368901,51.07236236750507],[-114.19670187470327,51.0741208761083],[-114.19354665270407,51.0740622400381],[-114.19303533147801,51.07405340522371],[-114.18762081812349,51.07328040801068],[-114.18761751421214,51.07168831037362],[-114.18705212356483,51.07159371299539],[-114.18677571053023,51.07144310375225],[-114.18655851373252,51.07125800518319],[-114.18642962585457,51.07102999966427],[-114.18638571275974,51.07081312181704],[-114.18663981902095,51.07015360648544],[-114.18658522730009,51.0691719011082],[-114.18648191970108,51.06852179756952],[-114.18639352454632,51.0683308054779],[-114.18617911007848,51.06810070603095],[-114.1857957359876,51.06783060097226],[-114.18555891387633,51.06773498779111],[-114.18470192884764,51.06750750900438],[-114.18425882899126,51.06728090860371],[-114.18348184148739,51.06667750281474],[-114.18316102311006,51.066552899380376],[-114.18272352841154,51.066470301972565],[-114.18236601515866,51.066479698597504],[-114.18180853326355,51.066493185357],[-114.18122684043749,51.06643418961207],[-114.18008421759485,51.066208789234416],[-114.17954472202555,51.065925903607564],[-114.17916582134443,51.06558400037061]]]]}},{"type":"Feature","properties":{"DGUID":"2021S051248062730","DAUID":"48062730","LANDAREA":0.3561,"PRUID":"48","fed_num":"48013","da_code":"48062730","geo_name":"48062730","name_source":{"label":"Statistics Canada Census Profile 2021 DA WDS","url":"https://www12.statcan.gc.ca/wds-sdw/2021profile-profil2021-eng.cfm"},"population":886,"status":"ok","source":{"label":"Statistics Canada Census Profile 2021 DA WDS","url":"https://www12.statcan.gc.ca/wds-sdw/2021profile-profil2021-eng.cfm"},"community_name":"Calgary","community_source":{"label":"Statistics Canada 2021 census subdivision boundaries (spatial lookup)","url":"https://geo.statcan.gc.ca/geo_wa/rest/services/2021/Cartographic_boundary_files/MapServer/9"},"community_display":"Calgary","is_unorganized":false,"panel_title":"Calgary","display_label":"Calgary","map_label":"48062730"},"geometry":{"type":"MultiPolygon","coordinates":[[[[-114.20275322462993,51.051768782595644],[-114.19936866195667,51.051785519904186],[-114.19839945828973,51.05179028392143],[-114.1970368470785,51.05166769474512],[-114.19632974735707,51.051560791494516],[-114.19613356932894,51.05150208091642],[-114.19547464643438,51.05130637317566],[-114.19494564882652,51.05108679061608],[-114.19384596838886,51.050628585653975],[-114.19285274591913,51.05029887251916],[-114.19195164491097,51.050097377776154],[-114.19144736768395,51.049941270387116],[-114.19108938127204,51.049725884134574],[-114.19069577499423,51.04939257304152],[-114.19044835162492,51.04899987295442],[-114.19039795265022,51.04889067749493],[-114.19029807865994,51.048654383600606],[-114.19020976678262,51.04857978402307],[-114.18995865890314,51.04836737051736],[-114.18968076279886,51.04824377469864],[-114.18899235311535,51.048065376395094],[-114.18876716166025,51.048014979539104],[-114.18863675366487,51.0480477735846],[-114.18843945239301,51.048007086753714],[-114.18793677455822,51.0478240682964],[-114.18764736405186,51.04765518254596],[-114.1876635580822,51.04713037302055],[-114.18767717295567,51.046693477705794],[-114.1877685650518,51.04659666980067],[-114.18765975154716,51.04623189273402],[-114.18762695655978,51.04599921880182],[-114.19064670580103,51.04595818652639],[-114.19068415733568,51.047388679416386],[-114.19335405666321,51.0489464976033],[-114.1961497359331,51.04896461826306],[-114.19617814016027,51.049264284858765],[-114.19642209171948,51.049544808115236],[-114.19699924537011,51.04964631887776],[-114.19760315212346,51.049598774516966],[-114.19792209693946,51.049423076273584],[-114.1980393126218,51.04915104486301],[-114.19805661712988,51.04890207945701],[-114.19933035236475,51.04889511080613],[-114.20804278107606,51.04884706150195],[-114.20800869224487,51.04889897180791],[-114.20797443066917,51.048952465196784],[-114.20799613133723,51.04930376794169],[-114.20788742086218,51.04968786606944],[-114.20783931713483,51.04977666078149],[-114.20751622093914,51.050164778554155],[-114.2070238434337,51.05052177642268],[-114.20668803514366,51.050648662034654],[-114.20645461159769,51.050732968176845],[-114.2058063443764,51.050834378154704],[-114.20514811970895,51.050863678921374],[-114.20462974540483,51.050941172948654],[-114.20417774827769,51.05110127266658],[-114.20382383227196,51.05129066516635],[-114.2034222227654,51.05155987830648],[-114.20298393493528,51.051729287831954],[-114.20275322462993,51.051768782595644]]]]}},{"type":"Feature","properties":{"DGUID":"2021S051248062731","DAUID":"48062731","LANDAREA":0.8144,"PRUID":"48","fed_num":"48013","da_code":"48062731","geo_name":"48062731","name_source":{"label":"Statistics Canada Census Profile 2021 DA WDS","url":"https://www12.statcan.gc.ca/wds-sdw/2021profile-profil2021-eng.cfm"},"population":1068,"status":"ok","source":{"label":"Statistics Canada Census Profile 2021 DA WDS","url":"https://www12.statcan.gc.ca/wds-sdw/2021profile-profil2021-eng.cfm"},"community_name":"Calgary","community_source":{"label":"Statistics Canada 2021 census subdivision boundaries (spatial lookup)","url":"https://geo.statcan.gc.ca/geo_wa/rest/services/2021/Cartographic_boundary_files/MapServer/9"},"community_display":"Calgary","is_unorganized":false,"panel_title":"Calgary","display_label":"Calgary","map_label":"48062731"},"geometry":{"type":"MultiPolygon","coordinates":[[[[-114.19933035236475,51.04889511080613],[-114.19805661712988,51.04890207945701],[-114.1980393126218,51.04915104486301],[-114.19792209693946,51.049423076273584],[-114.19760315212346,51.049598774516966],[-114.19699924537011,51.04964631887776],[-114.19642209171948,51.049544808115236],[-114.19617814016027,51.049264284858765],[-114.1961497359331,51.04896461826306],[-114.19335405666321,51.0489464976033],[-114.19068415733568,51.047388679416386],[-114.19064670580103,51.04595818652639],[-114.18762695655978,51.04599921880182],[-114.18755294578193,51.04547368120017],[-114.18741127442382,51.04519396988963],[-114.18765347216328,51.04519977141871],[-114.18779745442188,51.04520007766592],[-114.191805077814,51.04520967249307],[-114.1925271835061,51.04520779989378],[-114.19263419533652,51.04520751232423],[-114.19348905927275,51.04520527132135],[-114.19346430159447,51.04700143852667],[-114.19345764744135,51.04748256657365],[-114.19710335310661,51.04750387103764],[-114.19710616749474,51.04579578074094],[-114.19706996876619,51.04573588356782],[-114.19658376742342,51.04573846247285],[-114.1964768409242,51.04570376668928],[-114.19649556450652,51.04519088601638],[-114.19886906222223,51.04519046950118],[-114.19927966692995,51.04524526129786],[-114.19935976553897,51.045337071626975],[-114.1993164341546,51.047000168803166],[-114.200155526373,51.0469988758704],[-114.20139498371597,51.04699694200301],[-114.20262876678652,51.04699500809631],[-114.2038334249104,51.04699311661974],[-114.20506672730143,51.04699115363535],[-114.20592498330132,51.046989767089144],[-114.2059058749308,51.04658656147137],[-114.205882875908,51.046063171131806],[-114.20583083727703,51.04573470076106],[-114.20573281306645,51.04545113264063],[-114.20559697977095,51.045092057500895],[-114.20531631394407,51.04456742257434],[-114.20512647286311,51.0442509427032],[-114.20507244250341,51.04416091240754],[-114.20503962065744,51.04400704061649],[-114.20502479778824,51.043875713789404],[-114.20501689699334,51.043706055673255],[-114.20501602696672,51.04326193899493],[-114.20503821973512,51.042684745338455],[-114.20500831248962,51.04250790839212],[-114.20493631123281,51.04235611558957],[-114.20484095399414,51.042219940949295],[-114.20393427383914,51.04143877491792],[-114.20388186785458,51.04139507832554],[-114.20385754779265,51.04136586481243],[-114.20379047396332,51.04128526928969],[-114.20366756148054,51.0410982813207],[-114.20361168527835,51.04097467516487],[-114.20360399108202,51.04094586527364],[-114.20355106043692,51.04074767413622],[-114.20353279300787,51.040527974710955],[-114.2035345582064,51.04044647024897],[-114.20352208291926,51.03982907108694],[-114.20347419243245,51.039619769275],[-114.20347708041666,51.039377355940005],[-114.20347876877501,51.03926277515415],[-114.20347827016018,51.03921287674116],[-114.2034910812391,51.03823516420936],[-114.2034927631409,51.03802226697437],[-114.20364377355419,51.03802235431263],[-114.20513428673779,51.03802267050225],[-114.20571257123407,51.038022758658386],[-114.20632786370689,51.03802297432683],[-114.20749329327727,51.038023263559545],[-114.20896458906645,51.038023772891165],[-114.21049470558856,51.038024170365375],[-114.21088476153692,51.038024262987655],[-114.21088478376134,51.038234460572184],[-114.21087877299377,51.0386425595923],[-114.21088028797581,51.04065826962255],[-114.21088055303439,51.04100746539803],[-114.21088068591486,51.0411083759449],[-114.21088101375979,51.041535654340805],[-114.21083731094703,51.04321276221284],[-114.21081930580742,51.0435971559049],[-114.21084319427325,51.04413263992466],[-114.21085624062619,51.04471910316697],[-114.21086849774764,51.04512442267478],[-114.21087156045246,51.04522578745394],[-114.2108715681189,51.045225951026815],[-114.2110895528289,51.04523117278982],[-114.21109293118586,51.04546226008795],[-114.21108645873464,51.046981372254784],[-114.21108585329756,51.04731336003914],[-114.21105791388914,51.04874134673777],[-114.21105597551315,51.0488398998861],[-114.21086923304138,51.04884250271722],[-114.21017792814635,51.04885217695788],[-114.20804278107606,51.04884706150195],[-114.19933035236475,51.04889511080613]]]]}},{"type":"Feature","properties":{"DGUID":"2021S051248062741","DAUID":"48062741","LANDAREA":0.1948,"PRUID":"48","fed_num":"48013","da_code":"48062741","geo_name":"48062741","name_source":{"label":"Statistics Canada Census Profile 2021 DA WDS","url":"https://www12.statcan.gc.ca/wds-sdw/2021profile-profil2021-eng.cfm"},"population":498,"status":"ok","source":{"label":"Statistics Canada Census Profile 2021 DA WDS","url":"https://www12.statcan.gc.ca/wds-sdw/2021profile-profil2021-eng.cfm"},"community_name":"Calgary","community_source":{"label":"Statistics Canada 2021 census subdivision boundaries (spatial lookup)","url":"https://geo.statcan.gc.ca/geo_wa/rest/services/2021/Cartographic_boundary_files/MapServer/9"},"community_display":"Calgary","is_unorganized":false,"panel_title":"Calgary","display_label":"Calgary","map_label":"48062741"},"geometry":{"type":"MultiPolygon","coordinates":[[[[-114.14119993001144,51.01916517245442],[-114.14121555622162,51.017753378621826],[-114.14121172429826,51.01665586096941],[-114.14121303050763,51.01640405737324],[-114.14119694634344,51.014811658405264],[-114.14257966028333,51.014818478329474],[-114.14258042792768,51.01550207916825],[-114.14275942085342,51.015605471272295],[-114.14375663477867,51.01562086942661],[-114.14394884587944,51.015742478676984],[-114.14396754801069,51.017757775452495],[-114.1448246317099,51.01773379188395],[-114.14511431877246,51.017659879540474],[-114.14645415369202,51.01952759755637],[-114.14637194846225,51.01970550242419],[-114.14467396718214,51.02018580312402],[-114.14469573241254,51.02029410757306],[-114.1451823350837,51.020962694108526],[-114.14524855051283,51.02104519437904],[-114.14535585130275,51.02115579948913],[-114.1438275499382,51.02165809868352],[-114.14129443845366,51.022495603310034],[-114.14107702623944,51.02255320606873],[-114.1410710404712,51.022418212267006],[-114.14106993748378,51.02150969316491],[-114.14117315265642,51.02006399481798],[-114.14119993001144,51.01916517245442]]]]}},{"type":"Feature","properties":{"DGUID":"2021S051248062742","DAUID":"48062742","LANDAREA":0.3143,"PRUID":"48","fed_num":"48013","da_code":"48062742","geo_name":"48062742","name_source":{"label":"Statistics Canada Census Profile 2021 DA WDS","url":"https://www12.statcan.gc.ca/wds-sdw/2021profile-profil2021-eng.cfm"},"population":1428,"status":"ok","source":{"label":"Statistics Canada Census Profile 2021 DA WDS","url":"https://www12.statcan.gc.ca/wds-sdw/2021profile-profil2021-eng.cfm"},"community_name":"Calgary","community_source":{"label":"Statistics Canada 2021 census subdivision boundaries (spatial lookup)","url":"https://geo.statcan.gc.ca/geo_wa/rest/services/2021/Cartographic_boundary_files/MapServer/9"},"community_display":"Calgary","is_unorganized":false,"panel_title":"Calgary","display_label":"Calgary","map_label":"48062742"},"geometry":{"type":"MultiPolygon","coordinates":[[[[-114.13818954862109,51.02335501097461],[-114.13804553083173,51.02314460934484],[-114.13806583751824,51.02235349603003],[-114.13806472607186,51.02144499538322],[-114.13807644511164,51.02009609174704],[-114.13827704738192,51.019849283841374],[-114.137760851558,51.01966558846458],[-114.13705063578885,51.019387375339825],[-114.13673752508181,51.019145773337655],[-114.13664724970646,51.01899067381073],[-114.13655702763472,51.018835589714755],[-114.13630363118888,51.01855048785387],[-114.13577862485238,51.01827676911731],[-114.1346644476307,51.017844666673376],[-114.13490335178444,51.01761287291359],[-114.13513465731388,51.01738847452756],[-114.13547777573591,51.01704464807887],[-114.13587941818463,51.01664216895292],[-114.13672713471435,51.01584445917405],[-114.13730852362767,51.01520206397052],[-114.13758252029669,51.0149209710667],[-114.13753445534242,51.01477587371768],[-114.13762712509038,51.014661182835546],[-114.13794604615356,51.01434517080433],[-114.1381316366471,51.01434075720428],[-114.13842093085509,51.01404206159832],[-114.13860733637111,51.01379477595571],[-114.13874004890057,51.01349215817644],[-114.13887444176723,51.013162656431156],[-114.138868736078,51.012559867209475],[-114.14122563403072,51.01249166446916],[-114.14120023768585,51.014757768352055],[-114.14119694634344,51.014811658405264],[-114.14121303050763,51.01640405737324],[-114.14121172429826,51.01665586096941],[-114.14121555622162,51.017753378621826],[-114.14119993001144,51.01916517245442],[-114.14117315265642,51.02006399481798],[-114.14106993748378,51.02150969316491],[-114.1410710404712,51.022418212267006],[-114.14107702623944,51.02255320606873],[-114.1408014430388,51.02262740339029],[-114.14020935563812,51.02274789856473],[-114.13818954862109,51.02335501097461]]]]}},{"type":"Feature","properties":{"DGUID":"2021S051248062749","DAUID":"48062749","LANDAREA":0.3011,"PRUID":"48","fed_num":"48013","da_code":"48062749","geo_name":"48062749","name_source":{"label":"Statistics Canada Census Profile 2021 DA WDS","url":"https://www12.statcan.gc.ca/wds-sdw/2021profile-profil2021-eng.cfm"},"population":616,"status":"ok","source":{"label":"Statistics Canada Census Profile 2021 DA WDS","url":"https://www12.statcan.gc.ca/wds-sdw/2021profile-profil2021-eng.cfm"},"community_name":"Calgary","community_source":{"label":"Statistics Canada 2021 census subdivision boundaries (spatial lookup)","url":"https://geo.statcan.gc.ca/geo_wa/rest/services/2021/Cartographic_boundary_files/MapServer/9"},"community_display":"Calgary","is_unorganized":false,"panel_title":"Calgary","display_label":"Calgary","map_label":"48062749"},"geometry":{"type":"MultiPolygon","coordinates":[[[[-114.11773633715289,51.026593796397115],[-114.11777943043579,51.02506987150784],[-114.11797722200653,51.02508445726204],[-114.11824739784278,51.02510436568787],[-114.11861153426558,51.0251311865001],[-114.11942161505762,51.0251782012717],[-114.12083422810639,51.02516799951881],[-114.12230383133728,51.02515928713799],[-114.12374491216097,51.025149791470184],[-114.12521342200715,51.025158997373836],[-114.1266682466164,51.02515879910147],[-114.12798004899983,51.02516409847682],[-114.12956505670023,51.02536500162376],[-114.12957302660355,51.02569800450745],[-114.12957172368098,51.02594979788665],[-114.1280600273312,51.02640741286833],[-114.126650352446,51.02683140728416],[-114.12519334360351,51.02732631207797],[-114.12373692917382,51.02781209937583],[-114.12236193268346,51.0282648834302],[-114.12229534763205,51.0282892946525],[-114.12226771745776,51.02850450307689],[-114.12228483537349,51.0300700164268],[-114.12228932425076,51.03160820264203],[-114.12083373010553,51.03161730153743],[-114.12082984177994,51.03007009360161],[-114.11851362147246,51.03015691487664],[-114.11816845470973,51.03019126740228],[-114.11796451995734,51.03021155218514],[-114.11794534590352,51.03012639874513],[-114.11794504542145,51.03012489801473],[-114.11784271895722,51.02973862374983],[-114.11781793652813,51.029644983620834],[-114.11773883093626,51.02885148608519],[-114.11773633715289,51.026593796397115]]]]}},{"type":"Feature","properties":{"DGUID":"2021S051248062771","DAUID":"48062771","LANDAREA":0.3409,"PRUID":"48","fed_num":"48013","da_code":"48062771","geo_name":"48062771","name_source":{"label":"Statistics Canada Census Profile 2021 DA WDS","url":"https://www12.statcan.gc.ca/wds-sdw/2021profile-profil2021-eng.cfm"},"population":428,"status":"ok","source":{"label":"Statistics Canada Census Profile 2021 DA WDS","url":"https://www12.statcan.gc.ca/wds-sdw/2021profile-profil2021-eng.cfm"},"community_name":"Calgary","community_source":{"label":"Statistics Canada 2021 census subdivision boundaries (spatial lookup)","url":"https://geo.statcan.gc.ca/geo_wa/rest/services/2021/Cartographic_boundary_files/MapServer/9"},"community_display":"Calgary","is_unorganized":false,"panel_title":"Calgary","display_label":"Calgary","map_label":"48062771"},"geometry":{"type":"MultiPolygon","coordinates":[[[[-114.11253321682902,51.043060734647646],[-114.11248230817613,51.04296051101068],[-114.11241890601717,51.042833029579576],[-114.11229932643562,51.04257582743437],[-114.11220640201766,51.04235102739379],[-114.1121237221756,51.04184520715168],[-114.1121804209652,51.04116302239428],[-114.11240257076189,51.040557283743006],[-114.11338271621113,51.03788412356602],[-114.11368290663079,51.03788110502518],[-114.11392562451005,51.03787811054532],[-114.11457101439693,51.03782211324671],[-114.11531292563306,51.0378224060172],[-114.11790991167761,51.037814615805814],[-114.11790941411004,51.03874102643518],[-114.1179112161955,51.03963162929348],[-114.11791761278235,51.03975773363484],[-114.11792872535791,51.04118812120528],[-114.11792203709447,51.04129591801896],[-114.11805721562078,51.04141611669808],[-114.11824073284686,51.0414477203167],[-114.11853388959118,51.04142320285171],[-114.11872038287913,51.04151807490029],[-114.11893825543468,51.04162889246492],[-114.11870032294145,51.04162993952321],[-114.11824803407009,51.04178963293705],[-114.11806590752765,51.04196502078205],[-114.11787211331787,51.04232914049792],[-114.1178741379749,51.04252703534003],[-114.11787612409495,51.042724939177056],[-114.11786753157229,51.04355222590781],[-114.11786360332437,51.04407382112566],[-114.1179749602692,51.045446357414534],[-114.11789098398248,51.04584096744704],[-114.11779724123465,51.046480144761674],[-114.11779287250363,51.046520535623245],[-114.11778554052526,51.04658826936675],[-114.11774986427776,51.046810564029855],[-114.11771419491639,51.04703302241887],[-114.11769472639219,51.047120403468014],[-114.1177298125599,51.047126216240656],[-114.11761641137387,51.047685689482094],[-114.11755456270109,51.04812217214914],[-114.11748240435891,51.04807299359084],[-114.11717022575917,51.047896897453434],[-114.11698620173097,51.04782860385505],[-114.11626098715858,51.04763839118287],[-114.11555315876333,51.04755536686778],[-114.11539221262572,51.04756582480656],[-114.1153861356599,51.04755532381948],[-114.11484709094701,51.046623380801236],[-114.11451601774536,51.046051025879294],[-114.11418249793104,51.0454491320262],[-114.11409220894642,51.04529392667445],[-114.11397822768497,51.045120125071655],[-114.11389591318681,51.04499968974348],[-114.11376572364598,51.04480912413042],[-114.11286199526572,51.04350953104907],[-114.11269331797178,51.043279233253074],[-114.11253321682902,51.043060734647646]]]]}},{"type":"Feature","properties":{"DGUID":"2021S051248062772","DAUID":"48062772","LANDAREA":0.2811,"PRUID":"48","fed_num":"48013","da_code":"48062772","geo_name":"48062772","name_source":{"label":"Statistics Canada Census Profile 2021 DA WDS","url":"https://www12.statcan.gc.ca/wds-sdw/2021profile-profil2021-eng.cfm"},"population":924,"status":"ok","source":{"label":"Statistics Canada Census Profile 2021 DA WDS","url":"https://www12.statcan.gc.ca/wds-sdw/2021profile-profil2021-eng.cfm"},"community_name":"Calgary","community_source":{"label":"Statistics Canada 2021 census subdivision boundaries (spatial lookup)","url":"https://geo.statcan.gc.ca/geo_wa/rest/services/2021/Cartographic_boundary_files/MapServer/9"},"community_display":"Calgary","is_unorganized":false,"panel_title":"Calgary","display_label":"Calgary","map_label":"48062772"},"geometry":{"type":"MultiPolygon","coordinates":[[[[-114.11790941411004,51.03874102643518],[-114.11790991167761,51.037814615805814],[-114.11939364556704,51.03781522169611],[-114.12082031136745,51.03781441962172],[-114.12230402080733,51.03781501588376],[-114.12375921727669,51.037814934539504],[-114.12522864212423,51.037815111246545],[-114.1266553463829,51.03781421756533],[-114.12666763726762,51.038768029471775],[-114.12667064072176,51.03964052445764],[-114.12796923174758,51.03963652318319],[-114.12798855062842,51.04140003718697],[-114.12955784215261,51.04140262301062],[-114.12956702752066,51.04148383041995],[-114.12955873329783,51.04161852994734],[-114.12365251147592,51.04160813084376],[-114.11893825543468,51.04162889246492],[-114.11872038287913,51.04151807490029],[-114.11853388959118,51.04142320285171],[-114.11824073284686,51.0414477203167],[-114.11805721562078,51.04141611669808],[-114.11792203709447,51.04129591801896],[-114.11792872535791,51.04118812120528],[-114.11791761278235,51.03975773363484],[-114.1179112161955,51.03963162929348],[-114.11790941411004,51.03874102643518]]]]}},{"type":"Feature","properties":{"DGUID":"2021S051248062791","DAUID":"48062791","LANDAREA":0.3116,"PRUID":"48","fed_num":"48013","da_code":"48062791","geo_name":"48062791","name_source":{"label":"Statistics Canada Census Profile 2021 DA WDS","url":"https://www12.statcan.gc.ca/wds-sdw/2021profile-profil2021-eng.cfm"},"population":659,"status":"ok","source":{"label":"Statistics Canada Census Profile 2021 DA WDS","url":"https://www12.statcan.gc.ca/wds-sdw/2021profile-profil2021-eng.cfm"},"community_name":"Calgary","community_source":{"label":"Statistics Canada 2021 census subdivision boundaries (spatial lookup)","url":"https://geo.statcan.gc.ca/geo_wa/rest/services/2021/Cartographic_boundary_files/MapServer/9"},"community_display":"Calgary","is_unorganized":false,"panel_title":"Calgary","display_label":"Calgary","map_label":"48062791"},"geometry":{"type":"MultiPolygon","coordinates":[[[[-114.16496806298649,51.05211802699676],[-114.16438533822249,51.052138656415536],[-114.1641628362439,51.05227727214978],[-114.16416663295885,51.05198047569468],[-114.16420691040004,51.046318213060104],[-114.16421637190282,51.044990543221765],[-114.16423055152015,51.042996241720765],[-114.16417925325052,51.040566446113054],[-114.164435142143,51.04058164743459],[-114.16528413294844,51.04037553862221],[-114.16531495877277,51.04036991969138],[-114.16534143914059,51.04036637699811],[-114.16550496190865,51.040393502678135],[-114.16608125594391,51.040555616452814],[-114.16711426552189,51.041064498704145],[-114.1673395349196,51.04112460741359],[-114.1679215739004,51.041389917041045],[-114.16842224777854,51.04164271594957],[-114.16865177679449,51.04171151115149],[-114.16918026081909,51.04180711251695],[-114.17000715760408,51.04180632443166],[-114.17046314827223,51.04175481948654],[-114.17100335383573,51.04163003075188],[-114.17167765054182,51.0414414756432],[-114.17173925764696,51.04154328541599],[-114.17173208040143,51.04164916556609],[-114.17193037111801,51.0421396624489],[-114.16975775102901,51.04243776838372],[-114.16943776041597,51.04253794457345],[-114.16889203640895,51.04283056439696],[-114.16798516285085,51.042493743995095],[-114.16747665429277,51.04240945338663],[-114.16700544399343,51.042416045488174],[-114.16720216330398,51.04176414609512],[-114.16718074130556,51.04164676220477],[-114.16693532460509,51.04146084763353],[-114.16654353193252,51.041802156875185],[-114.16634955136159,51.04240914838769],[-114.16593635830482,51.042399054625115],[-114.16582836748059,51.0432329585135],[-114.16572532312817,51.04398604812242],[-114.16562113397498,51.04475706215515],[-114.16863174354975,51.04475815204831],[-114.168627002194,51.045463799732836],[-114.16862292540992,51.04607115979559],[-114.16861914916542,51.04683557431684],[-114.16845693983839,51.04715547726831],[-114.16808813091562,51.0478211640041],[-114.1677916375373,51.0484705630343],[-114.1677455642096,51.04875727170886],[-114.16787164217622,51.04903016564626],[-114.16722052930675,51.04917626653871],[-114.1667607371807,51.049228063123536],[-114.1657628342587,51.04921285839136],[-114.16586082283558,51.049943865534395],[-114.16663853647927,51.050061679839516],[-114.16702812810765,51.05022396612569],[-114.16742713454737,51.05046756102075],[-114.1680447563252,51.0506354688566],[-114.16771643077423,51.05133807903286],[-114.16772255250733,51.05147315621705],[-114.16754822902988,51.05222446239939],[-114.1673023947363,51.052601520858964],[-114.16496806298649,51.05211802699676]]]]}},{"type":"Feature","properties":{"DGUID":"2021S051248062792","DAUID":"48062792","LANDAREA":0.133,"PRUID":"48","fed_num":"48013","da_code":"48062792","geo_name":"48062792","name_source":{"label":"Statistics Canada Census Profile 2021 DA WDS","url":"https://www12.statcan.gc.ca/wds-sdw/2021profile-profil2021-eng.cfm"},"population":476,"status":"ok","source":{"label":"Statistics Canada Census Profile 2021 DA WDS","url":"https://www12.statcan.gc.ca/wds-sdw/2021profile-profil2021-eng.cfm"},"community_name":"Calgary","community_source":{"label":"Statistics Canada 2021 census subdivision boundaries (spatial lookup)","url":"https://geo.statcan.gc.ca/geo_wa/rest/services/2021/Cartographic_boundary_files/MapServer/9"},"community_display":"Calgary","is_unorganized":false,"panel_title":"Calgary","display_label":"Calgary","map_label":"48062792"},"geometry":{"type":"MultiPolygon","coordinates":[[[[-114.16531495877277,51.04036991969138],[-114.16528413294844,51.04037553862221],[-114.164435142143,51.04058164743459],[-114.16417925325052,51.040566446113054],[-114.16416992999388,51.0400175489667],[-114.16444125287714,51.040015141152764],[-114.16498365318641,51.040010352351466],[-114.16545766213643,51.03995884507668],[-114.16614085400934,51.03975056148845],[-114.16700606593223,51.039132954269185],[-114.1683555620153,51.03852703742829],[-114.16945355663272,51.03806793988483],[-114.17009734850045,51.03780476045692],[-114.1703022669536,51.037719760615985],[-114.17054555721023,51.03794155563979],[-114.17141947721097,51.038817158699025],[-114.17160257166564,51.03909146308728],[-114.17167158095455,51.039596862325865],[-114.17168917596788,51.03977714648261],[-114.17168204589635,51.03989395282904],[-114.17167716778667,51.04020866039474],[-114.17168707252219,51.04098245464427],[-114.17163666520045,51.04110714759915],[-114.17166074936542,51.04141355190575],[-114.17167765054182,51.0414414756432],[-114.17100335383573,51.04163003075188],[-114.17046314827223,51.04175481948654],[-114.17000715760408,51.04180632443166],[-114.16918026081909,51.04180711251695],[-114.16865177679449,51.04171151115149],[-114.16842224777854,51.04164271594957],[-114.1679215739004,51.041389917041045],[-114.1673395349196,51.04112460741359],[-114.16711426552189,51.041064498704145],[-114.16608125594391,51.040555616452814],[-114.16550496190865,51.040393502678135],[-114.16534143914059,51.04036637699811],[-114.16531495877277,51.04036991969138]]]]}}]}