{"type":"FeatureCollection","features":[{"type":"Feature","properties":{"DGUID":"2021S051248060056","DAUID":"48060056","LANDAREA":0.1221,"PRUID":"48","fed_num":"48011","da_code":"48060056","geo_name":"48060056","name_source":{"label":"Statistics Canada Census Profile 2021 DA WDS","url":"https://www12.statcan.gc.ca/wds-sdw/2021profile-profil2021-eng.cfm"},"population":465,"status":"ok","source":{"label":"Statistics Canada Census Profile 2021 DA WDS","url":"https://www12.statcan.gc.ca/wds-sdw/2021profile-profil2021-eng.cfm"},"community_name":"Calgary","community_source":{"label":"Statistics Canada 2021 census subdivision boundaries (spatial lookup)","url":"https://geo.statcan.gc.ca/geo_wa/rest/services/2021/Cartographic_boundary_files/MapServer/9"},"community_display":"Calgary","is_unorganized":false,"panel_title":"Calgary","display_label":"Calgary","map_label":"48060056"},"geometry":{"type":"MultiPolygon","coordinates":[[[[-114.09954761262784,51.13958578664866],[-114.09860731656855,51.1390767803616],[-114.098147835246,51.13933519622165],[-114.09784130087347,51.13943548294401],[-114.0974667018534,51.13948019137727],[-114.09639893330285,51.139408682765946],[-114.09529722063748,51.13919238816486],[-114.09469521522908,51.13898859812275],[-114.09463343124334,51.13883409048477],[-114.09482994441461,51.138209386773475],[-114.09496053305914,51.13795179621133],[-114.09502763718413,51.13756669921019],[-114.09513213268883,51.136813703372],[-114.09509794081964,51.136219196023305],[-114.09526404947384,51.136079406452914],[-114.09577844769294,51.13608319408021],[-114.09679891175874,51.13622550579363],[-114.09724702978427,51.136146690751815],[-114.09757012370926,51.136010786924565],[-114.09822672110434,51.13671070002659],[-114.09847561124086,51.136617896859015],[-114.09899570753716,51.136531879579685],[-114.09971002721429,51.1365406829937],[-114.09982549085801,51.13743397499778],[-114.09996851683711,51.137662385731005],[-114.10041423731359,51.138078185897584],[-114.1008987176391,51.138333086908624],[-114.10066762440255,51.13859718496664],[-114.10014543648413,51.13905811823223],[-114.09954761262784,51.13958578664866]]]]}},{"type":"Feature","properties":{"DGUID":"2021S051248060057","DAUID":"48060057","LANDAREA":0.0866,"PRUID":"48","fed_num":"48011","da_code":"48060057","geo_name":"48060057","name_source":{"label":"Statistics Canada Census Profile 2021 DA WDS","url":"https://www12.statcan.gc.ca/wds-sdw/2021profile-profil2021-eng.cfm"},"population":377,"status":"ok","source":{"label":"Statistics Canada Census Profile 2021 DA WDS","url":"https://www12.statcan.gc.ca/wds-sdw/2021profile-profil2021-eng.cfm"},"community_name":"Calgary","community_source":{"label":"Statistics Canada 2021 census subdivision boundaries (spatial lookup)","url":"https://geo.statcan.gc.ca/geo_wa/rest/services/2021/Cartographic_boundary_files/MapServer/9"},"community_display":"Calgary","is_unorganized":false,"panel_title":"Calgary","display_label":"Calgary","map_label":"48060057"},"geometry":{"type":"MultiPolygon","coordinates":[[[[-114.09217223324656,51.140230119809],[-114.0921246566889,51.13985109732935],[-114.09266075214731,51.139738510101296],[-114.09341474143913,51.139343498205115],[-114.09274405537597,51.13886809960156],[-114.0926074372454,51.13876581482532],[-114.09177906492756,51.13807051524817],[-114.09225565403553,51.1377676095424],[-114.09304284839304,51.13752629835047],[-114.09340421655259,51.13746339806266],[-114.09404882422155,51.13744340762107],[-114.09502763718413,51.13756669921019],[-114.09496053305914,51.13795179621133],[-114.09482994441461,51.138209386773475],[-114.09463343124334,51.13883409048477],[-114.09469521522908,51.13898859812275],[-114.09529722063748,51.13919238816486],[-114.09501774494174,51.13954529692019],[-114.09484903358215,51.139954791821005],[-114.09467863682536,51.14039139362184],[-114.09461411347529,51.14119029752895],[-114.0946096219414,51.14217069703003],[-114.09433843402134,51.14216399592487],[-114.09261993478292,51.1417523091485],[-114.09188606738044,51.14159910613061],[-114.09145306579961,51.1414355014307],[-114.09183485322262,51.141049214905784],[-114.0921057421358,51.140606200329216],[-114.09217223324656,51.140230119809]]]]}},{"type":"Feature","properties":{"DGUID":"2021S051248060058","DAUID":"48060058","LANDAREA":0.1557,"PRUID":"48","fed_num":"48011","da_code":"48060058","geo_name":"48060058","name_source":{"label":"Statistics Canada Census Profile 2021 DA WDS","url":"https://www12.statcan.gc.ca/wds-sdw/2021profile-profil2021-eng.cfm"},"population":467,"status":"ok","source":{"label":"Statistics Canada Census Profile 2021 DA WDS","url":"https://www12.statcan.gc.ca/wds-sdw/2021profile-profil2021-eng.cfm"},"community_name":"Calgary","community_source":{"label":"Statistics Canada 2021 census subdivision boundaries (spatial lookup)","url":"https://geo.statcan.gc.ca/geo_wa/rest/services/2021/Cartographic_boundary_files/MapServer/9"},"community_display":"Calgary","is_unorganized":false,"panel_title":"Calgary","display_label":"Calgary","map_label":"48060058"},"geometry":{"type":"MultiPolygon","coordinates":[[[[-114.09899570753716,51.136531879579685],[-114.09847561124086,51.136617896859015],[-114.09822672110434,51.13671070002659],[-114.09757012370926,51.136010786924565],[-114.09724702978427,51.136146690751815],[-114.09679891175874,51.13622550579363],[-114.09577844769294,51.13608319408021],[-114.09526404947384,51.136079406452914],[-114.09509794081964,51.136219196023305],[-114.09513213268883,51.136813703372],[-114.09502763718413,51.13756669921019],[-114.09404882422155,51.13744340762107],[-114.09340421655259,51.13746339806266],[-114.09304284839304,51.13752629835047],[-114.09225565403553,51.1377676095424],[-114.09177906492756,51.13807051524817],[-114.09152706099266,51.13775841163505],[-114.09107322247975,51.137243414457075],[-114.09088044520718,51.13667202039281],[-114.09056324741006,51.1353507970901],[-114.09076532373675,51.135319901144314],[-114.09137223044064,51.13521810252045],[-114.09198995157236,51.13517051002922],[-114.0932917382135,51.135157891094316],[-114.09526554707922,51.135144003304134],[-114.09544083753114,51.13508538242365],[-114.09543912168031,51.13442880551109],[-114.09586794108553,51.13443039307449],[-114.09640172537569,51.13435369730287],[-114.09781443698319,51.1339390879508],[-114.09831680870703,51.133906579670075],[-114.09922422315132,51.13402808747469],[-114.09961012455267,51.134028592003624],[-114.09960583756562,51.134325382136666],[-114.09974563972716,51.13483248419479],[-114.0997259037782,51.135146895230584],[-114.09971669175343,51.13574927458999],[-114.09970943275142,51.135865979087725],[-114.09971002721429,51.1365406829937],[-114.09899570753716,51.136531879579685]]]]}},{"type":"Feature","properties":{"DGUID":"2021S051248060059","DAUID":"48060059","LANDAREA":0.0888,"PRUID":"48","fed_num":"48011","da_code":"48060059","geo_name":"48060059","name_source":{"label":"Statistics Canada Census Profile 2021 DA WDS","url":"https://www12.statcan.gc.ca/wds-sdw/2021profile-profil2021-eng.cfm"},"population":351,"status":"ok","source":{"label":"Statistics Canada Census Profile 2021 DA WDS","url":"https://www12.statcan.gc.ca/wds-sdw/2021profile-profil2021-eng.cfm"},"community_name":"Calgary","community_source":{"label":"Statistics Canada 2021 census subdivision boundaries (spatial lookup)","url":"https://geo.statcan.gc.ca/geo_wa/rest/services/2021/Cartographic_boundary_files/MapServer/9"},"community_display":"Calgary","is_unorganized":false,"panel_title":"Calgary","display_label":"Calgary","map_label":"48060059"},"geometry":{"type":"MultiPolygon","coordinates":[[[[-114.08937607157323,51.14035832068501],[-114.08839075437577,51.139884102357236],[-114.08853565401694,51.139626803234854],[-114.0885708369905,51.139294903803965],[-114.08843183778012,51.13900361381613],[-114.08841513116172,51.13881431515268],[-114.08861244868056,51.138405507487626],[-114.08903676258984,51.1375705097373],[-114.08915944110574,51.137438707104444],[-114.08950022517254,51.137249310208475],[-114.09016854632029,51.13685211648356],[-114.09046143402949,51.13674250439393],[-114.09088044520718,51.13667202039281],[-114.09107322247975,51.137243414457075],[-114.09152706099266,51.13775841163505],[-114.09177906492756,51.13807051524817],[-114.0926074372454,51.13876581482532],[-114.09274405537597,51.13886809960156],[-114.09341474143913,51.139343498205115],[-114.09266075214731,51.139738510101296],[-114.0921246566889,51.13985109732935],[-114.091638127025,51.139857006984585],[-114.09122755554593,51.139792804893865],[-114.09074835845426,51.140590404644136],[-114.09041225999388,51.14093279839019],[-114.08937607157323,51.14035832068501]]]]}},{"type":"Feature","properties":{"DGUID":"2021S051248060060","DAUID":"48060060","LANDAREA":0.2522,"PRUID":"48","fed_num":"48011","da_code":"48060060","geo_name":"48060060","name_source":{"label":"Statistics Canada Census Profile 2021 DA WDS","url":"https://www12.statcan.gc.ca/wds-sdw/2021profile-profil2021-eng.cfm"},"population":612,"status":"ok","source":{"label":"Statistics Canada Census Profile 2021 DA WDS","url":"https://www12.statcan.gc.ca/wds-sdw/2021profile-profil2021-eng.cfm"},"community_name":"Calgary","community_source":{"label":"Statistics Canada 2021 census subdivision boundaries (spatial lookup)","url":"https://geo.statcan.gc.ca/geo_wa/rest/services/2021/Cartographic_boundary_files/MapServer/9"},"community_display":"Calgary","is_unorganized":false,"panel_title":"Calgary","display_label":"Calgary","map_label":"48060060"},"geometry":{"type":"MultiPolygon","coordinates":[[[[-114.0889783425016,51.14127102655677],[-114.08813563673515,51.14088521049533],[-114.08684085078178,51.14037956456988],[-114.0842482646053,51.139367009493604],[-114.08156635786555,51.13836460925547],[-114.08163209091552,51.13827432282093],[-114.08166894778353,51.1382237065822],[-114.08170725756494,51.13817030590165],[-114.08206676758878,51.13768450726685],[-114.08263284419692,51.13709600912855],[-114.08430765405143,51.13615741722975],[-114.08470665378826,51.13595150412191],[-114.0849116618125,51.136100510953064],[-114.08510305422425,51.136240214896596],[-114.08552115361152,51.13641250299172],[-114.08590944552546,51.136602116199235],[-114.08519735882209,51.13746581793924],[-114.08475905871992,51.13784171419311],[-114.0856672430673,51.13840402742481],[-114.08649543949372,51.138874430253004],[-114.08692986915734,51.13856141742613],[-114.08707345623603,51.1380973041427],[-114.08765155726196,51.1375450114392],[-114.08780655195999,51.137126101562394],[-114.08676602235269,51.13684830695168],[-114.08733445161296,51.13622391281143],[-114.08781022646168,51.1357050121575],[-114.08806313173746,51.135549423707594],[-114.08841532832105,51.13540531605756],[-114.08874875549526,51.135332611110776],[-114.08936533251534,51.13530301143375],[-114.09001742093375,51.135391209445224],[-114.09056324741006,51.1353507970901],[-114.09088044520718,51.13667202039281],[-114.09046143402949,51.13674250439393],[-114.09016854632029,51.13685211648356],[-114.08950022517254,51.137249310208475],[-114.08915944110574,51.137438707104444],[-114.08903676258984,51.1375705097373],[-114.08861244868056,51.138405507487626],[-114.08841513116172,51.13881431515268],[-114.08843183778012,51.13900361381613],[-114.0885708369905,51.139294903803965],[-114.08853565401694,51.139626803234854],[-114.08839075437577,51.139884102357236],[-114.08937607157323,51.14035832068501],[-114.09041225999388,51.14093279839019],[-114.09074835845426,51.140590404644136],[-114.09122755554593,51.139792804893865],[-114.091638127025,51.139857006984585],[-114.0921246566889,51.13985109732935],[-114.09217223324656,51.140230119809],[-114.0921057421358,51.140606200329216],[-114.09183485322262,51.141049214905784],[-114.09145306579961,51.1414355014307],[-114.09188606738044,51.14159910613061],[-114.09261993478292,51.1417523091485],[-114.0932069427598,51.14246359077227],[-114.09371366428925,51.14268403725235],[-114.09513485045434,51.143181562570284],[-114.09545354041006,51.143306903184026],[-114.09268344801261,51.14391048694178],[-114.09247536552407,51.14395581274524],[-114.09234972707318,51.143836295478884],[-114.09210752755065,51.14360589643447],[-114.09151415731462,51.14303429564683],[-114.091022427168,51.142624157080206],[-114.09089745563931,51.14251991364273],[-114.0904506533174,51.14218490134509],[-114.0896789591688,51.141697503601506],[-114.0889783425016,51.14127102655677]]]]}},{"type":"Feature","properties":{"DGUID":"2021S051248060061","DAUID":"48060061","LANDAREA":0.1082,"PRUID":"48","fed_num":"48011","da_code":"48060061","geo_name":"48060061","name_source":{"label":"Statistics Canada Census Profile 2021 DA WDS","url":"https://www12.statcan.gc.ca/wds-sdw/2021profile-profil2021-eng.cfm"},"population":443,"status":"ok","source":{"label":"Statistics Canada Census Profile 2021 DA WDS","url":"https://www12.statcan.gc.ca/wds-sdw/2021profile-profil2021-eng.cfm"},"community_name":"Calgary","community_source":{"label":"Statistics Canada 2021 census subdivision boundaries (spatial lookup)","url":"https://geo.statcan.gc.ca/geo_wa/rest/services/2021/Cartographic_boundary_files/MapServer/9"},"community_display":"Calgary","is_unorganized":false,"panel_title":"Calgary","display_label":"Calgary","map_label":"48060061"},"geometry":{"type":"MultiPolygon","coordinates":[[[[-114.08330403933225,51.13325401381289],[-114.08331273876396,51.13243569516771],[-114.08462814861329,51.13243250226686],[-114.08499984005142,51.132432818991596],[-114.08562093085006,51.13233140699896],[-114.08570883515844,51.13229759781533],[-114.08608905175625,51.132163214926024],[-114.08670713060421,51.13188170390819],[-114.08853552882175,51.133267522751424],[-114.08891822148938,51.13354690760166],[-114.08905424516864,51.133658196185344],[-114.08865472615679,51.13387320633457],[-114.08725634379584,51.134615504980516],[-114.08642135562931,51.13505880919001],[-114.08483965509724,51.135882819669895],[-114.08470665378826,51.13595150412191],[-114.08454264194926,51.13583042679768],[-114.08421483574635,51.135588415128744],[-114.08404282876964,51.135368216037264],[-114.08378744571176,51.13511002174392],[-114.08344524433247,51.134642711120755],[-114.08331353246881,51.13400982525578],[-114.08330403933225,51.13325401381289]]]]}},{"type":"Feature","properties":{"DGUID":"2021S051248060062","DAUID":"48060062","LANDAREA":0.2534,"PRUID":"48","fed_num":"48011","da_code":"48060062","geo_name":"48060062","name_source":{"label":"Statistics Canada Census Profile 2021 DA WDS","url":"https://www12.statcan.gc.ca/wds-sdw/2021profile-profil2021-eng.cfm"},"population":602,"status":"ok","source":{"label":"Statistics Canada Census Profile 2021 DA WDS","url":"https://www12.statcan.gc.ca/wds-sdw/2021profile-profil2021-eng.cfm"},"community_name":"Calgary","community_source":{"label":"Statistics Canada 2021 census subdivision boundaries (spatial lookup)","url":"https://geo.statcan.gc.ca/geo_wa/rest/services/2021/Cartographic_boundary_files/MapServer/9"},"community_display":"Calgary","is_unorganized":false,"panel_title":"Calgary","display_label":"Calgary","map_label":"48060062"},"geometry":{"type":"MultiPolygon","coordinates":[[[[-114.08331273876396,51.13243569516771],[-114.08048095663897,51.13245491964237],[-114.07875054905611,51.13246571833129],[-114.07874783670677,51.13160210905914],[-114.07874446674748,51.13029780813694],[-114.07879404401143,51.13019111844233],[-114.07895834715502,51.129853406212504],[-114.07965855346808,51.12917830284667],[-114.07991476598424,51.12896878970048],[-114.08015614583046,51.12876799036979],[-114.08363586159118,51.13025801062115],[-114.08374314435868,51.130143792838645],[-114.08397313474156,51.129897691013134],[-114.08430113006106,51.12945608968174],[-114.08481905317338,51.12872250049276],[-114.08533473937143,51.12802470380467],[-114.0855071713535,51.12801110090282],[-114.08796402519927,51.12871989401659],[-114.08835866522026,51.1288107055487],[-114.08857553879795,51.128771099131676],[-114.08857826870975,51.12940980551186],[-114.08866244003596,51.12988870028946],[-114.08881055189048,51.13026110155074],[-114.08954413951008,51.130189510356665],[-114.09019764681081,51.13002581271198],[-114.09072114486929,51.13079440495237],[-114.08954632791108,51.131062018917575],[-114.08897036045597,51.13112860198463],[-114.0884234537103,51.13118700488546],[-114.0876990440632,51.13133980522659],[-114.08755073850118,51.13142610823774],[-114.08713631490131,51.13164959895529],[-114.08686982788362,51.131795905445],[-114.08670713060421,51.13188170390819],[-114.08608905175625,51.132163214926024],[-114.08570883515844,51.13229759781533],[-114.08562093085006,51.13233140699896],[-114.08499984005142,51.132432818991596],[-114.08462814861329,51.13243250226686],[-114.08331273876396,51.13243569516771]]]]}},{"type":"Feature","properties":{"DGUID":"2021S051248060063","DAUID":"48060063","LANDAREA":0.1232,"PRUID":"48","fed_num":"48011","da_code":"48060063","geo_name":"48060063","name_source":{"label":"Statistics Canada Census Profile 2021 DA WDS","url":"https://www12.statcan.gc.ca/wds-sdw/2021profile-profil2021-eng.cfm"},"population":736,"status":"ok","source":{"label":"Statistics Canada Census Profile 2021 DA WDS","url":"https://www12.statcan.gc.ca/wds-sdw/2021profile-profil2021-eng.cfm"},"community_name":"Calgary","community_source":{"label":"Statistics Canada 2021 census subdivision boundaries (spatial lookup)","url":"https://geo.statcan.gc.ca/geo_wa/rest/services/2021/Cartographic_boundary_files/MapServer/9"},"community_display":"Calgary","is_unorganized":false,"panel_title":"Calgary","display_label":"Calgary","map_label":"48060063"},"geometry":{"type":"MultiPolygon","coordinates":[[[[-114.08363586159118,51.13025801062115],[-114.08015614583046,51.12876799036979],[-114.08025025691146,51.128635394325464],[-114.08052246375094,51.12839929673848],[-114.08075075479312,51.12818020261879],[-114.08142104320046,51.127297391723225],[-114.08158193212378,51.12701358664301],[-114.08153253465775,51.12643669950065],[-114.0828340685103,51.12642418812634],[-114.08336044633235,51.1264643803347],[-114.08462615707887,51.12679279551145],[-114.0859330473925,51.12714919447522],[-114.08876746341384,51.12799339997374],[-114.08858382945839,51.128411602839705],[-114.08857553879795,51.128771099131676],[-114.08835866522026,51.1288107055487],[-114.08796402519927,51.12871989401659],[-114.0855071713535,51.12801110090282],[-114.08533473937143,51.12802470380467],[-114.08481905317338,51.12872250049276],[-114.08430113006106,51.12945608968174],[-114.08397313474156,51.129897691013134],[-114.08374314435868,51.130143792838645],[-114.08363586159118,51.13025801062115]]]]}},{"type":"Feature","properties":{"DGUID":"2021S051248060064","DAUID":"48060064","LANDAREA":0.094,"PRUID":"48","fed_num":"48011","da_code":"48060064","geo_name":"48060064","name_source":{"label":"Statistics Canada Census Profile 2021 DA WDS","url":"https://www12.statcan.gc.ca/wds-sdw/2021profile-profil2021-eng.cfm"},"population":450,"status":"ok","source":{"label":"Statistics Canada Census Profile 2021 DA WDS","url":"https://www12.statcan.gc.ca/wds-sdw/2021profile-profil2021-eng.cfm"},"community_name":"Calgary","community_source":{"label":"Statistics Canada 2021 census subdivision boundaries (spatial lookup)","url":"https://geo.statcan.gc.ca/geo_wa/rest/services/2021/Cartographic_boundary_files/MapServer/9"},"community_display":"Calgary","is_unorganized":false,"panel_title":"Calgary","display_label":"Calgary","map_label":"48060064"},"geometry":{"type":"MultiPolygon","coordinates":[[[[-114.07501153885939,51.12942179666606],[-114.07661006375757,51.127878804802144],[-114.07687024132338,51.12760639260787],[-114.07705345817446,51.12742209658777],[-114.07717554322574,51.12729918162339],[-114.07737476317676,51.12708838426357],[-114.07773196806725,51.12686339512027],[-114.07807445525009,51.1266470922866],[-114.07895744194126,51.12647129173275],[-114.08024645511728,51.12643157747846],[-114.08153253465775,51.12643669950065],[-114.08158193212378,51.12701358664301],[-114.08142104320046,51.127297391723225],[-114.08075075479312,51.12818020261879],[-114.08052246375094,51.12839929673848],[-114.08025025691146,51.128635394325464],[-114.08015614583046,51.12876799036979],[-114.07991476598424,51.12896878970048],[-114.07965855346808,51.12917830284667],[-114.07790443071893,51.12843279576704],[-114.07765895786343,51.12847168606218],[-114.07703695517215,51.12904079485665],[-114.07626316780467,51.12974999833152],[-114.07611306500218,51.13008800134784],[-114.07612345081498,51.13037609880297],[-114.07477956864126,51.13037850354009],[-114.0748489727003,51.129732600253476],[-114.07501153885939,51.12942179666606]]]]}},{"type":"Feature","properties":{"DGUID":"2021S051248060065","DAUID":"48060065","LANDAREA":0.1159,"PRUID":"48","fed_num":"48011","da_code":"48060065","geo_name":"48060065","name_source":{"label":"Statistics Canada Census Profile 2021 DA WDS","url":"https://www12.statcan.gc.ca/wds-sdw/2021profile-profil2021-eng.cfm"},"population":364,"status":"ok","source":{"label":"Statistics Canada Census Profile 2021 DA WDS","url":"https://www12.statcan.gc.ca/wds-sdw/2021profile-profil2021-eng.cfm"},"community_name":"Calgary","community_source":{"label":"Statistics Canada 2021 census subdivision boundaries (spatial lookup)","url":"https://geo.statcan.gc.ca/geo_wa/rest/services/2021/Cartographic_boundary_files/MapServer/9"},"community_display":"Calgary","is_unorganized":false,"panel_title":"Calgary","display_label":"Calgary","map_label":"48060065"},"geometry":{"type":"MultiPolygon","coordinates":[[[[-114.07895744194126,51.12647129173275],[-114.07807445525009,51.1266470922866],[-114.07773196806725,51.12686339512027],[-114.07737476317676,51.12708838426357],[-114.07717554322574,51.12729918162339],[-114.07705345817446,51.12742209658777],[-114.07646932908264,51.12716458936911],[-114.07572255160098,51.12676817642789],[-114.0741911390972,51.12566848403639],[-114.07374755704677,51.12545046803553],[-114.07343863551867,51.12536179212837],[-114.07293467597606,51.12528694746443],[-114.07370959475998,51.1252819532343],[-114.08536239734805,51.125205955607655],[-114.08535737220424,51.12562369372344],[-114.08519035618264,51.126006285810746],[-114.08462615707887,51.12679279551145],[-114.08336044633235,51.1264643803347],[-114.0828340685103,51.12642418812634],[-114.08153253465775,51.12643669950065],[-114.08024645511728,51.12643157747846],[-114.07895744194126,51.12647129173275]]]]}},{"type":"Feature","properties":{"DGUID":"2021S051248060066","DAUID":"48060066","LANDAREA":0.2767,"PRUID":"48","fed_num":"48011","da_code":"48060066","geo_name":"48060066","name_source":{"label":"Statistics Canada Census Profile 2021 DA WDS","url":"https://www12.statcan.gc.ca/wds-sdw/2021profile-profil2021-eng.cfm"},"population":531,"status":"ok","source":{"label":"Statistics Canada Census Profile 2021 DA WDS","url":"https://www12.statcan.gc.ca/wds-sdw/2021profile-profil2021-eng.cfm"},"community_name":"Calgary","community_source":{"label":"Statistics Canada 2021 census subdivision boundaries (spatial lookup)","url":"https://geo.statcan.gc.ca/geo_wa/rest/services/2021/Cartographic_boundary_files/MapServer/9"},"community_display":"Calgary","is_unorganized":false,"panel_title":"Calgary","display_label":"Calgary","map_label":"48060066"},"geometry":{"type":"MultiPolygon","coordinates":[[[[-114.07133842750588,51.12512028699652],[-114.07133894298026,51.12466158778359],[-114.07134753498678,51.12294379170154],[-114.07135435917033,51.12261108890197],[-114.07147904402407,51.12260957298334],[-114.07159754155688,51.12260817980604],[-114.0741992675086,51.12260138527667],[-114.07560056239656,51.122591477633954],[-114.07559225669442,51.12340088215487],[-114.07681435484007,51.123287475871585],[-114.07814763591308,51.122997087904835],[-114.07897184952611,51.1228467766313],[-114.07944506869892,51.12282258819501],[-114.08044676681091,51.122802690249074],[-114.08049494685902,51.122039295178666],[-114.08148415212914,51.12199208504045],[-114.08238036245889,51.12205938779461],[-114.08276054708942,51.12214987883872],[-114.0829820461173,51.122263382072695],[-114.08348006280565,51.12275250186409],[-114.08406246200347,51.12303688043793],[-114.08452884920615,51.12312049938823],[-114.08537138164039,51.12313249205286],[-114.0853775698206,51.12394217562764],[-114.08536239734805,51.125205955607655],[-114.07370959475998,51.1252819532343],[-114.07293467597606,51.12528694746443],[-114.07292883556639,51.125286081966735],[-114.07157194384261,51.12526997823953],[-114.07146446474948,51.12527151730696],[-114.07134302195004,51.12527328023889],[-114.07133842750588,51.12512028699652]]]]}},{"type":"Feature","properties":{"DGUID":"2021S051248060067","DAUID":"48060067","LANDAREA":0.1737,"PRUID":"48","fed_num":"48011","da_code":"48060067","geo_name":"48060067","name_source":{"label":"Statistics Canada Census Profile 2021 DA WDS","url":"https://www12.statcan.gc.ca/wds-sdw/2021profile-profil2021-eng.cfm"},"population":598,"status":"ok","source":{"label":"Statistics Canada Census Profile 2021 DA WDS","url":"https://www12.statcan.gc.ca/wds-sdw/2021profile-profil2021-eng.cfm"},"community_name":"Calgary","community_source":{"label":"Statistics Canada 2021 census subdivision boundaries (spatial lookup)","url":"https://geo.statcan.gc.ca/geo_wa/rest/services/2021/Cartographic_boundary_files/MapServer/9"},"community_display":"Calgary","is_unorganized":false,"panel_title":"Calgary","display_label":"Calgary","map_label":"48060067"},"geometry":{"type":"MultiPolygon","coordinates":[[[[-114.07281086320428,51.12014708758456],[-114.07240425176091,51.1193452907113],[-114.0749201416699,51.1193363917386],[-114.07461274381883,51.11854609986188],[-114.07451806975945,51.118462773909016],[-114.07369906490474,51.11853227352091],[-114.07287084980321,51.11852047875981],[-114.07286715009275,51.117674878280354],[-114.07371077773271,51.117669091195545],[-114.07575104544117,51.117495298421076],[-114.07589867593067,51.11832649457471],[-114.07604204520464,51.11877078856404],[-114.07619966161636,51.11899059680676],[-114.0767985628035,51.119464392803046],[-114.0772884638563,51.11985437300706],[-114.07765976469446,51.12053828536637],[-114.07808134917882,51.12133139941748],[-114.07848974778574,51.122106083105464],[-114.07913816734369,51.12202337396323],[-114.08049494685902,51.122039295178666],[-114.08044676681091,51.122802690249074],[-114.07944506869892,51.12282258819501],[-114.07897184952611,51.1228467766313],[-114.07814763591308,51.122997087904835],[-114.07681435484007,51.123287475871585],[-114.07559225669442,51.12340088215487],[-114.07560056239656,51.122591477633954],[-114.0741992675086,51.12260138527667],[-114.07419435875342,51.1217737816808],[-114.07309505641473,51.12175528103196],[-114.0730599277365,51.12095377773464],[-114.07281086320428,51.12014708758456]]]]}},{"type":"Feature","properties":{"DGUID":"2021S051248060068","DAUID":"48060068","LANDAREA":0.1028,"PRUID":"48","fed_num":"48011","da_code":"48060068","geo_name":"48060068","name_source":{"label":"Statistics Canada Census Profile 2021 DA WDS","url":"https://www12.statcan.gc.ca/wds-sdw/2021profile-profil2021-eng.cfm"},"population":403,"status":"ok","source":{"label":"Statistics Canada Census Profile 2021 DA WDS","url":"https://www12.statcan.gc.ca/wds-sdw/2021profile-profil2021-eng.cfm"},"community_name":"Calgary","community_source":{"label":"Statistics Canada 2021 census subdivision boundaries (spatial lookup)","url":"https://geo.statcan.gc.ca/geo_wa/rest/services/2021/Cartographic_boundary_files/MapServer/9"},"community_display":"Calgary","is_unorganized":false,"panel_title":"Calgary","display_label":"Calgary","map_label":"48060068"},"geometry":{"type":"MultiPolygon","coordinates":[[[[-114.07089475330665,51.119937083916206],[-114.06975106145332,51.11836139013174],[-114.06955406050736,51.1180865690563],[-114.06965706671758,51.11805016578295],[-114.06974416082666,51.11801939050114],[-114.07018123796871,51.117886379048514],[-114.07045806430719,51.11780337957555],[-114.07105213499825,51.11744948279902],[-114.07171136291707,51.117645891947845],[-114.07286715009275,51.117674878280354],[-114.07287084980321,51.11852047875981],[-114.07369906490474,51.11853227352091],[-114.07451806975945,51.118462773909016],[-114.07461274381883,51.11854609986188],[-114.0749201416699,51.1193363917386],[-114.07240425176091,51.1193452907113],[-114.07281086320428,51.12014708758456],[-114.0730599277365,51.12095377773464],[-114.07309505641473,51.12175528103196],[-114.07419435875342,51.1217737816808],[-114.0741992675086,51.12260138527667],[-114.07159754155688,51.12260817980604],[-114.07147904402407,51.12260957298334],[-114.07135435917033,51.12261108890197],[-114.07134724077355,51.121594487626886],[-114.0711911338917,51.12067319139044],[-114.07089475330665,51.119937083916206]]]]}},{"type":"Feature","properties":{"DGUID":"2021S051248060069","DAUID":"48060069","LANDAREA":0.1158,"PRUID":"48","fed_num":"48011","da_code":"48060069","geo_name":"48060069","name_source":{"label":"Statistics Canada Census Profile 2021 DA WDS","url":"https://www12.statcan.gc.ca/wds-sdw/2021profile-profil2021-eng.cfm"},"population":392,"status":"ok","source":{"label":"Statistics Canada Census Profile 2021 DA WDS","url":"https://www12.statcan.gc.ca/wds-sdw/2021profile-profil2021-eng.cfm"},"community_name":"Calgary","community_source":{"label":"Statistics Canada 2021 census subdivision boundaries (spatial lookup)","url":"https://geo.statcan.gc.ca/geo_wa/rest/services/2021/Cartographic_boundary_files/MapServer/9"},"community_display":"Calgary","is_unorganized":false,"panel_title":"Calgary","display_label":"Calgary","map_label":"48060069"},"geometry":{"type":"MultiPolygon","coordinates":[[[[-114.06628032557856,51.121935182166204],[-114.06557653751035,51.121539672102415],[-114.06514381651122,51.121375891322145],[-114.0655866371613,51.12092828685075],[-114.06599071790465,51.120641578399095],[-114.06697034827879,51.121196879555065],[-114.06745022231796,51.120840172442804],[-114.06965172699432,51.12083237580896],[-114.06954382113369,51.12050588137793],[-114.06916812849951,51.11989378652389],[-114.06860115454424,51.11914197327391],[-114.06771132170381,51.11920067996564],[-114.06651164829593,51.119188589854026],[-114.06650865591976,51.11833398752705],[-114.06686252519994,51.1183877768313],[-114.06767635966082,51.11839927832137],[-114.06832244587135,51.1183524731995],[-114.06908953967204,51.11820088342866],[-114.06955406050736,51.1180865690563],[-114.06975106145332,51.11836139013174],[-114.07089475330665,51.119937083916206],[-114.0711911338917,51.12067319139044],[-114.07134724077355,51.121594487626886],[-114.07135435917033,51.12261108890197],[-114.0706396452664,51.12261118182753],[-114.0697555383959,51.12257997642284],[-114.06839755011423,51.122581977253915],[-114.06772632062,51.12257407293898],[-114.06725993547893,51.122490385458136],[-114.06628032557856,51.121935182166204]]]]}},{"type":"Feature","properties":{"DGUID":"2021S051248060070","DAUID":"48060070","LANDAREA":0.122,"PRUID":"48","fed_num":"48011","da_code":"48060070","geo_name":"48060070","name_source":{"label":"Statistics Canada Census Profile 2021 DA WDS","url":"https://www12.statcan.gc.ca/wds-sdw/2021profile-profil2021-eng.cfm"},"population":384,"status":"ok","source":{"label":"Statistics Canada Census Profile 2021 DA WDS","url":"https://www12.statcan.gc.ca/wds-sdw/2021profile-profil2021-eng.cfm"},"community_name":"Calgary","community_source":{"label":"Statistics Canada 2021 census subdivision boundaries (spatial lookup)","url":"https://geo.statcan.gc.ca/geo_wa/rest/services/2021/Cartographic_boundary_files/MapServer/9"},"community_display":"Calgary","is_unorganized":false,"panel_title":"Calgary","display_label":"Calgary","map_label":"48060070"},"geometry":{"type":"MultiPolygon","coordinates":[[[[-114.06965172699432,51.12083237580896],[-114.06745022231796,51.120840172442804],[-114.06697034827879,51.121196879555065],[-114.06599071790465,51.120641578399095],[-114.0655866371613,51.12092828685075],[-114.06514381651122,51.121375891322145],[-114.06494801243555,51.12130797953717],[-114.06457931000335,51.12126277991126],[-114.06317852952894,51.12126358671546],[-114.06262152822167,51.121258579612444],[-114.0626043446195,51.12040357696964],[-114.06258251728939,51.11962047445078],[-114.06264811686263,51.11926238037196],[-114.06290552323973,51.11881007400134],[-114.06337233637258,51.117985273409374],[-114.06500814749016,51.11833229197007],[-114.06650865591976,51.11833398752705],[-114.06651164829593,51.119188589854026],[-114.06771132170381,51.11920067996564],[-114.06860115454424,51.11914197327391],[-114.06916812849951,51.11989378652389],[-114.06954382113369,51.12050588137793],[-114.06965172699432,51.12083237580896]]]]}},{"type":"Feature","properties":{"DGUID":"2021S051248060071","DAUID":"48060071","LANDAREA":0.2183,"PRUID":"48","fed_num":"48011","da_code":"48060071","geo_name":"48060071","name_source":{"label":"Statistics Canada Census Profile 2021 DA WDS","url":"https://www12.statcan.gc.ca/wds-sdw/2021profile-profil2021-eng.cfm"},"population":554,"status":"ok","source":{"label":"Statistics Canada Census Profile 2021 DA WDS","url":"https://www12.statcan.gc.ca/wds-sdw/2021profile-profil2021-eng.cfm"},"community_name":"Calgary","community_source":{"label":"Statistics Canada 2021 census subdivision boundaries (spatial lookup)","url":"https://geo.statcan.gc.ca/geo_wa/rest/services/2021/Cartographic_boundary_files/MapServer/9"},"community_display":"Calgary","is_unorganized":false,"panel_title":"Calgary","display_label":"Calgary","map_label":"48060071"},"geometry":{"type":"MultiPolygon","coordinates":[[[[-114.06591273141522,51.12525396987367],[-114.0628975020448,51.12524117145642],[-114.0626971046012,51.12524519341513],[-114.06171132203494,51.12523836990902],[-114.05926761105432,51.125230882645106],[-114.05927609615787,51.125096194615104],[-114.05928700965545,51.123351378714126],[-114.05933830634972,51.12119397360347],[-114.06056322890694,51.12126077688175],[-114.06056722733773,51.12209736483064],[-114.0605552909445,51.12408497052152],[-114.06055991626867,51.124912582022404],[-114.06317492296574,51.12492438151588],[-114.06448903414444,51.1249393738539],[-114.06448570782366,51.122060981874036],[-114.06318550653248,51.12205527430078],[-114.06317852952894,51.12126358671546],[-114.06457931000335,51.12126277991126],[-114.06494801243555,51.12130797953717],[-114.06514381651122,51.121375891322145],[-114.06557653751035,51.121539672102415],[-114.06628032557856,51.121935182166204],[-114.06725993547893,51.122490385458136],[-114.06772632062,51.12257407293898],[-114.06839755011423,51.122581977253915],[-114.0697555383959,51.12257997642284],[-114.0706396452664,51.12261118182753],[-114.07135435917033,51.12261108890197],[-114.07134753498678,51.12294379170154],[-114.07133894298026,51.12466158778359],[-114.07133842750588,51.12512028699652],[-114.07134302195004,51.12527328023889],[-114.07075624224646,51.12528556463161],[-114.06655602913112,51.12525218115917],[-114.06591273141522,51.12525396987367]]]]}},{"type":"Feature","properties":{"DGUID":"2021S051248060072","DAUID":"48060072","LANDAREA":0.1039,"PRUID":"48","fed_num":"48011","da_code":"48060072","geo_name":"48060072","name_source":{"label":"Statistics Canada Census Profile 2021 DA WDS","url":"https://www12.statcan.gc.ca/wds-sdw/2021profile-profil2021-eng.cfm"},"population":353,"status":"ok","source":{"label":"Statistics Canada Census Profile 2021 DA WDS","url":"https://www12.statcan.gc.ca/wds-sdw/2021profile-profil2021-eng.cfm"},"community_name":"Calgary","community_source":{"label":"Statistics Canada 2021 census subdivision boundaries (spatial lookup)","url":"https://geo.statcan.gc.ca/geo_wa/rest/services/2021/Cartographic_boundary_files/MapServer/9"},"community_display":"Calgary","is_unorganized":false,"panel_title":"Calgary","display_label":"Calgary","map_label":"48060072"},"geometry":{"type":"MultiPolygon","coordinates":[[[[-114.06056722733773,51.12209736483064],[-114.06056322890694,51.12126077688175],[-114.06262152822167,51.121258579612444],[-114.06317852952894,51.12126358671546],[-114.06318550653248,51.12205527430078],[-114.06448570782366,51.122060981874036],[-114.06448903414444,51.1249393738539],[-114.06317492296574,51.12492438151588],[-114.06055991626867,51.124912582022404],[-114.0605552909445,51.12408497052152],[-114.06056722733773,51.12209736483064]]]]}},{"type":"Feature","properties":{"DGUID":"2021S051248060073","DAUID":"48060073","LANDAREA":0.18,"PRUID":"48","fed_num":"48011","da_code":"48060073","geo_name":"48060073","name_source":{"label":"Statistics Canada Census Profile 2021 DA WDS","url":"https://www12.statcan.gc.ca/wds-sdw/2021profile-profil2021-eng.cfm"},"population":467,"status":"ok","source":{"label":"Statistics Canada Census Profile 2021 DA WDS","url":"https://www12.statcan.gc.ca/wds-sdw/2021profile-profil2021-eng.cfm"},"community_name":"Calgary","community_source":{"label":"Statistics Canada 2021 census subdivision boundaries (spatial lookup)","url":"https://geo.statcan.gc.ca/geo_wa/rest/services/2021/Cartographic_boundary_files/MapServer/9"},"community_display":"Calgary","is_unorganized":false,"panel_title":"Calgary","display_label":"Calgary","map_label":"48060073"},"geometry":{"type":"MultiPolygon","coordinates":[[[[-114.05407512085542,51.12102537552112],[-114.05408609497104,51.12018016177445],[-114.05721500912246,51.12019608639195],[-114.0572065255833,51.119431268080646],[-114.05721331152029,51.118648883269216],[-114.0552123288499,51.11865247321413],[-114.05473521133779,51.11783987133049],[-114.05587840605908,51.11784166866959],[-114.05847982782186,51.11783528183512],[-114.05995243820095,51.1178273745622],[-114.06168097677681,51.11782079587359],[-114.06212522285084,51.11781909269951],[-114.06279412295142,51.11786288350088],[-114.06337233637258,51.117985273409374],[-114.06290552323973,51.11881007400134],[-114.06264811686263,51.11926238037196],[-114.06258251728939,51.11962047445078],[-114.0626043446195,51.12040357696964],[-114.06262152822167,51.121258579612444],[-114.06056322890694,51.12126077688175],[-114.05933830634972,51.12119397360347],[-114.0584473027168,51.121045587662074],[-114.05794962262112,51.12100607129648],[-114.05758939553559,51.121050973550645],[-114.05407512085542,51.12102537552112]]]]}},{"type":"Feature","properties":{"DGUID":"2021S051248060074","DAUID":"48060074","LANDAREA":0.0763,"PRUID":"48","fed_num":"48011","da_code":"48060074","geo_name":"48060074","name_source":{"label":"Statistics Canada Census Profile 2021 DA WDS","url":"https://www12.statcan.gc.ca/wds-sdw/2021profile-profil2021-eng.cfm"},"population":273,"status":"ok","source":{"label":"Statistics Canada Census Profile 2021 DA WDS","url":"https://www12.statcan.gc.ca/wds-sdw/2021profile-profil2021-eng.cfm"},"community_name":"Calgary","community_source":{"label":"Statistics Canada 2021 census subdivision boundaries (spatial lookup)","url":"https://geo.statcan.gc.ca/geo_wa/rest/services/2021/Cartographic_boundary_files/MapServer/9"},"community_display":"Calgary","is_unorganized":false,"panel_title":"Calgary","display_label":"Calgary","map_label":"48060074"},"geometry":{"type":"MultiPolygon","coordinates":[[[[-114.05409669026443,51.1218084770774],[-114.05407512085542,51.12102537552112],[-114.05758939553559,51.121050973550645],[-114.05794962262112,51.12100607129648],[-114.0584473027168,51.121045587662074],[-114.05933830634972,51.12119397360347],[-114.05928700965545,51.123351378714126],[-114.05591399706454,51.123347465592076],[-114.05546260752324,51.122580476215965],[-114.05536500265019,51.122317176319115],[-114.05535421542157,51.12181316452401],[-114.05409669026443,51.1218084770774]]]]}},{"type":"Feature","properties":{"DGUID":"2021S051248060075","DAUID":"48060075","LANDAREA":0.1242,"PRUID":"48","fed_num":"48011","da_code":"48060075","geo_name":"48060075","name_source":{"label":"Statistics Canada Census Profile 2021 DA WDS","url":"https://www12.statcan.gc.ca/wds-sdw/2021profile-profil2021-eng.cfm"},"population":365,"status":"ok","source":{"label":"Statistics Canada Census Profile 2021 DA WDS","url":"https://www12.statcan.gc.ca/wds-sdw/2021profile-profil2021-eng.cfm"},"community_name":"Calgary","community_source":{"label":"Statistics Canada 2021 census subdivision boundaries (spatial lookup)","url":"https://geo.statcan.gc.ca/geo_wa/rest/services/2021/Cartographic_boundary_files/MapServer/9"},"community_display":"Calgary","is_unorganized":false,"panel_title":"Calgary","display_label":"Calgary","map_label":"48060075"},"geometry":{"type":"MultiPolygon","coordinates":[[[[-114.05528538976516,51.12626387075212],[-114.05463688045882,51.12589677677752],[-114.05399308206175,51.12545777151343],[-114.05376987474739,51.12514637826813],[-114.05363059965431,51.12486397112355],[-114.05363469954867,51.124351375296484],[-114.05363696356734,51.12386566592084],[-114.0536360006182,51.12320907003111],[-114.05364762013423,51.121005576625635],[-114.05407512085542,51.12102537552112],[-114.05409669026443,51.1218084770774],[-114.05535421542157,51.12181316452401],[-114.05536500265019,51.122317176319115],[-114.05546260752324,51.122580476215965],[-114.05591399706454,51.123347465592076],[-114.05928700965545,51.123351378714126],[-114.05927609615787,51.125096194615104],[-114.05926761105432,51.125230882645106],[-114.05813848874537,51.12522938050513],[-114.05727477536965,51.12532458635932],[-114.05696831026052,51.12542478291009],[-114.05646589000719,51.12568197461095],[-114.05562899723014,51.12625457250073],[-114.05546457149907,51.126367390372224],[-114.05528538976516,51.12626387075212]]]]}},{"type":"Feature","properties":{"DGUID":"2021S051248060077","DAUID":"48060077","LANDAREA":0.1315,"PRUID":"48","fed_num":"48011","da_code":"48060077","geo_name":"48060077","name_source":{"label":"Statistics Canada Census Profile 2021 DA WDS","url":"https://www12.statcan.gc.ca/wds-sdw/2021profile-profil2021-eng.cfm"},"population":360,"status":"ok","source":{"label":"Statistics Canada Census Profile 2021 DA WDS","url":"https://www12.statcan.gc.ca/wds-sdw/2021profile-profil2021-eng.cfm"},"community_name":"Calgary","community_source":{"label":"Statistics Canada 2021 census subdivision boundaries (spatial lookup)","url":"https://geo.statcan.gc.ca/geo_wa/rest/services/2021/Cartographic_boundary_files/MapServer/9"},"community_display":"Calgary","is_unorganized":false,"panel_title":"Calgary","display_label":"Calgary","map_label":"48060077"},"geometry":{"type":"MultiPolygon","coordinates":[[[[-114.05126058377479,51.12100835979322],[-114.05091361237099,51.12107157299287],[-114.05044319046951,51.12127555946368],[-114.05007450171323,51.12100537101766],[-114.04983769163115,51.12068456944935],[-114.0498045960354,51.12053087706362],[-114.0497573032288,51.12037677109798],[-114.04982358147768,51.12000966100131],[-114.05005428651619,51.119529769408814],[-114.05021699545898,51.11921907535717],[-114.05050928073535,51.11889356943567],[-114.05080639566772,51.118306524370205],[-114.0508689056832,51.11818305513172],[-114.0519699095172,51.11817486485552],[-114.05234260733305,51.11815727915113],[-114.05257209419355,51.11814506994896],[-114.0529020291231,51.118126474656705],[-114.05347780500534,51.11806006090627],[-114.05473521133779,51.11783987133049],[-114.0552123288499,51.11865247321413],[-114.05721331152029,51.118648883269216],[-114.0572065255833,51.119431268080646],[-114.05721500912246,51.12019608639195],[-114.05408609497104,51.12018016177445],[-114.05407512085542,51.12102537552112],[-114.05364762013423,51.121005576625635],[-114.05320469696706,51.121003461026554],[-114.05274749527905,51.121000866155796],[-114.05126058377479,51.12100835979322]]]]}},{"type":"Feature","properties":{"DGUID":"2021S051248060078","DAUID":"48060078","LANDAREA":0.1658,"PRUID":"48","fed_num":"48011","da_code":"48060078","geo_name":"48060078","name_source":{"label":"Statistics Canada Census Profile 2021 DA WDS","url":"https://www12.statcan.gc.ca/wds-sdw/2021profile-profil2021-eng.cfm"},"population":597,"status":"ok","source":{"label":"Statistics Canada Census Profile 2021 DA WDS","url":"https://www12.statcan.gc.ca/wds-sdw/2021profile-profil2021-eng.cfm"},"community_name":"Calgary","community_source":{"label":"Statistics Canada 2021 census subdivision boundaries (spatial lookup)","url":"https://geo.statcan.gc.ca/geo_wa/rest/services/2021/Cartographic_boundary_files/MapServer/9"},"community_display":"Calgary","is_unorganized":false,"panel_title":"Calgary","display_label":"Calgary","map_label":"48060078"},"geometry":{"type":"MultiPolygon","coordinates":[[[[-114.05847982782186,51.11783528183512],[-114.05587840605908,51.11784166866959],[-114.05473521133779,51.11783987133049],[-114.05347780500534,51.11806006090627],[-114.0529020291231,51.118126474656705],[-114.05257209419355,51.11814506994896],[-114.05234260733305,51.11815727915113],[-114.05231470638117,51.11769787462847],[-114.05235188841175,51.117114162986205],[-114.05248211643956,51.11664067931884],[-114.05275722640971,51.116134968908966],[-114.05280522755585,51.11605516240419],[-114.05300841090501,51.115781487117836],[-114.05375102374123,51.11511657121144],[-114.0552691280691,51.114165470646874],[-114.05540662947139,51.11424987521904],[-114.05563978389759,51.114404939508084],[-114.05651724809738,51.1149884732662],[-114.05735213938102,51.11556718532542],[-114.05780472908445,51.115866381706844],[-114.05820654075345,51.11606536598972],[-114.05841763856002,51.11611567946753],[-114.05881544587339,51.11615268222788],[-114.06058813617813,51.11614337717447],[-114.06151783091455,51.116130782638315],[-114.06188083803474,51.116040879265306],[-114.06223353248566,51.11588787297471],[-114.06259763625354,51.116229876126674],[-114.06269815881738,51.11644827339113],[-114.06262854645516,51.11686927758301],[-114.06252293809546,51.11695658479801],[-114.05993642671076,51.11695447270434],[-114.05995243820095,51.1178273745622],[-114.05847982782186,51.11783528183512]]]]}},{"type":"Feature","properties":{"DGUID":"2021S051248060079","DAUID":"48060079","LANDAREA":0.1462,"PRUID":"48","fed_num":"48011","da_code":"48060079","geo_name":"48060079","name_source":{"label":"Statistics Canada Census Profile 2021 DA WDS","url":"https://www12.statcan.gc.ca/wds-sdw/2021profile-profil2021-eng.cfm"},"population":655,"status":"ok","source":{"label":"Statistics Canada Census Profile 2021 DA WDS","url":"https://www12.statcan.gc.ca/wds-sdw/2021profile-profil2021-eng.cfm"},"community_name":"Calgary","community_source":{"label":"Statistics Canada 2021 census subdivision boundaries (spatial lookup)","url":"https://geo.statcan.gc.ca/geo_wa/rest/services/2021/Cartographic_boundary_files/MapServer/9"},"community_display":"Calgary","is_unorganized":false,"panel_title":"Calgary","display_label":"Calgary","map_label":"48060079"},"geometry":{"type":"MultiPolygon","coordinates":[[[[-114.05003311496041,51.116273160001924],[-114.05015991028732,51.1158536759999],[-114.05099342137139,51.114660374233516],[-114.052229525068,51.11499727365823],[-114.05268551062353,51.11434317440906],[-114.05277974303003,51.11421056873381],[-114.05326553630883,51.113539258978484],[-114.05365352731961,51.11327917804307],[-114.0530121208567,51.11280427271621],[-114.05281933785483,51.112466584558575],[-114.05280416072237,51.1109101808864],[-114.05280525527482,51.11066726375078],[-114.05606314269745,51.110668478409735],[-114.0568204398358,51.11066956785924],[-114.05682665002988,51.11102047785507],[-114.05679526964889,51.11196417822269],[-114.0565487566916,51.11269557227016],[-114.05614864231761,51.113369078331885],[-114.0552691280691,51.114165470646874],[-114.05375102374123,51.11511657121144],[-114.05300841090501,51.115781487117836],[-114.05280522755585,51.11605516240419],[-114.05275722640971,51.116134968908966],[-114.05161929875743,51.115827366611455],[-114.05147650010655,51.11604866198877],[-114.0513611078732,51.1165134579606],[-114.05143339083939,51.11739676278167],[-114.05036109633897,51.11740567923049],[-114.05006719792483,51.11663387650547],[-114.05003311496041,51.116273160001924]]]]}},{"type":"Feature","properties":{"DGUID":"2021S051248060080","DAUID":"48060080","LANDAREA":0.0225,"PRUID":"48","fed_num":"48011","da_code":"48060080","geo_name":"48060080","name_source":{"label":"Statistics Canada Census Profile 2021 DA WDS","url":"https://www12.statcan.gc.ca/wds-sdw/2021profile-profil2021-eng.cfm"},"population":271,"status":"ok","source":{"label":"Statistics Canada Census Profile 2021 DA WDS","url":"https://www12.statcan.gc.ca/wds-sdw/2021profile-profil2021-eng.cfm"},"community_name":"Calgary","community_source":{"label":"Statistics Canada 2021 census subdivision boundaries (spatial lookup)","url":"https://geo.statcan.gc.ca/geo_wa/rest/services/2021/Cartographic_boundary_files/MapServer/9"},"community_display":"Calgary","is_unorganized":false,"panel_title":"Calgary","display_label":"Calgary","map_label":"48060080"},"geometry":{"type":"MultiPolygon","coordinates":[[[[-114.05150953324059,51.11306316232032],[-114.05192115121159,51.11243497594223],[-114.05281933785483,51.112466584558575],[-114.0530121208567,51.11280427271621],[-114.05365352731961,51.11327917804307],[-114.05326553630883,51.113539258978484],[-114.05277974303003,51.11421056873381],[-114.05268551062353,51.11434317440906],[-114.05206693775564,51.11418366252506],[-114.0512668308556,51.113956565921576],[-114.05126461939179,51.1137675816162],[-114.05150953324059,51.11306316232032]]]]}},{"type":"Feature","properties":{"DGUID":"2021S051248060085","DAUID":"48060085","LANDAREA":0.1722,"PRUID":"48","fed_num":"48011","da_code":"48060085","geo_name":"48060085","name_source":{"label":"Statistics Canada Census Profile 2021 DA WDS","url":"https://www12.statcan.gc.ca/wds-sdw/2021profile-profil2021-eng.cfm"},"population":600,"status":"ok","source":{"label":"Statistics Canada Census Profile 2021 DA WDS","url":"https://www12.statcan.gc.ca/wds-sdw/2021profile-profil2021-eng.cfm"},"community_name":"Calgary","community_source":{"label":"Statistics Canada 2021 census subdivision boundaries (spatial lookup)","url":"https://geo.statcan.gc.ca/geo_wa/rest/services/2021/Cartographic_boundary_files/MapServer/9"},"community_display":"Calgary","is_unorganized":false,"panel_title":"Calgary","display_label":"Calgary","map_label":"48060085"},"geometry":{"type":"MultiPolygon","coordinates":[[[[-114.06242251763031,51.10885621630861],[-114.0624730635909,51.10805937708067],[-114.06246957290105,51.10721377915006],[-114.06247748183644,51.10641349084814],[-114.06247466904892,51.106233477101156],[-114.06248199027033,51.105442165983234],[-114.0624812926491,51.104551679936286],[-114.06257558561005,51.104552029277116],[-114.06266926749076,51.104552380813494],[-114.06373828758308,51.10455628565276],[-114.06528169411503,51.104550091360665],[-114.06527437596225,51.10534138511303],[-114.06688858139705,51.105345970260174],[-114.06821759769326,51.10534338911361],[-114.0687485037399,51.10643607687343],[-114.0691149754629,51.10719178779217],[-114.07151379366327,51.10721598583413],[-114.0715317992473,51.10806199203319],[-114.06660208576862,51.10806418265494],[-114.06528798208544,51.108058183217885],[-114.06390197429214,51.108059384138066],[-114.06267758004108,51.10805937738513],[-114.06267825424027,51.108118295238235],[-114.0626144174784,51.10966235546501],[-114.06258797827545,51.110301988974776],[-114.06258794618476,51.11052688564488],[-114.06257886302446,51.11067057532359],[-114.06247946657692,51.110672245250946],[-114.06236434470196,51.110674184434714],[-114.06235977287153,51.11052117447865],[-114.06234087190462,51.11014286728258],[-114.06242251763031,51.10885621630861]]]]}},{"type":"Feature","properties":{"DGUID":"2021S051248060086","DAUID":"48060086","LANDAREA":0.249,"PRUID":"48","fed_num":"48011","da_code":"48060086","geo_name":"48060086","name_source":{"label":"Statistics Canada Census Profile 2021 DA WDS","url":"https://www12.statcan.gc.ca/wds-sdw/2021profile-profil2021-eng.cfm"},"population":446,"status":"ok","source":{"label":"Statistics Canada Census Profile 2021 DA WDS","url":"https://www12.statcan.gc.ca/wds-sdw/2021profile-profil2021-eng.cfm"},"community_name":"Calgary","community_source":{"label":"Statistics Canada 2021 census subdivision boundaries (spatial lookup)","url":"https://geo.statcan.gc.ca/geo_wa/rest/services/2021/Cartographic_boundary_files/MapServer/9"},"community_display":"Calgary","is_unorganized":false,"panel_title":"Calgary","display_label":"Calgary","map_label":"48060086"},"geometry":{"type":"MultiPolygon","coordinates":[[[[-114.06563210386634,51.10105089063521],[-114.06595042522464,51.10076207494894],[-114.06617460971222,51.100830670244385],[-114.06723580015405,51.10099218354595],[-114.06861483864549,51.101098781602566],[-114.06955570447872,51.101131392733784],[-114.07152740908327,51.10112689259433],[-114.07151709397581,51.102646676469845],[-114.07152228897151,51.10301557464825],[-114.07151741512745,51.10377108134304],[-114.07151080954065,51.10455348076509],[-114.07151780713713,51.10534518559885],[-114.0715112012982,51.10612758899142],[-114.07151379366327,51.10721598583413],[-114.0691149754629,51.10719178779217],[-114.0687485037399,51.10643607687343],[-114.06821759769326,51.10534338911361],[-114.06688858139705,51.105345970260174],[-114.06527437596225,51.10534138511303],[-114.06528169411503,51.104550091360665],[-114.06529138080262,51.104172479705376],[-114.06529581731988,51.10342607748173],[-114.06528881342659,51.10263437943671],[-114.06534741611468,51.1014844839947],[-114.06563210386634,51.10105089063521]]]]}},{"type":"Feature","properties":{"DGUID":"2021S051248060087","DAUID":"48060087","LANDAREA":0.2917,"PRUID":"48","fed_num":"48011","da_code":"48060087","geo_name":"48060087","name_source":{"label":"Statistics Canada Census Profile 2021 DA WDS","url":"https://www12.statcan.gc.ca/wds-sdw/2021profile-profil2021-eng.cfm"},"population":539,"status":"ok","source":{"label":"Statistics Canada Census Profile 2021 DA WDS","url":"https://www12.statcan.gc.ca/wds-sdw/2021profile-profil2021-eng.cfm"},"community_name":"Calgary","community_source":{"label":"Statistics Canada 2021 census subdivision boundaries (spatial lookup)","url":"https://geo.statcan.gc.ca/geo_wa/rest/services/2021/Cartographic_boundary_files/MapServer/9"},"community_display":"Calgary","is_unorganized":false,"panel_title":"Calgary","display_label":"Calgary","map_label":"48060087"},"geometry":{"type":"MultiPolygon","coordinates":[[[[-114.07157893335301,51.09760217199564],[-114.07159693109611,51.09686507070232],[-114.07349793283679,51.097299487273915],[-114.07384777092514,51.09741618041346],[-114.07492094458068,51.0978387717407],[-114.07515553919934,51.097970589230435],[-114.07608404720413,51.09887539188998],[-114.07637393346258,51.09903548721044],[-114.07584883291099,51.09988588947847],[-114.075402920635,51.10061229444203],[-114.07489320992377,51.10144497552655],[-114.07431654372999,51.10197928070187],[-114.07786272168059,51.10374108841971],[-114.07798493149215,51.1038430963319],[-114.07699971153126,51.104510985826494],[-114.075379020184,51.10528898853743],[-114.07262579463818,51.10657828389334],[-114.07208179386102,51.10614188791971],[-114.0715112012982,51.10612758899142],[-114.07151780713713,51.10534518559885],[-114.07151080954065,51.10455348076509],[-114.07151741512745,51.10377108134304],[-114.07152228897151,51.10301557464825],[-114.07151709397581,51.102646676469845],[-114.07152740908327,51.10112689259433],[-114.071534129649,51.100344475259725],[-114.07153343136439,51.09990368880182],[-114.07153614380624,51.099633889413305],[-114.07154443546509,51.0985996750359],[-114.07157893335301,51.09760217199564]]]]}},{"type":"Feature","properties":{"DGUID":"2021S051248060088","DAUID":"48060088","LANDAREA":0.203,"PRUID":"48","fed_num":"48011","da_code":"48060088","geo_name":"48060088","name_source":{"label":"Statistics Canada Census Profile 2021 DA WDS","url":"https://www12.statcan.gc.ca/wds-sdw/2021profile-profil2021-eng.cfm"},"population":437,"status":"ok","source":{"label":"Statistics Canada Census Profile 2021 DA WDS","url":"https://www12.statcan.gc.ca/wds-sdw/2021profile-profil2021-eng.cfm"},"community_name":"Calgary","community_source":{"label":"Statistics Canada 2021 census subdivision boundaries (spatial lookup)","url":"https://geo.statcan.gc.ca/geo_wa/rest/services/2021/Cartographic_boundary_files/MapServer/9"},"community_display":"Calgary","is_unorganized":false,"panel_title":"Calgary","display_label":"Calgary","map_label":"48060088"},"geometry":{"type":"MultiPolygon","coordinates":[[[[-114.06618634337815,51.09636048539258],[-114.06594845525318,51.09605767854592],[-114.0660910509101,51.09606127181974],[-114.06793365120043,51.096062574600225],[-114.06920585371599,51.096049465958245],[-114.07055784742545,51.096128377077214],[-114.07161496323492,51.09612788050143],[-114.07160824964811,51.09646058642244],[-114.07159693109611,51.09686507070232],[-114.07157893335301,51.09760217199564],[-114.07154443546509,51.0985996750359],[-114.07153614380624,51.099633889413305],[-114.07153343136439,51.09990368880182],[-114.071534129649,51.100344475259725],[-114.07152740908327,51.10112689259433],[-114.06955570447872,51.101131392733784],[-114.06861483864549,51.101098781602566],[-114.06723580015405,51.10099218354595],[-114.06617460971222,51.100830670244385],[-114.06595042522464,51.10076207494894],[-114.06478762478842,51.10039996537311],[-114.06621532427684,51.09905967622517],[-114.06764313446642,51.09771927128855],[-114.06688766416805,51.09701677986925],[-114.06618634337815,51.09636048539258]]]]}},{"type":"Feature","properties":{"DGUID":"2021S051248060089","DAUID":"48060089","LANDAREA":0.2248,"PRUID":"48","fed_num":"48011","da_code":"48060089","geo_name":"48060089","name_source":{"label":"Statistics Canada Census Profile 2021 DA WDS","url":"https://www12.statcan.gc.ca/wds-sdw/2021profile-profil2021-eng.cfm"},"population":557,"status":"ok","source":{"label":"Statistics Canada Census Profile 2021 DA WDS","url":"https://www12.statcan.gc.ca/wds-sdw/2021profile-profil2021-eng.cfm"},"community_name":"Calgary","community_source":{"label":"Statistics Canada 2021 census subdivision boundaries (spatial lookup)","url":"https://geo.statcan.gc.ca/geo_wa/rest/services/2021/Cartographic_boundary_files/MapServer/9"},"community_display":"Calgary","is_unorganized":false,"panel_title":"Calgary","display_label":"Calgary","map_label":"48060089"},"geometry":{"type":"MultiPolygon","coordinates":[[[[-114.06250685810915,51.09739238319075],[-114.06254385808869,51.09613407163251],[-114.06262089088848,51.09613379944741],[-114.0627564593482,51.09613333449864],[-114.06380116149893,51.09612967766218],[-114.06501624206699,51.09611516991842],[-114.06574876310314,51.09605268300847],[-114.06594845525318,51.09605767854592],[-114.06618634337815,51.09636048539258],[-114.06688766416805,51.09701677986925],[-114.06764313446642,51.09771927128855],[-114.06621532427684,51.09905967622517],[-114.06478762478842,51.10039996537311],[-114.06595042522464,51.10076207494894],[-114.06563210386634,51.10105089063521],[-114.06534741611468,51.1014844839947],[-114.06528881342659,51.10263437943671],[-114.06529581731988,51.10342607748173],[-114.06529138080262,51.104172479705376],[-114.06528169411503,51.104550091360665],[-114.06373828758308,51.10455628565276],[-114.06266926749076,51.104552380813494],[-114.06257558561005,51.104552029277116],[-114.0624812926491,51.104551679936286],[-114.06247490401454,51.10262659110399],[-114.06247749567902,51.10055787998333],[-114.06246033663706,51.09970287623013],[-114.06248471927739,51.098417264370546],[-114.06250802388097,51.097599288685466],[-114.06250685810915,51.09739238319075]]]]}},{"type":"Feature","properties":{"DGUID":"2021S051248060090","DAUID":"48060090","LANDAREA":0.3712,"PRUID":"48","fed_num":"48011","da_code":"48060090","geo_name":"48060090","name_source":{"label":"Statistics Canada Census Profile 2021 DA WDS","url":"https://www12.statcan.gc.ca/wds-sdw/2021profile-profil2021-eng.cfm"},"population":676,"status":"ok","source":{"label":"Statistics Canada Census Profile 2021 DA WDS","url":"https://www12.statcan.gc.ca/wds-sdw/2021profile-profil2021-eng.cfm"},"community_name":"Calgary","community_source":{"label":"Statistics Canada 2021 census subdivision boundaries (spatial lookup)","url":"https://geo.statcan.gc.ca/geo_wa/rest/services/2021/Cartographic_boundary_files/MapServer/9"},"community_display":"Calgary","is_unorganized":false,"panel_title":"Calgary","display_label":"Calgary","map_label":"48060090"},"geometry":{"type":"MultiPolygon","coordinates":[[[[-114.06248205591932,51.09463037131193],[-114.06246926705931,51.09235426779316],[-114.06258936422262,51.09231735974252],[-114.06265857884149,51.092296075681176],[-114.06272326072717,51.092298356331824],[-114.06355658085819,51.0923275819014],[-114.06525426440663,51.093260987323994],[-114.0659558670718,51.09345846082009],[-114.0666085571328,51.09352867495279],[-114.06726738153637,51.093500377087715],[-114.06784628741163,51.09337987646794],[-114.06832827679182,51.09321207527123],[-114.06871678354923,51.092943064849905],[-114.06877309853705,51.092728681536755],[-114.06865849276497,51.092509878282875],[-114.06809987455578,51.09208197995473],[-114.06750278380045,51.09248978094548],[-114.0669653719326,51.092629165082926],[-114.06662206364946,51.09263866499679],[-114.06629685796132,51.092585577905325],[-114.06582519345008,51.09236667342844],[-114.0674237818091,51.091255475328275],[-114.06761259024505,51.09098137180934],[-114.06767118909426,51.09050617050721],[-114.06762768964815,51.089614576739926],[-114.0676263162838,51.08873307572408],[-114.06808319457416,51.08873545430127],[-114.06926851481582,51.0887382674785],[-114.06957130866805,51.08869185491761],[-114.06995179017795,51.08854856853697],[-114.0701649798343,51.08833796207144],[-114.07047400229138,51.08774305546183],[-114.07062451400625,51.08762095033645],[-114.0707392159073,51.087614759157184],[-114.07096098005255,51.08752401662996],[-114.0710911214659,51.087470773774875],[-114.07169391761587,51.087422854584425],[-114.07169461277041,51.08763876755756],[-114.0717002858625,51.087773868573166],[-114.07169319715156,51.08879006676912],[-114.07166579357983,51.090579357255564],[-114.07162927612184,51.09251238118388],[-114.07159847865748,51.09413067372971],[-114.07161175396355,51.094823587074615],[-114.07162516358964,51.095741361510534],[-114.07162294596925,51.09600217646051],[-114.07161496323492,51.09612788050143],[-114.07055784742545,51.096128377077214],[-114.06920585371599,51.096049465958245],[-114.06793365120043,51.096062574600225],[-114.0660910509101,51.09606127181974],[-114.06594845525318,51.09605767854592],[-114.06574876310314,51.09605268300847],[-114.06501624206699,51.09611516991842],[-114.06380116149893,51.09612967766218],[-114.0627564593482,51.09613333449864],[-114.06262089088848,51.09613379944741],[-114.06254385808869,51.09613407163251],[-114.0625392316407,51.0959809714307],[-114.06248205591932,51.09463037131193]]]]}},{"type":"Feature","properties":{"DGUID":"2021S051248060091","DAUID":"48060091","LANDAREA":0.1615,"PRUID":"48","fed_num":"48011","da_code":"48060091","geo_name":"48060091","name_source":{"label":"Statistics Canada Census Profile 2021 DA WDS","url":"https://www12.statcan.gc.ca/wds-sdw/2021profile-profil2021-eng.cfm"},"population":523,"status":"ok","source":{"label":"Statistics Canada Census Profile 2021 DA WDS","url":"https://www12.statcan.gc.ca/wds-sdw/2021profile-profil2021-eng.cfm"},"community_name":"Calgary","community_source":{"label":"Statistics Canada 2021 census subdivision boundaries (spatial lookup)","url":"https://geo.statcan.gc.ca/geo_wa/rest/services/2021/Cartographic_boundary_files/MapServer/9"},"community_display":"Calgary","is_unorganized":false,"panel_title":"Calgary","display_label":"Calgary","map_label":"48060091"},"geometry":{"type":"MultiPolygon","coordinates":[[[[-114.06525426440663,51.093260987323994],[-114.06355658085819,51.0923275819014],[-114.06272326072717,51.092298356331824],[-114.06271637390475,51.091408856462195],[-114.0627086417417,51.09051335602464],[-114.06269235429784,51.0896292366097],[-114.06269504520735,51.08873127048173],[-114.06388401444424,51.088737965070145],[-114.06495520868822,51.08873787483362],[-114.06528379886659,51.08873717127845],[-114.06669779065338,51.08873665430072],[-114.0676263162838,51.08873307572408],[-114.06762768964815,51.089614576739926],[-114.06767118909426,51.09050617050721],[-114.06761259024505,51.09098137180934],[-114.0674237818091,51.091255475328275],[-114.06582519345008,51.09236667342844],[-114.06629685796132,51.092585577905325],[-114.06662206364946,51.09263866499679],[-114.0669653719326,51.092629165082926],[-114.06750278380045,51.09248978094548],[-114.06809987455578,51.09208197995473],[-114.06865849276497,51.092509878282875],[-114.06877309853705,51.092728681536755],[-114.06871678354923,51.092943064849905],[-114.06832827679182,51.09321207527123],[-114.06784628741163,51.09337987646794],[-114.06726738153637,51.093500377087715],[-114.0666085571328,51.09352867495279],[-114.0659558670718,51.09345846082009],[-114.06525426440663,51.093260987323994]]]]}},{"type":"Feature","properties":{"DGUID":"2021S051248060092","DAUID":"48060092","LANDAREA":0.4001,"PRUID":"48","fed_num":"48011","da_code":"48060092","geo_name":"48060092","name_source":{"label":"Statistics Canada Census Profile 2021 DA WDS","url":"https://www12.statcan.gc.ca/wds-sdw/2021profile-profil2021-eng.cfm"},"population":728,"status":"ok","source":{"label":"Statistics Canada Census Profile 2021 DA WDS","url":"https://www12.statcan.gc.ca/wds-sdw/2021profile-profil2021-eng.cfm"},"community_name":"Calgary","community_source":{"label":"Statistics Canada 2021 census subdivision boundaries (spatial lookup)","url":"https://geo.statcan.gc.ca/geo_wa/rest/services/2021/Cartographic_boundary_files/MapServer/9"},"community_display":"Calgary","is_unorganized":false,"panel_title":"Calgary","display_label":"Calgary","map_label":"48060092"},"geometry":{"type":"MultiPolygon","coordinates":[[[[-114.05821394626375,51.09571026012011],[-114.05761834827067,51.092268162198295],[-114.05742446385626,51.09194847757253],[-114.05707588494433,51.091813756625605],[-114.05546168646067,51.09136835469306],[-114.05519008691175,51.091370452015795],[-114.05386328324391,51.09134605360571],[-114.05260668059177,51.09134135802682],[-114.05246406442635,51.09133775456623],[-114.05238438920443,51.09034626986676],[-114.0520832944825,51.08969105084202],[-114.05182690379483,51.089691062861036],[-114.0516140944153,51.08968794981004],[-114.05143249469643,51.089672401853306],[-114.05126939630709,51.08965845417809],[-114.05120099372486,51.08952484622079],[-114.0511277117711,51.08938172690964],[-114.05094640142858,51.08910421713073],[-114.05060130803011,51.08872879455259],[-114.05069459106507,51.08873405879512],[-114.05079479699538,51.08873647086198],[-114.05125995221202,51.08874765880919],[-114.05180555553636,51.088730975151705],[-114.05197329080721,51.08872585048137],[-114.05345860562248,51.08872735742669],[-114.05747290970932,51.088711567780564],[-114.05992898563169,51.08871947180988],[-114.06124720039394,51.08887855322353],[-114.06174050391836,51.08875607529387],[-114.06249921063791,51.08873015713778],[-114.06258914484768,51.088730670578904],[-114.06269504520735,51.08873127048173],[-114.06269235429784,51.0896292366097],[-114.0627086417417,51.09051335602464],[-114.06271637390475,51.091408856462195],[-114.06272326072717,51.092298356331824],[-114.06265857884149,51.092296075681176],[-114.06258936422262,51.09231735974252],[-114.06246926705931,51.09235426779316],[-114.06248205591932,51.09463037131193],[-114.0625392316407,51.0959809714307],[-114.06254385808869,51.09613407163251],[-114.06110746746685,51.096137922497455],[-114.0609293463696,51.096138385139554],[-114.05824414954152,51.09613378437532],[-114.05823906009972,51.09598977104218],[-114.05821394626375,51.09571026012011]]]]}},{"type":"Feature","properties":{"DGUID":"2021S051248060093","DAUID":"48060093","LANDAREA":0.1529,"PRUID":"48","fed_num":"48011","da_code":"48060093","geo_name":"48060093","name_source":{"label":"Statistics Canada Census Profile 2021 DA WDS","url":"https://www12.statcan.gc.ca/wds-sdw/2021profile-profil2021-eng.cfm"},"population":623,"status":"ok","source":{"label":"Statistics Canada Census Profile 2021 DA WDS","url":"https://www12.statcan.gc.ca/wds-sdw/2021profile-profil2021-eng.cfm"},"community_name":"Calgary","community_source":{"label":"Statistics Canada 2021 census subdivision boundaries (spatial lookup)","url":"https://geo.statcan.gc.ca/geo_wa/rest/services/2021/Cartographic_boundary_files/MapServer/9"},"community_display":"Calgary","is_unorganized":false,"panel_title":"Calgary","display_label":"Calgary","map_label":"48060093"},"geometry":{"type":"MultiPolygon","coordinates":[[[[-114.06249921063791,51.08873015713778],[-114.06174050391836,51.08875607529387],[-114.06124720039394,51.08887855322353],[-114.05992898563169,51.08871947180988],[-114.05993180205648,51.087775066079786],[-114.05994490229472,51.08711876981766],[-114.06107311200776,51.087120159165785],[-114.0625160929149,51.08711147530232],[-114.06263346086341,51.08711134652783],[-114.06274278288684,51.087111216366296],[-114.06271074306107,51.08496126224212],[-114.06386642163392,51.084959643347524],[-114.0653082068431,51.084968964969256],[-114.06666621960589,51.08494905573079],[-114.06670029533755,51.08711767524083],[-114.06669779065338,51.08873665430072],[-114.06528379886659,51.08873717127845],[-114.06495520868822,51.08873787483362],[-114.06388401444424,51.088737965070145],[-114.06269504520735,51.08873127048173],[-114.06258914484768,51.088730670578904],[-114.06249921063791,51.08873015713778]]]]}},{"type":"Feature","properties":{"DGUID":"2021S051248060094","DAUID":"48060094","LANDAREA":0.4337,"PRUID":"48","fed_num":"48011","da_code":"48060094","geo_name":"48060094","name_source":{"label":"Statistics Canada Census Profile 2021 DA WDS","url":"https://www12.statcan.gc.ca/wds-sdw/2021profile-profil2021-eng.cfm"},"population":669,"status":"ok","source":{"label":"Statistics Canada Census Profile 2021 DA WDS","url":"https://www12.statcan.gc.ca/wds-sdw/2021profile-profil2021-eng.cfm"},"community_name":"Calgary","community_source":{"label":"Statistics Canada 2021 census subdivision boundaries (spatial lookup)","url":"https://geo.statcan.gc.ca/geo_wa/rest/services/2021/Cartographic_boundary_files/MapServer/9"},"community_display":"Calgary","is_unorganized":false,"panel_title":"Calgary","display_label":"Calgary","map_label":"48060094"},"geometry":{"type":"MultiPolygon","coordinates":[[[[-114.05345860562248,51.08872735742669],[-114.05197329080721,51.08872585048137],[-114.05180555553636,51.088730975151705],[-114.05182791062347,51.08809244272012],[-114.05172139439279,51.08684855805247],[-114.05185330079105,51.085898344719375],[-114.05208322533794,51.08497775210963],[-114.0522966497196,51.084092659917495],[-114.052492335502,51.08348594188699],[-114.0526161309724,51.08333615250246],[-114.05299021218525,51.0830667446651],[-114.05405731713842,51.08245494106726],[-114.05423753082147,51.082315656530355],[-114.05449823187827,51.082034351232714],[-114.05463174651638,51.08150704295115],[-114.05750203737912,51.08150746240789],[-114.05750482062456,51.082361941163555],[-114.05750604305196,51.08324354544252],[-114.05749511511246,51.08408875080504],[-114.05993784752913,51.08407835985077],[-114.05996231687423,51.0832424585199],[-114.06109102869965,51.083234840302566],[-114.06110082440652,51.08488116366325],[-114.06130963249579,51.0849673666635],[-114.06250961995202,51.084961557931074],[-114.06262215847327,51.08496140540533],[-114.06271074306107,51.08496126224212],[-114.06274278288684,51.087111216366296],[-114.06263346086341,51.08711134652783],[-114.0625160929149,51.08711147530232],[-114.06107311200776,51.087120159165785],[-114.05994490229472,51.08711876981766],[-114.05993180205648,51.087775066079786],[-114.05992898563169,51.08871947180988],[-114.05747290970932,51.088711567780564],[-114.05345860562248,51.08872735742669]]]]}},{"type":"Feature","properties":{"DGUID":"2021S051248060095","DAUID":"48060095","LANDAREA":0.1265,"PRUID":"48","fed_num":"48011","da_code":"48060095","geo_name":"48060095","name_source":{"label":"Statistics Canada Census Profile 2021 DA WDS","url":"https://www12.statcan.gc.ca/wds-sdw/2021profile-profil2021-eng.cfm"},"population":570,"status":"ok","source":{"label":"Statistics Canada Census Profile 2021 DA WDS","url":"https://www12.statcan.gc.ca/wds-sdw/2021profile-profil2021-eng.cfm"},"community_name":"Calgary","community_source":{"label":"Statistics Canada 2021 census subdivision boundaries (spatial lookup)","url":"https://geo.statcan.gc.ca/geo_wa/rest/services/2021/Cartographic_boundary_files/MapServer/9"},"community_display":"Calgary","is_unorganized":false,"panel_title":"Calgary","display_label":"Calgary","map_label":"48060095"},"geometry":{"type":"MultiPolygon","coordinates":[[[[-114.05749511511246,51.08408875080504],[-114.05750604305196,51.08324354544252],[-114.05750482062456,51.082361941163555],[-114.05750203737912,51.08150746240789],[-114.05750713727866,51.080527046055145],[-114.05999183981268,51.08052664848335],[-114.06254782863695,51.08052805401616],[-114.06264063282937,51.08052804306509],[-114.06274009172039,51.08052804892095],[-114.06273501380987,51.081518348123595],[-114.0627008455609,51.08324312914986],[-114.06260783153365,51.083243241880844],[-114.0625042380738,51.083243355765596],[-114.06109102869965,51.083234840302566],[-114.05996231687423,51.0832424585199],[-114.05993784752913,51.08407835985077],[-114.05749511511246,51.08408875080504]]]]}},{"type":"Feature","properties":{"DGUID":"2021S051248060096","DAUID":"48060096","LANDAREA":0.1461,"PRUID":"48","fed_num":"48011","da_code":"48060096","geo_name":"48060096","name_source":{"label":"Statistics Canada Census Profile 2021 DA WDS","url":"https://www12.statcan.gc.ca/wds-sdw/2021profile-profil2021-eng.cfm"},"population":574,"status":"ok","source":{"label":"Statistics Canada Census Profile 2021 DA WDS","url":"https://www12.statcan.gc.ca/wds-sdw/2021profile-profil2021-eng.cfm"},"community_name":"Calgary","community_source":{"label":"Statistics Canada 2021 census subdivision boundaries (spatial lookup)","url":"https://geo.statcan.gc.ca/geo_wa/rest/services/2021/Cartographic_boundary_files/MapServer/9"},"community_display":"Calgary","is_unorganized":false,"panel_title":"Calgary","display_label":"Calgary","map_label":"48060096"},"geometry":{"type":"MultiPolygon","coordinates":[[[[-114.06110082440652,51.08488116366325],[-114.06109102869965,51.083234840302566],[-114.0625042380738,51.083243355765596],[-114.06260783153365,51.083243241880844],[-114.0627008455609,51.08324312914986],[-114.06273501380987,51.081518348123595],[-114.06274009172039,51.08052804892095],[-114.0650468415375,51.080527859794344],[-114.06504013831804,51.08153514986079],[-114.06529733233509,51.08153265004944],[-114.06669802204364,51.08151386406432],[-114.06670353112719,51.08323195885978],[-114.06666621960589,51.08494905573079],[-114.0653082068431,51.084968964969256],[-114.06386642163392,51.084959643347524],[-114.06271074306107,51.08496126224212],[-114.06262215847327,51.08496140540533],[-114.06250961995202,51.084961557931074],[-114.06130963249579,51.0849673666635],[-114.06110082440652,51.08488116366325]]]]}},{"type":"Feature","properties":{"DGUID":"2021S051248060252","DAUID":"48060252","LANDAREA":0.126,"PRUID":"48","fed_num":"48011","da_code":"48060252","geo_name":"48060252","name_source":{"label":"Statistics Canada Census Profile 2021 DA WDS","url":"https://www12.statcan.gc.ca/wds-sdw/2021profile-profil2021-eng.cfm"},"population":475,"status":"ok","source":{"label":"Statistics Canada Census Profile 2021 DA WDS","url":"https://www12.statcan.gc.ca/wds-sdw/2021profile-profil2021-eng.cfm"},"community_name":"Calgary","community_source":{"label":"Statistics Canada 2021 census subdivision boundaries (spatial lookup)","url":"https://geo.statcan.gc.ca/geo_wa/rest/services/2021/Cartographic_boundary_files/MapServer/9"},"community_display":"Calgary","is_unorganized":false,"panel_title":"Calgary","display_label":"Calgary","map_label":"48060252"},"geometry":{"type":"MultiPolygon","coordinates":[[[[-114.15681306213787,51.12955198995489],[-114.15604304442869,51.12882267871806],[-114.15464904254141,51.12778126628263],[-114.15476823219399,51.127703289952876],[-114.15523115422776,51.12738166831774],[-114.15547428810999,51.127094886142025],[-114.1554776580697,51.127090887029425],[-114.15549033665037,51.12688427757776],[-114.15545401523208,51.126656862938255],[-114.15535625586806,51.126044570399884],[-114.15618785754602,51.126001881310586],[-114.15671373396873,51.126050586757906],[-114.15785115808859,51.12615027382232],[-114.15794003948682,51.12609838706325],[-114.15816303860149,51.125492189818],[-114.15832285225156,51.1254510733927],[-114.15902217848054,51.12546818667432],[-114.15974675978215,51.12553969625985],[-114.16034017844909,51.125653087953154],[-114.1603620507628,51.125761589399914],[-114.16005347584564,51.126365689337725],[-114.15975188038561,51.12708689590329],[-114.15958936222384,51.127172892055476],[-114.15695887366658,51.12694709261821],[-114.15686704215061,51.12727758813927],[-114.1569119508624,51.12771050072027],[-114.15701287357265,51.12792879103293],[-114.15724114671015,51.12816819080268],[-114.15828033305667,51.12800458591998],[-114.15925314929001,51.12799230714388],[-114.15937776044171,51.12805829943175],[-114.15937336266677,51.128130104228575],[-114.15928427213873,51.1286495950172],[-114.15919205394975,51.12875529696222],[-114.15860344767354,51.12879498765641],[-114.15800835653737,51.128942395410135],[-114.15856265777272,51.12969351385337],[-114.15902358134655,51.13056821129491],[-114.15932844575055,51.13165489944805],[-114.15958024511666,51.132443616949246],[-114.15826315853329,51.1324745149416],[-114.1580775486744,51.13246999899981],[-114.15794057178823,51.13167510105687],[-114.15786164250864,51.13133140663463],[-114.15750713369724,51.13058519499649],[-114.15739413500634,51.13033060312149],[-114.15681306213787,51.12955198995489]]]]}},{"type":"Feature","properties":{"DGUID":"2021S051248060254","DAUID":"48060254","LANDAREA":0.364,"PRUID":"48","fed_num":"48011","da_code":"48060254","geo_name":"48060254","name_source":{"label":"Statistics Canada Census Profile 2021 DA WDS","url":"https://www12.statcan.gc.ca/wds-sdw/2021profile-profil2021-eng.cfm"},"population":715,"status":"ok","source":{"label":"Statistics Canada Census Profile 2021 DA WDS","url":"https://www12.statcan.gc.ca/wds-sdw/2021profile-profil2021-eng.cfm"},"community_name":"Calgary","community_source":{"label":"Statistics Canada 2021 census subdivision boundaries (spatial lookup)","url":"https://geo.statcan.gc.ca/geo_wa/rest/services/2021/Cartographic_boundary_files/MapServer/9"},"community_display":"Calgary","is_unorganized":false,"panel_title":"Calgary","display_label":"Calgary","map_label":"48060254"},"geometry":{"type":"MultiPolygon","coordinates":[[[[-114.14792305660124,51.13240003199968],[-114.14790789874965,51.13186244537975],[-114.14803550689166,51.13141573459727],[-114.14798100872612,51.13067683875351],[-114.1489938252725,51.13071064887095],[-114.14927651484781,51.13076246464107],[-114.1505221102298,51.13096376526043],[-114.15114802064909,51.131014977268556],[-114.1519489204732,51.13100757093975],[-114.15223833683685,51.13095166116268],[-114.15266443997209,51.130764183064194],[-114.15317463123513,51.13037177792291],[-114.15239692998131,51.12976816200118],[-114.15225972775913,51.12967496633043],[-114.15181843077413,51.12941226406064],[-114.15166101699343,51.129345264134265],[-114.15130301218501,51.12919286496447],[-114.14979961111091,51.12876946990764],[-114.14888622877706,51.12851323937882],[-114.14867322575428,51.12849015468179],[-114.14828731485406,51.128489655269185],[-114.14760931832976,51.128590058584656],[-114.1467851998847,51.12874085620078],[-114.14630471802703,51.12911583351607],[-114.14619981449964,51.129194230762934],[-114.146060907738,51.1291279302734],[-114.14546710030056,51.128789640300774],[-114.14515771744247,51.128476237697406],[-114.14504359924595,51.128239547377945],[-114.14488541150357,51.1275611272703],[-114.14482948873416,51.12730783717014],[-114.14501622526046,51.1272944496648],[-114.14779131732931,51.127029460476926],[-114.14860442732339,51.12682446899472],[-114.14932204136103,51.126545066843256],[-114.15003582380824,51.12609476107141],[-114.15041425049695,51.125753248465045],[-114.15082662303361,51.125322557509804],[-114.15111753296179,51.125473567237655],[-114.15179802691482,51.12579596390342],[-114.15315572254362,51.12672847288577],[-114.15464904254141,51.12778126628263],[-114.15604304442869,51.12882267871806],[-114.15681306213787,51.12955198995489],[-114.15739413500634,51.13033060312149],[-114.15750713369724,51.13058519499649],[-114.15786164250864,51.13133140663463],[-114.15794057178823,51.13167510105687],[-114.1580775486744,51.13246999899981],[-114.15444521910992,51.13248949193],[-114.15385943926285,51.13248428779519],[-114.14807430524118,51.13240218704272],[-114.14792305660124,51.13240003199968]]]]}},{"type":"Feature","properties":{"DGUID":"2021S051248060256","DAUID":"48060256","LANDAREA":0.1729,"PRUID":"48","fed_num":"48011","da_code":"48060256","geo_name":"48060256","name_source":{"label":"Statistics Canada Census Profile 2021 DA WDS","url":"https://www12.statcan.gc.ca/wds-sdw/2021profile-profil2021-eng.cfm"},"population":562,"status":"ok","source":{"label":"Statistics Canada Census Profile 2021 DA WDS","url":"https://www12.statcan.gc.ca/wds-sdw/2021profile-profil2021-eng.cfm"},"community_name":"Calgary","community_source":{"label":"Statistics Canada 2021 census subdivision boundaries (spatial lookup)","url":"https://geo.statcan.gc.ca/geo_wa/rest/services/2021/Cartographic_boundary_files/MapServer/9"},"community_display":"Calgary","is_unorganized":false,"panel_title":"Calgary","display_label":"Calgary","map_label":"48060256"},"geometry":{"type":"MultiPolygon","coordinates":[[[[-114.13870068875855,51.127023020256296],[-114.13867978175607,51.12620401709141],[-114.1386545847486,51.12545684068432],[-114.14347143577204,51.12545774687441],[-114.14367890890802,51.12464433664957],[-114.14226601610649,51.124609729963396],[-114.14218533408184,51.12452685067804],[-114.14219172865782,51.123960340452285],[-114.14236973735972,51.123856738760296],[-114.14369520205373,51.12391614729664],[-114.14505322965489,51.12391335877945],[-114.14491864325826,51.123316455580174],[-114.14665112565949,51.123034950683284],[-114.14739935994649,51.122954258940666],[-114.14828243103521,51.123002868880555],[-114.14839493865101,51.12303254919029],[-114.14847453619329,51.12313344737639],[-114.14842454576754,51.123249152815994],[-114.14797461789384,51.123822848808324],[-114.14788683348304,51.12385664458533],[-114.14708651616085,51.12385504799641],[-114.14728093243934,51.12464235183103],[-114.14724382627783,51.125244156047195],[-114.14699182622257,51.12631735996024],[-114.14686002926561,51.12636805033496],[-114.14595653862857,51.12641795402469],[-114.14587424009882,51.12636195364105],[-114.14585233364464,51.126253549115695],[-114.14610702591851,51.125135457523655],[-114.14615182054479,51.12464174854849],[-114.14496612726319,51.12463085693932],[-114.14471443294688,51.12616274329443],[-114.14479610007457,51.12715415557485],[-114.14482948873416,51.12730783717014],[-114.14434090494785,51.127349939256426],[-114.14120055455264,51.12760913837489],[-114.1387089001881,51.127814717418],[-114.1387040873173,51.127661718810636],[-114.13870417474415,51.12742791063943],[-114.13870068875855,51.127023020256296]]]]}},{"type":"Feature","properties":{"DGUID":"2021S051248060261","DAUID":"48060261","LANDAREA":0.1071,"PRUID":"48","fed_num":"48011","da_code":"48060261","geo_name":"48060261","name_source":{"label":"Statistics Canada Census Profile 2021 DA WDS","url":"https://www12.statcan.gc.ca/wds-sdw/2021profile-profil2021-eng.cfm"},"population":355,"status":"ok","source":{"label":"Statistics Canada Census Profile 2021 DA WDS","url":"https://www12.statcan.gc.ca/wds-sdw/2021profile-profil2021-eng.cfm"},"community_name":"Calgary","community_source":{"label":"Statistics Canada 2021 census subdivision boundaries (spatial lookup)","url":"https://geo.statcan.gc.ca/geo_wa/rest/services/2021/Cartographic_boundary_files/MapServer/9"},"community_display":"Calgary","is_unorganized":false,"panel_title":"Calgary","display_label":"Calgary","map_label":"48060261"},"geometry":{"type":"MultiPolygon","coordinates":[[[[-114.1396557114596,51.12082214389614],[-114.13918043470086,51.120882422518164],[-114.13855400157387,51.12107392895881],[-114.1382096140057,51.12063382447503],[-114.13817193276203,51.12031802633326],[-114.13717191729498,51.120311513180646],[-114.13697711382608,51.12022582298256],[-114.13695670606957,51.11963163705535],[-114.13683701131006,51.11902613401134],[-114.13694460292639,51.11890282494709],[-114.1380084288199,51.11880291611623],[-114.13784103862753,51.11804333698103],[-114.13792841391448,51.117784624343564],[-114.13811302878577,51.117573240913075],[-114.13875922593407,51.117292239529284],[-114.13981303119635,51.11712012937017],[-114.13993765344085,51.11718612533129],[-114.14031224089764,51.11760012519141],[-114.14079552118025,51.11787272999328],[-114.1414599271864,51.11822184359501],[-114.14168705517626,51.11847924287574],[-114.14175103008438,51.11883162434798],[-114.1417343181178,51.12002743805998],[-114.14172661010734,51.12084582946565],[-114.14127224083443,51.120798732507964],[-114.14057182758994,51.1207995377164],[-114.1396557114596,51.12082214389614]]]]}},{"type":"Feature","properties":{"DGUID":"2021S051248060264","DAUID":"48060264","LANDAREA":0.152,"PRUID":"48","fed_num":"48011","da_code":"48060264","geo_name":"48060264","name_source":{"label":"Statistics Canada Census Profile 2021 DA WDS","url":"https://www12.statcan.gc.ca/wds-sdw/2021profile-profil2021-eng.cfm"},"population":654,"status":"ok","source":{"label":"Statistics Canada Census Profile 2021 DA WDS","url":"https://www12.statcan.gc.ca/wds-sdw/2021profile-profil2021-eng.cfm"},"community_name":"Calgary","community_source":{"label":"Statistics Canada 2021 census subdivision boundaries (spatial lookup)","url":"https://geo.statcan.gc.ca/geo_wa/rest/services/2021/Cartographic_boundary_files/MapServer/9"},"community_display":"Calgary","is_unorganized":false,"panel_title":"Calgary","display_label":"Calgary","map_label":"48060264"},"geometry":{"type":"MultiPolygon","coordinates":[[[[-114.15572856306461,51.11905577313118],[-114.15557723983893,51.118728259538486],[-114.15602518172635,51.11864927001891],[-114.15655805101063,51.118581271876394],[-114.15608417922421,51.11768826604344],[-114.15611935768905,51.1173472514116],[-114.1552688682682,51.11700277011914],[-114.15487425946235,51.116912262720945],[-114.15443186014,51.11690146959101],[-114.15395436068295,51.11699775301966],[-114.15386885944831,51.116761767669026],[-114.15392334265222,51.11634035038962],[-114.15418415339634,51.11604997002039],[-114.15458048196957,51.115879661620376],[-114.1547094525212,51.1158738553024],[-114.15676287716158,51.11664336144124],[-114.15786646945524,51.11705696018657],[-114.15898207159881,51.11750686356847],[-114.16002696425022,51.11794608128418],[-114.15923696519391,51.11870936032603],[-114.1582851744713,51.11908196593935],[-114.15900946074281,51.11985517444042],[-114.15919265427907,51.120129478603396],[-114.15922998543581,51.1204541788616],[-114.15914477132615,51.12067698177104],[-114.15895924835782,51.120906273587195],[-114.15872036724235,51.12107137272926],[-114.15782007418275,51.121769067517],[-114.15736966718627,51.12258566073397],[-114.15608923612261,51.122257662520084],[-114.15477586470317,51.121766965618704],[-114.1543434420781,51.12159445712672],[-114.15544546627855,51.120407066134696],[-114.15568434461194,51.12000817098097],[-114.15578764283842,51.11972277088413],[-114.15580635782833,51.11941747897819],[-114.15572856306461,51.11905577313118]]]]}},{"type":"Feature","properties":{"DGUID":"2021S051248060265","DAUID":"48060265","LANDAREA":0.1663,"PRUID":"48","fed_num":"48011","da_code":"48060265","geo_name":"48060265","name_source":{"label":"Statistics Canada Census Profile 2021 DA WDS","url":"https://www12.statcan.gc.ca/wds-sdw/2021profile-profil2021-eng.cfm"},"population":498,"status":"ok","source":{"label":"Statistics Canada Census Profile 2021 DA WDS","url":"https://www12.statcan.gc.ca/wds-sdw/2021profile-profil2021-eng.cfm"},"community_name":"Calgary","community_source":{"label":"Statistics Canada 2021 census subdivision boundaries (spatial lookup)","url":"https://geo.statcan.gc.ca/geo_wa/rest/services/2021/Cartographic_boundary_files/MapServer/9"},"community_display":"Calgary","is_unorganized":false,"panel_title":"Calgary","display_label":"Calgary","map_label":"48060265"},"geometry":{"type":"MultiPolygon","coordinates":[[[[-114.16004038099918,51.119358569771286],[-114.16108178195418,51.118457356636654],[-114.16126668367227,51.11847085923022],[-114.16205868833197,51.118840866306826],[-114.16301849197188,51.11926898036081],[-114.16362988000182,51.1195536761045],[-114.16383517849377,51.119702579456586],[-114.16402936838854,51.1200310908842],[-114.16400066759942,51.12096577863173],[-114.16399166464306,51.122278783561335],[-114.16389337905908,51.122483275930435],[-114.16351732871537,51.12283289450954],[-114.16346905910338,51.122877786394746],[-114.16308477476258,51.12308429281732],[-114.16275205371238,51.12314817561657],[-114.16192216211829,51.123163977256915],[-114.16076556968652,51.12314487768974],[-114.16016567981023,51.12313938170155],[-114.15858436173612,51.122822073497886],[-114.15736966718627,51.12258566073397],[-114.15782007418275,51.121769067517],[-114.15872036724235,51.12107137272926],[-114.15895924835782,51.120906273587195],[-114.15914477132615,51.12067698177104],[-114.15922998543581,51.1204541788616],[-114.15919265427907,51.120129478603396],[-114.15900946074281,51.11985517444042],[-114.1590736493894,51.11973977234892],[-114.16004038099918,51.119358569771286]]]]}},{"type":"Feature","properties":{"DGUID":"2021S051248060267","DAUID":"48060267","LANDAREA":0.3059,"PRUID":"48","fed_num":"48011","da_code":"48060267","geo_name":"48060267","name_source":{"label":"Statistics Canada Census Profile 2021 DA WDS","url":"https://www12.statcan.gc.ca/wds-sdw/2021profile-profil2021-eng.cfm"},"population":481,"status":"ok","source":{"label":"Statistics Canada Census Profile 2021 DA WDS","url":"https://www12.statcan.gc.ca/wds-sdw/2021profile-profil2021-eng.cfm"},"community_name":"Calgary","community_source":{"label":"Statistics Canada 2021 census subdivision boundaries (spatial lookup)","url":"https://geo.statcan.gc.ca/geo_wa/rest/services/2021/Cartographic_boundary_files/MapServer/9"},"community_display":"Calgary","is_unorganized":false,"panel_title":"Calgary","display_label":"Calgary","map_label":"48060267"},"geometry":{"type":"MultiPolygon","coordinates":[[[[-114.16432588213246,51.11939066700698],[-114.16324086861002,51.118905564331506],[-114.16103936733684,51.11799979326638],[-114.1595573070766,51.117389940519615],[-114.15620166747867,51.11600905981697],[-114.15447478599826,51.11527446098412],[-114.15462574649845,51.11514315404318],[-114.1551110634133,51.11468726565311],[-114.1564301644616,51.11345116770666],[-114.157126584589,51.11374694273183],[-114.15599128097864,51.11478064745724],[-114.15707888667782,51.11522095184592],[-114.15815167245934,51.11566975827228],[-114.15927998447168,51.11614695145524],[-114.16042358149636,51.1166064582641],[-114.16131778595528,51.11577365982933],[-114.16193077971423,51.11603146865848],[-114.16249388627276,51.11617104993696],[-114.16307946824745,51.1161762734197],[-114.16354488274497,51.11604367399728],[-114.16387150205172,51.11584466678552],[-114.1651398889136,51.11473315996827],[-114.16618370093501,51.115190275843865],[-114.16510738455064,51.116198458193296],[-114.16496186446254,51.1164737587481],[-114.16492646197472,51.11821797183384],[-114.16557247998624,51.118404463385694],[-114.16588475835475,51.11843907059717],[-114.16621628213305,51.11839316286951],[-114.16645065498071,51.11829986792485],[-114.16715755979477,51.11772336626655],[-114.16711978733115,51.11764148068141],[-114.1665368754747,51.11735758372064],[-114.1662657848993,51.117117075611944],[-114.1661714877662,51.116790958290196],[-114.16630536857438,51.116470466894505],[-114.16645689756261,51.116330157260485],[-114.16716879096035,51.11567286476306],[-114.1684814460477,51.11631375959979],[-114.16848700811626,51.1163164750174],[-114.16865609151468,51.116356476344286],[-114.16882476312253,51.116334210544615],[-114.16882887529144,51.11633367729006],[-114.16900616809512,51.11623907321959],[-114.16951830858723,51.11581077269141],[-114.17083648753676,51.11645428903097],[-114.17167679307047,51.115800095109655],[-114.17273000583015,51.11493507674987],[-114.1731668025826,51.11456788289683],[-114.17388610549528,51.11504669517235],[-114.17169118310989,51.11684498936072],[-114.17164599277169,51.11687812836352],[-114.17048478378227,51.117729595875446],[-114.16906099050979,51.11867968072567],[-114.16905467915011,51.11868388926518],[-114.16792367881119,51.11945089225419],[-114.16730959299719,51.12000278269659],[-114.16660788347964,51.12063328240932],[-114.16647178851952,51.12075587424569],[-114.16541528216354,51.12003767175891],[-114.16432588213246,51.11939066700698]]]]}},{"type":"Feature","properties":{"DGUID":"2021S051248060268","DAUID":"48060268","LANDAREA":0.2204,"PRUID":"48","fed_num":"48011","da_code":"48060268","geo_name":"48060268","name_source":{"label":"Statistics Canada Census Profile 2021 DA WDS","url":"https://www12.statcan.gc.ca/wds-sdw/2021profile-profil2021-eng.cfm"},"population":367,"status":"ok","source":{"label":"Statistics Canada Census Profile 2021 DA WDS","url":"https://www12.statcan.gc.ca/wds-sdw/2021profile-profil2021-eng.cfm"},"community_name":"Calgary","community_source":{"label":"Statistics Canada 2021 census subdivision boundaries (spatial lookup)","url":"https://geo.statcan.gc.ca/geo_wa/rest/services/2021/Cartographic_boundary_files/MapServer/9"},"community_display":"Calgary","is_unorganized":false,"panel_title":"Calgary","display_label":"Calgary","map_label":"48060268"},"geometry":{"type":"MultiPolygon","coordinates":[[[[-114.16193077971423,51.11603146865848],[-114.16131778595528,51.11577365982933],[-114.16042358149636,51.1166064582641],[-114.15927998447168,51.11614695145524],[-114.15815167245934,51.11566975827228],[-114.15707888667782,51.11522095184592],[-114.15599128097864,51.11478064745724],[-114.157126584589,51.11374694273183],[-114.1564301644616,51.11345116770666],[-114.15887238063047,51.11114494419871],[-114.1611275849612,51.112117256969206],[-114.16233870073688,51.1126413630286],[-114.16232929446011,51.11279406474816],[-114.16160146066228,51.11347796137683],[-114.16244649283222,51.114146067286484],[-114.16355197776754,51.11312955601064],[-114.16463786200464,51.113596663465515],[-114.16580786748496,51.114092764573094],[-114.1651398889136,51.11473315996827],[-114.16387150205172,51.11584466678552],[-114.16354488274497,51.11604367399728],[-114.16307946824745,51.1161762734197],[-114.16249388627276,51.11617104993696],[-114.16193077971423,51.11603146865848]]]]}},{"type":"Feature","properties":{"DGUID":"2021S051248060269","DAUID":"48060269","LANDAREA":0.1532,"PRUID":"48","fed_num":"48011","da_code":"48060269","geo_name":"48060269","name_source":{"label":"Statistics Canada Census Profile 2021 DA WDS","url":"https://www12.statcan.gc.ca/wds-sdw/2021profile-profil2021-eng.cfm"},"population":448,"status":"ok","source":{"label":"Statistics Canada Census Profile 2021 DA WDS","url":"https://www12.statcan.gc.ca/wds-sdw/2021profile-profil2021-eng.cfm"},"community_name":"Calgary","community_source":{"label":"Statistics Canada 2021 census subdivision boundaries (spatial lookup)","url":"https://geo.statcan.gc.ca/geo_wa/rest/services/2021/Cartographic_boundary_files/MapServer/9"},"community_display":"Calgary","is_unorganized":false,"panel_title":"Calgary","display_label":"Calgary","map_label":"48060269"},"geometry":{"type":"MultiPolygon","coordinates":[[[[-114.16510738455064,51.116198458193296],[-114.16618370093501,51.115190275843865],[-114.1651398889136,51.11473315996827],[-114.16580786748496,51.114092764573094],[-114.16653569304913,51.11340885161405],[-114.16707029002774,51.112846155554934],[-114.16728647847857,51.112347659298415],[-114.1684740709116,51.11232246793515],[-114.1690112941254,51.112416460245655],[-114.16997879181511,51.11295258008764],[-114.1708486125206,51.11345036796925],[-114.17181888391346,51.113941588305465],[-114.17028657632548,51.11516378061701],[-114.16951830858723,51.11581077269141],[-114.16900616809512,51.11623907321959],[-114.16882887529144,51.11633367729006],[-114.16882476312253,51.116334210544615],[-114.16865609151468,51.116356476344286],[-114.16848700811626,51.1163164750174],[-114.1684814460477,51.11631375959979],[-114.16716879096035,51.11567286476306],[-114.16645689756261,51.116330157260485],[-114.16630536857438,51.116470466894505],[-114.1661714877662,51.116790958290196],[-114.1662657848993,51.117117075611944],[-114.1665368754747,51.11735758372064],[-114.16711978733115,51.11764148068141],[-114.16715755979477,51.11772336626655],[-114.16645065498071,51.11829986792485],[-114.16621628213305,51.11839316286951],[-114.16588475835475,51.11843907059717],[-114.16557247998624,51.118404463385694],[-114.16492646197472,51.11821797183384],[-114.16496186446254,51.1164737587481],[-114.16510738455064,51.116198458193296]]]]}},{"type":"Feature","properties":{"DGUID":"2021S051248060270","DAUID":"48060270","LANDAREA":0.1857,"PRUID":"48","fed_num":"48011","da_code":"48060270","geo_name":"48060270","name_source":{"label":"Statistics Canada Census Profile 2021 DA WDS","url":"https://www12.statcan.gc.ca/wds-sdw/2021profile-profil2021-eng.cfm"},"population":386,"status":"ok","source":{"label":"Statistics Canada Census Profile 2021 DA WDS","url":"https://www12.statcan.gc.ca/wds-sdw/2021profile-profil2021-eng.cfm"},"community_name":"Calgary","community_source":{"label":"Statistics Canada 2021 census subdivision boundaries (spatial lookup)","url":"https://geo.statcan.gc.ca/geo_wa/rest/services/2021/Cartographic_boundary_files/MapServer/9"},"community_display":"Calgary","is_unorganized":false,"panel_title":"Calgary","display_label":"Calgary","map_label":"48060270"},"geometry":{"type":"MultiPolygon","coordinates":[[[[-114.1684740709116,51.11232246793515],[-114.16728647847857,51.112347659298415],[-114.16707029002774,51.112846155554934],[-114.16653569304913,51.11340885161405],[-114.16537937914887,51.112922066492246],[-114.1629682744291,51.111928073954545],[-114.16481897914059,51.11017406990691],[-114.16367429516453,51.10973256677427],[-114.16444820634727,51.108995762450924],[-114.16606359324763,51.10968255059869],[-114.1663533727268,51.109383764840096],[-114.16640708826922,51.10920526357019],[-114.16617260307189,51.1087868510807],[-114.16608507512194,51.108630752706],[-114.16595450478346,51.108429644216415],[-114.16649931058238,51.10866286551109],[-114.16762541729103,51.109144766253806],[-114.1706340893824,51.11041397909836],[-114.17037730460581,51.11064166852231],[-114.1702619915488,51.11089065763238],[-114.17153128170702,51.11093046511415],[-114.17142981033669,51.11165656292826],[-114.17133431315703,51.11181617151393],[-114.17074551790856,51.1123325779035],[-114.17167511559208,51.11278677673043],[-114.1708486125206,51.11345036796925],[-114.16997879181511,51.11295258008764],[-114.1690112941254,51.112416460245655],[-114.1684740709116,51.11232246793515]]]]}},{"type":"Feature","properties":{"DGUID":"2021S051248060271","DAUID":"48060271","LANDAREA":0.1096,"PRUID":"48","fed_num":"48011","da_code":"48060271","geo_name":"48060271","name_source":{"label":"Statistics Canada Census Profile 2021 DA WDS","url":"https://www12.statcan.gc.ca/wds-sdw/2021profile-profil2021-eng.cfm"},"population":361,"status":"ok","source":{"label":"Statistics Canada Census Profile 2021 DA WDS","url":"https://www12.statcan.gc.ca/wds-sdw/2021profile-profil2021-eng.cfm"},"community_name":"Calgary","community_source":{"label":"Statistics Canada 2021 census subdivision boundaries (spatial lookup)","url":"https://geo.statcan.gc.ca/geo_wa/rest/services/2021/Cartographic_boundary_files/MapServer/9"},"community_display":"Calgary","is_unorganized":false,"panel_title":"Calgary","display_label":"Calgary","map_label":"48060271"},"geometry":{"type":"MultiPolygon","coordinates":[[[[-114.17142981033669,51.11165656292826],[-114.17153128170702,51.11093046511415],[-114.17274519664868,51.11094178287296],[-114.1739459052505,51.11093488060912],[-114.17381969395612,51.11183128976937],[-114.17510330090923,51.11187137361608],[-114.17498921549323,51.11233628364243],[-114.17433401607896,51.113471775928204],[-114.1741014206028,51.11377197837228],[-114.17364812102139,51.114174781145046],[-114.1731668025826,51.11456788289683],[-114.17273000583015,51.11493507674987],[-114.17167679307047,51.115800095109655],[-114.17083648753676,51.11645428903097],[-114.16951830858723,51.11581077269141],[-114.17028657632548,51.11516378061701],[-114.17181888391346,51.113941588305465],[-114.1708486125206,51.11345036796925],[-114.17167511559208,51.11278677673043],[-114.17074551790856,51.1123325779035],[-114.17133431315703,51.11181617151393],[-114.17142981033669,51.11165656292826]]]]}},{"type":"Feature","properties":{"DGUID":"2021S051248060272","DAUID":"48060272","LANDAREA":0.3467,"PRUID":"48","fed_num":"48011","da_code":"48060272","geo_name":"48060272","name_source":{"label":"Statistics Canada Census Profile 2021 DA WDS","url":"https://www12.statcan.gc.ca/wds-sdw/2021profile-profil2021-eng.cfm"},"population":469,"status":"ok","source":{"label":"Statistics Canada Census Profile 2021 DA WDS","url":"https://www12.statcan.gc.ca/wds-sdw/2021profile-profil2021-eng.cfm"},"community_name":"Calgary","community_source":{"label":"Statistics Canada 2021 census subdivision boundaries (spatial lookup)","url":"https://geo.statcan.gc.ca/geo_wa/rest/services/2021/Cartographic_boundary_files/MapServer/9"},"community_display":"Calgary","is_unorganized":false,"panel_title":"Calgary","display_label":"Calgary","map_label":"48060272"},"geometry":{"type":"MultiPolygon","coordinates":[[[[-114.16649931058238,51.10866286551109],[-114.16595450478346,51.108429644216415],[-114.16608507512194,51.108630752706],[-114.16617260307189,51.1087868510807],[-114.16640708826922,51.10920526357019],[-114.1663533727268,51.109383764840096],[-114.16606359324763,51.10968255059869],[-114.16444820634727,51.108995762450924],[-114.16244269311584,51.10814654439191],[-114.16217768546578,51.10804116175372],[-114.16229950694533,51.10791824945299],[-114.1643780815722,51.10595882767738],[-114.1645133842526,51.105831264004614],[-114.16483168479886,51.10553316389583],[-114.16494568697864,51.10543125203564],[-114.16514937764093,51.1052440472034],[-114.16592084071391,51.105571949847835],[-114.16936878087671,51.10703736768959],[-114.17240089898856,51.108314955701715],[-114.17661217838103,51.1100908633959],[-114.17800560388551,51.11067316069682],[-114.17818815670513,51.11074944718694],[-114.17802819501433,51.11096417922142],[-114.1776587105563,51.11142776491291],[-114.17758071553008,51.1115257853386],[-114.17687039993852,51.112334187625116],[-114.17649151617574,51.1127357750888],[-114.17599251992219,51.11321988980171],[-114.17495621069816,51.11416948205609],[-114.17406691631057,51.11490257351141],[-114.17388610549528,51.11504669517235],[-114.1731668025826,51.11456788289683],[-114.17364812102139,51.114174781145046],[-114.1741014206028,51.11377197837228],[-114.17433401607896,51.113471775928204],[-114.17498921549323,51.11233628364243],[-114.17510330090923,51.11187137361608],[-114.17381969395612,51.11183128976937],[-114.1739459052505,51.11093488060912],[-114.17274519664868,51.11094178287296],[-114.17153128170702,51.11093046511415],[-114.1702619915488,51.11089065763238],[-114.17037730460581,51.11064166852231],[-114.1706340893824,51.11041397909836],[-114.16762541729103,51.109144766253806],[-114.16649931058238,51.10866286551109]]]]}},{"type":"Feature","properties":{"DGUID":"2021S051248060273","DAUID":"48060273","LANDAREA":0.1487,"PRUID":"48","fed_num":"48011","da_code":"48060273","geo_name":"48060273","name_source":{"label":"Statistics Canada Census Profile 2021 DA WDS","url":"https://www12.statcan.gc.ca/wds-sdw/2021profile-profil2021-eng.cfm"},"population":558,"status":"ok","source":{"label":"Statistics Canada Census Profile 2021 DA WDS","url":"https://www12.statcan.gc.ca/wds-sdw/2021profile-profil2021-eng.cfm"},"community_name":"Calgary","community_source":{"label":"Statistics Canada 2021 census subdivision boundaries (spatial lookup)","url":"https://geo.statcan.gc.ca/geo_wa/rest/services/2021/Cartographic_boundary_files/MapServer/9"},"community_display":"Calgary","is_unorganized":false,"panel_title":"Calgary","display_label":"Calgary","map_label":"48060273"},"geometry":{"type":"MultiPolygon","coordinates":[[[[-114.16463786200464,51.113596663465515],[-114.16355197776754,51.11312955601064],[-114.16244649283222,51.114146067286484],[-114.16160146066228,51.11347796137683],[-114.16232929446011,51.11279406474816],[-114.16233870073688,51.1126413630286],[-114.1611275849612,51.112117256969206],[-114.15887238063047,51.11114494419871],[-114.15958486770012,51.11047865811618],[-114.16140439353518,51.10876895333686],[-114.16188947835853,51.10831305928163],[-114.16217768546578,51.10804116175372],[-114.16244269311584,51.10814654439191],[-114.16444820634727,51.108995762450924],[-114.16367429516453,51.10973256677427],[-114.16481897914059,51.11017406990691],[-114.1629682744291,51.111928073954545],[-114.16537937914887,51.112922066492246],[-114.16653569304913,51.11340885161405],[-114.16580786748496,51.114092764573094],[-114.16463786200464,51.113596663465515]]]]}},{"type":"Feature","properties":{"DGUID":"2021S051248060274","DAUID":"48060274","LANDAREA":0.1902,"PRUID":"48","fed_num":"48011","da_code":"48060274","geo_name":"48060274","name_source":{"label":"Statistics Canada Census Profile 2021 DA WDS","url":"https://www12.statcan.gc.ca/wds-sdw/2021profile-profil2021-eng.cfm"},"population":609,"status":"ok","source":{"label":"Statistics Canada Census Profile 2021 DA WDS","url":"https://www12.statcan.gc.ca/wds-sdw/2021profile-profil2021-eng.cfm"},"community_name":"Calgary","community_source":{"label":"Statistics Canada 2021 census subdivision boundaries (spatial lookup)","url":"https://geo.statcan.gc.ca/geo_wa/rest/services/2021/Cartographic_boundary_files/MapServer/9"},"community_display":"Calgary","is_unorganized":false,"panel_title":"Calgary","display_label":"Calgary","map_label":"48060274"},"geometry":{"type":"MultiPolygon","coordinates":[[[[-114.1561449874074,51.10572895056606],[-114.15618810116426,51.105515542317626],[-114.15631418822439,51.10556905269042],[-114.15649288424493,51.105644348523214],[-114.15873749252373,51.106590339503086],[-114.1597959042698,51.107038847975176],[-114.16198229483963,51.107964449986945],[-114.16217768546578,51.10804116175372],[-114.16188947835853,51.10831305928163],[-114.16140439353518,51.10876895333686],[-114.15958486770012,51.11047865811618],[-114.15887238063047,51.11114494419871],[-114.15869187235062,51.11105964585625],[-114.15672917781103,51.11021134427908],[-114.15563189980827,51.109698959530846],[-114.1541844705997,51.10907006377588],[-114.15437946491178,51.10868804874607],[-114.15448167102366,51.108186855694626],[-114.15461078945198,51.10771325148901],[-114.15473817696093,51.1075004588976],[-114.15511859562346,51.10712294928713],[-114.1555254732186,51.10631435426825],[-114.1561449874074,51.10572895056606]]]]}},{"type":"Feature","properties":{"DGUID":"2021S051248060275","DAUID":"48060275","LANDAREA":0.1541,"PRUID":"48","fed_num":"48011","da_code":"48060275","geo_name":"48060275","name_source":{"label":"Statistics Canada Census Profile 2021 DA WDS","url":"https://www12.statcan.gc.ca/wds-sdw/2021profile-profil2021-eng.cfm"},"population":429,"status":"ok","source":{"label":"Statistics Canada Census Profile 2021 DA WDS","url":"https://www12.statcan.gc.ca/wds-sdw/2021profile-profil2021-eng.cfm"},"community_name":"Calgary","community_source":{"label":"Statistics Canada 2021 census subdivision boundaries (spatial lookup)","url":"https://geo.statcan.gc.ca/geo_wa/rest/services/2021/Cartographic_boundary_files/MapServer/9"},"community_display":"Calgary","is_unorganized":false,"panel_title":"Calgary","display_label":"Calgary","map_label":"48060275"},"geometry":{"type":"MultiPolygon","coordinates":[[[[-114.1543687654569,51.11397666957751],[-114.15220905446088,51.11307854970467],[-114.15010537852052,51.11219975803096],[-114.15003848388892,51.11212614600549],[-114.15021545987717,51.11157274781377],[-114.1503867803375,51.11134305555861],[-114.1506420896564,51.111142455338104],[-114.15125238491909,51.110977438681125],[-114.15159529444067,51.11097675643432],[-114.15289538344452,51.11098143780388],[-114.15366798141868,51.11096434030343],[-114.15416026939951,51.11085935089547],[-114.1545444679612,51.11065286245977],[-114.15563189980827,51.109698959530846],[-114.15672917781103,51.11021134427908],[-114.15869187235062,51.11105964585625],[-114.15887238063047,51.11114494419871],[-114.1564301644616,51.11345116770666],[-114.15623536367659,51.11336545916912],[-114.1555390726824,51.113069651733376],[-114.15455755570656,51.11392725893634],[-114.1543687654569,51.11397666957751]]]]}},{"type":"Feature","properties":{"DGUID":"2021S051248060276","DAUID":"48060276","LANDAREA":0.1675,"PRUID":"48","fed_num":"48011","da_code":"48060276","geo_name":"48060276","name_source":{"label":"Statistics Canada Census Profile 2021 DA WDS","url":"https://www12.statcan.gc.ca/wds-sdw/2021profile-profil2021-eng.cfm"},"population":371,"status":"ok","source":{"label":"Statistics Canada Census Profile 2021 DA WDS","url":"https://www12.statcan.gc.ca/wds-sdw/2021profile-profil2021-eng.cfm"},"community_name":"Calgary","community_source":{"label":"Statistics Canada 2021 census subdivision boundaries (spatial lookup)","url":"https://geo.statcan.gc.ca/geo_wa/rest/services/2021/Cartographic_boundary_files/MapServer/9"},"community_display":"Calgary","is_unorganized":false,"panel_title":"Calgary","display_label":"Calgary","map_label":"48060276"},"geometry":{"type":"MultiPolygon","coordinates":[[[[-114.15159529444067,51.11097675643432],[-114.15125238491909,51.110977438681125],[-114.1506420896564,51.111142455338104],[-114.1495003900158,51.11042195210298],[-114.14892567946677,51.11070474549224],[-114.14865069152039,51.110761049120356],[-114.14838028717217,51.1107455406841],[-114.14810928292525,51.11050494906157],[-114.14708054925826,51.11003913287836],[-114.1465989677744,51.109739540667405],[-114.14629236828101,51.10938124577541],[-114.14613236226664,51.10896353161579],[-114.14610976257777,51.10817154420945],[-114.14611627783697,51.10737112785264],[-114.14673078539074,51.107368139717906],[-114.14739305209477,51.10751923254788],[-114.14847777428837,51.107770544156864],[-114.1517627002516,51.1084893516269],[-114.15281778563288,51.10875794083635],[-114.1541844705997,51.10907006377588],[-114.15563189980827,51.109698959530846],[-114.1545444679612,51.11065286245977],[-114.15416026939951,51.11085935089547],[-114.15366798141868,51.11096434030343],[-114.15289538344452,51.11098143780388],[-114.15159529444067,51.11097675643432]]]]}},{"type":"Feature","properties":{"DGUID":"2021S051248060277","DAUID":"48060277","LANDAREA":0.1457,"PRUID":"48","fed_num":"48011","da_code":"48060277","geo_name":"48060277","name_source":{"label":"Statistics Canada Census Profile 2021 DA WDS","url":"https://www12.statcan.gc.ca/wds-sdw/2021profile-profil2021-eng.cfm"},"population":414,"status":"ok","source":{"label":"Statistics Canada Census Profile 2021 DA WDS","url":"https://www12.statcan.gc.ca/wds-sdw/2021profile-profil2021-eng.cfm"},"community_name":"Calgary","community_source":{"label":"Statistics Canada 2021 census subdivision boundaries (spatial lookup)","url":"https://geo.statcan.gc.ca/geo_wa/rest/services/2021/Cartographic_boundary_files/MapServer/9"},"community_display":"Calgary","is_unorganized":false,"panel_title":"Calgary","display_label":"Calgary","map_label":"48060277"},"geometry":{"type":"MultiPolygon","coordinates":[[[[-114.14760606888758,51.10406143666532],[-114.14761399517415,51.1034680316027],[-114.15021418186717,51.10346852562138],[-114.15017589607531,51.10432202734238],[-114.15014216987603,51.10486993719982],[-114.14975837738399,51.10553513318981],[-114.15095547220523,51.10581623925934],[-114.15231878104818,51.10641613382341],[-114.15286406263641,51.10660934040581],[-114.15263030329304,51.10692744358621],[-114.15219700049438,51.10769944013359],[-114.1517627002516,51.1084893516269],[-114.14847777428837,51.107770544156864],[-114.14739305209477,51.10751923254788],[-114.14673078539074,51.107368139717906],[-114.14611627783697,51.10737112785264],[-114.14621857027225,51.1068699215796],[-114.14631526903099,51.106692422641466],[-114.14672984835791,51.10599193229857],[-114.14730427120611,51.10501653484864],[-114.14754597675741,51.104572721965944],[-114.14760606888758,51.10406143666532]]]]}},{"type":"Feature","properties":{"DGUID":"2021S051248060278","DAUID":"48060278","LANDAREA":0.1381,"PRUID":"48","fed_num":"48011","da_code":"48060278","geo_name":"48060278","name_source":{"label":"Statistics Canada Census Profile 2021 DA WDS","url":"https://www12.statcan.gc.ca/wds-sdw/2021profile-profil2021-eng.cfm"},"population":458,"status":"ok","source":{"label":"Statistics Canada Census Profile 2021 DA WDS","url":"https://www12.statcan.gc.ca/wds-sdw/2021profile-profil2021-eng.cfm"},"community_name":"Calgary","community_source":{"label":"Statistics Canada 2021 census subdivision boundaries (spatial lookup)","url":"https://geo.statcan.gc.ca/geo_wa/rest/services/2021/Cartographic_boundary_files/MapServer/9"},"community_display":"Calgary","is_unorganized":false,"panel_title":"Calgary","display_label":"Calgary","map_label":"48060278"},"geometry":{"type":"MultiPolygon","coordinates":[[[[-114.15017589607531,51.10432202734238],[-114.15021418186717,51.10346852562138],[-114.1511408912991,51.10350013543748],[-114.1516197974468,51.103610738208516],[-114.15467109366813,51.10487234016859],[-114.15618810116426,51.105515542317626],[-114.1561449874074,51.10572895056606],[-114.1555254732186,51.10631435426825],[-114.15511859562346,51.10712294928713],[-114.15473817696093,51.1075004588976],[-114.15461078945198,51.10771325148901],[-114.15448167102366,51.108186855694626],[-114.15437946491178,51.10868804874607],[-114.1541844705997,51.10907006377588],[-114.15281778563288,51.10875794083635],[-114.1517627002516,51.1084893516269],[-114.15219700049438,51.10769944013359],[-114.15263030329304,51.10692744358621],[-114.15286406263641,51.10660934040581],[-114.15231878104818,51.10641613382341],[-114.15095547220523,51.10581623925934],[-114.14975837738399,51.10553513318981],[-114.15014216987603,51.10486993719982],[-114.15017589607531,51.10432202734238]]]]}},{"type":"Feature","properties":{"DGUID":"2021S051248060281","DAUID":"48060281","LANDAREA":0.4446,"PRUID":"48","fed_num":"48011","da_code":"48060281","geo_name":"48060281","name_source":{"label":"Statistics Canada Census Profile 2021 DA WDS","url":"https://www12.statcan.gc.ca/wds-sdw/2021profile-profil2021-eng.cfm"},"population":814,"status":"ok","source":{"label":"Statistics Canada Census Profile 2021 DA WDS","url":"https://www12.statcan.gc.ca/wds-sdw/2021profile-profil2021-eng.cfm"},"community_name":"Calgary","community_source":{"label":"Statistics Canada 2021 census subdivision boundaries (spatial lookup)","url":"https://geo.statcan.gc.ca/geo_wa/rest/services/2021/Cartographic_boundary_files/MapServer/9"},"community_display":"Calgary","is_unorganized":false,"panel_title":"Calgary","display_label":"Calgary","map_label":"48060281"},"geometry":{"type":"MultiPolygon","coordinates":[[[[-114.15180660126508,51.10034123322468],[-114.1515920901186,51.10034493427827],[-114.1513143939191,51.10044613453412],[-114.15111907532734,51.10060324157068],[-114.15074016682955,51.10089951851107],[-114.15029359502151,51.10124872184541],[-114.14995389422342,51.10142934400728],[-114.14860799702709,51.101711337719614],[-114.14814268922414,51.1018439195556],[-114.14794915844291,51.10195572225061],[-114.147844164093,51.10203963607879],[-114.14774229888702,51.10214553314244],[-114.14761077603923,51.10236162905872],[-114.14760806316598,51.10333292825338],[-114.14761399517415,51.1034680316027],[-114.14582808521347,51.10346933272884],[-114.14487457802022,51.10341011356246],[-114.14462014853493,51.10335883545632],[-114.14411248617729,51.10325652612104],[-114.14313337989495,51.10291782627644],[-114.14278835555571,51.10272041646568],[-114.14256785662488,51.10258911911537],[-114.14270236061472,51.102493523116735],[-114.14383636063901,51.10171171985072],[-114.1444779801965,51.10126862909206],[-114.14506027067807,51.10086011708269],[-114.14628367849923,51.10001753113457],[-114.14658557927376,51.09975502727912],[-114.14750947579242,51.09867132306057],[-114.14821627722336,51.09809494185621],[-114.14844029175092,51.09793843082934],[-114.14846377697386,51.097923026285144],[-114.14869379315073,51.09776472028746],[-114.14993608876586,51.09846963031787],[-114.15259240135478,51.1001085432494],[-114.1539054795042,51.10082413180304],[-114.15401759553548,51.10087705271723],[-114.15637679440987,51.10199064632081],[-114.15770268854398,51.10249964485778],[-114.15909064893759,51.10295400956083],[-114.16019570974422,51.1033157553059],[-114.16119762301543,51.10367423265645],[-114.16248839690745,51.10413606095805],[-114.16427931906715,51.10487846551041],[-114.164954597973,51.105158357745836],[-114.16514937764093,51.1052440472034],[-114.16494568697864,51.10543125203564],[-114.16483168479886,51.10553316389583],[-114.1645133842526,51.105831264004614],[-114.1643780815722,51.10595882767738],[-114.16229950694533,51.10791824945299],[-114.16217768546578,51.10804116175372],[-114.16198229483963,51.107964449986945],[-114.1597959042698,51.107038847975176],[-114.15873749252373,51.106590339503086],[-114.15649288424493,51.105644348523214],[-114.15631418822439,51.10556905269042],[-114.15618810116426,51.105515542317626],[-114.15467109366813,51.10487234016859],[-114.15480719492491,51.104749737446696],[-114.15518589096372,51.10439923831303],[-114.15543457817826,51.10407245360555],[-114.15584408537691,51.10345284997593],[-114.15608240359045,51.10306284243061],[-114.15625637963255,51.10278823991841],[-114.15632937037823,51.10252913383562],[-114.15616867708395,51.10235433489383],[-114.15563134507464,51.10210865755922],[-114.15394537981226,51.101337748254565],[-114.1528219685871,51.100788743878184],[-114.15200358439637,51.100391022416055],[-114.15180660126508,51.10034123322468]]]]}},{"type":"Feature","properties":{"DGUID":"2021S051248060328","DAUID":"48060328","LANDAREA":0.3498,"PRUID":"48","fed_num":"48011","da_code":"48060328","geo_name":"48060328","name_source":{"label":"Statistics Canada Census Profile 2021 DA WDS","url":"https://www12.statcan.gc.ca/wds-sdw/2021profile-profil2021-eng.cfm"},"population":574,"status":"ok","source":{"label":"Statistics Canada Census Profile 2021 DA WDS","url":"https://www12.statcan.gc.ca/wds-sdw/2021profile-profil2021-eng.cfm"},"community_name":"Calgary","community_source":{"label":"Statistics Canada 2021 census subdivision boundaries (spatial lookup)","url":"https://geo.statcan.gc.ca/geo_wa/rest/services/2021/Cartographic_boundary_files/MapServer/9"},"community_display":"Calgary","is_unorganized":false,"panel_title":"Calgary","display_label":"Calgary","map_label":"48060328"},"geometry":{"type":"MultiPolygon","coordinates":[[[[-114.1528094882332,51.11446936200912],[-114.15203195097773,51.114099555038216],[-114.15138747228293,51.11382944336728],[-114.1495940804361,51.113077758046096],[-114.14800625483663,51.112409352822866],[-114.1479502508184,51.112389940170516],[-114.14539794737932,51.11137423678101],[-114.14275023232162,51.11028411552256],[-114.14014445674418,51.10921292620089],[-114.13994963446137,51.109127205436415],[-114.14003044706153,51.108976210992395],[-114.14039643171114,51.10813970507912],[-114.14053902749536,51.10745060836545],[-114.14063544315154,51.10681431188157],[-114.14065215003208,51.10561842133392],[-114.14073266447548,51.10500881659506],[-114.14110747460154,51.1040285281275],[-114.14148095752212,51.103534027561224],[-114.14198325403166,51.10303362444601],[-114.14256785662488,51.10258911911537],[-114.14278835555571,51.10272041646568],[-114.14313337989495,51.10291782627644],[-114.14411248617729,51.10325652612104],[-114.14462014853493,51.10335883545632],[-114.14487457802022,51.10341011356246],[-114.14582808521347,51.10346933272884],[-114.14761399517415,51.1034680316027],[-114.14760606888758,51.10406143666532],[-114.14620575442738,51.10406322977094],[-114.14361877888975,51.10408101974129],[-114.14345906999068,51.10412201932784],[-114.1430732522767,51.10435553141182],[-114.14251157280341,51.10489042564131],[-114.14235717002401,51.10530942543382],[-114.14236014626648,51.10572323101073],[-114.14238993686718,51.107325028198666],[-114.1425440527107,51.10737370640507],[-114.14367275659683,51.10737433364372],[-114.14611627783697,51.10737112785264],[-114.14610976257777,51.10817154420945],[-114.14613236226664,51.10896353161579],[-114.14629236828101,51.10938124577541],[-114.1465989677744,51.109739540667405],[-114.14708054925826,51.11003913287836],[-114.14810928292525,51.11050494906157],[-114.14838028717217,51.1107455406841],[-114.14865069152039,51.110761049120356],[-114.14892567946677,51.11070474549224],[-114.1495003900158,51.11042195210298],[-114.1506420896564,51.111142455338104],[-114.1503867803375,51.11134305555861],[-114.15021545987717,51.11157274781377],[-114.15003848388892,51.11212614600549],[-114.15010537852052,51.11219975803096],[-114.15220905446088,51.11307854970467],[-114.1543687654569,51.11397666957751],[-114.15455755570656,51.11392725893634],[-114.1555390726824,51.113069651733376],[-114.15623536367659,51.11336545916912],[-114.1564301644616,51.11345116770666],[-114.1551110634133,51.11468726565311],[-114.15462574649845,51.11514315404318],[-114.15447478599826,51.11527446098412],[-114.15429425070627,51.115189047521234],[-114.1528094882332,51.11446936200912]]]]}},{"type":"Feature","properties":{"DGUID":"2021S051248060329","DAUID":"48060329","LANDAREA":0.112,"PRUID":"48","fed_num":"48011","da_code":"48060329","geo_name":"48060329","name_source":{"label":"Statistics Canada Census Profile 2021 DA WDS","url":"https://www12.statcan.gc.ca/wds-sdw/2021profile-profil2021-eng.cfm"},"population":358,"status":"ok","source":{"label":"Statistics Canada Census Profile 2021 DA WDS","url":"https://www12.statcan.gc.ca/wds-sdw/2021profile-profil2021-eng.cfm"},"community_name":"Calgary","community_source":{"label":"Statistics Canada 2021 census subdivision boundaries (spatial lookup)","url":"https://geo.statcan.gc.ca/geo_wa/rest/services/2021/Cartographic_boundary_files/MapServer/9"},"community_display":"Calgary","is_unorganized":false,"panel_title":"Calgary","display_label":"Calgary","map_label":"48060329"},"geometry":{"type":"MultiPolygon","coordinates":[[[[-114.14345906999068,51.10412201932784],[-114.14361877888975,51.10408101974129],[-114.14620575442738,51.10406322977094],[-114.14760606888758,51.10406143666532],[-114.14754597675741,51.104572721965944],[-114.14730427120611,51.10501653484864],[-114.14672984835791,51.10599193229857],[-114.14631526903099,51.106692422641466],[-114.14621857027225,51.1068699215796],[-114.14611627783697,51.10737112785264],[-114.14367275659683,51.10737433364372],[-114.1425440527107,51.10737370640507],[-114.14238993686718,51.107325028198666],[-114.14236014626648,51.10572323101073],[-114.14235717002401,51.10530942543382],[-114.14251157280341,51.10489042564131],[-114.1430732522767,51.10435553141182],[-114.14345906999068,51.10412201932784]]]]}},{"type":"Feature","properties":{"DGUID":"2021S051248060331","DAUID":"48060331","LANDAREA":0.3443,"PRUID":"48","fed_num":"48011","da_code":"48060331","geo_name":"48060331","name_source":{"label":"Statistics Canada Census Profile 2021 DA WDS","url":"https://www12.statcan.gc.ca/wds-sdw/2021profile-profil2021-eng.cfm"},"population":663,"status":"ok","source":{"label":"Statistics Canada Census Profile 2021 DA WDS","url":"https://www12.statcan.gc.ca/wds-sdw/2021profile-profil2021-eng.cfm"},"community_name":"Calgary","community_source":{"label":"Statistics Canada 2021 census subdivision boundaries (spatial lookup)","url":"https://geo.statcan.gc.ca/geo_wa/rest/services/2021/Cartographic_boundary_files/MapServer/9"},"community_display":"Calgary","is_unorganized":false,"panel_title":"Calgary","display_label":"Calgary","map_label":"48060331"},"geometry":{"type":"MultiPolygon","coordinates":[[[[-114.14939694770351,51.11790306679226],[-114.1481955520238,51.11791874021579],[-114.14795025643579,51.117957650949286],[-114.14663255630894,51.11777264933857],[-114.14628246819449,51.11765614013141],[-114.14597846788627,51.11748673832025],[-114.14572114644548,51.1172556568533],[-114.14561755962349,51.1170822472937],[-114.14540725960211,51.1163215517576],[-114.1452095581041,51.11558813293756],[-114.14512084796822,51.1151721422058],[-114.14495146743282,51.114907232345885],[-114.14409185234584,51.114247544991635],[-114.14390425239345,51.11404512775629],[-114.1436118618945,51.11299453678532],[-114.14346615620937,51.112577220438865],[-114.143252246079,51.11233812078751],[-114.14152304174075,51.111414423304126],[-114.14126752922745,51.11115631883735],[-114.14114486622776,51.11082942774794],[-114.14112362934239,51.110478115369986],[-114.14118794911238,51.110362816437885],[-114.14134703368033,51.11033073026864],[-114.14194243559335,51.11040821710697],[-114.14261504476828,51.11062251956976],[-114.14362454141116,51.110935141204344],[-114.14386043464313,51.111048832873195],[-114.14493415561797,51.11147984138834],[-114.14518376973156,51.111602830443175],[-114.14599937842965,51.11251323558197],[-114.1462120626964,51.112770249269055],[-114.14628555100626,51.11296994549987],[-114.14607224475235,51.11364834026798],[-114.1461258784489,51.11393743955513],[-114.14638635208814,51.11434864880401],[-114.14738576143824,51.11413014730615],[-114.14715997418777,51.113620945294514],[-114.14726117485026,51.113137751102755],[-114.14731006797962,51.113039934373944],[-114.1479502508184,51.112389940170516],[-114.14800625483663,51.112409352822866],[-114.1495940804361,51.113077758046096],[-114.15138747228293,51.11382944336728],[-114.15203195097773,51.114099555038216],[-114.1528094882332,51.11446936200912],[-114.15429425070627,51.115189047521234],[-114.15447478599826,51.11527446098412],[-114.15403228366824,51.115731351457676],[-114.1537110665824,51.11607436856883],[-114.15356546830226,51.11634965247384],[-114.15351986922477,51.11662736648976],[-114.1535762519154,51.1168715649703],[-114.15361185731933,51.116989355006005],[-114.15340996392028,51.11702044746524],[-114.15264867586978,51.11708285959695],[-114.15168207412304,51.11723026559016],[-114.15190194537014,51.117838246788175],[-114.15177715375624,51.118239954630326],[-114.14939694770351,51.11790306679226]]]]}},{"type":"Feature","properties":{"DGUID":"2021S051248060334","DAUID":"48060334","LANDAREA":0.1425,"PRUID":"48","fed_num":"48011","da_code":"48060334","geo_name":"48060334","name_source":{"label":"Statistics Canada Census Profile 2021 DA WDS","url":"https://www12.statcan.gc.ca/wds-sdw/2021profile-profil2021-eng.cfm"},"population":483,"status":"ok","source":{"label":"Statistics Canada Census Profile 2021 DA WDS","url":"https://www12.statcan.gc.ca/wds-sdw/2021profile-profil2021-eng.cfm"},"community_name":"Calgary","community_source":{"label":"Statistics Canada 2021 census subdivision boundaries (spatial lookup)","url":"https://geo.statcan.gc.ca/geo_wa/rest/services/2021/Cartographic_boundary_files/MapServer/9"},"community_display":"Calgary","is_unorganized":false,"panel_title":"Calgary","display_label":"Calgary","map_label":"48060334"},"geometry":{"type":"MultiPolygon","coordinates":[[[[-114.13499627292474,51.13052109853889],[-114.1345117736571,51.13026639803527],[-114.13383905795168,51.129818177525365],[-114.13301545213528,51.12926729996022],[-114.13219194683491,51.12871639971734],[-114.13379624588133,51.12773928830432],[-114.13400338258528,51.1276275023514],[-114.13449587625789,51.12752258971478],[-114.1349234761458,51.12754210536576],[-114.1355842643785,51.12772019614747],[-114.13538968424872,51.12809319321248],[-114.13512585696529,51.12842850966011],[-114.13574056254197,51.128659512171744],[-114.13610585269055,51.12899229026201],[-114.1368503624582,51.12966710098614],[-114.13693157994224,51.12974110043834],[-114.13788647912352,51.12932369044664],[-114.13826059015653,51.129054000645986],[-114.13850729165618,51.128763219196294],[-114.1391269702228,51.128913324854345],[-114.13978238722699,51.128947398494844],[-114.13945707695994,51.129353209758634],[-114.13905178532599,51.12966710224691],[-114.13996377612952,51.130175102525875],[-114.14031828178602,51.130453595734146],[-114.14041908135839,51.13067191148435],[-114.1404370618602,51.13176970680253],[-114.14028599151096,51.13190099839955],[-114.13917206858757,51.13188269912831],[-114.13795598292413,51.13189789138297],[-114.13768428075892,51.131900198936805],[-114.13579836438115,51.13188096949725],[-114.13571994873753,51.13176207425726],[-114.1357816683252,51.1314577886301],[-114.13610255721684,51.13112388071726],[-114.13510544758009,51.13060479467008],[-114.13499627292474,51.13052109853889]]]]}},{"type":"Feature","properties":{"DGUID":"2021S051248060339","DAUID":"48060339","LANDAREA":0.1691,"PRUID":"48","fed_num":"48011","da_code":"48060339","geo_name":"48060339","name_source":{"label":"Statistics Canada Census Profile 2021 DA WDS","url":"https://www12.statcan.gc.ca/wds-sdw/2021profile-profil2021-eng.cfm"},"population":373,"status":"ok","source":{"label":"Statistics Canada Census Profile 2021 DA WDS","url":"https://www12.statcan.gc.ca/wds-sdw/2021profile-profil2021-eng.cfm"},"community_name":"Calgary","community_source":{"label":"Statistics Canada 2021 census subdivision boundaries (spatial lookup)","url":"https://geo.statcan.gc.ca/geo_wa/rest/services/2021/Cartographic_boundary_files/MapServer/9"},"community_display":"Calgary","is_unorganized":false,"panel_title":"Calgary","display_label":"Calgary","map_label":"48060339"},"geometry":{"type":"MultiPolygon","coordinates":[[[[-114.1558703971093,51.138838496571005],[-114.14983697317615,51.138835369632986],[-114.14966568086862,51.13883117818562],[-114.14967395657872,51.1386964832546],[-114.14945445036932,51.13632783460668],[-114.15079261001515,51.13453811770277],[-114.15385943926285,51.13248428779519],[-114.15444521910992,51.13248949193],[-114.15427695070757,51.13336688714952],[-114.15399123621204,51.13382768619384],[-114.1536847249026,51.134161987637505],[-114.15296200875481,51.13475608073105],[-114.1519882079001,51.135478876674306],[-114.15175030845685,51.13585986305339],[-114.15162819060302,51.13621668263036],[-114.15172129043603,51.13679457004354],[-114.15203519119738,51.137269973956194],[-114.15247209349894,51.137604367726276],[-114.15320987776192,51.137928198674096],[-114.15382977841426,51.13807818772596],[-114.15456988174577,51.13813219590713],[-114.15598710354395,51.13810380589735],[-114.15607721534487,51.13803400656285],[-114.1560763229793,51.13735038721576],[-114.15608651539283,51.136487112862675],[-114.15599322467578,51.13637689866288],[-114.15491490601791,51.136242804785226],[-114.15412209498005,51.13611550081502],[-114.15312239115562,51.1358662891911],[-114.15335470826243,51.13557509115696],[-114.15389522448477,51.1351565927835],[-114.15466981346444,51.13534628317162],[-114.1556762367787,51.13548770232139],[-114.156313622885,51.1355842112492],[-114.15666330650568,51.13570970305888],[-114.15704651772268,51.13575500948774],[-114.15690571645082,51.13641711843735],[-114.1568966995205,51.13726240702419],[-114.15688031880067,51.13869219591107],[-114.15688571585636,51.13883620843325],[-114.1558703971093,51.138838496571005]]]]}},{"type":"Feature","properties":{"DGUID":"2021S051248060340","DAUID":"48060340","LANDAREA":0.0722,"PRUID":"48","fed_num":"48011","da_code":"48060340","geo_name":"48060340","name_source":{"label":"Statistics Canada Census Profile 2021 DA WDS","url":"https://www12.statcan.gc.ca/wds-sdw/2021profile-profil2021-eng.cfm"},"population":273,"status":"ok","source":{"label":"Statistics Canada Census Profile 2021 DA WDS","url":"https://www12.statcan.gc.ca/wds-sdw/2021profile-profil2021-eng.cfm"},"community_name":"Calgary","community_source":{"label":"Statistics Canada 2021 census subdivision boundaries (spatial lookup)","url":"https://geo.statcan.gc.ca/geo_wa/rest/services/2021/Cartographic_boundary_files/MapServer/9"},"community_display":"Calgary","is_unorganized":false,"panel_title":"Calgary","display_label":"Calgary","map_label":"48060340"},"geometry":{"type":"MultiPolygon","coordinates":[[[[-114.1519882079001,51.135478876674306],[-114.15296200875481,51.13475608073105],[-114.15347472378858,51.13502037215523],[-114.15389522448477,51.1351565927835],[-114.15335470826243,51.13557509115696],[-114.15312239115562,51.1358662891911],[-114.15412209498005,51.13611550081502],[-114.15491490601791,51.136242804785226],[-114.15599322467578,51.13637689866288],[-114.15608651539283,51.136487112862675],[-114.1560763229793,51.13735038721576],[-114.15607721534487,51.13803400656285],[-114.15598710354395,51.13810380589735],[-114.15456988174577,51.13813219590713],[-114.15382977841426,51.13807818772596],[-114.15320987776192,51.137928198674096],[-114.15247209349894,51.137604367726276],[-114.15203519119738,51.137269973956194],[-114.15172129043603,51.13679457004354],[-114.15162819060302,51.13621668263036],[-114.15175030845685,51.13585986305339],[-114.1519882079001,51.135478876674306]]]]}},{"type":"Feature","properties":{"DGUID":"2021S051248060341","DAUID":"48060341","LANDAREA":0.1291,"PRUID":"48","fed_num":"48011","da_code":"48060341","geo_name":"48060341","name_source":{"label":"Statistics Canada Census Profile 2021 DA WDS","url":"https://www12.statcan.gc.ca/wds-sdw/2021profile-profil2021-eng.cfm"},"population":421,"status":"ok","source":{"label":"Statistics Canada Census Profile 2021 DA WDS","url":"https://www12.statcan.gc.ca/wds-sdw/2021profile-profil2021-eng.cfm"},"community_name":"Calgary","community_source":{"label":"Statistics Canada 2021 census subdivision boundaries (spatial lookup)","url":"https://geo.statcan.gc.ca/geo_wa/rest/services/2021/Cartographic_boundary_files/MapServer/9"},"community_display":"Calgary","is_unorganized":false,"panel_title":"Calgary","display_label":"Calgary","map_label":"48060341"},"geometry":{"type":"MultiPolygon","coordinates":[[[[-114.15427695070757,51.13336688714952],[-114.15444521910992,51.13248949193],[-114.1580775486744,51.13246999899981],[-114.15799886850586,51.133286611079676],[-114.15799494621598,51.13334951618147],[-114.15780913123312,51.13404650435895],[-114.15800736845901,51.134078320780645],[-114.15916085808607,51.13415142534984],[-114.1603901464725,51.13415422577335],[-114.1603872241622,51.13489001614398],[-114.1603852129831,51.13540252171455],[-114.16038425129842,51.135647204389855],[-114.16036502456416,51.135727712630626],[-114.16029201903892,51.13575290938688],[-114.15976104708024,51.13578500474058],[-114.15808361201645,51.135861109673286],[-114.15725954010885,51.13577811070376],[-114.15704651772268,51.13575500948774],[-114.15666330650568,51.13570970305888],[-114.156313622885,51.1355842112492],[-114.1556762367787,51.13548770232139],[-114.15466981346444,51.13534628317162],[-114.15389522448477,51.1351565927835],[-114.15347472378858,51.13502037215523],[-114.15296200875481,51.13475608073105],[-114.1536847249026,51.134161987637505],[-114.15399123621204,51.13382768619384],[-114.15427695070757,51.13336688714952]]]]}},{"type":"Feature","properties":{"DGUID":"2021S051248060370","DAUID":"48060370","LANDAREA":0.3439,"PRUID":"48","fed_num":"48011","da_code":"48060370","geo_name":"48060370","name_source":{"label":"Statistics Canada Census Profile 2021 DA WDS","url":"https://www12.statcan.gc.ca/wds-sdw/2021profile-profil2021-eng.cfm"},"population":1091,"status":"ok","source":{"label":"Statistics Canada Census Profile 2021 DA WDS","url":"https://www12.statcan.gc.ca/wds-sdw/2021profile-profil2021-eng.cfm"},"community_name":"Calgary","community_source":{"label":"Statistics Canada 2021 census subdivision boundaries (spatial lookup)","url":"https://geo.statcan.gc.ca/geo_wa/rest/services/2021/Cartographic_boundary_files/MapServer/9"},"community_display":"Calgary","is_unorganized":false,"panel_title":"Calgary","display_label":"Calgary","map_label":"48060370"},"geometry":{"type":"MultiPolygon","coordinates":[[[[-114.11516381127893,51.14756384216341],[-114.11528219204324,51.14681125743491],[-114.11477749572872,51.14687975326867],[-114.11395581135758,51.14698535138762],[-114.11264859259511,51.14707896173531],[-114.11250469973014,51.14709345933287],[-114.11067562432298,51.14730006854007],[-114.11068011141529,51.14722826192026],[-114.11001593488778,51.14636447826966],[-114.10953797308336,51.144828488853534],[-114.10877994020828,51.14442558730478],[-114.10775879239961,51.14386387784504],[-114.10802956523969,51.14342089173901],[-114.11068899574977,51.143882462575604],[-114.11265501397463,51.144227867776785],[-114.11447359331896,51.14441666865991],[-114.11603151418795,51.144428149366256],[-114.11743912526734,51.144327940837805],[-114.11879801357786,51.14409154755767],[-114.11987129890251,51.143848249496074],[-114.12110833190044,51.14350095175158],[-114.12351282652361,51.142772947822394],[-114.12396638478228,51.14313633380673],[-114.12445049069764,51.14346983896601],[-114.12484071688394,51.143715127169436],[-114.12528231153576,51.14396264918415],[-114.12576482893988,51.14420413895544],[-114.12655534143917,51.14454574697883],[-114.12559951470199,51.14486175150557],[-114.12412529766877,51.145113248095285],[-114.12376109287449,51.145221236970706],[-114.12266561871428,51.14559004322995],[-114.12153380064117,51.14608385794952],[-114.12134200733561,51.14617805092295],[-114.12079591050966,51.146452445364],[-114.12034260324934,51.146612248477545],[-114.11992239918558,51.1467007514653],[-114.1188888107758,51.14676523126993],[-114.11867401285953,51.146768953961235],[-114.11734451187043,51.14676315284438],[-114.11734080722015,51.147509629340895],[-114.11723298368136,51.14763284025222],[-114.11535700064356,51.14767655757789],[-114.11516381127893,51.14756384216341]]]]}},{"type":"Feature","properties":{"DGUID":"2021S051248060373","DAUID":"48060373","LANDAREA":0.2326,"PRUID":"48","fed_num":"48011","da_code":"48060373","geo_name":"48060373","name_source":{"label":"Statistics Canada Census Profile 2021 DA WDS","url":"https://www12.statcan.gc.ca/wds-sdw/2021profile-profil2021-eng.cfm"},"population":884,"status":"ok","source":{"label":"Statistics Canada Census Profile 2021 DA WDS","url":"https://www12.statcan.gc.ca/wds-sdw/2021profile-profil2021-eng.cfm"},"community_name":"Calgary","community_source":{"label":"Statistics Canada 2021 census subdivision boundaries (spatial lookup)","url":"https://geo.statcan.gc.ca/geo_wa/rest/services/2021/Cartographic_boundary_files/MapServer/9"},"community_display":"Calgary","is_unorganized":false,"panel_title":"Calgary","display_label":"Calgary","map_label":"48060373"},"geometry":{"type":"MultiPolygon","coordinates":[[[[-114.1086731987069,51.14021668853091],[-114.1075621785009,51.13641611003073],[-114.10780137221211,51.13638622269505],[-114.10801360509531,51.136359682453346],[-114.10825140112816,51.13713008913812],[-114.11188121121064,51.136698171260974],[-114.1130762292662,51.13656578087123],[-114.11417065300284,51.13643987459746],[-114.11427393791911,51.13638848413257],[-114.11420566286695,51.13610796125255],[-114.1142509718777,51.13583928127993],[-114.11433306501993,51.135670376360146],[-114.11456005915717,51.13546907132025],[-114.11550434464479,51.13591518759873],[-114.11603474530051,51.13635096595385],[-114.11626604648764,51.13678422816876],[-114.11627806176826,51.13680676189034],[-114.11658032853903,51.13792057504732],[-114.1167558330136,51.13854547859152],[-114.11671245950022,51.13901216885659],[-114.11638744286209,51.13940885580146],[-114.11603084848689,51.13962497441667],[-114.11510001067586,51.14010566428073],[-114.11463420584458,51.140238067347504],[-114.11411523212357,51.140306270758806],[-114.11333172245159,51.140259868698216],[-114.11276400605244,51.14019188277727],[-114.11179941580225,51.140069187149386],[-114.11120038845479,51.14004537734428],[-114.11019490773778,51.14011938882811],[-114.10928427704484,51.14027678682359],[-114.10893879320248,51.14031328772266],[-114.10870820572954,51.140343485483235],[-114.1086731987069,51.14021668853091]]]]}},{"type":"Feature","properties":{"DGUID":"2021S051248060374","DAUID":"48060374","LANDAREA":0.1106,"PRUID":"48","fed_num":"48011","da_code":"48060374","geo_name":"48060374","name_source":{"label":"Statistics Canada Census Profile 2021 DA WDS","url":"https://www12.statcan.gc.ca/wds-sdw/2021profile-profil2021-eng.cfm"},"population":422,"status":"ok","source":{"label":"Statistics Canada Census Profile 2021 DA WDS","url":"https://www12.statcan.gc.ca/wds-sdw/2021profile-profil2021-eng.cfm"},"community_name":"Calgary","community_source":{"label":"Statistics Canada 2021 census subdivision boundaries (spatial lookup)","url":"https://geo.statcan.gc.ca/geo_wa/rest/services/2021/Cartographic_boundary_files/MapServer/9"},"community_display":"Calgary","is_unorganized":false,"panel_title":"Calgary","display_label":"Calgary","map_label":"48060374"},"geometry":{"type":"MultiPolygon","coordinates":[[[[-114.1075621785009,51.13641611003073],[-114.10711853540795,51.1348983925704],[-114.10736282596267,51.134877390533376],[-114.10780932211388,51.13482547999989],[-114.10884552125508,51.13471617929494],[-114.11001183032906,51.13458318400444],[-114.11195518046509,51.13437038505576],[-114.11250114386577,51.1345547858216],[-114.11355856376298,51.13502158925012],[-114.11456005915717,51.13546907132025],[-114.11433306501993,51.135670376360146],[-114.1142509718777,51.13583928127993],[-114.11420566286695,51.13610796125255],[-114.11427393791911,51.13638848413257],[-114.11417065300284,51.13643987459746],[-114.1130762292662,51.13656578087123],[-114.11188121121064,51.136698171260974],[-114.10825140112816,51.13713008913812],[-114.10801360509531,51.136359682453346],[-114.10780137221211,51.13638622269505],[-114.1075621785009,51.13641611003073]]]]}},{"type":"Feature","properties":{"DGUID":"2021S051248060375","DAUID":"48060375","LANDAREA":0.0902,"PRUID":"48","fed_num":"48011","da_code":"48060375","geo_name":"48060375","name_source":{"label":"Statistics Canada Census Profile 2021 DA WDS","url":"https://www12.statcan.gc.ca/wds-sdw/2021profile-profil2021-eng.cfm"},"population":402,"status":"ok","source":{"label":"Statistics Canada Census Profile 2021 DA WDS","url":"https://www12.statcan.gc.ca/wds-sdw/2021profile-profil2021-eng.cfm"},"community_name":"Calgary","community_source":{"label":"Statistics Canada 2021 census subdivision boundaries (spatial lookup)","url":"https://geo.statcan.gc.ca/geo_wa/rest/services/2021/Cartographic_boundary_files/MapServer/9"},"community_display":"Calgary","is_unorganized":false,"panel_title":"Calgary","display_label":"Calgary","map_label":"48060375"},"geometry":{"type":"MultiPolygon","coordinates":[[[[-114.1100054587119,51.134457065136246],[-114.10950805546857,51.13280768708315],[-114.10967175738709,51.13270386918083],[-114.110597068011,51.1325378838721],[-114.11181234539907,51.13230697195583],[-114.11257589172817,51.13198408192213],[-114.11357897641835,51.13148716565059],[-114.11428428662822,51.132098283901264],[-114.11459628668212,51.13282557095673],[-114.11471297836269,51.13347607942304],[-114.11466308007863,51.13381658794646],[-114.11428404311073,51.13439187287303],[-114.11355856376298,51.13502158925012],[-114.11250114386577,51.1345547858216],[-114.11195518046509,51.13437038505576],[-114.11001183032906,51.13458318400444],[-114.1100054587119,51.134457065136246]]]]}},{"type":"Feature","properties":{"DGUID":"2021S051248060377","DAUID":"48060377","LANDAREA":0.1123,"PRUID":"48","fed_num":"48011","da_code":"48060377","geo_name":"48060377","name_source":{"label":"Statistics Canada Census Profile 2021 DA WDS","url":"https://www12.statcan.gc.ca/wds-sdw/2021profile-profil2021-eng.cfm"},"population":309,"status":"ok","source":{"label":"Statistics Canada Census Profile 2021 DA WDS","url":"https://www12.statcan.gc.ca/wds-sdw/2021profile-profil2021-eng.cfm"},"community_name":"Calgary","community_source":{"label":"Statistics Canada 2021 census subdivision boundaries (spatial lookup)","url":"https://geo.statcan.gc.ca/geo_wa/rest/services/2021/Cartographic_boundary_files/MapServer/9"},"community_display":"Calgary","is_unorganized":false,"panel_title":"Calgary","display_label":"Calgary","map_label":"48060377"},"geometry":{"type":"MultiPolygon","coordinates":[[[[-114.10709672609313,51.13478989453606],[-114.10653412286293,51.13275988645099],[-114.10630353813086,51.131927871274364],[-114.10623255512316,51.131692280146865],[-114.10643403456915,51.13167027132358],[-114.10675085504522,51.131633177257235],[-114.10791714008192,51.131500083683285],[-114.10799306925608,51.13142998907221],[-114.10867815809,51.131446988655554],[-114.11008706230349,51.13131987818147],[-114.11148028953322,51.13098556340227],[-114.11197055588762,51.130916773600134],[-114.11248275505832,51.130956368800454],[-114.11290428898985,51.13107476145951],[-114.11322356161091,51.13122656795172],[-114.11357897641835,51.13148716565059],[-114.11257589172817,51.13198408192213],[-114.11181234539907,51.13230697195583],[-114.110597068011,51.1325378838721],[-114.10967175738709,51.13270386918083],[-114.10950805546857,51.13280768708315],[-114.1100054587119,51.134457065136246],[-114.11001183032906,51.13458318400444],[-114.10884552125508,51.13471617929494],[-114.10780932211388,51.13482547999989],[-114.10736282596267,51.134877390533376],[-114.10711853540795,51.1348983925704],[-114.10709672609313,51.13478989453606]]]]}},{"type":"Feature","properties":{"DGUID":"2021S051248060378","DAUID":"48060378","LANDAREA":0.1911,"PRUID":"48","fed_num":"48011","da_code":"48060378","geo_name":"48060378","name_source":{"label":"Statistics Canada Census Profile 2021 DA WDS","url":"https://www12.statcan.gc.ca/wds-sdw/2021profile-profil2021-eng.cfm"},"population":593,"status":"ok","source":{"label":"Statistics Canada Census Profile 2021 DA WDS","url":"https://www12.statcan.gc.ca/wds-sdw/2021profile-profil2021-eng.cfm"},"community_name":"Calgary","community_source":{"label":"Statistics Canada 2021 census subdivision boundaries (spatial lookup)","url":"https://geo.statcan.gc.ca/geo_wa/rest/services/2021/Cartographic_boundary_files/MapServer/9"},"community_display":"Calgary","is_unorganized":false,"panel_title":"Calgary","display_label":"Calgary","map_label":"48060378"},"geometry":{"type":"MultiPolygon","coordinates":[[[[-114.1059355285253,51.13666797005057],[-114.10520081352949,51.136757688326036],[-114.10451862740635,51.13692066991311],[-114.10439120496609,51.136899593635825],[-114.10369130320261,51.13643249225484],[-114.10303312667799,51.13598447040564],[-114.10260071083876,51.1358117758015],[-114.10218901856416,51.13576559441425],[-114.1011008309808,51.13579258085171],[-114.10081421970919,51.13580349221818],[-114.10056812982786,51.135851390269316],[-114.09970943275142,51.135865979087725],[-114.09971669175343,51.13574927458999],[-114.0997259037782,51.135146895230584],[-114.09974563972716,51.13483248419479],[-114.09960583756562,51.134325382136666],[-114.09961012455267,51.134028592003624],[-114.09960370188782,51.13321898035498],[-114.09960880819885,51.1331380866548],[-114.09960031938158,51.13258919335405],[-114.09959840879144,51.13239128965568],[-114.09961190842354,51.13217577502677],[-114.09982662939731,51.13217209235569],[-114.10198641397388,51.132153685772835],[-114.10533975677167,51.13179608250223],[-114.10623255512316,51.131692280146865],[-114.10630353813086,51.131927871274364],[-114.10653412286293,51.13275988645099],[-114.10630623854036,51.13280048658259],[-114.10606072283788,51.132839373320316],[-114.10484524989009,51.132845177992955],[-114.10469854127669,51.13290459050604],[-114.10470553815715,51.13302169134338],[-114.10499645564893,51.133397685944416],[-114.10510642967128,51.1336971717513],[-114.10505962586141,51.13375898332573],[-114.105275513169,51.13442098267891],[-114.10551443226522,51.135173487894455],[-114.10572412867468,51.13593418753042],[-114.1059355285253,51.13666797005057]]]]}},{"type":"Feature","properties":{"DGUID":"2021S051248060379","DAUID":"48060379","LANDAREA":0.2565,"PRUID":"48","fed_num":"48011","da_code":"48060379","geo_name":"48060379","name_source":{"label":"Statistics Canada Census Profile 2021 DA WDS","url":"https://www12.statcan.gc.ca/wds-sdw/2021profile-profil2021-eng.cfm"},"population":708,"status":"ok","source":{"label":"Statistics Canada Census Profile 2021 DA WDS","url":"https://www12.statcan.gc.ca/wds-sdw/2021profile-profil2021-eng.cfm"},"community_name":"Calgary","community_source":{"label":"Statistics Canada 2021 census subdivision boundaries (spatial lookup)","url":"https://geo.statcan.gc.ca/geo_wa/rest/services/2021/Cartographic_boundary_files/MapServer/9"},"community_display":"Calgary","is_unorganized":false,"panel_title":"Calgary","display_label":"Calgary","map_label":"48060379"},"geometry":{"type":"MultiPolygon","coordinates":[[[[-114.10041423731359,51.138078185897584],[-114.09996851683711,51.137662385731005],[-114.09982549085801,51.13743397499778],[-114.09971002721429,51.1365406829937],[-114.09970943275142,51.135865979087725],[-114.10056812982786,51.135851390269316],[-114.10081421970919,51.13580349221818],[-114.1011008309808,51.13579258085171],[-114.10218901856416,51.13576559441425],[-114.10260071083876,51.1358117758015],[-114.10303312667799,51.13598447040564],[-114.10369130320261,51.13643249225484],[-114.10439120496609,51.136899593635825],[-114.10451862740635,51.13692066991311],[-114.10520081352949,51.136757688326036],[-114.1059355285253,51.13666797005057],[-114.10572412867468,51.13593418753042],[-114.10551443226522,51.135173487894455],[-114.105275513169,51.13442098267891],[-114.10505962586141,51.13375898332573],[-114.10510642967128,51.1336971717513],[-114.10499645564893,51.133397685944416],[-114.10470553815715,51.13302169134338],[-114.10469854127669,51.13290459050604],[-114.10484524989009,51.132845177992955],[-114.10606072283788,51.132839373320316],[-114.10630623854036,51.13280048658259],[-114.10653412286293,51.13275988645099],[-114.10709672609313,51.13478989453606],[-114.10711853540795,51.1348983925704],[-114.1075621785009,51.13641611003073],[-114.1086731987069,51.14021668853091],[-114.10870820572954,51.140343485483235],[-114.10848326674518,51.140366353496255],[-114.1074274843946,51.14047369264482],[-114.1069859850109,51.14044479684962],[-114.10558109579681,51.14027507472678],[-114.1051721811902,51.14018398534814],[-114.10450267610558,51.1399155780442],[-114.10434901882569,51.13985778828047],[-114.10100950907945,51.13838977297906],[-114.1008987176391,51.138333086908624],[-114.10041423731359,51.138078185897584]]]]}},{"type":"Feature","properties":{"DGUID":"2021S051248060380","DAUID":"48060380","LANDAREA":0.1069,"PRUID":"48","fed_num":"48011","da_code":"48060380","geo_name":"48060380","name_source":{"label":"Statistics Canada Census Profile 2021 DA WDS","url":"https://www12.statcan.gc.ca/wds-sdw/2021profile-profil2021-eng.cfm"},"population":435,"status":"ok","source":{"label":"Statistics Canada Census Profile 2021 DA WDS","url":"https://www12.statcan.gc.ca/wds-sdw/2021profile-profil2021-eng.cfm"},"community_name":"Calgary","community_source":{"label":"Statistics Canada 2021 census subdivision boundaries (spatial lookup)","url":"https://geo.statcan.gc.ca/geo_wa/rest/services/2021/Cartographic_boundary_files/MapServer/9"},"community_display":"Calgary","is_unorganized":false,"panel_title":"Calgary","display_label":"Calgary","map_label":"48060380"},"geometry":{"type":"MultiPolygon","coordinates":[[[[-114.09831680870703,51.133906579670075],[-114.09781443698319,51.1339390879508],[-114.09640172537569,51.13435369730287],[-114.09586794108553,51.13443039307449],[-114.09543912168031,51.13442880551109],[-114.09545444109709,51.13350268833068],[-114.09539135294273,51.13314130361598],[-114.09543960459104,51.1328276917328],[-114.09530132228198,51.132752297337355],[-114.09261223339774,51.132775394055344],[-114.09184501874073,51.13292721281287],[-114.09183711724977,51.13305290049392],[-114.09241593804033,51.133625003768735],[-114.09202434510627,51.13371420162268],[-114.09129253410764,51.13398380841376],[-114.09017891975157,51.134414806851346],[-114.09001684319732,51.13449170850364],[-114.08943635325134,51.13394661237218],[-114.08925932801189,51.13380731465662],[-114.08905424516864,51.133658196185344],[-114.08921694062315,51.133572311809125],[-114.09130011958781,51.132499911727734],[-114.09218712521117,51.13226110582371],[-114.09369482289715,51.132154698290265],[-114.09895484649427,51.13216848441658],[-114.09961190842354,51.13217577502677],[-114.09959840879144,51.13239128965568],[-114.09960031938158,51.13258919335405],[-114.09960880819885,51.1331380866548],[-114.09960370188782,51.13321898035498],[-114.09961012455267,51.134028592003624],[-114.09922422315132,51.13402808747469],[-114.09831680870703,51.133906579670075]]]]}},{"type":"Feature","properties":{"DGUID":"2021S051248060381","DAUID":"48060381","LANDAREA":0.1652,"PRUID":"48","fed_num":"48011","da_code":"48060381","geo_name":"48060381","name_source":{"label":"Statistics Canada Census Profile 2021 DA WDS","url":"https://www12.statcan.gc.ca/wds-sdw/2021profile-profil2021-eng.cfm"},"population":520,"status":"ok","source":{"label":"Statistics Canada Census Profile 2021 DA WDS","url":"https://www12.statcan.gc.ca/wds-sdw/2021profile-profil2021-eng.cfm"},"community_name":"Calgary","community_source":{"label":"Statistics Canada 2021 census subdivision boundaries (spatial lookup)","url":"https://geo.statcan.gc.ca/geo_wa/rest/services/2021/Cartographic_boundary_files/MapServer/9"},"community_display":"Calgary","is_unorganized":false,"panel_title":"Calgary","display_label":"Calgary","map_label":"48060381"},"geometry":{"type":"MultiPolygon","coordinates":[[[[-114.08510305422425,51.136240214896596],[-114.0849116618125,51.136100510953064],[-114.08470665378826,51.13595150412191],[-114.08483965509724,51.135882819669895],[-114.08642135562931,51.13505880919001],[-114.08725634379584,51.134615504980516],[-114.08865472615679,51.13387320633457],[-114.08905424516864,51.133658196185344],[-114.08925932801189,51.13380731465662],[-114.08943635325134,51.13394661237218],[-114.09001684319732,51.13449170850364],[-114.09017891975157,51.134414806851346],[-114.09129253410764,51.13398380841376],[-114.09202434510627,51.13371420162268],[-114.09241593804033,51.133625003768735],[-114.09183711724977,51.13305290049392],[-114.09184501874073,51.13292721281287],[-114.09261223339774,51.132775394055344],[-114.09530132228198,51.132752297337355],[-114.09543960459104,51.1328276917328],[-114.09539135294273,51.13314130361598],[-114.09545444109709,51.13350268833068],[-114.09543912168031,51.13442880551109],[-114.09544083753114,51.13508538242365],[-114.09526554707922,51.135144003304134],[-114.0932917382135,51.135157891094316],[-114.09198995157236,51.13517051002922],[-114.09137223044064,51.13521810252045],[-114.09076532373675,51.135319901144314],[-114.09056324741006,51.1353507970901],[-114.09001742093375,51.135391209445224],[-114.08936533251534,51.13530301143375],[-114.08874875549526,51.135332611110776],[-114.08841532832105,51.13540531605756],[-114.08806313173746,51.135549423707594],[-114.08781022646168,51.1357050121575],[-114.08733445161296,51.13622391281143],[-114.08676602235269,51.13684830695168],[-114.08780655195999,51.137126101562394],[-114.08765155726196,51.1375450114392],[-114.08707345623603,51.1380973041427],[-114.08692986915734,51.13856141742613],[-114.08649543949372,51.138874430253004],[-114.0856672430673,51.13840402742481],[-114.08475905871992,51.13784171419311],[-114.08519735882209,51.13746581793924],[-114.08590944552546,51.136602116199235],[-114.08552115361152,51.13641250299172],[-114.08510305422425,51.136240214896596]]]]}},{"type":"Feature","properties":{"DGUID":"2021S051248060382","DAUID":"48060382","LANDAREA":0.1141,"PRUID":"48","fed_num":"48011","da_code":"48060382","geo_name":"48060382","name_source":{"label":"Statistics Canada Census Profile 2021 DA WDS","url":"https://www12.statcan.gc.ca/wds-sdw/2021profile-profil2021-eng.cfm"},"population":351,"status":"ok","source":{"label":"Statistics Canada Census Profile 2021 DA WDS","url":"https://www12.statcan.gc.ca/wds-sdw/2021profile-profil2021-eng.cfm"},"community_name":"Calgary","community_source":{"label":"Statistics Canada 2021 census subdivision boundaries (spatial lookup)","url":"https://geo.statcan.gc.ca/geo_wa/rest/services/2021/Cartographic_boundary_files/MapServer/9"},"community_display":"Calgary","is_unorganized":false,"panel_title":"Calgary","display_label":"Calgary","map_label":"48060382"},"geometry":{"type":"MultiPolygon","coordinates":[[[[-114.09895484649427,51.13216848441658],[-114.09369482289715,51.132154698290265],[-114.09218712521117,51.13226110582371],[-114.09130011958781,51.132499911727734],[-114.08921694062315,51.133572311809125],[-114.08905424516864,51.133658196185344],[-114.08891822148938,51.13354690760166],[-114.08853552882175,51.133267522751424],[-114.08670713060421,51.13188170390819],[-114.08686982788362,51.131795905445],[-114.08713631490131,51.13164959895529],[-114.08755073850118,51.13142610823774],[-114.0876990440632,51.13133980522659],[-114.0884234537103,51.13118700488546],[-114.08897036045597,51.13112860198463],[-114.08954632791108,51.131062018917575],[-114.09072114486929,51.13079440495237],[-114.09185532566734,51.13048989500336],[-114.09235193022002,51.13123079826943],[-114.09278464981865,51.13185319234381],[-114.09570083303717,51.131853785512874],[-114.09698774768329,51.13184979458172],[-114.09824605075023,51.131844993739044],[-114.09823154709424,51.13025259565314],[-114.09973133376668,51.13027188426915],[-114.09973081309687,51.13096437846408],[-114.09973465316095,51.131360290273264],[-114.09963310536166,51.13160957943634],[-114.09962212434228,51.1320140700085],[-114.09961190842354,51.13217577502677],[-114.09895484649427,51.13216848441658]]]]}},{"type":"Feature","properties":{"DGUID":"2021S051248060383","DAUID":"48060383","LANDAREA":0.0737,"PRUID":"48","fed_num":"48011","da_code":"48060383","geo_name":"48060383","name_source":{"label":"Statistics Canada Census Profile 2021 DA WDS","url":"https://www12.statcan.gc.ca/wds-sdw/2021profile-profil2021-eng.cfm"},"population":350,"status":"ok","source":{"label":"Statistics Canada Census Profile 2021 DA WDS","url":"https://www12.statcan.gc.ca/wds-sdw/2021profile-profil2021-eng.cfm"},"community_name":"Calgary","community_source":{"label":"Statistics Canada 2021 census subdivision boundaries (spatial lookup)","url":"https://geo.statcan.gc.ca/geo_wa/rest/services/2021/Cartographic_boundary_files/MapServer/9"},"community_display":"Calgary","is_unorganized":false,"panel_title":"Calgary","display_label":"Calgary","map_label":"48060383"},"geometry":{"type":"MultiPolygon","coordinates":[[[[-114.09278464981865,51.13185319234381],[-114.09235193022002,51.13123079826943],[-114.09185532566734,51.13048989500336],[-114.0928257263804,51.13028911196827],[-114.09362895065873,51.13024620143814],[-114.09690255056161,51.130246595244415],[-114.09823154709424,51.13025259565314],[-114.09824605075023,51.131844993739044],[-114.09698774768329,51.13184979458172],[-114.09570083303717,51.131853785512874],[-114.09278464981865,51.13185319234381]]]]}},{"type":"Feature","properties":{"DGUID":"2021S051248060384","DAUID":"48060384","LANDAREA":0.1331,"PRUID":"48","fed_num":"48011","da_code":"48060384","geo_name":"48060384","name_source":{"label":"Statistics Canada Census Profile 2021 DA WDS","url":"https://www12.statcan.gc.ca/wds-sdw/2021profile-profil2021-eng.cfm"},"population":507,"status":"ok","source":{"label":"Statistics Canada Census Profile 2021 DA WDS","url":"https://www12.statcan.gc.ca/wds-sdw/2021profile-profil2021-eng.cfm"},"community_name":"Calgary","community_source":{"label":"Statistics Canada 2021 census subdivision boundaries (spatial lookup)","url":"https://geo.statcan.gc.ca/geo_wa/rest/services/2021/Cartographic_boundary_files/MapServer/9"},"community_display":"Calgary","is_unorganized":false,"panel_title":"Calgary","display_label":"Calgary","map_label":"48060384"},"geometry":{"type":"MultiPolygon","coordinates":[[[[-114.0928257263804,51.13028911196827],[-114.09185532566734,51.13048989500336],[-114.09072114486929,51.13079440495237],[-114.09019764681081,51.13002581271198],[-114.08954413951008,51.130189510356665],[-114.08881055189048,51.13026110155074],[-114.08866244003596,51.12988870028946],[-114.08857826870975,51.12940980551186],[-114.08857553879795,51.128771099131676],[-114.08858382945839,51.128411602839705],[-114.08876746341384,51.12799339997374],[-114.0893891589542,51.1281077945173],[-114.08997374156174,51.12813139231371],[-114.09058976654761,51.12811070164356],[-114.09111025036334,51.12801580443286],[-114.09203083491506,51.12769689258519],[-114.0927141666868,51.12842449690008],[-114.09325636540277,51.12821310146609],[-114.09382365458028,51.12805630259127],[-114.0943675311957,51.128501604952326],[-114.09490302220934,51.12862279036809],[-114.09533185038997,51.12862450265131],[-114.09690403783507,51.12862760278412],[-114.09689556268003,51.129445895477836],[-114.09690255056161,51.130246595244415],[-114.09362895065873,51.13024620143814],[-114.0928257263804,51.13028911196827]]]]}},{"type":"Feature","properties":{"DGUID":"2021S051248060385","DAUID":"48060385","LANDAREA":0.0941,"PRUID":"48","fed_num":"48011","da_code":"48060385","geo_name":"48060385","name_source":{"label":"Statistics Canada Census Profile 2021 DA WDS","url":"https://www12.statcan.gc.ca/wds-sdw/2021profile-profil2021-eng.cfm"},"population":630,"status":"ok","source":{"label":"Statistics Canada Census Profile 2021 DA WDS","url":"https://www12.statcan.gc.ca/wds-sdw/2021profile-profil2021-eng.cfm"},"community_name":"Calgary","community_source":{"label":"Statistics Canada 2021 census subdivision boundaries (spatial lookup)","url":"https://geo.statcan.gc.ca/geo_wa/rest/services/2021/Cartographic_boundary_files/MapServer/9"},"community_display":"Calgary","is_unorganized":false,"panel_title":"Calgary","display_label":"Calgary","map_label":"48060385"},"geometry":{"type":"MultiPolygon","coordinates":[[[[-114.08876746341384,51.12799339997374],[-114.0859330473925,51.12714919447522],[-114.0864515565657,51.12640658482074],[-114.0885435672347,51.12700739438804],[-114.0893297619291,51.127233783803106],[-114.08969746770114,51.12729699096786],[-114.08996916153387,51.12729469657517],[-114.08997252998786,51.126332391202894],[-114.08992542963014,51.12594438599017],[-114.08996006196044,51.125621490941],[-114.09005243135293,51.12551588646265],[-114.09258304091247,51.12550689445972],[-114.09395475724607,51.12551397523127],[-114.09394983698658,51.12650329208376],[-114.09418133463214,51.12691378152025],[-114.09203083491506,51.12769689258519],[-114.09111025036334,51.12801580443286],[-114.09058976654761,51.12811070164356],[-114.08997374156174,51.12813139231371],[-114.0893891589542,51.1281077945173],[-114.08876746341384,51.12799339997374]]]]}},{"type":"Feature","properties":{"DGUID":"2021S051248060386","DAUID":"48060386","LANDAREA":0.0725,"PRUID":"48","fed_num":"48011","da_code":"48060386","geo_name":"48060386","name_source":{"label":"Statistics Canada Census Profile 2021 DA WDS","url":"https://www12.statcan.gc.ca/wds-sdw/2021profile-profil2021-eng.cfm"},"population":260,"status":"ok","source":{"label":"Statistics Canada Census Profile 2021 DA WDS","url":"https://www12.statcan.gc.ca/wds-sdw/2021profile-profil2021-eng.cfm"},"community_name":"Calgary","community_source":{"label":"Statistics Canada 2021 census subdivision boundaries (spatial lookup)","url":"https://geo.statcan.gc.ca/geo_wa/rest/services/2021/Cartographic_boundary_files/MapServer/9"},"community_display":"Calgary","is_unorganized":false,"panel_title":"Calgary","display_label":"Calgary","map_label":"48060386"},"geometry":{"type":"MultiPolygon","coordinates":[[[[-114.0885435672347,51.12700739438804],[-114.0864515565657,51.12640658482074],[-114.0859330473925,51.12714919447522],[-114.08462615707887,51.12679279551145],[-114.08519035618264,51.126006285810746],[-114.08535737220424,51.12562369372344],[-114.08536239734805,51.125205955607655],[-114.08670461509115,51.12526404879221],[-114.08965811072532,51.12522553217863],[-114.09042393655763,51.12521552439794],[-114.0939442459185,51.12522588514636],[-114.09395475724607,51.12551397523127],[-114.09258304091247,51.12550689445972],[-114.09005243135293,51.12551588646265],[-114.08996006196044,51.125621490941],[-114.08992542963014,51.12594438599017],[-114.08997252998786,51.126332391202894],[-114.08996916153387,51.12729469657517],[-114.08969746770114,51.12729699096786],[-114.0893297619291,51.127233783803106],[-114.0885435672347,51.12700739438804]]]]}},{"type":"Feature","properties":{"DGUID":"2021S051248060387","DAUID":"48060387","LANDAREA":0.3215,"PRUID":"48","fed_num":"48011","da_code":"48060387","geo_name":"48060387","name_source":{"label":"Statistics Canada Census Profile 2021 DA WDS","url":"https://www12.statcan.gc.ca/wds-sdw/2021profile-profil2021-eng.cfm"},"population":588,"status":"ok","source":{"label":"Statistics Canada Census Profile 2021 DA WDS","url":"https://www12.statcan.gc.ca/wds-sdw/2021profile-profil2021-eng.cfm"},"community_name":"Calgary","community_source":{"label":"Statistics Canada 2021 census subdivision boundaries (spatial lookup)","url":"https://geo.statcan.gc.ca/geo_wa/rest/services/2021/Cartographic_boundary_files/MapServer/9"},"community_display":"Calgary","is_unorganized":false,"panel_title":"Calgary","display_label":"Calgary","map_label":"48060387"},"geometry":{"type":"MultiPolygon","coordinates":[[[[-114.08515264335038,51.1220656820454],[-114.08452585123828,51.120898699789294],[-114.0857534782269,51.120695477170976],[-114.08652164438473,51.12052568152242],[-114.087164862987,51.12029888899562],[-114.08815537079295,51.119774891483466],[-114.089320190214,51.11956006770095],[-114.0921110800388,51.1216453877388],[-114.09349547591658,51.122813174372006],[-114.09426385920383,51.12355189706057],[-114.09504117367429,51.12414687710494],[-114.09579906890826,51.124597396428236],[-114.09691687595489,51.12508227637645],[-114.09497413282512,51.12513159845877],[-114.0939442459185,51.12522588514636],[-114.09042393655763,51.12521552439794],[-114.08965811072532,51.12522553217863],[-114.08670461509115,51.12526404879221],[-114.08536239734805,51.125205955607655],[-114.0853775698206,51.12394217562764],[-114.08537138164039,51.12313249205286],[-114.08528647386436,51.12243778444685],[-114.08515264335038,51.1220656820454]]]]}},{"type":"Feature","properties":{"DGUID":"2021S051248060388","DAUID":"48060388","LANDAREA":0.1094,"PRUID":"48","fed_num":"48011","da_code":"48060388","geo_name":"48060388","name_source":{"label":"Statistics Canada Census Profile 2021 DA WDS","url":"https://www12.statcan.gc.ca/wds-sdw/2021profile-profil2021-eng.cfm"},"population":391,"status":"ok","source":{"label":"Statistics Canada Census Profile 2021 DA WDS","url":"https://www12.statcan.gc.ca/wds-sdw/2021profile-profil2021-eng.cfm"},"community_name":"Calgary","community_source":{"label":"Statistics Canada 2021 census subdivision boundaries (spatial lookup)","url":"https://geo.statcan.gc.ca/geo_wa/rest/services/2021/Cartographic_boundary_files/MapServer/9"},"community_display":"Calgary","is_unorganized":false,"panel_title":"Calgary","display_label":"Calgary","map_label":"48060388"},"geometry":{"type":"MultiPolygon","coordinates":[[[[-114.0943675311957,51.128501604952326],[-114.09382365458028,51.12805630259127],[-114.09325636540277,51.12821310146609],[-114.0927141666868,51.12842449690008],[-114.09203083491506,51.12769689258519],[-114.09418133463214,51.12691378152025],[-114.09394983698658,51.12650329208376],[-114.09395475724607,51.12551397523127],[-114.0939442459185,51.12522588514636],[-114.09497413282512,51.12513159845877],[-114.09691687595489,51.12508227637645],[-114.09810883363929,51.12559928683713],[-114.0987496627226,51.125866991711526],[-114.09843353926054,51.12611998577299],[-114.0978277516363,51.12666268053631],[-114.09739885630373,51.12711967824286],[-114.0971628517842,51.12746469764694],[-114.09700784553294,51.12788358669316],[-114.09690403783507,51.12862760278412],[-114.09533185038997,51.12862450265131],[-114.09490302220934,51.12862279036809],[-114.0943675311957,51.128501604952326]]]]}},{"type":"Feature","properties":{"DGUID":"2021S051248060389","DAUID":"48060389","LANDAREA":0.0989,"PRUID":"48","fed_num":"48011","da_code":"48060389","geo_name":"48060389","name_source":{"label":"Statistics Canada Census Profile 2021 DA WDS","url":"https://www12.statcan.gc.ca/wds-sdw/2021profile-profil2021-eng.cfm"},"population":381,"status":"ok","source":{"label":"Statistics Canada Census Profile 2021 DA WDS","url":"https://www12.statcan.gc.ca/wds-sdw/2021profile-profil2021-eng.cfm"},"community_name":"Calgary","community_source":{"label":"Statistics Canada 2021 census subdivision boundaries (spatial lookup)","url":"https://geo.statcan.gc.ca/geo_wa/rest/services/2021/Cartographic_boundary_files/MapServer/9"},"community_display":"Calgary","is_unorganized":false,"panel_title":"Calgary","display_label":"Calgary","map_label":"48060389"},"geometry":{"type":"MultiPolygon","coordinates":[[[[-114.09739885630373,51.12711967824286],[-114.0978277516363,51.12666268053631],[-114.0984810429847,51.12695769672876],[-114.09888424848766,51.127138592119806],[-114.09933615056735,51.127455693795255],[-114.0996292408054,51.12779577887304],[-114.0997013609598,51.12801338703379],[-114.1010251602694,51.12787538132382],[-114.10109034999432,51.128659493806474],[-114.10109732988889,51.129460183825415],[-114.10106092985865,51.13026889774764],[-114.10106043221373,51.13096139206483],[-114.09973081309687,51.13096437846408],[-114.09973133376668,51.13027188426915],[-114.09823154709424,51.13025259565314],[-114.09690255056161,51.130246595244415],[-114.09689556268003,51.129445895477836],[-114.09690403783507,51.12862760278412],[-114.09700784553294,51.12788358669316],[-114.0971628517842,51.12746469764694],[-114.09739885630373,51.12711967824286]]]]}},{"type":"Feature","properties":{"DGUID":"2021S051248060390","DAUID":"48060390","LANDAREA":0.1017,"PRUID":"48","fed_num":"48011","da_code":"48060390","geo_name":"48060390","name_source":{"label":"Statistics Canada Census Profile 2021 DA WDS","url":"https://www12.statcan.gc.ca/wds-sdw/2021profile-profil2021-eng.cfm"},"population":292,"status":"ok","source":{"label":"Statistics Canada Census Profile 2021 DA WDS","url":"https://www12.statcan.gc.ca/wds-sdw/2021profile-profil2021-eng.cfm"},"community_name":"Calgary","community_source":{"label":"Statistics Canada 2021 census subdivision boundaries (spatial lookup)","url":"https://geo.statcan.gc.ca/geo_wa/rest/services/2021/Cartographic_boundary_files/MapServer/9"},"community_display":"Calgary","is_unorganized":false,"panel_title":"Calgary","display_label":"Calgary","map_label":"48060390"},"geometry":{"type":"MultiPolygon","coordinates":[[[[-114.10533975677167,51.13179608250223],[-114.10198641397388,51.132153685772835],[-114.09982662939731,51.13217209235569],[-114.09961190842354,51.13217577502677],[-114.09962212434228,51.1320140700085],[-114.09963310536166,51.13160957943634],[-114.09973465316095,51.131360290273264],[-114.09973081309687,51.13096437846408],[-114.10106043221373,51.13096139206483],[-114.10106065122946,51.131860826802644],[-114.10106064855154,51.13186989059792],[-114.10235043966316,51.1318209897512],[-114.10462582675959,51.131553470978574],[-114.1057487642134,51.13142847451526],[-114.1058086344697,51.13138498692364],[-114.10581935047028,51.13121429037714],[-114.10548983595092,51.130081783853534],[-114.10474326233441,51.12899298405138],[-114.1041975405512,51.12857468833933],[-114.10345695969399,51.128988080334025],[-114.10275443895709,51.129249484849204],[-114.10201536750343,51.12941108724213],[-114.10109732988889,51.129460183825415],[-114.10109034999432,51.128659493806474],[-114.1010251602694,51.12787538132382],[-114.0997013609598,51.12801338703379],[-114.0996292408054,51.12779577887304],[-114.09933615056735,51.127455693795255],[-114.09888424848766,51.127138592119806],[-114.0984810429847,51.12695769672876],[-114.0978277516363,51.12666268053631],[-114.09843353926054,51.12611998577299],[-114.0987496627226,51.125866991711526],[-114.10292876746938,51.12760779053333],[-114.10353923122764,51.12790167562133],[-114.1043778478982,51.12843516968336],[-114.10505324057893,51.12906357580762],[-114.10542427561951,51.12953148051051],[-114.10585396303321,51.13043257105907],[-114.1060801720647,51.131157785764486],[-114.10619764010646,51.13156546806031],[-114.10623255512316,51.131692280146865],[-114.10533975677167,51.13179608250223]]]]}},{"type":"Feature","properties":{"DGUID":"2021S051248060391","DAUID":"48060391","LANDAREA":0.0882,"PRUID":"48","fed_num":"48011","da_code":"48060391","geo_name":"48060391","name_source":{"label":"Statistics Canada Census Profile 2021 DA WDS","url":"https://www12.statcan.gc.ca/wds-sdw/2021profile-profil2021-eng.cfm"},"population":339,"status":"ok","source":{"label":"Statistics Canada Census Profile 2021 DA WDS","url":"https://www12.statcan.gc.ca/wds-sdw/2021profile-profil2021-eng.cfm"},"community_name":"Calgary","community_source":{"label":"Statistics Canada 2021 census subdivision boundaries (spatial lookup)","url":"https://geo.statcan.gc.ca/geo_wa/rest/services/2021/Cartographic_boundary_files/MapServer/9"},"community_display":"Calgary","is_unorganized":false,"panel_title":"Calgary","display_label":"Calgary","map_label":"48060391"},"geometry":{"type":"MultiPolygon","coordinates":[[[[-114.10106092985865,51.13026889774764],[-114.10109732988889,51.129460183825415],[-114.10201536750343,51.12941108724213],[-114.10275443895709,51.129249484849204],[-114.10345695969399,51.128988080334025],[-114.1041975405512,51.12857468833933],[-114.10474326233441,51.12899298405138],[-114.10548983595092,51.130081783853534],[-114.10581935047028,51.13121429037714],[-114.1058086344697,51.13138498692364],[-114.1057487642134,51.13142847451526],[-114.10462582675959,51.131553470978574],[-114.10235043966316,51.1318209897512],[-114.10106064855154,51.13186989059792],[-114.10106065122946,51.131860826802644],[-114.10106043221373,51.13096139206483],[-114.10106092985865,51.13026889774764]]]]}},{"type":"Feature","properties":{"DGUID":"2021S051248060392","DAUID":"48060392","LANDAREA":0.1434,"PRUID":"48","fed_num":"48011","da_code":"48060392","geo_name":"48060392","name_source":{"label":"Statistics Canada Census Profile 2021 DA WDS","url":"https://www12.statcan.gc.ca/wds-sdw/2021profile-profil2021-eng.cfm"},"population":758,"status":"ok","source":{"label":"Statistics Canada Census Profile 2021 DA WDS","url":"https://www12.statcan.gc.ca/wds-sdw/2021profile-profil2021-eng.cfm"},"community_name":"Calgary","community_source":{"label":"Statistics Canada 2021 census subdivision boundaries (spatial lookup)","url":"https://geo.statcan.gc.ca/geo_wa/rest/services/2021/Cartographic_boundary_files/MapServer/9"},"community_display":"Calgary","is_unorganized":false,"panel_title":"Calgary","display_label":"Calgary","map_label":"48060392"},"geometry":{"type":"MultiPolygon","coordinates":[[[[-114.08149397315024,51.12115578386763],[-114.08146106707984,51.12031848083136],[-114.08206097013885,51.120324483251224],[-114.08192706102402,51.11972748451602],[-114.08140595254231,51.119831390677554],[-114.08109907368839,51.11903218113846],[-114.08095345883534,51.11884859722415],[-114.08047676820227,51.118476893683535],[-114.0788283525544,51.11719448535365],[-114.07907546888379,51.117128677475876],[-114.07986928975758,51.11677968979261],[-114.0809173873996,51.11624818993103],[-114.08158828203186,51.11671468212334],[-114.08236348097743,51.11711190079407],[-114.08285905470099,51.11741208683562],[-114.08321999543871,51.117807889977115],[-114.08452585123828,51.120898699789294],[-114.08515264335038,51.1220656820454],[-114.08528647386436,51.12243778444685],[-114.08537138164039,51.12313249205286],[-114.08452884920615,51.12312049938823],[-114.08406246200347,51.12303688043793],[-114.08348006280565,51.12275250186409],[-114.0829820461173,51.122263382072695],[-114.08276054708942,51.12214987883872],[-114.08238036245889,51.12205938779461],[-114.08148415212914,51.12199208504045],[-114.08149397315024,51.12115578386763]]]]}},{"type":"Feature","properties":{"DGUID":"2021S051248060393","DAUID":"48060393","LANDAREA":0.2779,"PRUID":"48","fed_num":"48011","da_code":"48060393","geo_name":"48060393","name_source":{"label":"Statistics Canada Census Profile 2021 DA WDS","url":"https://www12.statcan.gc.ca/wds-sdw/2021profile-profil2021-eng.cfm"},"population":660,"status":"ok","source":{"label":"Statistics Canada Census Profile 2021 DA WDS","url":"https://www12.statcan.gc.ca/wds-sdw/2021profile-profil2021-eng.cfm"},"community_name":"Calgary","community_source":{"label":"Statistics Canada 2021 census subdivision boundaries (spatial lookup)","url":"https://geo.statcan.gc.ca/geo_wa/rest/services/2021/Cartographic_boundary_files/MapServer/9"},"community_display":"Calgary","is_unorganized":false,"panel_title":"Calgary","display_label":"Calgary","map_label":"48060393"},"geometry":{"type":"MultiPolygon","coordinates":[[[[-114.08452585123828,51.120898699789294],[-114.08321999543871,51.117807889977115],[-114.08285905470099,51.11741208683562],[-114.08236348097743,51.11711190079407],[-114.08338086031408,51.116615587886216],[-114.08216596357418,51.115937584769554],[-114.08186458482919,51.11573217338206],[-114.08162299055773,51.11548328361333],[-114.08125468483398,51.11497938768988],[-114.08098258342599,51.11408207925795],[-114.07980299324458,51.11420557823775],[-114.07986997185967,51.11337069150259],[-114.08212807847939,51.113139289638056],[-114.0819079121589,51.11232427818696],[-114.07995170178233,51.11252727451891],[-114.08000440612363,51.11169208236004],[-114.08169982021124,51.11154547555375],[-114.08117152817296,51.10949947115122],[-114.08036010176477,51.109677087345325],[-114.07986201849452,51.10987147061642],[-114.07944500529989,51.110139974388424],[-114.07903379629309,51.110543396782845],[-114.07817879899329,51.11027917430445],[-114.07845538439047,51.10997128452936],[-114.07948061882395,51.10934927820847],[-114.08034041306654,51.10908299366156],[-114.08071590276778,51.109020380103956],[-114.08149021396005,51.108976778469824],[-114.08337634629804,51.109203777457566],[-114.08312112735216,51.11007888476346],[-114.0829847108044,51.111109887628615],[-114.08300049242527,51.11176688910762],[-114.08320538944022,51.1128243939055],[-114.08350768826097,51.113695388878476],[-114.08399106985954,51.11464298045243],[-114.08452629348703,51.11544788784529],[-114.08497799716542,51.11598978891136],[-114.08590429687176,51.11693938671373],[-114.08671906971753,51.117616283002086],[-114.089320190214,51.11956006770095],[-114.08815537079295,51.119774891483466],[-114.087164862987,51.12029888899562],[-114.08652164438473,51.12052568152242],[-114.0857534782269,51.120695477170976],[-114.08452585123828,51.120898699789294]]]]}},{"type":"Feature","properties":{"DGUID":"2021S051248060394","DAUID":"48060394","LANDAREA":0.0846,"PRUID":"48","fed_num":"48011","da_code":"48060394","geo_name":"48060394","name_source":{"label":"Statistics Canada Census Profile 2021 DA WDS","url":"https://www12.statcan.gc.ca/wds-sdw/2021profile-profil2021-eng.cfm"},"population":268,"status":"ok","source":{"label":"Statistics Canada Census Profile 2021 DA WDS","url":"https://www12.statcan.gc.ca/wds-sdw/2021profile-profil2021-eng.cfm"},"community_name":"Calgary","community_source":{"label":"Statistics Canada 2021 census subdivision boundaries (spatial lookup)","url":"https://geo.statcan.gc.ca/geo_wa/rest/services/2021/Cartographic_boundary_files/MapServer/9"},"community_display":"Calgary","is_unorganized":false,"panel_title":"Calgary","display_label":"Calgary","map_label":"48060394"},"geometry":{"type":"MultiPolygon","coordinates":[[[[-114.08158828203186,51.11671468212334],[-114.0809173873996,51.11624818993103],[-114.07986928975758,51.11677968979261],[-114.07911779435938,51.11600539131205],[-114.0786311785539,51.11511169384328],[-114.07846006133683,51.11419898548443],[-114.0785846095576,51.11290678844213],[-114.07992571262587,51.11294039497356],[-114.07995170178233,51.11252727451891],[-114.0819079121589,51.11232427818696],[-114.08212807847939,51.113139289638056],[-114.07986997185967,51.11337069150259],[-114.07980299324458,51.11420557823775],[-114.08098258342599,51.11408207925795],[-114.08125468483398,51.11497938768988],[-114.08162299055773,51.11548328361333],[-114.08186458482919,51.11573217338206],[-114.08216596357418,51.115937584769554],[-114.08338086031408,51.116615587886216],[-114.08236348097743,51.11711190079407],[-114.08158828203186,51.11671468212334]]]]}},{"type":"Feature","properties":{"DGUID":"2021S051248060395","DAUID":"48060395","LANDAREA":0.2364,"PRUID":"48","fed_num":"48011","da_code":"48060395","geo_name":"48060395","name_source":{"label":"Statistics Canada Census Profile 2021 DA WDS","url":"https://www12.statcan.gc.ca/wds-sdw/2021profile-profil2021-eng.cfm"},"population":902,"status":"ok","source":{"label":"Statistics Canada Census Profile 2021 DA WDS","url":"https://www12.statcan.gc.ca/wds-sdw/2021profile-profil2021-eng.cfm"},"community_name":"Calgary","community_source":{"label":"Statistics Canada 2021 census subdivision boundaries (spatial lookup)","url":"https://geo.statcan.gc.ca/geo_wa/rest/services/2021/Cartographic_boundary_files/MapServer/9"},"community_display":"Calgary","is_unorganized":false,"panel_title":"Calgary","display_label":"Calgary","map_label":"48060395"},"geometry":{"type":"MultiPolygon","coordinates":[[[[-114.07680247320745,51.11374380129637],[-114.0728854649907,51.11399649376082],[-114.07149464405666,51.11406958098443],[-114.07148745513709,51.11282809241851],[-114.071390775268,51.11209707260662],[-114.07136587260717,51.11068429717806],[-114.07159465838359,51.11068097992566],[-114.07205178155453,51.11068348010843],[-114.07252149788671,51.11071327781488],[-114.07326627989194,51.11091177457891],[-114.07398478487114,51.111298587129575],[-114.07455898148024,51.11148389613188],[-114.07519589990314,51.11158079655985],[-114.07573798938596,51.11159429889504],[-114.07626987721699,51.111544696740445],[-114.07679308541066,51.11140489755425],[-114.0771748036422,51.11124348658211],[-114.07728738029513,51.111178051076706],[-114.0775160085926,51.111045171145705],[-114.077788114401,51.11080909489165],[-114.07817879899329,51.11027917430445],[-114.07903379629309,51.110543396782845],[-114.07961030868572,51.11091758521797],[-114.07979698774328,51.11112917555099],[-114.08000440612363,51.11169208236004],[-114.07995170178233,51.11252727451891],[-114.07992571262587,51.11294039497356],[-114.0785846095576,51.11290678844213],[-114.07846006133683,51.11419898548443],[-114.0786311785539,51.11511169384328],[-114.07911779435938,51.11600539131205],[-114.07986928975758,51.11677968979261],[-114.07907546888379,51.117128677475876],[-114.0788283525544,51.11719448535365],[-114.07680068326853,51.11739559178964],[-114.07679914716923,51.11651408738795],[-114.07679268046279,51.114579998647244],[-114.07680218137742,51.11377589982326],[-114.07680247320745,51.11374380129637]]]]}},{"type":"Feature","properties":{"DGUID":"2021S051248060396","DAUID":"48060396","LANDAREA":0.0286,"PRUID":"48","fed_num":"48011","da_code":"48060396","geo_name":"48060396","name_source":{"label":"Statistics Canada Census Profile 2021 DA WDS","url":"https://www12.statcan.gc.ca/wds-sdw/2021profile-profil2021-eng.cfm"},"population":264,"status":"ok","source":{"label":"Statistics Canada Census Profile 2021 DA WDS","url":"https://www12.statcan.gc.ca/wds-sdw/2021profile-profil2021-eng.cfm"},"community_name":"Calgary","community_source":{"label":"Statistics Canada 2021 census subdivision boundaries (spatial lookup)","url":"https://geo.statcan.gc.ca/geo_wa/rest/services/2021/Cartographic_boundary_files/MapServer/9"},"community_display":"Calgary","is_unorganized":false,"panel_title":"Calgary","display_label":"Calgary","map_label":"48060396"},"geometry":{"type":"MultiPolygon","coordinates":[[[[-114.08000440612363,51.11169208236004],[-114.07979698774328,51.11112917555099],[-114.07961030868572,51.11091758521797],[-114.07903379629309,51.110543396782845],[-114.07944500529989,51.110139974388424],[-114.07986201849452,51.10987147061642],[-114.08036010176477,51.109677087345325],[-114.08117152817296,51.10949947115122],[-114.08169982021124,51.11154547555375],[-114.08000440612363,51.11169208236004]]]]}},{"type":"Feature","properties":{"DGUID":"2021S051248060397","DAUID":"48060397","LANDAREA":0.0573,"PRUID":"48","fed_num":"48011","da_code":"48060397","geo_name":"48060397","name_source":{"label":"Statistics Canada Census Profile 2021 DA WDS","url":"https://www12.statcan.gc.ca/wds-sdw/2021profile-profil2021-eng.cfm"},"population":274,"status":"ok","source":{"label":"Statistics Canada Census Profile 2021 DA WDS","url":"https://www12.statcan.gc.ca/wds-sdw/2021profile-profil2021-eng.cfm"},"community_name":"Calgary","community_source":{"label":"Statistics Canada 2021 census subdivision boundaries (spatial lookup)","url":"https://geo.statcan.gc.ca/geo_wa/rest/services/2021/Cartographic_boundary_files/MapServer/9"},"community_display":"Calgary","is_unorganized":false,"panel_title":"Calgary","display_label":"Calgary","map_label":"48060397"},"geometry":{"type":"MultiPolygon","coordinates":[[[[-114.07398478487114,51.111298587129575],[-114.07326627989194,51.11091177457891],[-114.07252149788671,51.11071327781488],[-114.07205178155453,51.11068348010843],[-114.07159465838359,51.11068097992566],[-114.07136587260717,51.11068429717806],[-114.0713600673439,51.11054918866899],[-114.07138559307755,51.10969537757336],[-114.07160007746904,51.10969170062355],[-114.07288179915004,51.10975977560587],[-114.0735985761468,51.10994868161276],[-114.07435028504729,51.11026439472689],[-114.07488617367073,51.11037667855739],[-114.07574218756682,51.110398075815006],[-114.07614730301628,51.11031828280611],[-114.07675951753338,51.11012679349924],[-114.07728960672671,51.10987918112219],[-114.07748018556839,51.110027880115545],[-114.07817879899329,51.11027917430445],[-114.077788114401,51.11080909489165],[-114.0775160085926,51.111045171145705],[-114.07728738029513,51.111178051076706],[-114.0771748036422,51.11124348658211],[-114.07679308541066,51.11140489755425],[-114.07626987721699,51.111544696740445],[-114.07573798938596,51.11159429889504],[-114.07519589990314,51.11158079655985],[-114.07455898148024,51.11148389613188],[-114.07398478487114,51.111298587129575]]]]}},{"type":"Feature","properties":{"DGUID":"2021S051248060398","DAUID":"48060398","LANDAREA":0.2267,"PRUID":"48","fed_num":"48011","da_code":"48060398","geo_name":"48060398","name_source":{"label":"Statistics Canada Census Profile 2021 DA WDS","url":"https://www12.statcan.gc.ca/wds-sdw/2021profile-profil2021-eng.cfm"},"population":546,"status":"ok","source":{"label":"Statistics Canada Census Profile 2021 DA WDS","url":"https://www12.statcan.gc.ca/wds-sdw/2021profile-profil2021-eng.cfm"},"community_name":"Calgary","community_source":{"label":"Statistics Canada 2021 census subdivision boundaries (spatial lookup)","url":"https://geo.statcan.gc.ca/geo_wa/rest/services/2021/Cartographic_boundary_files/MapServer/9"},"community_display":"Calgary","is_unorganized":false,"panel_title":"Calgary","display_label":"Calgary","map_label":"48060398"},"geometry":{"type":"MultiPolygon","coordinates":[[[[-114.08071590276778,51.109020380103956],[-114.08034041306654,51.10908299366156],[-114.07948061882395,51.10934927820847],[-114.07845538439047,51.10997128452936],[-114.07817879899329,51.11027917430445],[-114.07748018556839,51.110027880115545],[-114.07728960672671,51.10987918112219],[-114.07675951753338,51.11012679349924],[-114.07614730301628,51.11031828280611],[-114.07520200357496,51.10944918376192],[-114.07500839781422,51.10912047681418],[-114.07491690558322,51.10853349373576],[-114.07504278838563,51.108122890348405],[-114.07517461628342,51.10784739207963],[-114.07546599591895,51.10753089062356],[-114.07586881865612,51.107262077492926],[-114.07885653476131,51.10587967479662],[-114.07962772246566,51.106564588725696],[-114.0804280294298,51.10724117595285],[-114.08123644459361,51.10688358954995],[-114.08166373283471,51.106678376141296],[-114.08304654225606,51.10604736905537],[-114.08392735761748,51.10680689148872],[-114.08416821781152,51.10683988276642],[-114.08428742564735,51.10676189747477],[-114.08529773461633,51.105464897136734],[-114.085658739925,51.10517708259565],[-114.08466453573716,51.104630596141],[-114.08524404355472,51.104276288915976],[-114.08631865851143,51.10377237823823],[-114.08668232516389,51.104123189599626],[-114.08735603749084,51.104769686074796],[-114.08649196596453,51.105332795191984],[-114.08575501941432,51.105917088679384],[-114.08475084149549,51.10689038341445],[-114.0841264275341,51.10772937560492],[-114.08375874378439,51.10834977539589],[-114.08349371957426,51.10892787863979],[-114.08341163950138,51.10909666884445],[-114.08337634629804,51.109203777457566],[-114.08149021396005,51.108976778469824],[-114.08071590276778,51.109020380103956]]]]}},{"type":"Feature","properties":{"DGUID":"2021S051248060399","DAUID":"48060399","LANDAREA":0.3702,"PRUID":"48","fed_num":"48011","da_code":"48060399","geo_name":"48060399","name_source":{"label":"Statistics Canada Census Profile 2021 DA WDS","url":"https://www12.statcan.gc.ca/wds-sdw/2021profile-profil2021-eng.cfm"},"population":692,"status":"ok","source":{"label":"Statistics Canada Census Profile 2021 DA WDS","url":"https://www12.statcan.gc.ca/wds-sdw/2021profile-profil2021-eng.cfm"},"community_name":"Calgary","community_source":{"label":"Statistics Canada 2021 census subdivision boundaries (spatial lookup)","url":"https://geo.statcan.gc.ca/geo_wa/rest/services/2021/Cartographic_boundary_files/MapServer/9"},"community_display":"Calgary","is_unorganized":false,"panel_title":"Calgary","display_label":"Calgary","map_label":"48060399"},"geometry":{"type":"MultiPolygon","coordinates":[[[[-114.0715317992473,51.10806199203319],[-114.07151379366327,51.10721598583413],[-114.0715112012982,51.10612758899142],[-114.07208179386102,51.10614188791971],[-114.07262579463818,51.10657828389334],[-114.075379020184,51.10528898853743],[-114.07699971153126,51.104510985826494],[-114.07798493149215,51.1038430963319],[-114.07875622897579,51.103456988762964],[-114.08009240637205,51.102793849745275],[-114.08087478016252,51.101444987600345],[-114.0809270266296,51.10131372460489],[-114.08327794076499,51.097382085715715],[-114.08515014327482,51.098049486379516],[-114.08651514501922,51.09860528926526],[-114.08618344189817,51.099109682206745],[-114.08488815575423,51.09880749276148],[-114.08428506061459,51.098630588161186],[-114.0837972412917,51.098663389927204],[-114.08350246426485,51.09880888067099],[-114.08220104680507,51.10087218122044],[-114.08233684244622,51.100983599744815],[-114.08360865305309,51.10097927588597],[-114.08503723442266,51.10097900196319],[-114.08492494011257,51.10117408569545],[-114.08477026519778,51.10162068318266],[-114.08476632974907,51.10172949691351],[-114.08476954841636,51.1018267822969],[-114.08327014946127,51.10181637607113],[-114.08197084952324,51.10181088088869],[-114.0819704597262,51.10181088764234],[-114.08189622363605,51.101853992046784],[-114.08187535194291,51.1021862797912],[-114.08198464354638,51.102719689953716],[-114.08227814955733,51.10327577932793],[-114.08246594177379,51.103469279493694],[-114.08262142680941,51.103949879555735],[-114.08257384360313,51.10447949433006],[-114.08243913686567,51.10457499560855],[-114.0823873250846,51.10471767394438],[-114.0824001313593,51.10519469047134],[-114.08261601986521,51.10562277538316],[-114.08304654225606,51.10604736905537],[-114.08166373283471,51.106678376141296],[-114.08123644459361,51.10688358954995],[-114.0804280294298,51.10724117595285],[-114.07962772246566,51.106564588725696],[-114.07885653476131,51.10587967479662],[-114.07586881865612,51.107262077492926],[-114.07546599591895,51.10753089062356],[-114.07517461628342,51.10784739207963],[-114.07504278838563,51.108122890348405],[-114.07491690558322,51.10853349373576],[-114.07500839781422,51.10912047681418],[-114.07520200357496,51.10944918376192],[-114.07614730301628,51.11031828280611],[-114.07574218756682,51.110398075815006],[-114.07488617367073,51.11037667855739],[-114.07435028504729,51.11026439472689],[-114.0735985761468,51.10994868161276],[-114.07288179915004,51.10975977560587],[-114.07160007746904,51.10969170062355],[-114.07138559307755,51.10969537757336],[-114.07141889976305,51.10849086926295],[-114.0715558016374,51.108359387199904],[-114.0715317992473,51.10806199203319]]]]}},{"type":"Feature","properties":{"DGUID":"2021S051248060400","DAUID":"48060400","LANDAREA":0.0815,"PRUID":"48","fed_num":"48011","da_code":"48060400","geo_name":"48060400","name_source":{"label":"Statistics Canada Census Profile 2021 DA WDS","url":"https://www12.statcan.gc.ca/wds-sdw/2021profile-profil2021-eng.cfm"},"population":581,"status":"ok","source":{"label":"Statistics Canada Census Profile 2021 DA WDS","url":"https://www12.statcan.gc.ca/wds-sdw/2021profile-profil2021-eng.cfm"},"community_name":"Calgary","community_source":{"label":"Statistics Canada 2021 census subdivision boundaries (spatial lookup)","url":"https://geo.statcan.gc.ca/geo_wa/rest/services/2021/Cartographic_boundary_files/MapServer/9"},"community_display":"Calgary","is_unorganized":false,"panel_title":"Calgary","display_label":"Calgary","map_label":"48060400"},"geometry":{"type":"MultiPolygon","coordinates":[[[[-114.06661035414297,51.10973747720166],[-114.06660208576862,51.10806418265494],[-114.0715317992473,51.10806199203319],[-114.0715558016374,51.108359387199904],[-114.07141889976305,51.10849086926295],[-114.07138559307755,51.10969537757336],[-114.0713600673439,51.11054918866899],[-114.07136587260717,51.11068429717806],[-114.06883668429182,51.11068377485121],[-114.068845762655,51.110540190718076],[-114.068843985006,51.10989248305501],[-114.06883938853807,51.109739473766346],[-114.06805417666845,51.1097286802994],[-114.06661035414297,51.10973747720166]]]]}},{"type":"Feature","properties":{"DGUID":"2021S051248060401","DAUID":"48060401","LANDAREA":0.0977,"PRUID":"48","fed_num":"48011","da_code":"48060401","geo_name":"48060401","name_source":{"label":"Statistics Canada Census Profile 2021 DA WDS","url":"https://www12.statcan.gc.ca/wds-sdw/2021profile-profil2021-eng.cfm"},"population":394,"status":"ok","source":{"label":"Statistics Canada Census Profile 2021 DA WDS","url":"https://www12.statcan.gc.ca/wds-sdw/2021profile-profil2021-eng.cfm"},"community_name":"Calgary","community_source":{"label":"Statistics Canada 2021 census subdivision boundaries (spatial lookup)","url":"https://geo.statcan.gc.ca/geo_wa/rest/services/2021/Cartographic_boundary_files/MapServer/9"},"community_display":"Calgary","is_unorganized":false,"panel_title":"Calgary","display_label":"Calgary","map_label":"48060401"},"geometry":{"type":"MultiPolygon","coordinates":[[[[-114.06267825424027,51.108118295238235],[-114.06267758004108,51.10805937738513],[-114.06390197429214,51.108059384138066],[-114.06528798208544,51.108058183217885],[-114.06660208576862,51.10806418265494],[-114.06661035414297,51.10973747720166],[-114.06805417666845,51.1097286802994],[-114.06883938853807,51.109739473766346],[-114.068843985006,51.10989248305501],[-114.068845762655,51.110540190718076],[-114.06883668429182,51.11068377485121],[-114.06657916709818,51.11068118561688],[-114.063078767696,51.11067416806707],[-114.06257886302446,51.11067057532359],[-114.06258794618476,51.11052688564488],[-114.06258797827545,51.110301988974776],[-114.0626144174784,51.10966235546501],[-114.06267825424027,51.108118295238235]]]]}},{"type":"Feature","properties":{"DGUID":"2021S051248060402","DAUID":"48060402","LANDAREA":0.3675,"PRUID":"48","fed_num":"48011","da_code":"48060402","geo_name":"48060402","name_source":{"label":"Statistics Canada Census Profile 2021 DA WDS","url":"https://www12.statcan.gc.ca/wds-sdw/2021profile-profil2021-eng.cfm"},"population":737,"status":"ok","source":{"label":"Statistics Canada Census Profile 2021 DA WDS","url":"https://www12.statcan.gc.ca/wds-sdw/2021profile-profil2021-eng.cfm"},"community_name":"Calgary","community_source":{"label":"Statistics Canada 2021 census subdivision boundaries (spatial lookup)","url":"https://geo.statcan.gc.ca/geo_wa/rest/services/2021/Cartographic_boundary_files/MapServer/9"},"community_display":"Calgary","is_unorganized":false,"panel_title":"Calgary","display_label":"Calgary","map_label":"48060402"},"geometry":{"type":"MultiPolygon","coordinates":[[[[-114.07171136291707,51.117645891947845],[-114.07105213499825,51.11744948279902],[-114.07045806430719,51.11780337957555],[-114.07018123796871,51.117886379048514],[-114.06974416082666,51.11801939050114],[-114.06965706671758,51.11805016578295],[-114.06955406050736,51.1180865690563],[-114.06947533890838,51.11797669982784],[-114.06918585294474,51.11758257690906],[-114.0687097683534,51.11697699393828],[-114.06758915161707,51.115941491590725],[-114.06454285202703,51.11349938143111],[-114.06318336103917,51.112403787851],[-114.06260527892466,51.111831578905445],[-114.06243807809,51.1115395880085],[-114.06236714351971,51.11085417638185],[-114.06236434470196,51.110674184434714],[-114.06247946657692,51.110672245250946],[-114.06257886302446,51.11067057532359],[-114.063078767696,51.11067416806707],[-114.06657916709818,51.11068118561688],[-114.06883668429182,51.11068377485121],[-114.07136587260717,51.11068429717806],[-114.071390775268,51.11209707260662],[-114.07148745513709,51.11282809241851],[-114.07149464405666,51.11406958098443],[-114.0728854649907,51.11399649376082],[-114.07287546453472,51.114832775262265],[-114.07286345053916,51.116829280103346],[-114.07286715009275,51.117674878280354],[-114.07171136291707,51.117645891947845]]]]}},{"type":"Feature","properties":{"DGUID":"2021S051248060403","DAUID":"48060403","LANDAREA":0.1124,"PRUID":"48","fed_num":"48011","da_code":"48060403","geo_name":"48060403","name_source":{"label":"Statistics Canada Census Profile 2021 DA WDS","url":"https://www12.statcan.gc.ca/wds-sdw/2021profile-profil2021-eng.cfm"},"population":521,"status":"ok","source":{"label":"Statistics Canada Census Profile 2021 DA WDS","url":"https://www12.statcan.gc.ca/wds-sdw/2021profile-profil2021-eng.cfm"},"community_name":"Calgary","community_source":{"label":"Statistics Canada 2021 census subdivision boundaries (spatial lookup)","url":"https://geo.statcan.gc.ca/geo_wa/rest/services/2021/Cartographic_boundary_files/MapServer/9"},"community_display":"Calgary","is_unorganized":false,"panel_title":"Calgary","display_label":"Calgary","map_label":"48060403"},"geometry":{"type":"MultiPolygon","coordinates":[[[[-114.06002004477496,51.111361770646155],[-114.06003545267028,51.110669592756985],[-114.06180736146003,51.11066917493297],[-114.06236434470196,51.110674184434714],[-114.06236714351971,51.11085417638185],[-114.06243807809,51.1115395880085],[-114.06260527892466,51.111831578905445],[-114.06318336103917,51.112403787851],[-114.06454285202703,51.11349938143111],[-114.06330457142535,51.11409788721834],[-114.06228704633199,51.11459398447136],[-114.06325214642573,51.115373769038825],[-114.06269343365808,51.115620587316066],[-114.06223353248566,51.11588787297471],[-114.06188083803474,51.116040879265306],[-114.06151783091455,51.116130782638315],[-114.06058813617813,51.11614337717447],[-114.06059724517092,51.11532509207975],[-114.06058803203179,51.114569278882946],[-114.06055665117603,51.11416367166222],[-114.06061653853081,51.113895380425426],[-114.06066735540722,51.11377066534841],[-114.06098125483844,51.11355367494946],[-114.06007434597178,51.11275737320213],[-114.06000987080311,51.11242288188067],[-114.06002004477496,51.111361770646155]]]]}},{"type":"Feature","properties":{"DGUID":"2021S051248060404","DAUID":"48060404","LANDAREA":0.1628,"PRUID":"48","fed_num":"48011","da_code":"48060404","geo_name":"48060404","name_source":{"label":"Statistics Canada Census Profile 2021 DA WDS","url":"https://www12.statcan.gc.ca/wds-sdw/2021profile-profil2021-eng.cfm"},"population":293,"status":"ok","source":{"label":"Statistics Canada Census Profile 2021 DA WDS","url":"https://www12.statcan.gc.ca/wds-sdw/2021profile-profil2021-eng.cfm"},"community_name":"Calgary","community_source":{"label":"Statistics Canada 2021 census subdivision boundaries (spatial lookup)","url":"https://geo.statcan.gc.ca/geo_wa/rest/services/2021/Cartographic_boundary_files/MapServer/9"},"community_display":"Calgary","is_unorganized":false,"panel_title":"Calgary","display_label":"Calgary","map_label":"48060404"},"geometry":{"type":"MultiPolygon","coordinates":[[[[-114.05682665002988,51.11102047785507],[-114.0568204398358,51.11066956785924],[-114.0569921481245,51.110664867725895],[-114.05747787596269,51.1106681819272],[-114.06003545267028,51.110669592756985],[-114.06002004477496,51.111361770646155],[-114.06000987080311,51.11242288188067],[-114.06007434597178,51.11275737320213],[-114.06098125483844,51.11355367494946],[-114.06066735540722,51.11377066534841],[-114.06061653853081,51.113895380425426],[-114.06055665117603,51.11416367166222],[-114.06058803203179,51.114569278882946],[-114.06059724517092,51.11532509207975],[-114.06058813617813,51.11614337717447],[-114.05881544587339,51.11615268222788],[-114.05841763856002,51.11611567946753],[-114.05820654075345,51.11606536598972],[-114.05780472908445,51.115866381706844],[-114.05735213938102,51.11556718532542],[-114.05651724809738,51.1149884732662],[-114.05563978389759,51.114404939508084],[-114.05540662947139,51.11424987521904],[-114.0552691280691,51.114165470646874],[-114.05614864231761,51.113369078331885],[-114.0565487566916,51.11269557227016],[-114.05679526964889,51.11196417822269],[-114.05682665002988,51.11102047785507]]]]}},{"type":"Feature","properties":{"DGUID":"2021S051248060405","DAUID":"48060405","LANDAREA":0.1853,"PRUID":"48","fed_num":"48011","da_code":"48060405","geo_name":"48060405","name_source":{"label":"Statistics Canada Census Profile 2021 DA WDS","url":"https://www12.statcan.gc.ca/wds-sdw/2021profile-profil2021-eng.cfm"},"population":600,"status":"ok","source":{"label":"Statistics Canada Census Profile 2021 DA WDS","url":"https://www12.statcan.gc.ca/wds-sdw/2021profile-profil2021-eng.cfm"},"community_name":"Calgary","community_source":{"label":"Statistics Canada 2021 census subdivision boundaries (spatial lookup)","url":"https://geo.statcan.gc.ca/geo_wa/rest/services/2021/Cartographic_boundary_files/MapServer/9"},"community_display":"Calgary","is_unorganized":false,"panel_title":"Calgary","display_label":"Calgary","map_label":"48060405"},"geometry":{"type":"MultiPolygon","coordinates":[[[[-114.05995243820095,51.1178273745622],[-114.05993642671076,51.11695447270434],[-114.06252293809546,51.11695658479801],[-114.06262854645516,51.11686927758301],[-114.06269815881738,51.11644827339113],[-114.06259763625354,51.116229876126674],[-114.06223353248566,51.11588787297471],[-114.06269343365808,51.115620587316066],[-114.06325214642573,51.115373769038825],[-114.06228704633199,51.11459398447136],[-114.06330457142535,51.11409788721834],[-114.06454285202703,51.11349938143111],[-114.06758915161707,51.115941491590725],[-114.0687097683534,51.11697699393828],[-114.06918585294474,51.11758257690906],[-114.06947533890838,51.11797669982784],[-114.06955406050736,51.1180865690563],[-114.06908953967204,51.11820088342866],[-114.06832244587135,51.1183524731995],[-114.06767635966082,51.11839927832137],[-114.06686252519994,51.1183877768313],[-114.06650865591976,51.11833398752705],[-114.06500814749016,51.11833229197007],[-114.06337233637258,51.117985273409374],[-114.06279412295142,51.11786288350088],[-114.06212522285084,51.11781909269951],[-114.06168097677681,51.11782079587359],[-114.05995243820095,51.1178273745622]]]]}},{"type":"Feature","properties":{"DGUID":"2021S051248060406","DAUID":"48060406","LANDAREA":0.113,"PRUID":"48","fed_num":"48011","da_code":"48060406","geo_name":"48060406","name_source":{"label":"Statistics Canada Census Profile 2021 DA WDS","url":"https://www12.statcan.gc.ca/wds-sdw/2021profile-profil2021-eng.cfm"},"population":396,"status":"ok","source":{"label":"Statistics Canada Census Profile 2021 DA WDS","url":"https://www12.statcan.gc.ca/wds-sdw/2021profile-profil2021-eng.cfm"},"community_name":"Calgary","community_source":{"label":"Statistics Canada 2021 census subdivision boundaries (spatial lookup)","url":"https://geo.statcan.gc.ca/geo_wa/rest/services/2021/Cartographic_boundary_files/MapServer/9"},"community_display":"Calgary","is_unorganized":false,"panel_title":"Calgary","display_label":"Calgary","map_label":"48060406"},"geometry":{"type":"MultiPolygon","coordinates":[[[[-114.07287546453472,51.114832775262265],[-114.0728854649907,51.11399649376082],[-114.07680247320745,51.11374380129637],[-114.07680218137742,51.11377589982326],[-114.07679268046279,51.114579998647244],[-114.07679914716923,51.11651408738795],[-114.07680068326853,51.11739559178964],[-114.07575104544117,51.117495298421076],[-114.07371077773271,51.117669091195545],[-114.07286715009275,51.117674878280354],[-114.07286345053916,51.116829280103346],[-114.07287546453472,51.114832775262265]]]]}},{"type":"Feature","properties":{"DGUID":"2021S051248060407","DAUID":"48060407","LANDAREA":0.1475,"PRUID":"48","fed_num":"48011","da_code":"48060407","geo_name":"48060407","name_source":{"label":"Statistics Canada Census Profile 2021 DA WDS","url":"https://www12.statcan.gc.ca/wds-sdw/2021profile-profil2021-eng.cfm"},"population":378,"status":"ok","source":{"label":"Statistics Canada Census Profile 2021 DA WDS","url":"https://www12.statcan.gc.ca/wds-sdw/2021profile-profil2021-eng.cfm"},"community_name":"Calgary","community_source":{"label":"Statistics Canada 2021 census subdivision boundaries (spatial lookup)","url":"https://geo.statcan.gc.ca/geo_wa/rest/services/2021/Cartographic_boundary_files/MapServer/9"},"community_display":"Calgary","is_unorganized":false,"panel_title":"Calgary","display_label":"Calgary","map_label":"48060407"},"geometry":{"type":"MultiPolygon","coordinates":[[[[-114.07808134917882,51.12133139941748],[-114.07765976469446,51.12053828536637],[-114.0772884638563,51.11985437300706],[-114.0767985628035,51.119464392803046],[-114.07619966161636,51.11899059680676],[-114.07604204520464,51.11877078856404],[-114.07589867593067,51.11832649457471],[-114.07575104544117,51.117495298421076],[-114.07680068326853,51.11739559178964],[-114.0788283525544,51.11719448535365],[-114.08047676820227,51.118476893683535],[-114.08095345883534,51.11884859722415],[-114.08109907368839,51.11903218113846],[-114.08140595254231,51.119831390677554],[-114.08192706102402,51.11972748451602],[-114.08206097013885,51.120324483251224],[-114.08146106707984,51.12031848083136],[-114.08149397315024,51.12115578386763],[-114.08148415212914,51.12199208504045],[-114.08049494685902,51.122039295178666],[-114.07913816734369,51.12202337396323],[-114.07848974778574,51.122106083105464],[-114.07808134917882,51.12133139941748]]]]}},{"type":"Feature","properties":{"DGUID":"2021S051248060408","DAUID":"48060408","LANDAREA":0.1664,"PRUID":"48","fed_num":"48011","da_code":"48060408","geo_name":"48060408","name_source":{"label":"Statistics Canada Census Profile 2021 DA WDS","url":"https://www12.statcan.gc.ca/wds-sdw/2021profile-profil2021-eng.cfm"},"population":457,"status":"ok","source":{"label":"Statistics Canada Census Profile 2021 DA WDS","url":"https://www12.statcan.gc.ca/wds-sdw/2021profile-profil2021-eng.cfm"},"community_name":"Calgary","community_source":{"label":"Statistics Canada 2021 census subdivision boundaries (spatial lookup)","url":"https://geo.statcan.gc.ca/geo_wa/rest/services/2021/Cartographic_boundary_files/MapServer/9"},"community_display":"Calgary","is_unorganized":false,"panel_title":"Calgary","display_label":"Calgary","map_label":"48060408"},"geometry":{"type":"MultiPolygon","coordinates":[[[[-114.08257384360313,51.10447949433006],[-114.08262142680941,51.103949879555735],[-114.08246594177379,51.103469279493694],[-114.08227814955733,51.10327577932793],[-114.08198464354638,51.102719689953716],[-114.08187535194291,51.1021862797912],[-114.08189622363605,51.101853992046784],[-114.0819704597262,51.10181088764234],[-114.08197084952324,51.10181088088869],[-114.08327014946127,51.10181637607113],[-114.08476954841636,51.1018267822969],[-114.08614113139853,51.10182508379485],[-114.08904246587693,51.101807385249096],[-114.09047115829078,51.10271547927872],[-114.08888444917197,51.10363839879101],[-114.08816513455999,51.10394429272943],[-114.08732196141673,51.10326668288015],[-114.08631865851143,51.10377237823823],[-114.08524404355472,51.104276288915976],[-114.08466453573716,51.104630596141],[-114.085658739925,51.10517708259565],[-114.08529773461633,51.105464897136734],[-114.08428742564735,51.10676189747477],[-114.08416821781152,51.10683988276642],[-114.08392735761748,51.10680689148872],[-114.08304654225606,51.10604736905537],[-114.08261601986521,51.10562277538316],[-114.0824001313593,51.10519469047134],[-114.0823873250846,51.10471767394438],[-114.08243913686567,51.10457499560855],[-114.08257384360313,51.10447949433006]]]]}},{"type":"Feature","properties":{"DGUID":"2021S051248060409","DAUID":"48060409","LANDAREA":0.1172,"PRUID":"48","fed_num":"48011","da_code":"48060409","geo_name":"48060409","name_source":{"label":"Statistics Canada Census Profile 2021 DA WDS","url":"https://www12.statcan.gc.ca/wds-sdw/2021profile-profil2021-eng.cfm"},"population":360,"status":"ok","source":{"label":"Statistics Canada Census Profile 2021 DA WDS","url":"https://www12.statcan.gc.ca/wds-sdw/2021profile-profil2021-eng.cfm"},"community_name":"Calgary","community_source":{"label":"Statistics Canada 2021 census subdivision boundaries (spatial lookup)","url":"https://geo.statcan.gc.ca/geo_wa/rest/services/2021/Cartographic_boundary_files/MapServer/9"},"community_display":"Calgary","is_unorganized":false,"panel_title":"Calgary","display_label":"Calgary","map_label":"48060409"},"geometry":{"type":"MultiPolygon","coordinates":[[[[-114.08220104680507,51.10087218122044],[-114.08350246426485,51.09880888067099],[-114.0837972412917,51.098663389927204],[-114.08428506061459,51.098630588161186],[-114.08488815575423,51.09880749276148],[-114.08618344189817,51.099109682206745],[-114.08651514501922,51.09860528926526],[-114.08731294736666,51.09886799165157],[-114.087722050227,51.09895020640592],[-114.08860406975792,51.09900808374488],[-114.08920315440444,51.0990230821382],[-114.08979356959662,51.09894779673348],[-114.08995925799658,51.09926680070553],[-114.08998037685774,51.10097629555357],[-114.08503723442266,51.10097900196319],[-114.08360865305309,51.10097927588597],[-114.08233684244622,51.100983599744815],[-114.08220104680507,51.10087218122044]]]]}},{"type":"Feature","properties":{"DGUID":"2021S051248060410","DAUID":"48060410","LANDAREA":0.3148,"PRUID":"48","fed_num":"48011","da_code":"48060410","geo_name":"48060410","name_source":{"label":"Statistics Canada Census Profile 2021 DA WDS","url":"https://www12.statcan.gc.ca/wds-sdw/2021profile-profil2021-eng.cfm"},"population":590,"status":"ok","source":{"label":"Statistics Canada Census Profile 2021 DA WDS","url":"https://www12.statcan.gc.ca/wds-sdw/2021profile-profil2021-eng.cfm"},"community_name":"Calgary","community_source":{"label":"Statistics Canada 2021 census subdivision boundaries (spatial lookup)","url":"https://geo.statcan.gc.ca/geo_wa/rest/services/2021/Cartographic_boundary_files/MapServer/9"},"community_display":"Calgary","is_unorganized":false,"panel_title":"Calgary","display_label":"Calgary","map_label":"48060410"},"geometry":{"type":"MultiPolygon","coordinates":[[[[-114.07584883291099,51.09988588947847],[-114.07637393346258,51.09903548721044],[-114.07737194430096,51.09951917527684],[-114.07829664833896,51.09799519611188],[-114.0771715432319,51.0977151908677],[-114.07764755752255,51.09696258978333],[-114.07799917309852,51.096382986117405],[-114.07811003544018,51.096209755319],[-114.07816073291079,51.09613057336879],[-114.07825265707281,51.095986994566864],[-114.07865096588046,51.095323586541035],[-114.07983475872638,51.09557809456322],[-114.08098616282659,51.0958946892989],[-114.08328035018748,51.09643767544444],[-114.08363754748281,51.09655802229964],[-114.08380861844324,51.096615652905854],[-114.08357497741295,51.09697577763115],[-114.08336925583849,51.09729449263354],[-114.08327794076499,51.097382085715715],[-114.0809270266296,51.10131372460489],[-114.08087478016252,51.101444987600345],[-114.08009240637205,51.102793849745275],[-114.07875622897579,51.103456988762964],[-114.07798493149215,51.1038430963319],[-114.07786272168059,51.10374108841971],[-114.07431654372999,51.10197928070187],[-114.07489320992377,51.10144497552655],[-114.075402920635,51.10061229444203],[-114.07584883291099,51.09988588947847]]]]}},{"type":"Feature","properties":{"DGUID":"2021S051248060411","DAUID":"48060411","LANDAREA":0.2634,"PRUID":"48","fed_num":"48011","da_code":"48060411","geo_name":"48060411","name_source":{"label":"Statistics Canada Census Profile 2021 DA WDS","url":"https://www12.statcan.gc.ca/wds-sdw/2021profile-profil2021-eng.cfm"},"population":514,"status":"ok","source":{"label":"Statistics Canada Census Profile 2021 DA WDS","url":"https://www12.statcan.gc.ca/wds-sdw/2021profile-profil2021-eng.cfm"},"community_name":"Calgary","community_source":{"label":"Statistics Canada 2021 census subdivision boundaries (spatial lookup)","url":"https://geo.statcan.gc.ca/geo_wa/rest/services/2021/Cartographic_boundary_files/MapServer/9"},"community_display":"Calgary","is_unorganized":false,"panel_title":"Calgary","display_label":"Calgary","map_label":"48060411"},"geometry":{"type":"MultiPolygon","coordinates":[[[[-114.07159847865748,51.09413067372971],[-114.07162927612184,51.09251238118388],[-114.07238627826341,51.092513287001786],[-114.07300407747371,51.09268167708131],[-114.07422667641717,51.09300016910822],[-114.07485939349216,51.093159981628865],[-114.07549887488993,51.093211962932465],[-114.07831177690241,51.093453179298244],[-114.07859587599894,51.09347828615198],[-114.07952366283534,51.093942272516344],[-114.07865096588046,51.095323586541035],[-114.07825265707281,51.095986994566864],[-114.07816073291079,51.09613057336879],[-114.07811003544018,51.096209755319],[-114.07799917309852,51.096382986117405],[-114.07764755752255,51.09696258978333],[-114.0771715432319,51.0977151908677],[-114.07829664833896,51.09799519611188],[-114.07737194430096,51.09951917527684],[-114.07637393346258,51.09903548721044],[-114.07608404720413,51.09887539188998],[-114.07515553919934,51.097970589230435],[-114.07492094458068,51.0978387717407],[-114.07384777092514,51.09741618041346],[-114.07349793283679,51.097299487273915],[-114.07159693109611,51.09686507070232],[-114.07160824964811,51.09646058642244],[-114.07161496323492,51.09612788050143],[-114.07162294596925,51.09600217646051],[-114.07162516358964,51.095741361510534],[-114.07161175396355,51.094823587074615],[-114.07159847865748,51.09413067372971]]]]}},{"type":"Feature","properties":{"DGUID":"2021S051248060412","DAUID":"48060412","LANDAREA":0.361,"PRUID":"48","fed_num":"48011","da_code":"48060412","geo_name":"48060412","name_source":{"label":"Statistics Canada Census Profile 2021 DA WDS","url":"https://www12.statcan.gc.ca/wds-sdw/2021profile-profil2021-eng.cfm"},"population":783,"status":"ok","source":{"label":"Statistics Canada Census Profile 2021 DA WDS","url":"https://www12.statcan.gc.ca/wds-sdw/2021profile-profil2021-eng.cfm"},"community_name":"Calgary","community_source":{"label":"Statistics Canada 2021 census subdivision boundaries (spatial lookup)","url":"https://geo.statcan.gc.ca/geo_wa/rest/services/2021/Cartographic_boundary_files/MapServer/9"},"community_display":"Calgary","is_unorganized":false,"panel_title":"Calgary","display_label":"Calgary","map_label":"48060412"},"geometry":{"type":"MultiPolygon","coordinates":[[[[-114.07705229588493,51.08941895808775],[-114.0773879113274,51.08862686287981],[-114.07889260273453,51.088772463502224],[-114.07994899323316,51.088780869953005],[-114.08224822301496,51.088784381443446],[-114.08314781795438,51.08878878379965],[-114.08396110768568,51.0888001684641],[-114.08507571267738,51.088791972766586],[-114.08541679271848,51.088818468841396],[-114.08555600230694,51.08887587820593],[-114.08652772648716,51.08932287789251],[-114.08574041754078,51.090031877052695],[-114.0849603956598,51.09062407001077],[-114.0834215760833,51.09192586814187],[-114.0844058935182,51.09240017413886],[-114.08219005467167,51.09424277432652],[-114.08176927047121,51.09457409283637],[-114.08143245204742,51.09515928024906],[-114.08098616282659,51.0958946892989],[-114.07983475872638,51.09557809456322],[-114.07865096588046,51.095323586541035],[-114.07952366283534,51.093942272516344],[-114.07859587599894,51.09347828615198],[-114.07831177690241,51.093453179298244],[-114.07549887488993,51.093211962932465],[-114.07551907878486,51.09243887664749],[-114.0755432806033,51.091602965224205],[-114.07654887757609,51.090152972034005],[-114.07705229588493,51.08941895808775]]]]}},{"type":"Feature","properties":{"DGUID":"2021S051248060413","DAUID":"48060413","LANDAREA":0.2056,"PRUID":"48","fed_num":"48011","da_code":"48060413","geo_name":"48060413","name_source":{"label":"Statistics Canada Census Profile 2021 DA WDS","url":"https://www12.statcan.gc.ca/wds-sdw/2021profile-profil2021-eng.cfm"},"population":537,"status":"ok","source":{"label":"Statistics Canada Census Profile 2021 DA WDS","url":"https://www12.statcan.gc.ca/wds-sdw/2021profile-profil2021-eng.cfm"},"community_name":"Calgary","community_source":{"label":"Statistics Canada 2021 census subdivision boundaries (spatial lookup)","url":"https://geo.statcan.gc.ca/geo_wa/rest/services/2021/Cartographic_boundary_files/MapServer/9"},"community_display":"Calgary","is_unorganized":false,"panel_title":"Calgary","display_label":"Calgary","map_label":"48060413"},"geometry":{"type":"MultiPolygon","coordinates":[[[[-114.08574041754078,51.090031877052695],[-114.08652772648716,51.08932287789251],[-114.08856751892095,51.090273284747404],[-114.08956320195799,51.0907927760556],[-114.08978119029965,51.09096009723076],[-114.09002031213444,51.0910200843738],[-114.08727550003422,51.093297517035595],[-114.08471565961547,51.095421180470034],[-114.08435016652544,51.09578078610788],[-114.08380861844324,51.096615652905854],[-114.08363754748281,51.09655802229964],[-114.08328035018748,51.09643767544444],[-114.08098616282659,51.0958946892989],[-114.08143245204742,51.09515928024906],[-114.08176927047121,51.09457409283637],[-114.08219005467167,51.09424277432652],[-114.0844058935182,51.09240017413886],[-114.0834215760833,51.09192586814187],[-114.0849603956598,51.09062407001077],[-114.08574041754078,51.090031877052695]]]]}},{"type":"Feature","properties":{"DGUID":"2021S051248060414","DAUID":"48060414","LANDAREA":0.2905,"PRUID":"48","fed_num":"48011","da_code":"48060414","geo_name":"48060414","name_source":{"label":"Statistics Canada Census Profile 2021 DA WDS","url":"https://www12.statcan.gc.ca/wds-sdw/2021profile-profil2021-eng.cfm"},"population":763,"status":"ok","source":{"label":"Statistics Canada Census Profile 2021 DA WDS","url":"https://www12.statcan.gc.ca/wds-sdw/2021profile-profil2021-eng.cfm"},"community_name":"Calgary","community_source":{"label":"Statistics Canada 2021 census subdivision boundaries (spatial lookup)","url":"https://geo.statcan.gc.ca/geo_wa/rest/services/2021/Cartographic_boundary_files/MapServer/9"},"community_display":"Calgary","is_unorganized":false,"panel_title":"Calgary","display_label":"Calgary","map_label":"48060414"},"geometry":{"type":"MultiPolygon","coordinates":[[[[-114.08471565961547,51.095421180470034],[-114.08727550003422,51.093297517035595],[-114.09002031213444,51.0910200843738],[-114.0905436027679,51.090646269088204],[-114.09117708472033,51.090338275420116],[-114.09212549873085,51.090020089756145],[-114.09342471976848,51.089800580815265],[-114.09394197265374,51.08978373023317],[-114.09456971630821,51.089763278354816],[-114.0946809362215,51.08976471796793],[-114.09464619856173,51.09013678131149],[-114.09464780388164,51.091098602435686],[-114.09464951304975,51.09213369445163],[-114.09468550683202,51.09292608757865],[-114.09476922341197,51.09341389234458],[-114.09476711318499,51.09525149205565],[-114.09392688455897,51.09522789099067],[-114.09329770752022,51.09523928422277],[-114.09332930959026,51.09405268886999],[-114.09193168475996,51.093334298590605],[-114.09113299136895,51.09399809525516],[-114.09002197109245,51.093493678005586],[-114.08961549328468,51.0938252881597],[-114.0892237681046,51.094148388068554],[-114.08880127420292,51.09450669244054],[-114.08842448145109,51.09482107313636],[-114.08828877748007,51.09493458362046],[-114.08750426874994,51.09559868789597],[-114.08720036762034,51.09588788435829],[-114.08704998366834,51.09623498566851],[-114.08702435899568,51.09641418751201],[-114.08732058151462,51.09738409319111],[-114.0872915722462,51.097617174173436],[-114.0871918722763,51.09783958856356],[-114.08651514501922,51.09860528926526],[-114.08515014327482,51.098049486379516],[-114.08327794076499,51.097382085715715],[-114.08336925583849,51.09729449263354],[-114.08357497741295,51.09697577763115],[-114.08380861844324,51.096615652905854],[-114.08435016652544,51.09578078610788],[-114.08471565961547,51.095421180470034]]]]}},{"type":"Feature","properties":{"DGUID":"2021S051248060415","DAUID":"48060415","LANDAREA":0.2077,"PRUID":"48","fed_num":"48011","da_code":"48060415","geo_name":"48060415","name_source":{"label":"Statistics Canada Census Profile 2021 DA WDS","url":"https://www12.statcan.gc.ca/wds-sdw/2021profile-profil2021-eng.cfm"},"population":612,"status":"ok","source":{"label":"Statistics Canada Census Profile 2021 DA WDS","url":"https://www12.statcan.gc.ca/wds-sdw/2021profile-profil2021-eng.cfm"},"community_name":"Calgary","community_source":{"label":"Statistics Canada 2021 census subdivision boundaries (spatial lookup)","url":"https://geo.statcan.gc.ca/geo_wa/rest/services/2021/Cartographic_boundary_files/MapServer/9"},"community_display":"Calgary","is_unorganized":false,"panel_title":"Calgary","display_label":"Calgary","map_label":"48060415"},"geometry":{"type":"MultiPolygon","coordinates":[[[[-114.08842448145109,51.09482107313636],[-114.08880127420292,51.09450669244054],[-114.0892237681046,51.094148388068554],[-114.08961549328468,51.0938252881597],[-114.09002197109245,51.093493678005586],[-114.09113299136895,51.09399809525516],[-114.09193168475996,51.093334298590605],[-114.09332930959026,51.09405268886999],[-114.09329770752022,51.09523928422277],[-114.09329088141463,51.09603059856401],[-114.09320609020158,51.09624439975575],[-114.0929256783667,51.096615187056344],[-114.09256198954095,51.09694790030194],[-114.09204635628627,51.09719599021182],[-114.09275258739498,51.098005186586626],[-114.09190576642403,51.09829879713507],[-114.09094127731362,51.098643602676056],[-114.08979356959662,51.09894779673348],[-114.08920315440444,51.0990230821382],[-114.08860406975792,51.09900808374488],[-114.087722050227,51.09895020640592],[-114.08731294736666,51.09886799165157],[-114.08651514501922,51.09860528926526],[-114.0871918722763,51.09783958856356],[-114.0872915722462,51.097617174173436],[-114.08732058151462,51.09738409319111],[-114.08702435899568,51.09641418751201],[-114.08704998366834,51.09623498566851],[-114.08720036762034,51.09588788435829],[-114.08750426874994,51.09559868789597],[-114.08828877748007,51.09493458362046],[-114.08842448145109,51.09482107313636]]]]}},{"type":"Feature","properties":{"DGUID":"2021S051248060416","DAUID":"48060416","LANDAREA":0.2206,"PRUID":"48","fed_num":"48011","da_code":"48060416","geo_name":"48060416","name_source":{"label":"Statistics Canada Census Profile 2021 DA WDS","url":"https://www12.statcan.gc.ca/wds-sdw/2021profile-profil2021-eng.cfm"},"population":629,"status":"ok","source":{"label":"Statistics Canada Census Profile 2021 DA WDS","url":"https://www12.statcan.gc.ca/wds-sdw/2021profile-profil2021-eng.cfm"},"community_name":"Calgary","community_source":{"label":"Statistics Canada 2021 census subdivision boundaries (spatial lookup)","url":"https://geo.statcan.gc.ca/geo_wa/rest/services/2021/Cartographic_boundary_files/MapServer/9"},"community_display":"Calgary","is_unorganized":false,"panel_title":"Calgary","display_label":"Calgary","map_label":"48060416"},"geometry":{"type":"MultiPolygon","coordinates":[[[[-114.08735603749084,51.104769686074796],[-114.08668232516389,51.104123189599626],[-114.08631865851143,51.10377237823823],[-114.08732196141673,51.10326668288015],[-114.08816513455999,51.10394429272943],[-114.08888444917197,51.10363839879101],[-114.09047115829078,51.10271547927872],[-114.08904246587693,51.101807385249096],[-114.08614113139853,51.10182508379485],[-114.08476954841636,51.1018267822969],[-114.08476632974907,51.10172949691351],[-114.08477026519778,51.10162068318266],[-114.08492494011257,51.10117408569545],[-114.08503723442266,51.10097900196319],[-114.08998037685774,51.10097629555357],[-114.08995925799658,51.09926680070553],[-114.08979356959662,51.09894779673348],[-114.09094127731362,51.098643602676056],[-114.09190576642403,51.09829879713507],[-114.09275258739498,51.098005186586626],[-114.09204635628627,51.09719599021182],[-114.09256198954095,51.09694790030194],[-114.0929256783667,51.096615187056344],[-114.09320609020158,51.09624439975575],[-114.09329088141463,51.09603059856401],[-114.09329770752022,51.09523928422277],[-114.09392688455897,51.09522789099067],[-114.09476711318499,51.09525149205565],[-114.09476547780487,51.096660993674575],[-114.09467338739493,51.09699149493127],[-114.09462489167494,51.09806018844663],[-114.09459878812528,51.09863569933759],[-114.0944731909367,51.09927119678499],[-114.09413495059637,51.100108297580064],[-114.09358385467127,51.100922095282],[-114.09306288661307,51.101484799677465],[-114.09235466281227,51.10206980068351],[-114.09150325827154,51.10266028807467],[-114.08837814063678,51.10419249164693],[-114.08750494262117,51.10467438981811],[-114.08735603749084,51.104769686074796]]]]}},{"type":"Feature","properties":{"DGUID":"2021S051248060456","DAUID":"48060456","LANDAREA":0.7784,"PRUID":"48","fed_num":"48011","da_code":"48060456","geo_name":"48060456","name_source":{"label":"Statistics Canada Census Profile 2021 DA WDS","url":"https://www12.statcan.gc.ca/wds-sdw/2021profile-profil2021-eng.cfm"},"population":684,"status":"ok","source":{"label":"Statistics Canada Census Profile 2021 DA WDS","url":"https://www12.statcan.gc.ca/wds-sdw/2021profile-profil2021-eng.cfm"},"community_name":"Calgary","community_source":{"label":"Statistics Canada 2021 census subdivision boundaries (spatial lookup)","url":"https://geo.statcan.gc.ca/geo_wa/rest/services/2021/Cartographic_boundary_files/MapServer/9"},"community_display":"Calgary","is_unorganized":false,"panel_title":"Calgary","display_label":"Calgary","map_label":"48060456"},"geometry":{"type":"MultiPolygon","coordinates":[[[[-114.0773879113274,51.08862686287981],[-114.07645690829966,51.08844167910188],[-114.07248050549505,51.08740657238685],[-114.07209431343966,51.087414972526474],[-114.07169391761587,51.087422854584425],[-114.07170022010254,51.08732405877686],[-114.0716972934846,51.0871441555436],[-114.07169440195001,51.086964161760264],[-114.07165506548033,51.08636552996044],[-114.07162160001509,51.08585596412878],[-114.07166640550156,51.08514644947821],[-114.0716168073451,51.08502824995668],[-114.07162903727813,51.08415615312024],[-114.07161330006628,51.08327425050456],[-114.07159822489864,51.08238335940618],[-114.07158094375993,51.0815284465298],[-114.07157263723279,51.08052973765772],[-114.07158714955861,51.07962166115434],[-114.07174684068639,51.07958063875946],[-114.07297464012439,51.07958445631169],[-114.07404505722933,51.07959325884291],[-114.07437354751366,51.079592558822874],[-114.07578772296822,51.07958295869954],[-114.0782850230916,51.07960944946074],[-114.07882002332362,51.079730764306994],[-114.07948391638027,51.08007125054061],[-114.07984401941992,51.08047596660204],[-114.0799439526516,51.080703353472984],[-114.08315752981824,51.08069366346452],[-114.0831499320722,51.08149407841686],[-114.08524862579472,51.0815014573992],[-114.08544884366275,51.081497464279174],[-114.0861212339259,51.08147827645903],[-114.08592173562252,51.08169816407152],[-114.08447584352396,51.08334417524911],[-114.08341751630122,51.08563836804393],[-114.08316569739637,51.08623477676822],[-114.08311989574504,51.08787066429389],[-114.08004881620417,51.08787497165313],[-114.07994459403095,51.08794437142205],[-114.07994899323316,51.088780869953005],[-114.07889260273453,51.088772463502224],[-114.0773879113274,51.08862686287981]]]]}},{"type":"Feature","properties":{"DGUID":"2021S051248060457","DAUID":"48060457","LANDAREA":0.1802,"PRUID":"48","fed_num":"48011","da_code":"48060457","geo_name":"48060457","name_source":{"label":"Statistics Canada Census Profile 2021 DA WDS","url":"https://www12.statcan.gc.ca/wds-sdw/2021profile-profil2021-eng.cfm"},"population":505,"status":"ok","source":{"label":"Statistics Canada Census Profile 2021 DA WDS","url":"https://www12.statcan.gc.ca/wds-sdw/2021profile-profil2021-eng.cfm"},"community_name":"Calgary","community_source":{"label":"Statistics Canada 2021 census subdivision boundaries (spatial lookup)","url":"https://geo.statcan.gc.ca/geo_wa/rest/services/2021/Cartographic_boundary_files/MapServer/9"},"community_display":"Calgary","is_unorganized":false,"panel_title":"Calgary","display_label":"Calgary","map_label":"48060457"},"geometry":{"type":"MultiPolygon","coordinates":[[[[-114.07169461277041,51.08763876755756],[-114.07169391761587,51.087422854584425],[-114.07209431343966,51.087414972526474],[-114.07248050549505,51.08740657238685],[-114.07645690829966,51.08844167910188],[-114.0773879113274,51.08862686287981],[-114.07705229588493,51.08941895808775],[-114.07654887757609,51.090152972034005],[-114.0755432806033,51.091602965224205],[-114.07551907878486,51.09243887664749],[-114.07549887488993,51.093211962932465],[-114.07485939349216,51.093159981628865],[-114.07422667641717,51.09300016910822],[-114.07300407747371,51.09268167708131],[-114.07238627826341,51.092513287001786],[-114.07162927612184,51.09251238118388],[-114.07166579357983,51.090579357255564],[-114.07169319715156,51.08879006676912],[-114.0717002858625,51.087773868573166],[-114.07169461277041,51.08763876755756]]]]}},{"type":"Feature","properties":{"DGUID":"2021S051248060458","DAUID":"48060458","LANDAREA":0.1983,"PRUID":"48","fed_num":"48011","da_code":"48060458","geo_name":"48060458","name_source":{"label":"Statistics Canada Census Profile 2021 DA WDS","url":"https://www12.statcan.gc.ca/wds-sdw/2021profile-profil2021-eng.cfm"},"population":545,"status":"ok","source":{"label":"Statistics Canada Census Profile 2021 DA WDS","url":"https://www12.statcan.gc.ca/wds-sdw/2021profile-profil2021-eng.cfm"},"community_name":"Calgary","community_source":{"label":"Statistics Canada 2021 census subdivision boundaries (spatial lookup)","url":"https://geo.statcan.gc.ca/geo_wa/rest/services/2021/Cartographic_boundary_files/MapServer/9"},"community_display":"Calgary","is_unorganized":false,"panel_title":"Calgary","display_label":"Calgary","map_label":"48060458"},"geometry":{"type":"MultiPolygon","coordinates":[[[[-114.06669779065338,51.08873665430072],[-114.06670029533755,51.08711767524083],[-114.06666621960589,51.08494905573079],[-114.06670353112719,51.08323195885978],[-114.06810252559401,51.083240156791355],[-114.07161330006628,51.08327425050456],[-114.07162903727813,51.08415615312024],[-114.0716168073451,51.08502824995668],[-114.07166640550156,51.08514644947821],[-114.07162160001509,51.08585596412878],[-114.07165506548033,51.08636552996044],[-114.07169440195001,51.086964161760264],[-114.0716972934846,51.0871441555436],[-114.07170022010254,51.08732405877686],[-114.07169391761587,51.087422854584425],[-114.0710911214659,51.087470773774875],[-114.07096098005255,51.08752401662996],[-114.0707392159073,51.087614759157184],[-114.07062451400625,51.08762095033645],[-114.07047400229138,51.08774305546183],[-114.0701649798343,51.08833796207144],[-114.06995179017795,51.08854856853697],[-114.06957130866805,51.08869185491761],[-114.06926851481582,51.0887382674785],[-114.06808319457416,51.08873545430127],[-114.0676263162838,51.08873307572408],[-114.06669779065338,51.08873665430072]]]]}},{"type":"Feature","properties":{"DGUID":"2021S051248060880","DAUID":"48060880","LANDAREA":0.2753,"PRUID":"48","fed_num":"48011","da_code":"48060880","geo_name":"48060880","name_source":{"label":"Statistics Canada Census Profile 2021 DA WDS","url":"https://www12.statcan.gc.ca/wds-sdw/2021profile-profil2021-eng.cfm"},"population":413,"status":"ok","source":{"label":"Statistics Canada Census Profile 2021 DA WDS","url":"https://www12.statcan.gc.ca/wds-sdw/2021profile-profil2021-eng.cfm"},"community_name":"Calgary","community_source":{"label":"Statistics Canada 2021 census subdivision boundaries (spatial lookup)","url":"https://geo.statcan.gc.ca/geo_wa/rest/services/2021/Cartographic_boundary_files/MapServer/9"},"community_display":"Calgary","is_unorganized":false,"panel_title":"Calgary","display_label":"Calgary","map_label":"48060880"},"geometry":{"type":"MultiPolygon","coordinates":[[[[-114.04687913985936,51.0816672003346],[-114.04679634613723,51.08149823615577],[-114.04698345671802,51.08150682116532],[-114.0474486189211,51.08150319096542],[-114.04836363992752,51.08149273794377],[-114.05080504546389,51.08150045669808],[-114.05109073017191,51.08149865408023],[-114.05463174651638,51.08150704295115],[-114.05449823187827,51.082034351232714],[-114.05423753082147,51.082315656530355],[-114.05405731713842,51.08245494106726],[-114.05299021218525,51.0830667446651],[-114.0526161309724,51.08333615250246],[-114.052492335502,51.08348594188699],[-114.0522966497196,51.084092659917495],[-114.05208322533794,51.08497775210963],[-114.05185330079105,51.085898344719375],[-114.05172139439279,51.08684855805247],[-114.05182791062347,51.08809244272012],[-114.05180555553636,51.088730975151705],[-114.05125995221202,51.08874765880919],[-114.05079479699538,51.08873647086198],[-114.05069459106507,51.08873405879512],[-114.05060130803011,51.08872879455259],[-114.05059161190583,51.088718210881794],[-114.04991931878068,51.08817590147204],[-114.04894029914402,51.08756051198858],[-114.04873401790489,51.087477424699884],[-114.04773710290345,51.08685610823244],[-114.04737602415827,51.08651871368608],[-114.0472330227636,51.08631900723134],[-114.04708133068492,51.085978824358854],[-114.0469619138322,51.08536691505186],[-114.04684943211188,51.085076019454355],[-114.04685075612281,51.08500098628828],[-114.0468582135217,51.08457190826341],[-114.04693564433822,51.084054417911],[-114.04688704854226,51.083371914839326],[-114.04696976929736,51.08283451750103],[-114.04694014816016,51.082129305227845],[-114.04687913985936,51.0816672003346]]]]}},{"type":"Feature","properties":{"DGUID":"2021S051248060881","DAUID":"48060881","LANDAREA":4.7929,"PRUID":"48","fed_num":"48011","da_code":"48060881","geo_name":"48060881","name_source":{"label":"Statistics Canada Census Profile 2021 DA WDS","url":"https://www12.statcan.gc.ca/wds-sdw/2021profile-profil2021-eng.cfm"},"population":640,"status":"ok","source":{"label":"Statistics Canada Census Profile 2021 DA WDS","url":"https://www12.statcan.gc.ca/wds-sdw/2021profile-profil2021-eng.cfm"},"community_name":"Calgary","community_source":{"label":"Statistics Canada 2021 census subdivision boundaries (spatial lookup)","url":"https://geo.statcan.gc.ca/geo_wa/rest/services/2021/Cartographic_boundary_files/MapServer/9"},"community_display":"Calgary","is_unorganized":false,"panel_title":"Calgary","display_label":"Calgary","map_label":"48060881"},"geometry":{"type":"MultiPolygon","coordinates":[[[[-114.01850800978141,51.07498670892724],[-114.01456742064276,51.07498492642394],[-114.00907119967748,51.074970317682386],[-114.00903151876993,51.0742586180918],[-114.00924592366206,51.07425510490058],[-114.0098594037025,51.074261821489664],[-114.01011661747586,51.074259420317745],[-114.01347220186358,51.07425531413306],[-114.01622739595611,51.074262818436885],[-114.02033790184404,51.07428682409102],[-114.02135340125481,51.07425871773987],[-114.02147148764494,51.07419861329184],[-114.02152580097379,51.074020209271445],[-114.02153430540233,51.071888620805495],[-114.02148239233082,51.071140698623985],[-114.02132891439629,51.071082897146276],[-114.02048872846109,51.071052417376265],[-114.02047110148952,51.070215500760014],[-114.02090210645497,51.07017250908746],[-114.02118471482383,51.06977491053534],[-114.02116320485761,51.069441601648094],[-114.02108349124241,51.069349609755754],[-114.01822939723641,51.06933069663094],[-114.01618720157755,51.069341499751026],[-114.01614769437246,51.07017700798332],[-114.01823102797623,51.0701943007277],[-114.01824682096625,51.071058219076136],[-114.01620561203535,51.07105101963247],[-114.01346431208721,51.0710529124662],[-114.01346150602285,51.07043220719191],[-114.01345926062683,51.069986153268815],[-114.01345432721352,51.06899278903726],[-114.01334801784101,51.068648303777174],[-114.01333800835832,51.06769458989389],[-114.01333782972598,51.06725379345648],[-114.01333753972628,51.06703790093955],[-114.01353702780402,51.06704298431956],[-114.01393671046382,51.06704428940524],[-114.01919031565119,51.06704467575946],[-114.02589402799993,51.06684943696883],[-114.02689652157135,51.06696489057644],[-114.02712867418195,51.06696877686812],[-114.02822688226496,51.066987237836855],[-114.02957647196651,51.06696296199103],[-114.02993776040731,51.0669555101405],[-114.03023954787294,51.066949590140865],[-114.03038787845568,51.0669466933935],[-114.03053288755409,51.06726201602985],[-114.03053633634141,51.06726951344772],[-114.03077807352835,51.067795113292775],[-114.03101744402971,51.06831561266039],[-114.03146325929235,51.0692017182917],[-114.03174534143594,51.06969653256928],[-114.03337096691561,51.072683343797486],[-114.03341513500676,51.07276053729124],[-114.03353625452085,51.07297214780268],[-114.0343407427553,51.0744666282478],[-114.03448397517684,51.074450746697316],[-114.03596249861698,51.07428671152125],[-114.03648130463974,51.07428490223517],[-114.04226153739171,51.074264350127045],[-114.04242055826931,51.07426378392376],[-114.0424604568918,51.074308392582864],[-114.04263976376852,51.074766486192466],[-114.04277307711358,51.07485429713609],[-114.04291066025152,51.07495079456884],[-114.04334935414778,51.07501710527796],[-114.04372796355729,51.07511410725082],[-114.04391298546845,51.0751538967939],[-114.04406427001551,51.07524769641433],[-114.04472898273717,51.075867298752726],[-114.04483695907936,51.07602638726199],[-114.04484448363554,51.076072297744],[-114.04451007685122,51.07652598457971],[-114.04391786020193,51.07783540097791],[-114.04391817627713,51.07808181256294],[-114.04401695857793,51.078375392542846],[-114.04432516397915,51.07878941518891],[-114.04450006843177,51.07911559461448],[-114.04474727499516,51.079712097086116],[-114.04489126700084,51.0798832077828],[-114.04595887444106,51.080557109691306],[-114.04611765832959,51.080696803433526],[-114.04651446387349,51.080922993589304],[-114.04665845020168,51.08109399629385],[-114.04657725461301,51.08120461148012],[-114.04669254000117,51.081286504214106],[-114.04679634613723,51.08149823615577],[-114.04687913985936,51.0816672003346],[-114.04694014816016,51.082129305227845],[-114.04696976929736,51.08283451750103],[-114.04688704854226,51.083371914839326],[-114.04693564433822,51.084054417911],[-114.0468582135217,51.08457190826341],[-114.04685075612281,51.08500098628828],[-114.04684943211188,51.085076019454355],[-114.0469619138322,51.08536691505186],[-114.04708133068492,51.085978824358854],[-114.0472330227636,51.08631900723134],[-114.04737602415827,51.08651871368608],[-114.04773710290345,51.08685610823244],[-114.04873401790489,51.087477424699884],[-114.04894029914402,51.08756051198858],[-114.04991931878068,51.08817590147204],[-114.05059161190583,51.088718210881794],[-114.05060130803011,51.08872879455259],[-114.05094640142858,51.08910421713073],[-114.0511277117711,51.08938172690964],[-114.05120099372486,51.08952484622079],[-114.05126939630709,51.08965845417809],[-114.05148087356127,51.09007141827377],[-114.05167748400703,51.090687233301175],[-114.05174299963234,51.0912812220365],[-114.05188986027999,51.09188772706991],[-114.05182546408523,51.09319902789076],[-114.05175705440128,51.09345872239137],[-114.05175246260728,51.093848314353416],[-114.05177648065887,51.094327127459984],[-114.05197234950457,51.09573943258439],[-114.05197597610595,51.09600036658002],[-114.0519776434285,51.09611971469392],[-114.05198901611976,51.096940020862036],[-114.05202876462124,51.09749256138384],[-114.05205621268806,51.09787493251607],[-114.05216674389179,51.09822313438702],[-114.05232153209795,51.09847743521069],[-114.0530530351726,51.09889451720874],[-114.05320140143613,51.09907423180366],[-114.05327822445877,51.099476418252586],[-114.05319379386232,51.099674386184745],[-114.05315922367198,51.099755523933126],[-114.05285422579318,51.100146640572945],[-114.05274239124834,51.10034843163733],[-114.05274059115668,51.100528937493436],[-114.05302779456741,51.10089964073246],[-114.0531839214987,51.1012485331346],[-114.053510879347,51.10161308166853],[-114.05350868604248,51.10163616462998],[-114.05357079804118,51.10200658620418],[-114.05361418293081,51.102223588903975],[-114.0533218083199,51.102757434642356],[-114.05350350871585,51.103281425066555],[-114.05351850372232,51.104017928770176],[-114.05347649392473,51.10417773827511],[-114.0533001801117,51.10440164676537],[-114.05307416583175,51.104616225736805],[-114.05259979469407,51.104907520891494],[-114.05144970181064,51.105387136922346],[-114.0506375581637,51.105573421158134],[-114.05027506820254,51.10578613272857],[-114.04991618481019,51.106282422125055],[-114.04957568024996,51.10703123254381],[-114.04949681373888,51.10713536745703],[-114.04925585977728,51.10745364229146],[-114.04862413847577,51.10806932257472],[-114.04849975826204,51.108234624860415],[-114.04842357003828,51.1083358319301],[-114.04836355609187,51.10848973319086],[-114.0483155348226,51.108944625865796],[-114.04834687161659,51.10934613496937],[-114.04841703345369,51.1095505402919],[-114.0484341290723,51.11035303329725],[-114.04845547067208,51.11041641402049],[-114.04850172918088,51.11055375774501],[-114.0485472645405,51.11068909163247],[-114.04804504474919,51.11068785714307],[-114.04769743889192,51.11068816150829],[-114.047622811952,51.11068786521766],[-114.04730073151849,51.110688659840584],[-114.04719969391898,51.11068876255861],[-114.04708303615025,51.110688860201094],[-114.0469684472522,51.110688979895315],[-114.0469677256331,51.11063236322616],[-114.0469670332534,51.1105639814716],[-114.04696651434845,51.11051786519619],[-114.04696404826764,51.110339465105746],[-114.04696043230527,51.11013847240603],[-114.04695482882558,51.10993237220528],[-114.04694791637803,51.10975096966492],[-114.04693805465185,51.10952227251772],[-114.0469266405685,51.109293462717176],[-114.04691404178593,51.10907646230172],[-114.0468980438128,51.10885297024881],[-114.04688023042485,51.10862656190588],[-114.04686095488844,51.10841246702676],[-114.04684192018311,51.10821946576521],[-114.04681764116835,51.10800147736758],[-114.04679204350056,51.107800974039186],[-114.04677150878045,51.1076527888271],[-114.04675963583954,51.10756716778698],[-114.04672853317251,51.10735167805117],[-114.04669624723637,51.107136183989454],[-114.04666106043038,51.10692218019805],[-114.04662226712547,51.10670715711214],[-114.04658293973876,51.10649817691133],[-114.04653184964958,51.10623497067328],[-114.04647734572183,51.10597857669719],[-114.0464285764148,51.10576468142236],[-114.04637755953385,51.10555416463818],[-114.04632536244287,51.105349783534955],[-114.04627126907806,51.1051481773035],[-114.046215687741,51.104941872678985],[-114.04616486635936,51.10475956464305],[-114.04611187858755,51.10457706423657],[-114.04605556957696,51.10438987197137],[-114.04599519525196,51.1041948813306],[-114.04593347621295,51.104001878426224],[-114.04586235928564,51.103786464276155],[-114.04580089655353,51.10360397716708],[-114.04572258285835,51.1033801875337],[-114.04563639423752,51.10314707598442],[-114.04556139670623,51.10295546139469],[-114.04547588053724,51.102749264719904],[-114.04539349895923,51.10255978130387],[-114.04531960262557,51.10239506610681],[-114.04524248302633,51.10223097870417],[-114.04515130292022,51.10204367501176],[-114.04507140593746,51.10188636425719],[-114.04498951109704,51.10173127326201],[-114.04490729966606,51.10158396499641],[-114.04480980251522,51.10141366587129],[-114.04471031122145,51.10124566828793],[-114.04469576962912,51.101221846125824],[-114.04461552087811,51.101090280309805],[-114.04449971899295,51.100904786117866],[-114.04439020108599,51.10073699132475],[-114.04427839419552,51.10057129018136],[-114.0441543944477,51.100394088857854],[-114.04403521156858,51.10022916765689],[-114.04392012607147,51.100073386918766],[-114.04380182490435,51.099916882664424],[-114.04369319547874,51.09977887155054],[-114.04350553285322,51.09954638349519],[-114.04329651192388,51.099295681777875],[-114.04312802335933,51.099097383311204],[-114.0429789084208,51.098920672038936],[-114.04283861663454,51.09875598467784],[-114.04268241199364,51.09857516901947],[-114.04166452684208,51.097383976584595],[-114.04153245394917,51.097225174523786],[-114.04138144836149,51.09704038945238],[-114.04125185426545,51.096877165471575],[-114.04111905460154,51.0967030830099],[-114.04098924934445,51.09652236783154],[-114.04084534865594,51.09630988176938],[-114.04083812186369,51.096298649333576],[-114.04077419354195,51.09619925775181],[-114.0404125336712,51.09619837753426],[-114.04036664895736,51.096198277849886],[-114.04013235893737,51.096197378428045],[-114.03996915353397,51.09619728187939],[-114.03884233421118,51.09618327714887],[-114.03568774796372,51.09617668057787],[-114.03425804746752,51.0961659823952],[-114.03352866374729,51.096166470183476],[-114.03330084737624,51.09616858939785],[-114.0333049194407,51.09602786840685],[-114.03331304556588,51.09575518647142],[-114.03334933366878,51.09526190381434],[-114.03343307061961,51.09508684942198],[-114.03343748823077,51.09336567021959],[-114.03341939227404,51.09208798502701],[-114.03335220614522,51.09179836899141],[-114.03187880414345,51.08871166995845],[-114.03112052536896,51.08717226180418],[-114.03021135822729,51.08531415075445],[-114.02976874473106,51.08442144701037],[-114.02966224199695,51.08407693736577],[-114.02962495859131,51.08354525786271],[-114.02961728240872,51.0821058453013],[-114.02961628624467,51.08189894966886],[-114.02962445690106,51.08154833202862],[-114.02898164843127,51.081550044151236],[-114.02731076993788,51.08155245234885],[-114.02726177567871,51.081425342683346],[-114.0272601547148,51.08122734823753],[-114.02735737634156,51.08082503119118],[-114.02732349288011,51.08046443860057],[-114.02714395637132,51.08014504502046],[-114.02624646804249,51.07922275071693],[-114.02594557523007,51.07879222942737],[-114.02547976991997,51.07781792762148],[-114.02528028591199,51.076922337931954],[-114.02231041367797,51.076918638224726],[-114.01894159231318,51.07690462277891],[-114.01891041895378,51.07516781893724],[-114.01879140649343,51.07502091421373],[-114.01850800978141,51.07498670892724]]]]}},{"type":"Feature","properties":{"DGUID":"2021S051248060882","DAUID":"48060882","LANDAREA":0.2289,"PRUID":"48","fed_num":"48011","da_code":"48060882","geo_name":"48060882","name_source":{"label":"Statistics Canada Census Profile 2021 DA WDS","url":"https://www12.statcan.gc.ca/wds-sdw/2021profile-profil2021-eng.cfm"},"population":506,"status":"ok","source":{"label":"Statistics Canada Census Profile 2021 DA WDS","url":"https://www12.statcan.gc.ca/wds-sdw/2021profile-profil2021-eng.cfm"},"community_name":"Calgary","community_source":{"label":"Statistics Canada 2021 census subdivision boundaries (spatial lookup)","url":"https://geo.statcan.gc.ca/geo_wa/rest/services/2021/Cartographic_boundary_files/MapServer/9"},"community_display":"Calgary","is_unorganized":false,"panel_title":"Calgary","display_label":"Calgary","map_label":"48060882"},"geometry":{"type":"MultiPolygon","coordinates":[[[[-114.05148087356127,51.09007141827377],[-114.05126939630709,51.08965845417809],[-114.05143249469643,51.089672401853306],[-114.0516140944153,51.08968794981004],[-114.05182690379483,51.089691062861036],[-114.0520832944825,51.08969105084202],[-114.05238438920443,51.09034626986676],[-114.05246406442635,51.09133775456623],[-114.05260668059177,51.09134135802682],[-114.05386328324391,51.09134605360571],[-114.05519008691175,51.091370452015795],[-114.05546168646067,51.09136835469306],[-114.05707588494433,51.091813756625605],[-114.05742446385626,51.09194847757253],[-114.05761834827067,51.092268162198295],[-114.05821394626375,51.09571026012011],[-114.05823906009972,51.09598977104218],[-114.05824414954152,51.09613378437532],[-114.05541503484777,51.096124649735415],[-114.05455943237628,51.096121866959265],[-114.05407404338534,51.096118667318606],[-114.05388803988586,51.09612296040855],[-114.05304544312217,51.096119664719616],[-114.05256284924134,51.0961170569256],[-114.0521256451929,51.096118757592386],[-114.0519776434285,51.09611971469392],[-114.05197597610595,51.09600036658002],[-114.05197234950457,51.09573943258439],[-114.05177648065887,51.094327127459984],[-114.05175246260728,51.093848314353416],[-114.05175705440128,51.09345872239137],[-114.05182546408523,51.09319902789076],[-114.05188986027999,51.09188772706991],[-114.05174299963234,51.0912812220365],[-114.05167748400703,51.090687233301175],[-114.05148087356127,51.09007141827377]]]]}},{"type":"Feature","properties":{"DGUID":"2021S051248061501","DAUID":"48061501","LANDAREA":0.1692,"PRUID":"48","fed_num":"48011","da_code":"48061501","geo_name":"48061501","name_source":{"label":"Statistics Canada Census Profile 2021 DA WDS","url":"https://www12.statcan.gc.ca/wds-sdw/2021profile-profil2021-eng.cfm"},"population":692,"status":"ok","source":{"label":"Statistics Canada Census Profile 2021 DA WDS","url":"https://www12.statcan.gc.ca/wds-sdw/2021profile-profil2021-eng.cfm"},"community_name":"Calgary","community_source":{"label":"Statistics Canada 2021 census subdivision boundaries (spatial lookup)","url":"https://geo.statcan.gc.ca/geo_wa/rest/services/2021/Cartographic_boundary_files/MapServer/9"},"community_display":"Calgary","is_unorganized":false,"panel_title":"Calgary","display_label":"Calgary","map_label":"48061501"},"geometry":{"type":"MultiPolygon","coordinates":[[[[-114.05562899723014,51.12625457250073],[-114.05646589000719,51.12568197461095],[-114.05696831026052,51.12542478291009],[-114.05727477536965,51.12532458635932],[-114.05813848874537,51.12522938050513],[-114.05926761105432,51.125230882645106],[-114.06171132203494,51.12523836990902],[-114.0626971046012,51.12524519341513],[-114.0628975020448,51.12524117145642],[-114.06591273141522,51.12525396987367],[-114.06655602913112,51.12525218115917],[-114.06655153283425,51.12554887225944],[-114.06654921492138,51.12580967347917],[-114.06545492544197,51.12571018370865],[-114.0640975043128,51.12570307663802],[-114.06407870482145,51.126449183040116],[-114.06281941098823,51.12647147185032],[-114.05990521051031,51.12644316953779],[-114.05990978981906,51.12569678566553],[-114.05883827975819,51.125687772615166],[-114.05782277342102,51.12569817736621],[-114.05703617161431,51.125930283419734],[-114.05704189948399,51.126065269157046],[-114.05837758854308,51.12686348526408],[-114.05876351320791,51.12708907845119],[-114.05898791098905,51.127157678006895],[-114.05924251001717,51.127200085174],[-114.0599000884621,51.127198685267636],[-114.05987898696031,51.1279806922314],[-114.06156482044132,51.127996083622314],[-114.06155739995262,51.12901229199493],[-114.06095691032232,51.130139594457006],[-114.05962838934754,51.1298993047922],[-114.05888170950337,51.129727584811505],[-114.05823888252095,51.12949548803046],[-114.05708738177711,51.12894478457657],[-114.05621910684076,51.1284371841325],[-114.05592799999604,51.12829497252698],[-114.05538109600393,51.12790337764238],[-114.0558617922914,51.127537676514116],[-114.05668448747501,51.12696477683079],[-114.05567177519424,51.12648046954922],[-114.05546457149907,51.126367390372224],[-114.05562899723014,51.12625457250073]]]]}},{"type":"Feature","properties":{"DGUID":"2021S051248061502","DAUID":"48061502","LANDAREA":0.063,"PRUID":"48","fed_num":"48011","da_code":"48061502","geo_name":"48061502","name_source":{"label":"Statistics Canada Census Profile 2021 DA WDS","url":"https://www12.statcan.gc.ca/wds-sdw/2021profile-profil2021-eng.cfm"},"population":296,"status":"ok","source":{"label":"Statistics Canada Census Profile 2021 DA WDS","url":"https://www12.statcan.gc.ca/wds-sdw/2021profile-profil2021-eng.cfm"},"community_name":"Calgary","community_source":{"label":"Statistics Canada 2021 census subdivision boundaries (spatial lookup)","url":"https://geo.statcan.gc.ca/geo_wa/rest/services/2021/Cartographic_boundary_files/MapServer/9"},"community_display":"Calgary","is_unorganized":false,"panel_title":"Calgary","display_label":"Calgary","map_label":"48061502"},"geometry":{"type":"MultiPolygon","coordinates":[[[[-114.05703617161431,51.125930283419734],[-114.05782277342102,51.12569817736621],[-114.05883827975819,51.125687772615166],[-114.05990978981906,51.12569678566553],[-114.05990521051031,51.12644316953779],[-114.06281941098823,51.12647147185032],[-114.06353941847708,51.12773989951561],[-114.06232349208557,51.12797918328552],[-114.06156482044132,51.127996083622314],[-114.05987898696031,51.1279806922314],[-114.0599000884621,51.127198685267636],[-114.05924251001717,51.127200085174],[-114.05898791098905,51.127157678006895],[-114.05876351320791,51.12708907845119],[-114.05837758854308,51.12686348526408],[-114.05704189948399,51.126065269157046],[-114.05703617161431,51.125930283419734]]]]}},{"type":"Feature","properties":{"DGUID":"2021S051248061503","DAUID":"48061503","LANDAREA":0.3306,"PRUID":"48","fed_num":"48011","da_code":"48061503","geo_name":"48061503","name_source":{"label":"Statistics Canada Census Profile 2021 DA WDS","url":"https://www12.statcan.gc.ca/wds-sdw/2021profile-profil2021-eng.cfm"},"population":497,"status":"ok","source":{"label":"Statistics Canada Census Profile 2021 DA WDS","url":"https://www12.statcan.gc.ca/wds-sdw/2021profile-profil2021-eng.cfm"},"community_name":"Calgary","community_source":{"label":"Statistics Canada 2021 census subdivision boundaries (spatial lookup)","url":"https://geo.statcan.gc.ca/geo_wa/rest/services/2021/Cartographic_boundary_files/MapServer/9"},"community_display":"Calgary","is_unorganized":false,"panel_title":"Calgary","display_label":"Calgary","map_label":"48061503"},"geometry":{"type":"MultiPolygon","coordinates":[[[[-114.06353941847708,51.12773989951561],[-114.06281941098823,51.12647147185032],[-114.06407870482145,51.126449183040116],[-114.0640975043128,51.12570307663802],[-114.06545492544197,51.12571018370865],[-114.06654921492138,51.12580967347917],[-114.06655153283425,51.12554887225944],[-114.06655602913112,51.12525218115917],[-114.07075624224646,51.12528556463161],[-114.07134302195004,51.12527328023889],[-114.07146446474948,51.12527151730696],[-114.07157194384261,51.12526997823953],[-114.07292883556639,51.125286081966735],[-114.07293467597606,51.12528694746443],[-114.07343863551867,51.12536179212837],[-114.07374755704677,51.12545046803553],[-114.0741911390972,51.12566848403639],[-114.07572255160098,51.12676817642789],[-114.07646932908264,51.12716458936911],[-114.07705345817446,51.12742209658777],[-114.07687024132338,51.12760639260787],[-114.07661006375757,51.127878804802144],[-114.07501153885939,51.12942179666606],[-114.0743127664156,51.12917050961039],[-114.0733518460828,51.128993509737015],[-114.07162407523253,51.12895849428015],[-114.07146736470536,51.12895530489572],[-114.07016693572943,51.1289496865934],[-114.06764992764998,51.128967507424385],[-114.06669422002075,51.12893448856478],[-114.06470351864766,51.128542691049105],[-114.06417310184513,51.12834049719074],[-114.06385739396944,51.128134695400796],[-114.06353941847708,51.12773989951561]]]]}},{"type":"Feature","properties":{"DGUID":"2021S051248061504","DAUID":"48061504","LANDAREA":0.1203,"PRUID":"48","fed_num":"48011","da_code":"48061504","geo_name":"48061504","name_source":{"label":"Statistics Canada Census Profile 2021 DA WDS","url":"https://www12.statcan.gc.ca/wds-sdw/2021profile-profil2021-eng.cfm"},"population":488,"status":"ok","source":{"label":"Statistics Canada Census Profile 2021 DA WDS","url":"https://www12.statcan.gc.ca/wds-sdw/2021profile-profil2021-eng.cfm"},"community_name":"Calgary","community_source":{"label":"Statistics Canada 2021 census subdivision boundaries (spatial lookup)","url":"https://geo.statcan.gc.ca/geo_wa/rest/services/2021/Cartographic_boundary_files/MapServer/9"},"community_display":"Calgary","is_unorganized":false,"panel_title":"Calgary","display_label":"Calgary","map_label":"48061504"},"geometry":{"type":"MultiPolygon","coordinates":[[[[-114.06896212429416,51.13059250195433],[-114.06776092774787,51.130598295279185],[-114.06777030602652,51.13202871786178],[-114.0671581183413,51.13194266528443],[-114.06714692435662,51.131941097130415],[-114.06633671673669,51.131642007794326],[-114.0651172075487,51.13126049792071],[-114.06392678906246,51.13087080437247],[-114.0629327986619,51.13053999229877],[-114.0622288859794,51.13036940559062],[-114.06273120624476,51.12943760569163],[-114.06321919361658,51.12895520000288],[-114.06417310184513,51.12834049719074],[-114.06470351864766,51.128542691049105],[-114.06669422002075,51.12893448856478],[-114.06658241499275,51.129795197214925],[-114.07018534030885,51.129786709982575],[-114.07016133501929,51.13174692630353],[-114.0689738390686,51.13198700704476],[-114.06896212429416,51.13059250195433]]]]}},{"type":"Feature","properties":{"DGUID":"2021S051248061506","DAUID":"48061506","LANDAREA":0.3289,"PRUID":"48","fed_num":"48011","da_code":"48061506","geo_name":"48061506","name_source":{"label":"Statistics Canada Census Profile 2021 DA WDS","url":"https://www12.statcan.gc.ca/wds-sdw/2021profile-profil2021-eng.cfm"},"population":1018,"status":"ok","source":{"label":"Statistics Canada Census Profile 2021 DA WDS","url":"https://www12.statcan.gc.ca/wds-sdw/2021profile-profil2021-eng.cfm"},"community_name":"Calgary","community_source":{"label":"Statistics Canada 2021 census subdivision boundaries (spatial lookup)","url":"https://geo.statcan.gc.ca/geo_wa/rest/services/2021/Cartographic_boundary_files/MapServer/9"},"community_display":"Calgary","is_unorganized":false,"panel_title":"Calgary","display_label":"Calgary","map_label":"48061506"},"geometry":{"type":"MultiPolygon","coordinates":[[[[-114.07710854703933,51.136958030011336],[-114.07603094798516,51.13658922888383],[-114.0754867973562,51.13634411895723],[-114.0750161561466,51.13613213523398],[-114.07368787384844,51.13543322252688],[-114.07171363008023,51.134529523473624],[-114.07161733738815,51.134490815790095],[-114.07159237744162,51.134243299412454],[-114.07159240842897,51.134194926391395],[-114.07156103294221,51.133122224966975],[-114.07143986685568,51.13277742448252],[-114.07143662833845,51.132774172412404],[-114.07161556328697,51.1325453187279],[-114.07160490453442,51.13163547279224],[-114.07213785843905,51.13168849929216],[-114.0731352381337,51.13196542119393],[-114.07334885469815,51.131979704575286],[-114.0734401753587,51.13189202189338],[-114.0734294386643,51.130704520828004],[-114.07341096417717,51.12986749533972],[-114.07329843995075,51.129837715545165],[-114.07164131934888,51.12982826371558],[-114.07162407523253,51.12895849428015],[-114.0733518460828,51.128993509737015],[-114.0743127664156,51.12917050961039],[-114.07501153885939,51.12942179666606],[-114.0748489727003,51.129732600253476],[-114.07477956864126,51.13037850354009],[-114.07477595479702,51.13156571931269],[-114.07485378027194,51.13191841016753],[-114.07516385968204,51.13221401507656],[-114.07552476708494,51.13238501858498],[-114.07611918325746,51.13248082401577],[-114.07646225229352,51.132480429051505],[-114.07643556621916,51.13290251277789],[-114.07544034799382,51.1328146235316],[-114.07463365344503,51.1329114367126],[-114.07479077341793,51.13314022541909],[-114.07495465112167,51.13326122973834],[-114.07605787151884,51.133675624770405],[-114.07581194906693,51.13394831651746],[-114.07491128507243,51.1348522292405],[-114.07574737153386,51.13542180851495],[-114.07673414187637,51.13586922451134],[-114.07778594769907,51.136192414794735],[-114.0788681448037,51.13648932749129],[-114.07981202887586,51.135352512484374],[-114.08032046115378,51.13477161971704],[-114.08048706646801,51.13439800741339],[-114.08048095663897,51.13245491964237],[-114.08331273876396,51.13243569516771],[-114.08330403933225,51.13325401381289],[-114.08331353246881,51.13400982525578],[-114.08344524433247,51.134642711120755],[-114.08378744571176,51.13511002174392],[-114.08404282876964,51.135368216037264],[-114.08421483574635,51.135588415128744],[-114.08454264194926,51.13583042679768],[-114.08470665378826,51.13595150412191],[-114.08430765405143,51.13615741722975],[-114.08263284419692,51.13709600912855],[-114.08206676758878,51.13768450726685],[-114.08170725756494,51.13817030590165],[-114.08166894778353,51.1382237065822],[-114.08163209091552,51.13827432282093],[-114.08156635786555,51.13836460925547],[-114.08138476292848,51.13829710821677],[-114.07988563329725,51.13780991626955],[-114.07890503798687,51.137488625001026],[-114.07710854703933,51.136958030011336]]]]}},{"type":"Feature","properties":{"DGUID":"2021S051248061508","DAUID":"48061508","LANDAREA":0.097,"PRUID":"48","fed_num":"48011","da_code":"48061508","geo_name":"48061508","name_source":{"label":"Statistics Canada Census Profile 2021 DA WDS","url":"https://www12.statcan.gc.ca/wds-sdw/2021profile-profil2021-eng.cfm"},"population":442,"status":"ok","source":{"label":"Statistics Canada Census Profile 2021 DA WDS","url":"https://www12.statcan.gc.ca/wds-sdw/2021profile-profil2021-eng.cfm"},"community_name":"Calgary","community_source":{"label":"Statistics Canada 2021 census subdivision boundaries (spatial lookup)","url":"https://geo.statcan.gc.ca/geo_wa/rest/services/2021/Cartographic_boundary_files/MapServer/9"},"community_display":"Calgary","is_unorganized":false,"panel_title":"Calgary","display_label":"Calgary","map_label":"48061508"},"geometry":{"type":"MultiPolygon","coordinates":[[[[-114.07477595479702,51.13156571931269],[-114.07477956864126,51.13037850354009],[-114.07612345081498,51.13037609880297],[-114.07611306500218,51.13008800134784],[-114.07626316780467,51.12974999833152],[-114.07703695517215,51.12904079485665],[-114.07765895786343,51.12847168606218],[-114.07790443071893,51.12843279576704],[-114.07965855346808,51.12917830284667],[-114.07895834715502,51.129853406212504],[-114.07879404401143,51.13019111844233],[-114.07874446674748,51.13029780813694],[-114.07874783670677,51.13160210905914],[-114.07875054905611,51.13246571833129],[-114.07646225229352,51.132480429051505],[-114.07611918325746,51.13248082401577],[-114.07552476708494,51.13238501858498],[-114.07516385968204,51.13221401507656],[-114.07485378027194,51.13191841016753],[-114.07477595479702,51.13156571931269]]]]}},{"type":"Feature","properties":{"DGUID":"2021S051248061513","DAUID":"48061513","LANDAREA":0.3255,"PRUID":"48","fed_num":"48011","da_code":"48061513","geo_name":"48061513","name_source":{"label":"Statistics Canada Census Profile 2021 DA WDS","url":"https://www12.statcan.gc.ca/wds-sdw/2021profile-profil2021-eng.cfm"},"population":1710,"status":"ok","source":{"label":"Statistics Canada Census Profile 2021 DA WDS","url":"https://www12.statcan.gc.ca/wds-sdw/2021profile-profil2021-eng.cfm"},"community_name":"Calgary","community_source":{"label":"Statistics Canada 2021 census subdivision boundaries (spatial lookup)","url":"https://geo.statcan.gc.ca/geo_wa/rest/services/2021/Cartographic_boundary_files/MapServer/9"},"community_display":"Calgary","is_unorganized":false,"panel_title":"Calgary","display_label":"Calgary","map_label":"48061513"},"geometry":{"type":"MultiPolygon","coordinates":[[[[-114.05486270889239,51.14143645178551],[-114.05487791174679,51.14121165265413],[-114.05540062926936,51.14117313740889],[-114.05629030579541,51.14115746116236],[-114.05803823902852,51.14120515823088],[-114.05958810881984,51.14129788055853],[-114.06130771810953,51.14145936972966],[-114.06192973070236,51.1415339901955],[-114.0624809218978,51.14160008360242],[-114.06267462101357,51.141623174378175],[-114.06267571079869,51.14162339317298],[-114.06335560867905,51.141704890965826],[-114.06394892366848,51.14173880596573],[-114.06510502853169,51.14173318862798],[-114.06567204725687,51.14172761247292],[-114.0658831349823,51.14172269977958],[-114.06673740467842,51.141780207461764],[-114.06723362911129,51.141846601036306],[-114.06841633859209,51.142137109598906],[-114.06897483241112,51.14234901952499],[-114.06874991791105,51.14251432232031],[-114.06614691961259,51.14449740132263],[-114.06473801274954,51.14557068560999],[-114.06394321301663,51.14637826268342],[-114.0638141063857,51.14660887486096],[-114.063575434696,51.14698966239929],[-114.0630791108249,51.14692317508055],[-114.06050800725347,51.14687655629352],[-114.060686826422,51.145639741684185],[-114.06070853413729,51.1455233649686],[-114.06081183147828,51.14479736728242],[-114.06104361160206,51.14407466031078],[-114.06107789917864,51.14398556370953],[-114.05970330348053,51.14356425462096],[-114.0589558062508,51.14340146786062],[-114.0574773979392,51.143265349591495],[-114.05732031311102,51.143261357129994],[-114.05654882574166,51.143250954252665],[-114.05522453973452,51.14338844866649],[-114.05500473323154,51.14302313790883],[-114.05485802556971,51.142632648697166],[-114.05485523039144,51.141778048788126],[-114.05486270889239,51.14143645178551]]]]}},{"type":"Feature","properties":{"DGUID":"2021S051248061516","DAUID":"48061516","LANDAREA":0.108,"PRUID":"48","fed_num":"48011","da_code":"48061516","geo_name":"48061516","name_source":{"label":"Statistics Canada Census Profile 2021 DA WDS","url":"https://www12.statcan.gc.ca/wds-sdw/2021profile-profil2021-eng.cfm"},"population":406,"status":"ok","source":{"label":"Statistics Canada Census Profile 2021 DA WDS","url":"https://www12.statcan.gc.ca/wds-sdw/2021profile-profil2021-eng.cfm"},"community_name":"Calgary","community_source":{"label":"Statistics Canada 2021 census subdivision boundaries (spatial lookup)","url":"https://geo.statcan.gc.ca/geo_wa/rest/services/2021/Cartographic_boundary_files/MapServer/9"},"community_display":"Calgary","is_unorganized":false,"panel_title":"Calgary","display_label":"Calgary","map_label":"48061516"},"geometry":{"type":"MultiPolygon","coordinates":[[[[-114.04799428867615,51.152938426142214],[-114.04801812432018,51.151221019979786],[-114.0482032159885,51.15123471321041],[-114.04953341279804,51.151232319436026],[-114.05146450668093,51.15122701993007],[-114.05303802382385,51.1512217274451],[-114.05303728852724,51.1516805225274],[-114.05312869483,51.15204261326921],[-114.05316691989628,51.15211553208644],[-114.05356671834024,51.15257531340122],[-114.05423369429086,51.15332971936593],[-114.0544410131049,51.15366783555207],[-114.0544854148134,51.15386683562683],[-114.05437919294268,51.15396312720594],[-114.05429301589373,51.15396981079237],[-114.05286340060115,51.153960832129286],[-114.04965898306378,51.153969917995816],[-114.04953560177636,51.15388581790829],[-114.04953931258297,51.15293242000382],[-114.04816620362429,51.15293370726206],[-114.04799428867615,51.152938426142214]]]]}},{"type":"Feature","properties":{"DGUID":"2021S051248061556","DAUID":"48061556","LANDAREA":0.5505,"PRUID":"48","fed_num":"48011","da_code":"48061556","geo_name":"48061556","name_source":{"label":"Statistics Canada Census Profile 2021 DA WDS","url":"https://www12.statcan.gc.ca/wds-sdw/2021profile-profil2021-eng.cfm"},"population":1121,"status":"ok","source":{"label":"Statistics Canada Census Profile 2021 DA WDS","url":"https://www12.statcan.gc.ca/wds-sdw/2021profile-profil2021-eng.cfm"},"community_name":"Calgary","community_source":{"label":"Statistics Canada 2021 census subdivision boundaries (spatial lookup)","url":"https://geo.statcan.gc.ca/geo_wa/rest/services/2021/Cartographic_boundary_files/MapServer/9"},"community_display":"Calgary","is_unorganized":false,"panel_title":"Calgary","display_label":"Calgary","map_label":"48061556"},"geometry":{"type":"MultiPolygon","coordinates":[[[[-114.1568966995205,51.13726240702419],[-114.15690571645082,51.13641711843735],[-114.15704651772268,51.13575500948774],[-114.15725954010885,51.13577811070376],[-114.15808361201645,51.135861109673286],[-114.15976104708024,51.13578500474058],[-114.16029201903892,51.13575290938688],[-114.16036502456416,51.135727712630626],[-114.16038425129842,51.135647204389855],[-114.1603852129831,51.13540252171455],[-114.1603872241622,51.13489001614398],[-114.1603901464725,51.13415422577335],[-114.15916085808607,51.13415142534984],[-114.15800736845901,51.134078320780645],[-114.15780913123312,51.13404650435895],[-114.15799494621598,51.13334951618147],[-114.15799886850586,51.133286611079676],[-114.1580775486744,51.13246999899981],[-114.15826315853329,51.1324745149416],[-114.15958024511666,51.132443616949246],[-114.15932844575055,51.13165489944805],[-114.15902358134655,51.13056821129491],[-114.15856265777272,51.12969351385337],[-114.15800835653737,51.128942395410135],[-114.15860344767354,51.12879498765641],[-114.15919205394975,51.12875529696222],[-114.15928427213873,51.1286495950172],[-114.15937336266677,51.128130104228575],[-114.15937776044171,51.12805829943175],[-114.15925314929001,51.12799230714388],[-114.15828033305667,51.12800458591998],[-114.15724114671015,51.12816819080268],[-114.15701287357265,51.12792879103293],[-114.1569119508624,51.12771050072027],[-114.15686704215061,51.12727758813927],[-114.15695887366658,51.12694709261821],[-114.15958936222384,51.127172892055476],[-114.15975188038561,51.12708689590329],[-114.16005347584564,51.126365689337725],[-114.1603620507628,51.125761589399914],[-114.16034017844909,51.125653087953154],[-114.15974675978215,51.12553969625985],[-114.15902217848054,51.12546818667432],[-114.15832285225156,51.1254510733927],[-114.15816303860149,51.125492189818],[-114.15794003948682,51.12609838706325],[-114.15785115808859,51.12615027382232],[-114.15671373396873,51.126050586757906],[-114.15618785754602,51.126001881310586],[-114.15535625586806,51.126044570399884],[-114.15530683489335,51.125756074815556],[-114.15530364488714,51.12573746434757],[-114.15542224185512,51.12543449135018],[-114.15552313783819,51.12532329936145],[-114.15562523500749,51.12521078376832],[-114.15580556793105,51.1250120724867],[-114.15645024796906,51.12429026758995],[-114.15696216672329,51.123403181815796],[-114.15736966718627,51.12258566073397],[-114.15858436173612,51.122822073497886],[-114.16016567981023,51.12313938170155],[-114.16076556968652,51.12314487768974],[-114.16192216211829,51.123163977256915],[-114.16275205371238,51.12314817561657],[-114.16308477476258,51.12308429281732],[-114.16346905910338,51.122877786394746],[-114.16351732871537,51.12283289450954],[-114.16389337905908,51.122483275930435],[-114.16399166464306,51.122278783561335],[-114.16400066759942,51.12096577863173],[-114.16402936838854,51.1200310908842],[-114.16383517849377,51.119702579456586],[-114.16362988000182,51.1195536761045],[-114.16301849197188,51.11926898036081],[-114.16205868833197,51.118840866306826],[-114.16126668367227,51.11847085923022],[-114.16108178195418,51.118457356636654],[-114.16004038099918,51.119358569771286],[-114.1590736493894,51.11973977234892],[-114.15900946074281,51.11985517444042],[-114.1582851744713,51.11908196593935],[-114.15923696519391,51.11870936032603],[-114.16002696425022,51.11794608128418],[-114.15898207159881,51.11750686356847],[-114.15786646945524,51.11705696018657],[-114.15676287716158,51.11664336144124],[-114.1547094525212,51.1158738553024],[-114.15458048196957,51.115879661620376],[-114.15418415339634,51.11604997002039],[-114.15392334265222,51.11634035038962],[-114.15386885944831,51.116761767669026],[-114.15395436068295,51.11699775301966],[-114.15443186014,51.11690146959101],[-114.15487425946235,51.116912262720945],[-114.1552688682682,51.11700277011914],[-114.15611935768905,51.1173472514116],[-114.15608417922421,51.11768826604344],[-114.15655805101063,51.118581271876394],[-114.15602518172635,51.11864927001891],[-114.15557723983893,51.118728259538486],[-114.15553884623144,51.1186553628243],[-114.1550966518719,51.118176855549855],[-114.15393065242223,51.117383958885355],[-114.15361185731933,51.116989355006005],[-114.1535762519154,51.1168715649703],[-114.15351986922477,51.11662736648976],[-114.15356546830226,51.11634965247384],[-114.1537110665824,51.11607436856883],[-114.15403228366824,51.115731351457676],[-114.15447478599826,51.11527446098412],[-114.15620166747867,51.11600905981697],[-114.1595573070766,51.117389940519615],[-114.16103936733684,51.11799979326638],[-114.16324086861002,51.118905564331506],[-114.16432588213246,51.11939066700698],[-114.16541528216354,51.12003767175891],[-114.16647178851952,51.12075587424569],[-114.16426385270422,51.122735183347594],[-114.16354336522062,51.12349758283112],[-114.163254369416,51.123792886383846],[-114.16283445232781,51.12425989980851],[-114.16227764192588,51.1249127803721],[-114.16201136117016,51.12525738609069],[-114.16150974301601,51.12597568418497],[-114.16128517387406,51.12634869053512],[-114.16108947159535,51.126719381169906],[-114.16083174394527,51.127285195971155],[-114.16070733723977,51.12762198456394],[-114.16061404881175,51.12787439978676],[-114.16049447572148,51.12828999092746],[-114.16039797513108,51.128720197886835],[-114.16029885575045,51.12937791118805],[-114.16025035808225,51.13001609896703],[-114.16023895994313,51.13042620659977],[-114.16026047708237,51.13082761332963],[-114.16031195068675,51.131216205001095],[-114.16044507534195,51.131776903805196],[-114.16067138077129,51.132503614697974],[-114.16099745209524,51.1332376102094],[-114.16119967513632,51.133608311477936],[-114.16143585650201,51.1340112151954],[-114.16193314093881,51.13473302970202],[-114.16247706218847,51.13546481553062],[-114.16358124890259,51.13690311500627],[-114.1641356300278,51.13765422073204],[-114.16422841590229,51.13777331279159],[-114.1637211493664,51.13791778139172],[-114.16297695150814,51.13812972676956],[-114.16140593196226,51.13856832838192],[-114.16012042865471,51.13877991099521],[-114.15711412121418,51.13884180492598],[-114.15688571585636,51.13883620843325],[-114.15688031880067,51.13869219591107],[-114.1568966995205,51.13726240702419]]]]}},{"type":"Feature","properties":{"DGUID":"2021S051248061557","DAUID":"48061557","LANDAREA":0.1566,"PRUID":"48","fed_num":"48011","da_code":"48061557","geo_name":"48061557","name_source":{"label":"Statistics Canada Census Profile 2021 DA WDS","url":"https://www12.statcan.gc.ca/wds-sdw/2021profile-profil2021-eng.cfm"},"population":472,"status":"ok","source":{"label":"Statistics Canada Census Profile 2021 DA WDS","url":"https://www12.statcan.gc.ca/wds-sdw/2021profile-profil2021-eng.cfm"},"community_name":"Calgary","community_source":{"label":"Statistics Canada 2021 census subdivision boundaries (spatial lookup)","url":"https://geo.statcan.gc.ca/geo_wa/rest/services/2021/Cartographic_boundary_files/MapServer/9"},"community_display":"Calgary","is_unorganized":false,"panel_title":"Calgary","display_label":"Calgary","map_label":"48061557"},"geometry":{"type":"MultiPolygon","coordinates":[[[[-114.15400737581145,51.12194606727424],[-114.1543434420781,51.12159445712672],[-114.15477586470317,51.121766965618704],[-114.15608923612261,51.122257662520084],[-114.15736966718627,51.12258566073397],[-114.15696216672329,51.123403181815796],[-114.15645024796906,51.12429026758995],[-114.15580556793105,51.1250120724867],[-114.15562523500749,51.12521078376832],[-114.15552313783819,51.12532329936145],[-114.15542224185512,51.12543449135018],[-114.15530364488714,51.12573746434757],[-114.15530683489335,51.125756074815556],[-114.15535625586806,51.126044570399884],[-114.15545401523208,51.126656862938255],[-114.15549033665037,51.12688427757776],[-114.1554776580697,51.127090887029425],[-114.15547428810999,51.127094886142025],[-114.15523115422776,51.12738166831774],[-114.15476823219399,51.127703289952876],[-114.15464904254141,51.12778126628263],[-114.15315572254362,51.12672847288577],[-114.15179802691482,51.12579596390342],[-114.15111753296179,51.125473567237655],[-114.15082662303361,51.125322557509804],[-114.15091953969757,51.12520786254469],[-114.15400737581145,51.12194606727424]]]]}},{"type":"Feature","properties":{"DGUID":"2021S051248061566","DAUID":"48061566","LANDAREA":0.1682,"PRUID":"48","fed_num":"48011","da_code":"48061566","geo_name":"48061566","name_source":{"label":"Statistics Canada Census Profile 2021 DA WDS","url":"https://www12.statcan.gc.ca/wds-sdw/2021profile-profil2021-eng.cfm"},"population":1520,"status":"ok","source":{"label":"Statistics Canada Census Profile 2021 DA WDS","url":"https://www12.statcan.gc.ca/wds-sdw/2021profile-profil2021-eng.cfm"},"community_name":"Calgary","community_source":{"label":"Statistics Canada 2021 census subdivision boundaries (spatial lookup)","url":"https://geo.statcan.gc.ca/geo_wa/rest/services/2021/Cartographic_boundary_files/MapServer/9"},"community_display":"Calgary","is_unorganized":false,"panel_title":"Calgary","display_label":"Calgary","map_label":"48061566"},"geometry":{"type":"MultiPolygon","coordinates":[[[[-114.14794915844291,51.10195572225061],[-114.14814268922414,51.1018439195556],[-114.14860799702709,51.101711337719614],[-114.14995389422342,51.10142934400728],[-114.15029359502151,51.10124872184541],[-114.15074016682955,51.10089951851107],[-114.15111907532734,51.10060324157068],[-114.1513143939191,51.10044613453412],[-114.1515920901186,51.10034493427827],[-114.15180660126508,51.10034123322468],[-114.15200358439637,51.100391022416055],[-114.1528219685871,51.100788743878184],[-114.15394537981226,51.101337748254565],[-114.15563134507464,51.10210865755922],[-114.15616867708395,51.10235433489383],[-114.15632937037823,51.10252913383562],[-114.15625637963255,51.10278823991841],[-114.15608240359045,51.10306284243061],[-114.15584408537691,51.10345284997593],[-114.15543457817826,51.10407245360555],[-114.15518589096372,51.10439923831303],[-114.15480719492491,51.104749737446696],[-114.15467109366813,51.10487234016859],[-114.1516197974468,51.103610738208516],[-114.1511408912991,51.10350013543748],[-114.15021418186717,51.10346852562138],[-114.14761399517415,51.1034680316027],[-114.14760806316598,51.10333292825338],[-114.14761077603923,51.10236162905872],[-114.14774229888702,51.10214553314244],[-114.147844164093,51.10203963607879],[-114.14794915844291,51.10195572225061]]]]}},{"type":"Feature","properties":{"DGUID":"2021S051248061567","DAUID":"48061567","LANDAREA":0.3661,"PRUID":"48","fed_num":"48011","da_code":"48061567","geo_name":"48061567","name_source":{"label":"Statistics Canada Census Profile 2021 DA WDS","url":"https://www12.statcan.gc.ca/wds-sdw/2021profile-profil2021-eng.cfm"},"population":1288,"status":"ok","source":{"label":"Statistics Canada Census Profile 2021 DA WDS","url":"https://www12.statcan.gc.ca/wds-sdw/2021profile-profil2021-eng.cfm"},"community_name":"Calgary","community_source":{"label":"Statistics Canada 2021 census subdivision boundaries (spatial lookup)","url":"https://geo.statcan.gc.ca/geo_wa/rest/services/2021/Cartographic_boundary_files/MapServer/9"},"community_display":"Calgary","is_unorganized":false,"panel_title":"Calgary","display_label":"Calgary","map_label":"48061567"},"geometry":{"type":"MultiPolygon","coordinates":[[[[-114.09371366428925,51.14268403725235],[-114.0932069427598,51.14246359077227],[-114.09261993478292,51.1417523091485],[-114.09433843402134,51.14216399592487],[-114.0946096219414,51.14217069703003],[-114.09461411347529,51.14119029752895],[-114.09467863682536,51.14039139362184],[-114.09484903358215,51.139954791821005],[-114.09501774494174,51.13954529692019],[-114.09529722063748,51.13919238816486],[-114.09639893330285,51.139408682765946],[-114.0974667018534,51.13948019137727],[-114.09784130087347,51.13943548294401],[-114.098147835246,51.13933519622165],[-114.09860731656855,51.1390767803616],[-114.09954761262784,51.13958578664866],[-114.10014543648413,51.13905811823223],[-114.10066762440255,51.13859718496664],[-114.1008987176391,51.138333086908624],[-114.10100950907945,51.13838977297906],[-114.10434901882569,51.13985778828047],[-114.10450267610558,51.1399155780442],[-114.1051721811902,51.14018398534814],[-114.10558109579681,51.14027507472678],[-114.1069859850109,51.14044479684962],[-114.1074274843946,51.14047369264482],[-114.10848326674518,51.140366353496255],[-114.10870820572954,51.140343485483235],[-114.10884466871477,51.14090458029215],[-114.10884287098368,51.14139019825623],[-114.10869718588809,51.14189028376794],[-114.10817046786333,51.14276779150011],[-114.10791568942322,51.14318418815075],[-114.10786470668243,51.14327748511406],[-114.10783789871952,51.14332658446038],[-114.10780336203975,51.143379274901775],[-114.10583740255338,51.14303377871592],[-114.10464940129157,51.142824470390416],[-114.10371560507865,51.142666469782135],[-114.10211019375991,51.14250068665718],[-114.1011393897698,51.14247669219962],[-114.09949080131322,51.14254369623094],[-114.09898072439525,51.1426148682576],[-114.09790400604918,51.14276510346091],[-114.09545354041006,51.143306903184026],[-114.09513485045434,51.143181562570284],[-114.09371366428925,51.14268403725235]]]]}},{"type":"Feature","properties":{"DGUID":"2021S051248061600","DAUID":"48061600","LANDAREA":0.3956,"PRUID":"48","fed_num":"48011","da_code":"48061600","geo_name":"48061600","name_source":{"label":"Statistics Canada Census Profile 2021 DA WDS","url":"https://www12.statcan.gc.ca/wds-sdw/2021profile-profil2021-eng.cfm"},"population":1124,"status":"ok","source":{"label":"Statistics Canada Census Profile 2021 DA WDS","url":"https://www12.statcan.gc.ca/wds-sdw/2021profile-profil2021-eng.cfm"},"community_name":"Calgary","community_source":{"label":"Statistics Canada 2021 census subdivision boundaries (spatial lookup)","url":"https://geo.statcan.gc.ca/geo_wa/rest/services/2021/Cartographic_boundary_files/MapServer/9"},"community_display":"Calgary","is_unorganized":false,"panel_title":"Calgary","display_label":"Calgary","map_label":"48061600"},"geometry":{"type":"MultiPolygon","coordinates":[[[[-114.13443874197173,51.13421326693818],[-114.13454464328046,51.1336581821994],[-114.1345505735465,51.13277358011517],[-114.13455334812116,51.13236317577534],[-114.13457287052161,51.131356290483225],[-114.13457673806793,51.13129338059808],[-114.13480165983358,51.13089407361442],[-114.13510544758009,51.13060479467008],[-114.13610255721684,51.13112388071726],[-114.1357816683252,51.1314577886301],[-114.13571994873753,51.13176207425726],[-114.13579836438115,51.13188096949725],[-114.13768428075892,51.131900198936805],[-114.13795598292413,51.13189789138297],[-114.13917206858757,51.13188269912831],[-114.14028599151096,51.13190099839955],[-114.1404370618602,51.13176970680253],[-114.14041908135839,51.13067191148435],[-114.14031828178602,51.130453595734146],[-114.13996377612952,51.130175102525875],[-114.13905178532599,51.12966710224691],[-114.13945707695994,51.129353209758634],[-114.13978238722699,51.128947398494844],[-114.1391269702228,51.128913324854345],[-114.13850729165618,51.128763219196294],[-114.13869927737751,51.128201322640386],[-114.1387089001881,51.127814717418],[-114.14120055455264,51.12760913837489],[-114.14434090494785,51.127349939256426],[-114.14482948873416,51.12730783717014],[-114.14488541150357,51.1275611272703],[-114.14504359924595,51.128239547377945],[-114.14515771744247,51.128476237697406],[-114.14546710030056,51.128789640300774],[-114.146060907738,51.1291279302734],[-114.14619981449964,51.129194230762934],[-114.14692312767063,51.12951773872163],[-114.14722879615414,51.12966013759093],[-114.14757131901177,51.1299023541203],[-114.14782479440458,51.13019634413605],[-114.14798100872612,51.13067683875351],[-114.14803550689166,51.13141573459727],[-114.14790789874965,51.13186244537975],[-114.145332982911,51.1318894289254],[-114.14362219884431,51.13204550337235],[-114.14323069412833,51.132134903544156],[-114.14271778722015,51.13233819896762],[-114.14162315490412,51.13293208963282],[-114.14115146234585,51.1331634049566],[-114.1406338054963,51.133412113594424],[-114.13919185461985,51.134104881414565],[-114.13907435186941,51.13415588018221],[-114.13800116106063,51.13463339346227],[-114.13715986226065,51.13482858657636],[-114.13668495177323,51.13487997038424],[-114.13522663650137,51.134880193461655],[-114.13423742581662,51.1346939717351],[-114.13443874197173,51.13421326693818]]]]}},{"type":"Feature","properties":{"DGUID":"2021S051248061601","DAUID":"48061601","LANDAREA":0.0832,"PRUID":"48","fed_num":"48011","da_code":"48061601","geo_name":"48061601","name_source":{"label":"Statistics Canada Census Profile 2021 DA WDS","url":"https://www12.statcan.gc.ca/wds-sdw/2021profile-profil2021-eng.cfm"},"population":223,"status":"ok","source":{"label":"Statistics Canada Census Profile 2021 DA WDS","url":"https://www12.statcan.gc.ca/wds-sdw/2021profile-profil2021-eng.cfm"},"community_name":"Calgary","community_source":{"label":"Statistics Canada 2021 census subdivision boundaries (spatial lookup)","url":"https://geo.statcan.gc.ca/geo_wa/rest/services/2021/Cartographic_boundary_files/MapServer/9"},"community_display":"Calgary","is_unorganized":false,"panel_title":"Calgary","display_label":"Calgary","map_label":"48061601"},"geometry":{"type":"MultiPolygon","coordinates":[[[[-114.14630471802703,51.12911583351607],[-114.1467851998847,51.12874085620078],[-114.14760931832976,51.128590058584656],[-114.14828731485406,51.128489655269185],[-114.14867322575428,51.12849015468179],[-114.14888622877706,51.12851323937882],[-114.14979961111091,51.12876946990764],[-114.15130301218501,51.12919286496447],[-114.15166101699343,51.129345264134265],[-114.15181843077413,51.12941226406064],[-114.15225972775913,51.12967496633043],[-114.15239692998131,51.12976816200118],[-114.15317463123513,51.13037177792291],[-114.15266443997209,51.130764183064194],[-114.15223833683685,51.13095166116268],[-114.1519489204732,51.13100757093975],[-114.15114802064909,51.131014977268556],[-114.1505221102298,51.13096376526043],[-114.14927651484781,51.13076246464107],[-114.1489938252725,51.13071064887095],[-114.14798100872612,51.13067683875351],[-114.14782479440458,51.13019634413605],[-114.14757131901177,51.1299023541203],[-114.14722879615414,51.12966013759093],[-114.14692312767063,51.12951773872163],[-114.14619981449964,51.129194230762934],[-114.14630471802703,51.12911583351607]]]]}},{"type":"Feature","properties":{"DGUID":"2021S051248061602","DAUID":"48061602","LANDAREA":0.202,"PRUID":"48","fed_num":"48011","da_code":"48061602","geo_name":"48061602","name_source":{"label":"Statistics Canada Census Profile 2021 DA WDS","url":"https://www12.statcan.gc.ca/wds-sdw/2021profile-profil2021-eng.cfm"},"population":620,"status":"ok","source":{"label":"Statistics Canada Census Profile 2021 DA WDS","url":"https://www12.statcan.gc.ca/wds-sdw/2021profile-profil2021-eng.cfm"},"community_name":"Calgary","community_source":{"label":"Statistics Canada 2021 census subdivision boundaries (spatial lookup)","url":"https://geo.statcan.gc.ca/geo_wa/rest/services/2021/Cartographic_boundary_files/MapServer/9"},"community_display":"Calgary","is_unorganized":false,"panel_title":"Calgary","display_label":"Calgary","map_label":"48061602"},"geometry":{"type":"MultiPolygon","coordinates":[[[[-114.13840021729918,51.12494693604158],[-114.13577111999274,51.12493765819882],[-114.13497059872972,51.124934821333774],[-114.13498817125455,51.12418871648259],[-114.135057300734,51.12353381188605],[-114.13517587448662,51.123464713918736],[-114.13662068384568,51.12344622884325],[-114.13781960736122,51.12324173929438],[-114.13758399600424,51.12266021861973],[-114.13757731145803,51.12207543574975],[-114.13777251544862,51.12169341338217],[-114.13809210219583,51.121377419282595],[-114.13855400157387,51.12107392895881],[-114.13918043470086,51.120882422518164],[-114.1396557114596,51.12082214389614],[-114.14057182758994,51.1207995377164],[-114.14056859995327,51.121546028928435],[-114.14132600393222,51.1215465372613],[-114.14163782189075,51.1215902266432],[-114.14202902862529,51.121734641037044],[-114.1423176429812,51.121921649665445],[-114.14305551032366,51.12247035031734],[-114.14345152324252,51.12300175054612],[-114.1436603248627,51.123555551027046],[-114.14369520205373,51.12391614729664],[-114.14236973735972,51.123856738760296],[-114.14219172865782,51.123960340452285],[-114.14218533408184,51.12452685067804],[-114.14226601610649,51.124609729963396],[-114.14367890890802,51.12464433664957],[-114.14347143577204,51.12545774687441],[-114.1386545847486,51.12545684068432],[-114.13855888396198,51.12492383574952],[-114.13840021729918,51.12494693604158]]]]}},{"type":"Feature","properties":{"DGUID":"2021S051248061603","DAUID":"48061603","LANDAREA":0.1,"PRUID":"48","fed_num":"48011","da_code":"48061603","geo_name":"48061603","name_source":{"label":"Statistics Canada Census Profile 2021 DA WDS","url":"https://www12.statcan.gc.ca/wds-sdw/2021profile-profil2021-eng.cfm"},"population":313,"status":"ok","source":{"label":"Statistics Canada Census Profile 2021 DA WDS","url":"https://www12.statcan.gc.ca/wds-sdw/2021profile-profil2021-eng.cfm"},"community_name":"Calgary","community_source":{"label":"Statistics Canada 2021 census subdivision boundaries (spatial lookup)","url":"https://geo.statcan.gc.ca/geo_wa/rest/services/2021/Cartographic_boundary_files/MapServer/9"},"community_display":"Calgary","is_unorganized":false,"panel_title":"Calgary","display_label":"Calgary","map_label":"48061603"},"geometry":{"type":"MultiPolygon","coordinates":[[[[-114.14345152324252,51.12300175054612],[-114.14305551032366,51.12247035031734],[-114.1423176429812,51.121921649665445],[-114.14202902862529,51.121734641037044],[-114.14163782189075,51.1215902266432],[-114.14132600393222,51.1215465372613],[-114.14056859995327,51.121546028928435],[-114.14057182758994,51.1207995377164],[-114.14127224083443,51.120798732507964],[-114.14172661010734,51.12084582946565],[-114.14245940304176,51.12101666921167],[-114.14297291977353,51.12126304210258],[-114.14394344408863,51.1219793406853],[-114.14470384562361,51.1217011465679],[-114.14551372209263,51.12108235690472],[-114.1458651439836,51.12094694814802],[-114.14618245013273,51.12090074821066],[-114.14659622450172,51.12091084024799],[-114.14692112521269,51.12097274932943],[-114.14781346001084,51.12133634363529],[-114.14883765298367,51.12141534236644],[-114.14908535226004,51.1211065646103],[-114.1497337347174,51.12078954807573],[-114.1502113485549,51.12045947069353],[-114.15047774034043,51.12007915468909],[-114.15056615918066,51.120036363658116],[-114.15073843964527,51.120022561774675],[-114.15153864222697,51.120257966242264],[-114.15167525665709,51.120360159587534],[-114.15165716581338,51.12042265356059],[-114.15124143716638,51.120907253495275],[-114.15079177627312,51.121247166057984],[-114.15000604433521,51.12170467132869],[-114.14915444830241,51.122304558274585],[-114.14796012313782,51.12220345085925],[-114.14691614866516,51.1222139362981],[-114.14649891957028,51.1222576506748],[-114.14528742534156,51.12243495255717],[-114.14456163186932,51.1226151475304],[-114.14491864325826,51.123316455580174],[-114.14505322965489,51.12391335877945],[-114.14369520205373,51.12391614729664],[-114.1436603248627,51.123555551027046],[-114.14345152324252,51.12300175054612]]]]}},{"type":"Feature","properties":{"DGUID":"2021S051248061606","DAUID":"48061606","LANDAREA":0.2086,"PRUID":"48","fed_num":"48011","da_code":"48061606","geo_name":"48061606","name_source":{"label":"Statistics Canada Census Profile 2021 DA WDS","url":"https://www12.statcan.gc.ca/wds-sdw/2021profile-profil2021-eng.cfm"},"population":382,"status":"ok","source":{"label":"Statistics Canada Census Profile 2021 DA WDS","url":"https://www12.statcan.gc.ca/wds-sdw/2021profile-profil2021-eng.cfm"},"community_name":"Calgary","community_source":{"label":"Statistics Canada 2021 census subdivision boundaries (spatial lookup)","url":"https://geo.statcan.gc.ca/geo_wa/rest/services/2021/Cartographic_boundary_files/MapServer/9"},"community_display":"Calgary","is_unorganized":false,"panel_title":"Calgary","display_label":"Calgary","map_label":"48061606"},"geometry":{"type":"MultiPolygon","coordinates":[[[[-114.1120496601655,51.14907869037612],[-114.11067562432298,51.14730006854007],[-114.11250469973014,51.14709345933287],[-114.11264859259511,51.14707896173531],[-114.11395581135758,51.14698535138762],[-114.11477749572872,51.14687975326867],[-114.11528219204324,51.14681125743491],[-114.11516381127893,51.14756384216341],[-114.11535700064356,51.14767655757789],[-114.11723298368136,51.14763284025222],[-114.11734080722015,51.147509629340895],[-114.11734451187043,51.14676315284438],[-114.11773685516776,51.146978006164325],[-114.11885290664058,51.14845567467276],[-114.11886171806019,51.148534600124826],[-114.11898045271681,51.148605548179994],[-114.11941061012638,51.14880511328132],[-114.1199577769532,51.14900278794978],[-114.11989162763955,51.14936592437413],[-114.11981903412685,51.14958142733113],[-114.11986350313506,51.149794835990235],[-114.11996483754001,51.14997034325456],[-114.12023058085978,51.150157854862876],[-114.12045839022811,51.15027959748947],[-114.1206861341114,51.15040129989219],[-114.12071623388537,51.15052499169455],[-114.12109469147723,51.15084024285381],[-114.11936151175591,51.150653642618146],[-114.11853270614289,51.15064214434891],[-114.1168629075598,51.15081682713262],[-114.1157768161807,51.15103293349853],[-114.11505736817952,51.15092008419286],[-114.11383590180503,51.15072852354775],[-114.11228963775113,51.15010798971647],[-114.1120496601655,51.14907869037612]]]]}},{"type":"Feature","properties":{"DGUID":"2021S051248061607","DAUID":"48061607","LANDAREA":0.1003,"PRUID":"48","fed_num":"48011","da_code":"48061607","geo_name":"48061607","name_source":{"label":"Statistics Canada Census Profile 2021 DA WDS","url":"https://www12.statcan.gc.ca/wds-sdw/2021profile-profil2021-eng.cfm"},"population":507,"status":"ok","source":{"label":"Statistics Canada Census Profile 2021 DA WDS","url":"https://www12.statcan.gc.ca/wds-sdw/2021profile-profil2021-eng.cfm"},"community_name":"Calgary","community_source":{"label":"Statistics Canada 2021 census subdivision boundaries (spatial lookup)","url":"https://geo.statcan.gc.ca/geo_wa/rest/services/2021/Cartographic_boundary_files/MapServer/9"},"community_display":"Calgary","is_unorganized":false,"panel_title":"Calgary","display_label":"Calgary","map_label":"48061607"},"geometry":{"type":"MultiPolygon","coordinates":[[[[-114.12109469147723,51.15084024285381],[-114.12071623388537,51.15052499169455],[-114.1206861341114,51.15040129989219],[-114.12045839022811,51.15027959748947],[-114.12023058085978,51.150157854862876],[-114.11996483754001,51.14997034325456],[-114.11986350313506,51.149794835990235],[-114.11981903412685,51.14958142733113],[-114.11989162763955,51.14936592437413],[-114.1199577769532,51.14900278794978],[-114.11941061012638,51.14880511328132],[-114.11898045271681,51.148605548179994],[-114.11886171806019,51.148534600124826],[-114.11885290664058,51.14845567467276],[-114.11773685516776,51.146978006164325],[-114.11734451187043,51.14676315284438],[-114.11867401285953,51.146768953961235],[-114.11870990145039,51.14757035386929],[-114.11895659743489,51.14797223170667],[-114.11954931395857,51.14832864851445],[-114.12008400110511,51.14846774336796],[-114.1206523955212,51.14852674855804],[-114.12052218809262,51.14900923111115],[-114.12059219942844,51.149262735289184],[-114.12081209235396,51.14963693519359],[-114.12115448198679,51.149879233813174],[-114.12149109580695,51.14998652827136],[-114.12197711957955,51.149989438277714],[-114.12360351460352,51.14982263772237],[-114.12379311458875,51.14976435141325],[-114.12390078968498,51.14964105275853],[-114.12365299338738,51.149257248444634],[-114.12339540187308,51.14880113578328],[-114.12336978734916,51.14852165147611],[-114.12467151352972,51.14851775612574],[-114.12467879022006,51.14724964489651],[-114.12479528901184,51.14721653768871],[-114.12591012829324,51.147225957436845],[-114.12596222116966,51.14730825802268],[-114.12596131991224,51.148243644255516],[-114.12608510002406,51.14855245309885],[-114.12682612899431,51.14836385554228],[-114.1272007049408,51.14831905815855],[-114.12736522308983,51.149123652283265],[-114.12687313001418,51.149219452466234],[-114.12628241279346,51.149519740846024],[-114.12542149625942,51.150254153025024],[-114.1248763997869,51.150510563845785],[-114.12419582140619,51.15064674693706],[-114.12216669381488,51.150848643188425],[-114.12109469147723,51.15084024285381]]]]}},{"type":"Feature","properties":{"DGUID":"2021S051248061608","DAUID":"48061608","LANDAREA":0.0563,"PRUID":"48","fed_num":"48011","da_code":"48061608","geo_name":"48061608","name_source":{"label":"Statistics Canada Census Profile 2021 DA WDS","url":"https://www12.statcan.gc.ca/wds-sdw/2021profile-profil2021-eng.cfm"},"population":272,"status":"ok","source":{"label":"Statistics Canada Census Profile 2021 DA WDS","url":"https://www12.statcan.gc.ca/wds-sdw/2021profile-profil2021-eng.cfm"},"community_name":"Calgary","community_source":{"label":"Statistics Canada 2021 census subdivision boundaries (spatial lookup)","url":"https://geo.statcan.gc.ca/geo_wa/rest/services/2021/Cartographic_boundary_files/MapServer/9"},"community_display":"Calgary","is_unorganized":false,"panel_title":"Calgary","display_label":"Calgary","map_label":"48061608"},"geometry":{"type":"MultiPolygon","coordinates":[[[[-114.12138360079992,51.147348454791505],[-114.12173349764075,51.14724015502976],[-114.12327949988277,51.1472152471772],[-114.12337611559018,51.14727154019958],[-114.12336978734916,51.14852165147611],[-114.12339540187308,51.14880113578328],[-114.12365299338738,51.149257248444634],[-114.12390078968498,51.14964105275853],[-114.12379311458875,51.14976435141325],[-114.12360351460352,51.14982263772237],[-114.12197711957955,51.149989438277714],[-114.12149109580695,51.14998652827136],[-114.12115448198679,51.149879233813174],[-114.12081209235396,51.14963693519359],[-114.12059219942844,51.149262735289184],[-114.12052218809262,51.14900923111115],[-114.1206523955212,51.14852674855804],[-114.12067449127392,51.148401357082],[-114.12080801064575,51.14786493844674],[-114.12101039133583,51.14760005718086],[-114.12138360079992,51.147348454791505]]]]}},{"type":"Feature","properties":{"DGUID":"2021S051248061621","DAUID":"48061621","LANDAREA":0.0992,"PRUID":"48","fed_num":"48011","da_code":"48061621","geo_name":"48061621","name_source":{"label":"Statistics Canada Census Profile 2021 DA WDS","url":"https://www12.statcan.gc.ca/wds-sdw/2021profile-profil2021-eng.cfm"},"population":373,"status":"ok","source":{"label":"Statistics Canada Census Profile 2021 DA WDS","url":"https://www12.statcan.gc.ca/wds-sdw/2021profile-profil2021-eng.cfm"},"community_name":"Calgary","community_source":{"label":"Statistics Canada 2021 census subdivision boundaries (spatial lookup)","url":"https://geo.statcan.gc.ca/geo_wa/rest/services/2021/Cartographic_boundary_files/MapServer/9"},"community_display":"Calgary","is_unorganized":false,"panel_title":"Calgary","display_label":"Calgary","map_label":"48061621"},"geometry":{"type":"MultiPolygon","coordinates":[[[[-114.05066761523439,51.14600791403777],[-114.05029759664271,51.14575572029141],[-114.04927289468208,51.146350512744625],[-114.0491969839171,51.146195716648755],[-114.04852612486347,51.14550411489903],[-114.04926169424151,51.14518091223888],[-114.04959882274245,51.144829609998645],[-114.04922651082978,51.14461333152675],[-114.04884731453821,51.14427992742222],[-114.04881561022971,51.14320882994361],[-114.04884929465274,51.14312872181323],[-114.05012399808953,51.14287302084117],[-114.05136833063541,51.142643636997114],[-114.05204479583314,51.14369502132573],[-114.05265423731947,51.14355753623771],[-114.05325492632616,51.14355463201742],[-114.05324171478378,51.14443583300231],[-114.05325569366391,51.146010339030006],[-114.05316260031229,51.146124834464295],[-114.05297481882917,51.14615613975422],[-114.05137280302353,51.14616064025592],[-114.0510318894008,51.146125120852695],[-114.05066761523439,51.14600791403777]]]]}},{"type":"Feature","properties":{"DGUID":"2021S051248061622","DAUID":"48061622","LANDAREA":3.5644,"PRUID":"48","fed_num":"48011","da_code":"48061622","geo_name":"48061622","name_source":{"label":"Statistics Canada Census Profile 2021 DA WDS","url":"https://www12.statcan.gc.ca/wds-sdw/2021profile-profil2021-eng.cfm"},"population":1957,"status":"ok","source":{"label":"Statistics Canada Census Profile 2021 DA WDS","url":"https://www12.statcan.gc.ca/wds-sdw/2021profile-profil2021-eng.cfm"},"community_name":"Calgary","community_source":{"label":"Statistics Canada 2021 census subdivision boundaries (spatial lookup)","url":"https://geo.statcan.gc.ca/geo_wa/rest/services/2021/Cartographic_boundary_files/MapServer/9"},"community_display":"Calgary","is_unorganized":false,"panel_title":"Calgary","display_label":"Calgary","map_label":"48061622"},"geometry":{"type":"MultiPolygon","coordinates":[[[[-114.03406389719083,51.15354824020731],[-114.03406240326869,51.15320723483443],[-114.03413430204522,51.15310794063592],[-114.03428779626667,51.15302125806362],[-114.03476439697259,51.153071058052625],[-114.03498352565069,51.15293374006097],[-114.03498110662223,51.15274454802159],[-114.03486700523011,51.15211254742221],[-114.03493039075921,51.151995947733745],[-114.03486993215681,51.151903352721156],[-114.03498370057505,51.151397844338035],[-114.03494532052603,51.15119665755955],[-114.03497701900937,51.15107675161584],[-114.03511870381682,51.150935538852224],[-114.0356774119744,51.15059955161208],[-114.03686032013378,51.14975374791108],[-114.03708050251004,51.14971105279779],[-114.03753162542478,51.14970884925819],[-114.03772571688387,51.14988926378594],[-114.0377206146917,51.150032450479955],[-114.03780112049053,51.15007364517775],[-114.03778851617828,51.150170958481816],[-114.03796232911542,51.15027936595021],[-114.03803959507866,51.15028335185216],[-114.0381508282162,51.15023336288693],[-114.0385105251875,51.149983350342254],[-114.0386870227697,51.14975956744102],[-114.03884340397325,51.14946376715426],[-114.03893071738325,51.149058063582146],[-114.03883921374111,51.14868714794963],[-114.03869802402023,51.1484300643522],[-114.03859729471708,51.148316961774455],[-114.03851130319565,51.14817245547789],[-114.0381041921336,51.14783424621645],[-114.03779272589682,51.14762935864791],[-114.0375045292732,51.147533549750236],[-114.03714450574304,51.147537050232],[-114.03684600665724,51.14760445026076],[-114.03667980666538,51.14766515684633],[-114.03639519229492,51.14785314192325],[-114.03629712026603,51.14817553910498],[-114.03622621282912,51.14824613474781],[-114.03594559974185,51.148196340377325],[-114.03557161209883,51.14807934823101],[-114.0354645879046,51.14801474738931],[-114.03538711695806,51.14788754351288],[-114.03539221320877,51.147744333454895],[-114.03548831853396,51.147479228580416],[-114.0357112156284,51.14710415348844],[-114.03633130905226,51.14670893195825],[-114.03687021081808,51.14667063338948],[-114.03760821586881,51.14666965932023],[-114.03769402282383,51.146690941468115],[-114.03782652257661,51.14680743854319],[-114.03780339809481,51.14694466419524],[-114.03779628823845,51.14714514943082],[-114.03788850277446,51.14724094762755],[-114.03809822656937,51.14723814633574],[-114.03836919817944,51.14717615264493],[-114.03866859129668,51.146956856313395],[-114.03885039975924,51.14671296624655],[-114.0388445930755,51.14636336095035],[-114.03868630252744,51.14594845255173],[-114.03830971659268,51.145395849058644],[-114.03812941903882,51.14521275750427],[-114.0381779035166,51.14500424728189],[-114.0385831034376,51.14475495211172],[-114.03861782459987,51.14454914696214],[-114.03841513240572,51.14422824896069],[-114.03826882649906,51.14411444297429],[-114.03786210541993,51.14402274051639],[-114.03774560012323,51.14396945469263],[-114.03771062421742,51.14392884374821],[-114.03769452769336,51.14374245020027],[-114.03777481784438,51.143660454376054],[-114.03796109571114,51.14354844718998],[-114.03837490449862,51.14343964184445],[-114.0385929153887,51.143331036370846],[-114.03863199688973,51.14325705529869],[-114.03880972273359,51.14312775105916],[-114.03903311089222,51.14312234260865],[-114.03956050825332,51.14327584232332],[-114.03969712183783,51.14327785022353],[-114.03992362025629,51.1431864402598],[-114.04009689431534,51.14292524675398],[-114.04059300481593,51.142554057429315],[-114.04077692359712,51.14237615745984],[-114.04086841559459,51.142133080989794],[-114.04090780502106,51.14202834911495],[-114.0409090580632,51.14202172861992],[-114.04094140462674,51.141851163579446],[-114.0407992020329,51.14162285308048],[-114.04061690462082,51.14149706755278],[-114.04043259078414,51.141428555921976],[-114.0399338949377,51.14136425741307],[-114.03980032270577,51.141276350684954],[-114.03974508275458,51.141163843334674],[-114.03973021295707,51.141071958539655],[-114.03990128544322,51.140744845627005],[-114.03982889080031,51.14047444263434],[-114.03985318070711,51.14043184956451],[-114.04003939757646,51.14031984931918],[-114.04042257613582,51.14030235548398],[-114.04055700547845,51.140238242792314],[-114.04053969093712,51.1399572568112],[-114.04015019669379,51.139255451010534],[-114.04020535578569,51.138600058230196],[-114.0407436711068,51.1381921691504],[-114.0408746747126,51.137967653822116],[-114.04080447389576,51.13776325794893],[-114.04077347475994,51.1374848799001],[-114.04091914689799,51.13722908622241],[-114.04123644242671,51.13701578351988],[-114.04198556345295,51.13669968576774],[-114.04308395791234,51.13641997562261],[-114.04326706140182,51.13639399221055],[-114.04355825567946,51.136403792221465],[-114.04414796248717,51.13646938632481],[-114.04453207174211,51.13629999719557],[-114.04471915421648,51.13615939164775],[-114.04493145137968,51.135824182676174],[-114.04495554562854,51.135658394231065],[-114.04514967322275,51.13519410558026],[-114.04547706163059,51.13469440737848],[-114.04578833094803,51.13400820876418],[-114.04624905414107,51.133473106374666],[-114.04632394658664,51.133287904299266],[-114.04633795459267,51.132763796493215],[-114.04627653573203,51.13205521891426],[-114.04654355297016,51.13146291095019],[-114.04656394186857,51.13101340857266],[-114.04642166884022,51.130661812003105],[-114.04640955326484,51.13036080105633],[-114.04653745851829,51.13022221256936],[-114.0465125567839,51.12989521092451],[-114.04660344108997,51.12912861169441],[-114.04658847403348,51.12826880311128],[-114.04668457532644,51.12671431474079],[-114.04675596035062,51.126368621147435],[-114.04673215584452,51.12593573457809],[-114.047289992926,51.125963457485526],[-114.04838277335396,51.12601774358358],[-114.0484754677072,51.1260339607665],[-114.0492874672878,51.126175557341305],[-114.04983487430778,51.126333270194],[-114.05054497705169,51.12663005827813],[-114.05113916629342,51.12695086159324],[-114.05291495157452,51.12802106661938],[-114.05579258038665,51.129523777970626],[-114.05703026506072,51.130067688115176],[-114.0586144789161,51.130557392364985],[-114.06146558314926,51.13113279095035],[-114.06304189226977,51.13152320860134],[-114.06493168097778,51.13215540430534],[-114.06616867556863,51.13258307486874],[-114.07119475453544,51.13432042466374],[-114.07120581374672,51.134324860376466],[-114.07138031837596,51.13439501396595],[-114.07125971856163,51.135442421907975],[-114.07125265620189,51.13553562071617],[-114.07124621878549,51.13586711894163],[-114.07123664641841,51.13711680601573],[-114.07129374783528,51.13937590711935],[-114.07126229054306,51.139496562820234],[-114.07124522347652,51.139562031063925],[-114.07114233368054,51.13986312149744],[-114.07097194199137,51.14039321472079],[-114.07063682079377,51.140942517355825],[-114.07029135241538,51.14131261908062],[-114.07014934539983,51.1414497175132],[-114.06956013042765,51.14191390889006],[-114.06911021788412,51.14224450969304],[-114.06897483241112,51.14234901952499],[-114.06841633859209,51.142137109598906],[-114.06723362911129,51.141846601036306],[-114.06673740467842,51.141780207461764],[-114.0658831349823,51.14172269977958],[-114.06567204725687,51.14172761247292],[-114.06510502853169,51.14173318862798],[-114.06394892366848,51.14173880596573],[-114.06335560867905,51.141704890965826],[-114.06267571079869,51.14162339317298],[-114.06267462101357,51.141623174378175],[-114.0624809218978,51.14160008360242],[-114.06192973070236,51.1415339901955],[-114.06130771810953,51.14145936972966],[-114.05958810881984,51.14129788055853],[-114.05803823902852,51.14120515823088],[-114.05629030579541,51.14115746116236],[-114.05540062926936,51.14117313740889],[-114.05487791174679,51.14121165265413],[-114.05486270889239,51.14143645178551],[-114.05485523039144,51.141778048788126],[-114.05485802556971,51.142632648697166],[-114.05500473323154,51.14302313790883],[-114.05522453973452,51.14338844866649],[-114.05506522980905,51.14342043506746],[-114.0545141175098,51.143541425114435],[-114.0535552989233,51.14355322721743],[-114.05325492632616,51.14355463201742],[-114.05265423731947,51.14355753623771],[-114.05204479583314,51.14369502132573],[-114.05136833063541,51.142643636997114],[-114.05012399808953,51.14287302084117],[-114.04884929465274,51.14312872181323],[-114.04881561022971,51.14320882994361],[-114.04884731453821,51.14427992742222],[-114.04922651082978,51.14461333152675],[-114.04959882274245,51.144829609998645],[-114.04926169424151,51.14518091223888],[-114.04852612486347,51.14550411489903],[-114.0491969839171,51.146195716648755],[-114.04927289468208,51.146350512744625],[-114.04839732124549,51.14685012658297],[-114.04804550875885,51.14698511457934],[-114.04689861560136,51.14725300977821],[-114.04648388192317,51.147476408022875],[-114.04592528923382,51.147939004680616],[-114.04573962211218,51.14815912306621],[-114.04570237108652,51.14819694391197],[-114.04554079210632,51.14836101693928],[-114.04526070413287,51.14893860660143],[-114.04520350299967,51.14938690731849],[-114.04524899639479,51.14979280729931],[-114.045357023223,51.14998000402525],[-114.04548078526089,51.15019442091307],[-114.04580112428484,51.15055331536126],[-114.04657551343959,51.15096870501457],[-114.04699580836908,51.1511052110526],[-114.04801812432018,51.151221019979786],[-114.04799428867615,51.152938426142214],[-114.04803221441125,51.15413570258423],[-114.0480773061359,51.154325727577714],[-114.0425121995111,51.15434689614785],[-114.04234022157108,51.15435150815474],[-114.04158232108276,51.154350314167516],[-114.0398697846397,51.154357567498664],[-114.0395483029059,51.15435891842258],[-114.03940180139273,51.154359795253036],[-114.0366894900173,51.15437030144046],[-114.03402747109834,51.15438160795567],[-114.03401290794591,51.154335557910755],[-114.03400881607435,51.154180373527645],[-114.0339974188557,51.15375075145451],[-114.03406389719083,51.15354824020731]]]]}},{"type":"Feature","properties":{"DGUID":"2021S051248061624","DAUID":"48061624","LANDAREA":0.2493,"PRUID":"48","fed_num":"48011","da_code":"48061624","geo_name":"48061624","name_source":{"label":"Statistics Canada Census Profile 2021 DA WDS","url":"https://www12.statcan.gc.ca/wds-sdw/2021profile-profil2021-eng.cfm"},"population":846,"status":"ok","source":{"label":"Statistics Canada Census Profile 2021 DA WDS","url":"https://www12.statcan.gc.ca/wds-sdw/2021profile-profil2021-eng.cfm"},"community_name":"Calgary","community_source":{"label":"Statistics Canada 2021 census subdivision boundaries (spatial lookup)","url":"https://geo.statcan.gc.ca/geo_wa/rest/services/2021/Cartographic_boundary_files/MapServer/9"},"community_display":"Calgary","is_unorganized":false,"panel_title":"Calgary","display_label":"Calgary","map_label":"48061624"},"geometry":{"type":"MultiPolygon","coordinates":[[[[-114.06668952418495,51.1535800562813],[-114.06601490628277,51.15361705818754],[-114.06496400740761,51.15395043724301],[-114.06382050168271,51.154164657535425],[-114.0632876001236,51.15422313989584],[-114.06101081914153,51.154264949043394],[-114.060882324435,51.15426162703028],[-114.06032421301613,51.154265623387985],[-114.05611968613691,51.154258722874886],[-114.05600541546329,51.15425583191752],[-114.05526121265333,51.15426411152635],[-114.05297069579278,51.154296322454215],[-114.05259829155308,51.15430492761457],[-114.05239782181499,51.154308829647704],[-114.05131018705178,51.154317321653195],[-114.0480773061359,51.154325727577714],[-114.04803221441125,51.15413570258423],[-114.04799428867615,51.152938426142214],[-114.04816620362429,51.15293370726206],[-114.04953931258297,51.15293242000382],[-114.04953560177636,51.15388581790829],[-114.04965898306378,51.153969917995816],[-114.05286340060115,51.153960832129286],[-114.05429301589373,51.15396981079237],[-114.05437919294268,51.15396312720594],[-114.0544854148134,51.15386683562683],[-114.0544410131049,51.15366783555207],[-114.05423369429086,51.15332971936593],[-114.05356671834024,51.15257531340122],[-114.05316691989628,51.15211553208644],[-114.05312869483,51.15204261326921],[-114.05303728852724,51.1516805225274],[-114.05303802382385,51.1512217274451],[-114.05391008959423,51.151225737769465],[-114.0542939068525,51.15126243371546],[-114.0546314902169,51.151351926156615],[-114.05578120650468,51.151713641087326],[-114.05645629403999,51.151892526774844],[-114.05730900027795,51.151977040106686],[-114.05769570312907,51.15196872182046],[-114.0585763979109,51.151838048465336],[-114.05889630916589,51.151756125998205],[-114.05987871792405,51.151376041569115],[-114.06068289273855,51.151998942967175],[-114.06101699078879,51.152142237509764],[-114.06135399763568,51.15224074172695],[-114.06172359424195,51.152276949434906],[-114.06256891727375,51.15225324273411],[-114.06298931318769,51.152164838430444],[-114.06358330643492,51.1520448591168],[-114.06440289756303,51.151750651023775],[-114.06499982132576,51.15226035731438],[-114.06593950720774,51.153003555390455],[-114.06630733274594,51.15329165933127],[-114.06647132929274,51.153412642713405],[-114.06668952418495,51.1535800562813]]]]}},{"type":"Feature","properties":{"DGUID":"2021S051248061625","DAUID":"48061625","LANDAREA":0.1324,"PRUID":"48","fed_num":"48011","da_code":"48061625","geo_name":"48061625","name_source":{"label":"Statistics Canada Census Profile 2021 DA WDS","url":"https://www12.statcan.gc.ca/wds-sdw/2021profile-profil2021-eng.cfm"},"population":630,"status":"ok","source":{"label":"Statistics Canada Census Profile 2021 DA WDS","url":"https://www12.statcan.gc.ca/wds-sdw/2021profile-profil2021-eng.cfm"},"community_name":"Calgary","community_source":{"label":"Statistics Canada 2021 census subdivision boundaries (spatial lookup)","url":"https://geo.statcan.gc.ca/geo_wa/rest/services/2021/Cartographic_boundary_files/MapServer/9"},"community_display":"Calgary","is_unorganized":false,"panel_title":"Calgary","display_label":"Calgary","map_label":"48061625"},"geometry":{"type":"MultiPolygon","coordinates":[[[[-114.06047892266386,51.14710963889377],[-114.06050800725347,51.14687655629352],[-114.0630791108249,51.14692317508055],[-114.063575434696,51.14698966239929],[-114.06333222473066,51.14744224544351],[-114.06309519317473,51.1482458538719],[-114.06308330170818,51.14933396528604],[-114.06341120635284,51.15047545595876],[-114.06357692030761,51.15079444071906],[-114.06412071744093,51.15146473509349],[-114.06440289756303,51.151750651023775],[-114.06358330643492,51.1520448591168],[-114.06298931318769,51.152164838430444],[-114.06256891727375,51.15225324273411],[-114.06172359424195,51.152276949434906],[-114.06135399763568,51.15224074172695],[-114.06101699078879,51.152142237509764],[-114.06068289273855,51.151998942967175],[-114.05987871792405,51.151376041569115],[-114.06035669805337,51.15083045207803],[-114.06037669299344,51.15074093458998],[-114.06035563117774,51.15017374244714],[-114.05994891296855,51.14892225128303],[-114.05994151698312,51.14836444305964],[-114.0600129029286,51.14814134664318],[-114.06004951184234,51.148016354625],[-114.06047892266386,51.14710963889377]]]]}},{"type":"Feature","properties":{"DGUID":"2021S051248061627","DAUID":"48061627","LANDAREA":0.0728,"PRUID":"48","fed_num":"48011","da_code":"48061627","geo_name":"48061627","name_source":{"label":"Statistics Canada Census Profile 2021 DA WDS","url":"https://www12.statcan.gc.ca/wds-sdw/2021profile-profil2021-eng.cfm"},"population":351,"status":"ok","source":{"label":"Statistics Canada Census Profile 2021 DA WDS","url":"https://www12.statcan.gc.ca/wds-sdw/2021profile-profil2021-eng.cfm"},"community_name":"Calgary","community_source":{"label":"Statistics Canada 2021 census subdivision boundaries (spatial lookup)","url":"https://geo.statcan.gc.ca/geo_wa/rest/services/2021/Cartographic_boundary_files/MapServer/9"},"community_display":"Calgary","is_unorganized":false,"panel_title":"Calgary","display_label":"Calgary","map_label":"48061627"},"geometry":{"type":"MultiPolygon","coordinates":[[[[-114.05578120650468,51.151713641087326],[-114.0546314902169,51.151351926156615],[-114.05522498775645,51.15056633543509],[-114.05528548864545,51.15051382640075],[-114.05535130815319,51.15015573270851],[-114.05532051994093,51.149741217089165],[-114.05536680707075,51.149013820552156],[-114.05547020981469,51.148962430946625],[-114.05661180374138,51.149000126067335],[-114.05745250009667,51.14972293727859],[-114.0576570078692,51.15010583798784],[-114.0576946161068,51.15041262276972],[-114.05755071308079,51.15110163526359],[-114.05818690512886,51.15099172607977],[-114.05855190027032,51.150874948301926],[-114.05894032586427,51.15061492939745],[-114.05913051868893,51.15032284097516],[-114.06035563117774,51.15017374244714],[-114.06037669299344,51.15074093458998],[-114.06035669805337,51.15083045207803],[-114.05987871792405,51.151376041569115],[-114.05889630916589,51.151756125998205],[-114.0585763979109,51.151838048465336],[-114.05769570312907,51.15196872182046],[-114.05730900027795,51.151977040106686],[-114.05645629403999,51.151892526774844],[-114.05578120650468,51.151713641087326]]]]}},{"type":"Feature","properties":{"DGUID":"2021S051248061628","DAUID":"48061628","LANDAREA":0.2121,"PRUID":"48","fed_num":"48011","da_code":"48061628","geo_name":"48061628","name_source":{"label":"Statistics Canada Census Profile 2021 DA WDS","url":"https://www12.statcan.gc.ca/wds-sdw/2021profile-profil2021-eng.cfm"},"population":1076,"status":"ok","source":{"label":"Statistics Canada Census Profile 2021 DA WDS","url":"https://www12.statcan.gc.ca/wds-sdw/2021profile-profil2021-eng.cfm"},"community_name":"Calgary","community_source":{"label":"Statistics Canada 2021 census subdivision boundaries (spatial lookup)","url":"https://geo.statcan.gc.ca/geo_wa/rest/services/2021/Cartographic_boundary_files/MapServer/9"},"community_display":"Calgary","is_unorganized":false,"panel_title":"Calgary","display_label":"Calgary","map_label":"48061628"},"geometry":{"type":"MultiPolygon","coordinates":[[[[-114.1272007049408,51.14831905815855],[-114.12682612899431,51.14836385554228],[-114.12608510002406,51.14855245309885],[-114.12596131991224,51.148243644255516],[-114.12596222116966,51.14730825802268],[-114.12591012829324,51.147225957436845],[-114.12479528901184,51.14721653768871],[-114.12467879022006,51.14724964489651],[-114.12467151352972,51.14851775612574],[-114.12336978734916,51.14852165147611],[-114.12337611559018,51.14727154019958],[-114.12327949988277,51.1472152471772],[-114.12173349764075,51.14724015502976],[-114.12138360079992,51.147348454791505],[-114.12101039133583,51.14760005718086],[-114.12080801064575,51.14786493844674],[-114.12067449127392,51.148401357082],[-114.1206523955212,51.14852674855804],[-114.12008400110511,51.14846774336796],[-114.11954931395857,51.14832864851445],[-114.11895659743489,51.14797223170667],[-114.11870990145039,51.14757035386929],[-114.11867401285953,51.146768953961235],[-114.1188888107758,51.14676523126993],[-114.11992239918558,51.1467007514653],[-114.12034260324934,51.146612248477545],[-114.12079591050966,51.146452445364],[-114.12134200733561,51.14617805092295],[-114.12153380064117,51.14608385794952],[-114.12266561871428,51.14559004322995],[-114.12376109287449,51.145221236970706],[-114.12412529766877,51.145113248095285],[-114.12559951470199,51.14486175150557],[-114.12622713653037,51.14488615378931],[-114.12677891456583,51.144980645848435],[-114.12884972520675,51.14571515251483],[-114.12909893472614,51.1458472533574],[-114.12938374096655,51.146097072718916],[-114.1295652493865,51.146398356319416],[-114.12960145418394,51.14696585798418],[-114.12961752752966,51.148549368777594],[-114.12959864102612,51.14885475720549],[-114.12951604800143,51.14903256721264],[-114.129515221849,51.149275478061725],[-114.1295074354333,51.14940117511126],[-114.12916751317432,51.14934786771497],[-114.12840873298796,51.1491312752457],[-114.12783873993705,51.14909926163407],[-114.12736522308983,51.149123652283265],[-114.1272007049408,51.14831905815855]]]]}},{"type":"Feature","properties":{"DGUID":"2021S051248061629","DAUID":"48061629","LANDAREA":0.1404,"PRUID":"48","fed_num":"48011","da_code":"48061629","geo_name":"48061629","name_source":{"label":"Statistics Canada Census Profile 2021 DA WDS","url":"https://www12.statcan.gc.ca/wds-sdw/2021profile-profil2021-eng.cfm"},"population":463,"status":"ok","source":{"label":"Statistics Canada Census Profile 2021 DA WDS","url":"https://www12.statcan.gc.ca/wds-sdw/2021profile-profil2021-eng.cfm"},"community_name":"Calgary","community_source":{"label":"Statistics Canada 2021 census subdivision boundaries (spatial lookup)","url":"https://geo.statcan.gc.ca/geo_wa/rest/services/2021/Cartographic_boundary_files/MapServer/9"},"community_display":"Calgary","is_unorganized":false,"panel_title":"Calgary","display_label":"Calgary","map_label":"48061629"},"geometry":{"type":"MultiPolygon","coordinates":[[[[-114.12559951470199,51.14486175150557],[-114.12655534143917,51.14454574697883],[-114.12712573991608,51.144753860554836],[-114.1330555605988,51.14671407321015],[-114.13339887859719,51.146831583775246],[-114.13417436230895,51.14709709324706],[-114.13502058999484,51.14743290112208],[-114.13574236691213,51.14778061684465],[-114.13581036481749,51.14781330347071],[-114.13593616171212,51.14788201097627],[-114.135880680697,51.14792250056011],[-114.13425955715013,51.14910410123383],[-114.133757836368,51.14935259588888],[-114.13298545863591,51.149585478765665],[-114.13229285629136,51.14968538374323],[-114.13154864577461,51.149694190627564],[-114.12962113914827,51.149412984090894],[-114.1295074354333,51.14940117511126],[-114.129515221849,51.149275478061725],[-114.12951604800143,51.14903256721264],[-114.12959864102612,51.14885475720549],[-114.12961752752966,51.148549368777594],[-114.12960145418394,51.14696585798418],[-114.1295652493865,51.146398356319416],[-114.12938374096655,51.146097072718916],[-114.12909893472614,51.1458472533574],[-114.12884972520675,51.14571515251483],[-114.12677891456583,51.144980645848435],[-114.12622713653037,51.14488615378931],[-114.12559951470199,51.14486175150557]]]]}},{"type":"Feature","properties":{"DGUID":"2021S051248061637","DAUID":"48061637","LANDAREA":0.1305,"PRUID":"48","fed_num":"48011","da_code":"48061637","geo_name":"48061637","name_source":{"label":"Statistics Canada Census Profile 2021 DA WDS","url":"https://www12.statcan.gc.ca/wds-sdw/2021profile-profil2021-eng.cfm"},"population":537,"status":"ok","source":{"label":"Statistics Canada Census Profile 2021 DA WDS","url":"https://www12.statcan.gc.ca/wds-sdw/2021profile-profil2021-eng.cfm"},"community_name":"Calgary","community_source":{"label":"Statistics Canada 2021 census subdivision boundaries (spatial lookup)","url":"https://geo.statcan.gc.ca/geo_wa/rest/services/2021/Cartographic_boundary_files/MapServer/9"},"community_display":"Calgary","is_unorganized":false,"panel_title":"Calgary","display_label":"Calgary","map_label":"48061637"},"geometry":{"type":"MultiPolygon","coordinates":[[[[-114.07495465112167,51.13326122973834],[-114.07479077341793,51.13314022541909],[-114.07463365344503,51.1329114367126],[-114.07544034799382,51.1328146235316],[-114.07643556621916,51.13290251277789],[-114.07646225229352,51.132480429051505],[-114.07875054905611,51.13246571833129],[-114.08048095663897,51.13245491964237],[-114.08048706646801,51.13439800741339],[-114.08032046115378,51.13477161971704],[-114.07981202887586,51.135352512484374],[-114.0788681448037,51.13648932749129],[-114.07778594769907,51.136192414794735],[-114.07673414187637,51.13586922451134],[-114.07574737153386,51.13542180851495],[-114.07491128507243,51.1348522292405],[-114.07581194906693,51.13394831651746],[-114.07605787151884,51.133675624770405],[-114.07495465112167,51.13326122973834]]]]}},{"type":"Feature","properties":{"DGUID":"2021S051248061671","DAUID":"48061671","LANDAREA":0.4886,"PRUID":"48","fed_num":"48011","da_code":"48061671","geo_name":"48061671","name_source":{"label":"Statistics Canada Census Profile 2021 DA WDS","url":"https://www12.statcan.gc.ca/wds-sdw/2021profile-profil2021-eng.cfm"},"population":1232,"status":"ok","source":{"label":"Statistics Canada Census Profile 2021 DA WDS","url":"https://www12.statcan.gc.ca/wds-sdw/2021profile-profil2021-eng.cfm"},"community_name":"Calgary","community_source":{"label":"Statistics Canada 2021 census subdivision boundaries (spatial lookup)","url":"https://geo.statcan.gc.ca/geo_wa/rest/services/2021/Cartographic_boundary_files/MapServer/9"},"community_display":"Calgary","is_unorganized":false,"panel_title":"Calgary","display_label":"Calgary","map_label":"48061671"},"geometry":{"type":"MultiPolygon","coordinates":[[[[-114.05755071308079,51.15110163526359],[-114.0576946161068,51.15041262276972],[-114.0576570078692,51.15010583798784],[-114.05745250009667,51.14972293727859],[-114.05661180374138,51.149000126067335],[-114.05547020981469,51.148962430946625],[-114.05536680707075,51.149013820552156],[-114.05532051994093,51.149741217089165],[-114.05535130815319,51.15015573270851],[-114.05528548864545,51.15051382640075],[-114.05522498775645,51.15056633543509],[-114.0546314902169,51.151351926156615],[-114.0542939068525,51.15126243371546],[-114.05391008959423,51.151225737769465],[-114.05303802382385,51.1512217274451],[-114.05146450668093,51.15122701993007],[-114.04953341279804,51.151232319436026],[-114.04953189647156,51.15035971908239],[-114.05066159421747,51.15036132124636],[-114.05079240653292,51.150328622070504],[-114.05096901054694,51.14980231856952],[-114.05194061072737,51.14891841357227],[-114.05198178232904,51.14872152200275],[-114.05186979797034,51.14868271643555],[-114.05087210950211,51.1484057185264],[-114.05100762089775,51.14807631544177],[-114.05101100459842,51.14779762315207],[-114.05102030475152,51.14697931359123],[-114.05046471988007,51.146947310579215],[-114.05008304071627,51.14683386059929],[-114.05000151251384,51.146809625997115],[-114.04964060134304,51.14663862922345],[-114.04927289468208,51.146350512744625],[-114.05029759664271,51.14575572029141],[-114.05066761523439,51.14600791403777],[-114.0510318894008,51.146125120852695],[-114.05137280302353,51.14616064025592],[-114.05297481882917,51.14615613975422],[-114.05316260031229,51.146124834464295],[-114.05325569366391,51.146010339030006],[-114.05324171478378,51.14443583300231],[-114.05325492632616,51.14355463201742],[-114.0535552989233,51.14355322721743],[-114.0545141175098,51.143541425114435],[-114.05506522980905,51.14342043506746],[-114.05522453973452,51.14338844866649],[-114.05654882574166,51.143250954252665],[-114.05732031311102,51.143261357129994],[-114.0574773979392,51.143265349591495],[-114.0589558062508,51.14340146786062],[-114.05970330348053,51.14356425462096],[-114.06107789917864,51.14398556370953],[-114.06104361160206,51.14407466031078],[-114.06081183147828,51.14479736728242],[-114.06070853413729,51.1455233649686],[-114.060686826422,51.145639741684185],[-114.06050800725347,51.14687655629352],[-114.06047892266386,51.14710963889377],[-114.06004951184234,51.148016354625],[-114.0600129029286,51.14814134664318],[-114.05994151698312,51.14836444305964],[-114.05994891296855,51.14892225128303],[-114.06035563117774,51.15017374244714],[-114.05913051868893,51.15032284097516],[-114.05894032586427,51.15061492939745],[-114.05855190027032,51.150874948301926],[-114.05818690512886,51.15099172607977],[-114.05755071308079,51.15110163526359]]]]}},{"type":"Feature","properties":{"DGUID":"2021S051248061672","DAUID":"48061672","LANDAREA":0.1631,"PRUID":"48","fed_num":"48011","da_code":"48061672","geo_name":"48061672","name_source":{"label":"Statistics Canada Census Profile 2021 DA WDS","url":"https://www12.statcan.gc.ca/wds-sdw/2021profile-profil2021-eng.cfm"},"population":425,"status":"ok","source":{"label":"Statistics Canada Census Profile 2021 DA WDS","url":"https://www12.statcan.gc.ca/wds-sdw/2021profile-profil2021-eng.cfm"},"community_name":"Calgary","community_source":{"label":"Statistics Canada 2021 census subdivision boundaries (spatial lookup)","url":"https://geo.statcan.gc.ca/geo_wa/rest/services/2021/Cartographic_boundary_files/MapServer/9"},"community_display":"Calgary","is_unorganized":false,"panel_title":"Calgary","display_label":"Calgary","map_label":"48061672"},"geometry":{"type":"MultiPolygon","coordinates":[[[[-114.04699580836908,51.1511052110526],[-114.04657551343959,51.15096870501457],[-114.04580112428484,51.15055331536126],[-114.04548078526089,51.15019442091307],[-114.045357023223,51.14998000402525],[-114.04524899639479,51.14979280729931],[-114.04520350299967,51.14938690731849],[-114.04526070413287,51.14893860660143],[-114.04554079210632,51.14836101693928],[-114.04570237108652,51.14819694391197],[-114.04573962211218,51.14815912306621],[-114.04592528923382,51.147939004680616],[-114.04648388192317,51.147476408022875],[-114.04689861560136,51.14725300977821],[-114.04804550875885,51.14698511457934],[-114.04839732124549,51.14685012658297],[-114.04927289468208,51.146350512744625],[-114.04964060134304,51.14663862922345],[-114.05000151251384,51.146809625997115],[-114.05008304071627,51.14683386059929],[-114.05046471988007,51.146947310579215],[-114.05102030475152,51.14697931359123],[-114.05101100459842,51.14779762315207],[-114.05100762089775,51.14807631544177],[-114.05087210950211,51.1484057185264],[-114.05186979797034,51.14868271643555],[-114.05198178232904,51.14872152200275],[-114.05194061072737,51.14891841357227],[-114.05096901054694,51.14980231856952],[-114.05079240653292,51.150328622070504],[-114.05066159421747,51.15036132124636],[-114.04953189647156,51.15035971908239],[-114.04953341279804,51.151232319436026],[-114.0482032159885,51.15123471321041],[-114.04801812432018,51.151221019979786],[-114.04699580836908,51.1511052110526]]]]}},{"type":"Feature","properties":{"DGUID":"2021S051248061762","DAUID":"48061762","LANDAREA":0.3579,"PRUID":"48","fed_num":"48011","da_code":"48061762","geo_name":"48061762","name_source":{"label":"Statistics Canada Census Profile 2021 DA WDS","url":"https://www12.statcan.gc.ca/wds-sdw/2021profile-profil2021-eng.cfm"},"population":777,"status":"ok","source":{"label":"Statistics Canada Census Profile 2021 DA WDS","url":"https://www12.statcan.gc.ca/wds-sdw/2021profile-profil2021-eng.cfm"},"community_name":"Calgary","community_source":{"label":"Statistics Canada 2021 census subdivision boundaries (spatial lookup)","url":"https://geo.statcan.gc.ca/geo_wa/rest/services/2021/Cartographic_boundary_files/MapServer/9"},"community_display":"Calgary","is_unorganized":false,"panel_title":"Calgary","display_label":"Calgary","map_label":"48061762"},"geometry":{"type":"MultiPolygon","coordinates":[[[[-114.10710250337237,51.16250905877383],[-114.10215222877494,51.16161537229282],[-114.09842636521279,51.161597564036825],[-114.09764719853237,51.161407958145006],[-114.09660663555616,51.16143277752751],[-114.09630779209259,51.1613896307186],[-114.09617494408215,51.161282960273034],[-114.09454408156489,51.159316506491265],[-114.09477333963379,51.1593190692811],[-114.09533274343592,51.15934148850512],[-114.09640125535621,51.15963788268855],[-114.09716344170666,51.15980068920179],[-114.09931103832895,51.15999796586931],[-114.0995389191454,51.16001257077996],[-114.09989485640696,51.16003947918496],[-114.10082833968711,51.15998166437233],[-114.10097472858587,51.160281190800255],[-114.10107724045358,51.16043368379972],[-114.1011954363893,51.16056508739826],[-114.1015137448948,51.16092066906035],[-114.10172135491943,51.16113767373589],[-114.10192504755415,51.16135056245529],[-114.10292673591263,51.161113476895125],[-114.10516535117021,51.16107858081959],[-114.10552805372235,51.1609975743591],[-114.10617554969438,51.160707784130246],[-114.10697213362039,51.16032277794259],[-114.1071079387222,51.16020917851442],[-114.10745254199045,51.15973196537605],[-114.10754476427611,51.15940147383879],[-114.10747704853979,51.1591119817269],[-114.10730455033779,51.15882577072549],[-114.10724242737435,51.15874636924772],[-114.1069762245096,51.158538675954425],[-114.10687253676296,51.15848536345682],[-114.10614905621416,51.15816167239299],[-114.10468905281282,51.1577206802595],[-114.10367314130463,51.15749766571591],[-114.10216305178746,51.157172382755824],[-114.10153413678566,51.157165777887954],[-114.10128795560864,51.15721367243805],[-114.10114294077053,51.15724608908045],[-114.10077123305146,51.15678707675057],[-114.10040925582184,51.15640038491048],[-114.10054233694535,51.15633166637347],[-114.10244733348127,51.15565385833312],[-114.10330724422303,51.15534785871363],[-114.10433164033653,51.15497746637366],[-114.10522582862578,51.15463088262706],[-114.10540721532207,51.15447352393965],[-114.10761203301946,51.15422627164366],[-114.10689023960069,51.15589529311702],[-114.10644938395187,51.1569146518381],[-114.1065917324549,51.15689562133708],[-114.10691055020986,51.15689993329566],[-114.10702393600627,51.15691572800079],[-114.10745253659806,51.157173735369796],[-114.1078634448041,51.1571505356842],[-114.10814752027296,51.15723741957318],[-114.108904935224,51.15761152915367],[-114.10935713404113,51.15758034305695],[-114.10967462858312,51.15749003654962],[-114.10990236545051,51.15749313188036],[-114.11051521818258,51.157696120676405],[-114.11149493195856,51.15769492507781],[-114.11163773756678,51.15764812071329],[-114.11220684345126,51.15739501358803],[-114.1124673575978,51.15737273155739],[-114.11260532644879,51.157469119791294],[-114.11259384925559,51.15753771151691],[-114.11237484343263,51.15795033361953],[-114.11244634191463,51.158126026588505],[-114.10710250337237,51.16250905877383]]]]}},{"type":"Feature","properties":{"DGUID":"2021S051248061763","DAUID":"48061763","LANDAREA":0.1551,"PRUID":"48","fed_num":"48011","da_code":"48061763","geo_name":"48061763","name_source":{"label":"Statistics Canada Census Profile 2021 DA WDS","url":"https://www12.statcan.gc.ca/wds-sdw/2021profile-profil2021-eng.cfm"},"population":596,"status":"ok","source":{"label":"Statistics Canada Census Profile 2021 DA WDS","url":"https://www12.statcan.gc.ca/wds-sdw/2021profile-profil2021-eng.cfm"},"community_name":"Calgary","community_source":{"label":"Statistics Canada 2021 census subdivision boundaries (spatial lookup)","url":"https://geo.statcan.gc.ca/geo_wa/rest/services/2021/Cartographic_boundary_files/MapServer/9"},"community_display":"Calgary","is_unorganized":false,"panel_title":"Calgary","display_label":"Calgary","map_label":"48061763"},"geometry":{"type":"MultiPolygon","coordinates":[[[[-114.10516535117021,51.16107858081959],[-114.10292673591263,51.161113476895125],[-114.10192504755415,51.16135056245529],[-114.10172135491943,51.16113767373589],[-114.1015137448948,51.16092066906035],[-114.1011954363893,51.16056508739826],[-114.10107724045358,51.16043368379972],[-114.10097472858587,51.160281190800255],[-114.10082833968711,51.15998166437233],[-114.10086324497922,51.159424864395376],[-114.10125906045718,51.15885338266298],[-114.10155524043412,51.158425572952964],[-114.10163883986421,51.158004865194506],[-114.10114294077053,51.15724608908045],[-114.10128795560864,51.15721367243805],[-114.10153413678566,51.157165777887954],[-114.10216305178746,51.157172382755824],[-114.10367314130463,51.15749766571591],[-114.10468905281282,51.1577206802595],[-114.10614905621416,51.15816167239299],[-114.10687253676296,51.15848536345682],[-114.1069762245096,51.158538675954425],[-114.10724242737435,51.15874636924772],[-114.10730455033779,51.15882577072549],[-114.10747704853979,51.1591119817269],[-114.10754476427611,51.15940147383879],[-114.10745254199045,51.15973196537605],[-114.1071079387222,51.16020917851442],[-114.10697213362039,51.16032277794259],[-114.10617554969438,51.160707784130246],[-114.10552805372235,51.1609975743591],[-114.10516535117021,51.16107858081959]]]]}},{"type":"Feature","properties":{"DGUID":"2021S051248061764","DAUID":"48061764","LANDAREA":0.2975,"PRUID":"48","fed_num":"48011","da_code":"48061764","geo_name":"48061764","name_source":{"label":"Statistics Canada Census Profile 2021 DA WDS","url":"https://www12.statcan.gc.ca/wds-sdw/2021profile-profil2021-eng.cfm"},"population":763,"status":"ok","source":{"label":"Statistics Canada Census Profile 2021 DA WDS","url":"https://www12.statcan.gc.ca/wds-sdw/2021profile-profil2021-eng.cfm"},"community_name":"Calgary","community_source":{"label":"Statistics Canada 2021 census subdivision boundaries (spatial lookup)","url":"https://geo.statcan.gc.ca/geo_wa/rest/services/2021/Cartographic_boundary_files/MapServer/9"},"community_display":"Calgary","is_unorganized":false,"panel_title":"Calgary","display_label":"Calgary","map_label":"48061764"},"geometry":{"type":"MultiPolygon","coordinates":[[[[-114.09456579545761,51.15633161300756],[-114.0946530255055,51.154197861361865],[-114.09996517153719,51.15466541923329],[-114.10114466939696,51.15460916864781],[-114.10128187544214,51.15459617213416],[-114.1013993464229,51.15458502744634],[-114.10527710827132,51.15447715699255],[-114.10540721532207,51.15447352393965],[-114.10522582862578,51.15463088262706],[-114.10433164033653,51.15497746637366],[-114.10330724422303,51.15534785871363],[-114.10244733348127,51.15565385833312],[-114.10054233694535,51.15633166637347],[-114.10040925582184,51.15640038491048],[-114.10077123305146,51.15678707675057],[-114.10114294077053,51.15724608908045],[-114.10163883986421,51.158004865194506],[-114.10155524043412,51.158425572952964],[-114.10125906045718,51.15885338266298],[-114.10086324497922,51.159424864395376],[-114.10082833968711,51.15998166437233],[-114.09989485640696,51.16003947918496],[-114.0995389191454,51.16001257077996],[-114.09931103832895,51.15999796586931],[-114.09716344170666,51.15980068920179],[-114.09640125535621,51.15963788268855],[-114.09533274343592,51.15934148850512],[-114.09477333963379,51.1593190692811],[-114.09454408156489,51.159316506491265],[-114.09456579545761,51.15633161300756]]]]}},{"type":"Feature","properties":{"DGUID":"2021S051248061765","DAUID":"48061765","LANDAREA":0.313,"PRUID":"48","fed_num":"48011","da_code":"48061765","geo_name":"48061765","name_source":{"label":"Statistics Canada Census Profile 2021 DA WDS","url":"https://www12.statcan.gc.ca/wds-sdw/2021profile-profil2021-eng.cfm"},"population":441,"status":"ok","source":{"label":"Statistics Canada Census Profile 2021 DA WDS","url":"https://www12.statcan.gc.ca/wds-sdw/2021profile-profil2021-eng.cfm"},"community_name":"Calgary","community_source":{"label":"Statistics Canada 2021 census subdivision boundaries (spatial lookup)","url":"https://geo.statcan.gc.ca/geo_wa/rest/services/2021/Cartographic_boundary_files/MapServer/9"},"community_display":"Calgary","is_unorganized":false,"panel_title":"Calgary","display_label":"Calgary","map_label":"48061765"},"geometry":{"type":"MultiPolygon","coordinates":[[[[-114.09845280830639,51.152648231953414],[-114.0977182474332,51.15241194558894],[-114.0976068395101,51.15233883002245],[-114.09767761736039,51.15226814164133],[-114.09793181738392,51.152294530394165],[-114.09837741291638,51.152188749763276],[-114.09858583502502,51.152091328637276],[-114.09865133594484,51.152040637286795],[-114.09865754308314,51.151991940060924],[-114.09825971153383,51.151765937132915],[-114.09802183453819,51.15152773067528],[-114.09759263443995,51.151421730908766],[-114.09733714107516,51.15130073341612],[-114.09721913816794,51.151153040487266],[-114.09713881797556,51.150836734051595],[-114.09722990817326,51.150439647604635],[-114.09707780354987,51.1502227465486],[-114.09689960131519,51.15010563135414],[-114.09665683066669,51.15001072748026],[-114.0965104260499,51.14989692975725],[-114.09632722884,51.14952484130272],[-114.09621584601118,51.14945174936222],[-114.09599240243666,51.14945723710882],[-114.09585181617707,51.14957004131828],[-114.09585941315126,51.14961595869531],[-114.09552952056168,51.149803449324885],[-114.09559142105857,51.1499905569448],[-114.09574643633252,51.150121638360275],[-114.09575302859089,51.150196133602826],[-114.09565142211713,51.15023493299845],[-114.09541290006415,51.15014863964314],[-114.09501120190897,51.14963883656248],[-114.09479791076797,51.14948125045213],[-114.09467303522251,51.14955389473162],[-114.09458223626288,51.14605687705175],[-114.09732311759352,51.14883117495754],[-114.09750000876744,51.14874558245287],[-114.09785120496764,51.14861936977704],[-114.09835192203839,51.14838898641073],[-114.09952422991238,51.14748257705453],[-114.10024521717952,51.147158673780936],[-114.10089121287767,51.147804383865164],[-114.1017827212811,51.1484110760884],[-114.10255020806393,51.148942867422775],[-114.10265991590123,51.14901757859331],[-114.1040877017609,51.15019527639635],[-114.10443232057389,51.15040166914285],[-114.10367792457582,51.15103057837354],[-114.1028806161875,51.150516057576795],[-114.10278399668924,51.150459777696526],[-114.10265440921147,51.15047455895384],[-114.10139431888935,51.1516395767467],[-114.10145342986172,51.15168790067741],[-114.10145171239068,51.15168939642458],[-114.10142248422845,51.15188095514081],[-114.10109464459772,51.15189779553041],[-114.10215931148664,51.15244106818297],[-114.1033049460251,51.152874279230794],[-114.10522583064797,51.15348847854561],[-114.10587153678449,51.15368438042629],[-114.10599780795546,51.15372347477003],[-114.10681142950293,51.153977460008505],[-114.10761203301946,51.15422627164366],[-114.10540721532207,51.15447352393965],[-114.10527710827132,51.15447715699255],[-114.1013993464229,51.15458502744634],[-114.10128187544214,51.15459617213416],[-114.10128072260349,51.154563349129816],[-114.10095074532748,51.154352534892375],[-114.10096124035755,51.15431252353171],[-114.10084751939648,51.154173543939244],[-114.10061944351135,51.15404722585611],[-114.10025832666395,51.15407953985454],[-114.10003133243048,51.15392462460189],[-114.09947352711389,51.153312545725974],[-114.09921041408911,51.15314563434546],[-114.09903023309613,51.153085832511124],[-114.09874352456981,51.15280972501018],[-114.09845280830639,51.152648231953414]]]]}},{"type":"Feature","properties":{"DGUID":"2021S051248061766","DAUID":"48061766","LANDAREA":0.0839,"PRUID":"48","fed_num":"48011","da_code":"48061766","geo_name":"48061766","name_source":{"label":"Statistics Canada Census Profile 2021 DA WDS","url":"https://www12.statcan.gc.ca/wds-sdw/2021profile-profil2021-eng.cfm"},"population":434,"status":"ok","source":{"label":"Statistics Canada Census Profile 2021 DA WDS","url":"https://www12.statcan.gc.ca/wds-sdw/2021profile-profil2021-eng.cfm"},"community_name":"Calgary","community_source":{"label":"Statistics Canada 2021 census subdivision boundaries (spatial lookup)","url":"https://geo.statcan.gc.ca/geo_wa/rest/services/2021/Cartographic_boundary_files/MapServer/9"},"community_display":"Calgary","is_unorganized":false,"panel_title":"Calgary","display_label":"Calgary","map_label":"48061766"},"geometry":{"type":"MultiPolygon","coordinates":[[[[-114.10215931148664,51.15244106818297],[-114.10109464459772,51.15189779553041],[-114.10142248422845,51.15188095514081],[-114.10145171239068,51.15168939642458],[-114.10145342986172,51.15168790067741],[-114.10139431888935,51.1516395767467],[-114.10265440921147,51.15047455895384],[-114.10278399668924,51.150459777696526],[-114.1028806161875,51.150516057576795],[-114.10367792457582,51.15103057837354],[-114.10443232057389,51.15040166914285],[-114.10452891768008,51.15045798062478],[-114.10507342284698,51.15066936601227],[-114.1055880462021,51.150782801717135],[-114.10631479690355,51.150942967887275],[-114.10647021047176,51.150973860953215],[-114.10618593714636,51.151632375683576],[-114.1061925261658,51.15198337105606],[-114.10628762425443,51.1522915612346],[-114.10639162381653,51.152914761127064],[-114.10622192194816,51.15334227591584],[-114.10606224549363,51.15360816686663],[-114.10599780795546,51.15372347477003],[-114.10587153678449,51.15368438042629],[-114.10522583064797,51.15348847854561],[-114.1033049460251,51.152874279230794],[-114.10215931148664,51.15244106818297]]]]}},{"type":"Feature","properties":{"DGUID":"2021S051248061767","DAUID":"48061767","LANDAREA":0.2666,"PRUID":"48","fed_num":"48011","da_code":"48061767","geo_name":"48061767","name_source":{"label":"Statistics Canada Census Profile 2021 DA WDS","url":"https://www12.statcan.gc.ca/wds-sdw/2021profile-profil2021-eng.cfm"},"population":1067,"status":"ok","source":{"label":"Statistics Canada Census Profile 2021 DA WDS","url":"https://www12.statcan.gc.ca/wds-sdw/2021profile-profil2021-eng.cfm"},"community_name":"Calgary","community_source":{"label":"Statistics Canada 2021 census subdivision boundaries (spatial lookup)","url":"https://geo.statcan.gc.ca/geo_wa/rest/services/2021/Cartographic_boundary_files/MapServer/9"},"community_display":"Calgary","is_unorganized":false,"panel_title":"Calgary","display_label":"Calgary","map_label":"48061767"},"geometry":{"type":"MultiPolygon","coordinates":[[[[-114.0971659274859,51.144500792783035],[-114.09757528259651,51.144123554403315],[-114.09960202772291,51.14499918383281],[-114.10326385410517,51.14658103163369],[-114.10647598989729,51.147958580832295],[-114.1116080930563,51.15068272646527],[-114.11195820460408,51.15117330125418],[-114.11405422046491,51.151395825088585],[-114.11307061313457,51.15154174050233],[-114.11144920301193,51.151627645804375],[-114.11041939803185,51.15162915426819],[-114.1092958212376,51.15152944856597],[-114.10836011781717,51.15139835195516],[-114.10647021047176,51.150973860953215],[-114.10631479690355,51.150942967887275],[-114.1055880462021,51.150782801717135],[-114.10507342284698,51.15066936601227],[-114.10452891768008,51.15045798062478],[-114.10443232057389,51.15040166914285],[-114.1040877017609,51.15019527639635],[-114.10265991590123,51.14901757859331],[-114.10255020806393,51.148942867422775],[-114.1017827212811,51.1484110760884],[-114.10089121287767,51.147804383865164],[-114.10024521717952,51.147158673780936],[-114.09970680644213,51.14662367445687],[-114.09935020326348,51.14638099349185],[-114.09900340171626,51.14621039145982],[-114.09838530004295,51.14603317303276],[-114.09830020935077,51.14602207498402],[-114.09749711846749,51.14583117557076],[-114.09711253753659,51.145578790653104],[-114.09692902456734,51.14531339580566],[-114.0969032944196,51.14526777938425],[-114.09688022701218,51.14495237929213],[-114.0971659274859,51.144500792783035]]]]}},{"type":"Feature","properties":{"DGUID":"2021S051248061768","DAUID":"48061768","LANDAREA":0.3226,"PRUID":"48","fed_num":"48011","da_code":"48061768","geo_name":"48061768","name_source":{"label":"Statistics Canada Census Profile 2021 DA WDS","url":"https://www12.statcan.gc.ca/wds-sdw/2021profile-profil2021-eng.cfm"},"population":567,"status":"ok","source":{"label":"Statistics Canada Census Profile 2021 DA WDS","url":"https://www12.statcan.gc.ca/wds-sdw/2021profile-profil2021-eng.cfm"},"community_name":"Calgary","community_source":{"label":"Statistics Canada 2021 census subdivision boundaries (spatial lookup)","url":"https://geo.statcan.gc.ca/geo_wa/rest/services/2021/Cartographic_boundary_files/MapServer/9"},"community_display":"Calgary","is_unorganized":false,"panel_title":"Calgary","display_label":"Calgary","map_label":"48061768"},"geometry":{"type":"MultiPolygon","coordinates":[[[[-114.10647598989729,51.147958580832295],[-114.10326385410517,51.14658103163369],[-114.09960202772291,51.14499918383281],[-114.09757528259651,51.144123554403315],[-114.09810689526404,51.14363368177251],[-114.09845051131518,51.1433993882306],[-114.09874330408142,51.14328969387877],[-114.09965071490942,51.143186290305955],[-114.09992309802064,51.14317507397004],[-114.10111030575241,51.143168469334555],[-114.10163241727557,51.14328037358913],[-114.10185628292315,51.14335788383141],[-114.1021471137473,51.14350907549362],[-114.10264660425092,51.14398016825353],[-114.10326228660942,51.1446520895851],[-114.10412581251981,51.145249075477146],[-114.10516989443816,51.14593157324926],[-114.10567731221872,51.14627696056257],[-114.10592759994007,51.14639108287581],[-114.10601888115298,51.146303367287665],[-114.10643358451041,51.14584597556754],[-114.10743400397944,51.144026783883575],[-114.10780336203975,51.143379274901775],[-114.10802956523969,51.14342089173901],[-114.10775879239961,51.14386387784504],[-114.10877994020828,51.14442558730478],[-114.10953797308336,51.144828488853534],[-114.11001593488778,51.14636447826966],[-114.11068011141529,51.14722826192026],[-114.11067562432298,51.14730006854007],[-114.1120496601655,51.14907869037612],[-114.11228963775113,51.15010798971647],[-114.11383590180503,51.15072852354775],[-114.11505736817952,51.15092008419286],[-114.1157768161807,51.15103293349853],[-114.11571426483516,51.15136639092501],[-114.11577255616929,51.15165396635455],[-114.11585326917539,51.15205247438866],[-114.11613418489267,51.15333394149088],[-114.11647856130439,51.154174734376724],[-114.11405422046491,51.151395825088585],[-114.11195820460408,51.15117330125418],[-114.1116080930563,51.15068272646527],[-114.10647598989729,51.147958580832295]]]]}},{"type":"Feature","properties":{"DGUID":"2021S051248061769","DAUID":"48061769","LANDAREA":0.2591,"PRUID":"48","fed_num":"48011","da_code":"48061769","geo_name":"48061769","name_source":{"label":"Statistics Canada Census Profile 2021 DA WDS","url":"https://www12.statcan.gc.ca/wds-sdw/2021profile-profil2021-eng.cfm"},"population":807,"status":"ok","source":{"label":"Statistics Canada Census Profile 2021 DA WDS","url":"https://www12.statcan.gc.ca/wds-sdw/2021profile-profil2021-eng.cfm"},"community_name":"Calgary","community_source":{"label":"Statistics Canada 2021 census subdivision boundaries (spatial lookup)","url":"https://geo.statcan.gc.ca/geo_wa/rest/services/2021/Cartographic_boundary_files/MapServer/9"},"community_display":"Calgary","is_unorganized":false,"panel_title":"Calgary","display_label":"Calgary","map_label":"48061769"},"geometry":{"type":"MultiPolygon","coordinates":[[[[-114.09396190802032,51.14445499468815],[-114.09399874951544,51.144314706732736],[-114.09406461143035,51.14417839989393],[-114.09415563829478,51.14404720575557],[-114.0942705243136,51.143923103925964],[-114.09440764859073,51.14380919305645],[-114.09456382885685,51.14370799311078],[-114.09473484335857,51.14361970043763],[-114.09491912582946,51.143545693283066],[-114.09543701916641,51.14338950483889],[-114.09545354041006,51.143306903184026],[-114.09790400604918,51.14276510346091],[-114.09898072439525,51.1426148682576],[-114.09949080131322,51.14254369623094],[-114.1011393897698,51.14247669219962],[-114.10211019375991,51.14250068665718],[-114.10371560507865,51.142666469782135],[-114.10464940129157,51.142824470390416],[-114.10583740255338,51.14303377871592],[-114.10780336203975,51.143379274901775],[-114.10743400397944,51.144026783883575],[-114.10643358451041,51.14584597556754],[-114.10601888115298,51.146303367287665],[-114.10592759994007,51.14639108287581],[-114.10567731221872,51.14627696056257],[-114.10516989443816,51.14593157324926],[-114.10412581251981,51.145249075477146],[-114.10326228660942,51.1446520895851],[-114.10264660425092,51.14398016825353],[-114.1021471137473,51.14350907549362],[-114.10185628292315,51.14335788383141],[-114.10163241727557,51.14328037358913],[-114.10111030575241,51.143168469334555],[-114.09992309802064,51.14317507397004],[-114.09965071490942,51.143186290305955],[-114.09874330408142,51.14328969387877],[-114.09845051131518,51.1433993882306],[-114.09810689526404,51.14363368177251],[-114.09757528259651,51.144123554403315],[-114.0971659274859,51.144500792783035],[-114.09688022701218,51.14495237929213],[-114.0969032944196,51.14526777938425],[-114.09692902456734,51.14531339580566],[-114.09711253753659,51.145578790653104],[-114.09749711846749,51.14583117557076],[-114.09830020935077,51.14602207498402],[-114.09838530004295,51.14603317303276],[-114.09900340171626,51.14621039145982],[-114.09935020326348,51.14638099349185],[-114.09970680644213,51.14662367445687],[-114.10024521717952,51.147158673780936],[-114.09952422991238,51.14748257705453],[-114.09835192203839,51.14838898641073],[-114.09785120496764,51.14861936977704],[-114.09750000876744,51.14874558245287],[-114.09732311759352,51.14883117495754],[-114.09458223626288,51.14605687705175],[-114.09456132639967,51.14577850555391],[-114.09449171455914,51.14561140686243],[-114.09417054090379,51.14516528341757],[-114.09408171112021,51.145019587563056],[-114.09401703126869,51.14487838350397],[-114.09397363198602,51.144738003953854],[-114.0939545380705,51.14459679136219],[-114.09396190802032,51.14445499468815]]]]}},{"type":"Feature","properties":{"DGUID":"2021S051248061776","DAUID":"48061776","LANDAREA":0.1642,"PRUID":"48","fed_num":"48011","da_code":"48061776","geo_name":"48061776","name_source":{"label":"Statistics Canada Census Profile 2021 DA WDS","url":"https://www12.statcan.gc.ca/wds-sdw/2021profile-profil2021-eng.cfm"},"population":719,"status":"ok","source":{"label":"Statistics Canada Census Profile 2021 DA WDS","url":"https://www12.statcan.gc.ca/wds-sdw/2021profile-profil2021-eng.cfm"},"community_name":"Calgary","community_source":{"label":"Statistics Canada 2021 census subdivision boundaries (spatial lookup)","url":"https://geo.statcan.gc.ca/geo_wa/rest/services/2021/Cartographic_boundary_files/MapServer/9"},"community_display":"Calgary","is_unorganized":false,"panel_title":"Calgary","display_label":"Calgary","map_label":"48061776"},"geometry":{"type":"MultiPolygon","coordinates":[[[[-114.06839951527348,51.14668797966831],[-114.07084293209502,51.14603527840449],[-114.07150035139892,51.14950041768709],[-114.07153446490899,51.14968013056559],[-114.0710525255238,51.149956666676246],[-114.07072568567013,51.150187391972466],[-114.07015422373006,51.15059076566758],[-114.06918800660232,51.151394067981734],[-114.06908239920467,51.15148137361613],[-114.0689024060081,51.1513868634823],[-114.0672105151237,51.150552846819735],[-114.06662733113231,51.15027746621636],[-114.06631489393746,51.15001776251373],[-114.06591099497965,51.14962086605115],[-114.06558941503812,51.14905507275801],[-114.06560360371704,51.14838075702053],[-114.06604333226663,51.14776226727463],[-114.06631450220554,51.14754416619289],[-114.06724140679079,51.147135670556835],[-114.06826762258673,51.146738692356216],[-114.06839951527348,51.14668797966831]]]]}},{"type":"Feature","properties":{"DGUID":"2021S051248061777","DAUID":"48061777","LANDAREA":0.3196,"PRUID":"48","fed_num":"48011","da_code":"48061777","geo_name":"48061777","name_source":{"label":"Statistics Canada Census Profile 2021 DA WDS","url":"https://www12.statcan.gc.ca/wds-sdw/2021profile-profil2021-eng.cfm"},"population":1311,"status":"ok","source":{"label":"Statistics Canada Census Profile 2021 DA WDS","url":"https://www12.statcan.gc.ca/wds-sdw/2021profile-profil2021-eng.cfm"},"community_name":"Calgary","community_source":{"label":"Statistics Canada 2021 census subdivision boundaries (spatial lookup)","url":"https://geo.statcan.gc.ca/geo_wa/rest/services/2021/Cartographic_boundary_files/MapServer/9"},"community_display":"Calgary","is_unorganized":false,"panel_title":"Calgary","display_label":"Calgary","map_label":"48061777"},"geometry":{"type":"MultiPolygon","coordinates":[[[[-114.06874991791105,51.14251432232031],[-114.06897483241112,51.14234901952499],[-114.0691304858896,51.14241779991095],[-114.06924254476762,51.14246731006917],[-114.06933644116093,51.142511007770175],[-114.06965561115335,51.14266290825262],[-114.07198862540743,51.14375579709894],[-114.07084293209502,51.14603527840449],[-114.06839951527348,51.14668797966831],[-114.06826762258673,51.146738692356216],[-114.06724140679079,51.147135670556835],[-114.06631450220554,51.14754416619289],[-114.06604333226663,51.14776226727463],[-114.06560360371704,51.14838075702053],[-114.06558941503812,51.14905507275801],[-114.06591099497965,51.14962086605115],[-114.06631489393746,51.15001776251373],[-114.06662733113231,51.15027746621636],[-114.0672105151237,51.150552846819735],[-114.0689024060081,51.1513868634823],[-114.06908239920467,51.15148137361613],[-114.06859921241102,51.15188295323567],[-114.0680173545889,51.1523379079805],[-114.06709441958922,51.153059544127885],[-114.0668122945475,51.15322335611767],[-114.06653072625762,51.15337814279639],[-114.06647132929274,51.153412642713405],[-114.06630733274594,51.15329165933127],[-114.06593950720774,51.153003555390455],[-114.06499982132576,51.15226035731438],[-114.06440289756303,51.151750651023775],[-114.06412071744093,51.15146473509349],[-114.06357692030761,51.15079444071906],[-114.06341120635284,51.15047545595876],[-114.06308330170818,51.14933396528604],[-114.06309519317473,51.1482458538719],[-114.06333222473066,51.14744224544351],[-114.063575434696,51.14698966239929],[-114.0638141063857,51.14660887486096],[-114.06394321301663,51.14637826268342],[-114.06473801274954,51.14557068560999],[-114.06614691961259,51.14449740132263],[-114.06874991791105,51.14251432232031]]]]}},{"type":"Feature","properties":{"DGUID":"2021S051248061778","DAUID":"48061778","LANDAREA":0.061,"PRUID":"48","fed_num":"48011","da_code":"48061778","geo_name":"48061778","name_source":{"label":"Statistics Canada Census Profile 2021 DA WDS","url":"https://www12.statcan.gc.ca/wds-sdw/2021profile-profil2021-eng.cfm"},"population":356,"status":"ok","source":{"label":"Statistics Canada Census Profile 2021 DA WDS","url":"https://www12.statcan.gc.ca/wds-sdw/2021profile-profil2021-eng.cfm"},"community_name":"Calgary","community_source":{"label":"Statistics Canada 2021 census subdivision boundaries (spatial lookup)","url":"https://geo.statcan.gc.ca/geo_wa/rest/services/2021/Cartographic_boundary_files/MapServer/9"},"community_display":"Calgary","is_unorganized":false,"panel_title":"Calgary","display_label":"Calgary","map_label":"48061778"},"geometry":{"type":"MultiPolygon","coordinates":[[[[-114.07286902991112,51.1470158888989],[-114.0718470390824,51.145767095304386],[-114.07084293209502,51.14603527840449],[-114.07198862540743,51.14375579709894],[-114.07230792084626,51.14390772100936],[-114.07262951933494,51.14424862116589],[-114.07287773419195,51.14552299977725],[-114.07416384239146,51.14553719357468],[-114.07528324334265,51.145700194591576],[-114.0753957358267,51.145729991143774],[-114.07603893625352,51.14596201323995],[-114.07631363283197,51.146139709401155],[-114.07572264009009,51.14643979812549],[-114.07425503473313,51.146807796281024],[-114.07501372234105,51.14747440272188],[-114.07394923250138,51.14779858321125],[-114.07382071877878,51.147795286530126],[-114.07286902991112,51.1470158888989]]]]}},{"type":"Feature","properties":{"DGUID":"2021S051248061779","DAUID":"48061779","LANDAREA":0.1248,"PRUID":"48","fed_num":"48011","da_code":"48061779","geo_name":"48061779","name_source":{"label":"Statistics Canada Census Profile 2021 DA WDS","url":"https://www12.statcan.gc.ca/wds-sdw/2021profile-profil2021-eng.cfm"},"population":335,"status":"ok","source":{"label":"Statistics Canada Census Profile 2021 DA WDS","url":"https://www12.statcan.gc.ca/wds-sdw/2021profile-profil2021-eng.cfm"},"community_name":"Calgary","community_source":{"label":"Statistics Canada 2021 census subdivision boundaries (spatial lookup)","url":"https://geo.statcan.gc.ca/geo_wa/rest/services/2021/Cartographic_boundary_files/MapServer/9"},"community_display":"Calgary","is_unorganized":false,"panel_title":"Calgary","display_label":"Calgary","map_label":"48061779"},"geometry":{"type":"MultiPolygon","coordinates":[[[[-114.07150035139892,51.14950041768709],[-114.07084293209502,51.14603527840449],[-114.0718470390824,51.145767095304386],[-114.07286902991112,51.1470158888989],[-114.07382071877878,51.147795286530126],[-114.07394923250138,51.14779858321125],[-114.07501372234105,51.14747440272188],[-114.07425503473313,51.146807796281024],[-114.07572264009009,51.14643979812549],[-114.07631363283197,51.146139709401155],[-114.07603893625352,51.14596201323995],[-114.0753957358267,51.145729991143774],[-114.07528324334265,51.145700194591576],[-114.07537575069429,51.14559461287815],[-114.07592254505256,51.14486169884706],[-114.0760213227596,51.144882102199766],[-114.07670732273978,51.145115223163444],[-114.07744142887857,51.14435999907077],[-114.07758822326528,51.1443007060637],[-114.07778522491445,51.14435061563747],[-114.07790975248581,51.1444167112092],[-114.07926894626192,51.14576389413368],[-114.07933292313596,51.14588242233568],[-114.0792712357503,51.14595279937733],[-114.07897835391711,51.14606241255465],[-114.07826345668454,51.14628741233347],[-114.07773864344666,51.146445209888256],[-114.07702434197303,51.14666119208473],[-114.0768929394874,51.14670290957527],[-114.07722961477718,51.1474849111905],[-114.07729251044475,51.14762139979419],[-114.07542161514579,51.14803328963983],[-114.0742093367097,51.14843469643356],[-114.07378553008648,51.14857699260738],[-114.07359424002499,51.14866219176115],[-114.07294671592942,51.148951782504845],[-114.0722991051342,51.149241386958884],[-114.07153446490899,51.14968013056559],[-114.07150035139892,51.14950041768709]]]]}},{"type":"Feature","properties":{"DGUID":"2021S051248061780","DAUID":"48061780","LANDAREA":1.1505,"PRUID":"48","fed_num":"48011","da_code":"48061780","geo_name":"48061780","name_source":{"label":"Statistics Canada Census Profile 2021 DA WDS","url":"https://www12.statcan.gc.ca/wds-sdw/2021profile-profil2021-eng.cfm"},"population":981,"status":"ok","source":{"label":"Statistics Canada Census Profile 2021 DA WDS","url":"https://www12.statcan.gc.ca/wds-sdw/2021profile-profil2021-eng.cfm"},"community_name":"Calgary","community_source":{"label":"Statistics Canada 2021 census subdivision boundaries (spatial lookup)","url":"https://geo.statcan.gc.ca/geo_wa/rest/services/2021/Cartographic_boundary_files/MapServer/9"},"community_display":"Calgary","is_unorganized":false,"panel_title":"Calgary","display_label":"Calgary","map_label":"48061780"},"geometry":{"type":"MultiPolygon","coordinates":[[[[-114.07722961477718,51.1474849111905],[-114.0768929394874,51.14670290957527],[-114.07702434197303,51.14666119208473],[-114.07773864344666,51.146445209888256],[-114.07826345668454,51.14628741233347],[-114.07897835391711,51.14606241255465],[-114.0792712357503,51.14595279937733],[-114.07933292313596,51.14588242233568],[-114.07926894626192,51.14576389413368],[-114.07790975248581,51.1444167112092],[-114.07778522491445,51.14435061563747],[-114.07758822326528,51.1443007060637],[-114.07744142887857,51.14435999907077],[-114.07670732273978,51.145115223163444],[-114.0760213227596,51.144882102199766],[-114.07592254505256,51.14486169884706],[-114.07537575069429,51.14559461287815],[-114.07528324334265,51.145700194591576],[-114.07416384239146,51.14553719357468],[-114.07287773419195,51.14552299977725],[-114.07262951933494,51.14424862116589],[-114.07230792084626,51.14390772100936],[-114.07198862540743,51.14375579709894],[-114.06965561115335,51.14266290825262],[-114.06933644116093,51.142511007770175],[-114.06924254476762,51.14246731006917],[-114.0691304858896,51.14241779991095],[-114.06897483241112,51.14234901952499],[-114.06911021788412,51.14224450969304],[-114.06956013042765,51.14191390889006],[-114.07014934539983,51.1414497175132],[-114.07029135241538,51.14131261908062],[-114.07063682079377,51.140942517355825],[-114.07097194199137,51.14039321472079],[-114.07114233368054,51.13986312149744],[-114.07124522347652,51.139562031063925],[-114.07126229054306,51.139496562820234],[-114.07129374783528,51.13937590711935],[-114.07123664641841,51.13711680601573],[-114.07124621878549,51.13586711894163],[-114.07125265620189,51.13553562071617],[-114.07125971856163,51.135442421907975],[-114.07138031837596,51.13439501396595],[-114.07161733738815,51.134490815790095],[-114.07171363008023,51.134529523473624],[-114.07368787384844,51.13543322252688],[-114.0750161561466,51.13613213523398],[-114.0754867973562,51.13634411895723],[-114.07603094798516,51.13658922888383],[-114.07710854703933,51.136958030011336],[-114.07890503798687,51.137488625001026],[-114.07988563329725,51.13780991626955],[-114.08138476292848,51.13829710821677],[-114.08156635786555,51.13836460925547],[-114.0842482646053,51.139367009493604],[-114.08684085078178,51.14037956456988],[-114.08813563673515,51.14088521049533],[-114.0889783425016,51.14127102655677],[-114.0896789591688,51.141697503601506],[-114.0904506533174,51.14218490134509],[-114.09089745563931,51.14251991364273],[-114.091022427168,51.142624157080206],[-114.09151415731462,51.14303429564683],[-114.09210752755065,51.14360589643447],[-114.09234972707318,51.143836295478884],[-114.09247536552407,51.14395581274524],[-114.09228905915178,51.14399639468674],[-114.09220413180347,51.14401489649511],[-114.08909425236102,51.14470780094091],[-114.08845624426132,51.14485739608631],[-114.0878653360123,51.14499591776021],[-114.08525615271397,51.14560751584632],[-114.08388062922181,51.14610391434102],[-114.08251993732782,51.14659170910183],[-114.07748043807793,51.1475900953263],[-114.07729251044475,51.14762139979419],[-114.07722961477718,51.1474849111905]]]]}},{"type":"Feature","properties":{"DGUID":"2021S051248061785","DAUID":"48061785","LANDAREA":0.0762,"PRUID":"48","fed_num":"48011","da_code":"48061785","geo_name":"48061785","name_source":{"label":"Statistics Canada Census Profile 2021 DA WDS","url":"https://www12.statcan.gc.ca/wds-sdw/2021profile-profil2021-eng.cfm"},"population":352,"status":"ok","source":{"label":"Statistics Canada Census Profile 2021 DA WDS","url":"https://www12.statcan.gc.ca/wds-sdw/2021profile-profil2021-eng.cfm"},"community_name":"Calgary","community_source":{"label":"Statistics Canada 2021 census subdivision boundaries (spatial lookup)","url":"https://geo.statcan.gc.ca/geo_wa/rest/services/2021/Cartographic_boundary_files/MapServer/9"},"community_display":"Calgary","is_unorganized":false,"panel_title":"Calgary","display_label":"Calgary","map_label":"48061785"},"geometry":{"type":"MultiPolygon","coordinates":[[[[-114.1422420481193,51.141195338988595],[-114.14180983335844,51.141247750792324],[-114.14127163669538,51.141396538506555],[-114.14087233820658,51.14161164319293],[-114.14069058037757,51.14162466245156],[-114.1406855333023,51.1416250229243],[-114.13989900473692,51.141165019847556],[-114.13965589815629,51.14093421995305],[-114.1393312041133,51.14040451468305],[-114.13910812473598,51.1398504192954],[-114.13914391930264,51.139734319835014],[-114.13936362125406,51.13964981459708],[-114.14020052138241,51.13952631186035],[-114.14328063660709,51.139196932295235],[-114.14372485931528,51.139180850817255],[-114.14456766168121,51.13919243028084],[-114.14482303563807,51.139225639780875],[-114.14493273237562,51.13930034596497],[-114.14477681965987,51.140204943810346],[-114.14465434258855,51.14033686359939],[-114.14418084657916,51.140595161950436],[-114.14407645025354,51.140664535725726],[-114.14363022289942,51.14117536390907],[-114.1422420481193,51.141195338988595]]]]}},{"type":"Feature","properties":{"DGUID":"2021S051248061786","DAUID":"48061786","LANDAREA":0.0679,"PRUID":"48","fed_num":"48011","da_code":"48061786","geo_name":"48061786","name_source":{"label":"Statistics Canada Census Profile 2021 DA WDS","url":"https://www12.statcan.gc.ca/wds-sdw/2021profile-profil2021-eng.cfm"},"population":253,"status":"ok","source":{"label":"Statistics Canada Census Profile 2021 DA WDS","url":"https://www12.statcan.gc.ca/wds-sdw/2021profile-profil2021-eng.cfm"},"community_name":"Calgary","community_source":{"label":"Statistics Canada 2021 census subdivision boundaries (spatial lookup)","url":"https://geo.statcan.gc.ca/geo_wa/rest/services/2021/Cartographic_boundary_files/MapServer/9"},"community_display":"Calgary","is_unorganized":false,"panel_title":"Calgary","display_label":"Calgary","map_label":"48061786"},"geometry":{"type":"MultiPolygon","coordinates":[[[[-114.14414311664208,51.14467785955715],[-114.14407413490804,51.14440624948829],[-114.14495732118134,51.144229954133806],[-114.14542644757586,51.14404356354246],[-114.1465294499936,51.14447527114626],[-114.14664142298041,51.14451396509123],[-114.14738984291183,51.14466716012458],[-114.1484716463646,51.144747561879846],[-114.14839185688433,51.145114377056146],[-114.14794483196107,51.14610186386724],[-114.14777863083094,51.146709484006124],[-114.14768684208352,51.146806164986224],[-114.1476149320603,51.146813376317844],[-114.14662742445744,51.14682525664429],[-114.14624471751698,51.14677098243645],[-114.14503134431934,51.14627357123888],[-114.14483582789508,51.14619686493563],[-114.14390300267515,51.14578725735056],[-114.14388062288884,51.1456877704662],[-114.14404461805724,51.14511616960929],[-114.14414311664208,51.14467785955715]]]]}},{"type":"Feature","properties":{"DGUID":"2021S051248061789","DAUID":"48061789","LANDAREA":0.3679,"PRUID":"48","fed_num":"48011","da_code":"48061789","geo_name":"48061789","name_source":{"label":"Statistics Canada Census Profile 2021 DA WDS","url":"https://www12.statcan.gc.ca/wds-sdw/2021profile-profil2021-eng.cfm"},"population":342,"status":"ok","source":{"label":"Statistics Canada Census Profile 2021 DA WDS","url":"https://www12.statcan.gc.ca/wds-sdw/2021profile-profil2021-eng.cfm"},"community_name":"Calgary","community_source":{"label":"Statistics Canada 2021 census subdivision boundaries (spatial lookup)","url":"https://geo.statcan.gc.ca/geo_wa/rest/services/2021/Cartographic_boundary_files/MapServer/9"},"community_display":"Calgary","is_unorganized":false,"panel_title":"Calgary","display_label":"Calgary","map_label":"48061789"},"geometry":{"type":"MultiPolygon","coordinates":[[[[-114.16357024039922,51.15457434990179],[-114.16348210003058,51.152869999974094],[-114.16346353546315,51.15251065037548],[-114.16347986136094,51.152219755092496],[-114.1634321595193,51.1519093275942],[-114.16339598006833,51.151673664894496],[-114.16328792956371,51.15097045203015],[-114.16353456768412,51.15019702921188],[-114.1635943088114,51.14736821840317],[-114.16382339377718,51.144541875702295],[-114.16387283823583,51.14307425026411],[-114.16390747144975,51.14253999873327],[-114.16499819117473,51.14089911042579],[-114.1648696246695,51.14011118817706],[-114.16500995833745,51.13949518974669],[-114.16469111621805,51.138387218112776],[-114.16562392324207,51.13949822003868],[-114.16575616852003,51.1396837465345],[-114.1668567131702,51.14122756342174],[-114.16708543349073,51.14154842429225],[-114.16756142560597,51.14241442691378],[-114.16779523394581,51.143031730984895],[-114.16788607893659,51.143388282787456],[-114.16803732890683,51.14398203181929],[-114.16811471255147,51.14458663009198],[-114.16812180513969,51.1447037243139],[-114.1681317975108,51.14521441669647],[-114.1681262117255,51.14552552513779],[-114.16807728250652,51.14583081314436],[-114.1678398854958,51.146857916435785],[-114.16773846232056,51.14729681766039],[-114.16759786793733,51.14787453498534],[-114.16752436321688,51.14811225046206],[-114.16744126893965,51.14838102658212],[-114.16726045218617,51.14888272589287],[-114.16705436665453,51.149380012105986],[-114.16691027651892,51.14967102995463],[-114.16668115148325,51.15010330931937],[-114.16605155679375,51.151061621403365],[-114.16574994555711,51.15150092219558],[-114.16556380343903,51.15177187094133],[-114.16542803208425,51.151969528664544],[-114.1653331427447,51.15209875127273],[-114.16504403317504,51.15249242778727],[-114.16457982352492,51.153124523669284],[-114.16467282499966,51.1531469286381],[-114.16479091070603,51.15318511660602],[-114.16484482242662,51.15320262081541],[-114.16495433556581,51.15322222058171],[-114.16509712704534,51.15323582076931],[-114.16526003885205,51.15324950635276],[-114.16539320972919,51.15324211334853],[-114.16557002867214,51.15322032767654],[-114.16575372891435,51.15318392331568],[-114.16593433024046,51.15313503009021],[-114.16618193203085,51.15306141217502],[-114.16616787826054,51.153432375583755],[-114.1656374080256,51.15420577709099],[-114.16515283169912,51.15486504924159],[-114.16417729838273,51.154873230360266],[-114.16379367508024,51.1546843603415],[-114.16357024039922,51.15457434990179]]]]}},{"type":"Feature","properties":{"DGUID":"2021S051248062119","DAUID":"48062119","LANDAREA":0.1123,"PRUID":"48","fed_num":"48011","da_code":"48062119","geo_name":"48062119","name_source":{"label":"Statistics Canada Census Profile 2021 DA WDS","url":"https://www12.statcan.gc.ca/wds-sdw/2021profile-profil2021-eng.cfm"},"population":917,"status":"ok","source":{"label":"Statistics Canada Census Profile 2021 DA WDS","url":"https://www12.statcan.gc.ca/wds-sdw/2021profile-profil2021-eng.cfm"},"community_name":"Calgary","community_source":{"label":"Statistics Canada 2021 census subdivision boundaries (spatial lookup)","url":"https://geo.statcan.gc.ca/geo_wa/rest/services/2021/Cartographic_boundary_files/MapServer/9"},"community_display":"Calgary","is_unorganized":false,"panel_title":"Calgary","display_label":"Calgary","map_label":"48062119"},"geometry":{"type":"MultiPolygon","coordinates":[[[[-114.05695396885477,51.10969248476969],[-114.0569648643153,51.10884727742792],[-114.05777964710325,51.10884077877666],[-114.05895007771979,51.10886127748477],[-114.05956515769824,51.108849769974185],[-114.0596388567816,51.10881568003618],[-114.05971528182097,51.10873657268215],[-114.0597192625805,51.107999183456336],[-114.05972098464788,51.10797218635953],[-114.05976548042936,51.107271675537525],[-114.05989788427996,51.10721207808096],[-114.0605836699512,51.10721138098502],[-114.06246957290105,51.10721377915006],[-114.0624730635909,51.10805937708067],[-114.06242251763031,51.10885621630861],[-114.06234087190462,51.11014286728258],[-114.06235977287153,51.11052117447865],[-114.06236434470196,51.110674184434714],[-114.06180736146003,51.11066917493297],[-114.06003545267028,51.110669592756985],[-114.05747787596269,51.1106681819272],[-114.0569921481245,51.110664867725895],[-114.0568204398358,51.11066956785924],[-114.05681647799722,51.11050758289625],[-114.05682667855505,51.11034588018425],[-114.05695396885477,51.10969248476969]]]]}},{"type":"Feature","properties":{"DGUID":"2021S051248062120","DAUID":"48062120","LANDAREA":0.1664,"PRUID":"48","fed_num":"48011","da_code":"48062120","geo_name":"48062120","name_source":{"label":"Statistics Canada Census Profile 2021 DA WDS","url":"https://www12.statcan.gc.ca/wds-sdw/2021profile-profil2021-eng.cfm"},"population":652,"status":"ok","source":{"label":"Statistics Canada Census Profile 2021 DA WDS","url":"https://www12.statcan.gc.ca/wds-sdw/2021profile-profil2021-eng.cfm"},"community_name":"Calgary","community_source":{"label":"Statistics Canada 2021 census subdivision boundaries (spatial lookup)","url":"https://geo.statcan.gc.ca/geo_wa/rest/services/2021/Cartographic_boundary_files/MapServer/9"},"community_display":"Calgary","is_unorganized":false,"panel_title":"Calgary","display_label":"Calgary","map_label":"48062120"},"geometry":{"type":"MultiPolygon","coordinates":[[[[-114.0569648643153,51.10884727742792],[-114.05697808725074,51.106841780862794],[-114.05692557498874,51.1063186782132],[-114.05670476864499,51.10574648824557],[-114.05803537113802,51.10549217167371],[-114.05845310228834,51.10543968600759],[-114.05995429166038,51.105423586982226],[-114.05991709712455,51.10263417173517],[-114.06247490401454,51.10262659110399],[-114.0624812926491,51.104551679936286],[-114.06248199027033,51.105442165983234],[-114.06247466904892,51.106233477101156],[-114.06247748183644,51.10641349084814],[-114.06246957290105,51.10721377915006],[-114.0605836699512,51.10721138098502],[-114.05989788427996,51.10721207808096],[-114.05976548042936,51.107271675537525],[-114.05972098464788,51.10797218635953],[-114.0597192625805,51.107999183456336],[-114.05971528182097,51.10873657268215],[-114.0596388567816,51.10881568003618],[-114.05956515769824,51.108849769974185],[-114.05895007771979,51.10886127748477],[-114.05777964710325,51.10884077877666],[-114.0569648643153,51.10884727742792]]]]}},{"type":"Feature","properties":{"DGUID":"2021S051248062121","DAUID":"48062121","LANDAREA":0.0776,"PRUID":"48","fed_num":"48011","da_code":"48062121","geo_name":"48062121","name_source":{"label":"Statistics Canada Census Profile 2021 DA WDS","url":"https://www12.statcan.gc.ca/wds-sdw/2021profile-profil2021-eng.cfm"},"population":220,"status":"ok","source":{"label":"Statistics Canada Census Profile 2021 DA WDS","url":"https://www12.statcan.gc.ca/wds-sdw/2021profile-profil2021-eng.cfm"},"community_name":"Calgary","community_source":{"label":"Statistics Canada 2021 census subdivision boundaries (spatial lookup)","url":"https://geo.statcan.gc.ca/geo_wa/rest/services/2021/Cartographic_boundary_files/MapServer/9"},"community_display":"Calgary","is_unorganized":false,"panel_title":"Calgary","display_label":"Calgary","map_label":"48062121"},"geometry":{"type":"MultiPolygon","coordinates":[[[[-114.0535520540155,51.10724106984207],[-114.05380328897898,51.10598818033861],[-114.05438466984894,51.10605678055923],[-114.0550265819824,51.106072964459486],[-114.05537125678244,51.10604567608788],[-114.05670476864499,51.10574648824557],[-114.05692557498874,51.1063186782132],[-114.05697808725074,51.106841780862794],[-114.0569648643153,51.10884727742792],[-114.05503557434061,51.10885257149053],[-114.05312275826017,51.10882236075939],[-114.05333116624281,51.10801806697315],[-114.0535520540155,51.10724106984207]]]]}},{"type":"Feature","properties":{"DGUID":"2021S051248062122","DAUID":"48062122","LANDAREA":0.2895,"PRUID":"48","fed_num":"48011","da_code":"48062122","geo_name":"48062122","name_source":{"label":"Statistics Canada Census Profile 2021 DA WDS","url":"https://www12.statcan.gc.ca/wds-sdw/2021profile-profil2021-eng.cfm"},"population":585,"status":"ok","source":{"label":"Statistics Canada Census Profile 2021 DA WDS","url":"https://www12.statcan.gc.ca/wds-sdw/2021profile-profil2021-eng.cfm"},"community_name":"Calgary","community_source":{"label":"Statistics Canada 2021 census subdivision boundaries (spatial lookup)","url":"https://geo.statcan.gc.ca/geo_wa/rest/services/2021/Cartographic_boundary_files/MapServer/9"},"community_display":"Calgary","is_unorganized":false,"panel_title":"Calgary","display_label":"Calgary","map_label":"48062122"},"geometry":{"type":"MultiPolygon","coordinates":[[[[-114.04957568024996,51.10703123254381],[-114.04991618481019,51.106282422125055],[-114.05027506820254,51.10578613272857],[-114.0506375581637,51.105573421158134],[-114.05144970181064,51.105387136922346],[-114.05259979469407,51.104907520891494],[-114.05307416583175,51.104616225736805],[-114.0533001801117,51.10440164676537],[-114.05347649392473,51.10417773827511],[-114.05351850372232,51.104017928770176],[-114.05350350871585,51.103281425066555],[-114.0533218083199,51.102757434642356],[-114.05361418293081,51.102223588903975],[-114.05375448992814,51.102487986335746],[-114.05385027604093,51.102610570789764],[-114.05439101030913,51.10314707967743],[-114.05471418852035,51.103372385603066],[-114.05491000379452,51.10358777959386],[-114.0550372778659,51.10382277922246],[-114.05503688059791,51.10412297863657],[-114.05563777388488,51.10455026946423],[-114.0561929995359,51.105031968836805],[-114.05651308921982,51.10539088327825],[-114.05670476864499,51.10574648824557],[-114.05537125678244,51.10604567608788],[-114.0550265819824,51.106072964459486],[-114.05438466984894,51.10605678055923],[-114.05380328897898,51.10598818033861],[-114.0535520540155,51.10724106984207],[-114.05333116624281,51.10801806697315],[-114.05312275826017,51.10882236075939],[-114.05503557434061,51.10885257149053],[-114.0569648643153,51.10884727742792],[-114.05695396885477,51.10969248476969],[-114.05682667855505,51.11034588018425],[-114.05681647799722,51.11050758289625],[-114.0568204398358,51.11066956785924],[-114.05606314269745,51.110668478409735],[-114.05280525527482,51.11066726375078],[-114.05206233500456,51.11066657076072],[-114.04992866486782,51.1106630713538],[-114.04934184622128,51.110666777767946],[-114.0492472330502,51.11066747739515],[-114.04899104308669,51.11069017895573],[-114.0485472645405,51.11068909163247],[-114.04850172918088,51.11055375774501],[-114.04845547067208,51.11041641402049],[-114.0484341290723,51.11035303329725],[-114.04841703345369,51.1095505402919],[-114.04834687161659,51.10934613496937],[-114.0483155348226,51.108944625865796],[-114.04836355609187,51.10848973319086],[-114.04842357003828,51.1083358319301],[-114.04849975826204,51.108234624860415],[-114.04862413847577,51.10806932257472],[-114.04925585977728,51.10745364229146],[-114.04949681373888,51.10713536745703],[-114.04957568024996,51.10703123254381]]]]}},{"type":"Feature","properties":{"DGUID":"2021S051248062123","DAUID":"48062123","LANDAREA":0.3068,"PRUID":"48","fed_num":"48011","da_code":"48062123","geo_name":"48062123","name_source":{"label":"Statistics Canada Census Profile 2021 DA WDS","url":"https://www12.statcan.gc.ca/wds-sdw/2021profile-profil2021-eng.cfm"},"population":1225,"status":"ok","source":{"label":"Statistics Canada Census Profile 2021 DA WDS","url":"https://www12.statcan.gc.ca/wds-sdw/2021profile-profil2021-eng.cfm"},"community_name":"Calgary","community_source":{"label":"Statistics Canada 2021 census subdivision boundaries (spatial lookup)","url":"https://geo.statcan.gc.ca/geo_wa/rest/services/2021/Cartographic_boundary_files/MapServer/9"},"community_display":"Calgary","is_unorganized":false,"panel_title":"Calgary","display_label":"Calgary","map_label":"48062123"},"geometry":{"type":"MultiPolygon","coordinates":[[[[-114.05216674389179,51.09822313438702],[-114.05205621268806,51.09787493251607],[-114.05202876462124,51.09749256138384],[-114.05198901611976,51.096940020862036],[-114.0519776434285,51.09611971469392],[-114.0521256451929,51.096118757592386],[-114.05256284924134,51.0961170569256],[-114.05304544312217,51.096119664719616],[-114.05388803988586,51.09612296040855],[-114.05388685679017,51.09636577810709],[-114.05392961510906,51.09681657210277],[-114.05387254239983,51.09748976343491],[-114.05471571863511,51.09748408669438],[-114.0547847501161,51.096622276206624],[-114.05486005042503,51.09656116405117],[-114.05623152670357,51.09655977184101],[-114.05761375523305,51.0968374714333],[-114.05778263087744,51.09665286771071],[-114.05822995117552,51.09658317647863],[-114.05822301721356,51.09691576945946],[-114.05756131780076,51.09811346672133],[-114.0569440325242,51.0995100779884],[-114.05690630755944,51.10032767118577],[-114.05623990845203,51.10227176806042],[-114.05621639007339,51.10263996695986],[-114.05748710640941,51.10265396960447],[-114.05860189516372,51.102646085996916],[-114.05970249181499,51.102637777422785],[-114.05991709712455,51.10263417173517],[-114.05995429166038,51.105423586982226],[-114.05845310228834,51.10543968600759],[-114.05803537113802,51.10549217167371],[-114.05670476864499,51.10574648824557],[-114.05651308921982,51.10539088327825],[-114.0561929995359,51.105031968836805],[-114.05563777388488,51.10455026946423],[-114.05503688059791,51.10412297863657],[-114.0550372778659,51.10382277922246],[-114.05491000379452,51.10358777959386],[-114.05471418852035,51.103372385603066],[-114.05439101030913,51.10314707967743],[-114.05385027604093,51.102610570789764],[-114.05375448992814,51.102487986335746],[-114.05361418293081,51.102223588903975],[-114.05357079804118,51.10200658620418],[-114.05350868604248,51.10163616462998],[-114.053510879347,51.10161308166853],[-114.0531839214987,51.1012485331346],[-114.05302779456741,51.10089964073246],[-114.05274059115668,51.100528937493436],[-114.05274239124834,51.10034843163733],[-114.05285422579318,51.100146640572945],[-114.05315922367198,51.099755523933126],[-114.05319379386232,51.099674386184745],[-114.05327822445877,51.099476418252586],[-114.05320140143613,51.09907423180366],[-114.0530530351726,51.09889451720874],[-114.05232153209795,51.09847743521069],[-114.05216674389179,51.09822313438702]]]]}},{"type":"Feature","properties":{"DGUID":"2021S051248062124","DAUID":"48062124","LANDAREA":0.0798,"PRUID":"48","fed_num":"48011","da_code":"48062124","geo_name":"48062124","name_source":{"label":"Statistics Canada Census Profile 2021 DA WDS","url":"https://www12.statcan.gc.ca/wds-sdw/2021profile-profil2021-eng.cfm"},"population":243,"status":"ok","source":{"label":"Statistics Canada Census Profile 2021 DA WDS","url":"https://www12.statcan.gc.ca/wds-sdw/2021profile-profil2021-eng.cfm"},"community_name":"Calgary","community_source":{"label":"Statistics Canada 2021 census subdivision boundaries (spatial lookup)","url":"https://geo.statcan.gc.ca/geo_wa/rest/services/2021/Cartographic_boundary_files/MapServer/9"},"community_display":"Calgary","is_unorganized":false,"panel_title":"Calgary","display_label":"Calgary","map_label":"48062124"},"geometry":{"type":"MultiPolygon","coordinates":[[[[-114.0569440325242,51.0995100779884],[-114.05756131780076,51.09811346672133],[-114.05855112515505,51.09827327537628],[-114.05864074000179,51.09843747383241],[-114.05811642851515,51.099719479571505],[-114.05888942917943,51.09991887357145],[-114.05941429456011,51.10042677266172],[-114.05971681437278,51.101738668705316],[-114.05970249181499,51.102637777422785],[-114.05860189516372,51.102646085996916],[-114.05748710640941,51.10265396960447],[-114.05621639007339,51.10263996695986],[-114.05623990845203,51.10227176806042],[-114.05690630755944,51.10032767118577],[-114.0569440325242,51.0995100779884]]]]}},{"type":"Feature","properties":{"DGUID":"2021S051248062125","DAUID":"48062125","LANDAREA":0.2116,"PRUID":"48","fed_num":"48011","da_code":"48062125","geo_name":"48062125","name_source":{"label":"Statistics Canada Census Profile 2021 DA WDS","url":"https://www12.statcan.gc.ca/wds-sdw/2021profile-profil2021-eng.cfm"},"population":406,"status":"ok","source":{"label":"Statistics Canada Census Profile 2021 DA WDS","url":"https://www12.statcan.gc.ca/wds-sdw/2021profile-profil2021-eng.cfm"},"community_name":"Calgary","community_source":{"label":"Statistics Canada 2021 census subdivision boundaries (spatial lookup)","url":"https://geo.statcan.gc.ca/geo_wa/rest/services/2021/Cartographic_boundary_files/MapServer/9"},"community_display":"Calgary","is_unorganized":false,"panel_title":"Calgary","display_label":"Calgary","map_label":"48062125"},"geometry":{"type":"MultiPolygon","coordinates":[[[[-114.05822995117552,51.09658317647863],[-114.05778263087744,51.09665286771071],[-114.05761375523305,51.0968374714333],[-114.05623152670357,51.09655977184101],[-114.05486005042503,51.09656116405117],[-114.0547847501161,51.096622276206624],[-114.05471571863511,51.09748408669438],[-114.05387254239983,51.09748976343491],[-114.05392961510906,51.09681657210277],[-114.05388685679017,51.09636577810709],[-114.05388803988586,51.09612296040855],[-114.05407404338534,51.096118667318606],[-114.05455943237628,51.096121866959265],[-114.05541503484777,51.096124649735415],[-114.05824414954152,51.09613378437532],[-114.0609293463696,51.096138385139554],[-114.06110746746685,51.096137922497455],[-114.06254385808869,51.09613407163251],[-114.06250685810915,51.09739238319075],[-114.06250802388097,51.097599288685466],[-114.06248471927739,51.098417264370546],[-114.06246033663706,51.09970287623013],[-114.06247749567902,51.10055787998333],[-114.06247490401454,51.10262659110399],[-114.05991709712455,51.10263417173517],[-114.05970249181499,51.102637777422785],[-114.05971681437278,51.101738668705316],[-114.05941429456011,51.10042677266172],[-114.05888942917943,51.09991887357145],[-114.05811642851515,51.099719479571505],[-114.05864074000179,51.09843747383241],[-114.05855112515505,51.09827327537628],[-114.05756131780076,51.09811346672133],[-114.05822301721356,51.09691576945946],[-114.05822995117552,51.09658317647863]]]]}},{"type":"Feature","properties":{"DGUID":"2021S051248062184","DAUID":"48062184","LANDAREA":0.1906,"PRUID":"48","fed_num":"48011","da_code":"48062184","geo_name":"48062184","name_source":{"label":"Statistics Canada Census Profile 2021 DA WDS","url":"https://www12.statcan.gc.ca/wds-sdw/2021profile-profil2021-eng.cfm"},"population":564,"status":"ok","source":{"label":"Statistics Canada Census Profile 2021 DA WDS","url":"https://www12.statcan.gc.ca/wds-sdw/2021profile-profil2021-eng.cfm"},"community_name":"Calgary","community_source":{"label":"Statistics Canada 2021 census subdivision boundaries (spatial lookup)","url":"https://geo.statcan.gc.ca/geo_wa/rest/services/2021/Cartographic_boundary_files/MapServer/9"},"community_display":"Calgary","is_unorganized":false,"panel_title":"Calgary","display_label":"Calgary","map_label":"48062184"},"geometry":{"type":"MultiPolygon","coordinates":[[[[-114.14059353215971,51.135640647193505],[-114.14059384172695,51.13556083362303],[-114.14819286806676,51.13622053627996],[-114.14945445036932,51.13632783460668],[-114.14967395657872,51.1386964832546],[-114.14966568086862,51.13883117818562],[-114.14885138238778,51.138820365454606],[-114.14578805105394,51.13864655016271],[-114.14557455310695,51.138632349815694],[-114.14333375871958,51.13856861999003],[-114.14180113542507,51.138612130037885],[-114.14055543738446,51.13870668651239],[-114.14055701851433,51.13857783582425],[-114.14059353215971,51.135640647193505]]]]}},{"type":"Feature","properties":{"DGUID":"2021S051248062185","DAUID":"48062185","LANDAREA":0.3221,"PRUID":"48","fed_num":"48011","da_code":"48062185","geo_name":"48062185","name_source":{"label":"Statistics Canada Census Profile 2021 DA WDS","url":"https://www12.statcan.gc.ca/wds-sdw/2021profile-profil2021-eng.cfm"},"population":364,"status":"ok","source":{"label":"Statistics Canada Census Profile 2021 DA WDS","url":"https://www12.statcan.gc.ca/wds-sdw/2021profile-profil2021-eng.cfm"},"community_name":"Calgary","community_source":{"label":"Statistics Canada 2021 census subdivision boundaries (spatial lookup)","url":"https://geo.statcan.gc.ca/geo_wa/rest/services/2021/Cartographic_boundary_files/MapServer/9"},"community_display":"Calgary","is_unorganized":false,"panel_title":"Calgary","display_label":"Calgary","map_label":"48062185"},"geometry":{"type":"MultiPolygon","coordinates":[[[[-114.14271778722015,51.13233819896762],[-114.14323069412833,51.132134903544156],[-114.14362219884431,51.13204550337235],[-114.145332982911,51.1318894289254],[-114.14790789874965,51.13186244537975],[-114.14792305660124,51.13240003199968],[-114.14807430524118,51.13240218704272],[-114.15385943926285,51.13248428779519],[-114.15079261001515,51.13453811770277],[-114.14945445036932,51.13632783460668],[-114.14819286806676,51.13622053627996],[-114.14059384172695,51.13556083362303],[-114.13919185461985,51.134104881414565],[-114.1406338054963,51.133412113594424],[-114.14115146234585,51.1331634049566],[-114.14162315490412,51.13293208963282],[-114.14271778722015,51.13233819896762]]]]}},{"type":"Feature","properties":{"DGUID":"2021S051248062186","DAUID":"48062186","LANDAREA":0.3529,"PRUID":"48","fed_num":"48011","da_code":"48062186","geo_name":"48062186","name_source":{"label":"Statistics Canada Census Profile 2021 DA WDS","url":"https://www12.statcan.gc.ca/wds-sdw/2021profile-profil2021-eng.cfm"},"population":888,"status":"ok","source":{"label":"Statistics Canada Census Profile 2021 DA WDS","url":"https://www12.statcan.gc.ca/wds-sdw/2021profile-profil2021-eng.cfm"},"community_name":"Calgary","community_source":{"label":"Statistics Canada 2021 census subdivision boundaries (spatial lookup)","url":"https://geo.statcan.gc.ca/geo_wa/rest/services/2021/Cartographic_boundary_files/MapServer/9"},"community_display":"Calgary","is_unorganized":false,"panel_title":"Calgary","display_label":"Calgary","map_label":"48062186"},"geometry":{"type":"MultiPolygon","coordinates":[[[[-114.13762052932569,51.13910184793515],[-114.13724883224508,51.13916618555842],[-114.13533381272872,51.13961399826826],[-114.13517391826369,51.13965507948503],[-114.13205329446807,51.14040607287981],[-114.13186486562063,51.14044637173436],[-114.13178650145056,51.140327566779085],[-114.13157927767446,51.13998067799257],[-114.13112450611037,51.139474762693865],[-114.13085201802882,51.13931253574491],[-114.13079360238682,51.13927776092286],[-114.13041759240535,51.13911555713432],[-114.12986976714954,51.13895825823724],[-114.12974349055494,51.13891914643622],[-114.12860775498318,51.13855844936725],[-114.12831635234198,51.13841635124994],[-114.12785158955928,51.13807215113355],[-114.1280278780074,51.13799554918613],[-114.12934450593686,51.13751515702792],[-114.13099330290548,51.13697997093705],[-114.13185890578737,51.136623478731664],[-114.13250993039735,51.136270662032445],[-114.13309334168221,51.13585327246451],[-114.13321253128855,51.13577527958341],[-114.13387854623659,51.13517998246642],[-114.13423742581662,51.1346939717351],[-114.13522663650137,51.134880193461655],[-114.13668495177323,51.13487997038424],[-114.13715986226065,51.13482858657636],[-114.13800116106063,51.13463339346227],[-114.13907435186941,51.13415588018221],[-114.13919185461985,51.134104881414565],[-114.14059384172695,51.13556083362303],[-114.14059353215971,51.135640647193505],[-114.14055701851433,51.13857783582425],[-114.14055543738446,51.13870668651239],[-114.14027852146168,51.138727712248844],[-114.13847733412321,51.1389535053946],[-114.13762052932569,51.13910184793515]]]]}},{"type":"Feature","properties":{"DGUID":"2021S051248062201","DAUID":"48062201","LANDAREA":0.3765,"PRUID":"48","fed_num":"48011","da_code":"48062201","geo_name":"48062201","name_source":{"label":"Statistics Canada Census Profile 2021 DA WDS","url":"https://www12.statcan.gc.ca/wds-sdw/2021profile-profil2021-eng.cfm"},"population":998,"status":"ok","source":{"label":"Statistics Canada Census Profile 2021 DA WDS","url":"https://www12.statcan.gc.ca/wds-sdw/2021profile-profil2021-eng.cfm"},"community_name":"Calgary","community_source":{"label":"Statistics Canada 2021 census subdivision boundaries (spatial lookup)","url":"https://geo.statcan.gc.ca/geo_wa/rest/services/2021/Cartographic_boundary_files/MapServer/9"},"community_display":"Calgary","is_unorganized":false,"panel_title":"Calgary","display_label":"Calgary","map_label":"48062201"},"geometry":{"type":"MultiPolygon","coordinates":[[[[-114.12099524631037,51.13844527037308],[-114.12096263709721,51.137963941112524],[-114.12096112875263,51.13794155757373],[-114.12098323991735,51.13744025640006],[-114.12105375479504,51.1369439616716],[-114.12110438081017,51.13669826497161],[-114.12123651451682,51.13623656301607],[-114.12151995033736,51.136283848453765],[-114.12452877429205,51.136785874679525],[-114.12605219248456,51.136803986743864],[-114.12709169354949,51.136653683445864],[-114.12781174079876,51.13644651413345],[-114.12886842838533,51.136145139837176],[-114.13028750176277,51.13577688949764],[-114.13173552114415,51.13653945689342],[-114.13185890578737,51.136623478731664],[-114.13099330290548,51.13697997093705],[-114.12934450593686,51.13751515702792],[-114.1280278780074,51.13799554918613],[-114.12785158955928,51.13807215113355],[-114.12831635234198,51.13841635124994],[-114.12860775498318,51.13855844936725],[-114.12974349055494,51.13891914643622],[-114.12986976714954,51.13895825823724],[-114.13041759240535,51.13911555713432],[-114.13079360238682,51.13927776092286],[-114.13085201802882,51.13931253574491],[-114.13112450611037,51.139474762693865],[-114.13157927767446,51.13998067799257],[-114.13178650145056,51.140327566779085],[-114.13186486562063,51.14044637173436],[-114.13077576360138,51.14071646235434],[-114.12990464409235,51.14092895985668],[-114.12665014365365,51.14186604727501],[-114.1249255185034,51.142362641359526],[-114.12385508901377,51.14267134237806],[-114.1237771973693,51.142692833118474],[-114.12367006771795,51.142725306424595],[-114.12351282652361,51.142772947822394],[-114.12348170550564,51.14274595486833],[-114.12345227498368,51.14272066781028],[-114.12338370716903,51.14266174197443],[-114.12306821268577,51.142390233912984],[-114.122626018504,51.14194274158133],[-114.12220513295493,51.14144294321904],[-114.12194400182159,51.141049551124766],[-114.12158271548336,51.14038895000195],[-114.12137013862571,51.139922644198016],[-114.12127832007822,51.13968355279618],[-114.12113254181722,51.13919475177938],[-114.12107723002478,51.13894595865079],[-114.12099524631037,51.13844527037308]]]]}},{"type":"Feature","properties":{"DGUID":"2021S051248062202","DAUID":"48062202","LANDAREA":0.1888,"PRUID":"48","fed_num":"48011","da_code":"48062202","geo_name":"48062202","name_source":{"label":"Statistics Canada Census Profile 2021 DA WDS","url":"https://www12.statcan.gc.ca/wds-sdw/2021profile-profil2021-eng.cfm"},"population":625,"status":"ok","source":{"label":"Statistics Canada Census Profile 2021 DA WDS","url":"https://www12.statcan.gc.ca/wds-sdw/2021profile-profil2021-eng.cfm"},"community_name":"Calgary","community_source":{"label":"Statistics Canada 2021 census subdivision boundaries (spatial lookup)","url":"https://geo.statcan.gc.ca/geo_wa/rest/services/2021/Cartographic_boundary_files/MapServer/9"},"community_display":"Calgary","is_unorganized":false,"panel_title":"Calgary","display_label":"Calgary","map_label":"48062202"},"geometry":{"type":"MultiPolygon","coordinates":[[[[-114.13173552114415,51.13653945689342],[-114.13028750176277,51.13577688949764],[-114.12886842838533,51.136145139837176],[-114.12781174079876,51.13644651413345],[-114.12668344746399,51.134351372374766],[-114.12590289240156,51.133433311104994],[-114.12640659876641,51.13327573670052],[-114.12720554562507,51.13311802525161],[-114.12752442075282,51.133096951430616],[-114.12875280383545,51.13302586363939],[-114.12965651229308,51.133124578379956],[-114.12981897660318,51.13314231360665],[-114.13007264674815,51.13269396624691],[-114.13067715482177,51.13254478745831],[-114.13437534930821,51.13276321935484],[-114.1345505735465,51.13277358011517],[-114.13454464328046,51.1336581821994],[-114.13443874197173,51.13421326693818],[-114.13423742581662,51.1346939717351],[-114.13387854623659,51.13517998246642],[-114.13321253128855,51.13577527958341],[-114.13309334168221,51.13585327246451],[-114.13250993039735,51.136270662032445],[-114.13185890578737,51.136623478731664],[-114.13173552114415,51.13653945689342]]]]}},{"type":"Feature","properties":{"DGUID":"2021S051248062203","DAUID":"48062203","LANDAREA":0.2174,"PRUID":"48","fed_num":"48011","da_code":"48062203","geo_name":"48062203","name_source":{"label":"Statistics Canada Census Profile 2021 DA WDS","url":"https://www12.statcan.gc.ca/wds-sdw/2021profile-profil2021-eng.cfm"},"population":483,"status":"ok","source":{"label":"Statistics Canada Census Profile 2021 DA WDS","url":"https://www12.statcan.gc.ca/wds-sdw/2021profile-profil2021-eng.cfm"},"community_name":"Calgary","community_source":{"label":"Statistics Canada 2021 census subdivision boundaries (spatial lookup)","url":"https://geo.statcan.gc.ca/geo_wa/rest/services/2021/Cartographic_boundary_files/MapServer/9"},"community_display":"Calgary","is_unorganized":false,"panel_title":"Calgary","display_label":"Calgary","map_label":"48062203"},"geometry":{"type":"MultiPolygon","coordinates":[[[[-114.12207910189083,51.134607765541915],[-114.12239670093314,51.13418817282885],[-114.12275598993847,51.13378225959071],[-114.12295441239885,51.13358167186322],[-114.12338311127452,51.13318725860255],[-114.12384331879741,51.13281056812206],[-114.12458209871102,51.13228846635374],[-114.12463889357254,51.132255174646396],[-114.12537762557001,51.13182217668311],[-114.12620384569671,51.13138957788358],[-114.12826031444631,51.13036782952663],[-114.12841942567691,51.130511143923336],[-114.13067715482177,51.13254478745831],[-114.13007264674815,51.13269396624691],[-114.12981897660318,51.13314231360665],[-114.12965651229308,51.133124578379956],[-114.12875280383545,51.13302586363939],[-114.12752442075282,51.133096951430616],[-114.12720554562507,51.13311802525161],[-114.12640659876641,51.13327573670052],[-114.12590289240156,51.133433311104994],[-114.12668344746399,51.134351372374766],[-114.12781174079876,51.13644651413345],[-114.12709169354949,51.136653683445864],[-114.12605219248456,51.136803986743864],[-114.12452877429205,51.136785874679525],[-114.12151995033736,51.136283848453765],[-114.12123651451682,51.13623656301607],[-114.12124324621804,51.136213059366334],[-114.12143126918689,51.135738168483044],[-114.12154056330193,51.13550506639182],[-114.12179156691995,51.13504877686445],[-114.12207910189083,51.134607765541915]]]]}},{"type":"Feature","properties":{"DGUID":"2021S051248062204","DAUID":"48062204","LANDAREA":0.1981,"PRUID":"48","fed_num":"48011","da_code":"48062204","geo_name":"48062204","name_source":{"label":"Statistics Canada Census Profile 2021 DA WDS","url":"https://www12.statcan.gc.ca/wds-sdw/2021profile-profil2021-eng.cfm"},"population":397,"status":"ok","source":{"label":"Statistics Canada Census Profile 2021 DA WDS","url":"https://www12.statcan.gc.ca/wds-sdw/2021profile-profil2021-eng.cfm"},"community_name":"Calgary","community_source":{"label":"Statistics Canada 2021 census subdivision boundaries (spatial lookup)","url":"https://geo.statcan.gc.ca/geo_wa/rest/services/2021/Cartographic_boundary_files/MapServer/9"},"community_display":"Calgary","is_unorganized":false,"panel_title":"Calgary","display_label":"Calgary","map_label":"48062204"},"geometry":{"type":"MultiPolygon","coordinates":[[[[-114.13168085714558,51.12820228591129],[-114.13230227327414,51.127604589927685],[-114.13254686800903,51.127342887030096],[-114.13298857432841,51.12670309591581],[-114.13311732207455,51.126761766523316],[-114.13323786099625,51.12681670235198],[-114.13332215172854,51.12685519655868],[-114.13404937035348,51.12711589679473],[-114.13583358891685,51.12761841214694],[-114.13659705537643,51.12775400404721],[-114.13792059368369,51.12784942171261],[-114.13850798992686,51.12782782251598],[-114.1387089001881,51.127814717418],[-114.13869927737751,51.128201322640386],[-114.13850729165618,51.128763219196294],[-114.13826059015653,51.129054000645986],[-114.13788647912352,51.12932369044664],[-114.13693157994224,51.12974110043834],[-114.1368503624582,51.12966710098614],[-114.13610585269055,51.12899229026201],[-114.13574056254197,51.128659512171744],[-114.13512585696529,51.12842850966011],[-114.13538968424872,51.12809319321248],[-114.1355842643785,51.12772019614747],[-114.1349234761458,51.12754210536576],[-114.13449587625789,51.12752258971478],[-114.13400338258528,51.1276275023514],[-114.13379624588133,51.12773928830432],[-114.13219194683491,51.12871639971734],[-114.13301545213528,51.12926729996022],[-114.13383905795168,51.129818177525365],[-114.1345117736571,51.13026639803527],[-114.13499627292474,51.13052109853889],[-114.13510544758009,51.13060479467008],[-114.13480165983358,51.13089407361442],[-114.13457673806793,51.13129338059808],[-114.13457287052161,51.131356290483225],[-114.13455334812116,51.13236317577534],[-114.1345505735465,51.13277358011517],[-114.13437534930821,51.13276321935484],[-114.13067715482177,51.13254478745831],[-114.12841942567691,51.130511143923336],[-114.12826031444631,51.13036782952663],[-114.12906362861531,51.12996866979163],[-114.12991225511067,51.12950159173142],[-114.13043515724135,51.12917357457462],[-114.13091046184174,51.12884519044109],[-114.13112305101247,51.12868218069969],[-114.13168085714558,51.12820228591129]]]]}},{"type":"Feature","properties":{"DGUID":"2021S051248062205","DAUID":"48062205","LANDAREA":0.3733,"PRUID":"48","fed_num":"48011","da_code":"48062205","geo_name":"48062205","name_source":{"label":"Statistics Canada Census Profile 2021 DA WDS","url":"https://www12.statcan.gc.ca/wds-sdw/2021profile-profil2021-eng.cfm"},"population":1001,"status":"ok","source":{"label":"Statistics Canada Census Profile 2021 DA WDS","url":"https://www12.statcan.gc.ca/wds-sdw/2021profile-profil2021-eng.cfm"},"community_name":"Calgary","community_source":{"label":"Statistics Canada 2021 census subdivision boundaries (spatial lookup)","url":"https://geo.statcan.gc.ca/geo_wa/rest/services/2021/Cartographic_boundary_files/MapServer/9"},"community_display":"Calgary","is_unorganized":false,"panel_title":"Calgary","display_label":"Calgary","map_label":"48062205"},"geometry":{"type":"MultiPolygon","coordinates":[[[[-114.11265501397463,51.144227867776785],[-114.11068899574977,51.143882462575604],[-114.10802956523969,51.14342089173901],[-114.10780336203975,51.143379274901775],[-114.10783789871952,51.14332658446038],[-114.10786470668243,51.14327748511406],[-114.10791568942322,51.14318418815075],[-114.10817046786333,51.14276779150011],[-114.10869718588809,51.14189028376794],[-114.10884287098368,51.14139019825623],[-114.10884466871477,51.14090458029215],[-114.10870820572954,51.140343485483235],[-114.10893879320248,51.14031328772266],[-114.10928427704484,51.14027678682359],[-114.11019490773778,51.14011938882811],[-114.11120038845479,51.14004537734428],[-114.11179941580225,51.140069187149386],[-114.11276400605244,51.14019188277727],[-114.11333172245159,51.140259868698216],[-114.11411523212357,51.140306270758806],[-114.11463420584458,51.140238067347504],[-114.11510001067586,51.14010566428073],[-114.11603084848689,51.13962497441667],[-114.11654225453695,51.139907370803414],[-114.11770694560346,51.14071866064557],[-114.1178167111362,51.140793368559606],[-114.11879110276851,51.14144696151318],[-114.11946893670066,51.14227326104903],[-114.12194400182159,51.141049551124766],[-114.12220513295493,51.14144294321904],[-114.122626018504,51.14194274158133],[-114.12306821268577,51.142390233912984],[-114.12338370716903,51.14266174197443],[-114.12345227498368,51.14272066781028],[-114.12348170550564,51.14274595486833],[-114.12351282652361,51.142772947822394],[-114.12110833190044,51.14350095175158],[-114.11987129890251,51.143848249496074],[-114.11879801357786,51.14409154755767],[-114.11743912526734,51.144327940837805],[-114.11603151418795,51.144428149366256],[-114.11447359331896,51.14441666865991],[-114.11265501397463,51.144227867776785]]]]}},{"type":"Feature","properties":{"DGUID":"2021S051248062206","DAUID":"48062206","LANDAREA":0.1791,"PRUID":"48","fed_num":"48011","da_code":"48062206","geo_name":"48062206","name_source":{"label":"Statistics Canada Census Profile 2021 DA WDS","url":"https://www12.statcan.gc.ca/wds-sdw/2021profile-profil2021-eng.cfm"},"population":543,"status":"ok","source":{"label":"Statistics Canada Census Profile 2021 DA WDS","url":"https://www12.statcan.gc.ca/wds-sdw/2021profile-profil2021-eng.cfm"},"community_name":"Calgary","community_source":{"label":"Statistics Canada 2021 census subdivision boundaries (spatial lookup)","url":"https://geo.statcan.gc.ca/geo_wa/rest/services/2021/Cartographic_boundary_files/MapServer/9"},"community_display":"Calgary","is_unorganized":false,"panel_title":"Calgary","display_label":"Calgary","map_label":"48062206"},"geometry":{"type":"MultiPolygon","coordinates":[[[[-114.11627806176826,51.13680676189034],[-114.11626604648764,51.13678422816876],[-114.11878432350156,51.13639067221264],[-114.1205041370301,51.13620568905024],[-114.12123651451682,51.13623656301607],[-114.12110438081017,51.13669826497161],[-114.12105375479504,51.1369439616716],[-114.12098323991735,51.13744025640006],[-114.12096112875263,51.13794155757373],[-114.12096263709721,51.137963941112524],[-114.12099524631037,51.13844527037308],[-114.12107723002478,51.13894595865079],[-114.12113254181722,51.13919475177938],[-114.12127832007822,51.13968355279618],[-114.12137013862571,51.139922644198016],[-114.12158271548336,51.14038895000195],[-114.12194400182159,51.141049551124766],[-114.11946893670066,51.14227326104903],[-114.11879110276851,51.14144696151318],[-114.1178167111362,51.140793368559606],[-114.11770694560346,51.14071866064557],[-114.11654225453695,51.139907370803414],[-114.11603084848689,51.13962497441667],[-114.11638744286209,51.13940885580146],[-114.11671245950022,51.13901216885659],[-114.1167558330136,51.13854547859152],[-114.11658032853903,51.13792057504732],[-114.11627806176826,51.13680676189034]]]]}},{"type":"Feature","properties":{"DGUID":"2021S051248062207","DAUID":"48062207","LANDAREA":0.2271,"PRUID":"48","fed_num":"48011","da_code":"48062207","geo_name":"48062207","name_source":{"label":"Statistics Canada Census Profile 2021 DA WDS","url":"https://www12.statcan.gc.ca/wds-sdw/2021profile-profil2021-eng.cfm"},"population":620,"status":"ok","source":{"label":"Statistics Canada Census Profile 2021 DA WDS","url":"https://www12.statcan.gc.ca/wds-sdw/2021profile-profil2021-eng.cfm"},"community_name":"Calgary","community_source":{"label":"Statistics Canada 2021 census subdivision boundaries (spatial lookup)","url":"https://geo.statcan.gc.ca/geo_wa/rest/services/2021/Cartographic_boundary_files/MapServer/9"},"community_display":"Calgary","is_unorganized":false,"panel_title":"Calgary","display_label":"Calgary","map_label":"48062207"},"geometry":{"type":"MultiPolygon","coordinates":[[[[-114.1175970318017,51.130991705745565],[-114.11789594143366,51.13022209843359],[-114.11997460541389,51.13049763588936],[-114.12463889357254,51.132255174646396],[-114.12458209871102,51.13228846635374],[-114.12384331879741,51.13281056812206],[-114.12338311127452,51.13318725860255],[-114.12295441239885,51.13358167186322],[-114.12275598993847,51.13378225959071],[-114.12239670093314,51.13418817282885],[-114.12207910189083,51.134607765541915],[-114.12179156691995,51.13504877686445],[-114.12154056330193,51.13550506639182],[-114.12143126918689,51.135738168483044],[-114.12124324621804,51.136213059366334],[-114.12123651451682,51.13623656301607],[-114.1205041370301,51.13620568905024],[-114.11878432350156,51.13639067221264],[-114.11626604648764,51.13678422816876],[-114.11603474530051,51.13635096595385],[-114.11754185604154,51.13596171949658],[-114.11755534134528,51.13109907965331],[-114.1175970318017,51.130991705745565]]]]}},{"type":"Feature","properties":{"DGUID":"2021S051248062208","DAUID":"48062208","LANDAREA":11.6518,"PRUID":"48","fed_num":"48011","da_code":"48062208","geo_name":"48062208","name_source":{"label":"Statistics Canada Census Profile 2021 DA WDS","url":"https://www12.statcan.gc.ca/wds-sdw/2021profile-profil2021-eng.cfm"},"population":537,"status":"ok","source":{"label":"Statistics Canada Census Profile 2021 DA WDS","url":"https://www12.statcan.gc.ca/wds-sdw/2021profile-profil2021-eng.cfm"},"community_name":"Calgary","community_source":{"label":"Statistics Canada 2021 census subdivision boundaries (spatial lookup)","url":"https://geo.statcan.gc.ca/geo_wa/rest/services/2021/Cartographic_boundary_files/MapServer/9"},"community_display":"Calgary","is_unorganized":false,"panel_title":"Calgary","display_label":"Calgary","map_label":"48062208"},"geometry":{"type":"MultiPolygon","coordinates":[[[[-114.11357897641835,51.13148716565059],[-114.11322356161091,51.13122656795172],[-114.11290428898985,51.13107476145951],[-114.11248275505832,51.130956368800454],[-114.11197055588762,51.130916773600134],[-114.11148028953322,51.13098556340227],[-114.11008706230349,51.13131987818147],[-114.10867815809,51.131446988655554],[-114.10799306925608,51.13142998907221],[-114.10791714008192,51.131500083683285],[-114.10675085504522,51.131633177257235],[-114.10643403456915,51.13167027132358],[-114.10623255512316,51.131692280146865],[-114.10619764010646,51.13156546806031],[-114.1060801720647,51.131157785764486],[-114.10585396303321,51.13043257105907],[-114.10542427561951,51.12953148051051],[-114.10505324057893,51.12906357580762],[-114.1043778478982,51.12843516968336],[-114.10353923122764,51.12790167562133],[-114.10292876746938,51.12760779053333],[-114.0987496627226,51.125866991711526],[-114.09810883363929,51.12559928683713],[-114.09691687595489,51.12508227637645],[-114.09579906890826,51.124597396428236],[-114.09504117367429,51.12414687710494],[-114.09426385920383,51.12355189706057],[-114.09349547591658,51.122813174372006],[-114.0921110800388,51.1216453877388],[-114.089320190214,51.11956006770095],[-114.08671906971753,51.117616283002086],[-114.08590429687176,51.11693938671373],[-114.08497799716542,51.11598978891136],[-114.08452629348703,51.11544788784529],[-114.08399106985954,51.11464298045243],[-114.08350768826097,51.113695388878476],[-114.08320538944022,51.1128243939055],[-114.08300049242527,51.11176688910762],[-114.0829847108044,51.111109887628615],[-114.08312112735216,51.11007888476346],[-114.08337634629804,51.109203777457566],[-114.08341163950138,51.10909666884445],[-114.08349371957426,51.10892787863979],[-114.08375874378439,51.10834977539589],[-114.0841264275341,51.10772937560492],[-114.08475084149549,51.10689038341445],[-114.08575501941432,51.105917088679384],[-114.08649196596453,51.105332795191984],[-114.08735603749084,51.104769686074796],[-114.08750494262117,51.10467438981811],[-114.08837814063678,51.10419249164693],[-114.09150325827154,51.10266028807467],[-114.09235466281227,51.10206980068351],[-114.09306288661307,51.101484799677465],[-114.09358385467127,51.100922095282],[-114.09413495059637,51.100108297580064],[-114.0944731909367,51.09927119678499],[-114.09459878812528,51.09863569933759],[-114.09462489167494,51.09806018844663],[-114.09467338739493,51.09699149493127],[-114.09476547780487,51.096660993674575],[-114.09476711318499,51.09525149205565],[-114.09476922341197,51.09341389234458],[-114.09468550683202,51.09292608757865],[-114.09464951304975,51.09213369445163],[-114.09464780388164,51.091098602435686],[-114.09464619856173,51.09013678131149],[-114.0946809362215,51.08976471796793],[-114.0947408959515,51.08976547231334],[-114.0948162959074,51.089766456453376],[-114.09485012527863,51.08976687281089],[-114.09486610507908,51.0897693199566],[-114.09542173644084,51.08985385357506],[-114.0956756235625,51.08989248076159],[-114.09922952911538,51.090844277911806],[-114.10217043835094,51.0917807920881],[-114.10339144638667,51.09212589564448],[-114.1063624221243,51.09281118828797],[-114.11061501834105,51.09378889729222],[-114.11140032510082,51.094024209025285],[-114.11236194600956,51.09440779572364],[-114.11365893111267,51.09514140149344],[-114.11641893937757,51.09692760893473],[-114.11988242871558,51.0991178032643],[-114.12712916104469,51.10319991813009],[-114.13077605100149,51.105214418788115],[-114.13263696274855,51.10607862651193],[-114.13421183458189,51.10671991860248],[-114.13746902425578,51.10811301141318],[-114.13994963446137,51.109127205436415],[-114.13967712844139,51.10960622190037],[-114.13914884946287,51.11029491335331],[-114.13852826148958,51.11088970849614],[-114.13838935185736,51.11102281236289],[-114.13568604945523,51.11337621614939],[-114.13500113816961,51.114052016786005],[-114.13441174699672,51.1148021208574],[-114.13387681287982,51.115823317774726],[-114.13366823152326,51.116654732867254],[-114.13363240720957,51.11746341750009],[-114.1342569979507,51.122146903412194],[-114.13430977448901,51.12337150592572],[-114.13424471385595,51.12382290835302],[-114.1341844838956,51.124240909951794],[-114.13393556847441,51.12526022375705],[-114.13298857432841,51.12670309591581],[-114.13254686800903,51.127342887030096],[-114.13230227327414,51.127604589927685],[-114.13168085714558,51.12820228591129],[-114.13112305101247,51.12868218069969],[-114.13091046184174,51.12884519044109],[-114.13043515724135,51.12917357457462],[-114.12991225511067,51.12950159173142],[-114.12906362861531,51.12996866979163],[-114.12826031444631,51.13036782952663],[-114.12620384569671,51.13138957788358],[-114.12537762557001,51.13182217668311],[-114.12463889357254,51.132255174646396],[-114.11997460541389,51.13049763588936],[-114.11789594143366,51.13022209843359],[-114.1175970318017,51.130991705745565],[-114.11755534134528,51.13109907965331],[-114.11754185604154,51.13596171949658],[-114.11603474530051,51.13635096595385],[-114.11550434464479,51.13591518759873],[-114.11456005915717,51.13546907132025],[-114.11355856376298,51.13502158925012],[-114.11428404311073,51.13439187287303],[-114.11466308007863,51.13381658794646],[-114.11471297836269,51.13347607942304],[-114.11459628668212,51.13282557095673],[-114.11428428662822,51.132098283901264],[-114.11357897641835,51.13148716565059]]]]}},{"type":"Feature","properties":{"DGUID":"2021S051248062215","DAUID":"48062215","LANDAREA":1.2839,"PRUID":"48","fed_num":"48011","da_code":"48062215","geo_name":"48062215","name_source":{"label":"Statistics Canada Census Profile 2021 DA WDS","url":"https://www12.statcan.gc.ca/wds-sdw/2021profile-profil2021-eng.cfm"},"population":1006,"status":"ok","source":{"label":"Statistics Canada Census Profile 2021 DA WDS","url":"https://www12.statcan.gc.ca/wds-sdw/2021profile-profil2021-eng.cfm"},"community_name":"Calgary","community_source":{"label":"Statistics Canada 2021 census subdivision boundaries (spatial lookup)","url":"https://geo.statcan.gc.ca/geo_wa/rest/services/2021/Cartographic_boundary_files/MapServer/9"},"community_display":"Calgary","is_unorganized":false,"panel_title":"Calgary","display_label":"Calgary","map_label":"48062215"},"geometry":{"type":"MultiPolygon","coordinates":[[[[-114.14479610007457,51.12715415557485],[-114.14471443294688,51.12616274329443],[-114.14496612726319,51.12463085693932],[-114.14615182054479,51.12464174854849],[-114.14610702591851,51.125135457523655],[-114.14585233364464,51.126253549115695],[-114.14587424009882,51.12636195364105],[-114.14595653862857,51.12641795402469],[-114.14686002926561,51.12636805033496],[-114.14699182622257,51.12631735996024],[-114.14724382627783,51.125244156047195],[-114.14728093243934,51.12464235183103],[-114.14708651616085,51.12385504799641],[-114.14788683348304,51.12385664458533],[-114.14797461789384,51.123822848808324],[-114.14842454576754,51.123249152815994],[-114.14847453619329,51.12313344737639],[-114.14839493865101,51.12303254919029],[-114.14828243103521,51.123002868880555],[-114.14739935994649,51.122954258940666],[-114.14665112565949,51.123034950683284],[-114.14491864325826,51.123316455580174],[-114.14456163186932,51.1226151475304],[-114.14528742534156,51.12243495255717],[-114.14649891957028,51.1222576506748],[-114.14691614866516,51.1222139362981],[-114.14796012313782,51.12220345085925],[-114.14915444830241,51.122304558274585],[-114.15000604433521,51.12170467132869],[-114.15079177627312,51.121247166057984],[-114.15124143716638,51.120907253495275],[-114.15165716581338,51.12042265356059],[-114.15167525665709,51.120360159587534],[-114.15153864222697,51.120257966242264],[-114.15073843964527,51.120022561774675],[-114.15056615918066,51.120036363658116],[-114.15047774034043,51.12007915468909],[-114.1502113485549,51.12045947069353],[-114.1497337347174,51.12078954807573],[-114.14908535226004,51.1211065646103],[-114.14883765298367,51.12141534236644],[-114.14781346001084,51.12133634363529],[-114.14692112521269,51.12097274932943],[-114.14659622450172,51.12091084024799],[-114.14618245013273,51.12090074821066],[-114.1458651439836,51.12094694814802],[-114.14551372209263,51.12108235690472],[-114.14470384562361,51.1217011465679],[-114.14394344408863,51.1219793406853],[-114.14297291977353,51.12126304210258],[-114.14245940304176,51.12101666921167],[-114.14172661010734,51.12084582946565],[-114.1417343181178,51.12002743805998],[-114.14175103008438,51.11883162434798],[-114.14168705517626,51.11847924287574],[-114.1414599271864,51.11822184359501],[-114.14079552118025,51.11787272999328],[-114.14031224089764,51.11760012519141],[-114.13993765344085,51.11718612533129],[-114.13981303119635,51.11712012937017],[-114.13875922593407,51.117292239529284],[-114.13811302878577,51.117573240913075],[-114.13792841391448,51.117784624343564],[-114.13784103862753,51.11804333698103],[-114.1380084288199,51.11880291611623],[-114.13694460292639,51.11890282494709],[-114.13683701131006,51.11902613401134],[-114.13695670606957,51.11963163705535],[-114.13697711382608,51.12022582298256],[-114.13717191729498,51.120311513180646],[-114.13817193276203,51.12031802633326],[-114.1382096140057,51.12063382447503],[-114.13855400157387,51.12107392895881],[-114.13809210219583,51.121377419282595],[-114.13777251544862,51.12169341338217],[-114.13757731145803,51.12207543574975],[-114.13758399600424,51.12266021861973],[-114.13781960736122,51.12324173929438],[-114.13662068384568,51.12344622884325],[-114.13517587448662,51.123464713918736],[-114.135057300734,51.12353381188605],[-114.1346218442222,51.123688726660724],[-114.13424471385595,51.12382290835302],[-114.13430977448901,51.12337150592572],[-114.1342569979507,51.122146903412194],[-114.13363240720957,51.11746341750009],[-114.13366823152326,51.116654732867254],[-114.13387681287982,51.115823317774726],[-114.13441174699672,51.1148021208574],[-114.13500113816961,51.114052016786005],[-114.13568604945523,51.11337621614939],[-114.13838935185736,51.11102281236289],[-114.13852826148958,51.11088970849614],[-114.13914884946287,51.11029491335331],[-114.13967712844139,51.10960622190037],[-114.13994963446137,51.109127205436415],[-114.14014445674418,51.10921292620089],[-114.14275023232162,51.11028411552256],[-114.14539794737932,51.11137423678101],[-114.1479502508184,51.112389940170516],[-114.14731006797962,51.113039934373944],[-114.14726117485026,51.113137751102755],[-114.14715997418777,51.113620945294514],[-114.14738576143824,51.11413014730615],[-114.14638635208814,51.11434864880401],[-114.1461258784489,51.11393743955513],[-114.14607224475235,51.11364834026798],[-114.14628555100626,51.11296994549987],[-114.1462120626964,51.112770249269055],[-114.14599937842965,51.11251323558197],[-114.14518376973156,51.111602830443175],[-114.14493415561797,51.11147984138834],[-114.14386043464313,51.111048832873195],[-114.14362454141116,51.110935141204344],[-114.14261504476828,51.11062251956976],[-114.14194243559335,51.11040821710697],[-114.14134703368033,51.11033073026864],[-114.14118794911238,51.110362816437885],[-114.14112362934239,51.110478115369986],[-114.14114486622776,51.11082942774794],[-114.14126752922745,51.11115631883735],[-114.14152304174075,51.111414423304126],[-114.143252246079,51.11233812078751],[-114.14346615620937,51.112577220438865],[-114.1436118618945,51.11299453678532],[-114.14390425239345,51.11404512775629],[-114.14409185234584,51.114247544991635],[-114.14495146743282,51.114907232345885],[-114.14512084796822,51.1151721422058],[-114.1452095581041,51.11558813293756],[-114.14540725960211,51.1163215517576],[-114.14561755962349,51.1170822472937],[-114.14572114644548,51.1172556568533],[-114.14597846788627,51.11748673832025],[-114.14628246819449,51.11765614013141],[-114.14663255630894,51.11777264933857],[-114.14795025643579,51.117957650949286],[-114.1481955520238,51.11791874021579],[-114.14939694770351,51.11790306679226],[-114.15177715375624,51.118239954630326],[-114.15190194537014,51.117838246788175],[-114.15168207412304,51.11723026559016],[-114.15264867586978,51.11708285959695],[-114.15340996392028,51.11702044746524],[-114.15361185731933,51.116989355006005],[-114.15393065242223,51.117383958885355],[-114.1550966518719,51.118176855549855],[-114.15553884623144,51.1186553628243],[-114.15557723983893,51.118728259538486],[-114.15572856306461,51.11905577313118],[-114.15580635782833,51.11941747897819],[-114.15578764283842,51.11972277088413],[-114.15568434461194,51.12000817098097],[-114.15544546627855,51.120407066134696],[-114.1543434420781,51.12159445712672],[-114.15400737581145,51.12194606727424],[-114.15091953969757,51.12520786254469],[-114.15082662303361,51.125322557509804],[-114.15041425049695,51.125753248465045],[-114.15003582380824,51.12609476107141],[-114.14932204136103,51.126545066843256],[-114.14860442732339,51.12682446899472],[-114.14779131732931,51.127029460476926],[-114.14501622526046,51.1272944496648],[-114.14482948873416,51.12730783717014],[-114.14479610007457,51.12715415557485]]]]}},{"type":"Feature","properties":{"DGUID":"2021S051248062216","DAUID":"48062216","LANDAREA":0.1133,"PRUID":"48","fed_num":"48011","da_code":"48062216","geo_name":"48062216","name_source":{"label":"Statistics Canada Census Profile 2021 DA WDS","url":"https://www12.statcan.gc.ca/wds-sdw/2021profile-profil2021-eng.cfm"},"population":689,"status":"ok","source":{"label":"Statistics Canada Census Profile 2021 DA WDS","url":"https://www12.statcan.gc.ca/wds-sdw/2021profile-profil2021-eng.cfm"},"community_name":"Calgary","community_source":{"label":"Statistics Canada 2021 census subdivision boundaries (spatial lookup)","url":"https://geo.statcan.gc.ca/geo_wa/rest/services/2021/Cartographic_boundary_files/MapServer/9"},"community_display":"Calgary","is_unorganized":false,"panel_title":"Calgary","display_label":"Calgary","map_label":"48062216"},"geometry":{"type":"MultiPolygon","coordinates":[[[[-114.1346218442222,51.123688726660724],[-114.135057300734,51.12353381188605],[-114.13498817125455,51.12418871648259],[-114.13497059872972,51.124934821333774],[-114.13577111999274,51.12493765819882],[-114.13840021729918,51.12494693604158],[-114.13855888396198,51.12492383574952],[-114.1386545847486,51.12545684068432],[-114.13867978175607,51.12620401709141],[-114.13870068875855,51.127023020256296],[-114.13870417474415,51.12742791063943],[-114.1387040873173,51.127661718810636],[-114.1387089001881,51.127814717418],[-114.13850798992686,51.12782782251598],[-114.13792059368369,51.12784942171261],[-114.13659705537643,51.12775400404721],[-114.13583358891685,51.12761841214694],[-114.13404937035348,51.12711589679473],[-114.13332215172854,51.12685519655868],[-114.13323786099625,51.12681670235198],[-114.13311732207455,51.126761766523316],[-114.13298857432841,51.12670309591581],[-114.13393556847441,51.12526022375705],[-114.1341844838956,51.124240909951794],[-114.13424471385595,51.12382290835302],[-114.1346218442222,51.123688726660724]]]]}},{"type":"Feature","properties":{"DGUID":"2021S051248062229","DAUID":"48062229","LANDAREA":0.2369,"PRUID":"48","fed_num":"48011","da_code":"48062229","geo_name":"48062229","name_source":{"label":"Statistics Canada Census Profile 2021 DA WDS","url":"https://www12.statcan.gc.ca/wds-sdw/2021profile-profil2021-eng.cfm"},"population":544,"status":"ok","source":{"label":"Statistics Canada Census Profile 2021 DA WDS","url":"https://www12.statcan.gc.ca/wds-sdw/2021profile-profil2021-eng.cfm"},"community_name":"Calgary","community_source":{"label":"Statistics Canada 2021 census subdivision boundaries (spatial lookup)","url":"https://geo.statcan.gc.ca/geo_wa/rest/services/2021/Cartographic_boundary_files/MapServer/9"},"community_display":"Calgary","is_unorganized":false,"panel_title":"Calgary","display_label":"Calgary","map_label":"48062229"},"geometry":{"type":"MultiPolygon","coordinates":[[[[-114.14361783082524,51.14785806992733],[-114.14224089007094,51.14288815392329],[-114.14398168123677,51.14156750815809],[-114.14473613373201,51.141010178867916],[-114.14503323103018,51.141146670023026],[-114.14481282387005,51.141474060993076],[-114.14488243777087,51.14173665045522],[-114.14492841419504,51.14191765113792],[-114.14575923816945,51.14305325577471],[-114.14634704135938,51.14349037214017],[-114.14705863019945,51.14377757395228],[-114.14717064039375,51.143816258351684],[-114.14775044940338,51.143920375723084],[-114.1513807378911,51.14417989384427],[-114.1509793416358,51.145357397243195],[-114.15093634733574,51.1458240884422],[-114.15078132445903,51.146201562203935],[-114.15051572324941,51.1468481910686],[-114.15008602270248,51.14732337760855],[-114.1499816332986,51.14739278313256],[-114.1493933389687,51.14765728474645],[-114.14714173773793,51.14845687139275],[-114.14649020837649,51.14858487116451],[-114.14580260039608,51.148604069272636],[-114.14516622566005,51.148489554663534],[-114.1447038276702,51.148334374208964],[-114.14361783082524,51.14785806992733]],[[-114.1465294499936,51.14447527114626],[-114.14542644757586,51.14404356354246],[-114.14495732118134,51.144229954133806],[-114.14407413490804,51.14440624948829],[-114.14414311664208,51.14467785955715],[-114.14404461805724,51.14511616960929],[-114.14388062288884,51.1456877704662],[-114.14390300267515,51.14578725735056],[-114.14483582789508,51.14619686493563],[-114.14503134431934,51.14627357123888],[-114.14624471751698,51.14677098243645],[-114.14662742445744,51.14682525664429],[-114.1476149320603,51.146813376317844],[-114.14768684208352,51.146806164986224],[-114.14777863083094,51.146709484006124],[-114.14794483196107,51.14610186386724],[-114.14839185688433,51.145114377056146],[-114.1484716463646,51.144747561879846],[-114.14738984291183,51.14466716012458],[-114.14664142298041,51.14451396509123],[-114.1465294499936,51.14447527114626]]]]}},{"type":"Feature","properties":{"DGUID":"2021S051248062230","DAUID":"48062230","LANDAREA":0.2952,"PRUID":"48","fed_num":"48011","da_code":"48062230","geo_name":"48062230","name_source":{"label":"Statistics Canada Census Profile 2021 DA WDS","url":"https://www12.statcan.gc.ca/wds-sdw/2021profile-profil2021-eng.cfm"},"population":756,"status":"ok","source":{"label":"Statistics Canada Census Profile 2021 DA WDS","url":"https://www12.statcan.gc.ca/wds-sdw/2021profile-profil2021-eng.cfm"},"community_name":"Calgary","community_source":{"label":"Statistics Canada 2021 census subdivision boundaries (spatial lookup)","url":"https://geo.statcan.gc.ca/geo_wa/rest/services/2021/Cartographic_boundary_files/MapServer/9"},"community_display":"Calgary","is_unorganized":false,"panel_title":"Calgary","display_label":"Calgary","map_label":"48062230"},"geometry":{"type":"MultiPolygon","coordinates":[[[[-114.1325697587247,51.144529285850766],[-114.13164577218764,51.14420976717682],[-114.13103424559755,51.14392487755977],[-114.13078414947134,51.14357696783296],[-114.13077686720095,51.143234965737925],[-114.13098245554839,51.14291627136951],[-114.13136838124115,51.14245796258636],[-114.1320637598901,51.141620563853465],[-114.1322300812696,51.14170555880523],[-114.1338177904699,51.142158272070866],[-114.13398690308888,51.14219848385201],[-114.13470720919575,51.14234198202454],[-114.13544800377633,51.14238719662269],[-114.13665869849977,51.14246180173196],[-114.13756692276961,51.14257402135993],[-114.13776852093586,51.142552015105906],[-114.13788001091879,51.142635106961585],[-114.13838582746621,51.142829122407946],[-114.1389131032477,51.14298803449157],[-114.1390547098418,51.142983637486815],[-114.13960202737131,51.1425927161713],[-114.14013485067389,51.14245818349612],[-114.14069058037757,51.14162466245156],[-114.14087233820658,51.14161164319293],[-114.14127163669538,51.141396538506555],[-114.14180983335844,51.141247750792324],[-114.1422420481193,51.141195338988595],[-114.14363022289942,51.14117536390907],[-114.14407645025354,51.140664535725726],[-114.1442268567961,51.140776154137264],[-114.14473613373201,51.141010178867916],[-114.14398168123677,51.14156750815809],[-114.14224089007094,51.14288815392329],[-114.14361783082524,51.14785806992733],[-114.14347829004556,51.14780065636212],[-114.14207232154502,51.14718165649814],[-114.14134220551105,51.1467320379747],[-114.13947968789323,51.14540022753973],[-114.13939681668734,51.14535324266823],[-114.13871388161031,51.14506662544551],[-114.1380253704108,51.14492038324402],[-114.13761299490506,51.144832804464464],[-114.13644718875734,51.1447233045782],[-114.13613692383912,51.14469539928103],[-114.1360347786631,51.14468620827667],[-114.13394187721242,51.14476977355545],[-114.13320166813385,51.14471566915977],[-114.1325697587247,51.144529285850766]]]]}},{"type":"Feature","properties":{"DGUID":"2021S051248062231","DAUID":"48062231","LANDAREA":0.2808,"PRUID":"48","fed_num":"48011","da_code":"48062231","geo_name":"48062231","name_source":{"label":"Statistics Canada Census Profile 2021 DA WDS","url":"https://www12.statcan.gc.ca/wds-sdw/2021profile-profil2021-eng.cfm"},"population":1083,"status":"ok","source":{"label":"Statistics Canada Census Profile 2021 DA WDS","url":"https://www12.statcan.gc.ca/wds-sdw/2021profile-profil2021-eng.cfm"},"community_name":"Calgary","community_source":{"label":"Statistics Canada 2021 census subdivision boundaries (spatial lookup)","url":"https://geo.statcan.gc.ca/geo_wa/rest/services/2021/Cartographic_boundary_files/MapServer/9"},"community_display":"Calgary","is_unorganized":false,"panel_title":"Calgary","display_label":"Calgary","map_label":"48062231"},"geometry":{"type":"MultiPolygon","coordinates":[[[[-114.13222660147373,51.14130077120996],[-114.13220099500879,51.14102125377233],[-114.1320080995528,51.140674764735884],[-114.13186486562063,51.14044637173436],[-114.13205329446807,51.14040607287981],[-114.13517391826369,51.13965507948503],[-114.13533381272872,51.13961399826826],[-114.13724883224508,51.13916618555842],[-114.13762052932569,51.13910184793515],[-114.13847733412321,51.1389535053946],[-114.14027852146168,51.138727712248844],[-114.14055543738446,51.13870668651239],[-114.14180113542507,51.138612130037885],[-114.14333375871958,51.13856861999003],[-114.14557455310695,51.138632349815694],[-114.14578805105394,51.13864655016271],[-114.14885138238778,51.138820365454606],[-114.14966568086862,51.13883117818562],[-114.14967205288173,51.139191166482334],[-114.14964864008724,51.14003607314783],[-114.14962826334455,51.14013447548808],[-114.14945184607085,51.14044507709644],[-114.14934747333531,51.14051448045351],[-114.14921284296885,51.14061007268553],[-114.14860216252995,51.14077507305537],[-114.14714376248841,51.140775464738226],[-114.14697185457364,51.14078025389157],[-114.14581154029398,51.14081487273785],[-114.14534525078659,51.140956448931426],[-114.1451519345859,51.14107764450426],[-114.14503323103018,51.141146670023026],[-114.14473613373201,51.141010178867916],[-114.1442268567961,51.140776154137264],[-114.14407645025354,51.140664535725726],[-114.14418084657916,51.140595161950436],[-114.14465434258855,51.14033686359939],[-114.14477681965987,51.140204943810346],[-114.14493273237562,51.13930034596497],[-114.14482303563807,51.139225639780875],[-114.14456766168121,51.13919243028084],[-114.14372485931528,51.139180850817255],[-114.14328063660709,51.139196932295235],[-114.14020052138241,51.13952631186035],[-114.13936362125406,51.13964981459708],[-114.13914391930264,51.139734319835014],[-114.13910812473598,51.1398504192954],[-114.1393312041133,51.14040451468305],[-114.13965589815629,51.14093421995305],[-114.13989900473692,51.141165019847556],[-114.1406855333023,51.1416250229243],[-114.14069058037757,51.14162466245156],[-114.14013485067389,51.14245818349612],[-114.13960202737131,51.1425927161713],[-114.1390547098418,51.142983637486815],[-114.1389131032477,51.14298803449157],[-114.13838582746621,51.142829122407946],[-114.13788001091879,51.142635106961585],[-114.13776852093586,51.142552015105906],[-114.13756692276961,51.14257402135993],[-114.13665869849977,51.14246180173196],[-114.13544800377633,51.14238719662269],[-114.13470720919575,51.14234198202454],[-114.13398690308888,51.14219848385201],[-114.1338177904699,51.142158272070866],[-114.1322300812696,51.14170555880523],[-114.1320637598901,51.141620563853465],[-114.13222660147373,51.14130077120996]]]]}},{"type":"Feature","properties":{"DGUID":"2021S051248062232","DAUID":"48062232","LANDAREA":0.2007,"PRUID":"48","fed_num":"48011","da_code":"48062232","geo_name":"48062232","name_source":{"label":"Statistics Canada Census Profile 2021 DA WDS","url":"https://www12.statcan.gc.ca/wds-sdw/2021profile-profil2021-eng.cfm"},"population":568,"status":"ok","source":{"label":"Statistics Canada Census Profile 2021 DA WDS","url":"https://www12.statcan.gc.ca/wds-sdw/2021profile-profil2021-eng.cfm"},"community_name":"Calgary","community_source":{"label":"Statistics Canada 2021 census subdivision boundaries (spatial lookup)","url":"https://geo.statcan.gc.ca/geo_wa/rest/services/2021/Cartographic_boundary_files/MapServer/9"},"community_display":"Calgary","is_unorganized":false,"panel_title":"Calgary","display_label":"Calgary","map_label":"48062232"},"geometry":{"type":"MultiPolygon","coordinates":[[[[-114.1513807378911,51.14417989384427],[-114.15147706487454,51.14377749668491],[-114.15166165078365,51.14356608899472],[-114.15226861557187,51.14365115364043],[-114.15298902875017,51.14321438684297],[-114.15346153273968,51.14272327444178],[-114.15359511029293,51.14257346501861],[-114.15385020521825,51.14194907623998],[-114.15425839609892,51.141602838391286],[-114.15494832834062,51.141456754782574],[-114.15547400217585,51.14131409574183],[-114.1564492861704,51.14121890303322],[-114.15715748962734,51.14094550152484],[-114.15757981272004,51.14080909430411],[-114.15767517991362,51.14087920671274],[-114.1580661088888,51.14103261792729],[-114.15898418960221,51.14121681158874],[-114.15915390367496,51.14124802790919],[-114.15987368088845,51.14140040778043],[-114.16040519291037,51.14159321483485],[-114.16099431499683,51.14201222242655],[-114.16107607646718,51.14207722270823],[-114.16141380266613,51.14240021812976],[-114.16141369881699,51.142867903553196],[-114.16137915232505,51.14300625381245],[-114.16129987866171,51.1433239322156],[-114.16126528715873,51.14342203030348],[-114.16109598572588,51.14384961858566],[-114.16085267312485,51.144086630816055],[-114.1607609603143,51.14418331396334],[-114.16044947722385,51.144364625874545],[-114.16006889361967,51.14450830874155],[-114.15962028572216,51.14459631184566],[-114.15873276361215,51.14461071452941],[-114.15850436422666,51.14460511357695],[-114.15743235103683,51.14459710848321],[-114.15539556555325,51.144466599207995],[-114.15526766513605,51.14445450259621],[-114.15350214712694,51.14433048593294],[-114.1533170508599,51.14431698533608],[-114.1515515344678,51.14419299205878],[-114.1513807378911,51.14417989384427]]]]}},{"type":"Feature","properties":{"DGUID":"2021S051248062233","DAUID":"48062233","LANDAREA":0.3218,"PRUID":"48","fed_num":"48011","da_code":"48062233","geo_name":"48062233","name_source":{"label":"Statistics Canada Census Profile 2021 DA WDS","url":"https://www12.statcan.gc.ca/wds-sdw/2021profile-profil2021-eng.cfm"},"population":731,"status":"ok","source":{"label":"Statistics Canada Census Profile 2021 DA WDS","url":"https://www12.statcan.gc.ca/wds-sdw/2021profile-profil2021-eng.cfm"},"community_name":"Calgary","community_source":{"label":"Statistics Canada 2021 census subdivision boundaries (spatial lookup)","url":"https://geo.statcan.gc.ca/geo_wa/rest/services/2021/Cartographic_boundary_files/MapServer/9"},"community_display":"Calgary","is_unorganized":false,"panel_title":"Calgary","display_label":"Calgary","map_label":"48062233"},"geometry":{"type":"MultiPolygon","coordinates":[[[[-114.1513807378911,51.14417989384427],[-114.14775044940338,51.143920375723084],[-114.14717064039375,51.143816258351684],[-114.14705863019945,51.14377757395228],[-114.14634704135938,51.14349037214017],[-114.14575923816945,51.14305325577471],[-114.14492841419504,51.14191765113792],[-114.14488243777087,51.14173665045522],[-114.14481282387005,51.141474060993076],[-114.14503323103018,51.141146670023026],[-114.1451519345859,51.14107764450426],[-114.14534525078659,51.140956448931426],[-114.14581154029398,51.14081487273785],[-114.14697185457364,51.14078025389157],[-114.14714376248841,51.140775464738226],[-114.14860216252995,51.14077507305537],[-114.14921284296885,51.14061007268553],[-114.14934747333531,51.14051448045351],[-114.14945184607085,51.14044507709644],[-114.14962826334455,51.14013447548808],[-114.14964864008724,51.14003607314783],[-114.14967205288173,51.139191166482334],[-114.14966568086862,51.13883117818562],[-114.14983697317615,51.138835369632986],[-114.1558703971093,51.138838496571005],[-114.15688571585636,51.13883620843325],[-114.15688448420671,51.13908800561577],[-114.15693800163866,51.14007869876514],[-114.15697420748279,51.140187602049494],[-114.15716897734256,51.14050712348275],[-114.15757981272004,51.14080909430411],[-114.15715748962734,51.14094550152484],[-114.1564492861704,51.14121890303322],[-114.15547400217585,51.14131409574183],[-114.15494832834062,51.141456754782574],[-114.15425839609892,51.141602838391286],[-114.15385020521825,51.14194907623998],[-114.15359511029293,51.14257346501861],[-114.15346153273968,51.14272327444178],[-114.15298902875017,51.14321438684297],[-114.15226861557187,51.14365115364043],[-114.15166165078365,51.14356608899472],[-114.15147706487454,51.14377749668491],[-114.1513807378911,51.14417989384427]]]]}},{"type":"Feature","properties":{"DGUID":"2021S051248062234","DAUID":"48062234","LANDAREA":1.0583,"PRUID":"48","fed_num":"48011","da_code":"48062234","geo_name":"48062234","name_source":{"label":"Statistics Canada Census Profile 2021 DA WDS","url":"https://www12.statcan.gc.ca/wds-sdw/2021profile-profil2021-eng.cfm"},"population":933,"status":"ok","source":{"label":"Statistics Canada Census Profile 2021 DA WDS","url":"https://www12.statcan.gc.ca/wds-sdw/2021profile-profil2021-eng.cfm"},"community_name":"Calgary","community_source":{"label":"Statistics Canada 2021 census subdivision boundaries (spatial lookup)","url":"https://geo.statcan.gc.ca/geo_wa/rest/services/2021/Cartographic_boundary_files/MapServer/9"},"community_display":"Calgary","is_unorganized":false,"panel_title":"Calgary","display_label":"Calgary","map_label":"48062234"},"geometry":{"type":"MultiPolygon","coordinates":[[[[-114.1515996719155,51.15433466111515],[-114.15114247345319,51.15435195907608],[-114.15053043058639,51.15458051720132],[-114.1433690182079,51.15458524270105],[-114.14169576538536,51.1545433954173],[-114.1410362681526,51.15452686952271],[-114.14172177985273,51.154162987645606],[-114.14420604457479,51.15284414819761],[-114.14465375899012,51.152606456365646],[-114.14515819318812,51.152305522278425],[-114.14602185372777,51.151790272766114],[-114.15009489343024,51.14936013668844],[-114.1499816332986,51.14739278313256],[-114.15008602270248,51.14732337760855],[-114.15051572324941,51.1468481910686],[-114.15078132445903,51.146201562203935],[-114.15093634733574,51.1458240884422],[-114.1509793416358,51.145357397243195],[-114.1513807378911,51.14417989384427],[-114.1515515344678,51.14419299205878],[-114.1533170508599,51.14431698533608],[-114.15350214712694,51.14433048593294],[-114.15526766513605,51.14445450259621],[-114.15501138183151,51.1470541616009],[-114.1635943088114,51.14736821840317],[-114.16353456768412,51.15019702921188],[-114.16328792956371,51.15097045203015],[-114.16339598006833,51.151673664894496],[-114.1634321595193,51.1519093275942],[-114.16347986136094,51.152219755092496],[-114.16346353546315,51.15251065037548],[-114.16348210003058,51.152869999974094],[-114.16357024039922,51.15457434990179],[-114.16379367508024,51.1546843603415],[-114.16417729838273,51.154873230360266],[-114.16369561382683,51.154868822188654],[-114.16338198220959,51.154865978468486],[-114.15991538933645,51.15477863018609],[-114.15779198509091,51.15472509078881],[-114.15412283580085,51.15463243411825],[-114.15212320365706,51.15458188240461],[-114.15200762905117,51.154425294825515],[-114.1515996719155,51.15433466111515]]]]}},{"type":"Feature","properties":{"DGUID":"2021S051248062235","DAUID":"48062235","LANDAREA":0.2112,"PRUID":"48","fed_num":"48011","da_code":"48062235","geo_name":"48062235","name_source":{"label":"Statistics Canada Census Profile 2021 DA WDS","url":"https://www12.statcan.gc.ca/wds-sdw/2021profile-profil2021-eng.cfm"},"population":436,"status":"ok","source":{"label":"Statistics Canada Census Profile 2021 DA WDS","url":"https://www12.statcan.gc.ca/wds-sdw/2021profile-profil2021-eng.cfm"},"community_name":"Calgary","community_source":{"label":"Statistics Canada 2021 census subdivision boundaries (spatial lookup)","url":"https://geo.statcan.gc.ca/geo_wa/rest/services/2021/Cartographic_boundary_files/MapServer/9"},"community_display":"Calgary","is_unorganized":false,"panel_title":"Calgary","display_label":"Calgary","map_label":"48062235"},"geometry":{"type":"MultiPolygon","coordinates":[[[[-114.15501138183151,51.1470541616009],[-114.15526766513605,51.14445450259621],[-114.15539556555325,51.144466599207995],[-114.15743235103683,51.14459710848321],[-114.15850436422666,51.14460511357695],[-114.15873276361215,51.14461071452941],[-114.15962028572216,51.14459631184566],[-114.16006889361967,51.14450830874155],[-114.16044947722385,51.144364625874545],[-114.1607609603143,51.14418331396334],[-114.16085267312485,51.144086630816055],[-114.16109598572588,51.14384961858566],[-114.16126528715873,51.14342203030348],[-114.16129987866171,51.1433239322156],[-114.16137915232505,51.14300625381245],[-114.16387283823583,51.14307425026411],[-114.16382339377718,51.144541875702295],[-114.1635943088114,51.14736821840317],[-114.15501138183151,51.1470541616009]]]]}},{"type":"Feature","properties":{"DGUID":"2021S051248062236","DAUID":"48062236","LANDAREA":0.2105,"PRUID":"48","fed_num":"48011","da_code":"48062236","geo_name":"48062236","name_source":{"label":"Statistics Canada Census Profile 2021 DA WDS","url":"https://www12.statcan.gc.ca/wds-sdw/2021profile-profil2021-eng.cfm"},"population":604,"status":"ok","source":{"label":"Statistics Canada Census Profile 2021 DA WDS","url":"https://www12.statcan.gc.ca/wds-sdw/2021profile-profil2021-eng.cfm"},"community_name":"Calgary","community_source":{"label":"Statistics Canada 2021 census subdivision boundaries (spatial lookup)","url":"https://geo.statcan.gc.ca/geo_wa/rest/services/2021/Cartographic_boundary_files/MapServer/9"},"community_display":"Calgary","is_unorganized":false,"panel_title":"Calgary","display_label":"Calgary","map_label":"48062236"},"geometry":{"type":"MultiPolygon","coordinates":[[[[-114.15693800163866,51.14007869876514],[-114.15688448420671,51.13908800561577],[-114.15688571585636,51.13883620843325],[-114.15711412121418,51.13884180492598],[-114.16012042865471,51.13877991099521],[-114.16140593196226,51.13856832838192],[-114.16297695150814,51.13812972676956],[-114.1637211493664,51.13791778139172],[-114.16422841590229,51.13777331279159],[-114.16469111621805,51.138387218112776],[-114.16500995833745,51.13949518974669],[-114.1648696246695,51.14011118817706],[-114.16499819117473,51.14089911042579],[-114.16390747144975,51.14253999873327],[-114.16387283823583,51.14307425026411],[-114.16137915232505,51.14300625381245],[-114.16141369881699,51.142867903553196],[-114.16141380266613,51.14240021812976],[-114.16107607646718,51.14207722270823],[-114.16099431499683,51.14201222242655],[-114.16040519291037,51.14159321483485],[-114.15987368088845,51.14140040778043],[-114.15915390367496,51.14124802790919],[-114.15898418960221,51.14121681158874],[-114.1580661088888,51.14103261792729],[-114.15767517991362,51.14087920671274],[-114.15757981272004,51.14080909430411],[-114.15716897734256,51.14050712348275],[-114.15697420748279,51.140187602049494],[-114.15693800163866,51.14007869876514]]]]}},{"type":"Feature","properties":{"DGUID":"2021S051248062356","DAUID":"48062356","LANDAREA":0.7511,"PRUID":"48","fed_num":"48011","da_code":"48062356","geo_name":"48062356","name_source":{"label":"Statistics Canada Census Profile 2021 DA WDS","url":"https://www12.statcan.gc.ca/wds-sdw/2021profile-profil2021-eng.cfm"},"population":1082,"status":"ok","source":{"label":"Statistics Canada Census Profile 2021 DA WDS","url":"https://www12.statcan.gc.ca/wds-sdw/2021profile-profil2021-eng.cfm"},"community_name":"Calgary","community_source":{"label":"Statistics Canada 2021 census subdivision boundaries (spatial lookup)","url":"https://geo.statcan.gc.ca/geo_wa/rest/services/2021/Cartographic_boundary_files/MapServer/9"},"community_display":"Calgary","is_unorganized":false,"panel_title":"Calgary","display_label":"Calgary","map_label":"48062356"},"geometry":{"type":"MultiPolygon","coordinates":[[[[-114.13924328028436,51.15034434043154],[-114.13904769385566,51.15012393395207],[-114.1388216751534,51.14987623876131],[-114.13851667894423,51.14958283836503],[-114.1382813625173,51.14937963162474],[-114.13762417523962,51.14884453621746],[-114.13734079022588,51.14872671346249],[-114.13680478621002,51.14838022917438],[-114.13655806714986,51.14822171785674],[-114.13593616171212,51.14788201097627],[-114.13581036481749,51.14781330347071],[-114.13574236691213,51.14778061684465],[-114.13502058999484,51.14743290112208],[-114.13417436230895,51.14709709324706],[-114.13339887859719,51.146831583775246],[-114.1330555605988,51.14671407321015],[-114.12712573991608,51.144753860554836],[-114.12655534143917,51.14454574697883],[-114.12576482893988,51.14420413895544],[-114.12528231153576,51.14396264918415],[-114.12484071688394,51.143715127169436],[-114.12445049069764,51.14346983896601],[-114.12396638478228,51.14313633380673],[-114.12351282652361,51.142772947822394],[-114.12367006771795,51.142725306424595],[-114.1237771973693,51.142692833118474],[-114.12385508901377,51.14267134237806],[-114.1249255185034,51.142362641359526],[-114.12665014365365,51.14186604727501],[-114.12990464409235,51.14092895985668],[-114.13077576360138,51.14071646235434],[-114.13186486562063,51.14044637173436],[-114.1320080995528,51.140674764735884],[-114.13220099500879,51.14102125377233],[-114.13222660147373,51.14130077120996],[-114.1320637598901,51.141620563853465],[-114.13136838124115,51.14245796258636],[-114.13098245554839,51.14291627136951],[-114.13077686720095,51.143234965737925],[-114.13078414947134,51.14357696783296],[-114.13103424559755,51.14392487755977],[-114.13164577218764,51.14420976717682],[-114.1325697587247,51.144529285850766],[-114.13320166813385,51.14471566915977],[-114.13394187721242,51.14476977355545],[-114.1360347786631,51.14468620827667],[-114.13613692383912,51.14469539928103],[-114.13644718875734,51.1447233045782],[-114.13761299490506,51.144832804464464],[-114.1380253704108,51.14492038324402],[-114.13871388161031,51.14506662544551],[-114.13939681668734,51.14535324266823],[-114.13947968789323,51.14540022753973],[-114.14134220551105,51.1467320379747],[-114.14207232154502,51.14718165649814],[-114.14347829004556,51.14780065636212],[-114.14361783082524,51.14785806992733],[-114.1447038276702,51.148334374208964],[-114.14516622566005,51.148489554663534],[-114.14580260039608,51.148604069272636],[-114.14649020837649,51.14858487116451],[-114.14714173773793,51.14845687139275],[-114.1493933389687,51.14765728474645],[-114.1499816332986,51.14739278313256],[-114.15009489343024,51.14936013668844],[-114.14602185372777,51.151790272766114],[-114.14515819318812,51.152305522278425],[-114.14465375899012,51.152606456365646],[-114.14420604457479,51.15284414819761],[-114.14172177985273,51.154162987645606],[-114.1410362681526,51.15452686952271],[-114.14102558285448,51.1542903582172],[-114.1410174815782,51.154111258898816],[-114.140996379522,51.15386465777497],[-114.14097899077143,51.153724038298776],[-114.14095917066496,51.15357485636964],[-114.14093257298818,51.15344825646578],[-114.14088886258638,51.15327204627419],[-114.14082659837739,51.15305724861701],[-114.14076039194033,51.15285286347924],[-114.14068330058727,51.15264874677184],[-114.14062881787862,51.152523923184546],[-114.14054358658613,51.152328648173274],[-114.14048162350892,51.15220278745239],[-114.14042596941316,51.15208975153703],[-114.14032900451322,51.15191395358218],[-114.140027897612,51.151424646089076],[-114.13995049144823,51.15130674210795],[-114.13977619114301,51.15105683820483],[-114.13956427442928,51.150762447872886],[-114.13948927863748,51.15066325194763],[-114.13935050317328,51.15048025014675],[-114.13924328028436,51.15034434043154]]]]}},{"type":"Feature","properties":{"DGUID":"2021S051248062358","DAUID":"48062358","LANDAREA":0.8494,"PRUID":"48","fed_num":"48011","da_code":"48062358","geo_name":"48062358","name_source":{"label":"Statistics Canada Census Profile 2021 DA WDS","url":"https://www12.statcan.gc.ca/wds-sdw/2021profile-profil2021-eng.cfm"},"population":1371,"status":"ok","source":{"label":"Statistics Canada Census Profile 2021 DA WDS","url":"https://www12.statcan.gc.ca/wds-sdw/2021profile-profil2021-eng.cfm"},"community_name":"Calgary","community_source":{"label":"Statistics Canada 2021 census subdivision boundaries (spatial lookup)","url":"https://geo.statcan.gc.ca/geo_wa/rest/services/2021/Cartographic_boundary_files/MapServer/9"},"community_display":"Calgary","is_unorganized":false,"panel_title":"Calgary","display_label":"Calgary","map_label":"48062358"},"geometry":{"type":"MultiPolygon","coordinates":[[[[-114.13168785951602,51.15411254241345],[-114.12568523942613,51.15412068255778],[-114.12439964598671,51.15475088194034],[-114.12046443072398,51.15505015792901],[-114.12043603557207,51.15470845926398],[-114.11647856130439,51.154174734376724],[-114.11613418489267,51.15333394149088],[-114.11585326917539,51.15205247438866],[-114.11577255616929,51.15165396635455],[-114.11571426483516,51.15136639092501],[-114.1157768161807,51.15103293349853],[-114.1168629075598,51.15081682713262],[-114.11853270614289,51.15064214434891],[-114.11936151175591,51.150653642618146],[-114.12109469147723,51.15084024285381],[-114.12216669381488,51.150848643188425],[-114.12419582140619,51.15064674693706],[-114.1248763997869,51.150510563845785],[-114.12542149625942,51.150254153025024],[-114.12628241279346,51.149519740846024],[-114.12687313001418,51.149219452466234],[-114.12736522308983,51.149123652283265],[-114.12783873993705,51.14909926163407],[-114.12840873298796,51.1491312752457],[-114.12916751317432,51.14934786771497],[-114.1295074354333,51.14940117511126],[-114.12962113914827,51.149412984090894],[-114.13154864577461,51.149694190627564],[-114.13229285629136,51.14968538374323],[-114.13298545863591,51.149585478765665],[-114.133757836368,51.14935259588888],[-114.13425955715013,51.14910410123383],[-114.135880680697,51.14792250056011],[-114.13593616171212,51.14788201097627],[-114.13655806714986,51.14822171785674],[-114.13680478621002,51.14838022917438],[-114.13734079022588,51.14872671346249],[-114.13762417523962,51.14884453621746],[-114.1382813625173,51.14937963162474],[-114.13851667894423,51.14958283836503],[-114.1388216751534,51.14987623876131],[-114.13904769385566,51.15012393395207],[-114.13924328028436,51.15034434043154],[-114.13935050317328,51.15048025014675],[-114.13948927863748,51.15066325194763],[-114.13956427442928,51.150762447872886],[-114.13977619114301,51.15105683820483],[-114.13995049144823,51.15130674210795],[-114.140027897612,51.151424646089076],[-114.14032900451322,51.15191395358218],[-114.14042596941316,51.15208975153703],[-114.14048162350892,51.15220278745239],[-114.14054358658613,51.152328648173274],[-114.14062881787862,51.152523923184546],[-114.14068330058727,51.15264874677184],[-114.14076039194033,51.15285286347924],[-114.14082659837739,51.15305724861701],[-114.14088886258638,51.15327204627419],[-114.14093257298818,51.15344825646578],[-114.14095917066496,51.15357485636964],[-114.14097899077143,51.153724038298776],[-114.140996379522,51.15386465777497],[-114.1410174815782,51.154111258898816],[-114.14055568829573,51.15421294696587],[-114.14018199835576,51.1542831538816],[-114.13990457950368,51.15432885033287],[-114.13962978248608,51.154353635102545],[-114.13944580405695,51.15435395057255],[-114.139395158209,51.15435403676048],[-114.13917358879843,51.15433474076715],[-114.13904101330054,51.154309940303115],[-114.13887215538199,51.15427834457053],[-114.13841688301859,51.15418354020204],[-114.13718959260376,51.154108607656234],[-114.13613101650331,51.1541093824878],[-114.13168785951602,51.15411254241345]]]]}},{"type":"Feature","properties":{"DGUID":"2021S051248062635","DAUID":"48062635","LANDAREA":0.3196,"PRUID":"48","fed_num":"48011","da_code":"48062635","geo_name":"48062635","name_source":{"label":"Statistics Canada Census Profile 2021 DA WDS","url":"https://www12.statcan.gc.ca/wds-sdw/2021profile-profil2021-eng.cfm"},"population":1595,"status":"ok","source":{"label":"Statistics Canada Census Profile 2021 DA WDS","url":"https://www12.statcan.gc.ca/wds-sdw/2021profile-profil2021-eng.cfm"},"community_name":"Calgary","community_source":{"label":"Statistics Canada 2021 census subdivision boundaries (spatial lookup)","url":"https://geo.statcan.gc.ca/geo_wa/rest/services/2021/Cartographic_boundary_files/MapServer/9"},"community_display":"Calgary","is_unorganized":false,"panel_title":"Calgary","display_label":"Calgary","map_label":"48062635"},"geometry":{"type":"MultiPolygon","coordinates":[[[[-114.14045727978639,51.15832674694459],[-114.14101196596211,51.15760562297365],[-114.14101387394433,51.15761584903329],[-114.14104885311482,51.15768874791067],[-114.14111019376756,51.15775256097162],[-114.1412605557403,51.15783376255374],[-114.14167541396016,51.15805769040019],[-114.1417302752541,51.160372687441885],[-114.14239820228836,51.16158596280994],[-114.14275773534726,51.16223896576389],[-114.14378108120286,51.163268853814365],[-114.14572364278696,51.16451519288833],[-114.14770381796087,51.16528966217637],[-114.14896776268742,51.165515993214896],[-114.14941195967606,51.16568578264341],[-114.14986477731604,51.16589498346051],[-114.15027397117947,51.16612429212019],[-114.15064958614892,51.16637349582744],[-114.15097977591697,51.166632997891064],[-114.15126697850664,51.16689658865298],[-114.15151168922081,51.16716398946279],[-114.15171407775301,51.16743579537535],[-114.15187537404739,51.167721589994656],[-114.15199557387186,51.167985244537924],[-114.15161764384037,51.167980440336954],[-114.14745188436139,51.16795693646668],[-114.14743746226226,51.167956859567504],[-114.14625743833636,51.16795017286822],[-114.14624301624198,51.16795009579879],[-114.14115746878664,51.16792112467061],[-114.14117658744684,51.166740977412324],[-114.14107866802807,51.166558465372994],[-114.14106836974753,51.16642816996097],[-114.14107398079489,51.16626837261265],[-114.14111218242698,51.16596187255058],[-114.14118478491955,51.16577577876041],[-114.14120068481512,51.1651491714291],[-114.14119076210928,51.16509308423281],[-114.14115526281591,51.165066983023294],[-114.14118093048026,51.161657588244275],[-114.14045727978639,51.15832674694459]]]]}},{"type":"Feature","properties":{"DGUID":"2021S051248062638","DAUID":"48062638","LANDAREA":0.6138,"PRUID":"48","fed_num":"48011","da_code":"48062638","geo_name":"48062638","name_source":{"label":"Statistics Canada Census Profile 2021 DA WDS","url":"https://www12.statcan.gc.ca/wds-sdw/2021profile-profil2021-eng.cfm"},"population":1980,"status":"ok","source":{"label":"Statistics Canada Census Profile 2021 DA WDS","url":"https://www12.statcan.gc.ca/wds-sdw/2021profile-profil2021-eng.cfm"},"community_name":"Calgary","community_source":{"label":"Statistics Canada 2021 census subdivision boundaries (spatial lookup)","url":"https://geo.statcan.gc.ca/geo_wa/rest/services/2021/Cartographic_boundary_files/MapServer/9"},"community_display":"Calgary","is_unorganized":false,"panel_title":"Calgary","display_label":"Calgary","map_label":"48062638"},"geometry":{"type":"MultiPolygon","coordinates":[[[[-114.12978277790818,51.16541922645431],[-114.12962185900325,51.16524759308192],[-114.12985128420978,51.16528049630427],[-114.13002574477811,51.16527798536227],[-114.13027076408918,51.165274490162574],[-114.13062866178227,51.165204689950805],[-114.13132106423102,51.16480410244303],[-114.13202008384165,51.16450942790756],[-114.13231716235103,51.16431580193247],[-114.13264137414392,51.16402490210212],[-114.13276172618471,51.163828303540086],[-114.13280232925275,51.16325888664941],[-114.13282465610247,51.163173409130344],[-114.13289222295012,51.163092784619195],[-114.13308666066992,51.16297049756449],[-114.13337126694877,51.162900174572805],[-114.13344967911827,51.16288079579858],[-114.13352068675196,51.16287281641914],[-114.1340214737892,51.16281659805669],[-114.13467775110666,51.16267910160655],[-114.13534233647353,51.162585573175335],[-114.13537559955826,51.16254346372195],[-114.14052925536437,51.162077388577835],[-114.14118093048026,51.161657588244275],[-114.14115526281591,51.165066983023294],[-114.14119076210928,51.16509308423281],[-114.14120068481512,51.1651491714291],[-114.14118478491955,51.16577577876041],[-114.14111218242698,51.16596187255058],[-114.14107398079489,51.16626837261265],[-114.14106836974753,51.16642816996097],[-114.14107866802807,51.166558465372994],[-114.14117658744684,51.166740977412324],[-114.14115746878664,51.16792112467061],[-114.14115772278913,51.168103468068864],[-114.14116112751867,51.170724609210254],[-114.14116128361498,51.170848086259255],[-114.1411631615734,51.17229768132969],[-114.1410052654299,51.17229557503521],[-114.14026124558261,51.172295380620305],[-114.13933934882913,51.17216488782681],[-114.13866476573013,51.17196848858627],[-114.13820497914358,51.17176838156401],[-114.13767290978015,51.17139885787563],[-114.13625505895175,51.17021847930717],[-114.13573584677222,51.169953200014895],[-114.13558937213745,51.16987836182399],[-114.13513887188705,51.1697593679404],[-114.13454227428366,51.16969077349979],[-114.13451571826053,51.1696919918632],[-114.13304205660698,51.16975956724561],[-114.13282738210962,51.16977340341947],[-114.13215007430479,51.1686007460605],[-114.13184915784645,51.16804586649877],[-114.13178476624323,51.16794554532305],[-114.13119537436569,51.16719584434332],[-114.13004226363033,51.16572144553893],[-114.1299726596316,51.16563855184566],[-114.12978277790818,51.16541922645431]]]]}},{"type":"Feature","properties":{"DGUID":"2021S051248062639","DAUID":"48062639","LANDAREA":1.3036,"PRUID":"48","fed_num":"48011","da_code":"48062639","geo_name":"48062639","name_source":{"label":"Statistics Canada Census Profile 2021 DA WDS","url":"https://www12.statcan.gc.ca/wds-sdw/2021profile-profil2021-eng.cfm"},"population":3715,"status":"ok","source":{"label":"Statistics Canada Census Profile 2021 DA WDS","url":"https://www12.statcan.gc.ca/wds-sdw/2021profile-profil2021-eng.cfm"},"community_name":"Calgary","community_source":{"label":"Statistics Canada 2021 census subdivision boundaries (spatial lookup)","url":"https://geo.statcan.gc.ca/geo_wa/rest/services/2021/Cartographic_boundary_files/MapServer/9"},"community_display":"Calgary","is_unorganized":false,"panel_title":"Calgary","display_label":"Calgary","map_label":"48062639"},"geometry":{"type":"MultiPolygon","coordinates":[[[[-114.12870576459522,51.16427062994623],[-114.12820644674517,51.16377251270961],[-114.12761544887621,51.16322462137523],[-114.12752934766395,51.163146810018475],[-114.12720374668837,51.16285662728254],[-114.12625726827392,51.16205699075034],[-114.12541915236712,51.16139588558872],[-114.12531032844562,51.16131009071378],[-114.12472014375598,51.160877084653734],[-114.12339015534127,51.15996007378477],[-114.1232929523189,51.159893683297156],[-114.12296463512943,51.1596761804657],[-114.12183614337366,51.15897606919684],[-114.12102943990804,51.158561388891286],[-114.12038515038422,51.1582760830095],[-114.11980333006835,51.15804427786047],[-114.11896024385452,51.15773475972053],[-114.11890608145676,51.15771888946131],[-114.11888494202398,51.15753957556501],[-114.11888764441758,51.15739667214167],[-114.11881653527804,51.15723846678268],[-114.11869982220327,51.1570361699735],[-114.11861201505674,51.15687636815985],[-114.11860441937898,51.15676087352158],[-114.11861013479327,51.156631469094165],[-114.11865601910465,51.1564976702684],[-114.11879202863004,51.15628186067957],[-114.11886664180196,51.15616246538934],[-114.1189103275066,51.15603107192385],[-114.11901182712874,51.155985658728426],[-114.11927371101083,51.15586115236557],[-114.11966673753858,51.15567225086765],[-114.1200333379347,51.15550365563453],[-114.12032813965261,51.15535486736463],[-114.12046443072398,51.15505015792901],[-114.12439964598671,51.15475088194034],[-114.12568523942613,51.15412068255778],[-114.13168785951602,51.15411254241345],[-114.13613101650331,51.1541093824878],[-114.13718959260376,51.154108607656234],[-114.13841688301859,51.15418354020204],[-114.13887215538199,51.15427834457053],[-114.13904101330054,51.154309940303115],[-114.13917358879843,51.15433474076715],[-114.139395158209,51.15435403676048],[-114.13944580405695,51.15435395057255],[-114.13962978248608,51.154353635102545],[-114.13990457950368,51.15432885033287],[-114.14018199835576,51.1542831538816],[-114.14055568829573,51.15421294696587],[-114.1410174815782,51.154111258898816],[-114.14102558285448,51.1542903582172],[-114.1410362681526,51.15452686952271],[-114.14102119260475,51.154599745842475],[-114.14102386286768,51.15521605720356],[-114.14099938806702,51.156308850210976],[-114.14099918832932,51.156569549950156],[-114.14099848546944,51.157499045171875],[-114.140998476302,51.15753396107231],[-114.14101196596211,51.15760562297365],[-114.14045727978639,51.15832674694459],[-114.14118093048026,51.161657588244275],[-114.14052925536437,51.162077388577835],[-114.13537559955826,51.16254346372195],[-114.13534233647353,51.162585573175335],[-114.13467775110666,51.16267910160655],[-114.1340214737892,51.16281659805669],[-114.13352068675196,51.16287281641914],[-114.13344967911827,51.16288079579858],[-114.13337126694877,51.162900174572805],[-114.13308666066992,51.16297049756449],[-114.13289222295012,51.163092784619195],[-114.13282465610247,51.163173409130344],[-114.13280232925275,51.16325888664941],[-114.13276172618471,51.163828303540086],[-114.13264137414392,51.16402490210212],[-114.13231716235103,51.16431580193247],[-114.13202008384165,51.16450942790756],[-114.13132106423102,51.16480410244303],[-114.13062866178227,51.165204689950805],[-114.13027076408918,51.165274490162574],[-114.13002574477811,51.16527798536227],[-114.12985128420978,51.16528049630427],[-114.12962185900325,51.16524759308192],[-114.12870576459522,51.16427062994623]]]]}},{"type":"Feature","properties":{"DGUID":"2021S051248062789","DAUID":"48062789","LANDAREA":0.4984,"PRUID":"48","fed_num":"48011","da_code":"48062789","geo_name":"48062789","name_source":{"label":"Statistics Canada Census Profile 2021 DA WDS","url":"https://www12.statcan.gc.ca/wds-sdw/2021profile-profil2021-eng.cfm"},"population":616,"status":"ok","source":{"label":"Statistics Canada Census Profile 2021 DA WDS","url":"https://www12.statcan.gc.ca/wds-sdw/2021profile-profil2021-eng.cfm"},"community_name":"Calgary","community_source":{"label":"Statistics Canada 2021 census subdivision boundaries (spatial lookup)","url":"https://geo.statcan.gc.ca/geo_wa/rest/services/2021/Cartographic_boundary_files/MapServer/9"},"community_display":"Calgary","is_unorganized":false,"panel_title":"Calgary","display_label":"Calgary","map_label":"48062789"},"geometry":{"type":"MultiPolygon","coordinates":[[[[-114.05172687843178,51.12513077105241],[-114.04880639089463,51.12523746982679],[-114.0484449458085,51.1254321698781],[-114.04769487849,51.12519155463772],[-114.04743096153392,51.1250795444804],[-114.0473801517408,51.12504787850745],[-114.04718699024907,51.12492744607647],[-114.0469145753225,51.12468475470378],[-114.04682785055955,51.124567592339204],[-114.0468899859578,51.12400101105382],[-114.04685137095471,51.1236767140664],[-114.04682789154798,51.12279962064751],[-114.04693360705537,51.122001718471296],[-114.04691398959457,51.12165470932484],[-114.04696477681122,51.12099070986072],[-114.04692660058762,51.12091280988679],[-114.04692718583617,51.119869919077274],[-114.04697736599132,51.11961624022661],[-114.04710460626178,51.118972725100136],[-114.04709068740407,51.11885220941991],[-114.04723068658627,51.1183699287928],[-114.04726194243713,51.118141288970556],[-114.04737831484692,51.11728901795664],[-114.04745532119257,51.1171697264978],[-114.04746870914362,51.1169206119617],[-114.04798572896665,51.115303327781724],[-114.04806853066657,51.11476592414834],[-114.04828370704496,51.11434483707758],[-114.04848532965279,51.11404972464336],[-114.04867603932227,51.11354812470642],[-114.04874013691425,51.11327972182961],[-114.04880053108573,51.11260441530962],[-114.04869072001084,51.11210432179167],[-114.0486574355706,51.111760036272294],[-114.04874565663562,51.11132573402569],[-114.0486740231461,51.11090362112732],[-114.04859070217077,51.110780955866744],[-114.04856593743112,51.11074451912639],[-114.0485472645405,51.11068909163247],[-114.04899104308669,51.11069017895573],[-114.0492472330502,51.11066747739515],[-114.04934184622128,51.110666777767946],[-114.04992866486782,51.1106630713538],[-114.05206233500456,51.11066657076072],[-114.05280525527482,51.11066726375078],[-114.05280416072237,51.1109101808864],[-114.05281933785483,51.112466584558575],[-114.05192115121159,51.11243497594223],[-114.05150953324059,51.11306316232032],[-114.05126461939179,51.1137675816162],[-114.0512668308556,51.113956565921576],[-114.05206693775564,51.11418366252506],[-114.05268551062353,51.11434317440906],[-114.052229525068,51.11499727365823],[-114.05099342137139,51.114660374233516],[-114.05015991028732,51.1158536759999],[-114.05003311496041,51.116273160001924],[-114.05006719792483,51.11663387650547],[-114.05036109633897,51.11740567923049],[-114.05143339083939,51.11739676278167],[-114.0513611078732,51.1165134579606],[-114.05147650010655,51.11604866198877],[-114.05161929875743,51.115827366611455],[-114.05275722640971,51.116134968908966],[-114.05248211643956,51.11664067931884],[-114.05235188841175,51.117114162986205],[-114.05231470638117,51.11769787462847],[-114.05234260733305,51.11815727915113],[-114.0519699095172,51.11817486485552],[-114.0508689056832,51.11818305513172],[-114.05080639566772,51.118306524370205],[-114.05050928073535,51.11889356943567],[-114.05021699545898,51.11921907535717],[-114.05005428651619,51.119529769408814],[-114.04982358147768,51.12000966100131],[-114.0497573032288,51.12037677109798],[-114.0498045960354,51.12053087706362],[-114.04983769163115,51.12068456944935],[-114.05007450171323,51.12100537101766],[-114.05044319046951,51.12127555946368],[-114.05091361237099,51.12107157299287],[-114.05126058377479,51.12100835979322],[-114.05274749527905,51.121000866155796],[-114.05320469696706,51.121003461026554],[-114.05364762013423,51.121005576625635],[-114.0536360006182,51.12320907003111],[-114.05363696356734,51.12386566592084],[-114.05363469954867,51.124351375296484],[-114.05363059965431,51.12486397112355],[-114.05376987474739,51.12514637826813],[-114.05327037873386,51.12513376360893],[-114.05274176824558,51.12512937924746],[-114.05172687843178,51.12513077105241]]]]}},{"type":"Feature","properties":{"DGUID":"2021S051248062790","DAUID":"48062790","LANDAREA":0.4094,"PRUID":"48","fed_num":"48011","da_code":"48062790","geo_name":"48062790","name_source":{"label":"Statistics Canada Census Profile 2021 DA WDS","url":"https://www12.statcan.gc.ca/wds-sdw/2021profile-profil2021-eng.cfm"},"population":1267,"status":"ok","source":{"label":"Statistics Canada Census Profile 2021 DA WDS","url":"https://www12.statcan.gc.ca/wds-sdw/2021profile-profil2021-eng.cfm"},"community_name":"Calgary","community_source":{"label":"Statistics Canada 2021 census subdivision boundaries (spatial lookup)","url":"https://geo.statcan.gc.ca/geo_wa/rest/services/2021/Cartographic_boundary_files/MapServer/9"},"community_display":"Calgary","is_unorganized":false,"panel_title":"Calgary","display_label":"Calgary","map_label":"48062790"},"geometry":{"type":"MultiPolygon","coordinates":[[[[-114.07119475453544,51.13432042466374],[-114.06616867556863,51.13258307486874],[-114.06493168097778,51.13215540430534],[-114.06304189226977,51.13152320860134],[-114.06146558314926,51.13113279095035],[-114.0586144789161,51.130557392364985],[-114.05703026506072,51.130067688115176],[-114.05579258038665,51.129523777970626],[-114.05291495157452,51.12802106661938],[-114.05113916629342,51.12695086159324],[-114.05054497705169,51.12663005827813],[-114.04983487430778,51.126333270194],[-114.0492874672878,51.126175557341305],[-114.0484754677072,51.1260339607665],[-114.04838277335396,51.12601774358358],[-114.047289992926,51.125963457485526],[-114.04673215584452,51.12593573457809],[-114.0466950840116,51.12526180974693],[-114.04676888214114,51.12510519546302],[-114.04682785055955,51.124567592339204],[-114.0469145753225,51.12468475470378],[-114.04718699024907,51.12492744607647],[-114.0473801517408,51.12504787850745],[-114.04743096153392,51.1250795444804],[-114.04769487849,51.12519155463772],[-114.0484449458085,51.1254321698781],[-114.04880639089463,51.12523746982679],[-114.05172687843178,51.12513077105241],[-114.05274176824558,51.12512937924746],[-114.05327037873386,51.12513376360893],[-114.05376987474739,51.12514637826813],[-114.05399308206175,51.12545777151343],[-114.05463688045882,51.12589677677752],[-114.05528538976516,51.12626387075212],[-114.05546457149907,51.126367390372224],[-114.05567177519424,51.12648046954922],[-114.05668448747501,51.12696477683079],[-114.0558617922914,51.127537676514116],[-114.05538109600393,51.12790337764238],[-114.05592799999604,51.12829497252698],[-114.05621910684076,51.1284371841325],[-114.05708738177711,51.12894478457657],[-114.05823888252095,51.12949548803046],[-114.05888170950337,51.129727584811505],[-114.05962838934754,51.1298993047922],[-114.06095691032232,51.130139594457006],[-114.06155739995262,51.12901229199493],[-114.06156482044132,51.127996083622314],[-114.06232349208557,51.12797918328552],[-114.06353941847708,51.12773989951561],[-114.06385739396944,51.128134695400796],[-114.06417310184513,51.12834049719074],[-114.06321919361658,51.12895520000288],[-114.06273120624476,51.12943760569163],[-114.0622288859794,51.13036940559062],[-114.0629327986619,51.13053999229877],[-114.06392678906246,51.13087080437247],[-114.0651172075487,51.13126049792071],[-114.06633671673669,51.131642007794326],[-114.06714692435662,51.131941097130415],[-114.0671581183413,51.13194266528443],[-114.06777030602652,51.13202871786178],[-114.06776092774787,51.130598295279185],[-114.06896212429416,51.13059250195433],[-114.0689738390686,51.13198700704476],[-114.07016133501929,51.13174692630353],[-114.07018534030885,51.129786709982575],[-114.06658241499275,51.129795197214925],[-114.06669422002075,51.12893448856478],[-114.06764992764998,51.128967507424385],[-114.07016693572943,51.1289496865934],[-114.07146736470536,51.12895530489572],[-114.07162407523253,51.12895849428015],[-114.07164131934888,51.12982826371558],[-114.07329843995075,51.129837715545165],[-114.07341096417717,51.12986749533972],[-114.0734294386643,51.130704520828004],[-114.0734401753587,51.13189202189338],[-114.07334885469815,51.131979704575286],[-114.0731352381337,51.13196542119393],[-114.07213785843905,51.13168849929216],[-114.07160490453442,51.13163547279224],[-114.07161556328697,51.1325453187279],[-114.07143662833845,51.132774172412404],[-114.07143986685568,51.13277742448252],[-114.07156103294221,51.133122224966975],[-114.07159240842897,51.134194926391395],[-114.07159237744162,51.134243299412454],[-114.07161733738815,51.134490815790095],[-114.07138031837596,51.13439501396595],[-114.07120581374672,51.134324860376466],[-114.07119475453544,51.13432042466374]]]]}}]}