{"type":"FeatureCollection","features":[{"type":"Feature","properties":{"DGUID":"2021S051248060492","DAUID":"48060492","LANDAREA":0.2261,"PRUID":"48","fed_num":"48008","da_code":"48060492","geo_name":"48060492","name_source":{"label":"Statistics Canada Census Profile 2021 DA WDS","url":"https://www12.statcan.gc.ca/wds-sdw/2021profile-profil2021-eng.cfm"},"population":830,"status":"ok","source":{"label":"Statistics Canada Census Profile 2021 DA WDS","url":"https://www12.statcan.gc.ca/wds-sdw/2021profile-profil2021-eng.cfm"},"community_name":"Calgary","community_source":{"label":"Statistics Canada 2021 census subdivision boundaries (spatial lookup)","url":"https://geo.statcan.gc.ca/geo_wa/rest/services/2021/Cartographic_boundary_files/MapServer/9"},"community_display":"Calgary","is_unorganized":false,"panel_title":"Calgary","display_label":"Calgary","map_label":"48060492"},"geometry":{"type":"MultiPolygon","coordinates":[[[[-114.08279044188829,50.91300089476544],[-114.08277256678173,50.912604683119476],[-114.08269915237847,50.91241399148627],[-114.08337524085833,50.91229589177415],[-114.08481676196598,50.91222399141736],[-114.08400076353388,50.91139408493069],[-114.08340304852437,50.91071350376991],[-114.08442647331415,50.9102767651673],[-114.08455786651464,50.9102206891468],[-114.08534545936435,50.90983923512875],[-114.08551156875464,50.909758784790554],[-114.08604948803847,50.90957429202017],[-114.08694366054677,50.90938079937675],[-114.08752085918695,50.909251191824985],[-114.08792977229754,50.909081589473686],[-114.08894468345571,50.90854919521726],[-114.08984406155905,50.90918330597413],[-114.09022014991358,50.90976839512175],[-114.09031887671965,50.91023859302047],[-114.0902504470567,50.910650595794465],[-114.09015295561301,50.910846109818806],[-114.08967616863143,50.91141889560251],[-114.08943785013822,50.911817700472156],[-114.08940976114744,50.91226670971798],[-114.08941668216481,50.91306750754995],[-114.08941296350619,50.913355188687135],[-114.08934884498967,50.913470592846906],[-114.08933227243116,50.91396490257329],[-114.08932385896827,50.91409960024118],[-114.08557289756673,50.91409417775168],[-114.0828218401192,50.914090109442455],[-114.08281615050193,50.913955003681764],[-114.08280286695374,50.91371179277722],[-114.08279044188829,50.91300089476544]]]]}},{"type":"Feature","properties":{"DGUID":"2021S051248060493","DAUID":"48060493","LANDAREA":0.0597,"PRUID":"48","fed_num":"48008","da_code":"48060493","geo_name":"48060493","name_source":{"label":"Statistics Canada Census Profile 2021 DA WDS","url":"https://www12.statcan.gc.ca/wds-sdw/2021profile-profil2021-eng.cfm"},"population":216,"status":"ok","source":{"label":"Statistics Canada Census Profile 2021 DA WDS","url":"https://www12.statcan.gc.ca/wds-sdw/2021profile-profil2021-eng.cfm"},"community_name":"Calgary","community_source":{"label":"Statistics Canada 2021 census subdivision boundaries (spatial lookup)","url":"https://geo.statcan.gc.ca/geo_wa/rest/services/2021/Cartographic_boundary_files/MapServer/9"},"community_display":"Calgary","is_unorganized":false,"panel_title":"Calgary","display_label":"Calgary","map_label":"48060493"},"geometry":{"type":"MultiPolygon","coordinates":[[[[-114.08145335469905,50.912994490782395],[-114.08143435646333,50.912616184042335],[-114.08130466430936,50.9124150811945],[-114.08108807046358,50.91223869297927],[-114.08053164500842,50.912035894272854],[-114.07947394226198,50.91165858003345],[-114.07891113613073,50.911329696721324],[-114.078534271402,50.91098748608587],[-114.07815256696824,50.910267297500596],[-114.0794592525901,50.910075088069135],[-114.07973865181411,50.91061278021722],[-114.07994047764028,50.910797796718605],[-114.08035366548243,50.911014991785535],[-114.08144096742076,50.91137499208806],[-114.08188366532391,50.91157498563642],[-114.08240787396687,50.911156384101155],[-114.08340304852437,50.91071350376991],[-114.08400076353388,50.91139408493069],[-114.08481676196598,50.91222399141736],[-114.08337524085833,50.91229589177415],[-114.08269915237847,50.91241399148627],[-114.08277256678173,50.912604683119476],[-114.08279044188829,50.91300089476544],[-114.08145335469905,50.912994490782395]]]]}},{"type":"Feature","properties":{"DGUID":"2021S051248060494","DAUID":"48060494","LANDAREA":0.1628,"PRUID":"48","fed_num":"48008","da_code":"48060494","geo_name":"48060494","name_source":{"label":"Statistics Canada Census Profile 2021 DA WDS","url":"https://www12.statcan.gc.ca/wds-sdw/2021profile-profil2021-eng.cfm"},"population":600,"status":"ok","source":{"label":"Statistics Canada Census Profile 2021 DA WDS","url":"https://www12.statcan.gc.ca/wds-sdw/2021profile-profil2021-eng.cfm"},"community_name":"Calgary","community_source":{"label":"Statistics Canada 2021 census subdivision boundaries (spatial lookup)","url":"https://geo.statcan.gc.ca/geo_wa/rest/services/2021/Cartographic_boundary_files/MapServer/9"},"community_display":"Calgary","is_unorganized":false,"panel_title":"Calgary","display_label":"Calgary","map_label":"48060494"},"geometry":{"type":"MultiPolygon","coordinates":[[[[-114.07389773561229,50.91231947909226],[-114.0738355401579,50.91172419647875],[-114.07464115898557,50.91158248487936],[-114.07592294310993,50.911335787968234],[-114.07538477289852,50.9101619909206],[-114.07631915043551,50.90955568643522],[-114.07658103753585,50.90946328128707],[-114.07691057606341,50.90942658917685],[-114.0775293573411,50.90954108179011],[-114.07773685313656,50.90963619289678],[-114.07797893794951,50.90985818235429],[-114.07815256696824,50.910267297500596],[-114.078534271402,50.91098748608587],[-114.07891113613073,50.911329696721324],[-114.07947394226198,50.91165858003345],[-114.08053164500842,50.912035894272854],[-114.08108807046358,50.91223869297927],[-114.08130466430936,50.9124150811945],[-114.08143435646333,50.912616184042335],[-114.08145335469905,50.912994490782395],[-114.08279044188829,50.91300089476544],[-114.08280286695374,50.91371179277722],[-114.08281615050193,50.913955003681764],[-114.0828218401192,50.914090109442455],[-114.08102844657965,50.91409918385594],[-114.08002155081125,50.91404698493685],[-114.07912243053038,50.913862592351066],[-114.07758564516679,50.913410292685235],[-114.07674283425746,50.91323629150653],[-114.07435273249072,50.91300549480255],[-114.07401285301663,50.912978989676326],[-114.07378613233186,50.912964285816244],[-114.07380932867162,50.91282099765821],[-114.07385694076198,50.91251627779612],[-114.07389773561229,50.91231947909226]]]]}},{"type":"Feature","properties":{"DGUID":"2021S051248060495","DAUID":"48060495","LANDAREA":0.1447,"PRUID":"48","fed_num":"48008","da_code":"48060495","geo_name":"48060495","name_source":{"label":"Statistics Canada Census Profile 2021 DA WDS","url":"https://www12.statcan.gc.ca/wds-sdw/2021profile-profil2021-eng.cfm"},"population":551,"status":"ok","source":{"label":"Statistics Canada Census Profile 2021 DA WDS","url":"https://www12.statcan.gc.ca/wds-sdw/2021profile-profil2021-eng.cfm"},"community_name":"Calgary","community_source":{"label":"Statistics Canada 2021 census subdivision boundaries (spatial lookup)","url":"https://geo.statcan.gc.ca/geo_wa/rest/services/2021/Cartographic_boundary_files/MapServer/9"},"community_display":"Calgary","is_unorganized":false,"panel_title":"Calgary","display_label":"Calgary","map_label":"48060495"},"geometry":{"type":"MultiPolygon","coordinates":[[[[-114.07857876388319,50.9150452998372],[-114.07824865223405,50.91509098282018],[-114.07794304733011,50.915200303244106],[-114.07754193586733,50.91546909161139],[-114.07714923241066,50.91628679328034],[-114.07649842301875,50.91622549994956],[-114.0758842410879,50.91626408177376],[-114.07541033844588,50.916333185385035],[-114.07522054567619,50.91640939944405],[-114.07481762855848,50.91648019106865],[-114.07451591626162,50.91652658884753],[-114.0743000328116,50.91656619739329],[-114.07426415029069,50.91645739449491],[-114.07414294275094,50.91612150075489],[-114.07386461842688,50.91534100189007],[-114.07367834122032,50.91445479714518],[-114.073651822958,50.913743488281106],[-114.0737442525333,50.91317908721129],[-114.07378613233186,50.912964285816244],[-114.07401285301663,50.912978989676326],[-114.07435273249072,50.91300549480255],[-114.07674283425746,50.91323629150653],[-114.07758564516679,50.913410292685235],[-114.07912243053038,50.913862592351066],[-114.08002155081125,50.91404698493685],[-114.08102844657965,50.91409918385594],[-114.0828218401192,50.914090109442455],[-114.0843273704683,50.91504520159937],[-114.08301864041299,50.91503948467716],[-114.08071315705627,50.915044783429074],[-114.07986022608702,50.9150323859277],[-114.07857876388319,50.9150452998372]]]]}},{"type":"Feature","properties":{"DGUID":"2021S051248060496","DAUID":"48060496","LANDAREA":0.1405,"PRUID":"48","fed_num":"48008","da_code":"48060496","geo_name":"48060496","name_source":{"label":"Statistics Canada Census Profile 2021 DA WDS","url":"https://www12.statcan.gc.ca/wds-sdw/2021profile-profil2021-eng.cfm"},"population":622,"status":"ok","source":{"label":"Statistics Canada Census Profile 2021 DA WDS","url":"https://www12.statcan.gc.ca/wds-sdw/2021profile-profil2021-eng.cfm"},"community_name":"Calgary","community_source":{"label":"Statistics Canada 2021 census subdivision boundaries (spatial lookup)","url":"https://geo.statcan.gc.ca/geo_wa/rest/services/2021/Cartographic_boundary_files/MapServer/9"},"community_display":"Calgary","is_unorganized":false,"panel_title":"Calgary","display_label":"Calgary","map_label":"48060496"},"geometry":{"type":"MultiPolygon","coordinates":[[[[-114.07794304733011,50.915200303244106],[-114.07824865223405,50.91509098282018],[-114.07857876388319,50.9150452998372],[-114.07986022608702,50.9150323859277],[-114.08071315705627,50.915044783429074],[-114.08301864041299,50.91503948467716],[-114.0843273704683,50.91504520159937],[-114.08475184816444,50.91508280690748],[-114.08532193186748,50.915294895811],[-114.08550734252435,50.9155154876443],[-114.08559164490067,50.9157604075081],[-114.08556682626521,50.91752280703561],[-114.08171042393938,50.917525397621745],[-114.08068913379789,50.91747278284724],[-114.08018502459647,50.91734330272378],[-114.07839053960143,50.91668669223126],[-114.07714923241066,50.91628679328034],[-114.07754193586733,50.91546909161139],[-114.07794304733011,50.915200303244106]]]]}},{"type":"Feature","properties":{"DGUID":"2021S051248060497","DAUID":"48060497","LANDAREA":0.143,"PRUID":"48","fed_num":"48008","da_code":"48060497","geo_name":"48060497","name_source":{"label":"Statistics Canada Census Profile 2021 DA WDS","url":"https://www12.statcan.gc.ca/wds-sdw/2021profile-profil2021-eng.cfm"},"population":387,"status":"ok","source":{"label":"Statistics Canada Census Profile 2021 DA WDS","url":"https://www12.statcan.gc.ca/wds-sdw/2021profile-profil2021-eng.cfm"},"community_name":"Calgary","community_source":{"label":"Statistics Canada 2021 census subdivision boundaries (spatial lookup)","url":"https://geo.statcan.gc.ca/geo_wa/rest/services/2021/Cartographic_boundary_files/MapServer/9"},"community_display":"Calgary","is_unorganized":false,"panel_title":"Calgary","display_label":"Calgary","map_label":"48060497"},"geometry":{"type":"MultiPolygon","coordinates":[[[[-114.08235001598098,50.91958320875898],[-114.08111041139783,50.91938131038051],[-114.08097101734474,50.92001651161538],[-114.07967690805015,50.92000209182759],[-114.07838229897698,50.91999668880955],[-114.0777934119947,50.91985598477097],[-114.07757171210304,50.91976049439475],[-114.07738241686503,50.91960279848305],[-114.07722932386741,50.91932009221034],[-114.07721212049108,50.9189148932463],[-114.07540603228331,50.91889668294341],[-114.07538871800355,50.918491486469634],[-114.0752703236383,50.9181106815155],[-114.07499541292584,50.91727629256519],[-114.07618701176364,50.91710818563942],[-114.07662851949478,50.91710128253305],[-114.07692461826126,50.91714469021056],[-114.0777039206527,50.91742509655716],[-114.07839053960143,50.91668669223126],[-114.08018502459647,50.91734330272378],[-114.08068913379789,50.91747278284724],[-114.08171042393938,50.917525397621745],[-114.08170692850587,50.918262895968425],[-114.08302825031524,50.91829589526665],[-114.08282853142427,50.91875869796624],[-114.08289062695104,50.91890410710734],[-114.08384883648806,50.91905400293387],[-114.0847167250287,50.91905771360669],[-114.08469903164617,50.919794891344004],[-114.08346290941374,50.91976400424001],[-114.08235001598098,50.91958320875898]]]]}},{"type":"Feature","properties":{"DGUID":"2021S051248060498","DAUID":"48060498","LANDAREA":0.2011,"PRUID":"48","fed_num":"48008","da_code":"48060498","geo_name":"48060498","name_source":{"label":"Statistics Canada Census Profile 2021 DA WDS","url":"https://www12.statcan.gc.ca/wds-sdw/2021profile-profil2021-eng.cfm"},"population":402,"status":"ok","source":{"label":"Statistics Canada Census Profile 2021 DA WDS","url":"https://www12.statcan.gc.ca/wds-sdw/2021profile-profil2021-eng.cfm"},"community_name":"Calgary","community_source":{"label":"Statistics Canada 2021 census subdivision boundaries (spatial lookup)","url":"https://geo.statcan.gc.ca/geo_wa/rest/services/2021/Cartographic_boundary_files/MapServer/9"},"community_display":"Calgary","is_unorganized":false,"panel_title":"Calgary","display_label":"Calgary","map_label":"48060498"},"geometry":{"type":"MultiPolygon","coordinates":[[[[-114.08099440305872,50.9210065115763],[-114.08097101734474,50.92001651161538],[-114.08111041139783,50.91938131038051],[-114.08235001598098,50.91958320875898],[-114.08346290941374,50.91976400424001],[-114.08469903164617,50.919794891344004],[-114.0847167250287,50.91905771360669],[-114.08384883648806,50.91905400293387],[-114.08289062695104,50.91890410710734],[-114.08282853142427,50.91875869796624],[-114.08302825031524,50.91829589526665],[-114.08170692850587,50.918262895968425],[-114.08171042393938,50.917525397621745],[-114.08556682626521,50.91752280703561],[-114.08629036492034,50.91755890809742],[-114.08681155765483,50.91764391073023],[-114.08738455608517,50.91781109451938],[-114.08844973011757,50.91807160626197],[-114.08927204896986,50.91811910178459],[-114.08925434649687,50.9199986100189],[-114.08926763950667,50.92092540997681],[-114.08925933434155,50.92128500871141],[-114.08168912026642,50.92127580338983],[-114.08099172139201,50.92127630291498],[-114.08099440305872,50.9210065115763]]]]}},{"type":"Feature","properties":{"DGUID":"2021S051248060499","DAUID":"48060499","LANDAREA":0.3304,"PRUID":"48","fed_num":"48008","da_code":"48060499","geo_name":"48060499","name_source":{"label":"Statistics Canada Census Profile 2021 DA WDS","url":"https://www12.statcan.gc.ca/wds-sdw/2021profile-profil2021-eng.cfm"},"population":1579,"status":"ok","source":{"label":"Statistics Canada Census Profile 2021 DA WDS","url":"https://www12.statcan.gc.ca/wds-sdw/2021profile-profil2021-eng.cfm"},"community_name":"Calgary","community_source":{"label":"Statistics Canada 2021 census subdivision boundaries (spatial lookup)","url":"https://geo.statcan.gc.ca/geo_wa/rest/services/2021/Cartographic_boundary_files/MapServer/9"},"community_display":"Calgary","is_unorganized":false,"panel_title":"Calgary","display_label":"Calgary","map_label":"48060499"},"geometry":{"type":"MultiPolygon","coordinates":[[[[-114.0714136214287,50.918546189103964],[-114.07088695806468,50.91697448675569],[-114.07075925285604,50.916551187998266],[-114.07067912729669,50.91618979752557],[-114.07061104069079,50.915883189535506],[-114.07054465268374,50.9155526860548],[-114.07050074776095,50.91522788163013],[-114.07047313994711,50.914911795896664],[-114.07042733182908,50.91336307804614],[-114.0704324681295,50.91287247586257],[-114.07043256901261,50.912864333265546],[-114.07052977738796,50.91285479056906],[-114.07064924230835,50.91284307128435],[-114.07090893962125,50.91282462415575],[-114.0710783335936,50.91281258940333],[-114.07115023845462,50.9128074926291],[-114.07182241654424,50.912812886917536],[-114.07243172588328,50.91283747893362],[-114.07284194585657,50.912859581162834],[-114.0733884282678,50.91290669092803],[-114.07378613233186,50.912964285816244],[-114.0737442525333,50.91317908721129],[-114.073651822958,50.913743488281106],[-114.07367834122032,50.91445479714518],[-114.07386461842688,50.91534100189007],[-114.07414294275094,50.91612150075489],[-114.07426415029069,50.91645739449491],[-114.0743000328116,50.91656619739329],[-114.07451591626162,50.91652658884753],[-114.07481762855848,50.91648019106865],[-114.07522054567619,50.91640939944405],[-114.07541033844588,50.916333185385035],[-114.0758842410879,50.91626408177376],[-114.07649842301875,50.91622549994956],[-114.07714923241066,50.91628679328034],[-114.07839053960143,50.91668669223126],[-114.0777039206527,50.91742509655716],[-114.07692461826126,50.91714469021056],[-114.07662851949478,50.91710128253305],[-114.07618701176364,50.91710818563942],[-114.07499541292584,50.91727629256519],[-114.0752703236383,50.9181106815155],[-114.07538871800355,50.918491486469634],[-114.07540603228331,50.91889668294341],[-114.07721212049108,50.9189148932463],[-114.07722932386741,50.91932009221034],[-114.07738241686503,50.91960279848305],[-114.07757171210304,50.91976049439475],[-114.0777934119947,50.91985598477097],[-114.07838229897698,50.91999668880955],[-114.07967690805015,50.92000209182759],[-114.08097101734474,50.92001651161538],[-114.08099440305872,50.9210065115763],[-114.08099172139201,50.92127630291498],[-114.07615229596982,50.92129009004109],[-114.07515490586718,50.921309986025655],[-114.07495602775136,50.92130499599511],[-114.07438649763485,50.92130880645458],[-114.07320551459195,50.921306081207675],[-114.07248320350566,50.921252002761534],[-114.07247960856687,50.92124999490963],[-114.07234188913758,50.92117312658462],[-114.07230866059233,50.92115459643973],[-114.0723082159085,50.92115329501392],[-114.07188545323362,50.9199485873729],[-114.0714136214287,50.918546189103964]]]]}},{"type":"Feature","properties":{"DGUID":"2021S051248060500","DAUID":"48060500","LANDAREA":0.8573,"PRUID":"48","fed_num":"48008","da_code":"48060500","geo_name":"48060500","name_source":{"label":"Statistics Canada Census Profile 2021 DA WDS","url":"https://www12.statcan.gc.ca/wds-sdw/2021profile-profil2021-eng.cfm"},"population":1729,"status":"ok","source":{"label":"Statistics Canada Census Profile 2021 DA WDS","url":"https://www12.statcan.gc.ca/wds-sdw/2021profile-profil2021-eng.cfm"},"community_name":"Calgary","community_source":{"label":"Statistics Canada 2021 census subdivision boundaries (spatial lookup)","url":"https://geo.statcan.gc.ca/geo_wa/rest/services/2021/Cartographic_boundary_files/MapServer/9"},"community_display":"Calgary","is_unorganized":false,"panel_title":"Calgary","display_label":"Calgary","map_label":"48060500"},"geometry":{"type":"MultiPolygon","coordinates":[[[[-114.07304464641389,50.921872310551365],[-114.07283961756032,50.92151344474611],[-114.07246595473669,50.92160253145728],[-114.07230866059233,50.92115459643973],[-114.07234188913758,50.92117312658462],[-114.07247960856687,50.92124999490963],[-114.07248320350566,50.921252002761534],[-114.07320551459195,50.921306081207675],[-114.07438649763485,50.92130880645458],[-114.07495602775136,50.92130499599511],[-114.07515490586718,50.921309986025655],[-114.07615229596982,50.92129009004109],[-114.08099172139201,50.92127630291498],[-114.08168912026642,50.92127580338983],[-114.08925933434155,50.92128500871141],[-114.09011304267408,50.92128831599072],[-114.09280244233493,50.92129240569399],[-114.09488023920757,50.921290220205],[-114.09487184273246,50.92142492150947],[-114.0948790488477,50.9217669206783],[-114.09487321399958,50.92231541117157],[-114.09488071271294,50.92242352077059],[-114.09487333064934,50.92299901598472],[-114.0948718441088,50.92336831751903],[-114.09486733718043,50.924465114253195],[-114.0948574291802,50.9259940029991],[-114.09485412133762,50.927873824971016],[-114.09485191595893,50.92973570359303],[-114.0935570034835,50.92973051891014],[-114.09246317558843,50.929694209339736],[-114.0915620803963,50.92953681635897],[-114.09131247525148,50.929431710198905],[-114.09099850361481,50.92921699823842],[-114.09085229375549,50.92905141694291],[-114.09079808847102,50.92878022304739],[-114.09084418946358,50.92826860061007],[-114.09077168399665,50.927835105768864],[-114.09050880603672,50.9274867115336],[-114.09020681261813,50.927308306494616],[-114.08792688779529,50.92666672172146],[-114.08761709363195,50.92661400930061],[-114.08507740391258,50.92648761624169],[-114.08442200132355,50.92649821438486],[-114.08399070880112,50.92656840003432],[-114.08264028485051,50.92676850800917],[-114.08236920766203,50.926779704312565],[-114.08189110273518,50.926686798776316],[-114.08158689879922,50.92654428632194],[-114.08125579386646,50.926149191451096],[-114.08090931079212,50.925546897313225],[-114.08043048161122,50.9252381046342],[-114.0784912063658,50.92438898510959],[-114.07811488743488,50.92426259855744],[-114.07746459256985,50.924192298430356],[-114.07688150064753,50.9241867108527],[-114.07632731728562,50.924172788470344],[-114.07516208851631,50.924143596025594],[-114.07496320001765,50.924138687725424],[-114.07433631715263,50.92414990558593],[-114.07375418002991,50.92367431386757],[-114.07352081106049,50.92310121627557],[-114.07342977700443,50.92273183475391],[-114.0733982190627,50.922603702172694],[-114.07336077453057,50.92245173909956],[-114.07304464641389,50.921872310551365]]]]}},{"type":"Feature","properties":{"DGUID":"2021S051248060501","DAUID":"48060501","LANDAREA":0.6713,"PRUID":"48","fed_num":"48008","da_code":"48060501","geo_name":"48060501","name_source":{"label":"Statistics Canada Census Profile 2021 DA WDS","url":"https://www12.statcan.gc.ca/wds-sdw/2021profile-profil2021-eng.cfm"},"population":430,"status":"ok","source":{"label":"Statistics Canada Census Profile 2021 DA WDS","url":"https://www12.statcan.gc.ca/wds-sdw/2021profile-profil2021-eng.cfm"},"community_name":"Calgary","community_source":{"label":"Statistics Canada 2021 census subdivision boundaries (spatial lookup)","url":"https://geo.statcan.gc.ca/geo_wa/rest/services/2021/Cartographic_boundary_files/MapServer/9"},"community_display":"Calgary","is_unorganized":false,"panel_title":"Calgary","display_label":"Calgary","map_label":"48060501"},"geometry":{"type":"MultiPolygon","coordinates":[[[[-114.08882855478544,50.93336694592232],[-114.08794733630582,50.93344315389565],[-114.08748016776055,50.933630637214804],[-114.08692437761518,50.93360265955213],[-114.0867236749504,50.93341501138688],[-114.08690896626543,50.93307332566483],[-114.08711498657223,50.93233407544244],[-114.08723413588822,50.93182174797898],[-114.08720897961257,50.93135010054705],[-114.08732379824463,50.93104109812379],[-114.08735928079965,50.93059447106914],[-114.08720942928068,50.92997111680448],[-114.08680679742743,50.929566882433264],[-114.08601952427715,50.92921103276552],[-114.08529666332255,50.92913384659708],[-114.08489457274578,50.92907624479249],[-114.08416876874081,50.92932019721964],[-114.08382116453856,50.92954637603547],[-114.0828817112944,50.92973736862675],[-114.08236168955919,50.92968856732654],[-114.08191845970025,50.929508019431374],[-114.08113474548459,50.929191484598626],[-114.08054803235669,50.92908293315026],[-114.07986129562124,50.92909770361468],[-114.07907126210878,50.929304507718406],[-114.07827237342619,50.92944386596717],[-114.07750133999305,50.92952384719748],[-114.07574258823959,50.92954856389375],[-114.0745131646445,50.92950709599635],[-114.07353419594406,50.92954721681167],[-114.07250395104752,50.929139977439746],[-114.07228990904642,50.92907809935784],[-114.07243779039314,50.92880568456008],[-114.07277548491018,50.92812550001261],[-114.073344224272,50.92696890456166],[-114.07340631754555,50.92680548803123],[-114.07340736496107,50.92680276979708],[-114.07343791046912,50.926722498004914],[-114.07345710333914,50.92666168346204],[-114.07345810503763,50.92665850782021],[-114.07352670928854,50.92644190119384],[-114.07357582537887,50.926234182311845],[-114.07361849724299,50.925964693723955],[-114.07362883298414,50.9257425013062],[-114.07362812204809,50.92555458691997],[-114.07360962469691,50.92532218352251],[-114.07357872177751,50.92511300308497],[-114.07357414760556,50.925092586113465],[-114.07368738675818,50.92495249584615],[-114.07392467874486,50.92465903648681],[-114.07433631715263,50.92414990558593],[-114.07496320001765,50.924138687725424],[-114.07516208851631,50.924143596025594],[-114.07632731728562,50.924172788470344],[-114.07688150064753,50.9241867108527],[-114.07746459256985,50.924192298430356],[-114.07811488743488,50.92426259855744],[-114.0784912063658,50.92438898510959],[-114.08043048161122,50.9252381046342],[-114.08090931079212,50.925546897313225],[-114.08125579386646,50.926149191451096],[-114.08158689879922,50.92654428632194],[-114.08189110273518,50.926686798776316],[-114.08236920766203,50.926779704312565],[-114.08264028485051,50.92676850800917],[-114.08399070880112,50.92656840003432],[-114.08442200132355,50.92649821438486],[-114.08507740391258,50.92648761624169],[-114.08761709363195,50.92661400930061],[-114.08792688779529,50.92666672172146],[-114.09020681261813,50.927308306494616],[-114.09050880603672,50.9274867115336],[-114.09077168399665,50.927835105768864],[-114.09084418946358,50.92826860061007],[-114.09079808847102,50.92878022304739],[-114.09085229375549,50.92905141694291],[-114.09099850361481,50.92921699823842],[-114.09131247525148,50.929431710198905],[-114.0915620803963,50.92953681635897],[-114.09246317558843,50.929694209339736],[-114.0935570034835,50.92973051891014],[-114.09485191595893,50.92973570359303],[-114.09482540321645,50.930616615612024],[-114.09474728239039,50.9309565271154],[-114.0947597667488,50.93217279191722],[-114.09410574123179,50.93201670381071],[-114.09290684037279,50.93188229778561],[-114.09248208428855,50.931940737621055],[-114.0918967711463,50.93207550986242],[-114.09153050419334,50.9321890783319],[-114.091200210012,50.932391785348756],[-114.09083290895377,50.93269071610998],[-114.09064966479566,50.93298074260674],[-114.09042225808368,50.933335166718656],[-114.08987007410042,50.93317971854211],[-114.08882855478544,50.93336694592232]]]]}},{"type":"Feature","properties":{"DGUID":"2021S051248060502","DAUID":"48060502","LANDAREA":0.1552,"PRUID":"48","fed_num":"48008","da_code":"48060502","geo_name":"48060502","name_source":{"label":"Statistics Canada Census Profile 2021 DA WDS","url":"https://www12.statcan.gc.ca/wds-sdw/2021profile-profil2021-eng.cfm"},"population":493,"status":"ok","source":{"label":"Statistics Canada Census Profile 2021 DA WDS","url":"https://www12.statcan.gc.ca/wds-sdw/2021profile-profil2021-eng.cfm"},"community_name":"Calgary","community_source":{"label":"Statistics Canada 2021 census subdivision boundaries (spatial lookup)","url":"https://geo.statcan.gc.ca/geo_wa/rest/services/2021/Cartographic_boundary_files/MapServer/9"},"community_display":"Calgary","is_unorganized":false,"panel_title":"Calgary","display_label":"Calgary","map_label":"48060502"},"geometry":{"type":"MultiPolygon","coordinates":[[[[-114.09485191595893,50.92973570359303],[-114.09485412133762,50.927873824971016],[-114.09605981037124,50.927939803141726],[-114.09688061244033,50.928014228459524],[-114.09749391902521,50.92799351183098],[-114.0992109578375,50.92774147641551],[-114.10032374087535,50.927578124268216],[-114.10082250789522,50.92733873371433],[-114.10196492764118,50.92773583574538],[-114.10205931436909,50.92781911571725],[-114.10206961204078,50.927882428995765],[-114.1015518080144,50.92842722079137],[-114.10111682570114,50.92878521760211],[-114.10095320567143,50.928898039247635],[-114.1000132054352,50.929594310489726],[-114.09964582112006,50.9300079163377],[-114.09946941346536,50.93032742518299],[-114.09933468189065,50.930890714782564],[-114.09932629837093,50.93102542059387],[-114.09930031815291,50.93167242980295],[-114.09920940713148,50.931760129226895],[-114.09763190345141,50.93172091088909],[-114.09743459698218,50.93168902457839],[-114.09676640685213,50.93144751695695],[-114.09598788831244,50.931149214688915],[-114.09572898819609,50.93096292434386],[-114.09535870597323,50.93073781279407],[-114.09512219908235,50.930651002141296],[-114.09482540321645,50.930616615612024],[-114.09485191595893,50.92973570359303]]]]}},{"type":"Feature","properties":{"DGUID":"2021S051248060505","DAUID":"48060505","LANDAREA":0.1103,"PRUID":"48","fed_num":"48008","da_code":"48060505","geo_name":"48060505","name_source":{"label":"Statistics Canada Census Profile 2021 DA WDS","url":"https://www12.statcan.gc.ca/wds-sdw/2021profile-profil2021-eng.cfm"},"population":499,"status":"ok","source":{"label":"Statistics Canada Census Profile 2021 DA WDS","url":"https://www12.statcan.gc.ca/wds-sdw/2021profile-profil2021-eng.cfm"},"community_name":"Calgary","community_source":{"label":"Statistics Canada 2021 census subdivision boundaries (spatial lookup)","url":"https://geo.statcan.gc.ca/geo_wa/rest/services/2021/Cartographic_boundary_files/MapServer/9"},"community_display":"Calgary","is_unorganized":false,"panel_title":"Calgary","display_label":"Calgary","map_label":"48060505"},"geometry":{"type":"MultiPolygon","coordinates":[[[[-114.08686523603787,50.91587320017219],[-114.08686684532361,50.91425410131345],[-114.08850337057338,50.914250002819664],[-114.08981206517942,50.91425570591171],[-114.08981374743252,50.91559600036066],[-114.0899220631906,50.91591351299158],[-114.09020296584444,50.916199397514625],[-114.09046504427351,50.91633180675465],[-114.09085676118758,50.91644049592793],[-114.09119606768381,50.91647600456875],[-114.09251955881525,50.91647299574381],[-114.09248626900215,50.91677801198341],[-114.09219524420715,50.91733742338484],[-114.09189373762383,50.91760880842177],[-114.09152562958461,50.91780650890439],[-114.09094394890701,50.91800781135324],[-114.09029723806825,50.918108610570364],[-114.08927204896986,50.91811910178459],[-114.08844973011757,50.91807160626197],[-114.08738455608517,50.91781109451938],[-114.08793162524567,50.917024205693465],[-114.0870222358381,50.91677659984309],[-114.08689945176842,50.91669259432077],[-114.08686523603787,50.91587320017219]]]]}},{"type":"Feature","properties":{"DGUID":"2021S051248060506","DAUID":"48060506","LANDAREA":0.1089,"PRUID":"48","fed_num":"48008","da_code":"48060506","geo_name":"48060506","name_source":{"label":"Statistics Canada Census Profile 2021 DA WDS","url":"https://www12.statcan.gc.ca/wds-sdw/2021profile-profil2021-eng.cfm"},"population":588,"status":"ok","source":{"label":"Statistics Canada Census Profile 2021 DA WDS","url":"https://www12.statcan.gc.ca/wds-sdw/2021profile-profil2021-eng.cfm"},"community_name":"Calgary","community_source":{"label":"Statistics Canada 2021 census subdivision boundaries (spatial lookup)","url":"https://geo.statcan.gc.ca/geo_wa/rest/services/2021/Cartographic_boundary_files/MapServer/9"},"community_display":"Calgary","is_unorganized":false,"panel_title":"Calgary","display_label":"Calgary","map_label":"48060506"},"geometry":{"type":"MultiPolygon","coordinates":[[[[-114.0843273704683,50.91504520159937],[-114.0828218401192,50.914090109442455],[-114.08557289756673,50.91409417775168],[-114.08932385896827,50.91409960024118],[-114.08946586061278,50.91410309222283],[-114.09171384695263,50.914105209643736],[-114.09243954574724,50.91410530043962],[-114.09248176146956,50.91434020790215],[-114.09257265225574,50.91493620603448],[-114.0925192621128,50.91556450440439],[-114.09251955881525,50.91647299574381],[-114.09119606768381,50.91647600456875],[-114.09085676118758,50.91644049592793],[-114.09046504427351,50.91633180675465],[-114.09020296584444,50.916199397514625],[-114.0899220631906,50.91591351299158],[-114.08981374743252,50.91559600036066],[-114.08981206517942,50.91425570591171],[-114.08850337057338,50.914250002819664],[-114.08686684532361,50.91425410131345],[-114.08686523603787,50.91587320017219],[-114.08689945176842,50.91669259432077],[-114.0870222358381,50.91677659984309],[-114.08793162524567,50.917024205693465],[-114.08738455608517,50.91781109451938],[-114.08681155765483,50.91764391073023],[-114.08629036492034,50.91755890809742],[-114.08556682626521,50.91752280703561],[-114.08559164490067,50.9157604075081],[-114.08550734252435,50.9155154876443],[-114.08532193186748,50.915294895811],[-114.08475184816444,50.91508280690748],[-114.0843273704683,50.91504520159937]]]]}},{"type":"Feature","properties":{"DGUID":"2021S051248060508","DAUID":"48060508","LANDAREA":0.4444,"PRUID":"48","fed_num":"48008","da_code":"48060508","geo_name":"48060508","name_source":{"label":"Statistics Canada Census Profile 2021 DA WDS","url":"https://www12.statcan.gc.ca/wds-sdw/2021profile-profil2021-eng.cfm"},"population":504,"status":"ok","source":{"label":"Statistics Canada Census Profile 2021 DA WDS","url":"https://www12.statcan.gc.ca/wds-sdw/2021profile-profil2021-eng.cfm"},"community_name":"Calgary","community_source":{"label":"Statistics Canada 2021 census subdivision boundaries (spatial lookup)","url":"https://geo.statcan.gc.ca/geo_wa/rest/services/2021/Cartographic_boundary_files/MapServer/9"},"community_display":"Calgary","is_unorganized":false,"panel_title":"Calgary","display_label":"Calgary","map_label":"48060508"},"geometry":{"type":"MultiPolygon","coordinates":[[[[-114.10912321692577,50.928017861257665],[-114.10872648175119,50.927310601689896],[-114.10869989746568,50.92691717634041],[-114.1089753188033,50.9265126506282],[-114.10953581802502,50.92644191664454],[-114.10968787471624,50.92643781512468],[-114.11054842418599,50.92649239621942],[-114.11089380541189,50.926860221140984],[-114.11114166434618,50.92707595086206],[-114.11173361813746,50.927092689797654],[-114.11251184699307,50.92693400717092],[-114.11281085274862,50.92679964094227],[-114.11306725745824,50.9268354909762],[-114.11415271867017,50.92698730819498],[-114.1153623857885,50.92729315378422],[-114.11672872986475,50.927309490710236],[-114.11725354913965,50.92732157837806],[-114.11802879739881,50.92726835084846],[-114.11791607937812,50.92876207921987],[-114.11771254903786,50.933149045069904],[-114.11789904191994,50.93336565630352],[-114.11791721324747,50.934913265642706],[-114.11798693264248,50.9351667667759],[-114.11788421805038,50.935676978023345],[-114.11789001438692,50.935812067077855],[-114.11705031780096,50.935809271348035],[-114.11635659663699,50.93574715995592],[-114.11580122622934,50.93575147287545],[-114.11577791893106,50.934977263181345],[-114.11575192246919,50.93424805771323],[-114.11557243049971,50.933928758818354],[-114.1153004361497,50.933724172674566],[-114.11478561554044,50.93353156284752],[-114.11437622842557,50.93347645530955],[-114.1140056094418,50.933485260237234],[-114.11341402547507,50.93361456706509],[-114.11238981226327,50.93383207267798],[-114.11211641393038,50.933879252951286],[-114.11122189670671,50.93407304720384],[-114.10901535466118,50.931765645634094],[-114.10866299225812,50.93139715397232],[-114.10905026345424,50.931210475781185],[-114.10967854987476,50.93090974802337],[-114.11006824643437,50.93057441499817],[-114.11020642609533,50.93027945394513],[-114.10985393859359,50.92976731295077],[-114.10951003440404,50.92903773828925],[-114.10988855128755,50.92854431013152],[-114.10954767315403,50.92819410663984],[-114.10912321692577,50.928017861257665]]]]}},{"type":"Feature","properties":{"DGUID":"2021S051248060509","DAUID":"48060509","LANDAREA":0.1164,"PRUID":"48","fed_num":"48008","da_code":"48060509","geo_name":"48060509","name_source":{"label":"Statistics Canada Census Profile 2021 DA WDS","url":"https://www12.statcan.gc.ca/wds-sdw/2021profile-profil2021-eng.cfm"},"population":380,"status":"ok","source":{"label":"Statistics Canada Census Profile 2021 DA WDS","url":"https://www12.statcan.gc.ca/wds-sdw/2021profile-profil2021-eng.cfm"},"community_name":"Calgary","community_source":{"label":"Statistics Canada 2021 census subdivision boundaries (spatial lookup)","url":"https://geo.statcan.gc.ca/geo_wa/rest/services/2021/Cartographic_boundary_files/MapServer/9"},"community_display":"Calgary","is_unorganized":false,"panel_title":"Calgary","display_label":"Calgary","map_label":"48060509"},"geometry":{"type":"MultiPolygon","coordinates":[[[[-114.10963118280023,50.937685543044],[-114.11011001031933,50.93685194958024],[-114.11040399986086,50.936472462154164],[-114.11070279999379,50.93624595956223],[-114.11111301091937,50.936058260400884],[-114.1104107205905,50.935447148436715],[-114.11025462500785,50.935209455689844],[-114.11023420088307,50.93484914895774],[-114.1102875055262,50.93467954991287],[-114.1105486123709,50.9343711536797],[-114.11088769929889,50.934181644585706],[-114.11122189670671,50.93407304720384],[-114.11211641393038,50.933879252951286],[-114.11238981226327,50.93383207267798],[-114.11341402547507,50.93361456706509],[-114.1140056094418,50.933485260237234],[-114.11437622842557,50.93347645530955],[-114.11478561554044,50.93353156284752],[-114.1153004361497,50.933724172674566],[-114.11557243049971,50.933928758818354],[-114.11575192246919,50.93424805771323],[-114.11577791893106,50.934977263181345],[-114.11580122622934,50.93575147287545],[-114.11403649495428,50.93574376018692],[-114.11401651648364,50.93652584847765],[-114.11220640625031,50.93656206102854],[-114.1116812858296,50.93676484793151],[-114.1113660894754,50.93702695956196],[-114.11080960573047,50.937966644685005],[-114.10963118280023,50.937685543044]]]]}},{"type":"Feature","properties":{"DGUID":"2021S051248060510","DAUID":"48060510","LANDAREA":0.0837,"PRUID":"48","fed_num":"48008","da_code":"48060510","geo_name":"48060510","name_source":{"label":"Statistics Canada Census Profile 2021 DA WDS","url":"https://www12.statcan.gc.ca/wds-sdw/2021profile-profil2021-eng.cfm"},"population":294,"status":"ok","source":{"label":"Statistics Canada Census Profile 2021 DA WDS","url":"https://www12.statcan.gc.ca/wds-sdw/2021profile-profil2021-eng.cfm"},"community_name":"Calgary","community_source":{"label":"Statistics Canada 2021 census subdivision boundaries (spatial lookup)","url":"https://geo.statcan.gc.ca/geo_wa/rest/services/2021/Cartographic_boundary_files/MapServer/9"},"community_display":"Calgary","is_unorganized":false,"panel_title":"Calgary","display_label":"Calgary","map_label":"48060510"},"geometry":{"type":"MultiPolygon","coordinates":[[[[-114.1116812858296,50.93676484793151],[-114.11220640625031,50.93656206102854],[-114.11401651648364,50.93652584847765],[-114.11413870364034,50.93731146044875],[-114.1143996909686,50.93815445590253],[-114.11459349392096,50.93893276485725],[-114.11446251120186,50.93920835091069],[-114.11423589160614,50.93941867194871],[-114.11378358008291,50.939596370526836],[-114.11358241712868,50.939627367426986],[-114.11276987657368,50.939643258993634],[-114.11022098141748,50.939652053347096],[-114.11028510714961,50.93907804842544],[-114.11039047321611,50.93875675499636],[-114.11080960573047,50.937966644685005],[-114.1113660894754,50.93702695956196],[-114.1116812858296,50.93676484793151]]]]}},{"type":"Feature","properties":{"DGUID":"2021S051248060511","DAUID":"48060511","LANDAREA":0.1752,"PRUID":"48","fed_num":"48008","da_code":"48060511","geo_name":"48060511","name_source":{"label":"Statistics Canada Census Profile 2021 DA WDS","url":"https://www12.statcan.gc.ca/wds-sdw/2021profile-profil2021-eng.cfm"},"population":481,"status":"ok","source":{"label":"Statistics Canada Census Profile 2021 DA WDS","url":"https://www12.statcan.gc.ca/wds-sdw/2021profile-profil2021-eng.cfm"},"community_name":"Calgary","community_source":{"label":"Statistics Canada 2021 census subdivision boundaries (spatial lookup)","url":"https://geo.statcan.gc.ca/geo_wa/rest/services/2021/Cartographic_boundary_files/MapServer/9"},"community_display":"Calgary","is_unorganized":false,"panel_title":"Calgary","display_label":"Calgary","map_label":"48060511"},"geometry":{"type":"MultiPolygon","coordinates":[[[[-114.11279418161828,50.940399452281234],[-114.11276987657368,50.939643258993634],[-114.11358241712868,50.939627367426986],[-114.11378358008291,50.939596370526836],[-114.11423589160614,50.93941867194871],[-114.11446251120186,50.93920835091069],[-114.11459349392096,50.93893276485725],[-114.1143996909686,50.93815445590253],[-114.11413870364034,50.93731146044875],[-114.11401651648364,50.93652584847765],[-114.11403649495428,50.93574376018692],[-114.11580122622934,50.93575147287545],[-114.11635659663699,50.93574715995592],[-114.11705031780096,50.935809271348035],[-114.11789001438692,50.935812067077855],[-114.11788178509643,50.93806668298694],[-114.11788019792762,50.938501272985235],[-114.11788458950686,50.9407321841167],[-114.11788578975084,50.94117296364637],[-114.11787798616598,50.94129868993157],[-114.11712348713293,50.94129798162897],[-114.11664299425969,50.94124116230915],[-114.11604477271423,50.941244377147946],[-114.11393758567353,50.94124626066866],[-114.11276856808928,50.94127125144203],[-114.11279418161828,50.940399452281234]]]]}},{"type":"Feature","properties":{"DGUID":"2021S051248060512","DAUID":"48060512","LANDAREA":0.0894,"PRUID":"48","fed_num":"48008","da_code":"48060512","geo_name":"48060512","name_source":{"label":"Statistics Canada Census Profile 2021 DA WDS","url":"https://www12.statcan.gc.ca/wds-sdw/2021profile-profil2021-eng.cfm"},"population":408,"status":"ok","source":{"label":"Statistics Canada Census Profile 2021 DA WDS","url":"https://www12.statcan.gc.ca/wds-sdw/2021profile-profil2021-eng.cfm"},"community_name":"Calgary","community_source":{"label":"Statistics Canada 2021 census subdivision boundaries (spatial lookup)","url":"https://geo.statcan.gc.ca/geo_wa/rest/services/2021/Cartographic_boundary_files/MapServer/9"},"community_display":"Calgary","is_unorganized":false,"panel_title":"Calgary","display_label":"Calgary","map_label":"48060512"},"geometry":{"type":"MultiPolygon","coordinates":[[[[-114.1089587057694,50.93682334195172],[-114.1093602836752,50.936545549077934],[-114.11011001031933,50.93685194958024],[-114.10963118280023,50.937685543044],[-114.11080960573047,50.937966644685005],[-114.11039047321611,50.93875675499636],[-114.11028510714961,50.93907804842544],[-114.11022098141748,50.939652053347096],[-114.11276987657368,50.939643258993634],[-114.11279418161828,50.940399452281234],[-114.11276856808928,50.94127125144203],[-114.1115229982271,50.94138435082039],[-114.1102620888406,50.94151503651533],[-114.10949109664138,50.94154995253262],[-114.1091055912182,50.94156735529465],[-114.10889175905591,50.94157105628881],[-114.1088842717541,50.94146295650819],[-114.10887037199642,50.94076996028838],[-114.10897209300238,50.940277739017844],[-114.10896010623185,50.93932404686801],[-114.10916377155115,50.93856454415888],[-114.10801968161768,50.93841925259262],[-114.1089587057694,50.93682334195172]]]]}},{"type":"Feature","properties":{"DGUID":"2021S051248060513","DAUID":"48060513","LANDAREA":1.6092,"PRUID":"48","fed_num":"48008","da_code":"48060513","geo_name":"48060513","name_source":{"label":"Statistics Canada Census Profile 2021 DA WDS","url":"https://www12.statcan.gc.ca/wds-sdw/2021profile-profil2021-eng.cfm"},"population":1062,"status":"ok","source":{"label":"Statistics Canada Census Profile 2021 DA WDS","url":"https://www12.statcan.gc.ca/wds-sdw/2021profile-profil2021-eng.cfm"},"community_name":"Calgary","community_source":{"label":"Statistics Canada 2021 census subdivision boundaries (spatial lookup)","url":"https://geo.statcan.gc.ca/geo_wa/rest/services/2021/Cartographic_boundary_files/MapServer/9"},"community_display":"Calgary","is_unorganized":false,"panel_title":"Calgary","display_label":"Calgary","map_label":"48060513"},"geometry":{"type":"MultiPolygon","coordinates":[[[[-114.10898484143684,50.95062225300591],[-114.0978349376539,50.950624340255864],[-114.09490212899101,50.950614351951025],[-114.09468833860247,50.950618029970535],[-114.09468734806661,50.95054733928503],[-114.09468930757347,50.95045501878948],[-114.09469201867135,50.95033023199355],[-114.094690050287,50.949448743592846],[-114.0947515507435,50.94823593488356],[-114.09480554138904,50.947598619822266],[-114.09481594826191,50.9453771153179],[-114.09480203510557,50.94331690818099],[-114.09478427477345,50.943060012606146],[-114.09477214077202,50.942884411875035],[-114.09440743582262,50.94142709258994],[-114.09434067306417,50.94112859897511],[-114.0943923672466,50.940527289751515],[-114.09430294002125,50.94036310133528],[-114.09454344238237,50.94038709575831],[-114.09406362163548,50.934802107283126],[-114.09413710764767,50.934517136790895],[-114.09470848273847,50.932456284014435],[-114.09474869977421,50.93229509094932],[-114.09475904719297,50.932253507019894],[-114.0947597667488,50.93217279191722],[-114.0951857860586,50.93229012624665],[-114.09574219715093,50.932853821062906],[-114.09642089541977,50.93331392523481],[-114.09728287784438,50.93373903031985],[-114.09777715445253,50.93403447474346],[-114.09864540128538,50.93449711527971],[-114.09926089888351,50.93473537430526],[-114.09963260750295,50.934747519075195],[-114.10022960525224,50.93480762241323],[-114.10089326079948,50.9351685240703],[-114.10151972510472,50.93523860056243],[-114.10229971875135,50.9353609918782],[-114.1035430030323,50.935331998446756],[-114.10485870289138,50.93523352965945],[-114.1051246073232,50.93502610887224],[-114.10494080075078,50.93460070883888],[-114.10440723413727,50.93409489059494],[-114.10371586610378,50.933591537668],[-114.1031894105205,50.933159157822935],[-114.10356286085853,50.93292619409288],[-114.10403831376432,50.93297333356219],[-114.10444631641333,50.93310585575651],[-114.1049446927888,50.933109580528246],[-114.10552054722321,50.93291187742493],[-114.10620352445203,50.93270578587429],[-114.10656695149517,50.93245744104208],[-114.1078222655173,50.93171992825928],[-114.10866299225812,50.93139715397232],[-114.10901535466118,50.931765645634094],[-114.11122189670671,50.93407304720384],[-114.11088769929889,50.934181644585706],[-114.1105486123709,50.9343711536797],[-114.1102875055262,50.93467954991287],[-114.11023420088307,50.93484914895774],[-114.11025462500785,50.935209455689844],[-114.1104107205905,50.935447148436715],[-114.11111301091937,50.936058260400884],[-114.11070279999379,50.93624595956223],[-114.11040399986086,50.936472462154164],[-114.11011001031933,50.93685194958024],[-114.1093602836752,50.936545549077934],[-114.1089587057694,50.93682334195172],[-114.10801968161768,50.93841925259262],[-114.10738456686846,50.93833153714052],[-114.10560666909994,50.93830542860965],[-114.10446729140843,50.93831313347045],[-114.10329949560597,50.938320130836246],[-114.10206176364915,50.93830732350722],[-114.1012930897419,50.938306223041636],[-114.10120557001822,50.938340008644126],[-114.10113357618532,50.93858112854802],[-114.1005666812014,50.93899880956473],[-114.1004032678371,50.93933652667537],[-114.10051198034516,50.93942020637373],[-114.10203506840281,50.93942201869995],[-114.10205677005449,50.93998932751038],[-114.10206337782078,50.94079902581641],[-114.10076807853835,50.94079379983415],[-114.10073807264003,50.94196242068663],[-114.10156636500845,50.94237871542883],[-114.10204855393943,50.94240872994078],[-114.10206017356548,50.94153651532305],[-114.1034560535353,50.941526216843386],[-114.10468126611364,50.941511629969696],[-114.10678846405355,50.94150994235228],[-114.10681375275371,50.942706949296024],[-114.10680954862724,50.94346234431625],[-114.10681904846352,50.94422713886323],[-114.10800177793983,50.94421155051078],[-114.10798385659336,50.94495764207225],[-114.1068164579741,50.94495573520654],[-114.10681114539639,50.945729149228384],[-114.10682175408512,50.94647593591412],[-114.10681584177313,50.947258357256544],[-114.10684412864607,50.94955285241619],[-114.10695394850472,50.94961844136801],[-114.10799636341976,50.94957235008711],[-114.10804233449795,50.94951955326981],[-114.10802534617756,50.94727034742597],[-114.1085957450013,50.94725755865103],[-114.10889424156075,50.947264949894596],[-114.10892964071517,50.950135166269376],[-114.10896641781021,50.950459951098026],[-114.10898484143684,50.95062225300591]]]]}},{"type":"Feature","properties":{"DGUID":"2021S051248060514","DAUID":"48060514","LANDAREA":0.2463,"PRUID":"48","fed_num":"48008","da_code":"48060514","geo_name":"48060514","name_source":{"label":"Statistics Canada Census Profile 2021 DA WDS","url":"https://www12.statcan.gc.ca/wds-sdw/2021profile-profil2021-eng.cfm"},"population":688,"status":"ok","source":{"label":"Statistics Canada Census Profile 2021 DA WDS","url":"https://www12.statcan.gc.ca/wds-sdw/2021profile-profil2021-eng.cfm"},"community_name":"Calgary","community_source":{"label":"Statistics Canada 2021 census subdivision boundaries (spatial lookup)","url":"https://geo.statcan.gc.ca/geo_wa/rest/services/2021/Cartographic_boundary_files/MapServer/9"},"community_display":"Calgary","is_unorganized":false,"panel_title":"Calgary","display_label":"Calgary","map_label":"48060514"},"geometry":{"type":"MultiPolygon","coordinates":[[[[-114.1034560535353,50.941526216843386],[-114.10206017356548,50.94153651532305],[-114.10204855393943,50.94240872994078],[-114.10156636500845,50.94237871542883],[-114.10073807264003,50.94196242068663],[-114.10076807853835,50.94079379983415],[-114.10206337782078,50.94079902581641],[-114.10205677005449,50.93998932751038],[-114.10203506840281,50.93942201869995],[-114.10051198034516,50.93942020637373],[-114.1004032678371,50.93933652667537],[-114.1005666812014,50.93899880956473],[-114.10113357618532,50.93858112854802],[-114.10120557001822,50.938340008644126],[-114.1012930897419,50.938306223041636],[-114.10206176364915,50.93830732350722],[-114.10329949560597,50.938320130836246],[-114.10446729140843,50.93831313347045],[-114.10560666909994,50.93830542860965],[-114.10738456686846,50.93833153714052],[-114.10801968161768,50.93841925259262],[-114.10916377155115,50.93856454415888],[-114.10896010623185,50.93932404686801],[-114.10897209300238,50.940277739017844],[-114.10887037199642,50.94076996028838],[-114.1088842717541,50.94146295650819],[-114.10889175905591,50.94157105628881],[-114.1088717448989,50.94464684768982],[-114.10886644205269,50.94496155180021],[-114.10858155854845,50.9449634454162],[-114.10798385659336,50.94495764207225],[-114.10800177793983,50.94421155051078],[-114.10681904846352,50.94422713886323],[-114.10680954862724,50.94346234431625],[-114.10681375275371,50.942706949296024],[-114.10678846405355,50.94150994235228],[-114.10468126611364,50.941511629969696],[-114.1034560535353,50.941526216843386]]]]}},{"type":"Feature","properties":{"DGUID":"2021S051248060516","DAUID":"48060516","LANDAREA":0.061,"PRUID":"48","fed_num":"48008","da_code":"48060516","geo_name":"48060516","name_source":{"label":"Statistics Canada Census Profile 2021 DA WDS","url":"https://www12.statcan.gc.ca/wds-sdw/2021profile-profil2021-eng.cfm"},"population":282,"status":"ok","source":{"label":"Statistics Canada Census Profile 2021 DA WDS","url":"https://www12.statcan.gc.ca/wds-sdw/2021profile-profil2021-eng.cfm"},"community_name":"Calgary","community_source":{"label":"Statistics Canada 2021 census subdivision boundaries (spatial lookup)","url":"https://geo.statcan.gc.ca/geo_wa/rest/services/2021/Cartographic_boundary_files/MapServer/9"},"community_display":"Calgary","is_unorganized":false,"panel_title":"Calgary","display_label":"Calgary","map_label":"48060516"},"geometry":{"type":"MultiPolygon","coordinates":[[[[-114.11150889514286,50.942760257609535],[-114.1115229982271,50.94138435082039],[-114.11276856808928,50.94127125144203],[-114.11393758567353,50.94124626066866],[-114.11604477271423,50.941244377147946],[-114.11636546505906,50.942043870449794],[-114.11639530368376,50.94225147713437],[-114.11675287370171,50.94222437882935],[-114.11714289451484,50.942135063463546],[-114.11753868152532,50.9421807901264],[-114.1176632870888,50.94223786380305],[-114.11763658400824,50.942668970035584],[-114.116889581935,50.94277638402531],[-114.11630786667432,50.94274407235395],[-114.11391466747709,50.9427658742882],[-114.11271886815071,50.94276327099306],[-114.11150889514286,50.942760257609535]]]]}},{"type":"Feature","properties":{"DGUID":"2021S051248060518","DAUID":"48060518","LANDAREA":0.4795,"PRUID":"48","fed_num":"48008","da_code":"48060518","geo_name":"48060518","name_source":{"label":"Statistics Canada Census Profile 2021 DA WDS","url":"https://www12.statcan.gc.ca/wds-sdw/2021profile-profil2021-eng.cfm"},"population":923,"status":"ok","source":{"label":"Statistics Canada Census Profile 2021 DA WDS","url":"https://www12.statcan.gc.ca/wds-sdw/2021profile-profil2021-eng.cfm"},"community_name":"Calgary","community_source":{"label":"Statistics Canada 2021 census subdivision boundaries (spatial lookup)","url":"https://geo.statcan.gc.ca/geo_wa/rest/services/2021/Cartographic_boundary_files/MapServer/9"},"community_display":"Calgary","is_unorganized":false,"panel_title":"Calgary","display_label":"Calgary","map_label":"48060518"},"geometry":{"type":"MultiPolygon","coordinates":[[[[-114.1085957450013,50.94725755865103],[-114.10802534617756,50.94727034742597],[-114.10804233449795,50.94951955326981],[-114.10799636341976,50.94957235008711],[-114.10695394850472,50.94961844136801],[-114.10684412864607,50.94955285241619],[-114.10681584177313,50.947258357256544],[-114.10682175408512,50.94647593591412],[-114.10681114539639,50.945729149228384],[-114.1068164579741,50.94495573520654],[-114.10798385659336,50.94495764207225],[-114.10858155854845,50.9449634454162],[-114.10886644205269,50.94496155180021],[-114.10913655187298,50.94496826457907],[-114.10973696925736,50.94492916362576],[-114.1099468538117,50.94498834997008],[-114.11401996762255,50.944972166932956],[-114.11402584842088,50.943497160910375],[-114.11516538551838,50.94348937173056],[-114.11519838948195,50.94387697691596],[-114.11623839223773,50.94386667558807],[-114.1163854767588,50.943789384603704],[-114.11644379146047,50.94353896506934],[-114.11655965444051,50.9435058740955],[-114.11748486492776,50.943510670823756],[-114.11761919982757,50.943639981597606],[-114.11761915297096,50.944791282908156],[-114.1175883718918,50.94551918181489],[-114.11703216009536,50.94553239170473],[-114.11592214876346,50.94552297637133],[-114.11592285560276,50.94597268295272],[-114.11605476950906,50.94637177840204],[-114.11645784662359,50.9463007762134],[-114.11749787478453,50.94629047123626],[-114.11786746608375,50.946299594481914],[-114.11787532424916,50.94963429747048],[-114.11787845078092,50.95038619453069],[-114.11787244534618,50.95059028457659],[-114.11465252146631,50.9506186938543],[-114.10898484143684,50.95062225300591],[-114.10896641781021,50.950459951098026],[-114.10892964071517,50.950135166269376],[-114.10889424156075,50.947264949894596],[-114.1085957450013,50.94725755865103]]]]}},{"type":"Feature","properties":{"DGUID":"2021S051248060519","DAUID":"48060519","LANDAREA":0.1154,"PRUID":"48","fed_num":"48008","da_code":"48060519","geo_name":"48060519","name_source":{"label":"Statistics Canada Census Profile 2021 DA WDS","url":"https://www12.statcan.gc.ca/wds-sdw/2021profile-profil2021-eng.cfm"},"population":352,"status":"ok","source":{"label":"Statistics Canada Census Profile 2021 DA WDS","url":"https://www12.statcan.gc.ca/wds-sdw/2021profile-profil2021-eng.cfm"},"community_name":"Calgary","community_source":{"label":"Statistics Canada 2021 census subdivision boundaries (spatial lookup)","url":"https://geo.statcan.gc.ca/geo_wa/rest/services/2021/Cartographic_boundary_files/MapServer/9"},"community_display":"Calgary","is_unorganized":false,"panel_title":"Calgary","display_label":"Calgary","map_label":"48060519"},"geometry":{"type":"MultiPolygon","coordinates":[[[[-114.1153484570561,50.95133748977803],[-114.11345742812213,50.951290673552094],[-114.11345561039177,50.95338648340307],[-114.11237563654286,50.953350758918766],[-114.1120120356767,50.95324286290393],[-114.11224982967043,50.95285297079433],[-114.11221572087022,50.952024582971426],[-114.1112676226145,50.950983549696694],[-114.10898484143684,50.95062225300591],[-114.11465252146631,50.9506186938543],[-114.11787244534618,50.95059028457659],[-114.11788173321408,50.95113020880335],[-114.11788472948822,50.95361288977047],[-114.11788425125228,50.954080589301945],[-114.11787811140852,50.95417939342672],[-114.11660004073234,50.95412087822561],[-114.11541763549204,50.954127589302075],[-114.11541543312134,50.953704788197776],[-114.11540721949612,50.95314688676125],[-114.1154236202595,50.952652590254274],[-114.11542353609941,50.95173506993719],[-114.1154151498844,50.95141108417073],[-114.1153484570561,50.95133748977803]]]]}},{"type":"Feature","properties":{"DGUID":"2021S051248060520","DAUID":"48060520","LANDAREA":0.0694,"PRUID":"48","fed_num":"48008","da_code":"48060520","geo_name":"48060520","name_source":{"label":"Statistics Canada Census Profile 2021 DA WDS","url":"https://www12.statcan.gc.ca/wds-sdw/2021profile-profil2021-eng.cfm"},"population":655,"status":"ok","source":{"label":"Statistics Canada Census Profile 2021 DA WDS","url":"https://www12.statcan.gc.ca/wds-sdw/2021profile-profil2021-eng.cfm"},"community_name":"Calgary","community_source":{"label":"Statistics Canada 2021 census subdivision boundaries (spatial lookup)","url":"https://geo.statcan.gc.ca/geo_wa/rest/services/2021/Cartographic_boundary_files/MapServer/9"},"community_display":"Calgary","is_unorganized":false,"panel_title":"Calgary","display_label":"Calgary","map_label":"48060520"},"geometry":{"type":"MultiPolygon","coordinates":[[[[-114.11406305332824,50.95590041627843],[-114.11407660183177,50.95416637289594],[-114.11284993989176,50.9541990816554],[-114.11175284684919,50.95420787405155],[-114.11175942227719,50.95364137170529],[-114.1120120356767,50.95324286290393],[-114.11237563654286,50.953350758918766],[-114.11345561039177,50.95338648340307],[-114.11345742812213,50.951290673552094],[-114.1153484570561,50.95133748977803],[-114.1154151498844,50.95141108417073],[-114.11542353609941,50.95173506993719],[-114.1154236202595,50.952652590254274],[-114.11540721949612,50.95314688676125],[-114.11541543312134,50.953704788197776],[-114.11541763549204,50.954127589302075],[-114.11511270634715,50.954136418372954],[-114.11514886028978,50.95503632730202],[-114.11517334202384,50.95576959316912],[-114.11514257767628,50.95588442245564],[-114.11502134411589,50.95592752548882],[-114.11492346592433,50.95592675463919],[-114.11406305332824,50.95590041627843]]]]}},{"type":"Feature","properties":{"DGUID":"2021S051248060521","DAUID":"48060521","LANDAREA":0.1505,"PRUID":"48","fed_num":"48008","da_code":"48060521","geo_name":"48060521","name_source":{"label":"Statistics Canada Census Profile 2021 DA WDS","url":"https://www12.statcan.gc.ca/wds-sdw/2021profile-profil2021-eng.cfm"},"population":442,"status":"ok","source":{"label":"Statistics Canada Census Profile 2021 DA WDS","url":"https://www12.statcan.gc.ca/wds-sdw/2021profile-profil2021-eng.cfm"},"community_name":"Calgary","community_source":{"label":"Statistics Canada 2021 census subdivision boundaries (spatial lookup)","url":"https://geo.statcan.gc.ca/geo_wa/rest/services/2021/Cartographic_boundary_files/MapServer/9"},"community_display":"Calgary","is_unorganized":false,"panel_title":"Calgary","display_label":"Calgary","map_label":"48060521"},"geometry":{"type":"MultiPolygon","coordinates":[[[[-114.11105113115711,50.95610636479705],[-114.11028494033785,50.95560167504846],[-114.10943759873862,50.95617436002871],[-114.10912840052734,50.95587886138687],[-114.1090667136833,50.95572445587792],[-114.10900403155526,50.95558795609861],[-114.10901133659429,50.95501245367921],[-114.1091649188744,50.954143759461395],[-114.10713381535832,50.95405744961632],[-114.10711663208842,50.952042157020486],[-114.10710773898234,50.95126836419541],[-114.11091073929798,50.95125467114624],[-114.1109048389725,50.95203706401574],[-114.11221572087022,50.952024582971426],[-114.11224982967043,50.95285297079433],[-114.1120120356767,50.95324286290393],[-114.11175942227719,50.95364137170529],[-114.11175284684919,50.95420787405155],[-114.11284993989176,50.9541990816554],[-114.11283663775156,50.95533207600697],[-114.11233613464057,50.955364665729],[-114.1119120277936,50.95554306629483],[-114.11105113115711,50.95610636479705]]]]}},{"type":"Feature","properties":{"DGUID":"2021S051248060522","DAUID":"48060522","LANDAREA":0.0922,"PRUID":"48","fed_num":"48008","da_code":"48060522","geo_name":"48060522","name_source":{"label":"Statistics Canada Census Profile 2021 DA WDS","url":"https://www12.statcan.gc.ca/wds-sdw/2021profile-profil2021-eng.cfm"},"population":250,"status":"ok","source":{"label":"Statistics Canada Census Profile 2021 DA WDS","url":"https://www12.statcan.gc.ca/wds-sdw/2021profile-profil2021-eng.cfm"},"community_name":"Calgary","community_source":{"label":"Statistics Canada 2021 census subdivision boundaries (spatial lookup)","url":"https://geo.statcan.gc.ca/geo_wa/rest/services/2021/Cartographic_boundary_files/MapServer/9"},"community_display":"Calgary","is_unorganized":false,"panel_title":"Calgary","display_label":"Calgary","map_label":"48060522"},"geometry":{"type":"MultiPolygon","coordinates":[[[[-114.10716569759609,50.9565228670256],[-114.10717163311578,50.955740471101116],[-114.1090667136833,50.95572445587792],[-114.10912840052734,50.95587886138687],[-114.10943759873862,50.95617436002871],[-114.11033981288492,50.956781373659396],[-114.11123180508734,50.95732518310762],[-114.11287580927336,50.95837326156292],[-114.11202901163395,50.9589370608092],[-114.11115491280594,50.95948208107045],[-114.11062041793262,50.959145074058355],[-114.11020492408821,50.95895486342781],[-114.10993808720222,50.9588942658073],[-114.10862981454049,50.95886187606244],[-114.10862028969373,50.95809707034024],[-114.10716762576122,50.9580970694457],[-114.10718892213353,50.95729695237309],[-114.10716569759609,50.9565228670256]]]]}},{"type":"Feature","properties":{"DGUID":"2021S051248060523","DAUID":"48060523","LANDAREA":0.2086,"PRUID":"48","fed_num":"48008","da_code":"48060523","geo_name":"48060523","name_source":{"label":"Statistics Canada Census Profile 2021 DA WDS","url":"https://www12.statcan.gc.ca/wds-sdw/2021profile-profil2021-eng.cfm"},"population":826,"status":"ok","source":{"label":"Statistics Canada Census Profile 2021 DA WDS","url":"https://www12.statcan.gc.ca/wds-sdw/2021profile-profil2021-eng.cfm"},"community_name":"Calgary","community_source":{"label":"Statistics Canada 2021 census subdivision boundaries (spatial lookup)","url":"https://geo.statcan.gc.ca/geo_wa/rest/services/2021/Cartographic_boundary_files/MapServer/9"},"community_display":"Calgary","is_unorganized":false,"panel_title":"Calgary","display_label":"Calgary","map_label":"48060523"},"geometry":{"type":"MultiPolygon","coordinates":[[[[-114.10521540361607,50.95651047426368],[-114.10487530472037,50.95648405823969],[-114.10451361556048,50.956574064967064],[-114.10421971565086,50.95671965946286],[-114.10367241099473,50.95704785735355],[-114.10308491106065,50.95710524545121],[-114.10274004052094,50.955324651853005],[-114.10277211098038,50.95503764987686],[-114.10290373408777,50.95475305416947],[-114.10316114102406,50.95450755362983],[-114.1033554240671,50.95435954234872],[-114.10412752242978,50.95408185797845],[-114.10576661076294,50.954059557716334],[-114.10713381535832,50.95405744961632],[-114.1091649188744,50.954143759461395],[-114.10901133659429,50.95501245367921],[-114.10900403155526,50.95558795609861],[-114.1090667136833,50.95572445587792],[-114.10717163311578,50.955740471101116],[-114.10716569759609,50.9565228670256],[-114.10718892213353,50.95729695237309],[-114.10716762576122,50.9580970694457],[-114.10862028969373,50.95809707034024],[-114.10862981454049,50.95886187606244],[-114.10993808720222,50.9588942658073],[-114.11020492408821,50.95895486342781],[-114.11062041793262,50.959145074058355],[-114.11115491280594,50.95948208107045],[-114.11039948366688,50.959949067052506],[-114.10974820579986,50.96034676345687],[-114.10943869724775,50.96074388195927],[-114.10940742695773,50.96124677486825],[-114.10941379835862,50.96137287173835],[-114.10887178007759,50.96138646365964],[-114.10638891202929,50.961459876128245],[-114.10638249767288,50.961333763548495],[-114.10639871680611,50.96107325267724],[-114.10639840848131,50.96084837636115],[-114.10640758029865,50.96041429432972],[-114.10641300671767,50.960156159313236],[-114.10640081756891,50.95943627406644],[-114.10639941088175,50.95922935571551],[-114.10639161827694,50.95889637452844],[-114.10639081964135,50.95822166676825],[-114.10639219847745,50.957511161873725],[-114.10617233057499,50.957154858038834],[-114.10578322715585,50.95682866251784],[-114.10550900114636,50.956598753806645],[-114.10521540361607,50.95651047426368]]]]}},{"type":"Feature","properties":{"DGUID":"2021S051248060524","DAUID":"48060524","LANDAREA":0.1117,"PRUID":"48","fed_num":"48008","da_code":"48060524","geo_name":"48060524","name_source":{"label":"Statistics Canada Census Profile 2021 DA WDS","url":"https://www12.statcan.gc.ca/wds-sdw/2021profile-profil2021-eng.cfm"},"population":473,"status":"ok","source":{"label":"Statistics Canada Census Profile 2021 DA WDS","url":"https://www12.statcan.gc.ca/wds-sdw/2021profile-profil2021-eng.cfm"},"community_name":"Calgary","community_source":{"label":"Statistics Canada 2021 census subdivision boundaries (spatial lookup)","url":"https://geo.statcan.gc.ca/geo_wa/rest/services/2021/Cartographic_boundary_files/MapServer/9"},"community_display":"Calgary","is_unorganized":false,"panel_title":"Calgary","display_label":"Calgary","map_label":"48060524"},"geometry":{"type":"MultiPolygon","coordinates":[[[[-114.10317182032989,50.95753916216874],[-114.10308491106065,50.95710524545121],[-114.10367241099473,50.95704785735355],[-114.10421971565086,50.95671965946286],[-114.10451361556048,50.956574064967064],[-114.10487530472037,50.95648405823969],[-114.10521540361607,50.95651047426368],[-114.10550900114636,50.956598753806645],[-114.10578322715585,50.95682866251784],[-114.10617233057499,50.957154858038834],[-114.10639219847745,50.957511161873725],[-114.10639081964135,50.95822166676825],[-114.10639161827694,50.95889637452844],[-114.10639941088175,50.95922935571551],[-114.10640081756891,50.95943627406644],[-114.10641300671767,50.960156159313236],[-114.10640758029865,50.96041429432972],[-114.10639840848131,50.96084837636115],[-114.10639871680611,50.96107325267724],[-114.10638249767288,50.961333763548495],[-114.10638891202929,50.961459876128245],[-114.10341109828457,50.96147587235846],[-114.10340522056994,50.96134085515236],[-114.10340782021497,50.96107106756699],[-114.10339922313283,50.9605221696998],[-114.1033923087838,50.96040506769747],[-114.10339821809438,50.96008135309324],[-114.10338851120837,50.95955047121682],[-114.10338521589071,50.95914556289094],[-114.10338473464022,50.95869576218386],[-114.1033142128682,50.958226351941825],[-114.10324900395354,50.95790087118362],[-114.10317182032989,50.95753916216874]]]]}},{"type":"Feature","properties":{"DGUID":"2021S051248060525","DAUID":"48060525","LANDAREA":0.1501,"PRUID":"48","fed_num":"48008","da_code":"48060525","geo_name":"48060525","name_source":{"label":"Statistics Canada Census Profile 2021 DA WDS","url":"https://www12.statcan.gc.ca/wds-sdw/2021profile-profil2021-eng.cfm"},"population":410,"status":"ok","source":{"label":"Statistics Canada Census Profile 2021 DA WDS","url":"https://www12.statcan.gc.ca/wds-sdw/2021profile-profil2021-eng.cfm"},"community_name":"Calgary","community_source":{"label":"Statistics Canada 2021 census subdivision boundaries (spatial lookup)","url":"https://geo.statcan.gc.ca/geo_wa/rest/services/2021/Cartographic_boundary_files/MapServer/9"},"community_display":"Calgary","is_unorganized":false,"panel_title":"Calgary","display_label":"Calgary","map_label":"48060525"},"geometry":{"type":"MultiPolygon","coordinates":[[[[-114.09906152803964,50.95722115375683],[-114.09914213660092,50.957070251205856],[-114.10308491106065,50.95710524545121],[-114.10317182032989,50.95753916216874],[-114.10324900395354,50.95790087118362],[-114.1033142128682,50.958226351941825],[-114.10338473464022,50.95869576218386],[-114.10338521589071,50.95914556289094],[-114.10338851120837,50.95955047121682],[-114.10339821809438,50.96008135309324],[-114.1033923087838,50.96040506769747],[-114.10339922313283,50.9605221696998],[-114.10340782021497,50.96107106756699],[-114.10340522056994,50.96134085515236],[-114.10341109828457,50.96147587235846],[-114.10278420858312,50.96147835499256],[-114.0989094115585,50.96148996347964],[-114.098918908076,50.961337369056544],[-114.09895973663272,50.96068176308044],[-114.09896459064007,50.96037594760093],[-114.09895921266396,50.95954835977714],[-114.09895432785873,50.95871165775185],[-114.09897632863225,50.95790266083619],[-114.09906152803964,50.95722115375683]]]]}},{"type":"Feature","properties":{"DGUID":"2021S051248060526","DAUID":"48060526","LANDAREA":0.5832,"PRUID":"48","fed_num":"48008","da_code":"48060526","geo_name":"48060526","name_source":{"label":"Statistics Canada Census Profile 2021 DA WDS","url":"https://www12.statcan.gc.ca/wds-sdw/2021profile-profil2021-eng.cfm"},"population":1230,"status":"ok","source":{"label":"Statistics Canada Census Profile 2021 DA WDS","url":"https://www12.statcan.gc.ca/wds-sdw/2021profile-profil2021-eng.cfm"},"community_name":"Calgary","community_source":{"label":"Statistics Canada 2021 census subdivision boundaries (spatial lookup)","url":"https://geo.statcan.gc.ca/geo_wa/rest/services/2021/Cartographic_boundary_files/MapServer/9"},"community_display":"Calgary","is_unorganized":false,"panel_title":"Calgary","display_label":"Calgary","map_label":"48060526"},"geometry":{"type":"MultiPolygon","coordinates":[[[[-114.09472950569149,50.95880806266823],[-114.09472546605177,50.95800130760052],[-114.09470468698723,50.95384606826893],[-114.09470289308766,50.9534893237161],[-114.09469382266377,50.951670528932944],[-114.09468833860247,50.950618029970535],[-114.09490212899101,50.950614351951025],[-114.0978349376539,50.950624340255864],[-114.10898484143684,50.95062225300591],[-114.1112676226145,50.950983549696694],[-114.11221572087022,50.952024582971426],[-114.1109048389725,50.95203706401574],[-114.11091073929798,50.95125467114624],[-114.10710773898234,50.95126836419541],[-114.10711663208842,50.952042157020486],[-114.10713381535832,50.95405744961632],[-114.10576661076294,50.954059557716334],[-114.10577421234143,50.952332646318666],[-114.10339584492678,50.952336641778814],[-114.1020782360784,50.952456857167334],[-114.10199882036136,50.952131050873426],[-114.10189352840683,50.951993546798],[-114.10158401683368,50.95193183843351],[-114.10128384823857,50.95195134403233],[-114.1011540396897,50.95129153811045],[-114.10104243900415,50.9512527565307],[-114.09999612477131,50.95136174562149],[-114.09884530838727,50.95154893731068],[-114.09879484340638,50.951673654717936],[-114.09927590928903,50.95218034146303],[-114.09882561687147,50.95232203549205],[-114.09836974949742,50.95255355102173],[-114.09803514331104,50.952896041948],[-114.09792212633175,50.953109135751674],[-114.09792330752072,50.95377484640604],[-114.1023805045667,50.953777646722685],[-114.10247923084364,50.95402293822283],[-114.10268021292065,50.954225852164],[-114.10316114102406,50.95450755362983],[-114.10290373408777,50.95475305416947],[-114.10277211098038,50.95503764987686],[-114.10274004052094,50.955324651853005],[-114.10308491106065,50.95710524545121],[-114.09914213660092,50.957070251205856],[-114.09906152803964,50.95722115375683],[-114.09897632863225,50.95790266083619],[-114.09895432785873,50.95871165775185],[-114.09895921266396,50.95954835977714],[-114.09896459064007,50.96037594760093],[-114.09895973663272,50.96068176308044],[-114.098918908076,50.961337369056544],[-114.0989094115585,50.96148996347964],[-114.09679959065592,50.96151845119669],[-114.09534181387383,50.96159916002666],[-114.09515581078367,50.96161256410343],[-114.09510902478486,50.96144944196925],[-114.09473500946471,50.95991094118144],[-114.09472950569149,50.95880806266823]]]]}},{"type":"Feature","properties":{"DGUID":"2021S051248060527","DAUID":"48060527","LANDAREA":0.1029,"PRUID":"48","fed_num":"48008","da_code":"48060527","geo_name":"48060527","name_source":{"label":"Statistics Canada Census Profile 2021 DA WDS","url":"https://www12.statcan.gc.ca/wds-sdw/2021profile-profil2021-eng.cfm"},"population":263,"status":"ok","source":{"label":"Statistics Canada Census Profile 2021 DA WDS","url":"https://www12.statcan.gc.ca/wds-sdw/2021profile-profil2021-eng.cfm"},"community_name":"Calgary","community_source":{"label":"Statistics Canada 2021 census subdivision boundaries (spatial lookup)","url":"https://geo.statcan.gc.ca/geo_wa/rest/services/2021/Cartographic_boundary_files/MapServer/9"},"community_display":"Calgary","is_unorganized":false,"panel_title":"Calgary","display_label":"Calgary","map_label":"48060527"},"geometry":{"type":"MultiPolygon","coordinates":[[[[-114.08966422018126,50.96082803176896],[-114.08843910816438,50.9610583404811],[-114.08862889964894,50.961440847514076],[-114.08950920772774,50.96193954324451],[-114.08969901340464,50.96232204945087],[-114.08907384393204,50.96245591994519],[-114.08845741400506,50.96258794016566],[-114.08835370812744,50.96242343460582],[-114.08748701482607,50.961934040446216],[-114.08677670246472,50.960540145055255],[-114.08806032192456,50.96028433628097],[-114.08869550491245,50.96014725349626],[-114.08999389715292,50.95988283988268],[-114.09030432259635,50.95970164681842],[-114.09047983367093,50.959400242909574],[-114.09068513096653,50.958622751534755],[-114.09190072024604,50.95876994398834],[-114.09316753372235,50.95878353836088],[-114.09442223994255,50.95876094675887],[-114.09442179633534,50.96013714680055],[-114.0938393299152,50.960113551685495],[-114.09200032719646,50.96013972962178],[-114.0913290000648,50.96062664644576],[-114.09190722729514,50.96094694383773],[-114.09233788618207,50.9618031467079],[-114.09168249696417,50.96193245536803],[-114.09108319991864,50.962050862068075],[-114.09076638641464,50.9614222432022],[-114.08966422018126,50.96082803176896]]]]}},{"type":"Feature","properties":{"DGUID":"2021S051248060528","DAUID":"48060528","LANDAREA":0.1356,"PRUID":"48","fed_num":"48008","da_code":"48060528","geo_name":"48060528","name_source":{"label":"Statistics Canada Census Profile 2021 DA WDS","url":"https://www12.statcan.gc.ca/wds-sdw/2021profile-profil2021-eng.cfm"},"population":402,"status":"ok","source":{"label":"Statistics Canada Census Profile 2021 DA WDS","url":"https://www12.statcan.gc.ca/wds-sdw/2021profile-profil2021-eng.cfm"},"community_name":"Calgary","community_source":{"label":"Statistics Canada 2021 census subdivision boundaries (spatial lookup)","url":"https://geo.statcan.gc.ca/geo_wa/rest/services/2021/Cartographic_boundary_files/MapServer/9"},"community_display":"Calgary","is_unorganized":false,"panel_title":"Calgary","display_label":"Calgary","map_label":"48060528"},"geometry":{"type":"MultiPolygon","coordinates":[[[[-114.08945411095074,50.95849313775363],[-114.09013630488445,50.956009539830454],[-114.08984413581433,50.95476093728839],[-114.09115450851095,50.95475764878487],[-114.09093951393058,50.95409563265523],[-114.09044263274,50.9536155213612],[-114.09005101786279,50.9532729253322],[-114.0897461084281,50.95313942605166],[-114.08977293851204,50.952483433966634],[-114.09054062046964,50.95250253054387],[-114.0909326169283,50.9526113317529],[-114.09170343296232,50.95212674883693],[-114.09238111634643,50.95199073446262],[-114.09361253362901,50.95393733251381],[-114.09226002177168,50.953930645901245],[-114.09247739943403,50.95478163553695],[-114.09255491637579,50.95559304512139],[-114.09137194093775,50.955608543621125],[-114.0914223219811,50.95594264984114],[-114.0913287116863,50.956300147390834],[-114.09224790433586,50.956403946280446],[-114.09442691437883,50.95640414131042],[-114.09438791009637,50.956799048813735],[-114.09443562306845,50.95717804500974],[-114.09215642718611,50.957184240552955],[-114.09111043067219,50.95705923609498],[-114.09090511007071,50.957836650651544],[-114.09203653278291,50.957963945040305],[-114.09441402296132,50.95797814321156],[-114.09441462490668,50.95802965315427],[-114.09442223994255,50.95876094675887],[-114.09316753372235,50.95878353836088],[-114.09190072024604,50.95876994398834],[-114.09068513096653,50.958622751534755],[-114.08945411095074,50.95849313775363]]]]}},{"type":"Feature","properties":{"DGUID":"2021S051248060529","DAUID":"48060529","LANDAREA":0.233,"PRUID":"48","fed_num":"48008","da_code":"48060529","geo_name":"48060529","name_source":{"label":"Statistics Canada Census Profile 2021 DA WDS","url":"https://www12.statcan.gc.ca/wds-sdw/2021profile-profil2021-eng.cfm"},"population":404,"status":"ok","source":{"label":"Statistics Canada Census Profile 2021 DA WDS","url":"https://www12.statcan.gc.ca/wds-sdw/2021profile-profil2021-eng.cfm"},"community_name":"Calgary","community_source":{"label":"Statistics Canada 2021 census subdivision boundaries (spatial lookup)","url":"https://geo.statcan.gc.ca/geo_wa/rest/services/2021/Cartographic_boundary_files/MapServer/9"},"community_display":"Calgary","is_unorganized":false,"panel_title":"Calgary","display_label":"Calgary","map_label":"48060529"},"geometry":{"type":"MultiPolygon","coordinates":[[[[-114.08342410567437,50.96312783290049],[-114.08342071351697,50.96068113282859],[-114.08347360077104,50.95983693940043],[-114.08482570666564,50.959852747080134],[-114.08481079547767,50.958952952613494],[-114.08467232373016,50.95775312874784],[-114.08468340678216,50.95761816153471],[-114.08469821600592,50.95743735375291],[-114.08473272150289,50.95701702223082],[-114.08602499679196,50.95707623335998],[-114.08605992147918,50.956424937762435],[-114.08611033353759,50.95548633166841],[-114.08625862184863,50.95539104332218],[-114.08879022137444,50.954761632622855],[-114.08984413581433,50.95476093728839],[-114.09013630488445,50.956009539830454],[-114.08945411095074,50.95849313775363],[-114.09068513096653,50.958622751534755],[-114.09047983367093,50.959400242909574],[-114.09030432259635,50.95970164681842],[-114.08999389715292,50.95988283988268],[-114.08869550491245,50.96014725349626],[-114.08806032192456,50.96028433628097],[-114.08677670246472,50.960540145055255],[-114.08609981928882,50.960658147142304],[-114.08481719785347,50.96067104735028],[-114.08481377574904,50.96072089282659],[-114.08473231902059,50.96134363688517],[-114.08476409619364,50.96288255058232],[-114.08342410567437,50.96312783290049]]]]}},{"type":"Feature","properties":{"DGUID":"2021S051248060530","DAUID":"48060530","LANDAREA":0.1806,"PRUID":"48","fed_num":"48008","da_code":"48060530","geo_name":"48060530","name_source":{"label":"Statistics Canada Census Profile 2021 DA WDS","url":"https://www12.statcan.gc.ca/wds-sdw/2021profile-profil2021-eng.cfm"},"population":446,"status":"ok","source":{"label":"Statistics Canada Census Profile 2021 DA WDS","url":"https://www12.statcan.gc.ca/wds-sdw/2021profile-profil2021-eng.cfm"},"community_name":"Calgary","community_source":{"label":"Statistics Canada 2021 census subdivision boundaries (spatial lookup)","url":"https://geo.statcan.gc.ca/geo_wa/rest/services/2021/Cartographic_boundary_files/MapServer/9"},"community_display":"Calgary","is_unorganized":false,"panel_title":"Calgary","display_label":"Calgary","map_label":"48060530"},"geometry":{"type":"MultiPolygon","coordinates":[[[[-114.08480032042938,50.95616424190268],[-114.0816572951063,50.95609463496494],[-114.0816539076095,50.955240033403896],[-114.08164971543452,50.95394463464553],[-114.08165992104445,50.95309932772015],[-114.0831688036025,50.953110120902025],[-114.08388363523653,50.95306503523544],[-114.08400929309398,50.95310412317725],[-114.08449333515978,50.95310722860824],[-114.08469291362313,50.953103238945296],[-114.08516272602012,50.953105926059074],[-114.08677160555538,50.95311012194967],[-114.08842493005564,50.953088428008755],[-114.08950662470838,50.95309743886571],[-114.0897461084281,50.95313942605166],[-114.09005101786279,50.9532729253322],[-114.09044263274,50.9536155213612],[-114.09093951393058,50.95409563265523],[-114.09115450851095,50.95475764878487],[-114.08984413581433,50.95476093728839],[-114.08879022137444,50.954761632622855],[-114.08625862184863,50.95539104332218],[-114.08611033353759,50.95548633166841],[-114.08605992147918,50.956424937762435],[-114.08602499679196,50.95707623335998],[-114.08473272150289,50.95701702223082],[-114.08480032042938,50.95616424190268]]]]}},{"type":"Feature","properties":{"DGUID":"2021S051248060531","DAUID":"48060531","LANDAREA":0.104,"PRUID":"48","fed_num":"48008","da_code":"48060531","geo_name":"48060531","name_source":{"label":"Statistics Canada Census Profile 2021 DA WDS","url":"https://www12.statcan.gc.ca/wds-sdw/2021profile-profil2021-eng.cfm"},"population":376,"status":"ok","source":{"label":"Statistics Canada Census Profile 2021 DA WDS","url":"https://www12.statcan.gc.ca/wds-sdw/2021profile-profil2021-eng.cfm"},"community_name":"Calgary","community_source":{"label":"Statistics Canada 2021 census subdivision boundaries (spatial lookup)","url":"https://geo.statcan.gc.ca/geo_wa/rest/services/2021/Cartographic_boundary_files/MapServer/9"},"community_display":"Calgary","is_unorganized":false,"panel_title":"Calgary","display_label":"Calgary","map_label":"48060531"},"geometry":{"type":"MultiPolygon","coordinates":[[[[-114.07943859737,50.95332263639329],[-114.07989181028712,50.95313613665909],[-114.08023582550314,50.95309973130165],[-114.08165992104445,50.95309932772015],[-114.08164971543452,50.95394463464553],[-114.0816539076095,50.955240033403896],[-114.0816572951063,50.95609463496494],[-114.08480032042938,50.95616424190268],[-114.08473272150289,50.95701702223082],[-114.08335341323334,50.95698252364722],[-114.08165388659604,50.95705703696348],[-114.08115292212813,50.95709843222921],[-114.0790028889712,50.957089624879366],[-114.0784846757239,50.95695072413841],[-114.07896720100153,50.95629713420768],[-114.07900578069925,50.95522772295081],[-114.07899909408698,50.95442702558484],[-114.07904187634414,50.95374441839715],[-114.07924481580928,50.95346171279521],[-114.07943859737,50.95332263639329]]]]}},{"type":"Feature","properties":{"DGUID":"2021S051248060532","DAUID":"48060532","LANDAREA":0.3512,"PRUID":"48","fed_num":"48008","da_code":"48060532","geo_name":"48060532","name_source":{"label":"Statistics Canada Census Profile 2021 DA WDS","url":"https://www12.statcan.gc.ca/wds-sdw/2021profile-profil2021-eng.cfm"},"population":751,"status":"ok","source":{"label":"Statistics Canada Census Profile 2021 DA WDS","url":"https://www12.statcan.gc.ca/wds-sdw/2021profile-profil2021-eng.cfm"},"community_name":"Calgary","community_source":{"label":"Statistics Canada 2021 census subdivision boundaries (spatial lookup)","url":"https://geo.statcan.gc.ca/geo_wa/rest/services/2021/Cartographic_boundary_files/MapServer/9"},"community_display":"Calgary","is_unorganized":false,"panel_title":"Calgary","display_label":"Calgary","map_label":"48060532"},"geometry":{"type":"MultiPolygon","coordinates":[[[[-114.07461691749809,50.95530622058403],[-114.07438220144417,50.954108918523],[-114.07435601118006,50.95397523797357],[-114.07422800838559,50.953384612235446],[-114.07413753730036,50.953053806428635],[-114.07405950901018,50.95281332063894],[-114.07371421585627,50.95167152184425],[-114.07363432032841,50.95149122924003],[-114.07363007108395,50.95148166340075],[-114.0735629343984,50.95133001089416],[-114.07331861060999,50.95068171648408],[-114.07331082700912,50.9506641272002],[-114.07330771289583,50.95065713568549],[-114.0732635476877,50.9505575131908],[-114.0732602759621,50.95055017254385],[-114.07353500798601,50.95055141000739],[-114.07408728438656,50.95055301574049],[-114.07559597697296,50.95056391555637],[-114.0816754248351,50.950581129298456],[-114.08271492522425,50.95058011004903],[-114.08446540081829,50.95059691856056],[-114.08446294084024,50.95109163005682],[-114.08449333515978,50.95310722860824],[-114.08400929309398,50.95310412317725],[-114.08388363523653,50.95306503523544],[-114.0831688036025,50.953110120902025],[-114.08316763603756,50.95221952477233],[-114.08318143552681,50.95086162722447],[-114.08171762683254,50.95081601196846],[-114.08036691349092,50.95078232220147],[-114.07895889174137,50.9509809206909],[-114.07895569210557,50.95216823181193],[-114.0802232985205,50.952163918821604],[-114.08023582550314,50.95309973130165],[-114.07989181028712,50.95313613665909],[-114.07943859737,50.95332263639329],[-114.07924481580928,50.95346171279521],[-114.07904187634414,50.95374441839715],[-114.07757461240674,50.95375272575069],[-114.07655030067774,50.95373603038097],[-114.07654190007432,50.95409563381871],[-114.07654857582567,50.95489632155422],[-114.0765404847942,50.955705720222554],[-114.07654079108134,50.95615543298542],[-114.0766704997064,50.956356621765444],[-114.07689069260772,50.95647902806516],[-114.07733838825831,50.95660722824214],[-114.0775613748444,50.95668472579503],[-114.0784846757239,50.95695072413841],[-114.07781517704575,50.95786043402629],[-114.077134186102,50.95872493283239],[-114.07690290244999,50.95900693446687],[-114.07681089746332,50.95933742899271],[-114.07687479387653,50.959680827324114],[-114.07705788513901,50.96062094704172],[-114.07717467291275,50.961028632742725],[-114.0775446700241,50.961487632044104],[-114.07838819307544,50.962345324275226],[-114.07871669786923,50.96278523804667],[-114.07883409410177,50.96318403577061],[-114.07889346583312,50.96359923302285],[-114.07896767847377,50.96400584289954],[-114.07896557298606,50.964266643993874],[-114.07904259432215,50.96462845222422],[-114.07907729281825,50.96475522953191],[-114.07838617441831,50.964872854235786],[-114.07723446635615,50.965011256195886],[-114.07673471366876,50.965042059829635],[-114.07670769584645,50.96491293916792],[-114.0767061195036,50.96490529066224],[-114.07668439895221,50.96480085691505],[-114.07660439411829,50.96434393670035],[-114.07581351914689,50.960547139515626],[-114.07546421734635,50.958910043496054],[-114.07529812059639,50.95819773321164],[-114.07512320506036,50.95760092393981],[-114.07495461058024,50.95692842016532],[-114.07478992328967,50.95613293407537],[-114.07464231975544,50.95543573384761],[-114.07461691749809,50.95530622058403]]]]}},{"type":"Feature","properties":{"DGUID":"2021S051248060533","DAUID":"48060533","LANDAREA":0.0652,"PRUID":"48","fed_num":"48008","da_code":"48060533","geo_name":"48060533","name_source":{"label":"Statistics Canada Census Profile 2021 DA WDS","url":"https://www12.statcan.gc.ca/wds-sdw/2021profile-profil2021-eng.cfm"},"population":586,"status":"ok","source":{"label":"Statistics Canada Census Profile 2021 DA WDS","url":"https://www12.statcan.gc.ca/wds-sdw/2021profile-profil2021-eng.cfm"},"community_name":"Calgary","community_source":{"label":"Statistics Canada 2021 census subdivision boundaries (spatial lookup)","url":"https://geo.statcan.gc.ca/geo_wa/rest/services/2021/Cartographic_boundary_files/MapServer/9"},"community_display":"Calgary","is_unorganized":false,"panel_title":"Calgary","display_label":"Calgary","map_label":"48060533"},"geometry":{"type":"MultiPolygon","coordinates":[[[[-114.07895569210557,50.95216823181193],[-114.07895889174137,50.9509809206909],[-114.08036691349092,50.95078232220147],[-114.08171762683254,50.95081601196846],[-114.08318143552681,50.95086162722447],[-114.08316763603756,50.95221952477233],[-114.0831688036025,50.953110120902025],[-114.08165992104445,50.95309932772015],[-114.08023582550314,50.95309973130165],[-114.0802232985205,50.952163918821604],[-114.07895569210557,50.95216823181193]]]]}},{"type":"Feature","properties":{"DGUID":"2021S051248060534","DAUID":"48060534","LANDAREA":0.0556,"PRUID":"48","fed_num":"48008","da_code":"48060534","geo_name":"48060534","name_source":{"label":"Statistics Canada Census Profile 2021 DA WDS","url":"https://www12.statcan.gc.ca/wds-sdw/2021profile-profil2021-eng.cfm"},"population":338,"status":"ok","source":{"label":"Statistics Canada Census Profile 2021 DA WDS","url":"https://www12.statcan.gc.ca/wds-sdw/2021profile-profil2021-eng.cfm"},"community_name":"Calgary","community_source":{"label":"Statistics Canada 2021 census subdivision boundaries (spatial lookup)","url":"https://geo.statcan.gc.ca/geo_wa/rest/services/2021/Cartographic_boundary_files/MapServer/9"},"community_display":"Calgary","is_unorganized":false,"panel_title":"Calgary","display_label":"Calgary","map_label":"48060534"},"geometry":{"type":"MultiPolygon","coordinates":[[[[-114.07654190007432,50.95409563381871],[-114.07655030067774,50.95373603038097],[-114.07757461240674,50.95375272575069],[-114.07904187634414,50.95374441839715],[-114.07899909408698,50.95442702558484],[-114.07900578069925,50.95522772295081],[-114.07896720100153,50.95629713420768],[-114.0784846757239,50.95695072413841],[-114.0775613748444,50.95668472579503],[-114.07733838825831,50.95660722824214],[-114.07689069260772,50.95647902806516],[-114.0766704997064,50.956356621765444],[-114.07654079108134,50.95615543298542],[-114.0765404847942,50.955705720222554],[-114.07654857582567,50.95489632155422],[-114.07654190007432,50.95409563381871]]]]}},{"type":"Feature","properties":{"DGUID":"2021S051248060535","DAUID":"48060535","LANDAREA":0.1832,"PRUID":"48","fed_num":"48008","da_code":"48060535","geo_name":"48060535","name_source":{"label":"Statistics Canada Census Profile 2021 DA WDS","url":"https://www12.statcan.gc.ca/wds-sdw/2021profile-profil2021-eng.cfm"},"population":384,"status":"ok","source":{"label":"Statistics Canada Census Profile 2021 DA WDS","url":"https://www12.statcan.gc.ca/wds-sdw/2021profile-profil2021-eng.cfm"},"community_name":"Calgary","community_source":{"label":"Statistics Canada 2021 census subdivision boundaries (spatial lookup)","url":"https://geo.statcan.gc.ca/geo_wa/rest/services/2021/Cartographic_boundary_files/MapServer/9"},"community_display":"Calgary","is_unorganized":false,"panel_title":"Calgary","display_label":"Calgary","map_label":"48060535"},"geometry":{"type":"MultiPolygon","coordinates":[[[[-114.07781517704575,50.95786043402629],[-114.0784846757239,50.95695072413841],[-114.0790028889712,50.957089624879366],[-114.08115292212813,50.95709843222921],[-114.08165388659604,50.95705703696348],[-114.08335341323334,50.95698252364722],[-114.08473272150289,50.95701702223082],[-114.08469821600592,50.95743735375291],[-114.08468340678216,50.95761816153471],[-114.08467232373016,50.95775312874784],[-114.08481079547767,50.958952952613494],[-114.08482570666564,50.959852747080134],[-114.08347360077104,50.95983693940043],[-114.08287129654778,50.95990283004096],[-114.08121119669507,50.96025713139011],[-114.07705788513901,50.96062094704172],[-114.07687479387653,50.959680827324114],[-114.07681089746332,50.95933742899271],[-114.07690290244999,50.95900693446687],[-114.077134186102,50.95872493283239],[-114.07781517704575,50.95786043402629]]]]}},{"type":"Feature","properties":{"DGUID":"2021S051248060539","DAUID":"48060539","LANDAREA":0.2853,"PRUID":"48","fed_num":"48008","da_code":"48060539","geo_name":"48060539","name_source":{"label":"Statistics Canada Census Profile 2021 DA WDS","url":"https://www12.statcan.gc.ca/wds-sdw/2021profile-profil2021-eng.cfm"},"population":631,"status":"ok","source":{"label":"Statistics Canada Census Profile 2021 DA WDS","url":"https://www12.statcan.gc.ca/wds-sdw/2021profile-profil2021-eng.cfm"},"community_name":"Calgary","community_source":{"label":"Statistics Canada 2021 census subdivision boundaries (spatial lookup)","url":"https://geo.statcan.gc.ca/geo_wa/rest/services/2021/Cartographic_boundary_files/MapServer/9"},"community_display":"Calgary","is_unorganized":false,"panel_title":"Calgary","display_label":"Calgary","map_label":"48060539"},"geometry":{"type":"MultiPolygon","coordinates":[[[[-114.08906656685942,50.973343160169065],[-114.08935538353256,50.973053444611416],[-114.08934147412256,50.97122716741232],[-114.08908896487235,50.97002455911343],[-114.08608350345881,50.970246348601485],[-114.08466527784324,50.97037284636424],[-114.08473008012236,50.969564948724134],[-114.08479608955209,50.96873904521973],[-114.08512320812241,50.96874725522034],[-114.08628379738387,50.96864126129408],[-114.08631280629143,50.96635724685206],[-114.08759558232457,50.96634436168064],[-114.0875658950126,50.965453053353585],[-114.09114188185497,50.96544335254491],[-114.0921161815215,50.96717667272301],[-114.09102358158347,50.96756315054833],[-114.0899151672579,50.96797634895083],[-114.09005239339066,50.968641956999576],[-114.09048598121718,50.96861825010996],[-114.0906867955419,50.96856615939404],[-114.09222888670412,50.96803304886202],[-114.09295447479492,50.96777934970217],[-114.09320999431908,50.967714169622894],[-114.09445347242169,50.96771636058261],[-114.09445916669516,50.96807935452977],[-114.09446320828748,50.96841916173006],[-114.09431968426684,50.96849315465811],[-114.0938193734534,50.968506654437874],[-114.09350368382033,50.968503166628736],[-114.09168749260564,50.969102167985206],[-114.0908554021503,50.96942886391407],[-114.09063468026869,50.96945825017007],[-114.09023439145523,50.96951096725619],[-114.09040918043901,50.97032734751151],[-114.09105487777443,50.97025346996398],[-114.09356018748042,50.96937135513336],[-114.0939208918248,50.96929945600856],[-114.09449138414651,50.96928665900448],[-114.09449944725723,50.97006589297444],[-114.09449950014809,50.97006945999861],[-114.09393987770494,50.970136469754046],[-114.09188609117854,50.97085884823413],[-114.0918824796779,50.97205506222573],[-114.09188998053067,50.972846865682136],[-114.09060806471336,50.972841857043605],[-114.09060247228986,50.97361524884259],[-114.09000335997811,50.973627351708366],[-114.08969268494384,50.97358356632451],[-114.08906656685942,50.973343160169065]]]]}},{"type":"Feature","properties":{"DGUID":"2021S051248060540","DAUID":"48060540","LANDAREA":0.1399,"PRUID":"48","fed_num":"48008","da_code":"48060540","geo_name":"48060540","name_source":{"label":"Statistics Canada Census Profile 2021 DA WDS","url":"https://www12.statcan.gc.ca/wds-sdw/2021profile-profil2021-eng.cfm"},"population":364,"status":"ok","source":{"label":"Statistics Canada Census Profile 2021 DA WDS","url":"https://www12.statcan.gc.ca/wds-sdw/2021profile-profil2021-eng.cfm"},"community_name":"Calgary","community_source":{"label":"Statistics Canada 2021 census subdivision boundaries (spatial lookup)","url":"https://geo.statcan.gc.ca/geo_wa/rest/services/2021/Cartographic_boundary_files/MapServer/9"},"community_display":"Calgary","is_unorganized":false,"panel_title":"Calgary","display_label":"Calgary","map_label":"48060540"},"geometry":{"type":"MultiPolygon","coordinates":[[[[-114.0846310919154,50.97114554039881],[-114.08466527784324,50.97037284636424],[-114.08608350345881,50.970246348601485],[-114.08908896487235,50.97002455911343],[-114.08934147412256,50.97122716741232],[-114.08935538353256,50.973053444611416],[-114.08906656685942,50.973343160169065],[-114.08969268494384,50.97358356632451],[-114.09000335997811,50.973627351708366],[-114.09060247228986,50.97361524884259],[-114.0906037766735,50.97450585680352],[-114.08986345791776,50.97449636435552],[-114.08913057870012,50.97437015504153],[-114.08753286837795,50.973718663465036],[-114.08692966241793,50.97356864818513],[-114.08590546320801,50.973543065618],[-114.08453827995407,50.97353594496006],[-114.08459686617131,50.971918245215946],[-114.0846310919154,50.97114554039881]]]]}},{"type":"Feature","properties":{"DGUID":"2021S051248060541","DAUID":"48060541","LANDAREA":0.1372,"PRUID":"48","fed_num":"48008","da_code":"48060541","geo_name":"48060541","name_source":{"label":"Statistics Canada Census Profile 2021 DA WDS","url":"https://www12.statcan.gc.ca/wds-sdw/2021profile-profil2021-eng.cfm"},"population":377,"status":"ok","source":{"label":"Statistics Canada Census Profile 2021 DA WDS","url":"https://www12.statcan.gc.ca/wds-sdw/2021profile-profil2021-eng.cfm"},"community_name":"Calgary","community_source":{"label":"Statistics Canada 2021 census subdivision boundaries (spatial lookup)","url":"https://geo.statcan.gc.ca/geo_wa/rest/services/2021/Cartographic_boundary_files/MapServer/9"},"community_display":"Calgary","is_unorganized":false,"panel_title":"Calgary","display_label":"Calgary","map_label":"48060541"},"geometry":{"type":"MultiPolygon","coordinates":[[[[-114.08942594750255,50.97739086159028],[-114.08942206685614,50.97677005248824],[-114.08942756245304,50.97577177226416],[-114.08962729148702,50.97576776383238],[-114.09016967438802,50.97597914719523],[-114.09324687864405,50.97598387888552],[-114.0932457679861,50.97531825926413],[-114.09325063404476,50.975318378768605],[-114.09442647467141,50.97534766620432],[-114.0944805895182,50.9753939709607],[-114.09447156688009,50.97804726811485],[-114.09429816076931,50.978312765931875],[-114.0939126674435,50.97855508208505],[-114.09374485529558,50.97873077281644],[-114.09363394820276,50.979366663776524],[-114.09343570094445,50.979582421683766],[-114.09235205118011,50.97958656796089],[-114.09169645049882,50.97958816916151],[-114.09034325285445,50.97958146710523],[-114.08971615408889,50.97958384980999],[-114.08971484369357,50.97937686025434],[-114.08974156613385,50.97781247108638],[-114.08942594750255,50.97739086159028]]]]}},{"type":"Feature","properties":{"DGUID":"2021S051248060542","DAUID":"48060542","LANDAREA":0.1858,"PRUID":"48","fed_num":"48008","da_code":"48060542","geo_name":"48060542","name_source":{"label":"Statistics Canada Census Profile 2021 DA WDS","url":"https://www12.statcan.gc.ca/wds-sdw/2021profile-profil2021-eng.cfm"},"population":492,"status":"ok","source":{"label":"Statistics Canada Census Profile 2021 DA WDS","url":"https://www12.statcan.gc.ca/wds-sdw/2021profile-profil2021-eng.cfm"},"community_name":"Calgary","community_source":{"label":"Statistics Canada 2021 census subdivision boundaries (spatial lookup)","url":"https://geo.statcan.gc.ca/geo_wa/rest/services/2021/Cartographic_boundary_files/MapServer/9"},"community_display":"Calgary","is_unorganized":false,"panel_title":"Calgary","display_label":"Calgary","map_label":"48060542"},"geometry":{"type":"MultiPolygon","coordinates":[[[[-114.08411437776367,50.97598094068642],[-114.08431638493154,50.97525744512092],[-114.08463045227259,50.97524725119992],[-114.0854225520941,50.97533895146282],[-114.0865118586599,50.97569005783869],[-114.08704795927265,50.97577534474202],[-114.08942756245304,50.97577177226416],[-114.08942206685614,50.97677005248824],[-114.08942594750255,50.97739086159028],[-114.08974156613385,50.97781247108638],[-114.08971484369357,50.97937686025434],[-114.08971615408889,50.97958384980999],[-114.08948856283597,50.97957815543181],[-114.08816386150555,50.97957205630398],[-114.08720896376214,50.979575251219934],[-114.08690964990932,50.97957676637547],[-114.0859542590606,50.97958884535838],[-114.08592420623498,50.97958906576043],[-114.08316011302855,50.97960904607693],[-114.08316833754571,50.979024539319724],[-114.08330842864375,50.978380448096075],[-114.0836060368097,50.97749734500216],[-114.08388266957823,50.976721754601186],[-114.08411437776367,50.97598094068642]]]]}},{"type":"Feature","properties":{"DGUID":"2021S051248060543","DAUID":"48060543","LANDAREA":0.2645,"PRUID":"48","fed_num":"48008","da_code":"48060543","geo_name":"48060543","name_source":{"label":"Statistics Canada Census Profile 2021 DA WDS","url":"https://www12.statcan.gc.ca/wds-sdw/2021profile-profil2021-eng.cfm"},"population":681,"status":"ok","source":{"label":"Statistics Canada Census Profile 2021 DA WDS","url":"https://www12.statcan.gc.ca/wds-sdw/2021profile-profil2021-eng.cfm"},"community_name":"Calgary","community_source":{"label":"Statistics Canada 2021 census subdivision boundaries (spatial lookup)","url":"https://geo.statcan.gc.ca/geo_wa/rest/services/2021/Cartographic_boundary_files/MapServer/9"},"community_display":"Calgary","is_unorganized":false,"panel_title":"Calgary","display_label":"Calgary","map_label":"48060543"},"geometry":{"type":"MultiPolygon","coordinates":[[[[-114.08642662101838,50.9829647494647],[-114.08478770397028,50.98296885289519],[-114.08480869761904,50.98376994109005],[-114.08316970842212,50.98377394595696],[-114.08314752259237,50.98299084190337],[-114.08315610328427,50.982172532214044],[-114.08316242617941,50.981390149116365],[-114.08316011302855,50.97960904607693],[-114.08592420623498,50.97958906576043],[-114.0859542590606,50.97958884535838],[-114.08690964990932,50.97957676637547],[-114.08720896376214,50.979575251219934],[-114.08816386150555,50.97957205630398],[-114.08948856283597,50.97957815543181],[-114.08971615408889,50.97958384980999],[-114.09034325285445,50.97958146710523],[-114.09169645049882,50.97958816916151],[-114.09169833640799,50.97978616342584],[-114.09161315693522,50.98069247461043],[-114.09148144522827,50.980977061619136],[-114.09100256970714,50.982026565329974],[-114.0894910278995,50.98204286842581],[-114.08948074007655,50.98334686473633],[-114.09080673509646,50.98333486582858],[-114.0908342590243,50.98426206754501],[-114.0908383574399,50.98510765515874],[-114.09077354608652,50.98523197655524],[-114.09015815028397,50.98572936382803],[-114.0898661378579,50.98561416534361],[-114.08950003722622,50.98554207738467],[-114.0881933152037,50.985473456282556],[-114.0882006266052,50.98467316259442],[-114.08820744538794,50.98388176709062],[-114.08821542257986,50.983072349526786],[-114.08642662101838,50.9829647494647]]]]}},{"type":"Feature","properties":{"DGUID":"2021S051248060544","DAUID":"48060544","LANDAREA":0.1312,"PRUID":"48","fed_num":"48008","da_code":"48060544","geo_name":"48060544","name_source":{"label":"Statistics Canada Census Profile 2021 DA WDS","url":"https://www12.statcan.gc.ca/wds-sdw/2021profile-profil2021-eng.cfm"},"population":402,"status":"ok","source":{"label":"Statistics Canada Census Profile 2021 DA WDS","url":"https://www12.statcan.gc.ca/wds-sdw/2021profile-profil2021-eng.cfm"},"community_name":"Calgary","community_source":{"label":"Statistics Canada 2021 census subdivision boundaries (spatial lookup)","url":"https://geo.statcan.gc.ca/geo_wa/rest/services/2021/Cartographic_boundary_files/MapServer/9"},"community_display":"Calgary","is_unorganized":false,"panel_title":"Calgary","display_label":"Calgary","map_label":"48060544"},"geometry":{"type":"MultiPolygon","coordinates":[[[[-114.09080673509646,50.98333486582858],[-114.08948074007655,50.98334686473633],[-114.0894910278995,50.98204286842581],[-114.09100256970714,50.982026565329974],[-114.09148144522827,50.980977061619136],[-114.09161315693522,50.98069247461043],[-114.09169833640799,50.97978616342584],[-114.09355177439068,50.979769376462464],[-114.09379307665769,50.97978437997591],[-114.09401614639481,50.97986186467922],[-114.09427477565696,50.98005716043498],[-114.09428057565346,50.980875873869735],[-114.09433997302718,50.98106625881887],[-114.09452567075303,50.981970383407855],[-114.09452765130852,50.982851986999435],[-114.09216183287738,50.982855966413354],[-114.09216606123005,50.98370158117885],[-114.09214546889703,50.98425877014051],[-114.09215245498963,50.98460077761318],[-114.09359384587088,50.98502347388825],[-114.09444868293576,50.98502687965992],[-114.09446434554717,50.98591768014084],[-114.09318037470024,50.98593956801654],[-114.0908383574399,50.98510765515874],[-114.0908342590243,50.98426206754501],[-114.09080673509646,50.98333486582858]]]]}},{"type":"Feature","properties":{"DGUID":"2021S051248060545","DAUID":"48060545","LANDAREA":1.1408,"PRUID":"48","fed_num":"48008","da_code":"48060545","geo_name":"48060545","name_source":{"label":"Statistics Canada Census Profile 2021 DA WDS","url":"https://www12.statcan.gc.ca/wds-sdw/2021profile-profil2021-eng.cfm"},"population":441,"status":"ok","source":{"label":"Statistics Canada Census Profile 2021 DA WDS","url":"https://www12.statcan.gc.ca/wds-sdw/2021profile-profil2021-eng.cfm"},"community_name":"Calgary","community_source":{"label":"Statistics Canada 2021 census subdivision boundaries (spatial lookup)","url":"https://geo.statcan.gc.ca/geo_wa/rest/services/2021/Cartographic_boundary_files/MapServer/9"},"community_display":"Calgary","is_unorganized":false,"panel_title":"Calgary","display_label":"Calgary","map_label":"48060545"},"geometry":{"type":"MultiPolygon","coordinates":[[[[-114.09787484959598,50.99474417507653],[-114.0975117301569,50.99463506046015],[-114.09716166349347,50.99452988166032],[-114.09612697295132,50.99433236707778],[-114.09575307176341,50.99426099988453],[-114.09524326530395,50.9942218238052],[-114.09489346961533,50.99419491290625],[-114.09488849252736,50.99409932874686],[-114.09488595549423,50.994050432683906],[-114.09487148808314,50.993771283448474],[-114.09499776314148,50.992434191032366],[-114.09499140542427,50.991593129726866],[-114.09499007304301,50.99141757473985],[-114.0949353615259,50.9909275205107],[-114.09491433736599,50.99073909339326],[-114.09487126067083,50.99035327974449],[-114.09478115241731,50.98883088480329],[-114.09475035110687,50.98818246799909],[-114.09425124641179,50.98818798234647],[-114.09405428581991,50.988147185112055],[-114.09401087744439,50.987930180274745],[-114.09408007344432,50.98773397379287],[-114.09428395470232,50.98720837772345],[-114.09432527823313,50.98700258470923],[-114.09407647207559,50.98687938337577],[-114.09309186999258,50.98689986350979],[-114.09265305644952,50.986852987535066],[-114.09220725210332,50.98668896608096],[-114.09015815028397,50.98572936382803],[-114.09077354608652,50.98523197655524],[-114.0908383574399,50.98510765515874],[-114.09318037470024,50.98593956801654],[-114.09446434554717,50.98591768014084],[-114.09444868293576,50.98502687965992],[-114.09359384587088,50.98502347388825],[-114.09215245498963,50.98460077761318],[-114.09214546889703,50.98425877014051],[-114.09216606123005,50.98370158117885],[-114.09216183287738,50.982855966413354],[-114.09452765130852,50.982851986999435],[-114.09452567075303,50.981970383407855],[-114.09433997302718,50.98106625881887],[-114.09428057565346,50.980875873869735],[-114.09427477565696,50.98005716043498],[-114.09401614639481,50.97986186467922],[-114.09379307665769,50.97978437997591],[-114.09355177439068,50.979769376462464],[-114.09169833640799,50.97978616342584],[-114.09169645049882,50.97958816916151],[-114.09235205118011,50.97958656796089],[-114.09343570094445,50.979582421683766],[-114.09360624666523,50.97958176362076],[-114.09388966926763,50.979606873604666],[-114.09475686328649,50.97963747372024],[-114.09498458126721,50.97964307175814],[-114.09571176417745,50.97963428735524],[-114.09618468361903,50.979591978817496],[-114.0972908847299,50.97967346343035],[-114.09729282488176,50.97967395318446],[-114.09831571705809,50.9795645955035],[-114.09829796738742,50.97993724607009],[-114.09832149107746,50.9800464290335],[-114.09854697981562,50.98035303662],[-114.0989609851418,50.980584935170384],[-114.10015018451925,50.98083582479316],[-114.10058727296997,50.98105373517828],[-114.10100040123798,50.98131413702072],[-114.10117140028922,50.981356537194834],[-114.10142128443862,50.98134565054031],[-114.10172268350058,50.98128672838358],[-114.10180587440756,50.981242032427275],[-114.10225007893739,50.98098454302654],[-114.10251369904178,50.9809709325902],[-114.10329708599762,50.98128225019618],[-114.10355057288945,50.98143174457695],[-114.1040940941793,50.981590842964614],[-114.10447287001077,50.98165893741323],[-114.10531989887086,50.98170194673663],[-114.10574489074197,50.98174205296917],[-114.10714009247734,50.982075843000985],[-114.10809987172752,50.98213465018727],[-114.1085830997308,50.982201240537584],[-114.10877096634175,50.982278243098946],[-114.10907739882497,50.98247424923545],[-114.10915999252786,50.98258135001079],[-114.10923670702374,50.982637348680754],[-114.10948767184756,50.982820542655894],[-114.10957869589755,50.98294495052505],[-114.10991817316636,50.9832387572203],[-114.1106558717741,50.984099251063526],[-114.11073977043225,50.984300859314416],[-114.11072196402836,50.98536595422058],[-114.11061058539964,50.98584274677363],[-114.1104974926369,50.986101846844285],[-114.11021146785801,50.98637575101187],[-114.10975679911624,50.9866732452992],[-114.10940708965163,50.98681746017644],[-114.10880317624374,50.98696395528573],[-114.10837518583745,50.98700976101133],[-114.10827169289144,50.98698255739096],[-114.10769158665137,50.98696336216609],[-114.10718517571597,50.9869106534505],[-114.10670329586316,50.986938538584006],[-114.10527487460097,50.98717985022711],[-114.10481647298178,50.98731695234076],[-114.10460288598723,50.987462946059374],[-114.10457907640709,50.98762873653534],[-114.10441788612619,50.98769815632542],[-114.10410698588731,50.987768433267604],[-114.10402379813719,50.987813156384235],[-114.10355667941016,50.98820775662406],[-114.10325648261686,50.988361146584694],[-114.10307089685963,50.98835004627248],[-114.10231706949035,50.9880993476436],[-114.1020416717134,50.98805835647809],[-114.10148469933928,50.98802504353829],[-114.10127486705237,50.98805655367737],[-114.10090387834738,50.988157550557894],[-114.10051209168512,50.98833833568887],[-114.10017407668695,50.988537145940995],[-114.10002365805681,50.9886897389176],[-114.09988467514941,50.988773754593964],[-114.09966709814722,50.989034341541384],[-114.09959798358526,50.989199452952825],[-114.0996962653727,50.98964474194049],[-114.09965808629424,50.98996494456813],[-114.09956908557534,50.990181440243575],[-114.09956958792151,50.99035506984445],[-114.09956976758049,50.990427748191856],[-114.09982925970456,50.99080354444485],[-114.0999190832169,50.9912315358684],[-114.09993693523077,50.99148694682574],[-114.09997399081664,50.99201695392818],[-114.1003747866241,50.99237464872501],[-114.1004479815878,50.99249306334473],[-114.10051488788619,50.992660037654865],[-114.10049008876064,50.99285444210763],[-114.10004346818211,50.99344414690653],[-114.09943166473083,50.99381964962036],[-114.09899106052256,50.99396255206867],[-114.09876799892804,50.994119954699535],[-114.0986599690721,50.9943590548964],[-114.09853039955117,50.99443175819042],[-114.09810977227401,50.994523442820714],[-114.09800238484723,50.99461075804951],[-114.09795042494405,50.99466508588829],[-114.09787484959598,50.99474417507653]]]]}},{"type":"Feature","properties":{"DGUID":"2021S051248060546","DAUID":"48060546","LANDAREA":0.2217,"PRUID":"48","fed_num":"48008","da_code":"48060546","geo_name":"48060546","name_source":{"label":"Statistics Canada Census Profile 2021 DA WDS","url":"https://www12.statcan.gc.ca/wds-sdw/2021profile-profil2021-eng.cfm"},"population":383,"status":"ok","source":{"label":"Statistics Canada Census Profile 2021 DA WDS","url":"https://www12.statcan.gc.ca/wds-sdw/2021profile-profil2021-eng.cfm"},"community_name":"Calgary","community_source":{"label":"Statistics Canada 2021 census subdivision boundaries (spatial lookup)","url":"https://geo.statcan.gc.ca/geo_wa/rest/services/2021/Cartographic_boundary_files/MapServer/9"},"community_display":"Calgary","is_unorganized":false,"panel_title":"Calgary","display_label":"Calgary","map_label":"48060546"},"geometry":{"type":"MultiPolygon","coordinates":[[[[-114.08920384491282,50.987315661723486],[-114.08886004397004,50.98734306544915],[-114.08836444353969,50.98751966160757],[-114.08799804320726,50.98768135993817],[-114.08733844918915,50.987745850757534],[-114.086055055569,50.987758853586506],[-114.08475856630206,50.98775345785975],[-114.08357524301071,50.98775985992069],[-114.08316094721734,50.98777643975209],[-114.08312792682284,50.98603065020291],[-114.083155894218,50.98444823784142],[-114.08316970842212,50.98377394595696],[-114.08480869761904,50.98376994109005],[-114.08478770397028,50.98296885289519],[-114.08642662101838,50.9829647494647],[-114.08821542257986,50.983072349526786],[-114.08820744538794,50.98388176709062],[-114.0882006266052,50.98467316259442],[-114.0881933152037,50.985473456282556],[-114.08950003722622,50.98554207738467],[-114.0898661378579,50.98561416534361],[-114.09015815028397,50.98572936382803],[-114.09220725210332,50.98668896608096],[-114.09190074406315,50.987032066108966],[-114.09176595916232,50.98713666069072],[-114.09140067092122,50.98728047044337],[-114.09104107777667,50.987334476514214],[-114.08920384491282,50.987315661723486]]]]}},{"type":"Feature","properties":{"DGUID":"2021S051248060547","DAUID":"48060547","LANDAREA":0.1563,"PRUID":"48","fed_num":"48008","da_code":"48060547","geo_name":"48060547","name_source":{"label":"Statistics Canada Census Profile 2021 DA WDS","url":"https://www12.statcan.gc.ca/wds-sdw/2021profile-profil2021-eng.cfm"},"population":373,"status":"ok","source":{"label":"Statistics Canada Census Profile 2021 DA WDS","url":"https://www12.statcan.gc.ca/wds-sdw/2021profile-profil2021-eng.cfm"},"community_name":"Calgary","community_source":{"label":"Statistics Canada 2021 census subdivision boundaries (spatial lookup)","url":"https://geo.statcan.gc.ca/geo_wa/rest/services/2021/Cartographic_boundary_files/MapServer/9"},"community_display":"Calgary","is_unorganized":false,"panel_title":"Calgary","display_label":"Calgary","map_label":"48060547"},"geometry":{"type":"MultiPolygon","coordinates":[[[[-114.08314504620442,50.99052856017039],[-114.08316094721734,50.98777643975209],[-114.08357524301071,50.98775985992069],[-114.08475856630206,50.98775345785975],[-114.086055055569,50.987758853586506],[-114.08733844918915,50.987745850757534],[-114.08799804320726,50.98768135993817],[-114.08836444353969,50.98751966160757],[-114.08886004397004,50.98734306544915],[-114.08920384491282,50.987315661723486],[-114.09104107777667,50.987334476514214],[-114.09140067092122,50.98728047044337],[-114.09176595916232,50.98713666069072],[-114.09190074406315,50.987032066108966],[-114.09220725210332,50.98668896608096],[-114.09265305644952,50.986852987535066],[-114.09309186999258,50.98689986350979],[-114.09407647207559,50.98687938337577],[-114.09432527823313,50.98700258470923],[-114.09428395470232,50.98720837772345],[-114.09408007344432,50.98773397379287],[-114.09302597692849,50.98772577269603],[-114.0927955501983,50.98776497396521],[-114.09253657943037,50.987803470439125],[-114.09149137838759,50.98811028155507],[-114.09120446387625,50.98813906510384],[-114.08859605197114,50.988146057100586],[-114.08860516559557,50.988910866646854],[-114.088598353574,50.98970227506002],[-114.08857627869514,50.99051115411901],[-114.08729387947535,50.99050616652975],[-114.08672406213947,50.9905009668859],[-114.08555445283378,50.990516776977316],[-114.08525508275282,50.990518254317216],[-114.08347346174159,50.99051876023954],[-114.08314504620442,50.99052856017039]]]]}},{"type":"Feature","properties":{"DGUID":"2021S051248060548","DAUID":"48060548","LANDAREA":0.1406,"PRUID":"48","fed_num":"48008","da_code":"48060548","geo_name":"48060548","name_source":{"label":"Statistics Canada Census Profile 2021 DA WDS","url":"https://www12.statcan.gc.ca/wds-sdw/2021profile-profil2021-eng.cfm"},"population":388,"status":"ok","source":{"label":"Statistics Canada Census Profile 2021 DA WDS","url":"https://www12.statcan.gc.ca/wds-sdw/2021profile-profil2021-eng.cfm"},"community_name":"Calgary","community_source":{"label":"Statistics Canada 2021 census subdivision boundaries (spatial lookup)","url":"https://geo.statcan.gc.ca/geo_wa/rest/services/2021/Cartographic_boundary_files/MapServer/9"},"community_display":"Calgary","is_unorganized":false,"panel_title":"Calgary","display_label":"Calgary","map_label":"48060548"},"geometry":{"type":"MultiPolygon","coordinates":[[[[-114.08860516559557,50.988910866646854],[-114.08859605197114,50.988146057100586],[-114.09120446387625,50.98813906510384],[-114.09149137838759,50.98811028155507],[-114.09253657943037,50.987803470439125],[-114.0927955501983,50.98776497396521],[-114.09302597692849,50.98772577269603],[-114.09408007344432,50.98773397379287],[-114.09401087744439,50.987930180274745],[-114.09405428581991,50.988147185112055],[-114.09413886310845,50.98861698149087],[-114.09443046404733,50.98942477733863],[-114.09441948325514,50.990512887842],[-114.09441979256063,50.99142138819673],[-114.09241107599073,50.99140736478393],[-114.09037276247379,50.99141056982515],[-114.09035727450015,50.990519677575016],[-114.08857627869514,50.99051115411901],[-114.088598353574,50.98970227506002],[-114.08860516559557,50.988910866646854]]]]}},{"type":"Feature","properties":{"DGUID":"2021S051248060549","DAUID":"48060549","LANDAREA":0.2933,"PRUID":"48","fed_num":"48008","da_code":"48060549","geo_name":"48060549","name_source":{"label":"Statistics Canada Census Profile 2021 DA WDS","url":"https://www12.statcan.gc.ca/wds-sdw/2021profile-profil2021-eng.cfm"},"population":939,"status":"ok","source":{"label":"Statistics Canada Census Profile 2021 DA WDS","url":"https://www12.statcan.gc.ca/wds-sdw/2021profile-profil2021-eng.cfm"},"community_name":"Calgary","community_source":{"label":"Statistics Canada 2021 census subdivision boundaries (spatial lookup)","url":"https://geo.statcan.gc.ca/geo_wa/rest/services/2021/Cartographic_boundary_files/MapServer/9"},"community_display":"Calgary","is_unorganized":false,"panel_title":"Calgary","display_label":"Calgary","map_label":"48060549"},"geometry":{"type":"MultiPolygon","coordinates":[[[[-114.08586117720772,50.99380767388827],[-114.08587166943217,50.99250355728152],[-114.08580267393215,50.99243216653553],[-114.08579135182235,50.99242056234226],[-114.08519994594135,50.992412161225936],[-114.08491798396032,50.99240814590748],[-114.08327846953647,50.99238485613403],[-114.0830978807892,50.99238035890977],[-114.08309787551244,50.992378157524705],[-114.08310137165381,50.991706057849086],[-114.08310897190164,50.99157355915109],[-114.08317847703483,50.99144015650972],[-114.08314504620442,50.99052856017039],[-114.08347346174159,50.99051876023954],[-114.08525508275282,50.990518254317216],[-114.08555445283378,50.990516776977316],[-114.08672406213947,50.9905009668859],[-114.08729387947535,50.99050616652975],[-114.08857627869514,50.99051115411901],[-114.09035727450015,50.990519677575016],[-114.09037276247379,50.99141056982515],[-114.09241107599073,50.99140736478393],[-114.09441979256063,50.99142138819673],[-114.09441948325514,50.990512887842],[-114.09443046404733,50.98942477733863],[-114.09413886310845,50.98861698149087],[-114.09405428581991,50.988147185112055],[-114.09425124641179,50.98818798234647],[-114.09475035110687,50.98818246799909],[-114.09478115241731,50.98883088480329],[-114.09487126067083,50.99035327974449],[-114.09491433736599,50.99073909339326],[-114.0949353615259,50.9909275205107],[-114.09499007304301,50.99141757473985],[-114.09499140542427,50.991593129726866],[-114.09499776314148,50.992434191032366],[-114.09487148808314,50.993771283448474],[-114.09488595549423,50.994050432683906],[-114.09488849252736,50.99409932874686],[-114.09489346961533,50.99419491290625],[-114.09488777087982,50.99419448882054],[-114.09364967270557,50.994163672309455],[-114.09034756659585,50.99442912695485],[-114.0902286507652,50.99443868194281],[-114.09002979969321,50.99443968772481],[-114.08794585710696,50.99445007740281],[-114.08586507958154,50.99446046709682],[-114.08588341631418,50.994294880419815],[-114.08590916464856,50.9940623916963],[-114.08592624665138,50.99390816186909],[-114.08586117720772,50.99380767388827]]]]}},{"type":"Feature","properties":{"DGUID":"2021S051248060550","DAUID":"48060550","LANDAREA":0.121,"PRUID":"48","fed_num":"48008","da_code":"48060550","geo_name":"48060550","name_source":{"label":"Statistics Canada Census Profile 2021 DA WDS","url":"https://www12.statcan.gc.ca/wds-sdw/2021profile-profil2021-eng.cfm"},"population":435,"status":"ok","source":{"label":"Statistics Canada Census Profile 2021 DA WDS","url":"https://www12.statcan.gc.ca/wds-sdw/2021profile-profil2021-eng.cfm"},"community_name":"Calgary","community_source":{"label":"Statistics Canada 2021 census subdivision boundaries (spatial lookup)","url":"https://geo.statcan.gc.ca/geo_wa/rest/services/2021/Cartographic_boundary_files/MapServer/9"},"community_display":"Calgary","is_unorganized":false,"panel_title":"Calgary","display_label":"Calgary","map_label":"48060550"},"geometry":{"type":"MultiPolygon","coordinates":[[[[-114.0916464390878,50.994717579244345],[-114.09103533807364,50.99479531590261],[-114.09110871129043,50.9948982177988],[-114.09111658756869,50.994908081194545],[-114.09124037140984,50.995084086723324],[-114.09155308358622,50.99532576881897],[-114.09166296889099,50.995391474914165],[-114.09091207544515,50.99531877373989],[-114.09064057610223,50.995329985552026],[-114.08921517838891,50.99533046951331],[-114.08780345210623,50.99534018041087],[-114.0864031727909,50.99539517540414],[-114.0849841741448,50.995521661089896],[-114.08360198651063,50.995514169266244],[-114.08329968331952,50.99550366887158],[-114.08309287723992,50.99550585491944],[-114.0830928734275,50.99550547033714],[-114.08305627311427,50.99490086651408],[-114.08304795326545,50.99463766659105],[-114.08304658590536,50.99459235924249],[-114.08304804602865,50.994470081496004],[-114.08304993814087,50.99431014998299],[-114.08305151792179,50.99417991544398],[-114.08305236415681,50.99410865923523],[-114.0830541809214,50.994059646584205],[-114.0830728626451,50.993747152650684],[-114.08310355337304,50.99323495828104],[-114.0830978807892,50.99238035890977],[-114.08327846953647,50.99238485613403],[-114.08491798396032,50.99240814590748],[-114.08519994594135,50.992412161225936],[-114.08579135182235,50.99242056234226],[-114.08580267393215,50.99243216653553],[-114.08587166943217,50.99250355728152],[-114.08586117720772,50.99380767388827],[-114.08592624665138,50.99390816186909],[-114.08590916464856,50.9940623916963],[-114.08588341631418,50.994294880419815],[-114.08586507958154,50.99446046709682],[-114.08794585710696,50.99445007740281],[-114.09002979969321,50.99443968772481],[-114.0902286507652,50.99443868194281],[-114.09034756659585,50.99442912695485],[-114.09364967270557,50.994163672309455],[-114.09488777087982,50.99419448882054],[-114.09489346961533,50.99419491290625],[-114.09490134203905,50.99434666252998],[-114.09491025627634,50.99451887863738],[-114.09495597535455,50.994718260342225],[-114.09430908036325,50.9950997228939],[-114.09409025017824,50.99496655674797],[-114.09375232942845,50.99479670445768],[-114.09329842981491,50.994661892668155],[-114.0928628956137,50.9945932614418],[-114.09226711540646,50.99460451291078],[-114.0916464390878,50.994717579244345]]]]}},{"type":"Feature","properties":{"DGUID":"2021S051248060727","DAUID":"48060727","LANDAREA":0.2464,"PRUID":"48","fed_num":"48008","da_code":"48060727","geo_name":"48060727","name_source":{"label":"Statistics Canada Census Profile 2021 DA WDS","url":"https://www12.statcan.gc.ca/wds-sdw/2021profile-profil2021-eng.cfm"},"population":705,"status":"ok","source":{"label":"Statistics Canada Census Profile 2021 DA WDS","url":"https://www12.statcan.gc.ca/wds-sdw/2021profile-profil2021-eng.cfm"},"community_name":"Calgary","community_source":{"label":"Statistics Canada 2021 census subdivision boundaries (spatial lookup)","url":"https://geo.statcan.gc.ca/geo_wa/rest/services/2021/Cartographic_boundary_files/MapServer/9"},"community_display":"Calgary","is_unorganized":false,"panel_title":"Calgary","display_label":"Calgary","map_label":"48060727"},"geometry":{"type":"MultiPolygon","coordinates":[[[[-114.13675385493168,51.00430474398911],[-114.13522852821448,51.004303244588556],[-114.13501113251253,51.00436093014779],[-114.13449684875064,51.004609130868246],[-114.1338090144738,51.00397163509273],[-114.1331618504782,51.00337104156272],[-114.13435542576168,51.00250985375795],[-114.13472953637603,51.00222222547289],[-114.1352443439959,51.00196502884872],[-114.13626020906983,51.00144123283831],[-114.13712601935144,51.001039745477094],[-114.13734395298427,51.00097314121849],[-114.13793143935384,51.00092452509994],[-114.14102454167431,51.0009283445714],[-114.14098813557067,51.00430053800627],[-114.14107061166789,51.0066682572293],[-114.13965462201313,51.00674145080708],[-114.13930043274677,51.006705758266484],[-114.13761793444866,51.00670955784028],[-114.13729323303447,51.00665654363552],[-114.13704693287093,51.006488654446684],[-114.13689562553635,51.005936258689786],[-114.13676843358783,51.00545644569332],[-114.13676154257419,51.00510543892134],[-114.13675385493168,51.00430474398911]]]]}},{"type":"Feature","properties":{"DGUID":"2021S051248060728","DAUID":"48060728","LANDAREA":0.2032,"PRUID":"48","fed_num":"48008","da_code":"48060728","geo_name":"48060728","name_source":{"label":"Statistics Canada Census Profile 2021 DA WDS","url":"https://www12.statcan.gc.ca/wds-sdw/2021profile-profil2021-eng.cfm"},"population":508,"status":"ok","source":{"label":"Statistics Canada Census Profile 2021 DA WDS","url":"https://www12.statcan.gc.ca/wds-sdw/2021profile-profil2021-eng.cfm"},"community_name":"Calgary","community_source":{"label":"Statistics Canada 2021 census subdivision boundaries (spatial lookup)","url":"https://geo.statcan.gc.ca/geo_wa/rest/services/2021/Cartographic_boundary_files/MapServer/9"},"community_display":"Calgary","is_unorganized":false,"panel_title":"Calgary","display_label":"Calgary","map_label":"48060728"},"geometry":{"type":"MultiPolygon","coordinates":[[[[-114.13793143935384,51.00092452509994],[-114.13734395298427,51.00097314121849],[-114.13712601935144,51.001039745477094],[-114.13626020906983,51.00144123283831],[-114.1352443439959,51.00196502884872],[-114.13472503016945,51.00160143154905],[-114.1334515489984,51.00098554598552],[-114.13320531979574,51.000817535863874],[-114.13306864765504,51.00049043643278],[-114.13305205041213,51.00006723545605],[-114.13308203836498,50.99865573490718],[-114.1330420165247,50.99791724704423],[-114.13286164941637,50.99760693980431],[-114.13649043725009,50.996778532707445],[-114.13687152386454,50.99753444704321],[-114.13701792758401,50.99793382762539],[-114.13713144307185,50.99863823672019],[-114.13839974012903,50.99864234593438],[-114.13962542478265,50.998645435768644],[-114.14105103475585,50.998644324391826],[-114.14104974225366,50.99889613767696],[-114.1410633488597,51.00006583418763],[-114.14102454167431,51.0009283445714],[-114.13793143935384,51.00092452509994]]]]}},{"type":"Feature","properties":{"DGUID":"2021S051248060730","DAUID":"48060730","LANDAREA":0.1281,"PRUID":"48","fed_num":"48008","da_code":"48060730","geo_name":"48060730","name_source":{"label":"Statistics Canada Census Profile 2021 DA WDS","url":"https://www12.statcan.gc.ca/wds-sdw/2021profile-profil2021-eng.cfm"},"population":405,"status":"ok","source":{"label":"Statistics Canada Census Profile 2021 DA WDS","url":"https://www12.statcan.gc.ca/wds-sdw/2021profile-profil2021-eng.cfm"},"community_name":"Calgary","community_source":{"label":"Statistics Canada 2021 census subdivision boundaries (spatial lookup)","url":"https://geo.statcan.gc.ca/geo_wa/rest/services/2021/Cartographic_boundary_files/MapServer/9"},"community_display":"Calgary","is_unorganized":false,"panel_title":"Calgary","display_label":"Calgary","map_label":"48060730"},"geometry":{"type":"MultiPolygon","coordinates":[[[[-114.13690814629443,50.995088737053564],[-114.1369122452986,50.9945582301058],[-114.13820951713332,50.99455403780715],[-114.13956381004793,50.99455122848118],[-114.14104723961628,50.994533618120236],[-114.14101291040112,50.99625072581234],[-114.14101824007957,50.99639483640359],[-114.14105103475585,50.998644324391826],[-114.13962542478265,50.998645435768644],[-114.13839974012903,50.99864234593438],[-114.13713144307185,50.99863823672019],[-114.13701792758401,50.99793382762539],[-114.13687152386454,50.99753444704321],[-114.13649043725009,50.996778532707445],[-114.13763302881573,50.99650972311351],[-114.13697743529588,50.995351321735384],[-114.13690814629443,50.995088737053564]]]]}},{"type":"Feature","properties":{"DGUID":"2021S051248060731","DAUID":"48060731","LANDAREA":0.103,"PRUID":"48","fed_num":"48008","da_code":"48060731","geo_name":"48060731","name_source":{"label":"Statistics Canada Census Profile 2021 DA WDS","url":"https://www12.statcan.gc.ca/wds-sdw/2021profile-profil2021-eng.cfm"},"population":304,"status":"ok","source":{"label":"Statistics Canada Census Profile 2021 DA WDS","url":"https://www12.statcan.gc.ca/wds-sdw/2021profile-profil2021-eng.cfm"},"community_name":"Calgary","community_source":{"label":"Statistics Canada 2021 census subdivision boundaries (spatial lookup)","url":"https://geo.statcan.gc.ca/geo_wa/rest/services/2021/Cartographic_boundary_files/MapServer/9"},"community_display":"Calgary","is_unorganized":false,"panel_title":"Calgary","display_label":"Calgary","map_label":"48060731"},"geometry":{"type":"MultiPolygon","coordinates":[[[[-114.13179943188925,50.99564692276283],[-114.13182271288714,50.994577121125396],[-114.1331627180806,50.99457413791027],[-114.13438882999566,50.99456821410748],[-114.13567195224402,50.994563734676895],[-114.1369122452986,50.9945582301058],[-114.13690814629443,50.995088737053564],[-114.13697743529588,50.995351321735384],[-114.13763302881573,50.99650972311351],[-114.13649043725009,50.996778532707445],[-114.13286164941637,50.99760693980431],[-114.13216734623437,50.996384630744366],[-114.13190592873033,50.99600043582654],[-114.13179943188925,50.99564692276283]]]]}},{"type":"Feature","properties":{"DGUID":"2021S051248060732","DAUID":"48060732","LANDAREA":0.15,"PRUID":"48","fed_num":"48008","da_code":"48060732","geo_name":"48060732","name_source":{"label":"Statistics Canada Census Profile 2021 DA WDS","url":"https://www12.statcan.gc.ca/wds-sdw/2021profile-profil2021-eng.cfm"},"population":414,"status":"ok","source":{"label":"Statistics Canada Census Profile 2021 DA WDS","url":"https://www12.statcan.gc.ca/wds-sdw/2021profile-profil2021-eng.cfm"},"community_name":"Calgary","community_source":{"label":"Statistics Canada 2021 census subdivision boundaries (spatial lookup)","url":"https://geo.statcan.gc.ca/geo_wa/rest/services/2021/Cartographic_boundary_files/MapServer/9"},"community_display":"Calgary","is_unorganized":false,"panel_title":"Calgary","display_label":"Calgary","map_label":"48060732"},"geometry":{"type":"MultiPolygon","coordinates":[[[[-114.1280361015679,50.99496082871805],[-114.12803152028594,50.99457393070931],[-114.12949960915893,50.994574016556136],[-114.13088232403591,50.994572020468055],[-114.13182271288714,50.994577121125396],[-114.13179943188925,50.99564692276283],[-114.13190592873033,50.99600043582654],[-114.13216734623437,50.996384630744366],[-114.13286164941637,50.99760693980431],[-114.1330420165247,50.99791724704423],[-114.13308203836498,50.99865573490718],[-114.13174191462426,50.99865882316712],[-114.13050250465311,50.99864632215389],[-114.12921884067201,50.9986598354069],[-114.12802051622778,50.99867532248146],[-114.1267389327069,50.99865271539921],[-114.12662921060695,50.99835323524001],[-114.12635660584854,50.99768982191893],[-114.12849680912014,50.997193841213],[-114.12807272654815,50.99644582587667],[-114.12803650503066,50.995878226510904],[-114.1280361015679,50.99496082871805]]]]}},{"type":"Feature","properties":{"DGUID":"2021S051248060733","DAUID":"48060733","LANDAREA":0.4772,"PRUID":"48","fed_num":"48008","da_code":"48060733","geo_name":"48060733","name_source":{"label":"Statistics Canada Census Profile 2021 DA WDS","url":"https://www12.statcan.gc.ca/wds-sdw/2021profile-profil2021-eng.cfm"},"population":1278,"status":"ok","source":{"label":"Statistics Canada Census Profile 2021 DA WDS","url":"https://www12.statcan.gc.ca/wds-sdw/2021profile-profil2021-eng.cfm"},"community_name":"Calgary","community_source":{"label":"Statistics Canada 2021 census subdivision boundaries (spatial lookup)","url":"https://geo.statcan.gc.ca/geo_wa/rest/services/2021/Cartographic_boundary_files/MapServer/9"},"community_display":"Calgary","is_unorganized":false,"panel_title":"Calgary","display_label":"Calgary","map_label":"48060733"},"geometry":{"type":"MultiPolygon","coordinates":[[[[-114.13677672586397,51.00786726486683],[-114.13226252438164,51.00385263055653],[-114.13164042996708,51.003306628364385],[-114.13104623539111,51.002770339605114],[-114.13043401805024,51.00229664492784],[-114.13004873969327,51.00207123076993],[-114.12955619161079,51.00183587774],[-114.12945333489638,51.00178672373812],[-114.12940070420348,51.00177149830271],[-114.12833292192927,51.001462327482706],[-114.1275989334999,51.00134534194139],[-114.12684672335729,51.0012909338605],[-114.12362550438885,51.001283538782246],[-114.1223602931913,51.00122533583909],[-114.12135700754638,51.00108373343007],[-114.11902773791657,51.00060483114197],[-114.11902040730787,51.00060332428023],[-114.11811998052771,51.00041014656386],[-114.11811522536154,51.00040909323093],[-114.11794578109169,51.00037154326133],[-114.11793943557558,51.000217905764835],[-114.11793328039849,51.00006912643279],[-114.1179274999672,50.99970903930088],[-114.11792221270683,50.99955964752623],[-114.11783709171226,50.997156017161494],[-114.11803700184609,50.997151933912164],[-114.119291087744,50.99715593668921],[-114.11929680030761,50.99798361877013],[-114.11931480586924,50.99907243248112],[-114.11996581761754,51.00006893912951],[-114.12020141701173,51.00040754111951],[-114.1203935122557,51.00052923727795],[-114.12151991214695,51.00075494154912],[-114.12168202129388,51.000668926506556],[-114.1217648979993,51.000482129329924],[-114.12181889888696,51.00006963132752],[-114.12186770571587,50.99997191982706],[-114.12296429646565,50.99998993680355],[-114.12304520550923,51.00006403157694],[-114.12306842393627,51.000379327973654],[-114.1234619079542,51.000469931315614],[-114.12416150674598,51.00045123893716],[-114.12430361826446,51.000229838780434],[-114.12428523494223,51.00006742926697],[-114.12429242128557,50.99879941915721],[-114.12423671171449,50.99854613360855],[-114.12405499317956,50.99848781991618],[-114.12304401805041,50.99847183745709],[-114.12299332691931,50.997679031903914],[-114.12635660584854,50.99768982191893],[-114.12662921060695,50.99835323524001],[-114.1267389327069,50.99865271539921],[-114.12802051622778,50.99867532248146],[-114.12921884067201,50.9986598354069],[-114.13050250465311,50.99864632215389],[-114.13174191462426,50.99865882316712],[-114.13308203836498,50.99865573490718],[-114.13305205041213,51.00006723545605],[-114.13306864765504,51.00049043643278],[-114.13320531979574,51.000817535863874],[-114.1334515489984,51.00098554598552],[-114.13472503016945,51.00160143154905],[-114.1352443439959,51.00196502884872],[-114.13472953637603,51.00222222547289],[-114.13435542576168,51.00250985375795],[-114.1331618504782,51.00337104156272],[-114.1338090144738,51.00397163509273],[-114.13449684875064,51.004609130868246],[-114.13501113251253,51.00436093014779],[-114.13522852821448,51.004303244588556],[-114.13675385493168,51.00430474398911],[-114.13676154257419,51.00510543892134],[-114.13676843358783,51.00545644569332],[-114.13689562553635,51.005936258689786],[-114.13704693287093,51.006488654446684],[-114.13729323303447,51.00665654363552],[-114.13761793444866,51.00670955784028],[-114.13930043274677,51.006705758266484],[-114.13965462201313,51.00674145080708],[-114.14107061166789,51.0066682572293],[-114.14107604041601,51.006812240297826],[-114.14102551813072,51.00693694633808],[-114.14104741886611,51.0072609557627],[-114.14103174200059,51.007375043249496],[-114.14100224981367,51.007441965611385],[-114.14097872838322,51.00748594592308],[-114.14091233832278,51.00752834659182],[-114.140882217464,51.00756665884255],[-114.14087452664397,51.007619358062286],[-114.1408851417016,51.007656546432344],[-114.14090951733223,51.00768387100961],[-114.14095424163133,51.007711354217086],[-114.14100011120134,51.00773086146445],[-114.14105160627749,51.00782765274535],[-114.14108131206251,51.00793635077972],[-114.14108192492802,51.00794246183431],[-114.14109652161083,51.00809066789178],[-114.14109391412971,51.008233363559675],[-114.14108461563933,51.00833441348837],[-114.14109164963195,51.00897570374071],[-114.14110791769538,51.00909881886122],[-114.1410237383344,51.009093454562134],[-114.14026022513183,51.00902796815842],[-114.1394743389907,51.00895074764014],[-114.138969730191,51.008830060875816],[-114.13864134129533,51.008735342333786],[-114.13798963135582,51.00854454276287],[-114.1376851310585,51.00839823975131],[-114.13733883797568,51.00823184654532],[-114.13677672586397,51.00786726486683]]]]}},{"type":"Feature","properties":{"DGUID":"2021S051248060734","DAUID":"48060734","LANDAREA":0.2311,"PRUID":"48","fed_num":"48008","da_code":"48060734","geo_name":"48060734","name_source":{"label":"Statistics Canada Census Profile 2021 DA WDS","url":"https://www12.statcan.gc.ca/wds-sdw/2021profile-profil2021-eng.cfm"},"population":663,"status":"ok","source":{"label":"Statistics Canada Census Profile 2021 DA WDS","url":"https://www12.statcan.gc.ca/wds-sdw/2021profile-profil2021-eng.cfm"},"community_name":"Calgary","community_source":{"label":"Statistics Canada 2021 census subdivision boundaries (spatial lookup)","url":"https://geo.statcan.gc.ca/geo_wa/rest/services/2021/Cartographic_boundary_files/MapServer/9"},"community_display":"Calgary","is_unorganized":false,"panel_title":"Calgary","display_label":"Calgary","map_label":"48060734"},"geometry":{"type":"MultiPolygon","coordinates":[[[[-114.11787960481864,50.99532211647835],[-114.11786830754595,50.99458421422752],[-114.11802490797673,50.99458811686968],[-114.12054770385627,50.99458741598368],[-114.12178808922737,50.994582021749366],[-114.12302791609764,50.99458560835489],[-114.12426831512778,50.99458020790267],[-114.12550863273316,50.9945747285554],[-114.12660611648191,50.99457481470418],[-114.12803152028594,50.99457393070931],[-114.1280361015679,50.99496082871805],[-114.12803650503066,50.995878226510904],[-114.12807272654815,50.99644582587667],[-114.12849680912014,50.997193841213],[-114.12635660584854,50.99768982191893],[-114.12299332691931,50.997679031903914],[-114.12194899291504,50.99750931829893],[-114.11998789501772,50.99718213085522],[-114.119291087744,50.99715593668921],[-114.11803700184609,50.997151933912164],[-114.11783709171226,50.997156017161494],[-114.11787960481864,50.99532211647835]]]]}},{"type":"Feature","properties":{"DGUID":"2021S051248060735","DAUID":"48060735","LANDAREA":0.1009,"PRUID":"48","fed_num":"48008","da_code":"48060735","geo_name":"48060735","name_source":{"label":"Statistics Canada Census Profile 2021 DA WDS","url":"https://www12.statcan.gc.ca/wds-sdw/2021profile-profil2021-eng.cfm"},"population":267,"status":"ok","source":{"label":"Statistics Canada Census Profile 2021 DA WDS","url":"https://www12.statcan.gc.ca/wds-sdw/2021profile-profil2021-eng.cfm"},"community_name":"Calgary","community_source":{"label":"Statistics Canada 2021 census subdivision boundaries (spatial lookup)","url":"https://geo.statcan.gc.ca/geo_wa/rest/services/2021/Cartographic_boundary_files/MapServer/9"},"community_display":"Calgary","is_unorganized":false,"panel_title":"Calgary","display_label":"Calgary","map_label":"48060735"},"geometry":{"type":"MultiPolygon","coordinates":[[[[-114.12296429646565,50.99998993680355],[-114.12186770571587,50.99997191982706],[-114.12181889888696,51.00006963132752],[-114.1217648979993,51.000482129329924],[-114.12168202129388,51.000668926506556],[-114.12151991214695,51.00075494154912],[-114.1203935122557,51.00052923727795],[-114.12020141701173,51.00040754111951],[-114.11996581761754,51.00006893912951],[-114.11931480586924,50.99907243248112],[-114.11929680030761,50.99798361877013],[-114.119291087744,50.99715593668921],[-114.11998789501772,50.99718213085522],[-114.12194899291504,50.99750931829893],[-114.12299332691931,50.997679031903914],[-114.12304401805041,50.99847183745709],[-114.12405499317956,50.99848781991618],[-114.12423671171449,50.99854613360855],[-114.12429242128557,50.99879941915721],[-114.12428523494223,51.00006742926697],[-114.12430361826446,51.000229838780434],[-114.12416150674598,51.00045123893716],[-114.1234619079542,51.000469931315614],[-114.12306842393627,51.000379327973654],[-114.12304520550923,51.00006403157694],[-114.12296429646565,50.99998993680355]]]]}},{"type":"Feature","properties":{"DGUID":"2021S051248060736","DAUID":"48060736","LANDAREA":0.2784,"PRUID":"48","fed_num":"48008","da_code":"48060736","geo_name":"48060736","name_source":{"label":"Statistics Canada Census Profile 2021 DA WDS","url":"https://www12.statcan.gc.ca/wds-sdw/2021profile-profil2021-eng.cfm"},"population":590,"status":"ok","source":{"label":"Statistics Canada Census Profile 2021 DA WDS","url":"https://www12.statcan.gc.ca/wds-sdw/2021profile-profil2021-eng.cfm"},"community_name":"Calgary","community_source":{"label":"Statistics Canada 2021 census subdivision boundaries (spatial lookup)","url":"https://geo.statcan.gc.ca/geo_wa/rest/services/2021/Cartographic_boundary_files/MapServer/9"},"community_display":"Calgary","is_unorganized":false,"panel_title":"Calgary","display_label":"Calgary","map_label":"48060736"},"geometry":{"type":"MultiPolygon","coordinates":[[[[-114.12803152028594,50.99457393070931],[-114.12660611648191,50.99457481470418],[-114.12655391398113,50.99357511955924],[-114.12627930285883,50.99271382024227],[-114.12485431446848,50.99293962130762],[-114.12343161871667,50.99312940114828],[-114.12203210651936,50.992942018749964],[-114.12059119231459,50.99273551389614],[-114.1201039215284,50.99116741461102],[-114.12160868984998,50.99103361937629],[-114.12199351992592,50.99103410819492],[-114.12341931770818,50.99102430167448],[-114.12484460601921,50.99102340462829],[-114.12625560540076,50.991022226764116],[-114.12783351153084,50.991088028199016],[-114.12906713710707,50.99119032514959],[-114.1294190140389,50.99126191193853],[-114.12975762453058,50.991549106188366],[-114.13099943047003,50.99105791346068],[-114.13127420663618,50.99099273150516],[-114.1329983240294,50.99099912559584],[-114.13332041023207,50.991321819615955],[-114.13407031816801,50.9921048376295],[-114.13417701428048,50.992224316077255],[-114.13449913677371,50.992547113758796],[-114.1345033234609,50.993635520567395],[-114.13175114061102,50.99365792778163],[-114.13182752637996,50.9940376254674],[-114.13182271288714,50.994577121125396],[-114.13088232403591,50.994572020468055],[-114.12949960915893,50.994574016556136],[-114.12803152028594,50.99457393070931]]]]}},{"type":"Feature","properties":{"DGUID":"2021S051248060737","DAUID":"48060737","LANDAREA":1.7374,"PRUID":"48","fed_num":"48008","da_code":"48060737","geo_name":"48060737","name_source":{"label":"Statistics Canada Census Profile 2021 DA WDS","url":"https://www12.statcan.gc.ca/wds-sdw/2021profile-profil2021-eng.cfm"},"population":524,"status":"ok","source":{"label":"Statistics Canada Census Profile 2021 DA WDS","url":"https://www12.statcan.gc.ca/wds-sdw/2021profile-profil2021-eng.cfm"},"community_name":"Calgary","community_source":{"label":"Statistics Canada 2021 census subdivision boundaries (spatial lookup)","url":"https://geo.statcan.gc.ca/geo_wa/rest/services/2021/Cartographic_boundary_files/MapServer/9"},"community_display":"Calgary","is_unorganized":false,"panel_title":"Calgary","display_label":"Calgary","map_label":"48060737"},"geometry":{"type":"MultiPolygon","coordinates":[[[[-114.13182271288714,50.994577121125396],[-114.13182752637996,50.9940376254674],[-114.13175114061102,50.99365792778163],[-114.1345033234609,50.993635520567395],[-114.13449913677371,50.992547113758796],[-114.13417701428048,50.992224316077255],[-114.13407031816801,50.9921048376295],[-114.13332041023207,50.991321819615955],[-114.1329983240294,50.99099912559584],[-114.13127420663618,50.99099273150516],[-114.13099943047003,50.99105791346068],[-114.12975762453058,50.991549106188366],[-114.1294190140389,50.99126191193853],[-114.12906713710707,50.99119032514959],[-114.12783351153084,50.991088028199016],[-114.12625560540076,50.991022226764116],[-114.12484460601921,50.99102340462829],[-114.12341931770818,50.99102430167448],[-114.12199351992592,50.99103410819492],[-114.12160868984998,50.99103361937629],[-114.1201039215284,50.99116741461102],[-114.12059119231459,50.99273551389614],[-114.12203210651936,50.992942018749964],[-114.12343161871667,50.99312940114828],[-114.12485431446848,50.99293962130762],[-114.12627930285883,50.99271382024227],[-114.12655391398113,50.99357511955924],[-114.12660611648191,50.99457481470418],[-114.12550863273316,50.9945747285554],[-114.12426831512778,50.99458020790267],[-114.12302791609764,50.99458560835489],[-114.12178808922737,50.994582021749366],[-114.12054770385627,50.99458741598368],[-114.11802490797673,50.99458811686968],[-114.11786830754595,50.99458421422752],[-114.11787960481864,50.99532211647835],[-114.11644109339494,50.99530460974206],[-114.11610948099984,50.99513451416287],[-114.11491260437285,50.994439308292414],[-114.11442790053343,50.994211403171704],[-114.11406070223015,50.99415741704264],[-114.11370318993774,50.99417552393069],[-114.11348528204434,50.994242123994944],[-114.11292157351123,50.99459691704221],[-114.11234848169856,50.99464572174009],[-114.1118935964091,50.99462551395453],[-114.11174738635901,50.99468480398008],[-114.111715270028,50.99543060848271],[-114.11170559258886,50.9958171194149],[-114.11044758763296,50.99587600152698],[-114.10916557218066,50.99586221523955],[-114.1091604806415,50.997778010312814],[-114.10914320211867,50.99805642165057],[-114.10908008623774,50.998153805192196],[-114.10879159734982,50.99820961739814],[-114.10773419660134,50.99802151391152],[-114.10701168354346,50.99794962607126],[-114.10670445027081,50.99801332464434],[-114.10603299165575,50.99787141543964],[-114.10519139111157,50.997652610170526],[-114.1033336782241,50.99703991117151],[-114.10294858717283,50.99687781603386],[-114.10038008522632,50.99579649290335],[-114.10028841283427,50.995754799538936],[-114.10045363030797,50.995689643911774],[-114.10075629945169,50.99557026210013],[-114.10087960765472,50.99554616435754],[-114.10171889808895,50.99502194489898],[-114.10203179593918,50.994894449343526],[-114.1022912725101,50.99487214821884],[-114.10261688312312,50.99477066564832],[-114.1032257719666,50.994481060158115],[-114.1034446738957,50.994314963180386],[-114.10411027524395,50.99355936229778],[-114.10428379249761,50.99339266249578],[-114.10482279883982,50.993021945711085],[-114.10505347504821,50.99291046341406],[-114.10605957429983,50.99214505444864],[-114.10699889514048,50.991610742581734],[-114.1082956868329,50.99070314407272],[-114.10842418579396,50.990659058636176],[-114.10890827123646,50.99029896448374],[-114.11037599658049,50.98943376589358],[-114.11056457785394,50.98935896707091],[-114.11102659715287,50.98938234367159],[-114.111409684607,50.98945916195517],[-114.11185380519896,50.98947654921851],[-114.1124661909758,50.98934736596375],[-114.11259048271026,50.989294576546456],[-114.1127771798667,50.98927706991892],[-114.11303889133119,50.98932066416763],[-114.11349086833867,50.98950715752301],[-114.11364069961084,50.98950625976602],[-114.1136318082488,50.98936585769854],[-114.1134622964729,50.98914305981198],[-114.11343968610524,50.989005265601165],[-114.11351960308882,50.98892325729932],[-114.11361229335627,50.988867277158256],[-114.11440609459382,50.98874045592466],[-114.11497929057329,50.988561979786056],[-114.11569658351623,50.98827946917631],[-114.11642396365541,50.98783386614359],[-114.11666130323111,50.987521964398276],[-114.11697297554866,50.9870249673168],[-114.11701066839359,50.98630667979796],[-114.11698707561298,50.98619747493237],[-114.11696218865436,50.985993867648006],[-114.11704306404474,50.98588327015857],[-114.11707529161653,50.98573477592716],[-114.11730929569526,50.98538558174497],[-114.11735098871266,50.98522576530631],[-114.11759488066737,50.98498848964286],[-114.11775657095639,50.98476727884605],[-114.11787348939708,50.98439366045333],[-114.11782498081212,50.984080883797425],[-114.1179605664014,50.98395958563231],[-114.11819119270334,50.9838480676394],[-114.11861828784967,50.98383086126838],[-114.11968197987018,50.98403978665552],[-114.12021680422107,50.98405837273441],[-114.12061679988369,50.98416966678654],[-114.12149327829549,50.984822867863755],[-114.12172278904616,50.98501498216433],[-114.12174729193914,50.98509547702821],[-114.12234470141911,50.985547381080345],[-114.12272398498675,50.985738566895144],[-114.12308300102183,50.98585786446268],[-114.12343871266441,50.98593997471816],[-114.12352321633395,50.98598976862924],[-114.12407540658306,50.986166073696765],[-114.12475420674798,50.986355566002544],[-114.12521009978849,50.98642748279897],[-114.12603822863095,50.98649287631456],[-114.12752011866912,50.986819081489074],[-114.12811153265082,50.987044580838145],[-114.12840630301591,50.98718588345888],[-114.1289476054218,50.98755398534467],[-114.1292078173691,50.98777788117346],[-114.12952289827791,50.9879911732894],[-114.13023810875421,50.9883156806435],[-114.1305716223302,50.9883830887717],[-114.13106440335157,50.98843828136076],[-114.13267780346403,50.98835937296932],[-114.13321783968566,50.9883579774492],[-114.13368844443998,50.9883985770449],[-114.13413913668862,50.98849036153462],[-114.134575112041,50.98861357210847],[-114.13504383505902,50.988711470944224],[-114.13556064206308,50.98872398236117],[-114.13589944085837,50.988771375093194],[-114.13609265405505,50.988828387377374],[-114.13677952516673,50.98891188821532],[-114.13746604484953,50.98914718831995],[-114.13822904378989,50.98953817325576],[-114.13864483756744,50.98986437452438],[-114.13887631469572,50.98999918098274],[-114.13912624984421,50.99026308712408],[-114.13931284353419,50.99052038698079],[-114.13967191326086,50.99091458154994],[-114.13969223059406,50.990986490824426],[-114.1403111472611,50.991756386739276],[-114.14048509404127,50.99184898627833],[-114.14044875589171,50.991995978713476],[-114.14027368183183,50.99304363732268],[-114.14028597506295,50.99306578398965],[-114.14044863976422,50.99314272563901],[-114.14099241861528,50.99356984329124],[-114.1411127371486,50.99393254163906],[-114.14110817017966,50.99397449387348],[-114.14104723961628,50.994533618120236],[-114.13956381004793,50.99455122848118],[-114.13820951713332,50.99455403780715],[-114.1369122452986,50.9945582301058],[-114.13567195224402,50.994563734676895],[-114.13438882999566,50.99456821410748],[-114.1331627180806,50.99457413791027],[-114.13182271288714,50.994577121125396]]]]}},{"type":"Feature","properties":{"DGUID":"2021S051248060738","DAUID":"48060738","LANDAREA":0.3021,"PRUID":"48","fed_num":"48008","da_code":"48060738","geo_name":"48060738","name_source":{"label":"Statistics Canada Census Profile 2021 DA WDS","url":"https://www12.statcan.gc.ca/wds-sdw/2021profile-profil2021-eng.cfm"},"population":510,"status":"ok","source":{"label":"Statistics Canada Census Profile 2021 DA WDS","url":"https://www12.statcan.gc.ca/wds-sdw/2021profile-profil2021-eng.cfm"},"community_name":"Calgary","community_source":{"label":"Statistics Canada 2021 census subdivision boundaries (spatial lookup)","url":"https://geo.statcan.gc.ca/geo_wa/rest/services/2021/Cartographic_boundary_files/MapServer/9"},"community_display":"Calgary","is_unorganized":false,"panel_title":"Calgary","display_label":"Calgary","map_label":"48060738"},"geometry":{"type":"MultiPolygon","coordinates":[[[[-114.11529089922396,50.999827636441466],[-114.10670445027081,50.99801332464434],[-114.10701168354346,50.99794962607126],[-114.10773419660134,50.99802151391152],[-114.10879159734982,50.99820961739814],[-114.10908008623774,50.998153805192196],[-114.10914320211867,50.99805642165057],[-114.1091604806415,50.997778010312814],[-114.10916557218066,50.99586221523955],[-114.11044758763296,50.99587600152698],[-114.11170559258886,50.9958171194149],[-114.111715270028,50.99543060848271],[-114.11174738635901,50.99468480398008],[-114.1118935964091,50.99462551395453],[-114.11234848169856,50.99464572174009],[-114.11292157351123,50.99459691704221],[-114.11348528204434,50.994242123994944],[-114.11370318993774,50.99417552393069],[-114.11406070223015,50.99415741704264],[-114.11442790053343,50.994211403171704],[-114.11491260437285,50.994439308292414],[-114.11610948099984,50.99513451416287],[-114.11644109339494,50.99530460974206],[-114.11787960481864,50.99532211647835],[-114.11783709171226,50.997156017161494],[-114.11792221270683,50.99955964752623],[-114.1179274999672,50.99970903930088],[-114.11793328039849,51.00006912643279],[-114.11793943557558,51.000217905764835],[-114.11794578109169,51.00037154326133],[-114.11793717486127,51.00036964153179],[-114.1165732980242,51.00006613788684],[-114.11529089922396,50.999827636441466]]]]}},{"type":"Feature","properties":{"DGUID":"2021S051248060769","DAUID":"48060769","LANDAREA":0.1612,"PRUID":"48","fed_num":"48008","da_code":"48060769","geo_name":"48060769","name_source":{"label":"Statistics Canada Census Profile 2021 DA WDS","url":"https://www12.statcan.gc.ca/wds-sdw/2021profile-profil2021-eng.cfm"},"population":503,"status":"ok","source":{"label":"Statistics Canada Census Profile 2021 DA WDS","url":"https://www12.statcan.gc.ca/wds-sdw/2021profile-profil2021-eng.cfm"},"community_name":"Calgary","community_source":{"label":"Statistics Canada 2021 census subdivision boundaries (spatial lookup)","url":"https://geo.statcan.gc.ca/geo_wa/rest/services/2021/Cartographic_boundary_files/MapServer/9"},"community_display":"Calgary","is_unorganized":false,"panel_title":"Calgary","display_label":"Calgary","map_label":"48060769"},"geometry":{"type":"MultiPolygon","coordinates":[[[[-114.10636509470453,50.969860483354346],[-114.10636520522121,50.968942967049095],[-114.10852998200822,50.96895168647815],[-114.10887498649733,50.96867237303428],[-114.10997301729194,50.967737167618786],[-114.1115399948466,50.96842356480231],[-114.11217819110311,50.96870018606699],[-114.1132603198356,50.96916778546327],[-114.11381921432013,50.969343466269066],[-114.11449750629686,50.96943216886168],[-114.11499590296499,50.96943547445091],[-114.11497029725093,50.97030739103468],[-114.11497268253056,50.97164768739975],[-114.11411638700203,50.97167148409694],[-114.11240730154205,50.97166518722959],[-114.11121129385091,50.971653579865716],[-114.1104088984631,50.971498786947826],[-114.11012379181007,50.971500776487694],[-114.11002758566032,50.971444372287195],[-114.11003570357826,50.971084770429925],[-114.10940870147061,50.97108728568089],[-114.1087020009484,50.970997788893726],[-114.10853460661194,50.970939684973715],[-114.10831709645133,50.9707723810239],[-114.10794061543154,50.96995348422586],[-114.10773169087032,50.96987638961893],[-114.10636509470453,50.969860483354346]]]]}},{"type":"Feature","properties":{"DGUID":"2021S051248060770","DAUID":"48060770","LANDAREA":0.2177,"PRUID":"48","fed_num":"48008","da_code":"48060770","geo_name":"48060770","name_source":{"label":"Statistics Canada Census Profile 2021 DA WDS","url":"https://www12.statcan.gc.ca/wds-sdw/2021profile-profil2021-eng.cfm"},"population":480,"status":"ok","source":{"label":"Statistics Canada Census Profile 2021 DA WDS","url":"https://www12.statcan.gc.ca/wds-sdw/2021profile-profil2021-eng.cfm"},"community_name":"Calgary","community_source":{"label":"Statistics Canada 2021 census subdivision boundaries (spatial lookup)","url":"https://geo.statcan.gc.ca/geo_wa/rest/services/2021/Cartographic_boundary_files/MapServer/9"},"community_display":"Calgary","is_unorganized":false,"panel_title":"Calgary","display_label":"Calgary","map_label":"48060770"},"geometry":{"type":"MultiPolygon","coordinates":[[[[-114.11412960496267,50.97214857717216],[-114.11411638700203,50.97167148409694],[-114.11497268253056,50.97164768739975],[-114.11497029725093,50.97030739103468],[-114.11499590296499,50.96943547445091],[-114.11449750629686,50.96943216886168],[-114.11381921432013,50.969343466269066],[-114.1132603198356,50.96916778546327],[-114.11217819110311,50.96870018606699],[-114.1115399948466,50.96842356480231],[-114.11228048691257,50.96774027471966],[-114.11302030297807,50.96706596929486],[-114.11330671493813,50.96681218676925],[-114.11473551867209,50.967432170654455],[-114.11524859615876,50.96696817297885],[-114.11523852568598,50.96667107419609],[-114.11406132888523,50.96612928328151],[-114.114828398563,50.96547356904227],[-114.11494442114567,50.96498177655378],[-114.11592740888,50.964979089718],[-114.1166800989566,50.96501567954165],[-114.11787752445333,50.965000278017826],[-114.11787460275227,50.96622160188796],[-114.11787183291638,50.96739278120904],[-114.11787301352948,50.96944368003661],[-114.11784059190228,50.971115891635606],[-114.11788870863882,50.97171979884421],[-114.11789100114689,50.972142583815064],[-114.11788269584491,50.972277276302854],[-114.11746960370544,50.97227608132362],[-114.11413550625032,50.97228357422561],[-114.11412960496267,50.97214857717216]]]]}},{"type":"Feature","properties":{"DGUID":"2021S051248060771","DAUID":"48060771","LANDAREA":0.2028,"PRUID":"48","fed_num":"48008","da_code":"48060771","geo_name":"48060771","name_source":{"label":"Statistics Canada Census Profile 2021 DA WDS","url":"https://www12.statcan.gc.ca/wds-sdw/2021profile-profil2021-eng.cfm"},"population":507,"status":"ok","source":{"label":"Statistics Canada Census Profile 2021 DA WDS","url":"https://www12.statcan.gc.ca/wds-sdw/2021profile-profil2021-eng.cfm"},"community_name":"Calgary","community_source":{"label":"Statistics Canada 2021 census subdivision boundaries (spatial lookup)","url":"https://geo.statcan.gc.ca/geo_wa/rest/services/2021/Cartographic_boundary_files/MapServer/9"},"community_display":"Calgary","is_unorganized":false,"panel_title":"Calgary","display_label":"Calgary","map_label":"48060771"},"geometry":{"type":"MultiPolygon","coordinates":[[[[-114.1115399948466,50.96842356480231],[-114.10997301729194,50.967737167618786],[-114.10887498649733,50.96867237303428],[-114.10852998200822,50.96895168647815],[-114.10636520522121,50.968942967049095],[-114.10635228083629,50.966630971559596],[-114.10638171141213,50.96501267159817],[-114.10774921142861,50.96501057193171],[-114.10918791170214,50.965010257724025],[-114.10931801488113,50.96500956552836],[-114.11066981669805,50.96500198310966],[-114.11121089214967,50.965006369223474],[-114.11494442114567,50.96498177655378],[-114.114828398563,50.96547356904227],[-114.11406132888523,50.96612928328151],[-114.11523852568598,50.96667107419609],[-114.11524859615876,50.96696817297885],[-114.11473551867209,50.967432170654455],[-114.11330671493813,50.96681218676925],[-114.11302030297807,50.96706596929486],[-114.11228048691257,50.96774027471966],[-114.1115399948466,50.96842356480231]]]]}},{"type":"Feature","properties":{"DGUID":"2021S051248060774","DAUID":"48060774","LANDAREA":0.2638,"PRUID":"48","fed_num":"48008","da_code":"48060774","geo_name":"48060774","name_source":{"label":"Statistics Canada Census Profile 2021 DA WDS","url":"https://www12.statcan.gc.ca/wds-sdw/2021profile-profil2021-eng.cfm"},"population":777,"status":"ok","source":{"label":"Statistics Canada Census Profile 2021 DA WDS","url":"https://www12.statcan.gc.ca/wds-sdw/2021profile-profil2021-eng.cfm"},"community_name":"Calgary","community_source":{"label":"Statistics Canada 2021 census subdivision boundaries (spatial lookup)","url":"https://geo.statcan.gc.ca/geo_wa/rest/services/2021/Cartographic_boundary_files/MapServer/9"},"community_display":"Calgary","is_unorganized":false,"panel_title":"Calgary","display_label":"Calgary","map_label":"48060774"},"geometry":{"type":"MultiPolygon","coordinates":[[[[-114.11787183291638,50.96739278120904],[-114.11787460275227,50.96622160188796],[-114.11787752445333,50.965000278017826],[-114.11786722384868,50.96493708910998],[-114.11787353695567,50.96460438296308],[-114.11787331562434,50.96322818742995],[-114.11787889765262,50.96313837529101],[-114.11787491032537,50.96274248263673],[-114.11787612706819,50.96157316629619],[-114.11787411606423,50.96137526623095],[-114.11810220511529,50.96137189171912],[-114.11850091374879,50.96137268279532],[-114.12113633339696,50.961365776375764],[-114.12227572744975,50.96136689166318],[-114.12432583135285,50.961381476685],[-114.12432152355797,50.96191207347119],[-114.12434592870085,50.96220948523395],[-114.12455553994212,50.962736382020864],[-114.12488203513715,50.96344597727196],[-114.12328392981054,50.96372147963943],[-114.12281402546535,50.96371887989471],[-114.12279412753155,50.9645009771528],[-114.12279888489684,50.964967391260004],[-114.12280423083446,50.96549058803134],[-114.12186382304901,50.96549437700569],[-114.12128551937057,50.96563308315951],[-114.12091052586823,50.96593867468929],[-114.12081011832424,50.96617898665601],[-114.12084313102044,50.96656657805347],[-114.12083202113679,50.966746277692444],[-114.1205345281857,50.96717967532194],[-114.12007001669366,50.96777986987085],[-114.11957271954202,50.9684511944873],[-114.11961109505945,50.96944158465733],[-114.11807269431966,50.969439590695565],[-114.11787301352948,50.96944368003661],[-114.11787183291638,50.96739278120904]]]]}},{"type":"Feature","properties":{"DGUID":"2021S051248060775","DAUID":"48060775","LANDAREA":0.1566,"PRUID":"48","fed_num":"48008","da_code":"48060775","geo_name":"48060775","name_source":{"label":"Statistics Canada Census Profile 2021 DA WDS","url":"https://www12.statcan.gc.ca/wds-sdw/2021profile-profil2021-eng.cfm"},"population":396,"status":"ok","source":{"label":"Statistics Canada Census Profile 2021 DA WDS","url":"https://www12.statcan.gc.ca/wds-sdw/2021profile-profil2021-eng.cfm"},"community_name":"Calgary","community_source":{"label":"Statistics Canada 2021 census subdivision boundaries (spatial lookup)","url":"https://geo.statcan.gc.ca/geo_wa/rest/services/2021/Cartographic_boundary_files/MapServer/9"},"community_display":"Calgary","is_unorganized":false,"panel_title":"Calgary","display_label":"Calgary","map_label":"48060775"},"geometry":{"type":"MultiPolygon","coordinates":[[[[-114.12312881787703,50.96945639332264],[-114.12243071202634,50.969457177856725],[-114.12076432866122,50.9694520827166],[-114.11961109505945,50.96944158465733],[-114.11957271954202,50.9684511944873],[-114.12007001669366,50.96777986987085],[-114.1205345281857,50.96717967532194],[-114.12083202113679,50.966746277692444],[-114.12084313102044,50.96656657805347],[-114.12081011832424,50.96617898665601],[-114.12091052586823,50.96593867468929],[-114.12128551937057,50.96563308315951],[-114.12186382304901,50.96549437700569],[-114.12280423083446,50.96549058803134],[-114.12338562520739,50.96553199086716],[-114.12372094539062,50.96563918485676],[-114.12422661338451,50.96598438723417],[-114.1250302334391,50.96657988289495],[-114.12552283877159,50.96690689208799],[-114.12622401344228,50.967085983926694],[-114.125816806094,50.967912479582246],[-114.12571343543571,50.96866559281997],[-114.12567822217206,50.9694651789398],[-114.12445330703741,50.96946208475489],[-114.12344232500192,50.96945508894979],[-114.12312881787703,50.96945639332264]]]]}},{"type":"Feature","properties":{"DGUID":"2021S051248060776","DAUID":"48060776","LANDAREA":0.2032,"PRUID":"48","fed_num":"48008","da_code":"48060776","geo_name":"48060776","name_source":{"label":"Statistics Canada Census Profile 2021 DA WDS","url":"https://www12.statcan.gc.ca/wds-sdw/2021profile-profil2021-eng.cfm"},"population":423,"status":"ok","source":{"label":"Statistics Canada Census Profile 2021 DA WDS","url":"https://www12.statcan.gc.ca/wds-sdw/2021profile-profil2021-eng.cfm"},"community_name":"Calgary","community_source":{"label":"Statistics Canada 2021 census subdivision boundaries (spatial lookup)","url":"https://geo.statcan.gc.ca/geo_wa/rest/services/2021/Cartographic_boundary_files/MapServer/9"},"community_display":"Calgary","is_unorganized":false,"panel_title":"Calgary","display_label":"Calgary","map_label":"48060776"},"geometry":{"type":"MultiPolygon","coordinates":[[[[-114.12802891371308,50.966230995242164],[-114.12746750655937,50.966325090314356],[-114.12669384195102,50.96662988211098],[-114.12631882741563,50.96693547947581],[-114.12625613117171,50.96703501830399],[-114.12622401344228,50.967085983926694],[-114.12552283877159,50.96690689208799],[-114.1250302334391,50.96657988289495],[-114.12422661338451,50.96598438723417],[-114.12372094539062,50.96563918485676],[-114.12338562520739,50.96553199086716],[-114.12280423083446,50.96549058803134],[-114.12279888489684,50.964967391260004],[-114.12279412753155,50.9645009771528],[-114.12281402546535,50.96371887989471],[-114.12328392981054,50.96372147963943],[-114.12488203513715,50.96344597727196],[-114.12609274493983,50.963214987093004],[-114.12640501616238,50.96392428424368],[-114.12669721262613,50.96449818666623],[-114.1290888345714,50.96452098541146],[-114.12921903409362,50.96448830162108],[-114.12926682998624,50.96278939274289],[-114.13060535361174,50.96279529726694],[-114.13235741761962,50.962793382066536],[-114.13234863715573,50.963629686517606],[-114.13234094839063,50.965140692255126],[-114.13246511885312,50.96589928984499],[-114.1325874262367,50.966226083973474],[-114.13008033985643,50.966227482060475],[-114.12802891371308,50.966230995242164]]]]}},{"type":"Feature","properties":{"DGUID":"2021S051248060777","DAUID":"48060777","LANDAREA":0.1411,"PRUID":"48","fed_num":"48008","da_code":"48060777","geo_name":"48060777","name_source":{"label":"Statistics Canada Census Profile 2021 DA WDS","url":"https://www12.statcan.gc.ca/wds-sdw/2021profile-profil2021-eng.cfm"},"population":359,"status":"ok","source":{"label":"Statistics Canada Census Profile 2021 DA WDS","url":"https://www12.statcan.gc.ca/wds-sdw/2021profile-profil2021-eng.cfm"},"community_name":"Calgary","community_source":{"label":"Statistics Canada 2021 census subdivision boundaries (spatial lookup)","url":"https://geo.statcan.gc.ca/geo_wa/rest/services/2021/Cartographic_boundary_files/MapServer/9"},"community_display":"Calgary","is_unorganized":false,"panel_title":"Calgary","display_label":"Calgary","map_label":"48060777"},"geometry":{"type":"MultiPolygon","coordinates":[[[[-114.12640501616238,50.96392428424368],[-114.12609274493983,50.963214987093004],[-114.12488203513715,50.96344597727196],[-114.12455553994212,50.962736382020864],[-114.12434592870085,50.96220948523395],[-114.12432152355797,50.96191207347119],[-114.12432583135285,50.961381476685],[-114.12621472442657,50.96123907377615],[-114.13236781375582,50.961237593319275],[-114.13235741761962,50.962793382066536],[-114.13060535361174,50.96279529726694],[-114.12926682998624,50.96278939274289],[-114.12921903409362,50.96448830162108],[-114.1290888345714,50.96452098541146],[-114.12669721262613,50.96449818666623],[-114.12640501616238,50.96392428424368]]]]}},{"type":"Feature","properties":{"DGUID":"2021S051248060778","DAUID":"48060778","LANDAREA":0.1613,"PRUID":"48","fed_num":"48008","da_code":"48060778","geo_name":"48060778","name_source":{"label":"Statistics Canada Census Profile 2021 DA WDS","url":"https://www12.statcan.gc.ca/wds-sdw/2021profile-profil2021-eng.cfm"},"population":411,"status":"ok","source":{"label":"Statistics Canada Census Profile 2021 DA WDS","url":"https://www12.statcan.gc.ca/wds-sdw/2021profile-profil2021-eng.cfm"},"community_name":"Calgary","community_source":{"label":"Statistics Canada 2021 census subdivision boundaries (spatial lookup)","url":"https://geo.statcan.gc.ca/geo_wa/rest/services/2021/Cartographic_boundary_files/MapServer/9"},"community_display":"Calgary","is_unorganized":false,"panel_title":"Calgary","display_label":"Calgary","map_label":"48060778"},"geometry":{"type":"MultiPolygon","coordinates":[[[[-114.12432302228008,50.96027508874364],[-114.12416644015126,50.95981247226879],[-114.12397882673878,50.959160182266245],[-114.12521453817112,50.95898377405278],[-114.12830542711087,50.95897888325627],[-114.12934524988619,50.95897749556493],[-114.12949182176445,50.95890920071731],[-114.12953454087166,50.95821759761423],[-114.13097304898976,50.958216987444324],[-114.13238193300538,50.958233596417514],[-114.13237374299682,50.959753585591855],[-114.13236781375582,50.961237593319275],[-114.12621472442657,50.96123907377615],[-114.12432583135285,50.961381476685],[-114.12432052794128,50.96123739055715],[-114.12432874482629,50.96064399275654],[-114.12432302228008,50.96027508874364]]]]}},{"type":"Feature","properties":{"DGUID":"2021S051248060779","DAUID":"48060779","LANDAREA":0.104,"PRUID":"48","fed_num":"48008","da_code":"48060779","geo_name":"48060779","name_source":{"label":"Statistics Canada Census Profile 2021 DA WDS","url":"https://www12.statcan.gc.ca/wds-sdw/2021profile-profil2021-eng.cfm"},"population":277,"status":"ok","source":{"label":"Statistics Canada Census Profile 2021 DA WDS","url":"https://www12.statcan.gc.ca/wds-sdw/2021profile-profil2021-eng.cfm"},"community_name":"Calgary","community_source":{"label":"Statistics Canada 2021 census subdivision boundaries (spatial lookup)","url":"https://geo.statcan.gc.ca/geo_wa/rest/services/2021/Cartographic_boundary_files/MapServer/9"},"community_display":"Calgary","is_unorganized":false,"panel_title":"Calgary","display_label":"Calgary","map_label":"48060779"},"geometry":{"type":"MultiPolygon","coordinates":[[[[-114.12521453817112,50.95898377405278],[-114.12397882673878,50.959160182266245],[-114.12416644015126,50.95981247226879],[-114.122960727957,50.95996258958189],[-114.12246371928575,50.9585561967067],[-114.12240853839819,50.958527775841915],[-114.12097003070762,50.958528287959695],[-114.12097852959002,50.95770098738541],[-114.12179720001477,50.957707460700476],[-114.1225939377287,50.95750415094189],[-114.12952803858742,50.95739889432368],[-114.12953103576153,50.95777506767879],[-114.12953454087166,50.95821759761423],[-114.12949182176445,50.95890920071731],[-114.12934524988619,50.95897749556493],[-114.12830542711087,50.95897888325627],[-114.12521453817112,50.95898377405278]]]]}},{"type":"Feature","properties":{"DGUID":"2021S051248060780","DAUID":"48060780","LANDAREA":0.2318,"PRUID":"48","fed_num":"48008","da_code":"48060780","geo_name":"48060780","name_source":{"label":"Statistics Canada Census Profile 2021 DA WDS","url":"https://www12.statcan.gc.ca/wds-sdw/2021profile-profil2021-eng.cfm"},"population":621,"status":"ok","source":{"label":"Statistics Canada Census Profile 2021 DA WDS","url":"https://www12.statcan.gc.ca/wds-sdw/2021profile-profil2021-eng.cfm"},"community_name":"Calgary","community_source":{"label":"Statistics Canada 2021 census subdivision boundaries (spatial lookup)","url":"https://geo.statcan.gc.ca/geo_wa/rest/services/2021/Cartographic_boundary_files/MapServer/9"},"community_display":"Calgary","is_unorganized":false,"panel_title":"Calgary","display_label":"Calgary","map_label":"48060780"},"geometry":{"type":"MultiPolygon","coordinates":[[[[-114.11788102717853,50.95620339050577],[-114.11787811140852,50.95417939342672],[-114.11812041490029,50.954176396648066],[-114.1184190321598,50.95418379912564],[-114.11956103047478,50.95413999728628],[-114.11983284469237,50.95411978733167],[-114.1209770336079,50.95403999899102],[-114.12097244875497,50.954804488325735],[-114.12097933530745,50.955614191638546],[-114.12097264361793,50.956414580516324],[-114.12097852959002,50.95770098738541],[-114.12097003070762,50.958528287959695],[-114.12240853839819,50.958527775841915],[-114.12246371928575,50.9585561967067],[-114.122960727957,50.95996258958189],[-114.12416644015126,50.95981247226879],[-114.12432302228008,50.96027508874364],[-114.12432874482629,50.96064399275654],[-114.12432052794128,50.96123739055715],[-114.12432583135285,50.961381476685],[-114.12227572744975,50.96136689166318],[-114.12113633339696,50.961365776375764],[-114.11850091374879,50.96137268279532],[-114.11810220511529,50.96137189171912],[-114.11787411606423,50.96137526623095],[-114.11788301610143,50.96123157477995],[-114.117882930438,50.96077277657641],[-114.11788821428027,50.95769667520548],[-114.11788102717853,50.95620339050577]]]]}},{"type":"Feature","properties":{"DGUID":"2021S051248060781","DAUID":"48060781","LANDAREA":0.2631,"PRUID":"48","fed_num":"48008","da_code":"48060781","geo_name":"48060781","name_source":{"label":"Statistics Canada Census Profile 2021 DA WDS","url":"https://www12.statcan.gc.ca/wds-sdw/2021profile-profil2021-eng.cfm"},"population":521,"status":"ok","source":{"label":"Statistics Canada Census Profile 2021 DA WDS","url":"https://www12.statcan.gc.ca/wds-sdw/2021profile-profil2021-eng.cfm"},"community_name":"Calgary","community_source":{"label":"Statistics Canada 2021 census subdivision boundaries (spatial lookup)","url":"https://geo.statcan.gc.ca/geo_wa/rest/services/2021/Cartographic_boundary_files/MapServer/9"},"community_display":"Calgary","is_unorganized":false,"panel_title":"Calgary","display_label":"Calgary","map_label":"48060781"},"geometry":{"type":"MultiPolygon","coordinates":[[[[-114.12952803858742,50.95739889432368],[-114.1225939377287,50.95750415094189],[-114.12179720001477,50.957707460700476],[-114.12097852959002,50.95770098738541],[-114.12097264361793,50.956414580516324],[-114.12097933530745,50.955614191638546],[-114.12097244875497,50.954804488325735],[-114.1209770336079,50.95403999899102],[-114.12218734917082,50.95404289777816],[-114.12234375365992,50.9540468024303],[-114.12326966509342,50.95404260113848],[-114.123711066485,50.954044501824015],[-114.12504927715555,50.95405051554386],[-114.12624473550272,50.95406190840459],[-114.12732715345328,50.95406159641853],[-114.12954914505653,50.95405332154314],[-114.13050356275278,50.95404980266431],[-114.13106734488511,50.954144611413184],[-114.13173654294809,50.95437691434706],[-114.13200873602673,50.95458150130738],[-114.13222132911068,50.95482959893964],[-114.13234643327975,50.955111502156626],[-114.13239245849662,50.95575130705429],[-114.13027145898431,50.9557350982135],[-114.12961395891016,50.955772886463926],[-114.12953744462915,50.955860993077835],[-114.12951673723576,50.95642720610587],[-114.12952803858742,50.95739889432368]]]]}},{"type":"Feature","properties":{"DGUID":"2021S051248060783","DAUID":"48060783","LANDAREA":0.0952,"PRUID":"48","fed_num":"48008","da_code":"48060783","geo_name":"48060783","name_source":{"label":"Statistics Canada Census Profile 2021 DA WDS","url":"https://www12.statcan.gc.ca/wds-sdw/2021profile-profil2021-eng.cfm"},"population":386,"status":"ok","source":{"label":"Statistics Canada Census Profile 2021 DA WDS","url":"https://www12.statcan.gc.ca/wds-sdw/2021profile-profil2021-eng.cfm"},"community_name":"Calgary","community_source":{"label":"Statistics Canada 2021 census subdivision boundaries (spatial lookup)","url":"https://geo.statcan.gc.ca/geo_wa/rest/services/2021/Cartographic_boundary_files/MapServer/9"},"community_display":"Calgary","is_unorganized":false,"panel_title":"Calgary","display_label":"Calgary","map_label":"48060783"},"geometry":{"type":"MultiPolygon","coordinates":[[[[-114.13285136950209,50.953387912056485],[-114.13120077093653,50.95336532299357],[-114.13103885917394,50.95345131492756],[-114.13106734488511,50.954144611413184],[-114.13050356275278,50.95404980266431],[-114.12954914505653,50.95405332154314],[-114.12955918260475,50.95250642447239],[-114.13170898092775,50.952514314955955],[-114.13405884082951,50.95250911808022],[-114.13429897411542,50.95254201894007],[-114.13469216948144,50.95263260984624],[-114.13501035333503,50.95278431158398],[-114.13528085909726,50.95301582452871],[-114.13590664931341,50.95372381950854],[-114.13606063058631,50.95399740994867],[-114.13611804543076,50.954916304923536],[-114.13610935646402,50.9557526086807],[-114.13370173710209,50.955765511395235],[-114.13370655478248,50.95522591488674],[-114.13361934596183,50.95479199743563],[-114.13342813537719,50.954427500871624],[-114.13291225824042,50.953785213302574],[-114.13285136950209,50.953387912056485]]]]}},{"type":"Feature","properties":{"DGUID":"2021S051248060784","DAUID":"48060784","LANDAREA":0.0691,"PRUID":"48","fed_num":"48008","da_code":"48060784","geo_name":"48060784","name_source":{"label":"Statistics Canada Census Profile 2021 DA WDS","url":"https://www12.statcan.gc.ca/wds-sdw/2021profile-profil2021-eng.cfm"},"population":352,"status":"ok","source":{"label":"Statistics Canada Census Profile 2021 DA WDS","url":"https://www12.statcan.gc.ca/wds-sdw/2021profile-profil2021-eng.cfm"},"community_name":"Calgary","community_source":{"label":"Statistics Canada 2021 census subdivision boundaries (spatial lookup)","url":"https://geo.statcan.gc.ca/geo_wa/rest/services/2021/Cartographic_boundary_files/MapServer/9"},"community_display":"Calgary","is_unorganized":false,"panel_title":"Calgary","display_label":"Calgary","map_label":"48060784"},"geometry":{"type":"MultiPolygon","coordinates":[[[[-114.13236175267234,50.957405586920046],[-114.1323700182859,50.95657829029616],[-114.13239245849662,50.95575130705429],[-114.13234643327975,50.955111502156626],[-114.13222132911068,50.95482959893964],[-114.13200873602673,50.95458150130738],[-114.13173654294809,50.95437691434706],[-114.13106734488511,50.954144611413184],[-114.13103885917394,50.95345131492756],[-114.13120077093653,50.95336532299357],[-114.13285136950209,50.953387912056485],[-114.13291225824042,50.953785213302574],[-114.13342813537719,50.954427500871624],[-114.13361934596183,50.95479199743563],[-114.13370655478248,50.95522591488674],[-114.13370173710209,50.955765511395235],[-114.13610935646402,50.9557526086807],[-114.13610172775923,50.956570991033594],[-114.13474863575456,50.95657368986115],[-114.13474043753195,50.9574010932151],[-114.13236175267234,50.957405586920046]]]]}},{"type":"Feature","properties":{"DGUID":"2021S051248060785","DAUID":"48060785","LANDAREA":0.1296,"PRUID":"48","fed_num":"48008","da_code":"48060785","geo_name":"48060785","name_source":{"label":"Statistics Canada Census Profile 2021 DA WDS","url":"https://www12.statcan.gc.ca/wds-sdw/2021profile-profil2021-eng.cfm"},"population":362,"status":"ok","source":{"label":"Statistics Canada Census Profile 2021 DA WDS","url":"https://www12.statcan.gc.ca/wds-sdw/2021profile-profil2021-eng.cfm"},"community_name":"Calgary","community_source":{"label":"Statistics Canada 2021 census subdivision boundaries (spatial lookup)","url":"https://geo.statcan.gc.ca/geo_wa/rest/services/2021/Cartographic_boundary_files/MapServer/9"},"community_display":"Calgary","is_unorganized":false,"panel_title":"Calgary","display_label":"Calgary","map_label":"48060785"},"geometry":{"type":"MultiPolygon","coordinates":[[[[-114.13238193300538,50.958233596417514],[-114.13097304898976,50.958216987444324],[-114.12953454087166,50.95821759761423],[-114.12953103576153,50.95777506767879],[-114.12952803858742,50.95739889432368],[-114.12951673723576,50.95642720610587],[-114.12953744462915,50.955860993077835],[-114.12961395891016,50.955772886463926],[-114.13027145898431,50.9557350982135],[-114.13239245849662,50.95575130705429],[-114.1323700182859,50.95657829029616],[-114.13236175267234,50.957405586920046],[-114.13474043753195,50.9574010932151],[-114.13474863575456,50.95657368986115],[-114.13610172775923,50.956570991033594],[-114.13609464981553,50.95738029876578],[-114.13609086964094,50.957814777166014],[-114.13608762777358,50.95818970581814],[-114.1360860395245,50.95890919347376],[-114.13584454443293,50.959362091909924],[-114.13554743960498,50.95956157763975],[-114.13515402451121,50.95970489907118],[-114.1347963259292,50.959732089435946],[-114.13359841837905,50.95975668039425],[-114.13237374299682,50.959753585591855],[-114.13238193300538,50.958233596417514]]]]}},{"type":"Feature","properties":{"DGUID":"2021S051248060786","DAUID":"48060786","LANDAREA":0.0988,"PRUID":"48","fed_num":"48008","da_code":"48060786","geo_name":"48060786","name_source":{"label":"Statistics Canada Census Profile 2021 DA WDS","url":"https://www12.statcan.gc.ca/wds-sdw/2021profile-profil2021-eng.cfm"},"population":286,"status":"ok","source":{"label":"Statistics Canada Census Profile 2021 DA WDS","url":"https://www12.statcan.gc.ca/wds-sdw/2021profile-profil2021-eng.cfm"},"community_name":"Calgary","community_source":{"label":"Statistics Canada 2021 census subdivision boundaries (spatial lookup)","url":"https://geo.statcan.gc.ca/geo_wa/rest/services/2021/Cartographic_boundary_files/MapServer/9"},"community_display":"Calgary","is_unorganized":false,"panel_title":"Calgary","display_label":"Calgary","map_label":"48060786"},"geometry":{"type":"MultiPolygon","coordinates":[[[[-114.13679543937646,50.960806590021676],[-114.13592211811908,50.96041639021529],[-114.13529813991711,50.96106670474297],[-114.13482403528415,50.960902085258304],[-114.13369682021711,50.960703505612905],[-114.13360115179856,50.960638188264646],[-114.13359841837905,50.95975668039425],[-114.1347963259292,50.959732089435946],[-114.13515402451121,50.95970489907118],[-114.13554743960498,50.95956157763975],[-114.13584454443293,50.959362091909924],[-114.1360860395245,50.95890919347376],[-114.13608762777358,50.95818970581814],[-114.13954814928046,50.9581935823689],[-114.13971445173235,50.958269589119176],[-114.13972024508159,50.959564980925855],[-114.1395892324301,50.96007450671376],[-114.13932152386865,50.9604907015001],[-114.13884334992002,50.960856794113916],[-114.1379399497476,50.96141929241392],[-114.13778292626718,50.961424498002],[-114.13679543937646,50.960806590021676]]]]}},{"type":"Feature","properties":{"DGUID":"2021S051248060787","DAUID":"48060787","LANDAREA":0.282,"PRUID":"48","fed_num":"48008","da_code":"48060787","geo_name":"48060787","name_source":{"label":"Statistics Canada Census Profile 2021 DA WDS","url":"https://www12.statcan.gc.ca/wds-sdw/2021profile-profil2021-eng.cfm"},"population":662,"status":"ok","source":{"label":"Statistics Canada Census Profile 2021 DA WDS","url":"https://www12.statcan.gc.ca/wds-sdw/2021profile-profil2021-eng.cfm"},"community_name":"Calgary","community_source":{"label":"Statistics Canada 2021 census subdivision boundaries (spatial lookup)","url":"https://geo.statcan.gc.ca/geo_wa/rest/services/2021/Cartographic_boundary_files/MapServer/9"},"community_display":"Calgary","is_unorganized":false,"panel_title":"Calgary","display_label":"Calgary","map_label":"48060787"},"geometry":{"type":"MultiPolygon","coordinates":[[[[-114.13552683953657,50.96202477551162],[-114.13403488515404,50.961453115875536],[-114.13332146197578,50.96128732981898],[-114.13236781375582,50.961237593319275],[-114.13237374299682,50.959753585591855],[-114.13359841837905,50.95975668039425],[-114.13360115179856,50.960638188264646],[-114.13369682021711,50.960703505612905],[-114.13482403528415,50.960902085258304],[-114.13529813991711,50.96106670474297],[-114.13592211811908,50.96041639021529],[-114.13679543937646,50.960806590021676],[-114.13778292626718,50.961424498002],[-114.1379399497476,50.96141929241392],[-114.13884334992002,50.960856794113916],[-114.13932152386865,50.9604907015001],[-114.1395892324301,50.96007450671376],[-114.13972024508159,50.959564980925855],[-114.13971445173235,50.958269589119176],[-114.13954814928046,50.9581935823689],[-114.13608762777358,50.95818970581814],[-114.13609086964094,50.957814777166014],[-114.13609464981553,50.95738029876578],[-114.13610172775923,50.956570991033594],[-114.13610935646402,50.9557526086807],[-114.13611804543076,50.954916304923536],[-114.13744213071362,50.95492180635811],[-114.13927815933533,50.95493981119738],[-114.13866946429232,50.95395351327571],[-114.1417483552769,50.954370702950314],[-114.14098733012273,50.957816857057644],[-114.14053375447757,50.96343310562339],[-114.14052673639151,50.963520122568454],[-114.13999155088297,50.963517376096625],[-114.13952432250682,50.96348818588289],[-114.13844175279579,50.96330971406983],[-114.13759712019595,50.96310031980216],[-114.1370742318224,50.96291407165176],[-114.13671298487714,50.962720480595884],[-114.13614286262022,50.96235056527799],[-114.13552683953657,50.96202477551162]]]]}},{"type":"Feature","properties":{"DGUID":"2021S051248060789","DAUID":"48060789","LANDAREA":0.0327,"PRUID":"48","fed_num":"48008","da_code":"48060789","geo_name":"48060789","name_source":{"label":"Statistics Canada Census Profile 2021 DA WDS","url":"https://www12.statcan.gc.ca/wds-sdw/2021profile-profil2021-eng.cfm"},"population":255,"status":"ok","source":{"label":"Statistics Canada Census Profile 2021 DA WDS","url":"https://www12.statcan.gc.ca/wds-sdw/2021profile-profil2021-eng.cfm"},"community_name":"Calgary","community_source":{"label":"Statistics Canada 2021 census subdivision boundaries (spatial lookup)","url":"https://geo.statcan.gc.ca/geo_wa/rest/services/2021/Cartographic_boundary_files/MapServer/9"},"community_display":"Calgary","is_unorganized":false,"panel_title":"Calgary","display_label":"Calgary","map_label":"48060789"},"geometry":{"type":"MultiPolygon","coordinates":[[[[-114.13744213071362,50.95492180635811],[-114.13611804543076,50.954916304923536],[-114.13606063058631,50.95399740994867],[-114.13590664931341,50.95372381950854],[-114.13528085909726,50.95301582452871],[-114.13643126074187,50.952603300765],[-114.13743556161853,50.95225020698659],[-114.1376181385805,50.95229062135593],[-114.1381268495294,50.953049710023606],[-114.13866946429232,50.95395351327571],[-114.13927815933533,50.95493981119738],[-114.13744213071362,50.95492180635811]]]]}},{"type":"Feature","properties":{"DGUID":"2021S051248060790","DAUID":"48060790","LANDAREA":0.3181,"PRUID":"48","fed_num":"48008","da_code":"48060790","geo_name":"48060790","name_source":{"label":"Statistics Canada Census Profile 2021 DA WDS","url":"https://www12.statcan.gc.ca/wds-sdw/2021profile-profil2021-eng.cfm"},"population":560,"status":"ok","source":{"label":"Statistics Canada Census Profile 2021 DA WDS","url":"https://www12.statcan.gc.ca/wds-sdw/2021profile-profil2021-eng.cfm"},"community_name":"Calgary","community_source":{"label":"Statistics Canada 2021 census subdivision boundaries (spatial lookup)","url":"https://geo.statcan.gc.ca/geo_wa/rest/services/2021/Cartographic_boundary_files/MapServer/9"},"community_display":"Calgary","is_unorganized":false,"panel_title":"Calgary","display_label":"Calgary","map_label":"48060790"},"geometry":{"type":"MultiPolygon","coordinates":[[[[-114.13950786409707,50.948648119316985],[-114.139364163169,50.948544935383545],[-114.13920157331185,50.94883532109161],[-114.1390847577053,50.94903983153412],[-114.1389630602484,50.949220216286],[-114.13875726666173,50.949464309186816],[-114.13855147695443,50.94965842029402],[-114.13830147414905,50.94985832434583],[-114.13801625148945,50.950034711901516],[-114.13760456815778,50.95024051827081],[-114.13728407685973,50.950349421360634],[-114.13678407045192,50.95046051946157],[-114.13635318031884,50.95052361862827],[-114.1356807487759,50.950583417927156],[-114.13438697951158,50.950602411456664],[-114.13077676772633,50.950595722295255],[-114.1292676076251,50.950556952224],[-114.12851537629342,50.95053762319387],[-114.12152866990648,50.95053800600518],[-114.11851334788906,50.95058818675883],[-114.11811472747189,50.95058728826402],[-114.11787244534618,50.95059028457659],[-114.11787845078092,50.95038619453069],[-114.11787532424916,50.94963429747048],[-114.11786746608375,50.946299594481914],[-114.11810916338719,50.94630559283396],[-114.11853677550702,50.94629820238176],[-114.12075848250558,50.94628998873987],[-114.12072075736718,50.94690080543842],[-114.12051368385,50.947255406350536],[-114.1204512502095,50.947343892100974],[-114.11981285771134,50.94822760702492],[-114.11851794778991,50.94821359648059],[-114.11873116487928,50.94937020629724],[-114.11931973494633,50.94975349845534],[-114.12136964249794,50.9499930196218],[-114.12317756656319,50.95000161813484],[-114.12318117760186,50.94902131074588],[-114.12449146919465,50.94901762396691],[-114.12584375990252,50.94902392071835],[-114.12585448196273,50.95000462847461],[-114.12712258935025,50.94999091765856],[-114.12840389581541,50.949995432426746],[-114.12965728344813,50.949990315316334],[-114.12966707959482,50.94867731691178],[-114.13094887595001,50.94867283832652],[-114.13095279481618,50.949995239532974],[-114.1324763501616,50.94999662502544],[-114.13458236174739,50.949787532255506],[-114.13458816177129,50.94853743423443],[-114.13458269152186,50.947700730587],[-114.1345919903467,50.94685541818738],[-114.13502018183081,50.94683892786805],[-114.13538976945141,50.94684804255125],[-114.13579178320715,50.94679493313418],[-114.13614239610031,50.94665063694753],[-114.13643988654854,50.94644204171172],[-114.13656746298663,50.94622032276819],[-114.13669556808533,50.94598964229991],[-114.13670658783005,50.945809929186325],[-114.13670242750808,50.94579632204395],[-114.1379931746825,50.945958439633074],[-114.13859837439766,50.94607223692334],[-114.13908887599764,50.94620123153334],[-114.13887793322363,50.946618482443526],[-114.1399375736955,50.9464903202725],[-114.14041656135649,50.946432373079716],[-114.14129530749013,50.94968105613201],[-114.14113284774278,50.950478911516775],[-114.14114235562707,50.94998591209437],[-114.14112474857552,50.94965131638941],[-114.14101653106916,50.94938581799334],[-114.14087025981308,50.94922972215845],[-114.14074975434858,50.9491530205023],[-114.14055625495136,50.949017927576115],[-114.1404430619805,50.94899601808668],[-114.14029334075879,50.9489229176335],[-114.14004865257827,50.94879880844456],[-114.13969453626484,50.9486929235124],[-114.13950786409707,50.948648119316985]]]]}},{"type":"Feature","properties":{"DGUID":"2021S051248060791","DAUID":"48060791","LANDAREA":0.0968,"PRUID":"48","fed_num":"48008","da_code":"48060791","geo_name":"48060791","name_source":{"label":"Statistics Canada Census Profile 2021 DA WDS","url":"https://www12.statcan.gc.ca/wds-sdw/2021profile-profil2021-eng.cfm"},"population":351,"status":"ok","source":{"label":"Statistics Canada Census Profile 2021 DA WDS","url":"https://www12.statcan.gc.ca/wds-sdw/2021profile-profil2021-eng.cfm"},"community_name":"Calgary","community_source":{"label":"Statistics Canada 2021 census subdivision boundaries (spatial lookup)","url":"https://geo.statcan.gc.ca/geo_wa/rest/services/2021/Cartographic_boundary_files/MapServer/9"},"community_display":"Calgary","is_unorganized":false,"panel_title":"Calgary","display_label":"Calgary","map_label":"48060791"},"geometry":{"type":"MultiPolygon","coordinates":[[[[-114.12965579637203,50.94770553480957],[-114.12966568111158,50.946851325843056],[-114.13097369381764,50.94688341443342],[-114.13245438168214,50.946883839518954],[-114.13326760790345,50.94685893168561],[-114.1345919903467,50.94685541818738],[-114.13458269152186,50.947700730587],[-114.13458816177129,50.94853743423443],[-114.13458236174739,50.949787532255506],[-114.1324763501616,50.94999662502544],[-114.13095279481618,50.949995239532974],[-114.13094887595001,50.94867283832652],[-114.12966707959482,50.94867731691178],[-114.12965579637203,50.94770553480957]]]]}},{"type":"Feature","properties":{"DGUID":"2021S051248060792","DAUID":"48060792","LANDAREA":0.0979,"PRUID":"48","fed_num":"48008","da_code":"48060792","geo_name":"48060792","name_source":{"label":"Statistics Canada Census Profile 2021 DA WDS","url":"https://www12.statcan.gc.ca/wds-sdw/2021profile-profil2021-eng.cfm"},"population":456,"status":"ok","source":{"label":"Statistics Canada Census Profile 2021 DA WDS","url":"https://www12.statcan.gc.ca/wds-sdw/2021profile-profil2021-eng.cfm"},"community_name":"Calgary","community_source":{"label":"Statistics Canada 2021 census subdivision boundaries (spatial lookup)","url":"https://geo.statcan.gc.ca/geo_wa/rest/services/2021/Cartographic_boundary_files/MapServer/9"},"community_display":"Calgary","is_unorganized":false,"panel_title":"Calgary","display_label":"Calgary","map_label":"48060792"},"geometry":{"type":"MultiPolygon","coordinates":[[[[-114.13210668077208,50.94605682832036],[-114.13130788394541,50.945155620049796],[-114.13066699948841,50.944465321940044],[-114.13312871415751,50.9435633389237],[-114.13417020971214,50.94468633099801],[-114.1354521069976,50.94421403675826],[-114.13649088225723,50.945381930138545],[-114.13662369024453,50.94553801818373],[-114.13670242750808,50.94579632204395],[-114.13670658783005,50.945809929186325],[-114.13669556808533,50.94598964229991],[-114.13656746298663,50.94622032276819],[-114.13643988654854,50.94644204171172],[-114.13614239610031,50.94665063694753],[-114.13579178320715,50.94679493313418],[-114.13538976945141,50.94684804255125],[-114.13502018183081,50.94683892786805],[-114.1345919903467,50.94685541818738],[-114.13326760790345,50.94685893168561],[-114.13245438168214,50.946883839518954],[-114.13239679476175,50.94643272444155],[-114.13210668077208,50.94605682832036]]]]}},{"type":"Feature","properties":{"DGUID":"2021S051248060793","DAUID":"48060793","LANDAREA":0.2672,"PRUID":"48","fed_num":"48008","da_code":"48060793","geo_name":"48060793","name_source":{"label":"Statistics Canada Census Profile 2021 DA WDS","url":"https://www12.statcan.gc.ca/wds-sdw/2021profile-profil2021-eng.cfm"},"population":544,"status":"ok","source":{"label":"Statistics Canada Census Profile 2021 DA WDS","url":"https://www12.statcan.gc.ca/wds-sdw/2021profile-profil2021-eng.cfm"},"community_name":"Calgary","community_source":{"label":"Statistics Canada 2021 census subdivision boundaries (spatial lookup)","url":"https://geo.statcan.gc.ca/geo_wa/rest/services/2021/Cartographic_boundary_files/MapServer/9"},"community_display":"Calgary","is_unorganized":false,"panel_title":"Calgary","display_label":"Calgary","map_label":"48060793"},"geometry":{"type":"MultiPolygon","coordinates":[[[[-114.13649088225723,50.945381930138545],[-114.1354521069976,50.94421403675826],[-114.1365415788373,50.94386305015963],[-114.13681387826594,50.943833742494746],[-114.13693557328425,50.94416953489544],[-114.13730229824642,50.94445733511481],[-114.13770798208483,50.944575222749094],[-114.13827389496659,50.94463414038605],[-114.13846739840609,50.943802329966516],[-114.13874057649764,50.943062448729044],[-114.13868577528154,50.94233253904112],[-114.13841401296145,50.94142634028202],[-114.137739797259,50.94150873547089],[-114.13692658650973,50.94176764927681],[-114.13615019234004,50.941892550420384],[-114.13598001128904,50.94118673717474],[-114.13655641622071,50.941074931131936],[-114.13689378684619,50.940912338332595],[-114.13701469471859,50.940798336796426],[-114.13721180108458,50.94037142756666],[-114.13712680810936,50.93990163543212],[-114.13825801072595,50.93979445014287],[-114.1380518040958,50.93897983919614],[-114.13785383304196,50.938264444554584],[-114.13729153996574,50.937683947858595],[-114.13751474192142,50.937527534112206],[-114.13835903065602,50.93722444597214],[-114.13798472913732,50.936828437972295],[-114.13761031363084,50.93666634796666],[-114.13675851888873,50.936627431953525],[-114.13589091840636,50.93661514827078],[-114.13587961938934,50.93633603719398],[-114.13587704090872,50.93614704876462],[-114.13757931868776,50.93612553366792],[-114.13802702456518,50.93609715074414],[-114.13842454425183,50.93603984095655],[-114.1386941295974,50.935975841704874],[-114.13883231578632,50.93594213618023],[-114.13905463244393,50.935857955220065],[-114.13924004931651,50.93580734683134],[-114.13939501767399,50.935773650121654],[-114.13957692098734,50.93576355903457],[-114.13973232124209,50.9357593359937],[-114.13985953426965,50.93572843639718],[-114.14025464237324,50.93573594439044],[-114.14025333017862,50.93586305215837],[-114.1402493234678,50.93623015563235],[-114.14034963851505,50.937078643944545],[-114.14055020652945,50.93808194144781],[-114.14074212316073,50.93903293818099],[-114.14089721135346,50.939950747583],[-114.14101320039899,50.94088625790571],[-114.14110854792212,50.94180158635424],[-114.14112760921464,50.941984741901344],[-114.14108187243333,50.94338093064082],[-114.14104758294026,50.94402172798549],[-114.14094457201642,50.94463963873651],[-114.14079115166697,50.94533593162002],[-114.14054875497192,50.946076023598046],[-114.14041656135649,50.946432373079716],[-114.1399375736955,50.9464903202725],[-114.13887793322363,50.946618482443526],[-114.13908887599764,50.94620123153334],[-114.13859837439766,50.94607223692334],[-114.1379931746825,50.945958439633074],[-114.13670242750808,50.94579632204395],[-114.13662369024453,50.94553801818373],[-114.13649088225723,50.945381930138545]]]]}},{"type":"Feature","properties":{"DGUID":"2021S051248060794","DAUID":"48060794","LANDAREA":0.0947,"PRUID":"48","fed_num":"48008","da_code":"48060794","geo_name":"48060794","name_source":{"label":"Statistics Canada Census Profile 2021 DA WDS","url":"https://www12.statcan.gc.ca/wds-sdw/2021profile-profil2021-eng.cfm"},"population":254,"status":"ok","source":{"label":"Statistics Canada Census Profile 2021 DA WDS","url":"https://www12.statcan.gc.ca/wds-sdw/2021profile-profil2021-eng.cfm"},"community_name":"Calgary","community_source":{"label":"Statistics Canada 2021 census subdivision boundaries (spatial lookup)","url":"https://geo.statcan.gc.ca/geo_wa/rest/services/2021/Cartographic_boundary_files/MapServer/9"},"community_display":"Calgary","is_unorganized":false,"panel_title":"Calgary","display_label":"Calgary","map_label":"48060794"},"geometry":{"type":"MultiPolygon","coordinates":[[[[-114.13681387826594,50.943833742494746],[-114.1365415788373,50.94386305015963],[-114.1354521069976,50.94421403675826],[-114.13359660150266,50.94220762223234],[-114.13331199611491,50.941741830814884],[-114.13323081295229,50.94144304227671],[-114.1346355155091,50.94128862541057],[-114.13598001128904,50.94118673717474],[-114.13615019234004,50.941892550420384],[-114.13692658650973,50.94176764927681],[-114.137739797259,50.94150873547089],[-114.13841401296145,50.94142634028202],[-114.13868577528154,50.94233253904112],[-114.13874057649764,50.943062448729044],[-114.13846739840609,50.943802329966516],[-114.13827389496659,50.94463414038605],[-114.13770798208483,50.944575222749094],[-114.13730229824642,50.94445733511481],[-114.13693557328425,50.94416953489544],[-114.13681387826594,50.943833742494746]]]]}},{"type":"Feature","properties":{"DGUID":"2021S051248060795","DAUID":"48060795","LANDAREA":0.1205,"PRUID":"48","fed_num":"48008","da_code":"48060795","geo_name":"48060795","name_source":{"label":"Statistics Canada Census Profile 2021 DA WDS","url":"https://www12.statcan.gc.ca/wds-sdw/2021profile-profil2021-eng.cfm"},"population":412,"status":"ok","source":{"label":"Statistics Canada Census Profile 2021 DA WDS","url":"https://www12.statcan.gc.ca/wds-sdw/2021profile-profil2021-eng.cfm"},"community_name":"Calgary","community_source":{"label":"Statistics Canada 2021 census subdivision boundaries (spatial lookup)","url":"https://geo.statcan.gc.ca/geo_wa/rest/services/2021/Cartographic_boundary_files/MapServer/9"},"community_display":"Calgary","is_unorganized":false,"panel_title":"Calgary","display_label":"Calgary","map_label":"48060795"},"geometry":{"type":"MultiPolygon","coordinates":[[[[-114.13323081295229,50.94144304227671],[-114.13281962616409,50.93979582120839],[-114.13244293265471,50.93828442011758],[-114.13380592396726,50.9381110333761],[-114.13552492397315,50.93793743417496],[-114.13607492587471,50.938022839876346],[-114.1365324265322,50.93822304278662],[-114.13729153996574,50.937683947858595],[-114.13785383304196,50.938264444554584],[-114.1380518040958,50.93897983919614],[-114.13825801072595,50.93979445014287],[-114.13712680810936,50.93990163543212],[-114.13721180108458,50.94037142756666],[-114.13701469471859,50.940798336796426],[-114.13689378684619,50.940912338332595],[-114.13655641622071,50.941074931131936],[-114.13598001128904,50.94118673717474],[-114.1346355155091,50.94128862541057],[-114.13323081295229,50.94144304227671]]]]}},{"type":"Feature","properties":{"DGUID":"2021S051248060796","DAUID":"48060796","LANDAREA":0.0963,"PRUID":"48","fed_num":"48008","da_code":"48060796","geo_name":"48060796","name_source":{"label":"Statistics Canada Census Profile 2021 DA WDS","url":"https://www12.statcan.gc.ca/wds-sdw/2021profile-profil2021-eng.cfm"},"population":369,"status":"ok","source":{"label":"Statistics Canada Census Profile 2021 DA WDS","url":"https://www12.statcan.gc.ca/wds-sdw/2021profile-profil2021-eng.cfm"},"community_name":"Calgary","community_source":{"label":"Statistics Canada 2021 census subdivision boundaries (spatial lookup)","url":"https://geo.statcan.gc.ca/geo_wa/rest/services/2021/Cartographic_boundary_files/MapServer/9"},"community_display":"Calgary","is_unorganized":false,"panel_title":"Calgary","display_label":"Calgary","map_label":"48060796"},"geometry":{"type":"MultiPolygon","coordinates":[[[[-114.12844842707105,50.93911272390151],[-114.12833179987197,50.93869600862299],[-114.13244293265471,50.93828442011758],[-114.13281962616409,50.93979582120839],[-114.13323081295229,50.94144304227671],[-114.13284250087483,50.94150543592775],[-114.1318463179102,50.941498933001995],[-114.1301950956029,50.94149431227693],[-114.12989880233478,50.941451130057004],[-114.12942552203774,50.94127752432864],[-114.1291642268297,50.941127225174945],[-114.12888179975656,50.94085940613095],[-114.12875732040273,50.940568515298686],[-114.12874240828462,50.94011831582776],[-114.128672895666,50.93939701762773],[-114.12844842707105,50.93911272390151]]]]}},{"type":"Feature","properties":{"DGUID":"2021S051248060797","DAUID":"48060797","LANDAREA":0.2784,"PRUID":"48","fed_num":"48008","da_code":"48060797","geo_name":"48060797","name_source":{"label":"Statistics Canada Census Profile 2021 DA WDS","url":"https://www12.statcan.gc.ca/wds-sdw/2021profile-profil2021-eng.cfm"},"population":752,"status":"ok","source":{"label":"Statistics Canada Census Profile 2021 DA WDS","url":"https://www12.statcan.gc.ca/wds-sdw/2021profile-profil2021-eng.cfm"},"community_name":"Calgary","community_source":{"label":"Statistics Canada 2021 census subdivision boundaries (spatial lookup)","url":"https://geo.statcan.gc.ca/geo_wa/rest/services/2021/Cartographic_boundary_files/MapServer/9"},"community_display":"Calgary","is_unorganized":false,"panel_title":"Calgary","display_label":"Calgary","map_label":"48060797"},"geometry":{"type":"MultiPolygon","coordinates":[[[[-114.1285218874611,50.94600463058721],[-114.12852751151803,50.94429572443752],[-114.12866068053486,50.9439842093102],[-114.12894900122429,50.94369440780835],[-114.12894368762771,50.94355041177324],[-114.12886387228653,50.94345851172439],[-114.12808258043856,50.943430215062136],[-114.12793600318444,50.94349862804125],[-114.12784059340595,50.94389202440821],[-114.1272247784368,50.94394880763882],[-114.12722169120849,50.94307621678345],[-114.12594058036181,50.9430717166937],[-114.12593488337909,50.94201010408383],[-114.1258352101323,50.94154891708307],[-114.12582397932884,50.941269800152455],[-114.1258284029023,50.94119801621364],[-114.1258485834927,50.9406407990143],[-114.1259324032828,50.9404359980755],[-114.12595202160668,50.93988769498942],[-114.12606003091618,50.939521608403055],[-114.12645389849003,50.93913550149336],[-114.12671919947738,50.938989211783],[-114.12714089949978,50.93884661307033],[-114.12833179987197,50.93869600862299],[-114.12844842707105,50.93911272390151],[-114.128672895666,50.93939701762773],[-114.12874240828462,50.94011831582776],[-114.12875732040273,50.940568515298686],[-114.12888179975656,50.94085940613095],[-114.1291642268297,50.941127225174945],[-114.12942552203774,50.94127752432864],[-114.12989880233478,50.941451130057004],[-114.1301950956029,50.94149431227693],[-114.1318463179102,50.941498933001995],[-114.13284250087483,50.94150543592775],[-114.13323081295229,50.94144304227671],[-114.13331199611491,50.941741830814884],[-114.13359660150266,50.94220762223234],[-114.1354521069976,50.94421403675826],[-114.13417020971214,50.94468633099801],[-114.13312871415751,50.9435633389237],[-114.13066699948841,50.944465321940044],[-114.13130788394541,50.945155620049796],[-114.13210668077208,50.94605682832036],[-114.13239679476175,50.94643272444155],[-114.13245438168214,50.946883839518954],[-114.13097369381764,50.94688341443342],[-114.12966568111158,50.946851325843056],[-114.12851237075863,50.94684993567922],[-114.1285218874611,50.94600463058721]]]]}},{"type":"Feature","properties":{"DGUID":"2021S051248060798","DAUID":"48060798","LANDAREA":0.1301,"PRUID":"48","fed_num":"48008","da_code":"48060798","geo_name":"48060798","name_source":{"label":"Statistics Canada Census Profile 2021 DA WDS","url":"https://www12.statcan.gc.ca/wds-sdw/2021profile-profil2021-eng.cfm"},"population":595,"status":"ok","source":{"label":"Statistics Canada Census Profile 2021 DA WDS","url":"https://www12.statcan.gc.ca/wds-sdw/2021profile-profil2021-eng.cfm"},"community_name":"Calgary","community_source":{"label":"Statistics Canada 2021 census subdivision boundaries (spatial lookup)","url":"https://geo.statcan.gc.ca/geo_wa/rest/services/2021/Cartographic_boundary_files/MapServer/9"},"community_display":"Calgary","is_unorganized":false,"panel_title":"Calgary","display_label":"Calgary","map_label":"48060798"},"geometry":{"type":"MultiPolygon","coordinates":[[[[-114.12075328027386,50.9454534024853],[-114.12074306955297,50.9446974917601],[-114.12304998921566,50.94469150835698],[-114.12320048901599,50.94456030335687],[-114.12321310359802,50.94389499695837],[-114.12313788130137,50.94303861592241],[-114.12174250956458,50.94304019346792],[-114.12176787220046,50.9421682874305],[-114.12177609345392,50.94157479502073],[-114.12177850291327,50.94130498478531],[-114.12491030647132,50.94131031453578],[-114.12582397932884,50.941269800152455],[-114.1258352101323,50.94154891708307],[-114.12593488337909,50.94201010408383],[-114.12594058036181,50.9430717166937],[-114.12458791606856,50.94307430837973],[-114.12448670126457,50.94309880143627],[-114.12441010895783,50.94318689444788],[-114.12441780765826,50.94375371013995],[-114.12455138053922,50.944125801490316],[-114.12459038804673,50.944648504329265],[-114.12444948211997,50.94508580764882],[-114.12442429721588,50.945723813931494],[-114.1244271895047,50.94613760216493],[-114.12454459124335,50.94631140263492],[-114.12435595920213,50.94646359907112],[-114.12401995502243,50.946696744813565],[-114.12123585017099,50.94674889479578],[-114.12075848250558,50.94628998873987],[-114.12075328027386,50.9454534024853]]]]}},{"type":"Feature","properties":{"DGUID":"2021S051248060799","DAUID":"48060799","LANDAREA":0.0947,"PRUID":"48","fed_num":"48008","da_code":"48060799","geo_name":"48060799","name_source":{"label":"Statistics Canada Census Profile 2021 DA WDS","url":"https://www12.statcan.gc.ca/wds-sdw/2021profile-profil2021-eng.cfm"},"population":416,"status":"ok","source":{"label":"Statistics Canada Census Profile 2021 DA WDS","url":"https://www12.statcan.gc.ca/wds-sdw/2021profile-profil2021-eng.cfm"},"community_name":"Calgary","community_source":{"label":"Statistics Canada 2021 census subdivision boundaries (spatial lookup)","url":"https://geo.statcan.gc.ca/geo_wa/rest/services/2021/Cartographic_boundary_files/MapServer/9"},"community_display":"Calgary","is_unorganized":false,"panel_title":"Calgary","display_label":"Calgary","map_label":"48060799"},"geometry":{"type":"MultiPolygon","coordinates":[[[[-114.12459038804673,50.944648504329265],[-114.12455138053922,50.944125801490316],[-114.12441780765826,50.94375371013995],[-114.12441010895783,50.94318689444788],[-114.12448670126457,50.94309880143627],[-114.12458791606856,50.94307430837973],[-114.12594058036181,50.9430717166937],[-114.12722169120849,50.94307621678345],[-114.1272247784368,50.94394880763882],[-114.12784059340595,50.94389202440821],[-114.12793600318444,50.94349862804125],[-114.12808258043856,50.943430215062136],[-114.12886387228653,50.94345851172439],[-114.12894368762771,50.94355041177324],[-114.12894900122429,50.94369440780835],[-114.12866068053486,50.9439842093102],[-114.12852751151803,50.94429572443752],[-114.1285218874611,50.94600463058721],[-114.12851237075863,50.94684993567922],[-114.12707487877655,50.94684153051936],[-114.12659868282323,50.94671281861515],[-114.12639098516786,50.946617827418116],[-114.12604177733112,50.94627631222312],[-114.12590557771499,50.945715324996335],[-114.12442429721588,50.945723813931494],[-114.12444948211997,50.94508580764882],[-114.12459038804673,50.944648504329265]]]]}},{"type":"Feature","properties":{"DGUID":"2021S051248060800","DAUID":"48060800","LANDAREA":0.1798,"PRUID":"48","fed_num":"48008","da_code":"48060800","geo_name":"48060800","name_source":{"label":"Statistics Canada Census Profile 2021 DA WDS","url":"https://www12.statcan.gc.ca/wds-sdw/2021profile-profil2021-eng.cfm"},"population":657,"status":"ok","source":{"label":"Statistics Canada Census Profile 2021 DA WDS","url":"https://www12.statcan.gc.ca/wds-sdw/2021profile-profil2021-eng.cfm"},"community_name":"Calgary","community_source":{"label":"Statistics Canada 2021 census subdivision boundaries (spatial lookup)","url":"https://geo.statcan.gc.ca/geo_wa/rest/services/2021/Cartographic_boundary_files/MapServer/9"},"community_display":"Calgary","is_unorganized":false,"panel_title":"Calgary","display_label":"Calgary","map_label":"48060800"},"geometry":{"type":"MultiPolygon","coordinates":[[[[-114.12136964249794,50.9499930196218],[-114.11931973494633,50.94975349845534],[-114.11873116487928,50.94937020629724],[-114.11851794778991,50.94821359648059],[-114.11981285771134,50.94822760702492],[-114.1204512502095,50.947343892100974],[-114.12051368385,50.947255406350536],[-114.12072075736718,50.94690080543842],[-114.12075848250558,50.94628998873987],[-114.12123585017099,50.94674889479578],[-114.12401995502243,50.946696744813565],[-114.12435595920213,50.94646359907112],[-114.12454459124335,50.94631140263492],[-114.1244271895047,50.94613760216493],[-114.12442429721588,50.945723813931494],[-114.12590557771499,50.945715324996335],[-114.12604177733112,50.94627631222312],[-114.12639098516786,50.946617827418116],[-114.12659868282323,50.94671281861515],[-114.12707487877655,50.94684153051936],[-114.12851237075863,50.94684993567922],[-114.12966568111158,50.946851325843056],[-114.12965579637203,50.94770553480957],[-114.1271222718728,50.94768822048497],[-114.126485890609,50.94761852333294],[-114.12602438138534,50.947481216370996],[-114.12584696539793,50.94781873153782],[-114.12584375990252,50.94902392071835],[-114.12449146919465,50.94901762396691],[-114.12318117760186,50.94902131074588],[-114.12317756656319,50.95000161813484],[-114.12136964249794,50.9499930196218]]]]}},{"type":"Feature","properties":{"DGUID":"2021S051248060801","DAUID":"48060801","LANDAREA":0.0693,"PRUID":"48","fed_num":"48008","da_code":"48060801","geo_name":"48060801","name_source":{"label":"Statistics Canada Census Profile 2021 DA WDS","url":"https://www12.statcan.gc.ca/wds-sdw/2021profile-profil2021-eng.cfm"},"population":237,"status":"ok","source":{"label":"Statistics Canada Census Profile 2021 DA WDS","url":"https://www12.statcan.gc.ca/wds-sdw/2021profile-profil2021-eng.cfm"},"community_name":"Calgary","community_source":{"label":"Statistics Canada 2021 census subdivision boundaries (spatial lookup)","url":"https://geo.statcan.gc.ca/geo_wa/rest/services/2021/Cartographic_boundary_files/MapServer/9"},"community_display":"Calgary","is_unorganized":false,"panel_title":"Calgary","display_label":"Calgary","map_label":"48060801"},"geometry":{"type":"MultiPolygon","coordinates":[[[[-114.12584375990252,50.94902392071835],[-114.12584696539793,50.94781873153782],[-114.12602438138534,50.947481216370996],[-114.126485890609,50.94761852333294],[-114.1271222718728,50.94768822048497],[-114.12965579637203,50.94770553480957],[-114.12966707959482,50.94867731691178],[-114.12965728344813,50.949990315316334],[-114.12840389581541,50.949995432426746],[-114.12712258935025,50.94999091765856],[-114.12585448196273,50.95000462847461],[-114.12584375990252,50.94902392071835]]]]}},{"type":"Feature","properties":{"DGUID":"2021S051248060802","DAUID":"48060802","LANDAREA":0.1575,"PRUID":"48","fed_num":"48008","da_code":"48060802","geo_name":"48060802","name_source":{"label":"Statistics Canada Census Profile 2021 DA WDS","url":"https://www12.statcan.gc.ca/wds-sdw/2021profile-profil2021-eng.cfm"},"population":452,"status":"ok","source":{"label":"Statistics Canada Census Profile 2021 DA WDS","url":"https://www12.statcan.gc.ca/wds-sdw/2021profile-profil2021-eng.cfm"},"community_name":"Calgary","community_source":{"label":"Statistics Canada 2021 census subdivision boundaries (spatial lookup)","url":"https://geo.statcan.gc.ca/geo_wa/rest/services/2021/Cartographic_boundary_files/MapServer/9"},"community_display":"Calgary","is_unorganized":false,"panel_title":"Calgary","display_label":"Calgary","map_label":"48060802"},"geometry":{"type":"MultiPolygon","coordinates":[[[[-114.1178738728794,50.94596699608223],[-114.11787798616598,50.94129868993157],[-114.11810551801904,50.94130428419219],[-114.11839029835511,50.941302381364814],[-114.12096720560062,50.94130299939223],[-114.12177850291327,50.94130498478531],[-114.12177609345392,50.94157479502073],[-114.12176787220046,50.9421682874305],[-114.12174250956458,50.94304019346792],[-114.12313788130137,50.94303861592241],[-114.12321310359802,50.94389499695837],[-114.12320048901599,50.94456030335687],[-114.12304998921566,50.94469150835698],[-114.12074306955297,50.9446974917601],[-114.12075328027386,50.9454534024853],[-114.12075848250558,50.94628998873987],[-114.11853677550702,50.94629820238176],[-114.11810916338719,50.94630559283396],[-114.11786746608375,50.946299594481914],[-114.1178738728794,50.94596699608223]]]]}},{"type":"Feature","properties":{"DGUID":"2021S051248060803","DAUID":"48060803","LANDAREA":0.2207,"PRUID":"48","fed_num":"48008","da_code":"48060803","geo_name":"48060803","name_source":{"label":"Statistics Canada Census Profile 2021 DA WDS","url":"https://www12.statcan.gc.ca/wds-sdw/2021profile-profil2021-eng.cfm"},"population":338,"status":"ok","source":{"label":"Statistics Canada Census Profile 2021 DA WDS","url":"https://www12.statcan.gc.ca/wds-sdw/2021profile-profil2021-eng.cfm"},"community_name":"Calgary","community_source":{"label":"Statistics Canada 2021 census subdivision boundaries (spatial lookup)","url":"https://geo.statcan.gc.ca/geo_wa/rest/services/2021/Cartographic_boundary_files/MapServer/9"},"community_display":"Calgary","is_unorganized":false,"panel_title":"Calgary","display_label":"Calgary","map_label":"48060803"},"geometry":{"type":"MultiPolygon","coordinates":[[[[-114.11788458950686,50.9407321841167],[-114.11788019792762,50.938501272985235],[-114.11788178509643,50.93806668298694],[-114.11789001438692,50.935812067077855],[-114.11804642039432,50.935815878847976],[-114.11853024632246,50.93581887906912],[-114.1192841187763,50.93582848053756],[-114.12100542297081,50.93607789215131],[-114.12168541342746,50.936130585381406],[-114.12169372329913,50.93599587542129],[-114.12169730448744,50.93570817857561],[-114.12167634558934,50.93466418129568],[-114.12309933918257,50.93467238501614],[-114.1240527266314,50.934677900697494],[-114.12468845373081,50.93475649786969],[-114.12455092890775,50.93513990174954],[-114.1245381412439,50.93603910624758],[-114.12453202033193,50.93613790524787],[-114.12455611926521,50.93736179599931],[-114.12323200148391,50.937365099265115],[-114.12229751984091,50.93751299759737],[-114.12197761162417,50.93762200043914],[-114.12171181475654,50.937777392932595],[-114.1215443324305,50.937953097281685],[-114.12136412733334,50.93833548320694],[-114.1214933269296,50.938779385063015],[-114.12169791394786,50.93915318020959],[-114.12173481207716,50.939477997170926],[-114.12173299350896,50.94089010480177],[-114.12177261939209,50.94116999302966],[-114.12177850291327,50.94130498478531],[-114.12096720560062,50.94130299939223],[-114.11839029835511,50.941302381364814],[-114.11810551801904,50.94130428419219],[-114.11787798616598,50.94129868993157],[-114.11788578975084,50.94117296364637],[-114.11788458950686,50.9407321841167]]]]}},{"type":"Feature","properties":{"DGUID":"2021S051248060804","DAUID":"48060804","LANDAREA":0.1107,"PRUID":"48","fed_num":"48008","da_code":"48060804","geo_name":"48060804","name_source":{"label":"Statistics Canada Census Profile 2021 DA WDS","url":"https://www12.statcan.gc.ca/wds-sdw/2021profile-profil2021-eng.cfm"},"population":501,"status":"ok","source":{"label":"Statistics Canada Census Profile 2021 DA WDS","url":"https://www12.statcan.gc.ca/wds-sdw/2021profile-profil2021-eng.cfm"},"community_name":"Calgary","community_source":{"label":"Statistics Canada 2021 census subdivision boundaries (spatial lookup)","url":"https://geo.statcan.gc.ca/geo_wa/rest/services/2021/Cartographic_boundary_files/MapServer/9"},"community_display":"Calgary","is_unorganized":false,"panel_title":"Calgary","display_label":"Calgary","map_label":"48060804"},"geometry":{"type":"MultiPolygon","coordinates":[[[[-114.12197761162417,50.93762200043914],[-114.12229751984091,50.93751299759737],[-114.12323200148391,50.937365099265115],[-114.12455611926521,50.93736179599931],[-114.12458690020894,50.93778530349029],[-114.12475513603,50.93805929724359],[-114.12490200857017,50.93821580071],[-114.12546323417843,50.93858040403432],[-114.12645389849003,50.93913550149336],[-114.12606003091618,50.939521608403055],[-114.12595202160668,50.93988769498942],[-114.1259324032828,50.9404359980755],[-114.1258485834927,50.9406407990143],[-114.1258284029023,50.94119801621364],[-114.12582397932884,50.941269800152455],[-114.12491030647132,50.94131031453578],[-114.12177850291327,50.94130498478531],[-114.12177261939209,50.94116999302966],[-114.12173299350896,50.94089010480177],[-114.12173481207716,50.939477997170926],[-114.12169791394786,50.93915318020959],[-114.1214933269296,50.938779385063015],[-114.12136412733334,50.93833548320694],[-114.1215443324305,50.937953097281685],[-114.12171181475654,50.937777392932595],[-114.12197761162417,50.93762200043914]]]]}},{"type":"Feature","properties":{"DGUID":"2021S051248060805","DAUID":"48060805","LANDAREA":0.1887,"PRUID":"48","fed_num":"48008","da_code":"48060805","geo_name":"48060805","name_source":{"label":"Statistics Canada Census Profile 2021 DA WDS","url":"https://www12.statcan.gc.ca/wds-sdw/2021profile-profil2021-eng.cfm"},"population":436,"status":"ok","source":{"label":"Statistics Canada Census Profile 2021 DA WDS","url":"https://www12.statcan.gc.ca/wds-sdw/2021profile-profil2021-eng.cfm"},"community_name":"Calgary","community_source":{"label":"Statistics Canada 2021 census subdivision boundaries (spatial lookup)","url":"https://geo.statcan.gc.ca/geo_wa/rest/services/2021/Cartographic_boundary_files/MapServer/9"},"community_display":"Calgary","is_unorganized":false,"panel_title":"Calgary","display_label":"Calgary","map_label":"48060805"},"geometry":{"type":"MultiPolygon","coordinates":[[[[-114.12818652508338,50.937820014609414],[-114.12688301133454,50.93794981215271],[-114.1263908018078,50.93808160521998],[-114.12584331592329,50.93772631189796],[-114.12573962281363,50.93756180714236],[-114.12573811810077,50.937354903887176],[-114.12572231796067,50.93599629440056],[-114.12574433707391,50.93517830043805],[-114.1258752289875,50.93490270343403],[-114.12624551297003,50.93466889895901],[-114.12649215411214,50.934594009556406],[-114.12697863675697,50.93455210603226],[-114.12833113980764,50.93454939971357],[-114.12921404074649,50.934544112897],[-114.12988962181022,50.93466872108691],[-114.13049584361696,50.93476452602059],[-114.13081072598884,50.93473633177534],[-114.13111535380226,50.93464483141382],[-114.13167533086579,50.9343348322229],[-114.13205395246383,50.93465891507287],[-114.13225925622359,50.9350238348986],[-114.13232032963406,50.935187236694716],[-114.13233683924372,50.93584421511444],[-114.13234052583164,50.93601523891814],[-114.13234653869024,50.936150315984165],[-114.13231711908891,50.937552834719675],[-114.13244293265471,50.93828442011758],[-114.12833179987197,50.93869600862299],[-114.1281813354211,50.938134721234746],[-114.12818652508338,50.937820014609414]]]]}},{"type":"Feature","properties":{"DGUID":"2021S051248060806","DAUID":"48060806","LANDAREA":0.1493,"PRUID":"48","fed_num":"48008","da_code":"48060806","geo_name":"48060806","name_source":{"label":"Statistics Canada Census Profile 2021 DA WDS","url":"https://www12.statcan.gc.ca/wds-sdw/2021profile-profil2021-eng.cfm"},"population":486,"status":"ok","source":{"label":"Statistics Canada Census Profile 2021 DA WDS","url":"https://www12.statcan.gc.ca/wds-sdw/2021profile-profil2021-eng.cfm"},"community_name":"Calgary","community_source":{"label":"Statistics Canada 2021 census subdivision boundaries (spatial lookup)","url":"https://geo.statcan.gc.ca/geo_wa/rest/services/2021/Cartographic_boundary_files/MapServer/9"},"community_display":"Calgary","is_unorganized":false,"panel_title":"Calgary","display_label":"Calgary","map_label":"48060806"},"geometry":{"type":"MultiPolygon","coordinates":[[[[-114.12645389849003,50.93913550149336],[-114.12546323417843,50.93858040403432],[-114.12490200857017,50.93821580071],[-114.12475513603,50.93805929724359],[-114.12458690020894,50.93778530349029],[-114.12455611926521,50.93736179599931],[-114.12453202033193,50.93613790524787],[-114.1245381412439,50.93603910624758],[-114.12455092890775,50.93513990174954],[-114.12468845373081,50.93475649786969],[-114.12526574904867,50.93416809403309],[-114.12586504102431,50.93391300335487],[-114.12655614745564,50.93378610425784],[-114.12688415598173,50.933776205329735],[-114.1269687481467,50.93332851270032],[-114.12720993064212,50.93310960879512],[-114.12759223699452,50.93291212073675],[-114.12799444296556,50.93239130511585],[-114.12819724107817,50.932333321789734],[-114.12920785439398,50.93256512571478],[-114.13039884991895,50.93287321468098],[-114.1321717428335,50.93343854320097],[-114.13323086802113,50.934040240371445],[-114.13417564909336,50.93464813026453],[-114.13388023265246,50.93482072856936],[-114.13350633906113,50.934883529749115],[-114.13225925622359,50.9350238348986],[-114.13205395246383,50.93465891507287],[-114.13167533086579,50.9343348322229],[-114.13111535380226,50.93464483141382],[-114.13081072598884,50.93473633177534],[-114.13049584361696,50.93476452602059],[-114.12988962181022,50.93466872108691],[-114.12921404074649,50.934544112897],[-114.12833113980764,50.93454939971357],[-114.12697863675697,50.93455210603226],[-114.12649215411214,50.934594009556406],[-114.12624551297003,50.93466889895901],[-114.1258752289875,50.93490270343403],[-114.12574433707391,50.93517830043805],[-114.12572231796067,50.93599629440056],[-114.12573811810077,50.937354903887176],[-114.12573962281363,50.93756180714236],[-114.12584331592329,50.93772631189796],[-114.1263908018078,50.93808160521998],[-114.12688301133454,50.93794981215271],[-114.12818652508338,50.937820014609414],[-114.1281813354211,50.938134721234746],[-114.12833179987197,50.93869600862299],[-114.12714089949978,50.93884661307033],[-114.12671919947738,50.938989211783],[-114.12645389849003,50.93913550149336]]]]}},{"type":"Feature","properties":{"DGUID":"2021S051248060807","DAUID":"48060807","LANDAREA":1.3294,"PRUID":"48","fed_num":"48008","da_code":"48060807","geo_name":"48060807","name_source":{"label":"Statistics Canada Census Profile 2021 DA WDS","url":"https://www12.statcan.gc.ca/wds-sdw/2021profile-profil2021-eng.cfm"},"population":674,"status":"ok","source":{"label":"Statistics Canada Census Profile 2021 DA WDS","url":"https://www12.statcan.gc.ca/wds-sdw/2021profile-profil2021-eng.cfm"},"community_name":"Calgary","community_source":{"label":"Statistics Canada 2021 census subdivision boundaries (spatial lookup)","url":"https://geo.statcan.gc.ca/geo_wa/rest/services/2021/Cartographic_boundary_files/MapServer/9"},"community_display":"Calgary","is_unorganized":false,"panel_title":"Calgary","display_label":"Calgary","map_label":"48060807"},"geometry":{"type":"MultiPolygon","coordinates":[[[[-114.14025464237324,50.93573594439044],[-114.13985953426965,50.93572843639718],[-114.13973232124209,50.9357593359937],[-114.13957692098734,50.93576355903457],[-114.13939501767399,50.935773650121654],[-114.13924004931651,50.93580734683134],[-114.13905463244393,50.935857955220065],[-114.13883231578632,50.93594213618023],[-114.1386941295974,50.935975841704874],[-114.13842454425183,50.93603984095655],[-114.13802702456518,50.93609715074414],[-114.13757931868776,50.93612553366792],[-114.13587704090872,50.93614704876462],[-114.135250530464,50.936149626676205],[-114.13234653869024,50.936150315984165],[-114.13234052583164,50.93601523891814],[-114.13233683924372,50.93584421511444],[-114.13232032963406,50.935187236694716],[-114.13225925622359,50.9350238348986],[-114.13350633906113,50.934883529749115],[-114.13388023265246,50.93482072856936],[-114.13417564909336,50.93464813026453],[-114.13323086802113,50.934040240371445],[-114.1321717428335,50.93343854320097],[-114.13039884991895,50.93287321468098],[-114.12920785439398,50.93256512571478],[-114.12819724107817,50.932333321789734],[-114.12799444296556,50.93239130511585],[-114.12759223699452,50.93291212073675],[-114.12720993064212,50.93310960879512],[-114.1269687481467,50.93332851270032],[-114.12688415598173,50.933776205329735],[-114.12655614745564,50.93378610425784],[-114.12586504102431,50.93391300335487],[-114.12526574904867,50.93416809403309],[-114.12468845373081,50.93475649786969],[-114.1240527266314,50.934677900697494],[-114.12309933918257,50.93467238501614],[-114.12167634558934,50.93466418129568],[-114.12169730448744,50.93570817857561],[-114.12169372329913,50.93599587542129],[-114.12168541342746,50.936130585381406],[-114.12100542297081,50.93607789215131],[-114.1192841187763,50.93582848053756],[-114.11853024632246,50.93581887906912],[-114.11804642039432,50.935815878847976],[-114.11789001438692,50.935812067077855],[-114.11788421805038,50.935676978023345],[-114.11798693264248,50.9351667667759],[-114.11791721324747,50.934913265642706],[-114.11789904191994,50.93336565630352],[-114.11771254903786,50.933149045069904],[-114.11791607937812,50.92876207921987],[-114.11802879739881,50.92726835084846],[-114.11851471480273,50.927143618694274],[-114.11950414769454,50.92690781826217],[-114.12056062828009,50.92665445177416],[-114.12120020411766,50.92650696148346],[-114.12158487295902,50.92645286040161],[-114.121922530186,50.92645337631477],[-114.12213458320211,50.92668709571011],[-114.1226638063677,50.92701289302141],[-114.12336194474585,50.92719609900238],[-114.1233590521248,50.92764505790208],[-114.12312070736829,50.92815396290719],[-114.12279466718336,50.92855076739737],[-114.12306999914505,50.92886733640839],[-114.12406498986553,50.92892710224034],[-114.12442028999793,50.92884314849519],[-114.12487412953911,50.92864103555045],[-114.12549762724188,50.92823962720702],[-114.1260590655796,50.92798342126552],[-114.12650513451328,50.9276299766039],[-114.12660045900607,50.927323099740455],[-114.12676831046134,50.927079725599555],[-114.12722860977024,50.926911321823354],[-114.12759558588807,50.92672322520139],[-114.12795709880167,50.92645755812265],[-114.128543876354,50.926247771540076],[-114.12942810817482,50.92581855433435],[-114.13012340631693,50.9256158781432],[-114.13086871719912,50.92554557668098],[-114.13214660582007,50.925674287142314],[-114.13240460773783,50.92568048055413],[-114.13294520205191,50.925773594026936],[-114.13355360783892,50.926004975015246],[-114.13380792792152,50.926125677156605],[-114.1339672917735,50.92623668102532],[-114.13423049958892,50.92649779582261],[-114.13444220317979,50.92680700395627],[-114.13471492227632,50.92705689328805],[-114.13515731012996,50.92737768631818],[-114.1354063919861,50.92751840300011],[-114.135528503065,50.927522907879215],[-114.13663569412498,50.927883990537495],[-114.13678569791493,50.9280062129388],[-114.13678798843333,50.928347009701604],[-114.13688658512682,50.92851719471847],[-114.1371270692398,50.92864059249832],[-114.13783988427458,50.92887050284279],[-114.13854939872061,50.92906309029354],[-114.1389003914963,50.92913650217526],[-114.13913626755013,50.929128101987345],[-114.13999351134547,50.92882731826161],[-114.1402579597318,50.928818901247844],[-114.1403963252725,50.928814500299374],[-114.1404863705959,50.92923395805844],[-114.14052757853291,50.92974404721591],[-114.14052517209377,50.930034141949015],[-114.1405178592792,50.93095674005537],[-114.14046015510753,50.93202504408058],[-114.1403700754986,50.93315435337587],[-114.14032315251868,50.9342045358446],[-114.1403193046837,50.93429053837159],[-114.14025464237324,50.93573594439044]]]]}},{"type":"Feature","properties":{"DGUID":"2021S051248060808","DAUID":"48060808","LANDAREA":0.074,"PRUID":"48","fed_num":"48008","da_code":"48060808","geo_name":"48060808","name_source":{"label":"Statistics Canada Census Profile 2021 DA WDS","url":"https://www12.statcan.gc.ca/wds-sdw/2021profile-profil2021-eng.cfm"},"population":259,"status":"ok","source":{"label":"Statistics Canada Census Profile 2021 DA WDS","url":"https://www12.statcan.gc.ca/wds-sdw/2021profile-profil2021-eng.cfm"},"community_name":"Calgary","community_source":{"label":"Statistics Canada 2021 census subdivision boundaries (spatial lookup)","url":"https://geo.statcan.gc.ca/geo_wa/rest/services/2021/Cartographic_boundary_files/MapServer/9"},"community_display":"Calgary","is_unorganized":false,"panel_title":"Calgary","display_label":"Calgary","map_label":"48060808"},"geometry":{"type":"MultiPolygon","coordinates":[[[[-114.13231711908891,50.937552834719675],[-114.13234653869024,50.936150315984165],[-114.135250530464,50.936149626676205],[-114.13587704090872,50.93614704876462],[-114.13587961938934,50.93633603719398],[-114.13589091840636,50.93661514827078],[-114.13675851888873,50.936627431953525],[-114.13761031363084,50.93666634796666],[-114.13798472913732,50.936828437972295],[-114.13835903065602,50.93722444597214],[-114.13751474192142,50.937527534112206],[-114.13729153996574,50.937683947858595],[-114.1365324265322,50.93822304278662],[-114.13607492587471,50.938022839876346],[-114.13552492397315,50.93793743417496],[-114.13380592396726,50.9381110333761],[-114.13244293265471,50.93828442011758],[-114.13231711908891,50.937552834719675]]]]}},{"type":"Feature","properties":{"DGUID":"2021S051248060810","DAUID":"48060810","LANDAREA":0.4187,"PRUID":"48","fed_num":"48008","da_code":"48060810","geo_name":"48060810","name_source":{"label":"Statistics Canada Census Profile 2021 DA WDS","url":"https://www12.statcan.gc.ca/wds-sdw/2021profile-profil2021-eng.cfm"},"population":737,"status":"ok","source":{"label":"Statistics Canada Census Profile 2021 DA WDS","url":"https://www12.statcan.gc.ca/wds-sdw/2021profile-profil2021-eng.cfm"},"community_name":"Calgary","community_source":{"label":"Statistics Canada 2021 census subdivision boundaries (spatial lookup)","url":"https://geo.statcan.gc.ca/geo_wa/rest/services/2021/Cartographic_boundary_files/MapServer/9"},"community_display":"Calgary","is_unorganized":false,"panel_title":"Calgary","display_label":"Calgary","map_label":"48060810"},"geometry":{"type":"MultiPolygon","coordinates":[[[[-114.13658870652584,50.97574202001779],[-114.13674023323004,50.974900209488816],[-114.13684591023079,50.97480380291698],[-114.13988140342059,50.974788310245884],[-114.14018351568781,50.97474169876399],[-114.14028921577338,50.97464541899798],[-114.14028081181145,50.972927218838954],[-114.14012801671969,50.97216790480433],[-114.1401371098237,50.97063000725745],[-114.14011394713225,50.967993906557865],[-114.13997942323427,50.96786470681152],[-114.13925464162422,50.96760400346237],[-114.13935212613589,50.967408494050176],[-114.13935013891914,50.96721058815281],[-114.13922712885548,50.966892789931016],[-114.1391074356031,50.96675491087055],[-114.1387377170428,50.966511990678136],[-114.13816624833905,50.96630909617184],[-114.13764382429854,50.96623329979687],[-114.13700271793887,50.966235594761116],[-114.13547913569013,50.96622519067229],[-114.13384134491989,50.96622088242317],[-114.1325874262367,50.966226083973474],[-114.13246511885312,50.96589928984499],[-114.13234094839063,50.965140692255126],[-114.13234863715573,50.963629686517606],[-114.13235741761962,50.962793382066536],[-114.13236781375582,50.961237593319275],[-114.13332146197578,50.96128732981898],[-114.13403488515404,50.961453115875536],[-114.13552683953657,50.96202477551162],[-114.13614286262022,50.96235056527799],[-114.13671298487714,50.962720480595884],[-114.1370742318224,50.96291407165176],[-114.13759712019595,50.96310031980216],[-114.13844175279579,50.96330971406983],[-114.13952432250682,50.96348818588289],[-114.13999155088297,50.963517376096625],[-114.14052673639151,50.963520122568454],[-114.14051269356553,50.9637115626655],[-114.14056683574235,50.96462741493796],[-114.14069052875294,50.96670351134772],[-114.14075158143191,50.967727745546426],[-114.14102433025187,50.97230408186429],[-114.14116239856564,50.97462057304591],[-114.14064244585107,50.97831873385891],[-114.14070011914941,50.978972407747406],[-114.14023592621747,50.978936336478256],[-114.13994769795595,50.978774675791264],[-114.13972969711541,50.97859693331401],[-114.13946655529338,50.97848013475067],[-114.13912955130891,50.97836769688618],[-114.13836133680451,50.97801185713689],[-114.13611961114592,50.97688181823076],[-114.13592431473802,50.97681409323986],[-114.13606001124072,50.976691518044554],[-114.13628719309932,50.97647220126935],[-114.13658870652584,50.97574202001779]]]]}},{"type":"Feature","properties":{"DGUID":"2021S051248060811","DAUID":"48060811","LANDAREA":0.142,"PRUID":"48","fed_num":"48008","da_code":"48060811","geo_name":"48060811","name_source":{"label":"Statistics Canada Census Profile 2021 DA WDS","url":"https://www12.statcan.gc.ca/wds-sdw/2021profile-profil2021-eng.cfm"},"population":384,"status":"ok","source":{"label":"Statistics Canada Census Profile 2021 DA WDS","url":"https://www12.statcan.gc.ca/wds-sdw/2021profile-profil2021-eng.cfm"},"community_name":"Calgary","community_source":{"label":"Statistics Canada 2021 census subdivision boundaries (spatial lookup)","url":"https://geo.statcan.gc.ca/geo_wa/rest/services/2021/Cartographic_boundary_files/MapServer/9"},"community_display":"Calgary","is_unorganized":false,"panel_title":"Calgary","display_label":"Calgary","map_label":"48060811"},"geometry":{"type":"MultiPolygon","coordinates":[[[[-114.13586672730904,50.96849240461005],[-114.1342980441768,50.96875069958363],[-114.13405150183033,50.96928439482357],[-114.13358051965865,50.969992404234674],[-114.13240892963208,50.96958579143238],[-114.1328734431352,50.968751699023755],[-114.13298203560102,50.96837659906976],[-114.13303441192511,50.9677571975719],[-114.13300413993919,50.96732469562342],[-114.1325874262367,50.966226083973474],[-114.13384134491989,50.96622088242317],[-114.13547913569013,50.96622519067229],[-114.13700271793887,50.966235594761116],[-114.13764382429854,50.96623329979687],[-114.13816624833905,50.96630909617184],[-114.1387377170428,50.966511990678136],[-114.1391074356031,50.96675491087055],[-114.13922712885548,50.966892789931016],[-114.13935013891914,50.96721058815281],[-114.13935212613589,50.967408494050176],[-114.13925464162422,50.96760400346237],[-114.1387930390692,50.968393284565636],[-114.13879301954071,50.96931970626731],[-114.1374395251356,50.969322489570146],[-114.13615772984421,50.969318086333416],[-114.13602243408629,50.96873910538809],[-114.13586672730904,50.96849240461005]]]]}},{"type":"Feature","properties":{"DGUID":"2021S051248060812","DAUID":"48060812","LANDAREA":0.1454,"PRUID":"48","fed_num":"48008","da_code":"48060812","geo_name":"48060812","name_source":{"label":"Statistics Canada Census Profile 2021 DA WDS","url":"https://www12.statcan.gc.ca/wds-sdw/2021profile-profil2021-eng.cfm"},"population":306,"status":"ok","source":{"label":"Statistics Canada Census Profile 2021 DA WDS","url":"https://www12.statcan.gc.ca/wds-sdw/2021profile-profil2021-eng.cfm"},"community_name":"Calgary","community_source":{"label":"Statistics Canada 2021 census subdivision boundaries (spatial lookup)","url":"https://geo.statcan.gc.ca/geo_wa/rest/services/2021/Cartographic_boundary_files/MapServer/9"},"community_display":"Calgary","is_unorganized":false,"panel_title":"Calgary","display_label":"Calgary","map_label":"48060812"},"geometry":{"type":"MultiPolygon","coordinates":[[[[-114.13471022575301,50.97246669029809],[-114.13382521805127,50.97133861197587],[-114.1330138297194,50.97063509288557],[-114.13358051965865,50.969992404234674],[-114.13405150183033,50.96928439482357],[-114.1342980441768,50.96875069958363],[-114.13586672730904,50.96849240461005],[-114.13602243408629,50.96873910538809],[-114.13615772984421,50.969318086333416],[-114.1374395251356,50.969322489570146],[-114.13879301954071,50.96931970626731],[-114.1387930390692,50.968393284565636],[-114.13925464162422,50.96760400346237],[-114.13997942323427,50.96786470681152],[-114.14011394713225,50.967993906557865],[-114.1401371098237,50.97063000725745],[-114.13879782842488,50.97063310115583],[-114.13875873707008,50.971036891534496],[-114.13852541661642,50.97135501470168],[-114.13812483104392,50.971615014176976],[-114.13593983204005,50.972164100367976],[-114.13471022575301,50.97246669029809]]]]}},{"type":"Feature","properties":{"DGUID":"2021S051248060813","DAUID":"48060813","LANDAREA":0.1142,"PRUID":"48","fed_num":"48008","da_code":"48060813","geo_name":"48060813","name_source":{"label":"Statistics Canada Census Profile 2021 DA WDS","url":"https://www12.statcan.gc.ca/wds-sdw/2021profile-profil2021-eng.cfm"},"population":324,"status":"ok","source":{"label":"Statistics Canada Census Profile 2021 DA WDS","url":"https://www12.statcan.gc.ca/wds-sdw/2021profile-profil2021-eng.cfm"},"community_name":"Calgary","community_source":{"label":"Statistics Canada 2021 census subdivision boundaries (spatial lookup)","url":"https://geo.statcan.gc.ca/geo_wa/rest/services/2021/Cartographic_boundary_files/MapServer/9"},"community_display":"Calgary","is_unorganized":false,"panel_title":"Calgary","display_label":"Calgary","map_label":"48060813"},"geometry":{"type":"MultiPolygon","coordinates":[[[[-114.12853890030891,50.971586502045376],[-114.12988152761575,50.97014428311767],[-114.13118643384199,50.970698090152034],[-114.13186141689879,50.97014798845088],[-114.13240892963208,50.96958579143238],[-114.13358051965865,50.969992404234674],[-114.1330138297194,50.97063509288557],[-114.13382521805127,50.97133861197587],[-114.13471022575301,50.97246669029809],[-114.13346640953165,50.97276901196586],[-114.13385760341924,50.97358810747435],[-114.13250219606411,50.973851691707516],[-114.13123871506963,50.974009495160054],[-114.13091261775898,50.97329089117946],[-114.1304622221083,50.9727402003288],[-114.12964641640541,50.972108393486764],[-114.12853890030891,50.971586502045376]]]]}},{"type":"Feature","properties":{"DGUID":"2021S051248060814","DAUID":"48060814","LANDAREA":0.1947,"PRUID":"48","fed_num":"48008","da_code":"48060814","geo_name":"48060814","name_source":{"label":"Statistics Canada Census Profile 2021 DA WDS","url":"https://www12.statcan.gc.ca/wds-sdw/2021profile-profil2021-eng.cfm"},"population":365,"status":"ok","source":{"label":"Statistics Canada Census Profile 2021 DA WDS","url":"https://www12.statcan.gc.ca/wds-sdw/2021profile-profil2021-eng.cfm"},"community_name":"Calgary","community_source":{"label":"Statistics Canada 2021 census subdivision boundaries (spatial lookup)","url":"https://geo.statcan.gc.ca/geo_wa/rest/services/2021/Cartographic_boundary_files/MapServer/9"},"community_display":"Calgary","is_unorganized":false,"panel_title":"Calgary","display_label":"Calgary","map_label":"48060814"},"geometry":{"type":"MultiPolygon","coordinates":[[[[-114.12669384195102,50.96662988211098],[-114.12746750655937,50.966325090314356],[-114.12802891371308,50.966230995242164],[-114.13008033985643,50.966227482060475],[-114.1325874262367,50.966226083973474],[-114.13300413993919,50.96732469562342],[-114.13303441192511,50.9677571975719],[-114.13298203560102,50.96837659906976],[-114.1328734431352,50.968751699023755],[-114.13240892963208,50.96958579143238],[-114.13186141689879,50.97014798845088],[-114.13118643384199,50.970698090152034],[-114.12988152761575,50.97014428311767],[-114.12891780075225,50.96983278391394],[-114.12849550418711,50.96975048737879],[-114.12776360874234,50.9696064825584],[-114.1268446177242,50.96949399909755],[-114.12567822217206,50.9694651789398],[-114.12571343543571,50.96866559281997],[-114.125816806094,50.967912479582246],[-114.12622401344228,50.967085983926694],[-114.12625613117171,50.96703501830399],[-114.12631882741563,50.96693547947581],[-114.12669384195102,50.96662988211098]]]]}},{"type":"Feature","properties":{"DGUID":"2021S051248060815","DAUID":"48060815","LANDAREA":0.1873,"PRUID":"48","fed_num":"48008","da_code":"48060815","geo_name":"48060815","name_source":{"label":"Statistics Canada Census Profile 2021 DA WDS","url":"https://www12.statcan.gc.ca/wds-sdw/2021profile-profil2021-eng.cfm"},"population":451,"status":"ok","source":{"label":"Statistics Canada Census Profile 2021 DA WDS","url":"https://www12.statcan.gc.ca/wds-sdw/2021profile-profil2021-eng.cfm"},"community_name":"Calgary","community_source":{"label":"Statistics Canada 2021 census subdivision boundaries (spatial lookup)","url":"https://geo.statcan.gc.ca/geo_wa/rest/services/2021/Cartographic_boundary_files/MapServer/9"},"community_display":"Calgary","is_unorganized":false,"panel_title":"Calgary","display_label":"Calgary","map_label":"48060815"},"geometry":{"type":"MultiPolygon","coordinates":[[[[-114.12313293109904,50.97031098539682],[-114.12312881787703,50.96945639332264],[-114.12344232500192,50.96945508894979],[-114.12445330703741,50.96946208475489],[-114.12567822217206,50.9694651789398],[-114.1268446177242,50.96949399909755],[-114.12776360874234,50.9696064825584],[-114.12849550418711,50.96975048737879],[-114.12891780075225,50.96983278391394],[-114.12988152761575,50.97014428311767],[-114.12853890030891,50.971586502045376],[-114.12964641640541,50.972108393486764],[-114.1304622221083,50.9727402003288],[-114.13091261775898,50.97329089117946],[-114.13123871506963,50.974009495160054],[-114.13131650179841,50.97459609036129],[-114.1311556170622,50.97466409767084],[-114.1296468212372,50.97441109106205],[-114.12898872729693,50.97422409495497],[-114.12804409146506,50.97383199257868],[-114.12710730036245,50.97331429635413],[-114.12691589735147,50.97318359501809],[-114.12595341304072,50.97262018417889],[-114.1250948262896,50.9722212955469],[-114.12381282854669,50.97175799348143],[-114.1229288089703,50.97153830192165],[-114.12284740374861,50.971473291150794],[-114.12285201776514,50.97116758783964],[-114.12286652719905,50.97093409189755],[-114.12309932061264,50.97062499426173],[-114.12313293109904,50.97031098539682]]]]}},{"type":"Feature","properties":{"DGUID":"2021S051248060816","DAUID":"48060816","LANDAREA":0.1531,"PRUID":"48","fed_num":"48008","da_code":"48060816","geo_name":"48060816","name_source":{"label":"Statistics Canada Census Profile 2021 DA WDS","url":"https://www12.statcan.gc.ca/wds-sdw/2021profile-profil2021-eng.cfm"},"population":440,"status":"ok","source":{"label":"Statistics Canada Census Profile 2021 DA WDS","url":"https://www12.statcan.gc.ca/wds-sdw/2021profile-profil2021-eng.cfm"},"community_name":"Calgary","community_source":{"label":"Statistics Canada 2021 census subdivision boundaries (spatial lookup)","url":"https://geo.statcan.gc.ca/geo_wa/rest/services/2021/Cartographic_boundary_files/MapServer/9"},"community_display":"Calgary","is_unorganized":false,"panel_title":"Calgary","display_label":"Calgary","map_label":"48060816"},"geometry":{"type":"MultiPolygon","coordinates":[[[[-114.11784059190228,50.971115891635606],[-114.11787301352948,50.96944368003661],[-114.11807269431966,50.969439590695565],[-114.11961109505945,50.96944158465733],[-114.12076432866122,50.9694520827166],[-114.12243071202634,50.969457177856725],[-114.12312881787703,50.96945639332264],[-114.12313293109904,50.97031098539682],[-114.12309932061264,50.97062499426173],[-114.12286652719905,50.97093409189755],[-114.12285201776514,50.97116758783964],[-114.12284740374861,50.971473291150794],[-114.1229288089703,50.97153830192165],[-114.12381282854669,50.97175799348143],[-114.1250948262896,50.9722212955469],[-114.12595341304072,50.97262018417889],[-114.12691589735147,50.97318359501809],[-114.12580411038108,50.97388479855465],[-114.12565572856609,50.97398009553299],[-114.12472169943933,50.97341738436018],[-114.12351361721153,50.97291087720711],[-114.12288450937213,50.972715496497486],[-114.12201432060805,50.9725051902924],[-114.12133548712612,50.97239428705457],[-114.12104111572052,50.972346176223816],[-114.1200044090428,50.9722937004647],[-114.1184242887514,50.972272687868575],[-114.11806809462306,50.97227290024992],[-114.11788269584491,50.972277276302854],[-114.11789100114689,50.972142583815064],[-114.11788870863882,50.97171979884421],[-114.11784059190228,50.971115891635606]]]]}},{"type":"Feature","properties":{"DGUID":"2021S051248060817","DAUID":"48060817","LANDAREA":2.74,"PRUID":"48","fed_num":"48008","da_code":"48060817","geo_name":"48060817","name_source":{"label":"Statistics Canada Census Profile 2021 DA WDS","url":"https://www12.statcan.gc.ca/wds-sdw/2021profile-profil2021-eng.cfm"},"population":311,"status":"ok","source":{"label":"Statistics Canada Census Profile 2021 DA WDS","url":"https://www12.statcan.gc.ca/wds-sdw/2021profile-profil2021-eng.cfm"},"community_name":"Calgary","community_source":{"label":"Statistics Canada 2021 census subdivision boundaries (spatial lookup)","url":"https://geo.statcan.gc.ca/geo_wa/rest/services/2021/Cartographic_boundary_files/MapServer/9"},"community_display":"Calgary","is_unorganized":false,"panel_title":"Calgary","display_label":"Calgary","map_label":"48060817"},"geometry":{"type":"MultiPolygon","coordinates":[[[[-114.15735728194322,50.997978205455055],[-114.15232878718247,50.997194533759554],[-114.15062495849736,50.99692894841724],[-114.14494766183097,50.994845882838575],[-114.14223946959792,50.99393529516554],[-114.14110817017966,50.99397449387348],[-114.1411127371486,50.99393254163906],[-114.14099241861528,50.99356984329124],[-114.14044863976422,50.99314272563901],[-114.14028597506295,50.99306578398965],[-114.14027368183183,50.99304363732268],[-114.14044875589171,50.991995978713476],[-114.14048509404127,50.99184898627833],[-114.14055390352539,50.99157079254231],[-114.14062848663296,50.991269096775895],[-114.14152689122233,50.98954840009897],[-114.14152168745926,50.98908932666121],[-114.141511169596,50.98816096197192],[-114.14150574986861,50.98768213826484],[-114.1414960121731,50.986824268951906],[-114.14147528441045,50.98499560514301],[-114.1414750394005,50.98497090220415],[-114.14147167310381,50.984673353547976],[-114.14146962164492,50.984494121243515],[-114.14147281183759,50.983091275511875],[-114.14082560706485,50.98290526596801],[-114.13999650850916,50.982593686693185],[-114.13984962534721,50.98250865719382],[-114.13922522500248,50.981910474530245],[-114.13892190987717,50.98175187041299],[-114.13803722421332,50.98147956603106],[-114.1377300969711,50.98143546968508],[-114.13707030754611,50.98122345872653],[-114.13597911183614,50.981020062374135],[-114.13547562438043,50.98088167906197],[-114.1350873142845,50.9808249766772],[-114.1345239394164,50.98044237597372],[-114.13423292256427,50.9801865528604],[-114.13384192903439,50.979940774978004],[-114.13337712302064,50.97972847807019],[-114.13217172628303,50.979414672328495],[-114.13205893303397,50.97939886374361],[-114.13174520417125,50.979280158231234],[-114.13143680403893,50.97914147010599],[-114.13064111611189,50.97865265071375],[-114.13012670476199,50.97843106975786],[-114.12890352768581,50.97811125928069],[-114.1284246268425,50.978053357499554],[-114.12795702607005,50.977926950750096],[-114.12777100383364,50.977792772753496],[-114.12732190553612,50.9772454487039],[-114.12707780847788,50.97708475037738],[-114.12615891760548,50.97662006860602],[-114.12567010490983,50.97645035370452],[-114.12555490672047,50.97636856332978],[-114.1246670331104,50.9760589542132],[-114.12417541439625,50.97597505589706],[-114.12328669757967,50.9756940527804],[-114.12291728977934,50.97561465280617],[-114.12223259625537,50.975473864783076],[-114.12156951288489,50.97549934782883],[-114.12120808748449,50.97558905367095],[-114.12109521462038,50.975573144725075],[-114.12092620548306,50.97547354036133],[-114.12073130582719,50.97519895509474],[-114.12051269273299,50.975090042518005],[-114.12045600567431,50.975158064742445],[-114.120633910208,50.975398040945436],[-114.12063851191935,50.97552984653361],[-114.12052378564117,50.975571255259986],[-114.12030650765826,50.975556953825226],[-114.12016100019325,50.975566460573496],[-114.11980820897608,50.975673447388175],[-114.11947420042951,50.97575776652197],[-114.11899998625908,50.97583156021786],[-114.11869250754401,50.97593914678503],[-114.11859988553438,50.97599526002914],[-114.11893518492917,50.975064693490594],[-114.11855078430318,50.97437158674627],[-114.11810100736724,50.973353083252974],[-114.1180311920526,50.97309950208216],[-114.11793609271214,50.973025196089665],[-114.1179073020755,50.97279958730527],[-114.1178921896833,50.97258338452105],[-114.11788269584491,50.972277276302854],[-114.11806809462306,50.97227290024992],[-114.1184242887514,50.972272687868575],[-114.1200044090428,50.9722937004647],[-114.12104111572052,50.972346176223816],[-114.12133548712612,50.97239428705457],[-114.12201432060805,50.9725051902924],[-114.12288450937213,50.972715496497486],[-114.12351361721153,50.97291087720711],[-114.12472169943933,50.97341738436018],[-114.12565572856609,50.97398009553299],[-114.12580411038108,50.97388479855465],[-114.12691589735147,50.97318359501809],[-114.12710730036245,50.97331429635413],[-114.12804409146506,50.97383199257868],[-114.12898872729693,50.97422409495497],[-114.1296468212372,50.97441109106205],[-114.1311556170622,50.97466409767084],[-114.13131650179841,50.97459609036129],[-114.13123871506963,50.974009495160054],[-114.13250219606411,50.973851691707516],[-114.13385760341924,50.97358810747435],[-114.13346640953165,50.97276901196586],[-114.13471022575301,50.97246669029809],[-114.13593983204005,50.972164100367976],[-114.13633381032285,50.97293829762998],[-114.13522083278404,50.97319890970339],[-114.13511462168795,50.973304194662695],[-114.13533990177355,50.97427219527314],[-114.13535490860178,50.97472230492391],[-114.1352335017667,50.9755378028383],[-114.13532860068929,50.97561210197532],[-114.13658870652584,50.97574202001779],[-114.13628719309932,50.97647220126935],[-114.13606001124072,50.976691518044554],[-114.13592431473802,50.97681409323986],[-114.13611961114592,50.97688181823076],[-114.13836133680451,50.97801185713689],[-114.13912955130891,50.97836769688618],[-114.13946655529338,50.97848013475067],[-114.13972969711541,50.97859693331401],[-114.13994769795595,50.978774675791264],[-114.14023592621747,50.978936336478256],[-114.14070011914941,50.978972407747406],[-114.14075478656504,50.979716420606046],[-114.15284438898652,50.98456723604178],[-114.15643771256352,50.9848364823965],[-114.1631174317659,50.98533663140361],[-114.16426699163254,50.98542264709247],[-114.16436603186524,50.986756151750505],[-114.16404767798612,50.991886741094895],[-114.16388918872741,50.99227460123595],[-114.16383777002982,50.992423449992444],[-114.16384286532059,50.992424560455035],[-114.16468555342595,50.99281711760528],[-114.16499040935932,50.99316570657836],[-114.16519016712564,50.993510453485065],[-114.1651328505696,50.9939144990863],[-114.16495839647608,50.99424211456962],[-114.16506987563514,50.994747719165794],[-114.16517960378599,50.99497165977521],[-114.16499472786029,50.994964767587646],[-114.16459843247786,50.99491925955767],[-114.16456884361193,50.99492024775139],[-114.16412714955707,50.994934768828095],[-114.16330495050396,50.995094575463455],[-114.16248326078275,50.99547946787968],[-114.16189145310541,50.99583376093784],[-114.16151323552101,50.99619336458724],[-114.16141746678699,50.996361973752634],[-114.16114480295414,50.997527081227744],[-114.16071667866959,50.997770822467686],[-114.16028849372043,50.99802501453827],[-114.16028163611591,50.99802907562874],[-114.15735728194322,50.997978205455055]]]]}},{"type":"Feature","properties":{"DGUID":"2021S051248060818","DAUID":"48060818","LANDAREA":0.1309,"PRUID":"48","fed_num":"48008","da_code":"48060818","geo_name":"48060818","name_source":{"label":"Statistics Canada Census Profile 2021 DA WDS","url":"https://www12.statcan.gc.ca/wds-sdw/2021profile-profil2021-eng.cfm"},"population":350,"status":"ok","source":{"label":"Statistics Canada Census Profile 2021 DA WDS","url":"https://www12.statcan.gc.ca/wds-sdw/2021profile-profil2021-eng.cfm"},"community_name":"Calgary","community_source":{"label":"Statistics Canada 2021 census subdivision boundaries (spatial lookup)","url":"https://geo.statcan.gc.ca/geo_wa/rest/services/2021/Cartographic_boundary_files/MapServer/9"},"community_display":"Calgary","is_unorganized":false,"panel_title":"Calgary","display_label":"Calgary","map_label":"48060818"},"geometry":{"type":"MultiPolygon","coordinates":[[[[-114.1352335017667,50.9755378028383],[-114.13535490860178,50.97472230492391],[-114.13533990177355,50.97427219527314],[-114.13511462168795,50.973304194662695],[-114.13522083278404,50.97319890970339],[-114.13633381032285,50.97293829762998],[-114.13593983204005,50.972164100367976],[-114.13812483104392,50.971615014176976],[-114.13852541661642,50.97135501470168],[-114.13875873707008,50.971036891534496],[-114.13879782842488,50.97063310115583],[-114.1401371098237,50.97063000725745],[-114.14012801671969,50.97216790480433],[-114.14028081181145,50.972927218838954],[-114.14028921577338,50.97464541899798],[-114.14018351568781,50.97474169876399],[-114.13988140342059,50.974788310245884],[-114.13684591023079,50.97480380291698],[-114.13674023323004,50.974900209488816],[-114.13658870652584,50.97574202001779],[-114.13532860068929,50.97561210197532],[-114.1352335017667,50.9755378028383]]]]}},{"type":"Feature","properties":{"DGUID":"2021S051248060832","DAUID":"48060832","LANDAREA":0.1974,"PRUID":"48","fed_num":"48008","da_code":"48060832","geo_name":"48060832","name_source":{"label":"Statistics Canada Census Profile 2021 DA WDS","url":"https://www12.statcan.gc.ca/wds-sdw/2021profile-profil2021-eng.cfm"},"population":386,"status":"ok","source":{"label":"Statistics Canada Census Profile 2021 DA WDS","url":"https://www12.statcan.gc.ca/wds-sdw/2021profile-profil2021-eng.cfm"},"community_name":"Calgary","community_source":{"label":"Statistics Canada 2021 census subdivision boundaries (spatial lookup)","url":"https://geo.statcan.gc.ca/geo_wa/rest/services/2021/Cartographic_boundary_files/MapServer/9"},"community_display":"Calgary","is_unorganized":false,"panel_title":"Calgary","display_label":"Calgary","map_label":"48060832"},"geometry":{"type":"MultiPolygon","coordinates":[[[[-114.11462719347936,50.96136697334066],[-114.11400031514064,50.961369468440395],[-114.11211981954182,50.96137687057541],[-114.11200601637864,50.96137406242418],[-114.1113081031169,50.961374784999805],[-114.109556596172,50.96136738059124],[-114.10941379835862,50.96137287173835],[-114.10940742695773,50.96124677486825],[-114.10943869724775,50.96074388195927],[-114.10974820579986,50.96034676345687],[-114.11039948366688,50.959949067052506],[-114.11115491280594,50.95948208107045],[-114.11202901163395,50.9589370608092],[-114.1136719974561,50.96000306419762],[-114.11392099506408,50.96035106648698],[-114.11397040814077,50.960703083599036],[-114.11423950551894,50.960727772414295],[-114.11677529639378,50.96071848013298],[-114.11707681961988,50.960680868876395],[-114.11708229422538,50.95898097942294],[-114.11701571482976,50.95890738214435],[-114.11624943159377,50.958861480386304],[-114.1157749275798,50.95870586452051],[-114.11587740153755,50.958429570387416],[-114.11583781641565,50.95814977068574],[-114.11556029425267,50.95780107841606],[-114.11523182044823,50.95758607523849],[-114.11468312463869,50.95724867250464],[-114.11439560171245,50.9570616809801],[-114.11414270040491,50.956776566461535],[-114.11405810977207,50.9565315895003],[-114.11406305332824,50.95590041627843],[-114.11492346592433,50.95592675463919],[-114.11502134411589,50.95592752548882],[-114.11514257767628,50.95588442245564],[-114.11517334202384,50.95576959316912],[-114.11514886028978,50.95503632730202],[-114.11511270634715,50.954136418372954],[-114.11541763549204,50.954127589302075],[-114.11660004073234,50.95412087822561],[-114.11787811140852,50.95417939342672],[-114.11788102717853,50.95620339050577],[-114.11788821428027,50.95769667520548],[-114.117882930438,50.96077277657641],[-114.11788301610143,50.96123157477995],[-114.11787411606423,50.96137526623095],[-114.11710503839832,50.9613742798745],[-114.11462719347936,50.96136697334066]]]]}},{"type":"Feature","properties":{"DGUID":"2021S051248060833","DAUID":"48060833","LANDAREA":0.1634,"PRUID":"48","fed_num":"48008","da_code":"48060833","geo_name":"48060833","name_source":{"label":"Statistics Canada Census Profile 2021 DA WDS","url":"https://www12.statcan.gc.ca/wds-sdw/2021profile-profil2021-eng.cfm"},"population":397,"status":"ok","source":{"label":"Statistics Canada Census Profile 2021 DA WDS","url":"https://www12.statcan.gc.ca/wds-sdw/2021profile-profil2021-eng.cfm"},"community_name":"Calgary","community_source":{"label":"Statistics Canada 2021 census subdivision boundaries (spatial lookup)","url":"https://geo.statcan.gc.ca/geo_wa/rest/services/2021/Cartographic_boundary_files/MapServer/9"},"community_display":"Calgary","is_unorganized":false,"panel_title":"Calgary","display_label":"Calgary","map_label":"48060833"},"geometry":{"type":"MultiPolygon","coordinates":[[[[-114.11033981288492,50.956781373659396],[-114.10943759873862,50.95617436002871],[-114.11028494033785,50.95560167504846],[-114.11105113115711,50.95610636479705],[-114.1119120277936,50.95554306629483],[-114.11233613464057,50.955364665729],[-114.11283663775156,50.95533207600697],[-114.11284993989176,50.9541990816554],[-114.11407660183177,50.95416637289594],[-114.11406305332824,50.95590041627843],[-114.11405810977207,50.9565315895003],[-114.11414270040491,50.956776566461535],[-114.11439560171245,50.9570616809801],[-114.11468312463869,50.95724867250464],[-114.11523182044823,50.95758607523849],[-114.11556029425267,50.95780107841606],[-114.11583781641565,50.95814977068574],[-114.11587740153755,50.958429570387416],[-114.1157749275798,50.95870586452051],[-114.11624943159377,50.958861480386304],[-114.11701571482976,50.95890738214435],[-114.11708229422538,50.95898097942294],[-114.11707681961988,50.960680868876395],[-114.11677529639378,50.96071848013298],[-114.11423950551894,50.960727772414295],[-114.11397040814077,50.960703083599036],[-114.11392099506408,50.96035106648698],[-114.1136719974561,50.96000306419762],[-114.11202901163395,50.9589370608092],[-114.11287580927336,50.95837326156292],[-114.11123180508734,50.95732518310762],[-114.11033981288492,50.956781373659396]]]]}},{"type":"Feature","properties":{"DGUID":"2021S051248060834","DAUID":"48060834","LANDAREA":0.4162,"PRUID":"48","fed_num":"48008","da_code":"48060834","geo_name":"48060834","name_source":{"label":"Statistics Canada Census Profile 2021 DA WDS","url":"https://www12.statcan.gc.ca/wds-sdw/2021profile-profil2021-eng.cfm"},"population":529,"status":"ok","source":{"label":"Statistics Canada Census Profile 2021 DA WDS","url":"https://www12.statcan.gc.ca/wds-sdw/2021profile-profil2021-eng.cfm"},"community_name":"Calgary","community_source":{"label":"Statistics Canada 2021 census subdivision boundaries (spatial lookup)","url":"https://geo.statcan.gc.ca/geo_wa/rest/services/2021/Cartographic_boundary_files/MapServer/9"},"community_display":"Calgary","is_unorganized":false,"panel_title":"Calgary","display_label":"Calgary","map_label":"48060834"},"geometry":{"type":"MultiPolygon","coordinates":[[[[-114.0950740131614,50.96994136763872],[-114.09513014479712,50.96690128463805],[-114.09516473800267,50.965026570687236],[-114.09519819732878,50.963214652859875],[-114.09515581078367,50.96161256410343],[-114.09534181387383,50.96159916002666],[-114.09679959065592,50.96151845119669],[-114.0989094115585,50.96148996347964],[-114.10278420858312,50.96147835499256],[-114.10341109828457,50.96147587235846],[-114.10341610485801,50.96185376550424],[-114.10333571689439,50.96222956885087],[-114.10322499261054,50.96240676788012],[-114.10302551593259,50.96263564996649],[-114.10236509952237,50.96317695388922],[-114.10230039742227,50.9633012652197],[-114.10202959434035,50.96376225691079],[-114.1019923071125,50.96458887187816],[-114.10206029454099,50.96486947565514],[-114.10223070196459,50.965107559341284],[-114.10246988903664,50.96538336161904],[-114.10279729650122,50.965616360428186],[-114.10374621589752,50.96616156786463],[-114.10342518310188,50.96651336932591],[-114.10338791208875,50.96688117756389],[-114.10193389878094,50.9668991812485],[-114.09928457786881,50.96689625670425],[-114.09562258168219,50.96691315318693],[-114.09561450077764,50.96795636332748],[-114.09572599454938,50.96913747560163],[-114.09584649066029,50.97039975304811],[-114.0984962086997,50.97040267618193],[-114.10044760147288,50.97040626302282],[-114.10045119232518,50.97217836192765],[-114.10044327606457,50.972304084177246],[-114.09817828894572,50.97230177227945],[-114.09745167770393,50.97230166296134],[-114.09625518273228,50.972298879711786],[-114.09525947485203,50.97227405649949],[-114.09503686566028,50.97218755913303],[-114.09504266961397,50.97163907004962],[-114.09504970571545,50.971258852047704],[-114.0950667267049,50.97033535284871],[-114.0950740131614,50.96994136763872]]]]}},{"type":"Feature","properties":{"DGUID":"2021S051248060836","DAUID":"48060836","LANDAREA":0.1106,"PRUID":"48","fed_num":"48008","da_code":"48060836","geo_name":"48060836","name_source":{"label":"Statistics Canada Census Profile 2021 DA WDS","url":"https://www12.statcan.gc.ca/wds-sdw/2021profile-profil2021-eng.cfm"},"population":493,"status":"ok","source":{"label":"Statistics Canada Census Profile 2021 DA WDS","url":"https://www12.statcan.gc.ca/wds-sdw/2021profile-profil2021-eng.cfm"},"community_name":"Calgary","community_source":{"label":"Statistics Canada 2021 census subdivision boundaries (spatial lookup)","url":"https://geo.statcan.gc.ca/geo_wa/rest/services/2021/Cartographic_boundary_files/MapServer/9"},"community_display":"Calgary","is_unorganized":false,"panel_title":"Calgary","display_label":"Calgary","map_label":"48060836"},"geometry":{"type":"MultiPolygon","coordinates":[[[[-114.10045119232518,50.97217836192765],[-114.10044760147288,50.97040626302282],[-114.102841669705,50.97039376355649],[-114.10380937281772,50.97040867558744],[-114.10425490749066,50.97034788165715],[-114.10430990001261,50.970151461311964],[-114.10426319731417,50.969070773772266],[-114.10558120431179,50.96895058204032],[-114.10636520522121,50.968942967049095],[-114.10636509470453,50.969860483354346],[-114.1063438023726,50.97138296010355],[-114.10634380100781,50.97156887180807],[-114.10635020375366,50.97216277205226],[-114.10634230969582,50.97228857652952],[-114.1044471115007,50.97229557909777],[-114.1022384035832,50.9723036704471],[-114.10044327606457,50.972304084177246],[-114.10045119232518,50.97217836192765]]]]}},{"type":"Feature","properties":{"DGUID":"2021S051248061315","DAUID":"48061315","LANDAREA":0.1384,"PRUID":"48","fed_num":"48008","da_code":"48061315","geo_name":"48061315","name_source":{"label":"Statistics Canada Census Profile 2021 DA WDS","url":"https://www12.statcan.gc.ca/wds-sdw/2021profile-profil2021-eng.cfm"},"population":383,"status":"ok","source":{"label":"Statistics Canada Census Profile 2021 DA WDS","url":"https://www12.statcan.gc.ca/wds-sdw/2021profile-profil2021-eng.cfm"},"community_name":"Calgary","community_source":{"label":"Statistics Canada 2021 census subdivision boundaries (spatial lookup)","url":"https://geo.statcan.gc.ca/geo_wa/rest/services/2021/Cartographic_boundary_files/MapServer/9"},"community_display":"Calgary","is_unorganized":false,"panel_title":"Calgary","display_label":"Calgary","map_label":"48061315"},"geometry":{"type":"MultiPolygon","coordinates":[[[[-114.07594461908823,50.935488006211514],[-114.07584685388528,50.935458500974676],[-114.07576511431769,50.93585229548769],[-114.07580913472518,50.93628509335612],[-114.074214427064,50.93629008976201],[-114.0731894153343,50.93629140801427],[-114.07199381472762,50.93628840775265],[-114.0707982142996,50.936285393291556],[-114.07085981533143,50.9355313134414],[-114.07093561854029,50.9345528020424],[-114.07057432881881,50.93373420113715],[-114.07069632808779,50.933377406530894],[-114.07084583240758,50.93326429654862],[-114.0711522159673,50.93314601215512],[-114.07153814544878,50.93311969545602],[-114.07161162846927,50.933141245545286],[-114.0725445273153,50.93341481599232],[-114.07296473780467,50.933524291869944],[-114.07366962279724,50.93363189122661],[-114.07484022543274,50.93380520888411],[-114.07530534088188,50.93387979387863],[-114.07592233159518,50.934255089112426],[-114.07624412764162,50.93434409175421],[-114.07652723056302,50.93436918905293],[-114.07704904426247,50.934220395293906],[-114.07743565207467,50.934185093095216],[-114.07819353236515,50.93435699712185],[-114.0788446342042,50.9346430931043],[-114.07922733959533,50.93489559302355],[-114.07957945032273,50.935183210004745],[-114.07981615155606,50.93549498852036],[-114.07839264031729,50.93549529399409],[-114.07708394279305,50.935480504796764],[-114.07594461908823,50.935488006211514]]]]}},{"type":"Feature","properties":{"DGUID":"2021S051248061316","DAUID":"48061316","LANDAREA":0.0962,"PRUID":"48","fed_num":"48008","da_code":"48061316","geo_name":"48061316","name_source":{"label":"Statistics Canada Census Profile 2021 DA WDS","url":"https://www12.statcan.gc.ca/wds-sdw/2021profile-profil2021-eng.cfm"},"population":283,"status":"ok","source":{"label":"Statistics Canada Census Profile 2021 DA WDS","url":"https://www12.statcan.gc.ca/wds-sdw/2021profile-profil2021-eng.cfm"},"community_name":"Calgary","community_source":{"label":"Statistics Canada 2021 census subdivision boundaries (spatial lookup)","url":"https://geo.statcan.gc.ca/geo_wa/rest/services/2021/Cartographic_boundary_files/MapServer/9"},"community_display":"Calgary","is_unorganized":false,"panel_title":"Calgary","display_label":"Calgary","map_label":"48061316"},"geometry":{"type":"MultiPolygon","coordinates":[[[[-114.07095681307166,50.938969906054766],[-114.07079772567398,50.93787750086627],[-114.0707982142996,50.936285393291556],[-114.07199381472762,50.93628840775265],[-114.0731894153343,50.93629140801427],[-114.074214427064,50.93629008976201],[-114.07580913472518,50.93628509335612],[-114.07582084488291,50.93678021257332],[-114.07589833537062,50.93713289040003],[-114.07625513056108,50.93779850946969],[-114.07552924322093,50.93802319324969],[-114.07536661169753,50.93811799774798],[-114.07502052808348,50.93841520587887],[-114.07470692996328,50.938875107043636],[-114.07363402532414,50.93873119257207],[-114.07344761494504,50.9387535080094],[-114.07226050937548,50.93884069657733],[-114.07095681307166,50.938969906054766]]]]}},{"type":"Feature","properties":{"DGUID":"2021S051248061317","DAUID":"48061317","LANDAREA":0.0758,"PRUID":"48","fed_num":"48008","da_code":"48061317","geo_name":"48061317","name_source":{"label":"Statistics Canada Census Profile 2021 DA WDS","url":"https://www12.statcan.gc.ca/wds-sdw/2021profile-profil2021-eng.cfm"},"population":515,"status":"ok","source":{"label":"Statistics Canada Census Profile 2021 DA WDS","url":"https://www12.statcan.gc.ca/wds-sdw/2021profile-profil2021-eng.cfm"},"community_name":"Calgary","community_source":{"label":"Statistics Canada 2021 census subdivision boundaries (spatial lookup)","url":"https://geo.statcan.gc.ca/geo_wa/rest/services/2021/Cartographic_boundary_files/MapServer/9"},"community_display":"Calgary","is_unorganized":false,"panel_title":"Calgary","display_label":"Calgary","map_label":"48061317"},"geometry":{"type":"MultiPolygon","coordinates":[[[[-114.07702022689082,50.937628797606486],[-114.07676102067693,50.93767620871757],[-114.07625513056108,50.93779850946969],[-114.07589833537062,50.93713289040003],[-114.07582084488291,50.93678021257332],[-114.07580913472518,50.93628509335612],[-114.07576511431769,50.93585229548769],[-114.07584685388528,50.935458500974676],[-114.07594461908823,50.935488006211514],[-114.07708394279305,50.935480504796764],[-114.07839264031729,50.93549529399409],[-114.07981615155606,50.93549498852036],[-114.07957945032273,50.935183210004745],[-114.07922733959533,50.93489559302355],[-114.0788446342042,50.9346430931043],[-114.07819353236515,50.93435699712185],[-114.07743565207467,50.934185093095216],[-114.07704904426247,50.934220395293906],[-114.07652723056302,50.93436918905293],[-114.07624412764162,50.93434409175421],[-114.07644515167755,50.93386339644505],[-114.07748895013619,50.93401548951477],[-114.07796603643833,50.93412639725148],[-114.07906342838149,50.93455869858178],[-114.0796902320005,50.9350061013367],[-114.08005084108963,50.93538389464052],[-114.08059625872698,50.93645000452369],[-114.0808102280822,50.93689609085573],[-114.08034924028463,50.93698350295291],[-114.07919633495897,50.93720649912092],[-114.07844601939472,50.93736760039734],[-114.07824423831025,50.937407611920996],[-114.07702022689082,50.937628797606486]]]]}},{"type":"Feature","properties":{"DGUID":"2021S051248061318","DAUID":"48061318","LANDAREA":0.2141,"PRUID":"48","fed_num":"48008","da_code":"48061318","geo_name":"48061318","name_source":{"label":"Statistics Canada Census Profile 2021 DA WDS","url":"https://www12.statcan.gc.ca/wds-sdw/2021profile-profil2021-eng.cfm"},"population":518,"status":"ok","source":{"label":"Statistics Canada Census Profile 2021 DA WDS","url":"https://www12.statcan.gc.ca/wds-sdw/2021profile-profil2021-eng.cfm"},"community_name":"Calgary","community_source":{"label":"Statistics Canada 2021 census subdivision boundaries (spatial lookup)","url":"https://geo.statcan.gc.ca/geo_wa/rest/services/2021/Cartographic_boundary_files/MapServer/9"},"community_display":"Calgary","is_unorganized":false,"panel_title":"Calgary","display_label":"Calgary","map_label":"48061318"},"geometry":{"type":"MultiPolygon","coordinates":[[[[-114.07625513056108,50.93779850946969],[-114.07676102067693,50.93767620871757],[-114.07702022689082,50.937628797606486],[-114.07824423831025,50.937407611920996],[-114.07844601939472,50.93736760039734],[-114.07919633495897,50.93720649912092],[-114.07947585393289,50.9377441992605],[-114.08026332301293,50.9378988111405],[-114.0811635185681,50.938074303268394],[-114.08155154429198,50.93847079059186],[-114.08254002848012,50.939053214222525],[-114.08263226170968,50.93917240808239],[-114.08262004959559,50.940503400528506],[-114.0826099379546,50.94157350197532],[-114.08163421642527,50.9414682051481],[-114.08097975505085,50.94146080961487],[-114.07966861692697,50.94148199839812],[-114.07834601214748,50.94145780044138],[-114.07703493920945,50.94147899468801],[-114.07546961895883,50.941466715891536],[-114.07517690916424,50.94068581332136],[-114.074681141772,50.939513099413794],[-114.07464123794128,50.939242197454426],[-114.07470692996328,50.938875107043636],[-114.07502052808348,50.93841520587887],[-114.07536661169753,50.93811799774798],[-114.07552924322093,50.93802319324969],[-114.07625513056108,50.93779850946969]]]]}},{"type":"Feature","properties":{"DGUID":"2021S051248061319","DAUID":"48061319","LANDAREA":0.1191,"PRUID":"48","fed_num":"48008","da_code":"48061319","geo_name":"48061319","name_source":{"label":"Statistics Canada Census Profile 2021 DA WDS","url":"https://www12.statcan.gc.ca/wds-sdw/2021profile-profil2021-eng.cfm"},"population":322,"status":"ok","source":{"label":"Statistics Canada Census Profile 2021 DA WDS","url":"https://www12.statcan.gc.ca/wds-sdw/2021profile-profil2021-eng.cfm"},"community_name":"Calgary","community_source":{"label":"Statistics Canada 2021 census subdivision boundaries (spatial lookup)","url":"https://geo.statcan.gc.ca/geo_wa/rest/services/2021/Cartographic_boundary_files/MapServer/9"},"community_display":"Calgary","is_unorganized":false,"panel_title":"Calgary","display_label":"Calgary","map_label":"48061319"},"geometry":{"type":"MultiPolygon","coordinates":[[[[-114.07172831220288,50.94277611899043],[-114.07156372417718,50.941998397043136],[-114.07139790305446,50.9412387165542],[-114.07124001953545,50.94035320967506],[-114.07095681307166,50.938969906054766],[-114.07226050937548,50.93884069657733],[-114.07344761494504,50.9387535080094],[-114.07363402532414,50.93873119257207],[-114.07470692996328,50.938875107043636],[-114.07464123794128,50.939242197454426],[-114.074681141772,50.939513099413794],[-114.07517690916424,50.94068581332136],[-114.07546961895883,50.941466715891536],[-114.0756234358605,50.941965297879555],[-114.07561469788499,50.94278369815762],[-114.07417670485388,50.94278360947931],[-114.07172831220288,50.94277611899043]]]]}},{"type":"Feature","properties":{"DGUID":"2021S051248061320","DAUID":"48061320","LANDAREA":0.1865,"PRUID":"48","fed_num":"48008","da_code":"48061320","geo_name":"48061320","name_source":{"label":"Statistics Canada Census Profile 2021 DA WDS","url":"https://www12.statcan.gc.ca/wds-sdw/2021profile-profil2021-eng.cfm"},"population":546,"status":"ok","source":{"label":"Statistics Canada Census Profile 2021 DA WDS","url":"https://www12.statcan.gc.ca/wds-sdw/2021profile-profil2021-eng.cfm"},"community_name":"Calgary","community_source":{"label":"Statistics Canada 2021 census subdivision boundaries (spatial lookup)","url":"https://geo.statcan.gc.ca/geo_wa/rest/services/2021/Cartographic_boundary_files/MapServer/9"},"community_display":"Calgary","is_unorganized":false,"panel_title":"Calgary","display_label":"Calgary","map_label":"48061320"},"geometry":{"type":"MultiPolygon","coordinates":[[[[-114.0756234358605,50.941965297879555],[-114.07546961895883,50.941466715891536],[-114.07703493920945,50.94147899468801],[-114.07834601214748,50.94145780044138],[-114.07966861692697,50.94148199839812],[-114.08097975505085,50.94146080961487],[-114.08097653376697,50.94355660055635],[-114.08099380592438,50.944870302152914],[-114.08127184110953,50.945659811736014],[-114.07991910310224,50.94566191379712],[-114.07862552040227,50.945854396702025],[-114.07736041450347,50.94604760464309],[-114.07597991139903,50.94626491373164],[-114.07567189849811,50.94550160303976],[-114.07562558994125,50.945104605757194],[-114.07560939256072,50.94354810142803],[-114.07561469788499,50.94278369815762],[-114.0756234358605,50.941965297879555]]]]}},{"type":"Feature","properties":{"DGUID":"2021S051248061321","DAUID":"48061321","LANDAREA":0.1903,"PRUID":"48","fed_num":"48008","da_code":"48061321","geo_name":"48061321","name_source":{"label":"Statistics Canada Census Profile 2021 DA WDS","url":"https://www12.statcan.gc.ca/wds-sdw/2021profile-profil2021-eng.cfm"},"population":735,"status":"ok","source":{"label":"Statistics Canada Census Profile 2021 DA WDS","url":"https://www12.statcan.gc.ca/wds-sdw/2021profile-profil2021-eng.cfm"},"community_name":"Calgary","community_source":{"label":"Statistics Canada 2021 census subdivision boundaries (spatial lookup)","url":"https://geo.statcan.gc.ca/geo_wa/rest/services/2021/Cartographic_boundary_files/MapServer/9"},"community_display":"Calgary","is_unorganized":false,"panel_title":"Calgary","display_label":"Calgary","map_label":"48061321"},"geometry":{"type":"MultiPolygon","coordinates":[[[[-114.07898832450788,50.94869692156206],[-114.07756430524924,50.948697223690715],[-114.077559116801,50.949461706041774],[-114.07677601853024,50.94946011101719],[-114.07628119327231,50.94940272493918],[-114.0755590041304,50.94933962722579],[-114.07498278394726,50.9492172170226],[-114.07406201570197,50.94891531305763],[-114.07380601199573,50.94868402292542],[-114.07357032074218,50.94812940898269],[-114.07337960819227,50.94776482180087],[-114.07327599485679,50.94737541563786],[-114.07286449489361,50.946672513332125],[-114.07259411401053,50.94599111354414],[-114.07226331194558,50.94513731207311],[-114.07204461459445,50.94431320001958],[-114.07183608937038,50.94355240273341],[-114.07560939256072,50.94354810142803],[-114.07562558994125,50.945104605757194],[-114.07567189849811,50.94550160303976],[-114.07597991139903,50.94626491373164],[-114.0762242003741,50.9469096251984],[-114.07656219676007,50.947421822951654],[-114.0770701918545,50.94772240607613],[-114.0775468202112,50.94784229996555],[-114.07790051009309,50.94787810262095],[-114.0789969215514,50.94787860435576],[-114.08036402156065,50.947876806942006],[-114.08033811239197,50.95010690596758],[-114.0798092249894,50.950138715336664],[-114.07901872537043,50.95002891758097],[-114.07898832450788,50.94869692156206]]]]}},{"type":"Feature","properties":{"DGUID":"2021S051248061322","DAUID":"48061322","LANDAREA":0.1321,"PRUID":"48","fed_num":"48008","da_code":"48061322","geo_name":"48061322","name_source":{"label":"Statistics Canada Census Profile 2021 DA WDS","url":"https://www12.statcan.gc.ca/wds-sdw/2021profile-profil2021-eng.cfm"},"population":218,"status":"ok","source":{"label":"Statistics Canada Census Profile 2021 DA WDS","url":"https://www12.statcan.gc.ca/wds-sdw/2021profile-profil2021-eng.cfm"},"community_name":"Calgary","community_source":{"label":"Statistics Canada 2021 census subdivision boundaries (spatial lookup)","url":"https://geo.statcan.gc.ca/geo_wa/rest/services/2021/Cartographic_boundary_files/MapServer/9"},"community_display":"Calgary","is_unorganized":false,"panel_title":"Calgary","display_label":"Calgary","map_label":"48061322"},"geometry":{"type":"MultiPolygon","coordinates":[[[[-114.0762242003741,50.9469096251984],[-114.07597991139903,50.94626491373164],[-114.07736041450347,50.94604760464309],[-114.07862552040227,50.945854396702025],[-114.07991910310224,50.94566191379712],[-114.08127184110953,50.945659811736014],[-114.08347703554638,50.94568791575792],[-114.08481352088246,50.94594621030676],[-114.08449171165799,50.94676570787564],[-114.08447942113109,50.94787180357776],[-114.08246863837276,50.94787282253437],[-114.08165992999804,50.94787320078875],[-114.08036402156065,50.947876806942006],[-114.0789969215514,50.94787860435576],[-114.07790051009309,50.94787810262095],[-114.0775468202112,50.94784229996555],[-114.0770701918545,50.94772240607613],[-114.07656219676007,50.947421822951654],[-114.0762242003741,50.9469096251984]]]]}},{"type":"Feature","properties":{"DGUID":"2021S051248061323","DAUID":"48061323","LANDAREA":0.3371,"PRUID":"48","fed_num":"48008","da_code":"48061323","geo_name":"48061323","name_source":{"label":"Statistics Canada Census Profile 2021 DA WDS","url":"https://www12.statcan.gc.ca/wds-sdw/2021profile-profil2021-eng.cfm"},"population":980,"status":"ok","source":{"label":"Statistics Canada Census Profile 2021 DA WDS","url":"https://www12.statcan.gc.ca/wds-sdw/2021profile-profil2021-eng.cfm"},"community_name":"Calgary","community_source":{"label":"Statistics Canada 2021 census subdivision boundaries (spatial lookup)","url":"https://geo.statcan.gc.ca/geo_wa/rest/services/2021/Cartographic_boundary_files/MapServer/9"},"community_display":"Calgary","is_unorganized":false,"panel_title":"Calgary","display_label":"Calgary","map_label":"48061323"},"geometry":{"type":"MultiPolygon","coordinates":[[[[-114.0816754248351,50.950581129298456],[-114.07559597697296,50.95056391555637],[-114.07408728438656,50.95055301574049],[-114.07353500798601,50.95055141000739],[-114.0732602759621,50.95055017254385],[-114.07318241646719,50.95037461567076],[-114.07317813588882,50.95036491946934],[-114.07310413725945,50.95019802689862],[-114.07277691513923,50.94935882417567],[-114.07277631605051,50.94935725526541],[-114.07158965000303,50.94631351893464],[-114.07144465176583,50.94595350852078],[-114.0711254203047,50.94510431531564],[-114.07103132682104,50.944800123697796],[-114.07090632994415,50.944342395902915],[-114.0708389075546,50.944029815216346],[-114.07075445396256,50.943638215221675],[-114.0705636248921,50.94269429700092],[-114.07054355792691,50.9425951109823],[-114.07030594505933,50.94141229689611],[-114.07001035547326,50.9399086069277],[-114.06985193524098,50.93914310742441],[-114.06968315888486,50.938090094355886],[-114.06963552844411,50.937423207129804],[-114.06963996716937,50.9368892125757],[-114.06966103948686,50.93650509477083],[-114.06969734872865,50.93584629406519],[-114.06979764851206,50.934583793134955],[-114.0698388577225,50.93429498989495],[-114.06989674179826,50.93402379363781],[-114.0699669734827,50.93374590391939],[-114.07005164733165,50.93348340949383],[-114.07020596339308,50.933147699654235],[-114.07035087032654,50.932876195141134],[-114.0704938654573,50.932625195755655],[-114.07059388293713,50.93243434231573],[-114.07073304715152,50.93249831241194],[-114.07188663138037,50.93301151436546],[-114.07259674668441,50.933263194544075],[-114.07344042700745,50.933428297082294],[-114.07644515167755,50.93386339644505],[-114.07624412764162,50.93434409175421],[-114.07592233159518,50.934255089112426],[-114.07530534088188,50.93387979387863],[-114.07484022543274,50.93380520888411],[-114.07366962279724,50.93363189122661],[-114.07296473780467,50.933524291869944],[-114.0725445273153,50.93341481599232],[-114.07161162846927,50.933141245545286],[-114.07153814544878,50.93311969545602],[-114.0711522159673,50.93314601215512],[-114.07084583240758,50.93326429654862],[-114.07069632808779,50.933377406530894],[-114.07057432881881,50.93373420113715],[-114.07093561854029,50.9345528020424],[-114.07085981533143,50.9355313134414],[-114.0707982142996,50.936285393291556],[-114.07079772567398,50.93787750086627],[-114.07095681307166,50.938969906054766],[-114.07124001953545,50.94035320967506],[-114.07139790305446,50.9412387165542],[-114.07156372417718,50.941998397043136],[-114.07172831220288,50.94277611899043],[-114.07417670485388,50.94278360947931],[-114.07561469788499,50.94278369815762],[-114.07560939256072,50.94354810142803],[-114.07183608937038,50.94355240273341],[-114.07204461459445,50.94431320001958],[-114.07226331194558,50.94513731207311],[-114.07259411401053,50.94599111354414],[-114.07286449489361,50.946672513332125],[-114.07327599485679,50.94737541563786],[-114.07337960819227,50.94776482180087],[-114.07357032074218,50.94812940898269],[-114.07380601199573,50.94868402292542],[-114.07406201570197,50.94891531305763],[-114.07498278394726,50.9492172170226],[-114.0755590041304,50.94933962722579],[-114.07628119327231,50.94940272493918],[-114.07677601853024,50.94946011101719],[-114.077559116801,50.949461706041774],[-114.07756430524924,50.948697223690715],[-114.07898832450788,50.94869692156206],[-114.07901872537043,50.95002891758097],[-114.0798092249894,50.950138715336664],[-114.08033811239197,50.95010690596758],[-114.08036402156065,50.947876806942006],[-114.08165992999804,50.94787320078875],[-114.08246863837276,50.94787282253437],[-114.08447942113109,50.94787180357776],[-114.08446223692202,50.94928352577515],[-114.08445782620166,50.94958031095445],[-114.08446750810144,50.95033611983199],[-114.08446894840878,50.950459696287865],[-114.0844697097104,50.95052881153844],[-114.08446540081829,50.95059691856056],[-114.08271492522425,50.95058011004903],[-114.0816754248351,50.950581129298456]]]]}},{"type":"Feature","properties":{"DGUID":"2021S051248061324","DAUID":"48061324","LANDAREA":0.384,"PRUID":"48","fed_num":"48008","da_code":"48061324","geo_name":"48061324","name_source":{"label":"Statistics Canada Census Profile 2021 DA WDS","url":"https://www12.statcan.gc.ca/wds-sdw/2021profile-profil2021-eng.cfm"},"population":460,"status":"ok","source":{"label":"Statistics Canada Census Profile 2021 DA WDS","url":"https://www12.statcan.gc.ca/wds-sdw/2021profile-profil2021-eng.cfm"},"community_name":"Calgary","community_source":{"label":"Statistics Canada 2021 census subdivision boundaries (spatial lookup)","url":"https://geo.statcan.gc.ca/geo_wa/rest/services/2021/Cartographic_boundary_files/MapServer/9"},"community_display":"Calgary","is_unorganized":false,"panel_title":"Calgary","display_label":"Calgary","map_label":"48061324"},"geometry":{"type":"MultiPolygon","coordinates":[[[[-114.08446750810144,50.95033611983199],[-114.08445782620166,50.94958031095445],[-114.08446223692202,50.94928352577515],[-114.08447942113109,50.94787180357776],[-114.08466423205789,50.94787640883483],[-114.08613191260305,50.94785912616567],[-114.08748470833032,50.947856917992425],[-114.08805401225456,50.94786211855877],[-114.08868703393973,50.94798581190131],[-114.08919263990725,50.948097422069864],[-114.09154183209186,50.94810201620061],[-114.0927667493148,50.94809652288841],[-114.09276871076449,50.94715211896117],[-114.09277204638356,50.946414619853094],[-114.0927385365711,50.945811113187986],[-114.09277214247038,50.9452722148787],[-114.0927564276888,50.94415649633062],[-114.09273764057458,50.943544292063535],[-114.08951992635664,50.94354509911353],[-114.0895754496784,50.94265598257142],[-114.09089693836403,50.94269789096182],[-114.09284774394004,50.94269258591555],[-114.09350265781691,50.942465997138534],[-114.0937524537433,50.94211240582614],[-114.093547360994,50.94106389108476],[-114.09344265246084,50.94091739794493],[-114.0931149705522,50.940693291357036],[-114.09256786010644,50.94056278461068],[-114.09228295750346,50.940564698707306],[-114.08861002958099,50.940562995616474],[-114.0865629482267,50.94028709861521],[-114.08644581976897,50.94033808855186],[-114.08641235567522,50.94041818984205],[-114.0865508471626,50.941617989214535],[-114.08622334447392,50.941618788874045],[-114.08576734706185,50.94162540253095],[-114.08555354070499,50.94162910362625],[-114.08527413662537,50.939724206670256],[-114.08524553895704,50.939498589240436],[-114.08547125374557,50.939531207992296],[-114.08582385082457,50.93958500075044],[-114.0886049533351,50.939960186601944],[-114.09041072943589,50.93999628777276],[-114.09227344842894,50.94003370316433],[-114.09377567093169,50.94014310505619],[-114.0941396449406,50.940242100751],[-114.09430294002125,50.94036310133528],[-114.0943923672466,50.940527289751515],[-114.09434067306417,50.94112859897511],[-114.09440743582262,50.94142709258994],[-114.09477214077202,50.942884411875035],[-114.09478427477345,50.943060012606146],[-114.09480203510557,50.94331690818099],[-114.09481594826191,50.9453771153179],[-114.09480554138904,50.947598619822266],[-114.0947515507435,50.94823593488356],[-114.094690050287,50.949448743592846],[-114.09469201867135,50.95033023199355],[-114.09468930757347,50.95045501878948],[-114.09468734806661,50.95054733928503],[-114.09468833860247,50.950618029970535],[-114.09212523246676,50.95061714898005],[-114.09172652643262,50.95061622253206],[-114.08727502325672,50.95061964686955],[-114.08613002924277,50.95062051218612],[-114.08466440060373,50.95060192368647],[-114.08446540081829,50.95059691856056],[-114.0844697097104,50.95052881153844],[-114.08446894840878,50.950459696287865],[-114.08446750810144,50.95033611983199]]]]}},{"type":"Feature","properties":{"DGUID":"2021S051248061325","DAUID":"48061325","LANDAREA":0.398,"PRUID":"48","fed_num":"48008","da_code":"48061325","geo_name":"48061325","name_source":{"label":"Statistics Canada Census Profile 2021 DA WDS","url":"https://www12.statcan.gc.ca/wds-sdw/2021profile-profil2021-eng.cfm"},"population":1115,"status":"ok","source":{"label":"Statistics Canada Census Profile 2021 DA WDS","url":"https://www12.statcan.gc.ca/wds-sdw/2021profile-profil2021-eng.cfm"},"community_name":"Calgary","community_source":{"label":"Statistics Canada 2021 census subdivision boundaries (spatial lookup)","url":"https://geo.statcan.gc.ca/geo_wa/rest/services/2021/Cartographic_boundary_files/MapServer/9"},"community_display":"Calgary","is_unorganized":false,"panel_title":"Calgary","display_label":"Calgary","map_label":"48061325"},"geometry":{"type":"MultiPolygon","coordinates":[[[[-114.08478911075532,50.96362074319267],[-114.08476909002141,50.96348535752577],[-114.08476409619364,50.96288255058232],[-114.08473231902059,50.96134363688517],[-114.08481377574904,50.96072089282659],[-114.08481719785347,50.96067104735028],[-114.08609981928882,50.960658147142304],[-114.08677670246472,50.960540145055255],[-114.08748701482607,50.961934040446216],[-114.08835370812744,50.96242343460582],[-114.08845741400506,50.96258794016566],[-114.08907384393204,50.96245591994519],[-114.08969901340464,50.96232204945087],[-114.08950920772774,50.96193954324451],[-114.08862889964894,50.961440847514076],[-114.08843910816438,50.9610583404811],[-114.08966422018126,50.96082803176896],[-114.09076638641464,50.9614222432022],[-114.09108319991864,50.962050862068075],[-114.09168249696417,50.96193245536803],[-114.09233788618207,50.9618031467079],[-114.09190722729514,50.96094694383773],[-114.0913290000648,50.96062664644576],[-114.09200032719646,50.96013972962178],[-114.0938393299152,50.960113551685495],[-114.09442179633534,50.96013714680055],[-114.09442223994255,50.95876094675887],[-114.09441462490668,50.95802965315427],[-114.09441402296132,50.95797814321156],[-114.09203653278291,50.957963945040305],[-114.09090511007071,50.957836650651544],[-114.09111043067219,50.95705923609498],[-114.09215642718611,50.957184240552955],[-114.09443562306845,50.95717804500974],[-114.09438791009637,50.956799048813735],[-114.09442691437883,50.95640414131042],[-114.09224790433586,50.956403946280446],[-114.0913287116863,50.956300147390834],[-114.0914223219811,50.95594264984114],[-114.09137194093775,50.955608543621125],[-114.09255491637579,50.95559304512139],[-114.09247739943403,50.95478163553695],[-114.09226002177168,50.953930645901245],[-114.09361253362901,50.95393733251381],[-114.09238111634643,50.95199073446262],[-114.09170343296232,50.95212674883693],[-114.0909326169283,50.9526113317529],[-114.09054062046964,50.95250253054387],[-114.08977293851204,50.952483433966634],[-114.0897461084281,50.95313942605166],[-114.08950662470838,50.95309743886571],[-114.08842493005564,50.953088428008755],[-114.08677160555538,50.95311012194967],[-114.08516272602012,50.953105926059074],[-114.08469291362313,50.953103238945296],[-114.08449333515978,50.95310722860824],[-114.08446294084024,50.95109163005682],[-114.08446540081829,50.95059691856056],[-114.08466440060373,50.95060192368647],[-114.08613002924277,50.95062051218612],[-114.08727502325672,50.95061964686955],[-114.09172652643262,50.95061622253206],[-114.09212523246676,50.95061714898005],[-114.09468833860247,50.950618029970535],[-114.09469382266377,50.951670528932944],[-114.09470289308766,50.9534893237161],[-114.09470468698723,50.95384606826893],[-114.09472546605177,50.95800130760052],[-114.09472950569149,50.95880806266823],[-114.09473500946471,50.95991094118144],[-114.09510902478486,50.96144944196925],[-114.09515581078367,50.96161256410343],[-114.0942650957755,50.961734242414614],[-114.08478911075532,50.96362074319267]]]]}},{"type":"Feature","properties":{"DGUID":"2021S051248061326","DAUID":"48061326","LANDAREA":0.1152,"PRUID":"48","fed_num":"48008","da_code":"48061326","geo_name":"48061326","name_source":{"label":"Statistics Canada Census Profile 2021 DA WDS","url":"https://www12.statcan.gc.ca/wds-sdw/2021profile-profil2021-eng.cfm"},"population":285,"status":"ok","source":{"label":"Statistics Canada Census Profile 2021 DA WDS","url":"https://www12.statcan.gc.ca/wds-sdw/2021profile-profil2021-eng.cfm"},"community_name":"Calgary","community_source":{"label":"Statistics Canada 2021 census subdivision boundaries (spatial lookup)","url":"https://geo.statcan.gc.ca/geo_wa/rest/services/2021/Cartographic_boundary_files/MapServer/9"},"community_display":"Calgary","is_unorganized":false,"panel_title":"Calgary","display_label":"Calgary","map_label":"48061326"},"geometry":{"type":"MultiPolygon","coordinates":[[[[-114.10576661076294,50.954059557716334],[-114.10412752242978,50.95408185797845],[-114.1033554240671,50.95435954234872],[-114.10316114102406,50.95450755362983],[-114.10268021292065,50.954225852164],[-114.10247923084364,50.95402293822283],[-114.1023805045667,50.953777646722685],[-114.09792330752072,50.95377484640604],[-114.09792212633175,50.953109135751674],[-114.09803514331104,50.952896041948],[-114.09836974949742,50.95255355102173],[-114.09882561687147,50.95232203549205],[-114.09927590928903,50.95218034146303],[-114.09879484340638,50.951673654717936],[-114.09884530838727,50.95154893731068],[-114.09999612477131,50.95136174562149],[-114.10104243900415,50.9512527565307],[-114.1011540396897,50.95129153811045],[-114.10128384823857,50.95195134403233],[-114.10158401683368,50.95193183843351],[-114.10189352840683,50.951993546798],[-114.10199882036136,50.952131050873426],[-114.1020782360784,50.952456857167334],[-114.10339584492678,50.952336641778814],[-114.10577421234143,50.952332646318666],[-114.10576661076294,50.954059557716334]]]]}},{"type":"Feature","properties":{"DGUID":"2021S051248061327","DAUID":"48061327","LANDAREA":0.1251,"PRUID":"48","fed_num":"48008","da_code":"48061327","geo_name":"48061327","name_source":{"label":"Statistics Canada Census Profile 2021 DA WDS","url":"https://www12.statcan.gc.ca/wds-sdw/2021profile-profil2021-eng.cfm"},"population":306,"status":"ok","source":{"label":"Statistics Canada Census Profile 2021 DA WDS","url":"https://www12.statcan.gc.ca/wds-sdw/2021profile-profil2021-eng.cfm"},"community_name":"Calgary","community_source":{"label":"Statistics Canada 2021 census subdivision boundaries (spatial lookup)","url":"https://geo.statcan.gc.ca/geo_wa/rest/services/2021/Cartographic_boundary_files/MapServer/9"},"community_display":"Calgary","is_unorganized":false,"panel_title":"Calgary","display_label":"Calgary","map_label":"48061327"},"geometry":{"type":"MultiPolygon","coordinates":[[[[-114.08951545048633,50.94430051331296],[-114.08951992635664,50.94354509911353],[-114.09273764057458,50.943544292063535],[-114.0927564276888,50.94415649633062],[-114.09277214247038,50.9452722148787],[-114.0927385365711,50.945811113187986],[-114.09277204638356,50.946414619853094],[-114.09276871076449,50.94715211896117],[-114.0927667493148,50.94809652288841],[-114.09154183209186,50.94810201620061],[-114.08919263990725,50.948097422069864],[-114.08868703393973,50.94798581190131],[-114.08883482721832,50.947215908509506],[-114.08904534446312,50.946582513038514],[-114.08949211032859,50.945811107535306],[-114.08951545048633,50.94430051331296]]]]}},{"type":"Feature","properties":{"DGUID":"2021S051248061328","DAUID":"48061328","LANDAREA":0.2957,"PRUID":"48","fed_num":"48008","da_code":"48061328","geo_name":"48061328","name_source":{"label":"Statistics Canada Census Profile 2021 DA WDS","url":"https://www12.statcan.gc.ca/wds-sdw/2021profile-profil2021-eng.cfm"},"population":574,"status":"ok","source":{"label":"Statistics Canada Census Profile 2021 DA WDS","url":"https://www12.statcan.gc.ca/wds-sdw/2021profile-profil2021-eng.cfm"},"community_name":"Calgary","community_source":{"label":"Statistics Canada 2021 census subdivision boundaries (spatial lookup)","url":"https://geo.statcan.gc.ca/geo_wa/rest/services/2021/Cartographic_boundary_files/MapServer/9"},"community_display":"Calgary","is_unorganized":false,"panel_title":"Calgary","display_label":"Calgary","map_label":"48061328"},"geometry":{"type":"MultiPolygon","coordinates":[[[[-114.08564023560108,50.944338795529504],[-114.08577724586834,50.943514606941214],[-114.08571644333554,50.94300203351647],[-114.08555354070499,50.94162910362625],[-114.08576734706185,50.94162540253095],[-114.08622334447392,50.941618788874045],[-114.0865508471626,50.941617989214535],[-114.08641235567522,50.94041818984205],[-114.08644581976897,50.94033808855186],[-114.0865629482267,50.94028709861521],[-114.08861002958099,50.940562995616474],[-114.09228295750346,50.940564698707306],[-114.09256786010644,50.94056278461068],[-114.0931149705522,50.940693291357036],[-114.09344265246084,50.94091739794493],[-114.093547360994,50.94106389108476],[-114.0937524537433,50.94211240582614],[-114.09350265781691,50.942465997138534],[-114.09284774394004,50.94269258591555],[-114.09089693836403,50.94269789096182],[-114.0895754496784,50.94265598257142],[-114.08951992635664,50.94354509911353],[-114.08951545048633,50.94430051331296],[-114.08949211032859,50.945811107535306],[-114.08904534446312,50.946582513038514],[-114.08883482721832,50.947215908509506],[-114.08868703393973,50.94798581190131],[-114.08805401225456,50.94786211855877],[-114.08748470833032,50.947856917992425],[-114.08613191260305,50.94785912616567],[-114.08466423205789,50.94787640883483],[-114.08447942113109,50.94787180357776],[-114.08449171165799,50.94676570787564],[-114.08481352088246,50.94594621030676],[-114.08564023560108,50.944338795529504]]]]}},{"type":"Feature","properties":{"DGUID":"2021S051248061329","DAUID":"48061329","LANDAREA":0.2137,"PRUID":"48","fed_num":"48008","da_code":"48061329","geo_name":"48061329","name_source":{"label":"Statistics Canada Census Profile 2021 DA WDS","url":"https://www12.statcan.gc.ca/wds-sdw/2021profile-profil2021-eng.cfm"},"population":501,"status":"ok","source":{"label":"Statistics Canada Census Profile 2021 DA WDS","url":"https://www12.statcan.gc.ca/wds-sdw/2021profile-profil2021-eng.cfm"},"community_name":"Calgary","community_source":{"label":"Statistics Canada 2021 census subdivision boundaries (spatial lookup)","url":"https://geo.statcan.gc.ca/geo_wa/rest/services/2021/Cartographic_boundary_files/MapServer/9"},"community_display":"Calgary","is_unorganized":false,"panel_title":"Calgary","display_label":"Calgary","map_label":"48061329"},"geometry":{"type":"MultiPolygon","coordinates":[[[[-114.08097653376697,50.94355660055635],[-114.08097975505085,50.94146080961487],[-114.08163421642527,50.9414682051481],[-114.0826099379546,50.94157350197532],[-114.08262004959559,50.940503400528506],[-114.08263226170968,50.93917240808239],[-114.08254002848012,50.939053214222525],[-114.08155154429198,50.93847079059186],[-114.0811635185681,50.938074303268394],[-114.08026332301293,50.9378988111405],[-114.07947585393289,50.9377441992605],[-114.07919633495897,50.93720649912092],[-114.08034924028463,50.93698350295291],[-114.0808102280822,50.93689609085573],[-114.08107495126272,50.937442397678424],[-114.08142724173227,50.93795490288965],[-114.08211383223504,50.93858380845695],[-114.08259561918362,50.938847701293035],[-114.08329003475492,50.93912589380733],[-114.08444154408134,50.93937960246109],[-114.08524553895704,50.939498589240436],[-114.08527413662537,50.939724206670256],[-114.08555354070499,50.94162910362625],[-114.08571644333554,50.94300203351647],[-114.08577724586834,50.943514606941214],[-114.08564023560108,50.944338795529504],[-114.08481352088246,50.94594621030676],[-114.08347703554638,50.94568791575792],[-114.08127184110953,50.945659811736014],[-114.08099380592438,50.944870302152914],[-114.08097653376697,50.94355660055635]]]]}},{"type":"Feature","properties":{"DGUID":"2021S051248061330","DAUID":"48061330","LANDAREA":0.0586,"PRUID":"48","fed_num":"48008","da_code":"48061330","geo_name":"48061330","name_source":{"label":"Statistics Canada Census Profile 2021 DA WDS","url":"https://www12.statcan.gc.ca/wds-sdw/2021profile-profil2021-eng.cfm"},"population":410,"status":"ok","source":{"label":"Statistics Canada Census Profile 2021 DA WDS","url":"https://www12.statcan.gc.ca/wds-sdw/2021profile-profil2021-eng.cfm"},"community_name":"Calgary","community_source":{"label":"Statistics Canada 2021 census subdivision boundaries (spatial lookup)","url":"https://geo.statcan.gc.ca/geo_wa/rest/services/2021/Cartographic_boundary_files/MapServer/9"},"community_display":"Calgary","is_unorganized":false,"panel_title":"Calgary","display_label":"Calgary","map_label":"48061330"},"geometry":{"type":"MultiPolygon","coordinates":[[[[-114.08211383223504,50.93858380845695],[-114.08142724173227,50.93795490288965],[-114.08107495126272,50.937442397678424],[-114.0808102280822,50.93689609085573],[-114.0810262279285,50.93685648984293],[-114.08134344209881,50.93679249641647],[-114.08159282849346,50.93735639880365],[-114.08191661691572,50.93786819492428],[-114.08211172753055,50.9379361040978],[-114.08248525456143,50.93788249308222],[-114.08260853465379,50.93773258977636],[-114.08251254706252,50.9369974543093],[-114.08249304324127,50.93684820221812],[-114.08249485216778,50.93613769058591],[-114.08261413399322,50.93605069854499],[-114.08297576150717,50.936008821802716],[-114.08331683688299,50.9359693061131],[-114.08344883181034,50.93613451123298],[-114.08396604069071,50.93674110524732],[-114.0849683528534,50.93824139878793],[-114.08513794227991,50.938488493069556],[-114.08522664634184,50.93934520172627],[-114.08524553895704,50.939498589240436],[-114.08444154408134,50.93937960246109],[-114.08329003475492,50.93912589380733],[-114.08259561918362,50.938847701293035],[-114.08211383223504,50.93858380845695]]]]}},{"type":"Feature","properties":{"DGUID":"2021S051248061331","DAUID":"48061331","LANDAREA":1.1406,"PRUID":"48","fed_num":"48008","da_code":"48061331","geo_name":"48061331","name_source":{"label":"Statistics Canada Census Profile 2021 DA WDS","url":"https://www12.statcan.gc.ca/wds-sdw/2021profile-profil2021-eng.cfm"},"population":699,"status":"ok","source":{"label":"Statistics Canada Census Profile 2021 DA WDS","url":"https://www12.statcan.gc.ca/wds-sdw/2021profile-profil2021-eng.cfm"},"community_name":"Calgary","community_source":{"label":"Statistics Canada 2021 census subdivision boundaries (spatial lookup)","url":"https://geo.statcan.gc.ca/geo_wa/rest/services/2021/Cartographic_boundary_files/MapServer/9"},"community_display":"Calgary","is_unorganized":false,"panel_title":"Calgary","display_label":"Calgary","map_label":"48061331"},"geometry":{"type":"MultiPolygon","coordinates":[[[[-114.08297576150717,50.936008821802716],[-114.08261413399322,50.93605069854499],[-114.08249485216778,50.93613769058591],[-114.08249304324127,50.93684820221812],[-114.08251254706252,50.9369974543093],[-114.08260853465379,50.93773258977636],[-114.08248525456143,50.93788249308222],[-114.08211172753055,50.9379361040978],[-114.08191661691572,50.93786819492428],[-114.08159282849346,50.93735639880365],[-114.08134344209881,50.93679249641647],[-114.0810262279285,50.93685648984293],[-114.0808102280822,50.93689609085573],[-114.08059625872698,50.93645000452369],[-114.08005084108963,50.93538389464052],[-114.0796902320005,50.9350061013367],[-114.07906342838149,50.93455869858178],[-114.07796603643833,50.93412639725148],[-114.07748895013619,50.93401548951477],[-114.07644515167755,50.93386339644505],[-114.07344042700745,50.933428297082294],[-114.07259674668441,50.933263194544075],[-114.07188663138037,50.93301151436546],[-114.07073304715152,50.93249831241194],[-114.07059388293713,50.93243434231573],[-114.07059407509901,50.932433995339586],[-114.07067297257197,50.93228353455633],[-114.07067327304384,50.932282997516225],[-114.07078526144596,50.932069296878836],[-114.07105417931145,50.93150788716088],[-114.0712605650945,50.931053895052024],[-114.07144726253233,50.93068150130415],[-114.07198350706939,50.92963660541252],[-114.07218938724048,50.929262906462114],[-114.07228990904642,50.92907809935784],[-114.07250395104752,50.929139977439746],[-114.07353419594406,50.92954721681167],[-114.0745131646445,50.92950709599635],[-114.07574258823959,50.92954856389375],[-114.07750133999305,50.92952384719748],[-114.07827237342619,50.92944386596717],[-114.07907126210878,50.929304507718406],[-114.07986129562124,50.92909770361468],[-114.08054803235669,50.92908293315026],[-114.08113474548459,50.929191484598626],[-114.08191845970025,50.929508019431374],[-114.08236168955919,50.92968856732654],[-114.0828817112944,50.92973736862675],[-114.08382116453856,50.92954637603547],[-114.08416876874081,50.92932019721964],[-114.08489457274578,50.92907624479249],[-114.08529666332255,50.92913384659708],[-114.08601952427715,50.92921103276552],[-114.08680679742743,50.929566882433264],[-114.08720942928068,50.92997111680448],[-114.08735928079965,50.93059447106914],[-114.08732379824463,50.93104109812379],[-114.08720897961257,50.93135010054705],[-114.08723413588822,50.93182174797898],[-114.08711498657223,50.93233407544244],[-114.08690896626543,50.93307332566483],[-114.0867236749504,50.93341501138688],[-114.08692437761518,50.93360265955213],[-114.08748016776055,50.933630637214804],[-114.08794733630582,50.93344315389565],[-114.08882855478544,50.93336694592232],[-114.08987007410042,50.93317971854211],[-114.09042225808368,50.933335166718656],[-114.09064966479566,50.93298074260674],[-114.09083290895377,50.93269071610998],[-114.091200210012,50.932391785348756],[-114.09153050419334,50.9321890783319],[-114.0918967711463,50.93207550986242],[-114.09248208428855,50.931940737621055],[-114.09290684037279,50.93188229778561],[-114.09410574123179,50.93201670381071],[-114.0947597667488,50.93217279191722],[-114.09475904719297,50.932253507019894],[-114.09474869977421,50.93229509094932],[-114.09470848273847,50.932456284014435],[-114.09413710764767,50.934517136790895],[-114.09406362163548,50.934802107283126],[-114.09454344238237,50.94038709575831],[-114.09430294002125,50.94036310133528],[-114.0941396449406,50.940242100751],[-114.09377567093169,50.94014310505619],[-114.09227344842894,50.94003370316433],[-114.09041072943589,50.93999628777276],[-114.0886049533351,50.939960186601944],[-114.08582385082457,50.93958500075044],[-114.08547125374557,50.939531207992296],[-114.08524553895704,50.939498589240436],[-114.08522664634184,50.93934520172627],[-114.08513794227991,50.938488493069556],[-114.0849683528534,50.93824139878793],[-114.08396604069071,50.93674110524732],[-114.08344883181034,50.93613451123298],[-114.08331683688299,50.9359693061131],[-114.08297576150717,50.936008821802716]]]]}},{"type":"Feature","properties":{"DGUID":"2021S051248061372","DAUID":"48061372","LANDAREA":0.8741,"PRUID":"48","fed_num":"48008","da_code":"48061372","geo_name":"48061372","name_source":{"label":"Statistics Canada Census Profile 2021 DA WDS","url":"https://www12.statcan.gc.ca/wds-sdw/2021profile-profil2021-eng.cfm"},"population":651,"status":"ok","source":{"label":"Statistics Canada Census Profile 2021 DA WDS","url":"https://www12.statcan.gc.ca/wds-sdw/2021profile-profil2021-eng.cfm"},"community_name":"Calgary","community_source":{"label":"Statistics Canada 2021 census subdivision boundaries (spatial lookup)","url":"https://geo.statcan.gc.ca/geo_wa/rest/services/2021/Cartographic_boundary_files/MapServer/9"},"community_display":"Calgary","is_unorganized":false,"panel_title":"Calgary","display_label":"Calgary","map_label":"48061372"},"geometry":{"type":"MultiPolygon","coordinates":[[[[-114.06147359297111,50.91484958182652],[-114.06097159409751,50.914009393243],[-114.060889116188,50.9135125747378],[-114.06019178793791,50.91351297209415],[-114.0601763851096,50.91308087271827],[-114.05951839470552,50.91291138336192],[-114.05993021784843,50.912247080652925],[-114.05879651032026,50.91194866556299],[-114.05847830158993,50.911805777243586],[-114.05822029603873,50.91161037569272],[-114.05795600033342,50.91128888735706],[-114.05908782015166,50.91093958322698],[-114.06175602737669,50.910368176047086],[-114.06072324681837,50.90869607089031],[-114.06053452537279,50.90852938218966],[-114.06031122616729,50.908460779472826],[-114.05980103615532,50.90887968108046],[-114.0590824347119,50.909221373911514],[-114.05765062133355,50.90959006015739],[-114.0563870178318,50.90999896781367],[-114.0560994236728,50.909371057068036],[-114.05606409764872,50.909028263837534],[-114.05612490971872,50.90874196154053],[-114.05655041236038,50.90808706119519],[-114.05586170162842,50.90772786608585],[-114.05549861671102,50.90739497923149],[-114.05535433456369,50.90720235426278],[-114.05522014630021,50.90684817541317],[-114.05518892925397,50.906667472884294],[-114.05540252836704,50.906663870359885],[-114.05685241999647,50.90645768046845],[-114.05813863154432,50.90613926294652],[-114.0583119237958,50.90609866184749],[-114.0610002373935,50.90542887872219],[-114.06217056036996,50.90514346680924],[-114.06228864342546,50.90511305367749],[-114.06235813459254,50.90509516782235],[-114.06240173715399,50.90508637520561],[-114.06341354166922,50.904832982238666],[-114.06510304263557,50.90443468351995],[-114.06605686396118,50.9041978734184],[-114.06628745659613,50.90414968441849],[-114.06673566504585,50.90403507118533],[-114.06786217832945,50.90376648230353],[-114.06865466859593,50.90360656435679],[-114.06946073617873,50.90345587153715],[-114.06969084273102,50.90341667450093],[-114.06993567718132,50.90336888547254],[-114.07031337729623,50.903310552398686],[-114.07038500724168,50.903299488270655],[-114.07038637086133,50.90330828435424],[-114.07041718514941,50.90350956478313],[-114.07046548442506,50.904028476702194],[-114.07048838153439,50.90481426030777],[-114.07044258670996,50.90650037986066],[-114.07044649608596,50.9068832024616],[-114.07045049185501,50.90727101482847],[-114.07045787133572,50.90798818573348],[-114.07043495718064,50.910288381343804],[-114.07043694013228,50.91070627643875],[-114.07044256922917,50.9119058730302],[-114.07043395836617,50.912731846551814],[-114.07043386087108,50.9127397681793],[-114.07043256901261,50.912864333265546],[-114.07021155109406,50.9128859889419],[-114.07006962659062,50.91289998576404],[-114.06971394185547,50.912932893406975],[-114.06950754174363,50.91296519311233],[-114.06927371386723,50.91301987685107],[-114.0688418389116,50.91314088118504],[-114.06799584089325,50.91335058724299],[-114.06766637851383,50.913432223851935],[-114.06741132550036,50.91349541853286],[-114.06726366781768,50.91353197742361],[-114.06704172821131,50.91358697453137],[-114.06596581457423,50.913853573235315],[-114.06525382799512,50.91401937462751],[-114.06487342101909,50.91411227895016],[-114.06442771608792,50.914258293448086],[-114.06389191904667,50.914406781660006],[-114.06172418851632,50.91493687643165],[-114.06155090008497,50.91497747583686],[-114.06147359297111,50.91484958182652]]]]}},{"type":"Feature","properties":{"DGUID":"2021S051248061374","DAUID":"48061374","LANDAREA":0.2015,"PRUID":"48","fed_num":"48008","da_code":"48061374","geo_name":"48061374","name_source":{"label":"Statistics Canada Census Profile 2021 DA WDS","url":"https://www12.statcan.gc.ca/wds-sdw/2021profile-profil2021-eng.cfm"},"population":713,"status":"ok","source":{"label":"Statistics Canada Census Profile 2021 DA WDS","url":"https://www12.statcan.gc.ca/wds-sdw/2021profile-profil2021-eng.cfm"},"community_name":"Calgary","community_source":{"label":"Statistics Canada 2021 census subdivision boundaries (spatial lookup)","url":"https://geo.statcan.gc.ca/geo_wa/rest/services/2021/Cartographic_boundary_files/MapServer/9"},"community_display":"Calgary","is_unorganized":false,"panel_title":"Calgary","display_label":"Calgary","map_label":"48061374"},"geometry":{"type":"MultiPolygon","coordinates":[[[[-114.07590197569681,50.905317585165974],[-114.07547166744159,50.90491998422062],[-114.07528856113538,50.904663590091445],[-114.0748415552309,50.903851783945306],[-114.07599026056994,50.90368268061066],[-114.0760810536914,50.90359497914628],[-114.07610766872719,50.903397784564085],[-114.0760694690245,50.90309996876463],[-114.07600576884008,50.902981476037894],[-114.07589547886865,50.90292479256466],[-114.0745990640868,50.90295516794433],[-114.07338166581225,50.903086566640425],[-114.07182977790477,50.90333548073285],[-114.07148037051053,50.903461563946536],[-114.07121067734455,50.903679773902915],[-114.07108515315838,50.903865488683735],[-114.0710440589411,50.90474598350638],[-114.07106947622906,50.90547518274515],[-114.07116437129203,50.905549589430876],[-114.07261424602252,50.905567984055345],[-114.07263344862133,50.9063959712026],[-114.07368737612363,50.90637748036102],[-114.07394697329933,50.90632097416455],[-114.07437068800424,50.90614268844624],[-114.07590197569681,50.905317585165974],[-114.07394687875096,50.907229485960826],[-114.07443036118487,50.908365975801615],[-114.07319894670457,50.909171692933405],[-114.07265343529951,50.90902297494149],[-114.07160226318139,50.90899668507302],[-114.07157884815241,50.90982358633886],[-114.07158265424022,50.91066918878949],[-114.07336682539535,50.91080398015793],[-114.07350115867477,50.911158091185406],[-114.0738355401579,50.91172419647875],[-114.07389773561229,50.91231947909226],[-114.07385694076198,50.91251627779612],[-114.07380932867162,50.91282099765821],[-114.07378613233186,50.912964285816244],[-114.0733884282678,50.91290669092803],[-114.07284194585657,50.912859581162834],[-114.07243172588328,50.91283747893362],[-114.07182241654424,50.912812886917536],[-114.07115023845462,50.9128074926291],[-114.0710783335936,50.91281258940333],[-114.07090893962125,50.91282462415575],[-114.07064924230835,50.91284307128435],[-114.07052977738796,50.91285479056906],[-114.07043256901261,50.912864333265546],[-114.07043386087108,50.9127397681793],[-114.07043395836617,50.912731846551814],[-114.07044256922917,50.9119058730302],[-114.07043694013228,50.91070627643875],[-114.07043495718064,50.910288381343804],[-114.07045787133572,50.90798818573348],[-114.07045049185501,50.90727101482847],[-114.07044649608596,50.9068832024616],[-114.07044258670996,50.90650037986066],[-114.07048838153439,50.90481426030777],[-114.07046548442506,50.904028476702194],[-114.07041718514941,50.90350956478313],[-114.07038637086133,50.90330828435424],[-114.07038500724168,50.903299488270655],[-114.07084213815494,50.903228898751195],[-114.0719897523313,50.903051670256986],[-114.07548015924522,50.902743385175725],[-114.07627828897581,50.902718475838924],[-114.07629317945195,50.90293468398863],[-114.07638006059341,50.903818385436736],[-114.07648365807012,50.90420777263994],[-114.07671908108927,50.90453747165314],[-114.07694817417598,50.90474119425034],[-114.07590197569681,50.905317585165974]]]]}},{"type":"Feature","properties":{"DGUID":"2021S051248061375","DAUID":"48061375","LANDAREA":0.0976,"PRUID":"48","fed_num":"48008","da_code":"48061375","geo_name":"48061375","name_source":{"label":"Statistics Canada Census Profile 2021 DA WDS","url":"https://www12.statcan.gc.ca/wds-sdw/2021profile-profil2021-eng.cfm"},"population":479,"status":"ok","source":{"label":"Statistics Canada Census Profile 2021 DA WDS","url":"https://www12.statcan.gc.ca/wds-sdw/2021profile-profil2021-eng.cfm"},"community_name":"Calgary","community_source":{"label":"Statistics Canada 2021 census subdivision boundaries (spatial lookup)","url":"https://geo.statcan.gc.ca/geo_wa/rest/services/2021/Cartographic_boundary_files/MapServer/9"},"community_display":"Calgary","is_unorganized":false,"panel_title":"Calgary","display_label":"Calgary","map_label":"48061375"},"geometry":{"type":"MultiPolygon","coordinates":[[[[-114.0710440589411,50.90474598350638],[-114.07108515315838,50.903865488683735],[-114.07121067734455,50.903679773902915],[-114.07148037051053,50.903461563946536],[-114.07182977790477,50.90333548073285],[-114.07338166581225,50.903086566640425],[-114.0745990640868,50.90295516794433],[-114.07589547886865,50.90292479256466],[-114.07600576884008,50.902981476037894],[-114.0760694690245,50.90309996876463],[-114.07610766872719,50.903397784564085],[-114.0760810536914,50.90359497914628],[-114.07599026056994,50.90368268061066],[-114.0748415552309,50.903851783945306],[-114.07528856113538,50.904663590091445],[-114.07547166744159,50.90491998422062],[-114.07590197569681,50.905317585165974],[-114.07437068800424,50.90614268844624],[-114.07394697329933,50.90632097416455],[-114.07368737612363,50.90637748036102],[-114.07263344862133,50.9063959712026],[-114.07261424602252,50.905567984055345],[-114.07116437129203,50.905549589430876],[-114.07106947622906,50.90547518274515],[-114.0710440589411,50.90474598350638]]]]}},{"type":"Feature","properties":{"DGUID":"2021S051248061376","DAUID":"48061376","LANDAREA":0.1321,"PRUID":"48","fed_num":"48008","da_code":"48061376","geo_name":"48061376","name_source":{"label":"Statistics Canada Census Profile 2021 DA WDS","url":"https://www12.statcan.gc.ca/wds-sdw/2021profile-profil2021-eng.cfm"},"population":632,"status":"ok","source":{"label":"Statistics Canada Census Profile 2021 DA WDS","url":"https://www12.statcan.gc.ca/wds-sdw/2021profile-profil2021-eng.cfm"},"community_name":"Calgary","community_source":{"label":"Statistics Canada 2021 census subdivision boundaries (spatial lookup)","url":"https://geo.statcan.gc.ca/geo_wa/rest/services/2021/Cartographic_boundary_files/MapServer/9"},"community_display":"Calgary","is_unorganized":false,"panel_title":"Calgary","display_label":"Calgary","map_label":"48061376"},"geometry":{"type":"MultiPolygon","coordinates":[[[[-114.07158265424022,50.91066918878949],[-114.07157884815241,50.90982358633886],[-114.07160226318139,50.90899668507302],[-114.07265343529951,50.90902297494149],[-114.07319894670457,50.909171692933405],[-114.07443036118487,50.908365975801615],[-114.07394687875096,50.907229485960826],[-114.07519906478157,50.907224882696305],[-114.07551136509667,50.907916389369305],[-114.07607327334733,50.90780449142996],[-114.07690277760162,50.90773538551012],[-114.07790786966906,50.907814470902125],[-114.07803235114302,50.90787157792296],[-114.07769927335603,50.90864577295422],[-114.07821696516949,50.90878468676712],[-114.0787682423266,50.90906837878923],[-114.07901106046599,50.90928127915308],[-114.07929995472713,50.909666389004535],[-114.0794592525901,50.910075088069135],[-114.07815256696824,50.910267297500596],[-114.07797893794951,50.90985818235429],[-114.07773685313656,50.90963619289678],[-114.0775293573411,50.90954108179011],[-114.07691057606341,50.90942658917685],[-114.07658103753585,50.90946328128707],[-114.07631915043551,50.90955568643522],[-114.07538477289852,50.9101619909206],[-114.07592294310993,50.911335787968234],[-114.07464115898557,50.91158248487936],[-114.0738355401579,50.91172419647875],[-114.07350115867477,50.911158091185406],[-114.07336682539535,50.91080398015793],[-114.07158265424022,50.91066918878949]]]]}},{"type":"Feature","properties":{"DGUID":"2021S051248061377","DAUID":"48061377","LANDAREA":0.3205,"PRUID":"48","fed_num":"48008","da_code":"48061377","geo_name":"48061377","name_source":{"label":"Statistics Canada Census Profile 2021 DA WDS","url":"https://www12.statcan.gc.ca/wds-sdw/2021profile-profil2021-eng.cfm"},"population":723,"status":"ok","source":{"label":"Statistics Canada Census Profile 2021 DA WDS","url":"https://www12.statcan.gc.ca/wds-sdw/2021profile-profil2021-eng.cfm"},"community_name":"Calgary","community_source":{"label":"Statistics Canada 2021 census subdivision boundaries (spatial lookup)","url":"https://geo.statcan.gc.ca/geo_wa/rest/services/2021/Cartographic_boundary_files/MapServer/9"},"community_display":"Calgary","is_unorganized":false,"panel_title":"Calgary","display_label":"Calgary","map_label":"48061377"},"geometry":{"type":"MultiPolygon","coordinates":[[[[-114.08035366548243,50.911014991785535],[-114.07994047764028,50.910797796718605],[-114.07973865181411,50.91061278021722],[-114.0794592525901,50.910075088069135],[-114.07929995472713,50.909666389004535],[-114.07901106046599,50.90928127915308],[-114.0787682423266,50.90906837878923],[-114.07821696516949,50.90878468676712],[-114.07769927335603,50.90864577295422],[-114.07803235114302,50.90787157792296],[-114.07790786966906,50.907814470902125],[-114.07690277760162,50.90773538551012],[-114.07607327334733,50.90780449142996],[-114.07551136509667,50.907916389369305],[-114.07519906478157,50.907224882696305],[-114.07394687875096,50.907229485960826],[-114.07590197569681,50.905317585165974],[-114.07688228270098,50.905791886692526],[-114.07756755644085,50.905979986548566],[-114.07790677335733,50.906015481176944],[-114.07788374753828,50.90638368503459],[-114.07919215683735,50.90638947721579],[-114.07920174644437,50.90714528483048],[-114.07925467092764,50.907209589464934],[-114.07939447135098,50.90724907530585],[-114.08031142716864,50.9072497247385],[-114.08050406126208,50.90724987784525],[-114.08117225235478,50.90725759277734],[-114.08188668965335,50.907662184470425],[-114.08222147267982,50.907769593610944],[-114.08245248655788,50.90778867844615],[-114.08268848806435,50.90780818320583],[-114.0832190972261,50.90774049624207],[-114.08406037252858,50.90748268570538],[-114.08465458744088,50.90730868308463],[-114.08470057919608,50.9072558953433],[-114.08469708608551,50.90640127651128],[-114.08480458185838,50.90581927641896],[-114.08515186870196,50.90527018482956],[-114.08582128086263,50.905484898927575],[-114.08667729749715,50.905901990468],[-114.08724917779638,50.9063121059456],[-114.08774276480405,50.90683708987353],[-114.08797864900069,50.90726938195127],[-114.08803638945378,50.90737518560976],[-114.08840507233228,50.90807700381185],[-114.08894468345571,50.90854919521726],[-114.08792977229754,50.909081589473686],[-114.08752085918695,50.909251191824985],[-114.08694366054677,50.90938079937675],[-114.08604948803847,50.90957429202017],[-114.08551156875464,50.909758784790554],[-114.08534545936435,50.90983923512875],[-114.08455786651464,50.9102206891468],[-114.08442647331415,50.9102767651673],[-114.08340304852437,50.91071350376991],[-114.08240787396687,50.911156384101155],[-114.08188366532391,50.91157498563642],[-114.08144096742076,50.91137499208806],[-114.08035366548243,50.911014991785535]]]]}},{"type":"Feature","properties":{"DGUID":"2021S051248061378","DAUID":"48061378","LANDAREA":0.1251,"PRUID":"48","fed_num":"48008","da_code":"48061378","geo_name":"48061378","name_source":{"label":"Statistics Canada Census Profile 2021 DA WDS","url":"https://www12.statcan.gc.ca/wds-sdw/2021profile-profil2021-eng.cfm"},"population":535,"status":"ok","source":{"label":"Statistics Canada Census Profile 2021 DA WDS","url":"https://www12.statcan.gc.ca/wds-sdw/2021profile-profil2021-eng.cfm"},"community_name":"Calgary","community_source":{"label":"Statistics Canada 2021 census subdivision boundaries (spatial lookup)","url":"https://geo.statcan.gc.ca/geo_wa/rest/services/2021/Cartographic_boundary_files/MapServer/9"},"community_display":"Calgary","is_unorganized":false,"panel_title":"Calgary","display_label":"Calgary","map_label":"48061378"},"geometry":{"type":"MultiPolygon","coordinates":[[[[-114.07590197569681,50.905317585165974],[-114.07694817417598,50.90474119425034],[-114.07718114554042,50.904881875663456],[-114.07785169185907,50.90507858988015],[-114.07830008074184,50.905188775554095],[-114.0791909588629,50.905274091980026],[-114.08035726799257,50.90527627422576],[-114.08090047295882,50.90523588704157],[-114.0827478895871,50.905039172215666],[-114.08343139207469,50.90502938257521],[-114.0838710756522,50.90504928849602],[-114.08515186870196,50.90527018482956],[-114.08480458185838,50.90581927641896],[-114.08469708608551,50.90640127651128],[-114.08470057919608,50.9072558953433],[-114.08465458744088,50.90730868308463],[-114.08406037252858,50.90748268570538],[-114.0832190972261,50.90774049624207],[-114.08268848806435,50.90780818320583],[-114.08245248655788,50.90778867844615],[-114.08222147267982,50.907769593610944],[-114.08188668965335,50.907662184470425],[-114.08117225235478,50.90725759277734],[-114.08050406126208,50.90724987784525],[-114.08031142716864,50.9072497247385],[-114.07939447135098,50.90724907530585],[-114.07925467092764,50.907209589464934],[-114.07920174644437,50.90714528483048],[-114.07919215683735,50.90638947721579],[-114.07788374753828,50.90638368503459],[-114.07790677335733,50.906015481176944],[-114.07756755644085,50.905979986548566],[-114.07688228270098,50.905791886692526],[-114.07590197569681,50.905317585165974]]]]}},{"type":"Feature","properties":{"DGUID":"2021S051248061379","DAUID":"48061379","LANDAREA":0.1287,"PRUID":"48","fed_num":"48008","da_code":"48061379","geo_name":"48061379","name_source":{"label":"Statistics Canada Census Profile 2021 DA WDS","url":"https://www12.statcan.gc.ca/wds-sdw/2021profile-profil2021-eng.cfm"},"population":471,"status":"ok","source":{"label":"Statistics Canada Census Profile 2021 DA WDS","url":"https://www12.statcan.gc.ca/wds-sdw/2021profile-profil2021-eng.cfm"},"community_name":"Calgary","community_source":{"label":"Statistics Canada 2021 census subdivision boundaries (spatial lookup)","url":"https://geo.statcan.gc.ca/geo_wa/rest/services/2021/Cartographic_boundary_files/MapServer/9"},"community_display":"Calgary","is_unorganized":false,"panel_title":"Calgary","display_label":"Calgary","map_label":"48061379"},"geometry":{"type":"MultiPolygon","coordinates":[[[[-114.07629317945195,50.90293468398863],[-114.07627828897581,50.902718475838924],[-114.07650608720186,50.902715187302036],[-114.07868426982279,50.90268879309635],[-114.08023238965572,50.90272759079385],[-114.08187596591421,50.902831579681724],[-114.08352509904958,50.90300321282801],[-114.08351976565301,50.90316058774914],[-114.08339076432343,50.903858978490206],[-114.08346748203064,50.90467949005841],[-114.08343139207469,50.90502938257521],[-114.0827478895871,50.905039172215666],[-114.08090047295882,50.90523588704157],[-114.08035726799257,50.90527627422576],[-114.0791909588629,50.905274091980026],[-114.07830008074184,50.905188775554095],[-114.07785169185907,50.90507858988015],[-114.07718114554042,50.904881875663456],[-114.07694817417598,50.90474119425034],[-114.07671908108927,50.90453747165314],[-114.07648365807012,50.90420777263994],[-114.07638006059341,50.903818385436736],[-114.07629317945195,50.90293468398863]]]]}},{"type":"Feature","properties":{"DGUID":"2021S051248061380","DAUID":"48061380","LANDAREA":0.0951,"PRUID":"48","fed_num":"48008","da_code":"48061380","geo_name":"48061380","name_source":{"label":"Statistics Canada Census Profile 2021 DA WDS","url":"https://www12.statcan.gc.ca/wds-sdw/2021profile-profil2021-eng.cfm"},"population":368,"status":"ok","source":{"label":"Statistics Canada Census Profile 2021 DA WDS","url":"https://www12.statcan.gc.ca/wds-sdw/2021profile-profil2021-eng.cfm"},"community_name":"Calgary","community_source":{"label":"Statistics Canada 2021 census subdivision boundaries (spatial lookup)","url":"https://geo.statcan.gc.ca/geo_wa/rest/services/2021/Cartographic_boundary_files/MapServer/9"},"community_display":"Calgary","is_unorganized":false,"panel_title":"Calgary","display_label":"Calgary","map_label":"48061380"},"geometry":{"type":"MultiPolygon","coordinates":[[[[-114.08351976565301,50.90316058774914],[-114.08352509904958,50.90300321282801],[-114.08413830701065,50.90306701593216],[-114.08415149944213,50.903068381489334],[-114.08568836529507,50.90328678668936],[-114.08882260287406,50.90389569971474],[-114.0895516972664,50.90406680109538],[-114.08932927839531,50.904439096967856],[-114.0889803790644,50.90501498465716],[-114.08854738137063,50.905570880469874],[-114.08826518529717,50.905761785384925],[-114.08724917779638,50.9063121059456],[-114.08667729749715,50.905901990468],[-114.08582128086263,50.905484898927575],[-114.08515186870196,50.90527018482956],[-114.0838710756522,50.90504928849602],[-114.08343139207469,50.90502938257521],[-114.08346748203064,50.90467949005841],[-114.08339076432343,50.903858978490206],[-114.08351976565301,50.90316058774914]]]]}},{"type":"Feature","properties":{"DGUID":"2021S051248061467","DAUID":"48061467","LANDAREA":0.8294,"PRUID":"48","fed_num":"48008","da_code":"48061467","geo_name":"48061467","name_source":{"label":"Statistics Canada Census Profile 2021 DA WDS","url":"https://www12.statcan.gc.ca/wds-sdw/2021profile-profil2021-eng.cfm"},"population":1871,"status":"ok","source":{"label":"Statistics Canada Census Profile 2021 DA WDS","url":"https://www12.statcan.gc.ca/wds-sdw/2021profile-profil2021-eng.cfm"},"community_name":"Calgary","community_source":{"label":"Statistics Canada 2021 census subdivision boundaries (spatial lookup)","url":"https://geo.statcan.gc.ca/geo_wa/rest/services/2021/Cartographic_boundary_files/MapServer/9"},"community_display":"Calgary","is_unorganized":false,"panel_title":"Calgary","display_label":"Calgary","map_label":"48061467"},"geometry":{"type":"MultiPolygon","coordinates":[[[[-114.06807054758754,50.96717775187136],[-114.06810226279508,50.96509164810181],[-114.0693617678488,50.96509570334743],[-114.07056606056986,50.965099550429635],[-114.07150583771698,50.9651051376358],[-114.07174754957784,50.96511124012611],[-114.07389963353252,50.965093235067165],[-114.07464025320883,50.96509384183816],[-114.07625616809194,50.965071536213365],[-114.07652733152351,50.96505483424233],[-114.07673471366876,50.965042059829635],[-114.07673630048461,50.965049650874725],[-114.07674920584513,50.96511165216447],[-114.07682171882628,50.96545244467866],[-114.07689271683114,50.965792044490264],[-114.07694809935916,50.96612595785257],[-114.07699109832852,50.96638214102342],[-114.07702580537959,50.96668994870495],[-114.07705381727985,50.96696414117528],[-114.07707448034927,50.96726603871626],[-114.07708498906352,50.96758744950702],[-114.07708830614774,50.968048133209],[-114.07707738251169,50.968398835846145],[-114.07703531235065,50.96878315535255],[-114.07699768924851,50.96906495179341],[-114.07693429737994,50.96951754642363],[-114.0768315142395,50.96995634786224],[-114.07666908637518,50.97060814723865],[-114.07638429464629,50.97145394174096],[-114.07607646836846,50.97236498955852],[-114.07591302735102,50.97284864977351],[-114.07587423092515,50.97296405243475],[-114.07529419778326,50.974604242564865],[-114.07471459557966,50.97626704097328],[-114.07451761502867,50.976911059073224],[-114.0741005246636,50.97801935427847],[-114.07384441100646,50.97865614806804],[-114.07363512120988,50.9791207450206],[-114.07343199576901,50.97951240204609],[-114.0734284426176,50.97951924762929],[-114.07336728698061,50.97963711676665],[-114.07313068662455,50.97963821972851],[-114.07282128560645,50.9796396719356],[-114.07227207021002,50.97964224693779],[-114.07170187704165,50.97964595050606],[-114.07148848871468,50.97964064199709],[-114.07073338863584,50.979639644117036],[-114.06797115743002,50.979606260994736],[-114.06800515332307,50.97906744542058],[-114.06855227879967,50.97807375277374],[-114.06854356054747,50.977758650956716],[-114.06856037525252,50.97703953374177],[-114.06855834806296,50.97678111893414],[-114.06855564876709,50.976436748896994],[-114.06857365812752,50.975924458341915],[-114.0685892528261,50.97341524955406],[-114.0687180404512,50.97227614821536],[-114.068774754106,50.97182783650893],[-114.06877944618621,50.97142156824574],[-114.06880345153031,50.96933695253642],[-114.0687486639681,50.9686249479912],[-114.06865286260012,50.96810983700338],[-114.06823113971673,50.967568546441306],[-114.06807054758754,50.96717775187136]]]]}},{"type":"Feature","properties":{"DGUID":"2021S051248061583","DAUID":"48061583","LANDAREA":0.5741,"PRUID":"48","fed_num":"48008","da_code":"48061583","geo_name":"48061583","name_source":{"label":"Statistics Canada Census Profile 2021 DA WDS","url":"https://www12.statcan.gc.ca/wds-sdw/2021profile-profil2021-eng.cfm"},"population":1810,"status":"ok","source":{"label":"Statistics Canada Census Profile 2021 DA WDS","url":"https://www12.statcan.gc.ca/wds-sdw/2021profile-profil2021-eng.cfm"},"community_name":"Calgary","community_source":{"label":"Statistics Canada 2021 census subdivision boundaries (spatial lookup)","url":"https://geo.statcan.gc.ca/geo_wa/rest/services/2021/Cartographic_boundary_files/MapServer/9"},"community_display":"Calgary","is_unorganized":false,"panel_title":"Calgary","display_label":"Calgary","map_label":"48061583"},"geometry":{"type":"MultiPolygon","coordinates":[[[[-114.1376181385805,50.95229062135593],[-114.13743556161853,50.95225020698659],[-114.13643126074187,50.952603300765],[-114.13528085909726,50.95301582452871],[-114.13501035333503,50.95278431158398],[-114.13469216948144,50.95263260984624],[-114.13429897411542,50.95254201894007],[-114.13405884082951,50.95250911808022],[-114.13170898092775,50.952514314955955],[-114.12955918260475,50.95250642447239],[-114.12954914505653,50.95405332154314],[-114.12732715345328,50.95406159641853],[-114.12624473550272,50.95406190840459],[-114.12504927715555,50.95405051554386],[-114.123711066485,50.954044501824015],[-114.12326966509342,50.95404260113848],[-114.12234375365992,50.9540468024303],[-114.12218734917082,50.95404289777816],[-114.1209770336079,50.95403999899102],[-114.11983284469237,50.95411978733167],[-114.11956103047478,50.95413999728628],[-114.1184190321598,50.95418379912564],[-114.11812041490029,50.954176396648066],[-114.11787811140852,50.95417939342672],[-114.11788425125228,50.954080589301945],[-114.11788472948822,50.95361288977047],[-114.11788173321408,50.95113020880335],[-114.11787244534618,50.95059028457659],[-114.11811472747189,50.95058728826402],[-114.11851334788906,50.95058818675883],[-114.12152866990648,50.95053800600518],[-114.12851537629342,50.95053762319387],[-114.1292676076251,50.950556952224],[-114.13077676772633,50.950595722295255],[-114.13438697951158,50.950602411456664],[-114.1356807487759,50.950583417927156],[-114.13635318031884,50.95052361862827],[-114.13678407045192,50.95046051946157],[-114.13728407685973,50.950349421360634],[-114.13760456815778,50.95024051827081],[-114.13801625148945,50.950034711901516],[-114.13830147414905,50.94985832434583],[-114.13855147695443,50.94965842029402],[-114.13875726666173,50.949464309186816],[-114.1389630602484,50.949220216286],[-114.1390847577053,50.94903983153412],[-114.13920157331185,50.94883532109161],[-114.139364163169,50.948544935383545],[-114.13950786409707,50.948648119316985],[-114.13969453626484,50.9486929235124],[-114.14004865257827,50.94879880844456],[-114.14029334075879,50.9489229176335],[-114.1404430619805,50.94899601808668],[-114.14055625495136,50.949017927576115],[-114.14074975434858,50.9491530205023],[-114.14087025981308,50.94922972215845],[-114.14101653106916,50.94938581799334],[-114.14112474857552,50.94965131638941],[-114.14114235562707,50.94998591209437],[-114.14113284774278,50.950478911516775],[-114.14176254444244,50.95342394277742],[-114.14166663820454,50.95361319846168],[-114.14163253911008,50.95393610221926],[-114.14169997474997,50.95418917958426],[-114.1417483552769,50.954370702950314],[-114.13866946429232,50.95395351327571],[-114.1381268495294,50.953049710023606],[-114.1376181385805,50.95229062135593]]]]}},{"type":"Feature","properties":{"DGUID":"2021S051248061642","DAUID":"48061642","LANDAREA":0.1699,"PRUID":"48","fed_num":"48008","da_code":"48061642","geo_name":"48061642","name_source":{"label":"Statistics Canada Census Profile 2021 DA WDS","url":"https://www12.statcan.gc.ca/wds-sdw/2021profile-profil2021-eng.cfm"},"population":873,"status":"ok","source":{"label":"Statistics Canada Census Profile 2021 DA WDS","url":"https://www12.statcan.gc.ca/wds-sdw/2021profile-profil2021-eng.cfm"},"community_name":"Calgary","community_source":{"label":"Statistics Canada 2021 census subdivision boundaries (spatial lookup)","url":"https://geo.statcan.gc.ca/geo_wa/rest/services/2021/Cartographic_boundary_files/MapServer/9"},"community_display":"Calgary","is_unorganized":false,"panel_title":"Calgary","display_label":"Calgary","map_label":"48061642"},"geometry":{"type":"MultiPolygon","coordinates":[[[[-114.11592285560276,50.94597268295272],[-114.11592214876346,50.94552297637133],[-114.11703216009536,50.94553239170473],[-114.1175883718918,50.94551918181489],[-114.11761915297096,50.944791282908156],[-114.11761919982757,50.943639981597606],[-114.11748486492776,50.943510670823756],[-114.11655965444051,50.9435058740955],[-114.11644379146047,50.94353896506934],[-114.1163854767588,50.943789384603704],[-114.11623839223773,50.94386667558807],[-114.11519838948195,50.94387697691596],[-114.11516538551838,50.94348937173056],[-114.11402584842088,50.943497160910375],[-114.11401996762255,50.944972166932956],[-114.1099468538117,50.94498834997008],[-114.10973696925736,50.94492916362576],[-114.10913655187298,50.94496826457907],[-114.10886644205269,50.94496155180021],[-114.1088717448989,50.94464684768982],[-114.10889175905591,50.94157105628881],[-114.1091055912182,50.94156735529465],[-114.10949109664138,50.94154995253262],[-114.1102620888406,50.94151503651533],[-114.1115229982271,50.94138435082039],[-114.11150889514286,50.942760257609535],[-114.11271886815071,50.94276327099306],[-114.11391466747709,50.9427658742882],[-114.11630786667432,50.94274407235395],[-114.116889581935,50.94277638402531],[-114.11763658400824,50.942668970035584],[-114.1176632870888,50.94223786380305],[-114.11753868152532,50.9421807901264],[-114.11714289451484,50.942135063463546],[-114.11675287370171,50.94222437882935],[-114.11639530368376,50.94225147713437],[-114.11636546505906,50.942043870449794],[-114.11604477271423,50.941244377147946],[-114.11664299425969,50.94124116230915],[-114.11712348713293,50.94129798162897],[-114.11787798616598,50.94129868993157],[-114.1178738728794,50.94596699608223],[-114.11786746608375,50.946299594481914],[-114.11749787478453,50.94629047123626],[-114.11645784662359,50.9463007762134],[-114.11605476950906,50.94637177840204],[-114.11592285560276,50.94597268295272]]]]}},{"type":"Feature","properties":{"DGUID":"2021S051248061648","DAUID":"48061648","LANDAREA":0.23,"PRUID":"48","fed_num":"48008","da_code":"48061648","geo_name":"48061648","name_source":{"label":"Statistics Canada Census Profile 2021 DA WDS","url":"https://www12.statcan.gc.ca/wds-sdw/2021profile-profil2021-eng.cfm"},"population":983,"status":"ok","source":{"label":"Statistics Canada Census Profile 2021 DA WDS","url":"https://www12.statcan.gc.ca/wds-sdw/2021profile-profil2021-eng.cfm"},"community_name":"Calgary","community_source":{"label":"Statistics Canada 2021 census subdivision boundaries (spatial lookup)","url":"https://geo.statcan.gc.ca/geo_wa/rest/services/2021/Cartographic_boundary_files/MapServer/9"},"community_display":"Calgary","is_unorganized":false,"panel_title":"Calgary","display_label":"Calgary","map_label":"48061648"},"geometry":{"type":"MultiPolygon","coordinates":[[[[-114.08925933434155,50.92128500871141],[-114.08926763950667,50.92092540997681],[-114.08925434649687,50.9199986100189],[-114.08927204896986,50.91811910178459],[-114.09029723806825,50.918108610570364],[-114.09094394890701,50.91800781135324],[-114.09152562958461,50.91780650890439],[-114.09189373762383,50.91760880842177],[-114.09219524420715,50.91733742338484],[-114.09328165548084,50.91771529944585],[-114.09473015773456,50.918219107029174],[-114.09667314710315,50.91878021041963],[-114.09771914720628,50.919121121243045],[-114.09787293330608,50.9189360202361],[-114.09804305508887,50.918490509908004],[-114.09804966840287,50.91769912131651],[-114.09897687231594,50.91771356333027],[-114.09998295784122,50.9177292287954],[-114.09997484059267,50.9180888310403],[-114.09995833045795,50.91858310982908],[-114.09976516090104,50.91917191154729],[-114.09920613911544,50.91992260815623],[-114.09868144334723,50.92035032722859],[-114.09804754080638,50.92070332785996],[-114.09727604445031,50.92098101761457],[-114.0967544388678,50.92112991827264],[-114.09616699496827,50.921221362562996],[-114.09600724707614,50.921246214335376],[-114.09488023920757,50.921290220205],[-114.09280244233493,50.92129240569399],[-114.09011304267408,50.92128831599072],[-114.08925933434155,50.92128500871141]]]]}},{"type":"Feature","properties":{"DGUID":"2021S051248061649","DAUID":"48061649","LANDAREA":0.2384,"PRUID":"48","fed_num":"48008","da_code":"48061649","geo_name":"48061649","name_source":{"label":"Statistics Canada Census Profile 2021 DA WDS","url":"https://www12.statcan.gc.ca/wds-sdw/2021profile-profil2021-eng.cfm"},"population":1143,"status":"ok","source":{"label":"Statistics Canada Census Profile 2021 DA WDS","url":"https://www12.statcan.gc.ca/wds-sdw/2021profile-profil2021-eng.cfm"},"community_name":"Calgary","community_source":{"label":"Statistics Canada 2021 census subdivision boundaries (spatial lookup)","url":"https://geo.statcan.gc.ca/geo_wa/rest/services/2021/Cartographic_boundary_files/MapServer/9"},"community_display":"Calgary","is_unorganized":false,"panel_title":"Calgary","display_label":"Calgary","map_label":"48061649"},"geometry":{"type":"MultiPolygon","coordinates":[[[[-114.09667314710315,50.91878021041963],[-114.09473015773456,50.918219107029174],[-114.09328165548084,50.91771529944585],[-114.09219524420715,50.91733742338484],[-114.09248626900215,50.91677801198341],[-114.09251955881525,50.91647299574381],[-114.0925192621128,50.91556450440439],[-114.09257265225574,50.91493620603448],[-114.09248176146956,50.91434020790215],[-114.09243954574724,50.91410530043962],[-114.09262425471924,50.91410990600721],[-114.09328121453187,50.914110244705675],[-114.09403084280028,50.9141105923227],[-114.0959394667901,50.914111514221936],[-114.09689297768729,50.91410830607205],[-114.09704924830919,50.91411221609213],[-114.09916995282302,50.914102007902436],[-114.09998083899151,50.91410410687092],[-114.09997826100606,50.91437392595628],[-114.09997894003374,50.91710842606404],[-114.09997655674589,50.91760310956905],[-114.09998295784122,50.9177292287954],[-114.09897687231594,50.91771356333027],[-114.09804966840287,50.91769912131651],[-114.09804305508887,50.918490509908004],[-114.09787293330608,50.9189360202361],[-114.09771914720628,50.919121121243045],[-114.09667314710315,50.91878021041963]]]]}},{"type":"Feature","properties":{"DGUID":"2021S051248062074","DAUID":"48062074","LANDAREA":0.0689,"PRUID":"48","fed_num":"48008","da_code":"48062074","geo_name":"48062074","name_source":{"label":"Statistics Canada Census Profile 2021 DA WDS","url":"https://www12.statcan.gc.ca/wds-sdw/2021profile-profil2021-eng.cfm"},"population":420,"status":"ok","source":{"label":"Statistics Canada Census Profile 2021 DA WDS","url":"https://www12.statcan.gc.ca/wds-sdw/2021profile-profil2021-eng.cfm"},"community_name":"Calgary","community_source":{"label":"Statistics Canada 2021 census subdivision boundaries (spatial lookup)","url":"https://geo.statcan.gc.ca/geo_wa/rest/services/2021/Cartographic_boundary_files/MapServer/9"},"community_display":"Calgary","is_unorganized":false,"panel_title":"Calgary","display_label":"Calgary","map_label":"48062074"},"geometry":{"type":"MultiPolygon","coordinates":[[[[-114.0963743128247,50.89615928114207],[-114.09694223730361,50.895948584081346],[-114.0975311182587,50.89585529560857],[-114.09805884413969,50.89583239065754],[-114.09809201847729,50.89666979879047],[-114.09806101195906,50.897397583968775],[-114.09934190830245,50.89738450600134],[-114.09927611938987,50.89958668693843],[-114.098989293809,50.89962450224157],[-114.09829511085944,50.8995802037746],[-114.09808151525188,50.89958390601549],[-114.09665959418042,50.89957550310647],[-114.0965604992879,50.8993392090952],[-114.09651971285281,50.89885250372357],[-114.096438233273,50.89810379771563],[-114.09633981647565,50.897399791406414],[-114.09623761637172,50.89629979000949],[-114.0963743128247,50.89615928114207]]]]}},{"type":"Feature","properties":{"DGUID":"2021S051248062076","DAUID":"48062076","LANDAREA":0.0478,"PRUID":"48","fed_num":"48008","da_code":"48062076","geo_name":"48062076","name_source":{"label":"Statistics Canada Census Profile 2021 DA WDS","url":"https://www12.statcan.gc.ca/wds-sdw/2021profile-profil2021-eng.cfm"},"population":314,"status":"ok","source":{"label":"Statistics Canada Census Profile 2021 DA WDS","url":"https://www12.statcan.gc.ca/wds-sdw/2021profile-profil2021-eng.cfm"},"community_name":"Calgary","community_source":{"label":"Statistics Canada 2021 census subdivision boundaries (spatial lookup)","url":"https://geo.statcan.gc.ca/geo_wa/rest/services/2021/Cartographic_boundary_files/MapServer/9"},"community_display":"Calgary","is_unorganized":false,"panel_title":"Calgary","display_label":"Calgary","map_label":"48062076"},"geometry":{"type":"MultiPolygon","coordinates":[[[[-114.10145552886553,50.899766813768466],[-114.10116400725775,50.898734092371896],[-114.10240301350336,50.89871090776523],[-114.10367033119252,50.89868842002867],[-114.10496603718845,50.898666610374214],[-114.10497041933125,50.89997101274632],[-114.10497539756528,50.900348920274325],[-114.10479471990226,50.900740204879526],[-114.1041600137921,50.90065252402143],[-114.10326241678601,50.90067521562109],[-114.1030953960912,50.900617016070136],[-114.1027620069109,50.90025800576724],[-114.10226581561548,50.90000281223658],[-114.10156349449433,50.89985941099191],[-114.10145552886553,50.899766813768466]]]]}},{"type":"Feature","properties":{"DGUID":"2021S051248062077","DAUID":"48062077","LANDAREA":0.0926,"PRUID":"48","fed_num":"48008","da_code":"48062077","geo_name":"48062077","name_source":{"label":"Statistics Canada Census Profile 2021 DA WDS","url":"https://www12.statcan.gc.ca/wds-sdw/2021profile-profil2021-eng.cfm"},"population":646,"status":"ok","source":{"label":"Statistics Canada Census Profile 2021 DA WDS","url":"https://www12.statcan.gc.ca/wds-sdw/2021profile-profil2021-eng.cfm"},"community_name":"Calgary","community_source":{"label":"Statistics Canada 2021 census subdivision boundaries (spatial lookup)","url":"https://geo.statcan.gc.ca/geo_wa/rest/services/2021/Cartographic_boundary_files/MapServer/9"},"community_display":"Calgary","is_unorganized":false,"panel_title":"Calgary","display_label":"Calgary","map_label":"48062077"},"geometry":{"type":"MultiPolygon","coordinates":[[[[-114.10642275348873,50.89788422949032],[-114.106208031935,50.89790591049039],[-114.10609802902776,50.8980740335762],[-114.10611922882238,50.8986502269664],[-114.10496603718845,50.898666610374214],[-114.10367033119252,50.89868842002867],[-114.10240301350336,50.89871090776523],[-114.10116400725775,50.898734092371896],[-114.10073402938961,50.897185292296065],[-114.10198881633079,50.89713550652349],[-114.10335600754755,50.89710650256916],[-114.10351281273122,50.897101400794966],[-114.10485162348317,50.89707162460078],[-114.10621891529986,50.897042612606825],[-114.10713841813256,50.89707871604534],[-114.1085357454043,50.8972789356074],[-114.10925252926822,50.897382636328196],[-114.10907372867693,50.89825582543476],[-114.10904125055755,50.89901053976048],[-114.10779811478419,50.89887182021093],[-114.107873341779,50.89811812756376],[-114.10779194186533,50.89805313097029],[-114.10748343826225,50.89798253045532],[-114.10642275348873,50.89788422949032]]]]}},{"type":"Feature","properties":{"DGUID":"2021S051248062078","DAUID":"48062078","LANDAREA":0.104,"PRUID":"48","fed_num":"48008","da_code":"48062078","geo_name":"48062078","name_source":{"label":"Statistics Canada Census Profile 2021 DA WDS","url":"https://www12.statcan.gc.ca/wds-sdw/2021profile-profil2021-eng.cfm"},"population":659,"status":"ok","source":{"label":"Statistics Canada Census Profile 2021 DA WDS","url":"https://www12.statcan.gc.ca/wds-sdw/2021profile-profil2021-eng.cfm"},"community_name":"Calgary","community_source":{"label":"Statistics Canada 2021 census subdivision boundaries (spatial lookup)","url":"https://geo.statcan.gc.ca/geo_wa/rest/services/2021/Cartographic_boundary_files/MapServer/9"},"community_display":"Calgary","is_unorganized":false,"panel_title":"Calgary","display_label":"Calgary","map_label":"48062078"},"geometry":{"type":"MultiPolygon","coordinates":[[[[-114.10497041933125,50.89997101274632],[-114.10496603718845,50.898666610374214],[-114.10611922882238,50.8986502269664],[-114.10609802902776,50.8980740335762],[-114.106208031935,50.89790591049039],[-114.10642275348873,50.89788422949032],[-114.10748343826225,50.89798253045532],[-114.10779194186533,50.89805313097029],[-114.107873341779,50.89811812756376],[-114.10779811478419,50.89887182021093],[-114.10904125055755,50.89901053976048],[-114.10906160777012,50.8998296275421],[-114.10904881259127,50.90095363991789],[-114.10902821420372,50.901744737454756],[-114.10910761537575,50.90207053296335],[-114.10921513580286,50.90217212219838],[-114.10784770053985,50.902201225179006],[-114.10785472715769,50.90140081887956],[-114.10611911776525,50.90140272998703],[-114.10455401549308,50.90140882260755],[-114.10455320612186,50.901192917133855],[-114.10479471990226,50.900740204879526],[-114.10497539756528,50.900348920274325],[-114.10497041933125,50.89997101274632]]]]}},{"type":"Feature","properties":{"DGUID":"2021S051248062080","DAUID":"48062080","LANDAREA":0.1948,"PRUID":"48","fed_num":"48008","da_code":"48062080","geo_name":"48062080","name_source":{"label":"Statistics Canada Census Profile 2021 DA WDS","url":"https://www12.statcan.gc.ca/wds-sdw/2021profile-profil2021-eng.cfm"},"population":1021,"status":"ok","source":{"label":"Statistics Canada Census Profile 2021 DA WDS","url":"https://www12.statcan.gc.ca/wds-sdw/2021profile-profil2021-eng.cfm"},"community_name":"Calgary","community_source":{"label":"Statistics Canada 2021 census subdivision boundaries (spatial lookup)","url":"https://geo.statcan.gc.ca/geo_wa/rest/services/2021/Cartographic_boundary_files/MapServer/9"},"community_display":"Calgary","is_unorganized":false,"panel_title":"Calgary","display_label":"Calgary","map_label":"48062080"},"geometry":{"type":"MultiPolygon","coordinates":[[[[-114.09816209403503,50.90286010876426],[-114.09835129715398,50.902792912238155],[-114.09926000176132,50.90259060436999],[-114.09998188018935,50.902419594727704],[-114.1012156869229,50.90225241542587],[-114.10133039687717,50.90223731532823],[-114.10326822612036,50.90218651051604],[-114.10453281973525,50.902208929278956],[-114.10545771720113,50.902204824840126],[-114.10547740545107,50.90303292248589],[-114.10547152980645,50.90381532867257],[-114.10546569236095,50.904597728002074],[-114.10544019843655,50.9066120337526],[-114.10545106499426,50.906710832720314],[-114.10545668812064,50.90676233566076],[-114.10545528548968,50.906828231390826],[-114.10456761999481,50.906689226456855],[-114.10403340522032,50.90658600926442],[-114.10344581284838,50.90642751284797],[-114.10251438109987,50.906037976654936],[-114.10214239388314,50.90588241148535],[-114.10138930490973,50.90563889560135],[-114.1004760952276,50.905454193133465],[-114.09941519658753,50.905355908444434],[-114.09911688339709,50.90534849325283],[-114.09890329568046,50.90535218851257],[-114.09889997241716,50.90528510003091],[-114.0988960045859,50.9052283726815],[-114.09888888005094,50.90512689806684],[-114.09887250168596,50.90470381012164],[-114.09884358412607,50.90425330550673],[-114.09871420294894,50.9038183033486],[-114.09843810456503,50.90322679566205],[-114.09822811263992,50.9029426961238],[-114.09816209403503,50.90286010876426]]]]}},{"type":"Feature","properties":{"DGUID":"2021S051248062134","DAUID":"48062134","LANDAREA":0.1748,"PRUID":"48","fed_num":"48008","da_code":"48062134","geo_name":"48062134","name_source":{"label":"Statistics Canada Census Profile 2021 DA WDS","url":"https://www12.statcan.gc.ca/wds-sdw/2021profile-profil2021-eng.cfm"},"population":461,"status":"ok","source":{"label":"Statistics Canada Census Profile 2021 DA WDS","url":"https://www12.statcan.gc.ca/wds-sdw/2021profile-profil2021-eng.cfm"},"community_name":"Calgary","community_source":{"label":"Statistics Canada 2021 census subdivision boundaries (spatial lookup)","url":"https://geo.statcan.gc.ca/geo_wa/rest/services/2021/Cartographic_boundary_files/MapServer/9"},"community_display":"Calgary","is_unorganized":false,"panel_title":"Calgary","display_label":"Calgary","map_label":"48062134"},"geometry":{"type":"MultiPolygon","coordinates":[[[[-114.077167678975,50.97656275026139],[-114.07739656827295,50.97586683946575],[-114.0781152697835,50.975992838887166],[-114.08131108023454,50.976378640005294],[-114.08254076948748,50.97653524252974],[-114.08388266957823,50.976721754601186],[-114.0836060368097,50.97749734500216],[-114.08330842864375,50.978380448096075],[-114.08316833754571,50.979024539319724],[-114.08316011302855,50.97960904607693],[-114.08173524428585,50.97960943619625],[-114.08046854851426,50.979586740941535],[-114.07917226869262,50.9795812373879],[-114.07787596827814,50.97957583208845],[-114.07754769154272,50.9795855476221],[-114.07726025163461,50.97962334430129],[-114.07614899599525,50.97962254215982],[-114.07619897275889,50.9795068533762],[-114.0763398658623,50.979078640135555],[-114.07662336255393,50.97819525315314],[-114.07688477267891,50.97743713868458],[-114.0771329775701,50.976660833059285],[-114.077167678975,50.97656275026139]]]]}},{"type":"Feature","properties":{"DGUID":"2021S051248062135","DAUID":"48062135","LANDAREA":0.2882,"PRUID":"48","fed_num":"48008","da_code":"48062135","geo_name":"48062135","name_source":{"label":"Statistics Canada Census Profile 2021 DA WDS","url":"https://www12.statcan.gc.ca/wds-sdw/2021profile-profil2021-eng.cfm"},"population":547,"status":"ok","source":{"label":"Statistics Canada Census Profile 2021 DA WDS","url":"https://www12.statcan.gc.ca/wds-sdw/2021profile-profil2021-eng.cfm"},"community_name":"Calgary","community_source":{"label":"Statistics Canada 2021 census subdivision boundaries (spatial lookup)","url":"https://geo.statcan.gc.ca/geo_wa/rest/services/2021/Cartographic_boundary_files/MapServer/9"},"community_display":"Calgary","is_unorganized":false,"panel_title":"Calgary","display_label":"Calgary","map_label":"48062135"},"geometry":{"type":"MultiPolygon","coordinates":[[[[-114.07673630048461,50.965049650874725],[-114.07673471366876,50.965042059829635],[-114.07723446635615,50.965011256195886],[-114.07838617441831,50.964872854235786],[-114.07907729281825,50.96475522953191],[-114.07912978651385,50.965053332207184],[-114.07918626128772,50.96528863373383],[-114.07930406664096,50.96545353504159],[-114.07946837915016,50.966240150539726],[-114.07954799517401,50.96701574160765],[-114.07956947030296,50.96780784232754],[-114.07952847709406,50.968688336462975],[-114.07933336139708,50.96975383937734],[-114.07914435552696,50.97049564611182],[-114.07891147128073,50.971254450995076],[-114.07864907515422,50.972030446551],[-114.07840149450853,50.972797749235326],[-114.07815438506066,50.973556133158596],[-114.07769826339884,50.97492095679252],[-114.0774317490738,50.9757598367238],[-114.07739656827295,50.97586683946575],[-114.077167678975,50.97656275026139],[-114.0771329775701,50.976660833059285],[-114.07688477267891,50.97743713868458],[-114.07662336255393,50.97819525315314],[-114.0763398658623,50.979078640135555],[-114.07619897275889,50.9795068533762],[-114.07614899599525,50.97962254215982],[-114.07533638894506,50.979629153988434],[-114.07529366531283,50.97962804391331],[-114.07336728698061,50.97963711676665],[-114.0734284426176,50.97951924762929],[-114.07343199576901,50.97951240204609],[-114.07363512120988,50.9791207450206],[-114.07384441100646,50.97865614806804],[-114.0741005246636,50.97801935427847],[-114.07451761502867,50.976911059073224],[-114.07471459557966,50.97626704097328],[-114.07529419778326,50.974604242564865],[-114.07587423092515,50.97296405243475],[-114.07591302735102,50.97284864977351],[-114.07607646836846,50.97236498955852],[-114.07638429464629,50.97145394174096],[-114.07666908637518,50.97060814723865],[-114.0768315142395,50.96995634786224],[-114.07693429737994,50.96951754642363],[-114.07699768924851,50.96906495179341],[-114.07703531235065,50.96878315535255],[-114.07707738251169,50.968398835846145],[-114.07708830614774,50.968048133209],[-114.07708498906352,50.96758744950702],[-114.07707448034927,50.96726603871626],[-114.07705381727985,50.96696414117528],[-114.07702580537959,50.96668994870495],[-114.07699109832852,50.96638214102342],[-114.07694809935916,50.96612595785257],[-114.07689271683114,50.965792044490264],[-114.07682171882628,50.96545244467866],[-114.07674920584513,50.96511165216447],[-114.07673630048461,50.965049650874725]]]]}},{"type":"Feature","properties":{"DGUID":"2021S051248062136","DAUID":"48062136","LANDAREA":0.3213,"PRUID":"48","fed_num":"48008","da_code":"48062136","geo_name":"48062136","name_source":{"label":"Statistics Canada Census Profile 2021 DA WDS","url":"https://www12.statcan.gc.ca/wds-sdw/2021profile-profil2021-eng.cfm"},"population":1012,"status":"ok","source":{"label":"Statistics Canada Census Profile 2021 DA WDS","url":"https://www12.statcan.gc.ca/wds-sdw/2021profile-profil2021-eng.cfm"},"community_name":"Calgary","community_source":{"label":"Statistics Canada 2021 census subdivision boundaries (spatial lookup)","url":"https://geo.statcan.gc.ca/geo_wa/rest/services/2021/Cartographic_boundary_files/MapServer/9"},"community_display":"Calgary","is_unorganized":false,"panel_title":"Calgary","display_label":"Calgary","map_label":"48062136"},"geometry":{"type":"MultiPolygon","coordinates":[[[[-114.07933336139708,50.96975383937734],[-114.07952847709406,50.968688336462975],[-114.08028057061108,50.968734153515825],[-114.08084847357684,50.96899113376955],[-114.08212627160002,50.96974275756163],[-114.08282456508043,50.97019194696418],[-114.0832991824827,50.970347754281434],[-114.08466527784324,50.97037284636424],[-114.0846310919154,50.97114554039881],[-114.08459686617131,50.971918245215946],[-114.08453827995407,50.97353594496006],[-114.0844973707647,50.9744163515477],[-114.08431638493154,50.97525744512092],[-114.08411437776367,50.97598094068642],[-114.08388266957823,50.976721754601186],[-114.08254076948748,50.97653524252974],[-114.08131108023454,50.976378640005294],[-114.0781152697835,50.975992838887166],[-114.07739656827295,50.97586683946575],[-114.0774317490738,50.9757598367238],[-114.07769826339884,50.97492095679252],[-114.07815438506066,50.973556133158596],[-114.07840149450853,50.972797749235326],[-114.07864907515422,50.972030446551],[-114.07891147128073,50.971254450995076],[-114.07914435552696,50.97049564611182],[-114.07933336139708,50.96975383937734]]]]}},{"type":"Feature","properties":{"DGUID":"2021S051248062138","DAUID":"48062138","LANDAREA":0.0869,"PRUID":"48","fed_num":"48008","da_code":"48062138","geo_name":"48062138","name_source":{"label":"Statistics Canada Census Profile 2021 DA WDS","url":"https://www12.statcan.gc.ca/wds-sdw/2021profile-profil2021-eng.cfm"},"population":944,"status":"ok","source":{"label":"Statistics Canada Census Profile 2021 DA WDS","url":"https://www12.statcan.gc.ca/wds-sdw/2021profile-profil2021-eng.cfm"},"community_name":"Calgary","community_source":{"label":"Statistics Canada 2021 census subdivision boundaries (spatial lookup)","url":"https://geo.statcan.gc.ca/geo_wa/rest/services/2021/Cartographic_boundary_files/MapServer/9"},"community_display":"Calgary","is_unorganized":false,"panel_title":"Calgary","display_label":"Calgary","map_label":"48062138"},"geometry":{"type":"MultiPolygon","coordinates":[[[[-114.11259591642222,50.909027450307306],[-114.11172969180325,50.90902634228986],[-114.11173089605869,50.90859660489318],[-114.11173230625424,50.908102236653065],[-114.11112859016085,50.90810523349273],[-114.11054641959032,50.90810353397422],[-114.11039591383272,50.90810514766504],[-114.11036170740489,50.90708484935228],[-114.11035862383724,50.90690483197097],[-114.11054331616987,50.9069094291753],[-114.11271431946724,50.90690633179983],[-114.11423662990653,50.906903834274274],[-114.11567972043754,50.90690045215827],[-114.11664943189369,50.906898265617386],[-114.11703860916977,50.90689736537831],[-114.11703653003882,50.90709245560937],[-114.11703671873575,50.907105158549776],[-114.11705160982406,50.908096665557316],[-114.11572463302014,50.90809075861531],[-114.11573693094266,50.90849484399816],[-114.11516060332798,50.90850745924239],[-114.11498589613787,50.90844894711825],[-114.11472742790568,50.90845385537421],[-114.11471620473733,50.909006849632405],[-114.11397452988402,50.90901114632062],[-114.11346820677105,50.90901415801077],[-114.11315672141167,50.909024157433194],[-114.11259591642222,50.909027450307306]]]]}},{"type":"Feature","properties":{"DGUID":"2021S051248062139","DAUID":"48062139","LANDAREA":0.1966,"PRUID":"48","fed_num":"48008","da_code":"48062139","geo_name":"48062139","name_source":{"label":"Statistics Canada Census Profile 2021 DA WDS","url":"https://www12.statcan.gc.ca/wds-sdw/2021profile-profil2021-eng.cfm"},"population":707,"status":"ok","source":{"label":"Statistics Canada Census Profile 2021 DA WDS","url":"https://www12.statcan.gc.ca/wds-sdw/2021profile-profil2021-eng.cfm"},"community_name":"Calgary","community_source":{"label":"Statistics Canada 2021 census subdivision boundaries (spatial lookup)","url":"https://geo.statcan.gc.ca/geo_wa/rest/services/2021/Cartographic_boundary_files/MapServer/9"},"community_display":"Calgary","is_unorganized":false,"panel_title":"Calgary","display_label":"Calgary","map_label":"48062139"},"geometry":{"type":"MultiPolygon","coordinates":[[[[-114.11039460509416,50.904027330672974],[-114.11037204414316,50.90324424665074],[-114.11051521960687,50.90322972890805],[-114.1111049291188,50.903163328853815],[-114.11185973484221,50.903142152830604],[-114.11314991810336,50.903140839082916],[-114.11705712226846,50.90312336017946],[-114.11705982598535,50.90505255462607],[-114.11704141413773,50.906648671869895],[-114.11704136095064,50.9067541520579],[-114.11704132011647,50.90681414964155],[-114.11703860916977,50.90689736537831],[-114.11664943189369,50.906898265617386],[-114.11567972043754,50.90690045215827],[-114.11423662990653,50.906903834274274],[-114.11271431946724,50.90690633179983],[-114.11054331616987,50.9069094291753],[-114.11035862383724,50.90690483197097],[-114.11035872548362,50.90683193908985],[-114.11035856118993,50.906768247195664],[-114.11035830449602,50.90667993811958],[-114.11036720505123,50.905618734846],[-114.11037243969997,50.90484534148884],[-114.11039460509416,50.904027330672974]]]]}},{"type":"Feature","properties":{"DGUID":"2021S051248062140","DAUID":"48062140","LANDAREA":0.0759,"PRUID":"48","fed_num":"48008","da_code":"48062140","geo_name":"48062140","name_source":{"label":"Statistics Canada Census Profile 2021 DA WDS","url":"https://www12.statcan.gc.ca/wds-sdw/2021profile-profil2021-eng.cfm"},"population":480,"status":"ok","source":{"label":"Statistics Canada Census Profile 2021 DA WDS","url":"https://www12.statcan.gc.ca/wds-sdw/2021profile-profil2021-eng.cfm"},"community_name":"Calgary","community_source":{"label":"Statistics Canada 2021 census subdivision boundaries (spatial lookup)","url":"https://geo.statcan.gc.ca/geo_wa/rest/services/2021/Cartographic_boundary_files/MapServer/9"},"community_display":"Calgary","is_unorganized":false,"panel_title":"Calgary","display_label":"Calgary","map_label":"48062140"},"geometry":{"type":"MultiPolygon","coordinates":[[[[-114.10453281973525,50.902208929278956],[-114.10455401549308,50.90140882260755],[-114.10611911776525,50.90140272998703],[-114.10785472715769,50.90140081887956],[-114.10784770053985,50.902201225179006],[-114.10921513580286,50.90217212219838],[-114.110136426113,50.90291452814252],[-114.11037204414316,50.90324424665074],[-114.11039460509416,50.904027330672974],[-114.11037243969997,50.90484534148884],[-114.11036720505123,50.905618734846],[-114.10908601367366,50.90563204310649],[-114.10905140771925,50.903436326697935],[-114.1087556249453,50.90315913038913],[-114.10853562386542,50.90303673312444],[-114.10781072550392,50.9030278362381],[-114.10570521378256,50.90302951104748],[-114.10547740545107,50.90303292248589],[-114.10545771720113,50.902204824840126],[-114.10453281973525,50.902208929278956]]]]}},{"type":"Feature","properties":{"DGUID":"2021S051248062141","DAUID":"48062141","LANDAREA":0.3759,"PRUID":"48","fed_num":"48008","da_code":"48062141","geo_name":"48062141","name_source":{"label":"Statistics Canada Census Profile 2021 DA WDS","url":"https://www12.statcan.gc.ca/wds-sdw/2021profile-profil2021-eng.cfm"},"population":1584,"status":"ok","source":{"label":"Statistics Canada Census Profile 2021 DA WDS","url":"https://www12.statcan.gc.ca/wds-sdw/2021profile-profil2021-eng.cfm"},"community_name":"Calgary","community_source":{"label":"Statistics Canada 2021 census subdivision boundaries (spatial lookup)","url":"https://geo.statcan.gc.ca/geo_wa/rest/services/2021/Cartographic_boundary_files/MapServer/9"},"community_display":"Calgary","is_unorganized":false,"panel_title":"Calgary","display_label":"Calgary","map_label":"48062141"},"geometry":{"type":"MultiPolygon","coordinates":[[[[-114.11704074069901,50.921304640416594],[-114.11708570577485,50.914107660332704],[-114.11787062347993,50.91410506193772],[-114.11976079536367,50.9141113614778],[-114.12096319939292,50.91408597803155],[-114.12217663387491,50.91395867380676],[-114.1227932042699,50.91394528673201],[-114.12353641369504,50.91397247341829],[-114.12345291229465,50.91452439517239],[-114.12321912029684,50.91576137375044],[-114.1232426366183,50.91617148837962],[-114.12328622197178,50.9163397859891],[-114.12342312049263,50.916623474564666],[-114.12398610553903,50.917410888633],[-114.1240272222007,50.917482485813764],[-114.12421371344868,50.917889781615514],[-114.1242245674481,50.917943360936555],[-114.1242911970636,50.918271593181025],[-114.12423429148937,50.91833537990359],[-114.12419169327562,50.91843149286923],[-114.12415691829489,50.918751868890716],[-114.12414592233003,50.91885247559135],[-114.12406660729516,50.91908869042283],[-114.12349590061636,50.92000778986755],[-114.12338359820032,50.92021237919026],[-114.12327518869353,50.920606896942594],[-114.12323789454277,50.92128839048619],[-114.12324179799246,50.92139428832667],[-114.1225198952637,50.92139428300596],[-114.11919059233458,50.92138437455435],[-114.11812264299294,50.921386032455516],[-114.1170402341921,50.921387681894586],[-114.11704074069901,50.921304640416594]]]]}},{"type":"Feature","properties":{"DGUID":"2021S051248062142","DAUID":"48062142","LANDAREA":0.3595,"PRUID":"48","fed_num":"48008","da_code":"48062142","geo_name":"48062142","name_source":{"label":"Statistics Canada Census Profile 2021 DA WDS","url":"https://www12.statcan.gc.ca/wds-sdw/2021profile-profil2021-eng.cfm"},"population":2142,"status":"ok","source":{"label":"Statistics Canada Census Profile 2021 DA WDS","url":"https://www12.statcan.gc.ca/wds-sdw/2021profile-profil2021-eng.cfm"},"community_name":"Calgary","community_source":{"label":"Statistics Canada 2021 census subdivision boundaries (spatial lookup)","url":"https://geo.statcan.gc.ca/geo_wa/rest/services/2021/Cartographic_boundary_files/MapServer/9"},"community_display":"Calgary","is_unorganized":false,"panel_title":"Calgary","display_label":"Calgary","map_label":"48062142"},"geometry":{"type":"MultiPolygon","coordinates":[[[[-114.11007806853405,50.92040674274343],[-114.11007486479468,50.91846844985944],[-114.11003268526996,50.91826195226185],[-114.11018365817645,50.918238436304684],[-114.11055767161345,50.9181942535187],[-114.11106187240728,50.91816495787137],[-114.11294669208752,50.91814736262457],[-114.11306018484586,50.91814825824313],[-114.11401269852274,50.91816956140989],[-114.11403628152652,50.916678352182146],[-114.11403618086433,50.91658994731735],[-114.11403891035236,50.91515484302368],[-114.11403491288442,50.91505794928655],[-114.11402678936214,50.914526944678805],[-114.11396189968615,50.91414805881536],[-114.1137768009988,50.91331916091824],[-114.11367721373618,50.91297085313434],[-114.11332560962668,50.91224785928821],[-114.11327628800245,50.912044856283416],[-114.11324939841471,50.911796652227494],[-114.11319890201047,50.91100304586786],[-114.11444401320458,50.91088836508679],[-114.11466812250136,50.91086765383719],[-114.11570921725676,50.9108428420193],[-114.1159542122538,50.910897644353],[-114.1163598181995,50.9108974543329],[-114.11705279556124,50.910897359231875],[-114.11701925159672,50.91175521098773],[-114.11708570577485,50.914107660332704],[-114.11704074069901,50.921304640416594],[-114.1170402341921,50.921387681894586],[-114.11520338084559,50.92139046034457],[-114.11144938695365,50.92139264799836],[-114.11102586893622,50.92134995589932],[-114.11064466967741,50.92123385672764],[-114.11048135501024,50.92114866293004],[-114.110343376032,50.9210468369009],[-114.11023338426756,50.92093184202755],[-114.1101515472907,50.92080834743729],[-114.11010106094125,50.92067925046959],[-114.11007806853405,50.92040674274343]]]]}},{"type":"Feature","properties":{"DGUID":"2021S051248062143","DAUID":"48062143","LANDAREA":0.4288,"PRUID":"48","fed_num":"48008","da_code":"48062143","geo_name":"48062143","name_source":{"label":"Statistics Canada Census Profile 2021 DA WDS","url":"https://www12.statcan.gc.ca/wds-sdw/2021profile-profil2021-eng.cfm"},"population":1841,"status":"ok","source":{"label":"Statistics Canada Census Profile 2021 DA WDS","url":"https://www12.statcan.gc.ca/wds-sdw/2021profile-profil2021-eng.cfm"},"community_name":"Calgary","community_source":{"label":"Statistics Canada 2021 census subdivision boundaries (spatial lookup)","url":"https://geo.statcan.gc.ca/geo_wa/rest/services/2021/Cartographic_boundary_files/MapServer/9"},"community_display":"Calgary","is_unorganized":false,"panel_title":"Calgary","display_label":"Calgary","map_label":"48062143"},"geometry":{"type":"MultiPolygon","coordinates":[[[[-114.1054832748273,50.9113621387527],[-114.10568650719773,50.91131512650614],[-114.10599588116163,50.91125743851316],[-114.10654869367441,50.91118643926721],[-114.10686637171307,50.911157721284695],[-114.10773669518183,50.911157744306614],[-114.10897088676009,50.911161028480116],[-114.11040302470724,50.91117024825147],[-114.1105303773881,50.91116924042691],[-114.11184799169628,50.91112514676393],[-114.11319890201047,50.91100304586786],[-114.11324939841471,50.911796652227494],[-114.11327628800245,50.912044856283416],[-114.11332560962668,50.91224785928821],[-114.11367721373618,50.91297085313434],[-114.1137768009988,50.91331916091824],[-114.11396189968615,50.91414805881536],[-114.11402678936214,50.914526944678805],[-114.11403491288442,50.91505794928655],[-114.11403891035236,50.91515484302368],[-114.11403618086433,50.91658994731735],[-114.11403628152652,50.916678352182146],[-114.11401269852274,50.91816956140989],[-114.11306018484586,50.91814825824313],[-114.11294669208752,50.91814736262457],[-114.11106187240728,50.91816495787137],[-114.11055767161345,50.9181942535187],[-114.11018365817645,50.918238436304684],[-114.11003268526996,50.91826195226185],[-114.1100271717814,50.918235335331865],[-114.10997077833701,50.91813034176554],[-114.10979437748033,50.91794385659008],[-114.10967568753391,50.91786434617839],[-114.1093765705993,50.9177402319851],[-114.10919985971076,50.91770063521743],[-114.10880857993082,50.9176715451386],[-114.10790285447644,50.91766884042287],[-114.10776158536764,50.917667046518034],[-114.10575035331405,50.91767373993913],[-114.10575065217176,50.91759573558448],[-114.10575708541451,50.9162161385899],[-114.10575609790874,50.91469653792948],[-114.10575808620302,50.91408011747217],[-114.105758086661,50.913983325391214],[-114.10574837816387,50.91331212206159],[-114.10569759435838,50.91232122582412],[-114.10568269857495,50.91209652800052],[-114.10564419401946,50.91184682554808],[-114.1054832748273,50.9113621387527]]]]}},{"type":"Feature","properties":{"DGUID":"2021S051248062144","DAUID":"48062144","LANDAREA":0.3047,"PRUID":"48","fed_num":"48008","da_code":"48062144","geo_name":"48062144","name_source":{"label":"Statistics Canada Census Profile 2021 DA WDS","url":"https://www12.statcan.gc.ca/wds-sdw/2021profile-profil2021-eng.cfm"},"population":1310,"status":"ok","source":{"label":"Statistics Canada Census Profile 2021 DA WDS","url":"https://www12.statcan.gc.ca/wds-sdw/2021profile-profil2021-eng.cfm"},"community_name":"Calgary","community_source":{"label":"Statistics Canada 2021 census subdivision boundaries (spatial lookup)","url":"https://geo.statcan.gc.ca/geo_wa/rest/services/2021/Cartographic_boundary_files/MapServer/9"},"community_display":"Calgary","is_unorganized":false,"panel_title":"Calgary","display_label":"Calgary","map_label":"48062144"},"geometry":{"type":"MultiPolygon","coordinates":[[[[-114.09629900728409,50.921333768474874],[-114.09488023920757,50.921290220205],[-114.09600724707614,50.921246214335376],[-114.09616699496827,50.921221362562996],[-114.0967544388678,50.92112991827264],[-114.09727604445031,50.92098101761457],[-114.09804754080638,50.92070332785996],[-114.09868144334723,50.92035032722859],[-114.09920613911544,50.91992260815623],[-114.09976516090104,50.91917191154729],[-114.09995833045795,50.91858310982908],[-114.09997484059267,50.9180888310403],[-114.09998295784122,50.9177292287954],[-114.10016766718421,50.91773371478337],[-114.10043723774835,50.917730016032586],[-114.10272006495453,50.917698611543635],[-114.10285585898878,50.917699829785626],[-114.10575035331405,50.91767373993913],[-114.10776158536764,50.917667046518034],[-114.10790285447644,50.91766884042287],[-114.10880857993082,50.9176715451386],[-114.10919985971076,50.91770063521743],[-114.1093765705993,50.9177402319851],[-114.10967568753391,50.91786434617839],[-114.10979437748033,50.91794385659008],[-114.10997077833701,50.91813034176554],[-114.1100271717814,50.918235335331865],[-114.11003268526996,50.91826195226185],[-114.11007486479468,50.91846844985944],[-114.11007806853405,50.92040674274343],[-114.11010106094125,50.92067925046959],[-114.1101515472907,50.92080834743729],[-114.11023338426756,50.92093184202755],[-114.110343376032,50.9210468369009],[-114.11048135501024,50.92114866293004],[-114.11064466967741,50.92123385672764],[-114.11102586893622,50.92134995589932],[-114.11005787488703,50.92122175136539],[-114.10898692209875,50.921215305840235],[-114.10664135071522,50.92137232393515],[-114.10226606343657,50.92144699122509],[-114.09891638898888,50.92141407605956],[-114.09629900728409,50.921333768474874]]]]}},{"type":"Feature","properties":{"DGUID":"2021S051248062145","DAUID":"48062145","LANDAREA":0.1459,"PRUID":"48","fed_num":"48008","da_code":"48062145","geo_name":"48062145","name_source":{"label":"Statistics Canada Census Profile 2021 DA WDS","url":"https://www12.statcan.gc.ca/wds-sdw/2021profile-profil2021-eng.cfm"},"population":821,"status":"ok","source":{"label":"Statistics Canada Census Profile 2021 DA WDS","url":"https://www12.statcan.gc.ca/wds-sdw/2021profile-profil2021-eng.cfm"},"community_name":"Calgary","community_source":{"label":"Statistics Canada 2021 census subdivision boundaries (spatial lookup)","url":"https://geo.statcan.gc.ca/geo_wa/rest/services/2021/Cartographic_boundary_files/MapServer/9"},"community_display":"Calgary","is_unorganized":false,"panel_title":"Calgary","display_label":"Calgary","map_label":"48062145"},"geometry":{"type":"MultiPolygon","coordinates":[[[[-114.09997826100606,50.91437392595628],[-114.09998083899151,50.91410410687092],[-114.10018027510759,50.9141001027289],[-114.10070705296575,50.9140952120618],[-114.1013627729266,50.91407552447286],[-114.10271465436492,50.91407311870721],[-114.10285676219446,50.91407662291851],[-114.10419438221601,50.91407393284116],[-114.10575808620302,50.91408011747217],[-114.10575609790874,50.91469653792948],[-114.10575708541451,50.9162161385899],[-114.10575065217176,50.91759573558448],[-114.10575035331405,50.91767373993913],[-114.10285585898878,50.917699829785626],[-114.10272006495453,50.917698611543635],[-114.10043723774835,50.917730016032586],[-114.10016766718421,50.91773371478337],[-114.09998295784122,50.9177292287954],[-114.09997655674589,50.91760310956905],[-114.09997894003374,50.91710842606404],[-114.09997826100606,50.91437392595628]]]]}},{"type":"Feature","properties":{"DGUID":"2021S051248062146","DAUID":"48062146","LANDAREA":0.1415,"PRUID":"48","fed_num":"48008","da_code":"48062146","geo_name":"48062146","name_source":{"label":"Statistics Canada Census Profile 2021 DA WDS","url":"https://www12.statcan.gc.ca/wds-sdw/2021profile-profil2021-eng.cfm"},"population":670,"status":"ok","source":{"label":"Statistics Canada Census Profile 2021 DA WDS","url":"https://www12.statcan.gc.ca/wds-sdw/2021profile-profil2021-eng.cfm"},"community_name":"Calgary","community_source":{"label":"Statistics Canada 2021 census subdivision boundaries (spatial lookup)","url":"https://geo.statcan.gc.ca/geo_wa/rest/services/2021/Cartographic_boundary_files/MapServer/9"},"community_display":"Calgary","is_unorganized":false,"panel_title":"Calgary","display_label":"Calgary","map_label":"48062146"},"geometry":{"type":"MultiPolygon","coordinates":[[[[-114.09998033506658,50.911926894929096],[-114.09998467650493,50.91083901175723],[-114.10019496976052,50.91088920929763],[-114.10047856555053,50.910905308766765],[-114.10218656353042,50.910893710328125],[-114.102898570483,50.91088442716607],[-114.10302637879462,50.910887618114806],[-114.10534168593206,50.91089193725156],[-114.1054832748273,50.9113621387527],[-114.10564419401946,50.91184682554808],[-114.10568269857495,50.91209652800052],[-114.10569759435838,50.91232122582412],[-114.10574837816387,50.91331212206159],[-114.105758086661,50.913983325391214],[-114.10575808620302,50.91408011747217],[-114.10419438221601,50.91407393284116],[-114.10285676219446,50.91407662291851],[-114.10271465436492,50.91407311870721],[-114.1013627729266,50.91407552447286],[-114.10070705296575,50.9140952120618],[-114.10018027510759,50.9141001027289],[-114.09998083899151,50.91410410687092],[-114.09997554215099,50.91396011671367],[-114.09997394780109,50.91352832084513],[-114.09998033506658,50.911926894929096]]]]}},{"type":"Feature","properties":{"DGUID":"2021S051248062147","DAUID":"48062147","LANDAREA":0.193,"PRUID":"48","fed_num":"48008","da_code":"48062147","geo_name":"48062147","name_source":{"label":"Statistics Canada Census Profile 2021 DA WDS","url":"https://www12.statcan.gc.ca/wds-sdw/2021profile-profil2021-eng.cfm"},"population":971,"status":"ok","source":{"label":"Statistics Canada Census Profile 2021 DA WDS","url":"https://www12.statcan.gc.ca/wds-sdw/2021profile-profil2021-eng.cfm"},"community_name":"Calgary","community_source":{"label":"Statistics Canada 2021 census subdivision boundaries (spatial lookup)","url":"https://geo.statcan.gc.ca/geo_wa/rest/services/2021/Cartographic_boundary_files/MapServer/9"},"community_display":"Calgary","is_unorganized":false,"panel_title":"Calgary","display_label":"Calgary","map_label":"48062147"},"geometry":{"type":"MultiPolygon","coordinates":[[[[-114.09998467650493,50.91083901175723],[-114.0999847723111,50.91038032154667],[-114.09995307631439,50.90997470973952],[-114.09983339212756,50.9096120038689],[-114.09941846966802,50.90896300301757],[-114.09918799060215,50.90855249949684],[-114.09894129682633,50.90794371044773],[-114.09890080198326,50.90562200626924],[-114.09890329568046,50.90535218851257],[-114.09911688339709,50.90534849325283],[-114.09941519658753,50.905355908444434],[-114.1004760952276,50.905454193133465],[-114.10138930490973,50.90563889560135],[-114.10214239388314,50.90588241148535],[-114.10251438109987,50.906037976654936],[-114.10344581284838,50.90642751284797],[-114.10403340522032,50.90658600926442],[-114.10456761999481,50.906689226456855],[-114.10545528548968,50.906828231390826],[-114.10544020344311,50.907070708952126],[-114.10546939444826,50.907746021832786],[-114.10547579720411,50.90787211235112],[-114.10480879315827,50.907846634373676],[-114.10415367135867,50.90785731049769],[-114.10413269256493,50.90888223252595],[-114.10389979853831,50.90988390756697],[-114.10372478551884,50.90995152810829],[-114.10304188378188,50.90995251585566],[-114.10285657825517,50.90995690712895],[-114.10287297980305,50.9103801168017],[-114.10288938169676,50.91080332705607],[-114.102898570483,50.91088442716607],[-114.10218656353042,50.910893710328125],[-114.10047856555053,50.910905308766765],[-114.10019496976052,50.91088920929763],[-114.09998467650493,50.91083901175723]]]]}},{"type":"Feature","properties":{"DGUID":"2021S051248062148","DAUID":"48062148","LANDAREA":0.2084,"PRUID":"48","fed_num":"48008","da_code":"48062148","geo_name":"48062148","name_source":{"label":"Statistics Canada Census Profile 2021 DA WDS","url":"https://www12.statcan.gc.ca/wds-sdw/2021profile-profil2021-eng.cfm"},"population":1167,"status":"ok","source":{"label":"Statistics Canada Census Profile 2021 DA WDS","url":"https://www12.statcan.gc.ca/wds-sdw/2021profile-profil2021-eng.cfm"},"community_name":"Calgary","community_source":{"label":"Statistics Canada 2021 census subdivision boundaries (spatial lookup)","url":"https://geo.statcan.gc.ca/geo_wa/rest/services/2021/Cartographic_boundary_files/MapServer/9"},"community_display":"Calgary","is_unorganized":false,"panel_title":"Calgary","display_label":"Calgary","map_label":"48062148"},"geometry":{"type":"MultiPolygon","coordinates":[[[[-114.10599588116163,50.91125743851316],[-114.10568650719773,50.91131512650614],[-114.1054832748273,50.9113621387527],[-114.10534168593206,50.91089193725156],[-114.10302637879462,50.910887618114806],[-114.102898570483,50.91088442716607],[-114.10288938169676,50.91080332705607],[-114.10287297980305,50.9103801168017],[-114.10285657825517,50.90995690712895],[-114.10304188378188,50.90995251585566],[-114.10372478551884,50.90995152810829],[-114.10389979853831,50.90988390756697],[-114.10413269256493,50.90888223252595],[-114.10415367135867,50.90785731049769],[-114.10480879315827,50.907846634373676],[-114.10547579720411,50.90787211235112],[-114.10546939444826,50.907746021832786],[-114.10544020344311,50.907070708952126],[-114.10545528548968,50.906828231390826],[-114.10561089132761,50.906841139533014],[-114.10833777230741,50.90688429816417],[-114.10862400327893,50.906888832062734],[-114.10984672571635,50.90690113364736],[-114.11035862383724,50.90690483197097],[-114.11036170740489,50.90708484935228],[-114.11039591383272,50.90810514766504],[-114.11041251365116,50.90952783127051],[-114.11040302470724,50.91117024825147],[-114.10897088676009,50.911161028480116],[-114.10773669518183,50.911157744306614],[-114.10686637171307,50.911157721284695],[-114.10654869367441,50.91118643926721],[-114.10599588116163,50.91125743851316]]]]}},{"type":"Feature","properties":{"DGUID":"2021S051248062149","DAUID":"48062149","LANDAREA":0.1259,"PRUID":"48","fed_num":"48008","da_code":"48062149","geo_name":"48062149","name_source":{"label":"Statistics Canada Census Profile 2021 DA WDS","url":"https://www12.statcan.gc.ca/wds-sdw/2021profile-profil2021-eng.cfm"},"population":914,"status":"ok","source":{"label":"Statistics Canada Census Profile 2021 DA WDS","url":"https://www12.statcan.gc.ca/wds-sdw/2021profile-profil2021-eng.cfm"},"community_name":"Calgary","community_source":{"label":"Statistics Canada 2021 census subdivision boundaries (spatial lookup)","url":"https://geo.statcan.gc.ca/geo_wa/rest/services/2021/Cartographic_boundary_files/MapServer/9"},"community_display":"Calgary","is_unorganized":false,"panel_title":"Calgary","display_label":"Calgary","map_label":"48062149"},"geometry":{"type":"MultiPolygon","coordinates":[[[[-114.11040302470724,50.91117024825147],[-114.11041251365116,50.90952783127051],[-114.11039591383272,50.90810514766504],[-114.11054641959032,50.90810353397422],[-114.11112859016085,50.90810523349273],[-114.11173230625424,50.908102236653065],[-114.11173089605869,50.90859660489318],[-114.11172969180325,50.90902634228986],[-114.11259591642222,50.909027450307306],[-114.11315672141167,50.909024157433194],[-114.11346820677105,50.90901415801077],[-114.11397452988402,50.90901114632062],[-114.11471620473733,50.909006849632405],[-114.11472742790568,50.90845385537421],[-114.11498589613787,50.90844894711825],[-114.11516060332798,50.90850745924239],[-114.11573693094266,50.90849484399816],[-114.11572463302014,50.90809075861531],[-114.11705160982406,50.908096665557316],[-114.11705929727049,50.90850066102699],[-114.11707282764233,50.90921376879736],[-114.11707663147293,50.90941166059783],[-114.11705282559399,50.910805345411895],[-114.11705279556124,50.910897359231875],[-114.1163598181995,50.9108974543329],[-114.1159542122538,50.910897644353],[-114.11570921725676,50.9108428420193],[-114.11466812250136,50.91086765383719],[-114.11444401320458,50.91088836508679],[-114.11319890201047,50.91100304586786],[-114.11184799169628,50.91112514676393],[-114.1105303773881,50.91116924042691],[-114.11040302470724,50.91117024825147]]]]}},{"type":"Feature","properties":{"DGUID":"2021S051248062150","DAUID":"48062150","LANDAREA":0.1204,"PRUID":"48","fed_num":"48008","da_code":"48062150","geo_name":"48062150","name_source":{"label":"Statistics Canada Census Profile 2021 DA WDS","url":"https://www12.statcan.gc.ca/wds-sdw/2021profile-profil2021-eng.cfm"},"population":536,"status":"ok","source":{"label":"Statistics Canada Census Profile 2021 DA WDS","url":"https://www12.statcan.gc.ca/wds-sdw/2021profile-profil2021-eng.cfm"},"community_name":"Calgary","community_source":{"label":"Statistics Canada 2021 census subdivision boundaries (spatial lookup)","url":"https://geo.statcan.gc.ca/geo_wa/rest/services/2021/Cartographic_boundary_files/MapServer/9"},"community_display":"Calgary","is_unorganized":false,"panel_title":"Calgary","display_label":"Calgary","map_label":"48062150"},"geometry":{"type":"MultiPolygon","coordinates":[[[[-114.10547152980645,50.90381532867257],[-114.10547740545107,50.90303292248589],[-114.10570521378256,50.90302951104748],[-114.10781072550392,50.9030278362381],[-114.10853562386542,50.90303673312444],[-114.1087556249453,50.90315913038913],[-114.10905140771925,50.903436326697935],[-114.10908601367366,50.90563204310649],[-114.11036720505123,50.905618734846],[-114.11035830449602,50.90667993811958],[-114.11035856118993,50.906768247195664],[-114.11035872548362,50.90683193908985],[-114.11035862383724,50.90690483197097],[-114.10984672571635,50.90690113364736],[-114.10862400327893,50.906888832062734],[-114.10833777230741,50.90688429816417],[-114.10561089132761,50.906841139533014],[-114.10545528548968,50.906828231390826],[-114.10545668812064,50.90676233566076],[-114.10545106499426,50.906710832720314],[-114.10544019843655,50.9066120337526],[-114.10546569236095,50.904597728002074],[-114.10547152980645,50.90381532867257]]]]}},{"type":"Feature","properties":{"DGUID":"2021S051248062156","DAUID":"48062156","LANDAREA":0.9568,"PRUID":"48","fed_num":"48008","da_code":"48062156","geo_name":"48062156","name_source":{"label":"Statistics Canada Census Profile 2021 DA WDS","url":"https://www12.statcan.gc.ca/wds-sdw/2021profile-profil2021-eng.cfm"},"population":1265,"status":"ok","source":{"label":"Statistics Canada Census Profile 2021 DA WDS","url":"https://www12.statcan.gc.ca/wds-sdw/2021profile-profil2021-eng.cfm"},"community_name":"Calgary","community_source":{"label":"Statistics Canada 2021 census subdivision boundaries (spatial lookup)","url":"https://geo.statcan.gc.ca/geo_wa/rest/services/2021/Cartographic_boundary_files/MapServer/9"},"community_display":"Calgary","is_unorganized":false,"panel_title":"Calgary","display_label":"Calgary","map_label":"48062156"},"geometry":{"type":"MultiPolygon","coordinates":[[[[-114.1389003914963,50.92913650217526],[-114.13854939872061,50.92906309029354],[-114.13783988427458,50.92887050284279],[-114.1371270692398,50.92864059249832],[-114.13688658512682,50.92851719471847],[-114.13678798843333,50.928347009701604],[-114.13678569791493,50.9280062129388],[-114.13663569412498,50.927883990537495],[-114.135528503065,50.927522907879215],[-114.1354063919861,50.92751840300011],[-114.13515731012996,50.92737768631818],[-114.13471492227632,50.92705689328805],[-114.13444220317979,50.92680700395627],[-114.13423049958892,50.92649779582261],[-114.1339672917735,50.92623668102532],[-114.13380792792152,50.926125677156605],[-114.13355360783892,50.926004975015246],[-114.13294520205191,50.925773594026936],[-114.13240460773783,50.92568048055413],[-114.13214660582007,50.925674287142314],[-114.13086871719912,50.92554557668098],[-114.13012340631693,50.9256158781432],[-114.12942810817482,50.92581855433435],[-114.128543876354,50.926247771540076],[-114.12795709880167,50.92645755812265],[-114.12759558588807,50.92672322520139],[-114.12722860977024,50.926911321823354],[-114.12676831046134,50.927079725599555],[-114.12660045900607,50.927323099740455],[-114.12650513451328,50.9276299766039],[-114.1260590655796,50.92798342126552],[-114.12549762724188,50.92823962720702],[-114.12487412953911,50.92864103555045],[-114.12442028999793,50.92884314849519],[-114.12406498986553,50.92892710224034],[-114.12306999914505,50.92886733640839],[-114.12279466718336,50.92855076739737],[-114.12312070736829,50.92815396290719],[-114.1233590521248,50.92764505790208],[-114.12336194474585,50.92719609900238],[-114.1226638063677,50.92701289302141],[-114.12213458320211,50.92668709571011],[-114.121922530186,50.92645337631477],[-114.12158487295902,50.92645286040161],[-114.12120020411766,50.92650696148346],[-114.12056062828009,50.92665445177416],[-114.11950414769454,50.92690781826217],[-114.11851471480273,50.927143618694274],[-114.11802879739881,50.92726835084846],[-114.11803653105522,50.92716560749228],[-114.11805690228171,50.92689654740033],[-114.11822784982718,50.92367727237579],[-114.11860307405276,50.92371265929187],[-114.11865837975293,50.923424366903966],[-114.1187610647312,50.923214985419136],[-114.1189309852901,50.92306088353169],[-114.11925086753365,50.92289898766463],[-114.11950369293032,50.92283176371744],[-114.11979606430558,50.922788374931436],[-114.12043207230005,50.922685669294815],[-114.12147557681841,50.922630493269246],[-114.12191639122135,50.922651977779765],[-114.12227449920029,50.92272667620335],[-114.12247516518596,50.922781878532746],[-114.12307036563581,50.92279718240741],[-114.12307917963923,50.922725382077786],[-114.12320620503748,50.922040782613806],[-114.12323787495106,50.92155898357129],[-114.12324179799246,50.92139428832667],[-114.12339479272741,50.92140208684332],[-114.12384654774641,50.921414015597854],[-114.1243033969506,50.921426088870994],[-114.12454920102444,50.921432576057185],[-114.12676630464661,50.921421807790786],[-114.12731169890385,50.92142139814768],[-114.1280054961673,50.9213309101919],[-114.12892612062018,50.9211186990245],[-114.12984661137008,50.920944807155195],[-114.13048433047902,50.92086500800015],[-114.13110041732874,50.92087951489098],[-114.13157872032028,50.920995527700754],[-114.13198463052092,50.92117670357519],[-114.13231141243449,50.92136801595051],[-114.13252102677252,50.92154101757612],[-114.13310332727127,50.92202241357546],[-114.13320361981854,50.92209822684459],[-114.13346280012593,50.92187271614049],[-114.13365282733506,50.92178502884631],[-114.13399723798302,50.92159802636846],[-114.13416441392134,50.92150743354999],[-114.13430562996489,50.921424538523794],[-114.13466134733984,50.92135643164565],[-114.13593413940248,50.921325823820744],[-114.13839049792489,50.921322684449336],[-114.13841043189807,50.92132265387926],[-114.14025931833453,50.92134104225708],[-114.14072748349273,50.921341783834535],[-114.1403963252725,50.928814500299374],[-114.1402579597318,50.928818901247844],[-114.13999351134547,50.92882731826161],[-114.13913626755013,50.929128101987345],[-114.1389003914963,50.92913650217526]]]]}},{"type":"Feature","properties":{"DGUID":"2021S051248062157","DAUID":"48062157","LANDAREA":1.28,"PRUID":"48","fed_num":"48008","da_code":"48062157","geo_name":"48062157","name_source":{"label":"Statistics Canada Census Profile 2021 DA WDS","url":"https://www12.statcan.gc.ca/wds-sdw/2021profile-profil2021-eng.cfm"},"population":1263,"status":"ok","source":{"label":"Statistics Canada Census Profile 2021 DA WDS","url":"https://www12.statcan.gc.ca/wds-sdw/2021profile-profil2021-eng.cfm"},"community_name":"Calgary","community_source":{"label":"Statistics Canada 2021 census subdivision boundaries (spatial lookup)","url":"https://geo.statcan.gc.ca/geo_wa/rest/services/2021/Cartographic_boundary_files/MapServer/9"},"community_display":"Calgary","is_unorganized":false,"panel_title":"Calgary","display_label":"Calgary","map_label":"48062157"},"geometry":{"type":"MultiPolygon","coordinates":[[[[-114.09864540128538,50.93449711527971],[-114.09777715445253,50.93403447474346],[-114.09728287784438,50.93373903031985],[-114.09642089541977,50.93331392523481],[-114.09574219715093,50.932853821062906],[-114.0951857860586,50.93229012624665],[-114.0947597667488,50.93217279191722],[-114.09474728239039,50.9309565271154],[-114.09482540321645,50.930616615612024],[-114.09512219908235,50.930651002141296],[-114.09535870597323,50.93073781279407],[-114.09572898819609,50.93096292434386],[-114.09598788831244,50.931149214688915],[-114.09676640685213,50.93144751695695],[-114.09743459698218,50.93168902457839],[-114.09763190345141,50.93172091088909],[-114.09920940713148,50.931760129226895],[-114.09930031815291,50.93167242980295],[-114.09932629837093,50.93102542059387],[-114.09933468189065,50.930890714782564],[-114.09946941346536,50.93032742518299],[-114.09964582112006,50.9300079163377],[-114.1000132054352,50.929594310489726],[-114.10095320567143,50.928898039247635],[-114.10111682570114,50.92878521760211],[-114.1015518080144,50.92842722079137],[-114.10206961204078,50.927882428995765],[-114.10205931436909,50.92781911571725],[-114.10196492764118,50.92773583574538],[-114.10082250789522,50.92733873371433],[-114.10143562264585,50.92663431362371],[-114.10196074222472,50.92597273443925],[-114.10245451830956,50.92535531622049],[-114.1025935181151,50.92517892511898],[-114.10289251315515,50.924718619158945],[-114.10303304489332,50.92429033693935],[-114.10305702675457,50.923904133648236],[-114.10294815329509,50.92359561861477],[-114.10238792765095,50.9227631332394],[-114.10235144015721,50.922663323175534],[-114.1022940527917,50.92254132271444],[-114.10227665938689,50.92180691550424],[-114.10226606343657,50.92144699122509],[-114.10664135071522,50.92137232393515],[-114.10898692209875,50.921215305840235],[-114.11005787488703,50.92122175136539],[-114.11102586893622,50.92134995589932],[-114.11144938695365,50.92139264799836],[-114.11520338084559,50.92139046034457],[-114.1170402341921,50.921387681894586],[-114.11812264299294,50.921386032455516],[-114.11919059233458,50.92138437455435],[-114.1225198952637,50.92139428300596],[-114.12324179799246,50.92139428832667],[-114.12323787495106,50.92155898357129],[-114.12320620503748,50.922040782613806],[-114.12307917963923,50.922725382077786],[-114.12307036563581,50.92279718240741],[-114.12247516518596,50.922781878532746],[-114.12227449920029,50.92272667620335],[-114.12191639122135,50.922651977779765],[-114.12147557681841,50.922630493269246],[-114.12043207230005,50.922685669294815],[-114.11979606430558,50.922788374931436],[-114.11950369293032,50.92283176371744],[-114.11925086753365,50.92289898766463],[-114.1189309852901,50.92306088353169],[-114.1187610647312,50.923214985419136],[-114.11865837975293,50.923424366903966],[-114.11860307405276,50.92371265929187],[-114.11822784982718,50.92367727237579],[-114.11805690228171,50.92689654740033],[-114.11803653105522,50.92716560749228],[-114.11802879739881,50.92726835084846],[-114.11725354913965,50.92732157837806],[-114.11672872986475,50.927309490710236],[-114.1153623857885,50.92729315378422],[-114.11415271867017,50.92698730819498],[-114.11306725745824,50.9268354909762],[-114.11281085274862,50.92679964094227],[-114.11251184699307,50.92693400717092],[-114.11173361813746,50.927092689797654],[-114.11114166434618,50.92707595086206],[-114.11089380541189,50.926860221140984],[-114.11054842418599,50.92649239621942],[-114.10968787471624,50.92643781512468],[-114.10953581802502,50.92644191664454],[-114.1089753188033,50.9265126506282],[-114.10869989746568,50.92691717634041],[-114.10872648175119,50.927310601689896],[-114.10912321692577,50.928017861257665],[-114.10954767315403,50.92819410663984],[-114.10988855128755,50.92854431013152],[-114.10951003440404,50.92903773828925],[-114.10985393859359,50.92976731295077],[-114.11020642609533,50.93027945394513],[-114.11006824643437,50.93057441499817],[-114.10967854987476,50.93090974802337],[-114.10905026345424,50.931210475781185],[-114.10866299225812,50.93139715397232],[-114.1078222655173,50.93171992825928],[-114.10656695149517,50.93245744104208],[-114.10620352445203,50.93270578587429],[-114.10552054722321,50.93291187742493],[-114.1049446927888,50.933109580528246],[-114.10444631641333,50.93310585575651],[-114.10403831376432,50.93297333356219],[-114.10356286085853,50.93292619409288],[-114.1031894105205,50.933159157822935],[-114.10371586610378,50.933591537668],[-114.10440723413727,50.93409489059494],[-114.10494080075078,50.93460070883888],[-114.1051246073232,50.93502610887224],[-114.10485870289138,50.93523352965945],[-114.1035430030323,50.935331998446756],[-114.10229971875135,50.9353609918782],[-114.10151972510472,50.93523860056243],[-114.10089326079948,50.9351685240703],[-114.10022960525224,50.93480762241323],[-114.09963260750295,50.934747519075195],[-114.09926089888351,50.93473537430526],[-114.09864540128538,50.93449711527971]]]]}},{"type":"Feature","properties":{"DGUID":"2021S051248062187","DAUID":"48062187","LANDAREA":0.1921,"PRUID":"48","fed_num":"48008","da_code":"48062187","geo_name":"48062187","name_source":{"label":"Statistics Canada Census Profile 2021 DA WDS","url":"https://www12.statcan.gc.ca/wds-sdw/2021profile-profil2021-eng.cfm"},"population":752,"status":"ok","source":{"label":"Statistics Canada Census Profile 2021 DA WDS","url":"https://www12.statcan.gc.ca/wds-sdw/2021profile-profil2021-eng.cfm"},"community_name":"Calgary","community_source":{"label":"Statistics Canada 2021 census subdivision boundaries (spatial lookup)","url":"https://geo.statcan.gc.ca/geo_wa/rest/services/2021/Cartographic_boundary_files/MapServer/9"},"community_display":"Calgary","is_unorganized":false,"panel_title":"Calgary","display_label":"Calgary","map_label":"48062187"},"geometry":{"type":"MultiPolygon","coordinates":[[[[-114.0939487875794,50.9104369965123],[-114.09401386363302,50.909620093055345],[-114.0947068203011,50.9095936416506],[-114.0952974938382,50.90957109767681],[-114.09760069482292,50.909367501132294],[-114.09841987121295,50.90923499809972],[-114.09871018245592,50.90914329529655],[-114.09902828487738,50.909061207907236],[-114.09941846966802,50.90896300301757],[-114.09983339212756,50.9096120038689],[-114.09995307631439,50.90997470973952],[-114.0999847723111,50.91038032154667],[-114.09998467650493,50.91083901175723],[-114.09998033506658,50.911926894929096],[-114.09997394780109,50.91352832084513],[-114.09997554215099,50.91396011671367],[-114.09998083899151,50.91410410687092],[-114.09916995282302,50.914102007902436],[-114.09704924830919,50.91411221609213],[-114.09689297768729,50.91410830607205],[-114.0959394667901,50.914111514221936],[-114.09403084280028,50.9141105923227],[-114.09402687350808,50.91396569532591],[-114.09395766094805,50.91143560920195],[-114.0939487875794,50.9104369965123]]]]}},{"type":"Feature","properties":{"DGUID":"2021S051248062188","DAUID":"48062188","LANDAREA":0.1469,"PRUID":"48","fed_num":"48008","da_code":"48062188","geo_name":"48062188","name_source":{"label":"Statistics Canada Census Profile 2021 DA WDS","url":"https://www12.statcan.gc.ca/wds-sdw/2021profile-profil2021-eng.cfm"},"population":541,"status":"ok","source":{"label":"Statistics Canada Census Profile 2021 DA WDS","url":"https://www12.statcan.gc.ca/wds-sdw/2021profile-profil2021-eng.cfm"},"community_name":"Calgary","community_source":{"label":"Statistics Canada 2021 census subdivision boundaries (spatial lookup)","url":"https://geo.statcan.gc.ca/geo_wa/rest/services/2021/Cartographic_boundary_files/MapServer/9"},"community_display":"Calgary","is_unorganized":false,"panel_title":"Calgary","display_label":"Calgary","map_label":"48062188"},"geometry":{"type":"MultiPolygon","coordinates":[[[[-114.09031887671965,50.91023859302047],[-114.09022014991358,50.90976839512175],[-114.09231397148706,50.90973058652143],[-114.09306907773275,50.90971339230886],[-114.09401386363302,50.909620093055345],[-114.0939487875794,50.9104369965123],[-114.09395766094805,50.91143560920195],[-114.09402687350808,50.91396569532591],[-114.09403084280028,50.9141105923227],[-114.09328121453187,50.914110244705675],[-114.09262425471924,50.91410990600721],[-114.09243954574724,50.91410530043962],[-114.09171384695263,50.914105209643736],[-114.08946586061278,50.91410309222283],[-114.08932385896827,50.91409960024118],[-114.08933227243116,50.91396490257329],[-114.08934884498967,50.913470592846906],[-114.08941296350619,50.913355188687135],[-114.08941668216481,50.91306750754995],[-114.08940976114744,50.91226670971798],[-114.08943785013822,50.911817700472156],[-114.08967616863143,50.91141889560251],[-114.09015295561301,50.910846109818806],[-114.0902504470567,50.910650595794465],[-114.09031887671965,50.91023859302047]]]]}},{"type":"Feature","properties":{"DGUID":"2021S051248062189","DAUID":"48062189","LANDAREA":0.2189,"PRUID":"48","fed_num":"48008","da_code":"48062189","geo_name":"48062189","name_source":{"label":"Statistics Canada Census Profile 2021 DA WDS","url":"https://www12.statcan.gc.ca/wds-sdw/2021profile-profil2021-eng.cfm"},"population":1003,"status":"ok","source":{"label":"Statistics Canada Census Profile 2021 DA WDS","url":"https://www12.statcan.gc.ca/wds-sdw/2021profile-profil2021-eng.cfm"},"community_name":"Calgary","community_source":{"label":"Statistics Canada 2021 census subdivision boundaries (spatial lookup)","url":"https://geo.statcan.gc.ca/geo_wa/rest/services/2021/Cartographic_boundary_files/MapServer/9"},"community_display":"Calgary","is_unorganized":false,"panel_title":"Calgary","display_label":"Calgary","map_label":"48062189"},"geometry":{"type":"MultiPolygon","coordinates":[[[[-114.08932927839531,50.904439096967856],[-114.0895516972664,50.90406680109538],[-114.09373007714491,50.905043486154895],[-114.09406626531549,50.90510682152901],[-114.09411319562057,50.90528690351941],[-114.09395607417495,50.905525893009305],[-114.09398866919909,50.9063721972833],[-114.093998367629,50.906444394257974],[-114.0940053932278,50.90724520063602],[-114.09402226949639,50.90880171358435],[-114.09401386363302,50.909620093055345],[-114.09306907773275,50.90971339230886],[-114.09231397148706,50.90973058652143],[-114.09022014991358,50.90976839512175],[-114.08984406155905,50.90918330597413],[-114.08894468345571,50.90854919521726],[-114.08840507233228,50.90807700381185],[-114.08803638945378,50.90737518560976],[-114.08797864900069,50.90726938195127],[-114.08774276480405,50.90683708987353],[-114.08724917779638,50.9063121059456],[-114.08826518529717,50.905761785384925],[-114.08854738137063,50.905570880469874],[-114.0889803790644,50.90501498465716],[-114.08932927839531,50.904439096967856]]]]}},{"type":"Feature","properties":{"DGUID":"2021S051248062190","DAUID":"48062190","LANDAREA":0.1482,"PRUID":"48","fed_num":"48008","da_code":"48062190","geo_name":"48062190","name_source":{"label":"Statistics Canada Census Profile 2021 DA WDS","url":"https://www12.statcan.gc.ca/wds-sdw/2021profile-profil2021-eng.cfm"},"population":741,"status":"ok","source":{"label":"Statistics Canada Census Profile 2021 DA WDS","url":"https://www12.statcan.gc.ca/wds-sdw/2021profile-profil2021-eng.cfm"},"community_name":"Calgary","community_source":{"label":"Statistics Canada 2021 census subdivision boundaries (spatial lookup)","url":"https://geo.statcan.gc.ca/geo_wa/rest/services/2021/Cartographic_boundary_files/MapServer/9"},"community_display":"Calgary","is_unorganized":false,"panel_title":"Calgary","display_label":"Calgary","map_label":"48062190"},"geometry":{"type":"MultiPolygon","coordinates":[[[[-114.09411319562057,50.90528690351941],[-114.09406626531549,50.90510682152901],[-114.09499557330395,50.90528188803828],[-114.09659890710338,50.90534880824311],[-114.09797839018069,50.905356193217465],[-114.09890329568046,50.90535218851257],[-114.09890080198326,50.90562200626924],[-114.09894129682633,50.90794371044773],[-114.09918799060215,50.90855249949684],[-114.09941846966802,50.90896300301757],[-114.09902828487738,50.909061207907236],[-114.09871018245592,50.90914329529655],[-114.09841987121295,50.90923499809972],[-114.09760069482292,50.909367501132294],[-114.0952974938382,50.90957109767681],[-114.0947068203011,50.9095936416506],[-114.09401386363302,50.909620093055345],[-114.09402226949639,50.90880171358435],[-114.0940053932278,50.90724520063602],[-114.093998367629,50.906444394257974],[-114.09398866919909,50.9063721972833],[-114.09395607417495,50.905525893009305],[-114.09411319562057,50.90528690351941]]]]}},{"type":"Feature","properties":{"DGUID":"2021S051248062217","DAUID":"48062217","LANDAREA":0.1677,"PRUID":"48","fed_num":"48008","da_code":"48062217","geo_name":"48062217","name_source":{"label":"Statistics Canada Census Profile 2021 DA WDS","url":"https://www12.statcan.gc.ca/wds-sdw/2021profile-profil2021-eng.cfm"},"population":419,"status":"ok","source":{"label":"Statistics Canada Census Profile 2021 DA WDS","url":"https://www12.statcan.gc.ca/wds-sdw/2021profile-profil2021-eng.cfm"},"community_name":"Calgary","community_source":{"label":"Statistics Canada 2021 census subdivision boundaries (spatial lookup)","url":"https://geo.statcan.gc.ca/geo_wa/rest/services/2021/Cartographic_boundary_files/MapServer/9"},"community_display":"Calgary","is_unorganized":false,"panel_title":"Calgary","display_label":"Calgary","map_label":"48062217"},"geometry":{"type":"MultiPolygon","coordinates":[[[[-114.09881032214716,50.92330220166829],[-114.09891638898888,50.92141407605956],[-114.10226606343657,50.92144699122509],[-114.10227665938689,50.92180691550424],[-114.1022940527917,50.92254132271444],[-114.10235144015721,50.922663323175534],[-114.10238792765095,50.9227631332394],[-114.10294815329509,50.92359561861477],[-114.10305702675457,50.923904133648236],[-114.10303304489332,50.92429033693935],[-114.10289251315515,50.924718619158945],[-114.1025935181151,50.92517892511898],[-114.10245451830956,50.92535531622049],[-114.10196074222472,50.92597273443925],[-114.10143562264585,50.92663431362371],[-114.10082250789522,50.92733873371433],[-114.10032374087535,50.927578124268216],[-114.0992109578375,50.92774147641551],[-114.09923561620275,50.927127154023616],[-114.09896320948397,50.92679772658402],[-114.09881345747868,50.926488220828965],[-114.09860763655038,50.92592628042594],[-114.09843838309972,50.92475727659255],[-114.09869696743591,50.923745651469936],[-114.09881032214716,50.92330220166829]]]]}},{"type":"Feature","properties":{"DGUID":"2021S051248062218","DAUID":"48062218","LANDAREA":0.2017,"PRUID":"48","fed_num":"48008","da_code":"48062218","geo_name":"48062218","name_source":{"label":"Statistics Canada Census Profile 2021 DA WDS","url":"https://www12.statcan.gc.ca/wds-sdw/2021profile-profil2021-eng.cfm"},"population":863,"status":"ok","source":{"label":"Statistics Canada Census Profile 2021 DA WDS","url":"https://www12.statcan.gc.ca/wds-sdw/2021profile-profil2021-eng.cfm"},"community_name":"Calgary","community_source":{"label":"Statistics Canada 2021 census subdivision boundaries (spatial lookup)","url":"https://geo.statcan.gc.ca/geo_wa/rest/services/2021/Cartographic_boundary_files/MapServer/9"},"community_display":"Calgary","is_unorganized":false,"panel_title":"Calgary","display_label":"Calgary","map_label":"48062218"},"geometry":{"type":"MultiPolygon","coordinates":[[[[-114.09487184273246,50.92142492150947],[-114.09488023920757,50.921290220205],[-114.09629900728409,50.921333768474874],[-114.09891638898888,50.92141407605956],[-114.09881032214716,50.92330220166829],[-114.09869696743591,50.923745651469936],[-114.09843838309972,50.92475727659255],[-114.09860763655038,50.92592628042594],[-114.09881345747868,50.926488220828965],[-114.09896320948397,50.92679772658402],[-114.09923561620275,50.927127154023616],[-114.0992109578375,50.92774147641551],[-114.09749391902521,50.92799351183098],[-114.09688061244033,50.928014228459524],[-114.09605981037124,50.927939803141726],[-114.09485412133762,50.927873824971016],[-114.0948574291802,50.9259940029991],[-114.09486733718043,50.924465114253195],[-114.0948718441088,50.92336831751903],[-114.09487333064934,50.92299901598472],[-114.09488071271294,50.92242352077059],[-114.09487321399958,50.92231541117157],[-114.0948790488477,50.9217669206783],[-114.09487184273246,50.92142492150947]]]]}},{"type":"Feature","properties":{"DGUID":"2021S051248062287","DAUID":"48062287","LANDAREA":0.2437,"PRUID":"48","fed_num":"48008","da_code":"48062287","geo_name":"48062287","name_source":{"label":"Statistics Canada Census Profile 2021 DA WDS","url":"https://www12.statcan.gc.ca/wds-sdw/2021profile-profil2021-eng.cfm"},"population":538,"status":"ok","source":{"label":"Statistics Canada Census Profile 2021 DA WDS","url":"https://www12.statcan.gc.ca/wds-sdw/2021profile-profil2021-eng.cfm"},"community_name":"Calgary","community_source":{"label":"Statistics Canada 2021 census subdivision boundaries (spatial lookup)","url":"https://geo.statcan.gc.ca/geo_wa/rest/services/2021/Cartographic_boundary_files/MapServer/9"},"community_display":"Calgary","is_unorganized":false,"panel_title":"Calgary","display_label":"Calgary","map_label":"48062287"},"geometry":{"type":"MultiPolygon","coordinates":[[[[-114.09816209403503,50.90286010876426],[-114.09747971538782,50.90216850700524],[-114.09510600368195,50.900310404558766],[-114.09437358931335,50.89950958312232],[-114.09402311066253,50.89897019037555],[-114.0937952931943,50.89862317963041],[-114.09372527384559,50.89848905187035],[-114.09362922418477,50.89830499041353],[-114.09349332833717,50.89804648834662],[-114.09338931302302,50.897758481933586],[-114.09330232180956,50.89740128971893],[-114.09323003072592,50.897093779915565],[-114.09317312064526,50.89679626870578],[-114.09314582801657,50.89658807931209],[-114.09314973203819,50.896390069554016],[-114.09319362787619,50.89609437703468],[-114.09328671680572,50.895787072827446],[-114.09340162387973,50.89551068870407],[-114.09361091585167,50.89521516767874],[-114.09377193643975,50.89498868402069],[-114.09380652966439,50.89482067867764],[-114.0938134227841,50.89446417716291],[-114.09392955558442,50.89430837361437],[-114.09893425360485,50.89430325838297],[-114.09907144145474,50.895155115464355],[-114.09909615497894,50.895390493726175],[-114.0990534438905,50.89584819240274],[-114.09906763693138,50.89630728081507],[-114.09908200774333,50.8965324921982],[-114.09924071905688,50.89672539500087],[-114.0993284276149,50.89691638750964],[-114.09934190830245,50.89738450600134],[-114.09806101195906,50.897397583968775],[-114.09809201847729,50.89666979879047],[-114.09805884413969,50.89583239065754],[-114.0975311182587,50.89585529560857],[-114.09694223730361,50.895948584081346],[-114.0963743128247,50.89615928114207],[-114.09623761637172,50.89629979000949],[-114.09633981647565,50.897399791406414],[-114.096438233273,50.89810379771563],[-114.09651971285281,50.89885250372357],[-114.0965604992879,50.8993392090952],[-114.09665959418042,50.89957550310647],[-114.09808151525188,50.89958390601549],[-114.09829511085944,50.8995802037746],[-114.098989293809,50.89962450224157],[-114.09927611938987,50.89958668693843],[-114.09927599120844,50.90050409973678],[-114.09931461758165,50.901026793870386],[-114.09956350241134,50.901599710128174],[-114.09998188018935,50.902419594727704],[-114.09926000176132,50.90259060436999],[-114.09835129715398,50.902792912238155],[-114.09816209403503,50.90286010876426]]]]}},{"type":"Feature","properties":{"DGUID":"2021S051248062288","DAUID":"48062288","LANDAREA":1.013,"PRUID":"48","fed_num":"48008","da_code":"48062288","geo_name":"48062288","name_source":{"label":"Statistics Canada Census Profile 2021 DA WDS","url":"https://www12.statcan.gc.ca/wds-sdw/2021profile-profil2021-eng.cfm"},"population":1550,"status":"ok","source":{"label":"Statistics Canada Census Profile 2021 DA WDS","url":"https://www12.statcan.gc.ca/wds-sdw/2021profile-profil2021-eng.cfm"},"community_name":"Calgary","community_source":{"label":"Statistics Canada 2021 census subdivision boundaries (spatial lookup)","url":"https://geo.statcan.gc.ca/geo_wa/rest/services/2021/Cartographic_boundary_files/MapServer/9"},"community_display":"Calgary","is_unorganized":false,"panel_title":"Calgary","display_label":"Calgary","map_label":"48062288"},"geometry":{"type":"MultiPolygon","coordinates":[[[[-114.11012234001743,50.895106525921406],[-114.1088561454553,50.89511113586314],[-114.10878715511372,50.89530732658498],[-114.10880024215871,50.89624311869634],[-114.10875646217019,50.896760527438026],[-114.1085357454043,50.8972789356074],[-114.10713841813256,50.89707871604534],[-114.10621891529986,50.897042612606825],[-114.10485162348317,50.89707162460078],[-114.10351281273122,50.897101400794966],[-114.10335600754755,50.89710650256916],[-114.10198881633079,50.89713550652349],[-114.10073402938961,50.897185292296065],[-114.10061693261066,50.89655269207885],[-114.1009184125228,50.896506204547876],[-114.10092883163706,50.89611069438487],[-114.10096812305191,50.89570690453707],[-114.10096793385894,50.89548200075758],[-114.1008643221016,50.895317495129206],[-114.09945622120593,50.89531850191393],[-114.09909615497894,50.895390493726175],[-114.09907144145474,50.895155115464355],[-114.09893425360485,50.89430325838297],[-114.09392955558442,50.89430837361437],[-114.09394956348424,50.89215907171601],[-114.0939497739939,50.890488994513525],[-114.0950711761502,50.89054274074169],[-114.09593961483658,50.89120410765623],[-114.10539914174582,50.891316595860324],[-114.11244784900447,50.89124654720845],[-114.11465970827823,50.88859892616602],[-114.11551997307537,50.88855429257942],[-114.1141443491473,50.886026041324826],[-114.1171887912152,50.88478425645931],[-114.11718839021228,50.884886258262966],[-114.1171819040905,50.886594533770214],[-114.11716095467506,50.892141446950774],[-114.11711007711465,50.893885248706376],[-114.11713527538946,50.894433758575694],[-114.1171289269789,50.89628231580429],[-114.11712754787355,50.896687863827374],[-114.11713695658449,50.89739795747204],[-114.1158256285282,50.89739094604726],[-114.1145194375857,50.8973909362729],[-114.11440316169808,50.89739364349275],[-114.11137713479232,50.89739843521424],[-114.11139765982507,50.895236527779936],[-114.11139814327515,50.89518634245409],[-114.11114527198015,50.89512282868903],[-114.11012234001743,50.895106525921406]]]]}},{"type":"Feature","properties":{"DGUID":"2021S051248062416","DAUID":"48062416","LANDAREA":0.1202,"PRUID":"48","fed_num":"48008","da_code":"48062416","geo_name":"48062416","name_source":{"label":"Statistics Canada Census Profile 2021 DA WDS","url":"https://www12.statcan.gc.ca/wds-sdw/2021profile-profil2021-eng.cfm"},"population":316,"status":"ok","source":{"label":"Statistics Canada Census Profile 2021 DA WDS","url":"https://www12.statcan.gc.ca/wds-sdw/2021profile-profil2021-eng.cfm"},"community_name":"Calgary","community_source":{"label":"Statistics Canada 2021 census subdivision boundaries (spatial lookup)","url":"https://geo.statcan.gc.ca/geo_wa/rest/services/2021/Cartographic_boundary_files/MapServer/9"},"community_display":"Calgary","is_unorganized":false,"panel_title":"Calgary","display_label":"Calgary","map_label":"48062416"},"geometry":{"type":"MultiPolygon","coordinates":[[[[-114.09927611938987,50.89958668693843],[-114.09934190830245,50.89738450600134],[-114.10073402938961,50.897185292296065],[-114.10116400725775,50.898734092371896],[-114.10145552886553,50.899766813768466],[-114.10156349449433,50.89985941099191],[-114.10226581561548,50.90000281223658],[-114.1027620069109,50.90025800576724],[-114.1030953960912,50.900617016070136],[-114.10326241678601,50.90067521562109],[-114.1041600137921,50.90065252402143],[-114.10479471990226,50.900740204879526],[-114.10455320612186,50.901192917133855],[-114.10455401549308,50.90140882260755],[-114.10453281973525,50.902208929278956],[-114.10326822612036,50.90218651051604],[-114.10133039687717,50.90223731532823],[-114.1012156869229,50.90225241542587],[-114.09998188018935,50.902419594727704],[-114.09956350241134,50.901599710128174],[-114.09931461758165,50.901026793870386],[-114.09927599120844,50.90050409973678],[-114.09927611938987,50.89958668693843]]]]}},{"type":"Feature","properties":{"DGUID":"2021S051248062417","DAUID":"48062417","LANDAREA":0.0259,"PRUID":"48","fed_num":"48008","da_code":"48062417","geo_name":"48062417","name_source":{"label":"Statistics Canada Census Profile 2021 DA WDS","url":"https://www12.statcan.gc.ca/wds-sdw/2021profile-profil2021-eng.cfm"},"population":299,"status":"ok","source":{"label":"Statistics Canada Census Profile 2021 DA WDS","url":"https://www12.statcan.gc.ca/wds-sdw/2021profile-profil2021-eng.cfm"},"community_name":"Calgary","community_source":{"label":"Statistics Canada 2021 census subdivision boundaries (spatial lookup)","url":"https://geo.statcan.gc.ca/geo_wa/rest/services/2021/Cartographic_boundary_files/MapServer/9"},"community_display":"Calgary","is_unorganized":false,"panel_title":"Calgary","display_label":"Calgary","map_label":"48062417"},"geometry":{"type":"MultiPolygon","coordinates":[[[[-114.0993284276149,50.89691638750964],[-114.09924071905688,50.89672539500087],[-114.09908200774333,50.8965324921982],[-114.09906763693138,50.89630728081507],[-114.0990534438905,50.89584819240274],[-114.09909615497894,50.895390493726175],[-114.09945622120593,50.89531850191393],[-114.1008643221016,50.895317495129206],[-114.10096793385894,50.89548200075758],[-114.10096812305191,50.89570690453707],[-114.10092883163706,50.89611069438487],[-114.1009184125228,50.896506204547876],[-114.10061693261066,50.89655269207885],[-114.10073402938961,50.897185292296065],[-114.09934190830245,50.89738450600134],[-114.0993284276149,50.89691638750964]]]]}},{"type":"Feature","properties":{"DGUID":"2021S051248062578","DAUID":"48062578","LANDAREA":16.3982,"PRUID":"48","fed_num":"48008","da_code":"48062578","geo_name":"48062578","name_source":{"label":"Statistics Canada Census Profile 2021 DA WDS","url":"https://www12.statcan.gc.ca/wds-sdw/2021profile-profil2021-eng.cfm"},"population":769,"status":"ok","source":{"label":"Statistics Canada Census Profile 2021 DA WDS","url":"https://www12.statcan.gc.ca/wds-sdw/2021profile-profil2021-eng.cfm"},"community_name":"Calgary","community_source":{"label":"Statistics Canada 2021 census subdivision boundaries (spatial lookup)","url":"https://geo.statcan.gc.ca/geo_wa/rest/services/2021/Cartographic_boundary_files/MapServer/9"},"community_display":"Calgary","is_unorganized":false,"panel_title":"Calgary","display_label":"Calgary","map_label":"48062578"},"geometry":{"type":"MultiPolygon","coordinates":[[[[-114.1329061082805,50.9140251776801],[-114.12704494289706,50.91362200183375],[-114.12684693858448,50.91369279855705],[-114.12613724560805,50.91369388780021],[-114.12489441541435,50.913747577103194],[-114.1247801337148,50.913769070452126],[-114.12475973016971,50.9137967945797],[-114.12463910949057,50.9144960737538],[-114.12345291229465,50.91452439517239],[-114.12353641369504,50.91397247341829],[-114.12359841187141,50.91356248347948],[-114.12359593654959,50.91331526863788],[-114.12355794132552,50.91312338292049],[-114.1242355282344,50.91305788565698],[-114.12484112008495,50.913025871054614],[-114.12677165067569,50.912911789586],[-114.12680232473278,50.9128839800615],[-114.12680441677294,50.912846191168114],[-114.12661574458221,50.91213559173416],[-114.12639122980143,50.91133219554616],[-114.12611203034051,50.91015608495165],[-114.12606143164794,50.90986989329506],[-114.12603222915264,50.909838995687934],[-114.1232046335889,50.9098213765409],[-114.12321203831844,50.90909176685579],[-114.12320791880664,50.90809768221249],[-114.12321613992883,50.90757695995906],[-114.12242055901793,50.90662530485674],[-114.12478683807419,50.90551566608341],[-114.1259939701254,50.9055118403692],[-114.13019549068203,50.905849316002026],[-114.14027806680772,50.90665270718512],[-114.14027216366046,50.89729401219112],[-114.1402693825097,50.89287220793489],[-114.14026931338616,50.892579222726035],[-114.14026918496924,50.89217961818122],[-114.15170239382383,50.89219852337407],[-114.156837091046,50.89218882665538],[-114.1634496949072,50.89219693910527],[-114.17616218346085,50.8922265407683],[-114.18659937776495,50.89225387418671],[-114.19838948289738,50.89224977908151],[-114.20968154696803,50.89227148689672],[-114.20967916968752,50.8924776777687],[-114.20967496998338,50.89283517472092],[-114.20966689925822,50.900740521187316],[-114.20965355920221,50.91388247435994],[-114.20966875603096,50.916177189387696],[-114.20972076826041,50.91679590892865],[-114.20966977118519,50.91702122975703],[-114.20974759456611,50.9191598201953],[-114.20982757051748,50.92135789673774],[-114.18615267729284,50.921368451843676],[-114.18615175130023,50.92136858346416],[-114.1731698106825,50.92135568823606],[-114.16909020129243,50.92135157781993],[-114.16338227802176,50.92137477992896],[-114.14072748349273,50.921341783834535],[-114.14025931833453,50.92134104225708],[-114.13771094129919,50.91997306657077],[-114.1342357298636,50.91808796329847],[-114.13376202105151,50.91658400988961],[-114.1329061082805,50.9140251776801]]]]}},{"type":"Feature","properties":{"DGUID":"2021S051248062579","DAUID":"48062579","LANDAREA":0.6689,"PRUID":"48","fed_num":"48008","da_code":"48062579","geo_name":"48062579","name_source":{"label":"Statistics Canada Census Profile 2021 DA WDS","url":"https://www12.statcan.gc.ca/wds-sdw/2021profile-profil2021-eng.cfm"},"population":1698,"status":"ok","source":{"label":"Statistics Canada Census Profile 2021 DA WDS","url":"https://www12.statcan.gc.ca/wds-sdw/2021profile-profil2021-eng.cfm"},"community_name":"Calgary","community_source":{"label":"Statistics Canada 2021 census subdivision boundaries (spatial lookup)","url":"https://geo.statcan.gc.ca/geo_wa/rest/services/2021/Cartographic_boundary_files/MapServer/9"},"community_display":"Calgary","is_unorganized":false,"panel_title":"Calgary","display_label":"Calgary","map_label":"48062579"},"geometry":{"type":"MultiPolygon","coordinates":[[[[-114.13466134733984,50.92135643164565],[-114.13430562996489,50.921424538523794],[-114.13416441392134,50.92150743354999],[-114.13399723798302,50.92159802636846],[-114.13365282733506,50.92178502884631],[-114.13346280012593,50.92187271614049],[-114.13320361981854,50.92209822684459],[-114.13310332727127,50.92202241357546],[-114.13252102677252,50.92154101757612],[-114.13231141243449,50.92136801595051],[-114.13198463052092,50.92117670357519],[-114.13157872032028,50.920995527700754],[-114.13110041732874,50.92087951489098],[-114.13048433047902,50.92086500800015],[-114.12984661137008,50.920944807155195],[-114.12892612062018,50.9211186990245],[-114.1280054961673,50.9213309101919],[-114.12731169890385,50.92142139814768],[-114.12676630464661,50.921421807790786],[-114.12454920102444,50.921432576057185],[-114.1243033969506,50.921426088870994],[-114.12384654774641,50.921414015597854],[-114.12339479272741,50.92140208684332],[-114.12324179799246,50.92139428832667],[-114.12323789454277,50.92128839048619],[-114.12327518869353,50.920606896942594],[-114.12338359820032,50.92021237919026],[-114.12349590061636,50.92000778986755],[-114.12406660729516,50.91908869042283],[-114.12414592233003,50.91885247559135],[-114.12415691829489,50.918751868890716],[-114.12419169327562,50.91843149286923],[-114.12423429148937,50.91833537990359],[-114.1242911970636,50.918271593181025],[-114.1242245674481,50.917943360936555],[-114.12421371344868,50.917889781615514],[-114.1240272222007,50.917482485813764],[-114.12398610553903,50.917410888633],[-114.12342312049263,50.916623474564666],[-114.12328622197178,50.9163397859891],[-114.1232426366183,50.91617148837962],[-114.12321912029684,50.91576137375044],[-114.12345291229465,50.91452439517239],[-114.12463910949057,50.9144960737538],[-114.12475973016971,50.9137967945797],[-114.1247801337148,50.913769070452126],[-114.12489441541435,50.913747577103194],[-114.12613724560805,50.91369388780021],[-114.12684693858448,50.91369279855705],[-114.12704494289706,50.91362200183375],[-114.1329061082805,50.9140251776801],[-114.13376202105151,50.91658400988961],[-114.1342357298636,50.91808796329847],[-114.13771094129919,50.91997306657077],[-114.14025931833453,50.92134104225708],[-114.13841043189807,50.92132265387926],[-114.13839049792489,50.921322684449336],[-114.13593413940248,50.921325823820744],[-114.13466134733984,50.92135643164565]]]]}},{"type":"Feature","properties":{"DGUID":"2021S051248062580","DAUID":"48062580","LANDAREA":0.2848,"PRUID":"48","fed_num":"48008","da_code":"48062580","geo_name":"48062580","name_source":{"label":"Statistics Canada Census Profile 2021 DA WDS","url":"https://www12.statcan.gc.ca/wds-sdw/2021profile-profil2021-eng.cfm"},"population":1198,"status":"ok","source":{"label":"Statistics Canada Census Profile 2021 DA WDS","url":"https://www12.statcan.gc.ca/wds-sdw/2021profile-profil2021-eng.cfm"},"community_name":"Calgary","community_source":{"label":"Statistics Canada 2021 census subdivision boundaries (spatial lookup)","url":"https://geo.statcan.gc.ca/geo_wa/rest/services/2021/Cartographic_boundary_files/MapServer/9"},"community_display":"Calgary","is_unorganized":false,"panel_title":"Calgary","display_label":"Calgary","map_label":"48062580"},"geometry":{"type":"MultiPolygon","coordinates":[[[[-114.11703653003882,50.90709245560937],[-114.11703860916977,50.90689736537831],[-114.11718572576689,50.906897045407],[-114.11983842186709,50.90690676187541],[-114.12104047663833,50.90663148432758],[-114.12242055901793,50.90662530485674],[-114.12321613992883,50.90757695995906],[-114.12320791880664,50.90809768221249],[-114.12321203831844,50.90909176685579],[-114.1232046335889,50.9098213765409],[-114.12603222915264,50.909838995687934],[-114.12606143164794,50.90986989329506],[-114.12611203034051,50.91015608495165],[-114.12639122980143,50.91133219554616],[-114.12661574458221,50.91213559173416],[-114.12680441677294,50.912846191168114],[-114.12680232473278,50.9128839800615],[-114.12677165067569,50.912911789586],[-114.12484112008495,50.913025871054614],[-114.1242355282344,50.91305788565698],[-114.12355794132552,50.91312338292049],[-114.12345633513551,50.91284378232184],[-114.12324462431691,50.91250998980729],[-114.12230642087641,50.91147587045365],[-114.1219996466434,50.91125257997205],[-114.12172771725045,50.91110987414055],[-114.12159471249528,50.91105077798654],[-114.12136733746337,50.91101347960742],[-114.12108442349869,50.910964682931976],[-114.12092483238884,50.91093715812416],[-114.12057520437132,50.91089967559189],[-114.11907013260311,50.910898671222554],[-114.11719712449862,50.9108974653392],[-114.11705279556124,50.910897359231875],[-114.11705282559399,50.910805345411895],[-114.11707663147293,50.90941166059783],[-114.11707282764233,50.90921376879736],[-114.11705929727049,50.90850066102699],[-114.11705160982406,50.908096665557316],[-114.11703671873575,50.907105158549776],[-114.11703653003882,50.90709245560937]]]]}},{"type":"Feature","properties":{"DGUID":"2021S051248062581","DAUID":"48062581","LANDAREA":0.1459,"PRUID":"48","fed_num":"48008","da_code":"48062581","geo_name":"48062581","name_source":{"label":"Statistics Canada Census Profile 2021 DA WDS","url":"https://www12.statcan.gc.ca/wds-sdw/2021profile-profil2021-eng.cfm"},"population":919,"status":"ok","source":{"label":"Statistics Canada Census Profile 2021 DA WDS","url":"https://www12.statcan.gc.ca/wds-sdw/2021profile-profil2021-eng.cfm"},"community_name":"Calgary","community_source":{"label":"Statistics Canada 2021 census subdivision boundaries (spatial lookup)","url":"https://geo.statcan.gc.ca/geo_wa/rest/services/2021/Cartographic_boundary_files/MapServer/9"},"community_display":"Calgary","is_unorganized":false,"panel_title":"Calgary","display_label":"Calgary","map_label":"48062581"},"geometry":{"type":"MultiPolygon","coordinates":[[[[-114.11701925159672,50.91175521098773],[-114.11705279556124,50.910897359231875],[-114.11719712449862,50.9108974653392],[-114.11907013260311,50.910898671222554],[-114.12057520437132,50.91089967559189],[-114.12092483238884,50.91093715812416],[-114.12108442349869,50.910964682931976],[-114.12136733746337,50.91101347960742],[-114.12159471249528,50.91105077798654],[-114.12172771725045,50.91110987414055],[-114.1219996466434,50.91125257997205],[-114.12230642087641,50.91147587045365],[-114.12324462431691,50.91250998980729],[-114.12345633513551,50.91284378232184],[-114.12355794132552,50.91312338292049],[-114.12359593654959,50.91331526863788],[-114.12359841187141,50.91356248347948],[-114.12353641369504,50.91397247341829],[-114.1227932042699,50.91394528673201],[-114.12217663387491,50.91395867380676],[-114.12096319939292,50.91408597803155],[-114.11976079536367,50.9141113614778],[-114.11787062347993,50.91410506193772],[-114.11708570577485,50.914107660332704],[-114.11701925159672,50.91175521098773]]]]}},{"type":"Feature","properties":{"DGUID":"2021S051248062582","DAUID":"48062582","LANDAREA":3.1734,"PRUID":"48","fed_num":"48008","da_code":"48062582","geo_name":"48062582","name_source":{"label":"Statistics Canada Census Profile 2021 DA WDS","url":"https://www12.statcan.gc.ca/wds-sdw/2021profile-profil2021-eng.cfm"},"population":670,"status":"ok","source":{"label":"Statistics Canada Census Profile 2021 DA WDS","url":"https://www12.statcan.gc.ca/wds-sdw/2021profile-profil2021-eng.cfm"},"community_name":"Calgary","community_source":{"label":"Statistics Canada 2021 census subdivision boundaries (spatial lookup)","url":"https://geo.statcan.gc.ca/geo_wa/rest/services/2021/Cartographic_boundary_files/MapServer/9"},"community_display":"Calgary","is_unorganized":false,"panel_title":"Calgary","display_label":"Calgary","map_label":"48062582"},"geometry":{"type":"MultiPolygon","coordinates":[[[[-114.1259939701254,50.9055118403692],[-114.12478683807419,50.90551566608341],[-114.12242055901793,50.90662530485674],[-114.12104047663833,50.90663148432758],[-114.11983842186709,50.90690676187541],[-114.11982723361021,50.90662517237968],[-114.11981244591196,50.9050499582917],[-114.12111113471863,50.90505366981294],[-114.12111314060382,50.90505367504224],[-114.1223855372836,50.905051873295385],[-114.12238845107099,50.90348676627189],[-114.12237333815486,50.90151796221336],[-114.12113022869413,50.90151886826129],[-114.12111775703012,50.89913165752429],[-114.1218436344573,50.89912997522699],[-114.12193065313372,50.89909216580921],[-114.12192493954295,50.89905216142713],[-114.12140873941404,50.89827065667904],[-114.12103264404394,50.89770145726514],[-114.12075986521906,50.89744326508207],[-114.12018995167021,50.89702596506871],[-114.11982635213397,50.89681986583964],[-114.11903396887642,50.89647506792501],[-114.11808637695532,50.896115259104086],[-114.11795884409555,50.89613444336654],[-114.11762273870066,50.8963784601631],[-114.1175466423285,50.896411350908664],[-114.11735764922733,50.896432959194655],[-114.1171289269789,50.89628231580429],[-114.11713527538946,50.894433758575694],[-114.11711007711465,50.893885248706376],[-114.11716095467506,50.892141446950774],[-114.1171819040905,50.886594533770214],[-114.11718839021228,50.884886258262966],[-114.1171887912152,50.88478425645931],[-114.12684260564328,50.884806557301005],[-114.1266789716172,50.88811273750757],[-114.14031227717594,50.88838399490115],[-114.1403198792331,50.891709795184376],[-114.14026918496924,50.89217961818122],[-114.14026931338616,50.892579222726035],[-114.1402693825097,50.89287220793489],[-114.14027216366046,50.89729401219112],[-114.14027806680772,50.90665270718512],[-114.13019549068203,50.905849316002026],[-114.1259939701254,50.9055118403692]]]]}},{"type":"Feature","properties":{"DGUID":"2021S051248062584","DAUID":"48062584","LANDAREA":0.1867,"PRUID":"48","fed_num":"48008","da_code":"48062584","geo_name":"48062584","name_source":{"label":"Statistics Canada Census Profile 2021 DA WDS","url":"https://www12.statcan.gc.ca/wds-sdw/2021profile-profil2021-eng.cfm"},"population":1218,"status":"ok","source":{"label":"Statistics Canada Census Profile 2021 DA WDS","url":"https://www12.statcan.gc.ca/wds-sdw/2021profile-profil2021-eng.cfm"},"community_name":"Calgary","community_source":{"label":"Statistics Canada 2021 census subdivision boundaries (spatial lookup)","url":"https://geo.statcan.gc.ca/geo_wa/rest/services/2021/Cartographic_boundary_files/MapServer/9"},"community_display":"Calgary","is_unorganized":false,"panel_title":"Calgary","display_label":"Calgary","map_label":"48062584"},"geometry":{"type":"MultiPolygon","coordinates":[[[[-114.11704141413773,50.906648671869895],[-114.11705982598535,50.90505255462607],[-114.11705712226846,50.90312336017946],[-114.11706342392986,50.90283394484068],[-114.11714400864903,50.902684451205154],[-114.11714383887573,50.90152386447884],[-114.11981826201212,50.90150786780033],[-114.12113022869413,50.90151886826129],[-114.12237333815486,50.90151796221336],[-114.12238845107099,50.90348676627189],[-114.1223855372836,50.905051873295385],[-114.12111314060382,50.90505367504224],[-114.12111113471863,50.90505366981294],[-114.11981244591196,50.9050499582917],[-114.11982723361021,50.90662517237968],[-114.11983842186709,50.90690676187541],[-114.11718572576689,50.906897045407],[-114.11703860916977,50.90689736537831],[-114.11704132011647,50.90681414964155],[-114.11704136095064,50.9067541520579],[-114.11704141413773,50.906648671869895]]]]}},{"type":"Feature","properties":{"DGUID":"2021S051248062585","DAUID":"48062585","LANDAREA":0.1464,"PRUID":"48","fed_num":"48008","da_code":"48062585","geo_name":"48062585","name_source":{"label":"Statistics Canada Census Profile 2021 DA WDS","url":"https://www12.statcan.gc.ca/wds-sdw/2021profile-profil2021-eng.cfm"},"population":916,"status":"ok","source":{"label":"Statistics Canada Census Profile 2021 DA WDS","url":"https://www12.statcan.gc.ca/wds-sdw/2021profile-profil2021-eng.cfm"},"community_name":"Calgary","community_source":{"label":"Statistics Canada 2021 census subdivision boundaries (spatial lookup)","url":"https://geo.statcan.gc.ca/geo_wa/rest/services/2021/Cartographic_boundary_files/MapServer/9"},"community_display":"Calgary","is_unorganized":false,"panel_title":"Calgary","display_label":"Calgary","map_label":"48062585"},"geometry":{"type":"MultiPolygon","coordinates":[[[[-114.11714383887573,50.90152386447884],[-114.117143636586,50.89983764055962],[-114.1171435889645,50.89947806135397],[-114.11714354188791,50.89913365116805],[-114.11716175520814,50.89828104807903],[-114.11715747046226,50.89757885476074],[-114.11713695658449,50.89739795747204],[-114.11712754787355,50.896687863827374],[-114.1171289269789,50.89628231580429],[-114.11735764922733,50.896432959194655],[-114.1175466423285,50.896411350908664],[-114.11762273870066,50.8963784601631],[-114.11795884409555,50.89613444336654],[-114.11808637695532,50.896115259104086],[-114.11903396887642,50.89647506792501],[-114.11982635213397,50.89681986583964],[-114.12018995167021,50.89702596506871],[-114.12075986521906,50.89744326508207],[-114.12103264404394,50.89770145726514],[-114.12140873941404,50.89827065667904],[-114.12192493954295,50.89905216142713],[-114.12193065313372,50.89909216580921],[-114.1218436344573,50.89912997522699],[-114.12111775703012,50.89913165752429],[-114.12113022869413,50.90151886826129],[-114.11981826201212,50.90150786780033],[-114.11714383887573,50.90152386447884]]]]}},{"type":"Feature","properties":{"DGUID":"2021S051248062640","DAUID":"48062640","LANDAREA":0.2033,"PRUID":"48","fed_num":"48008","da_code":"48062640","geo_name":"48062640","name_source":{"label":"Statistics Canada Census Profile 2021 DA WDS","url":"https://www12.statcan.gc.ca/wds-sdw/2021profile-profil2021-eng.cfm"},"population":990,"status":"ok","source":{"label":"Statistics Canada Census Profile 2021 DA WDS","url":"https://www12.statcan.gc.ca/wds-sdw/2021profile-profil2021-eng.cfm"},"community_name":"Calgary","community_source":{"label":"Statistics Canada 2021 census subdivision boundaries (spatial lookup)","url":"https://geo.statcan.gc.ca/geo_wa/rest/services/2021/Cartographic_boundary_files/MapServer/9"},"community_display":"Calgary","is_unorganized":false,"panel_title":"Calgary","display_label":"Calgary","map_label":"48062640"},"geometry":{"type":"MultiPolygon","coordinates":[[[[-114.10904881259127,50.90095363991789],[-114.10906160777012,50.8998296275421],[-114.10917523654696,50.899832438606005],[-114.10965803953457,50.89983853444521],[-114.11097152514151,50.89984085173889],[-114.1126287257164,50.8998362487059],[-114.11382344975293,50.89983814421167],[-114.11504223269004,50.899834640948875],[-114.11620022515707,50.89983765852207],[-114.11629204442865,50.899857743419275],[-114.117143636586,50.89983764055962],[-114.11714383887573,50.90152386447884],[-114.11714400864903,50.902684451205154],[-114.11706342392986,50.90283394484068],[-114.11705712226846,50.90312336017946],[-114.11314991810336,50.903140839082916],[-114.11185973484221,50.903142152830604],[-114.1111049291188,50.903163328853815],[-114.11051521960687,50.90322972890805],[-114.11037204414316,50.90324424665074],[-114.110136426113,50.90291452814252],[-114.10921513580286,50.90217212219838],[-114.10910761537575,50.90207053296335],[-114.10902821420372,50.901744737454756],[-114.10904881259127,50.90095363991789]]]]}},{"type":"Feature","properties":{"DGUID":"2021S051248062641","DAUID":"48062641","LANDAREA":0.2009,"PRUID":"48","fed_num":"48008","da_code":"48062641","geo_name":"48062641","name_source":{"label":"Statistics Canada Census Profile 2021 DA WDS","url":"https://www12.statcan.gc.ca/wds-sdw/2021profile-profil2021-eng.cfm"},"population":1267,"status":"ok","source":{"label":"Statistics Canada Census Profile 2021 DA WDS","url":"https://www12.statcan.gc.ca/wds-sdw/2021profile-profil2021-eng.cfm"},"community_name":"Calgary","community_source":{"label":"Statistics Canada 2021 census subdivision boundaries (spatial lookup)","url":"https://geo.statcan.gc.ca/geo_wa/rest/services/2021/Cartographic_boundary_files/MapServer/9"},"community_display":"Calgary","is_unorganized":false,"panel_title":"Calgary","display_label":"Calgary","map_label":"48062641"},"geometry":{"type":"MultiPolygon","coordinates":[[[[-114.10878715511372,50.89530732658498],[-114.1088561454553,50.89511113586314],[-114.11012234001743,50.895106525921406],[-114.11114527198015,50.89512282868903],[-114.11139814327515,50.89518634245409],[-114.11139765982507,50.895236527779936],[-114.11137713479232,50.89739843521424],[-114.11440316169808,50.89739364349275],[-114.1145194375857,50.8973909362729],[-114.1158256285282,50.89739094604726],[-114.11713695658449,50.89739795747204],[-114.11715747046226,50.89757885476074],[-114.11716175520814,50.89828104807903],[-114.11714354188791,50.89913365116805],[-114.1171435889645,50.89947806135397],[-114.117143636586,50.89983764055962],[-114.11629204442865,50.899857743419275],[-114.11620022515707,50.89983765852207],[-114.11504223269004,50.899834640948875],[-114.11382344975293,50.89983814421167],[-114.1126287257164,50.8998362487059],[-114.11097152514151,50.89984085173889],[-114.10965803953457,50.89983853444521],[-114.10917523654696,50.899832438606005],[-114.10906160777012,50.8998296275421],[-114.10904125055755,50.89901053976048],[-114.10907372867693,50.89825582543476],[-114.10925252926822,50.897382636328196],[-114.1085357454043,50.8972789356074],[-114.10875646217019,50.896760527438026],[-114.10880024215871,50.89624311869634],[-114.10878715511372,50.89530732658498]]]]}},{"type":"Feature","properties":{"DGUID":"2021S051248062733","DAUID":"48062733","LANDAREA":0.1912,"PRUID":"48","fed_num":"48008","da_code":"48062733","geo_name":"48062733","name_source":{"label":"Statistics Canada Census Profile 2021 DA WDS","url":"https://www12.statcan.gc.ca/wds-sdw/2021profile-profil2021-eng.cfm"},"population":482,"status":"ok","source":{"label":"Statistics Canada Census Profile 2021 DA WDS","url":"https://www12.statcan.gc.ca/wds-sdw/2021profile-profil2021-eng.cfm"},"community_name":"Calgary","community_source":{"label":"Statistics Canada 2021 census subdivision boundaries (spatial lookup)","url":"https://geo.statcan.gc.ca/geo_wa/rest/services/2021/Cartographic_boundary_files/MapServer/9"},"community_display":"Calgary","is_unorganized":false,"panel_title":"Calgary","display_label":"Calgary","map_label":"48062733"},"geometry":{"type":"MultiPolygon","coordinates":[[[[-114.07918626128772,50.96528863373383],[-114.07912978651385,50.965053332207184],[-114.07928980360974,50.965053068055795],[-114.08481105393236,50.96504412901574],[-114.08481540876417,50.965474334554884],[-114.0848065729445,50.96834355246035],[-114.08479608955209,50.96873904521973],[-114.08473008012236,50.969564948724134],[-114.08466527784324,50.97037284636424],[-114.0832991824827,50.970347754281434],[-114.08282456508043,50.97019194696418],[-114.08212627160002,50.96974275756163],[-114.08084847357684,50.96899113376955],[-114.08028057061108,50.968734153515825],[-114.07952847709406,50.968688336462975],[-114.07956947030296,50.96780784232754],[-114.07954799517401,50.96701574160765],[-114.07946837915016,50.966240150539726],[-114.07930406664096,50.96545353504159],[-114.07918626128772,50.96528863373383]]]]}},{"type":"Feature","properties":{"DGUID":"2021S051248062734","DAUID":"48062734","LANDAREA":0.2127,"PRUID":"48","fed_num":"48008","da_code":"48062734","geo_name":"48062734","name_source":{"label":"Statistics Canada Census Profile 2021 DA WDS","url":"https://www12.statcan.gc.ca/wds-sdw/2021profile-profil2021-eng.cfm"},"population":556,"status":"ok","source":{"label":"Statistics Canada Census Profile 2021 DA WDS","url":"https://www12.statcan.gc.ca/wds-sdw/2021profile-profil2021-eng.cfm"},"community_name":"Calgary","community_source":{"label":"Statistics Canada 2021 census subdivision boundaries (spatial lookup)","url":"https://geo.statcan.gc.ca/geo_wa/rest/services/2021/Cartographic_boundary_files/MapServer/9"},"community_display":"Calgary","is_unorganized":false,"panel_title":"Calgary","display_label":"Calgary","map_label":"48062734"},"geometry":{"type":"MultiPolygon","coordinates":[[[[-114.07717467291275,50.961028632742725],[-114.07705788513901,50.96062094704172],[-114.08121119669507,50.96025713139011],[-114.08287129654778,50.95990283004096],[-114.08347360077104,50.95983693940043],[-114.08342071351697,50.96068113282859],[-114.08342410567437,50.96312783290049],[-114.08476409619364,50.96288255058232],[-114.08476909002141,50.96348535752577],[-114.08478911075532,50.96362074319267],[-114.0848065836407,50.964250854433956],[-114.08480750008349,50.96469165047569],[-114.08481105393236,50.96504412901574],[-114.07928980360974,50.965053068055795],[-114.07912978651385,50.965053332207184],[-114.07907729281825,50.96475522953191],[-114.07904259432215,50.96462845222422],[-114.07896557298606,50.964266643993874],[-114.07896767847377,50.96400584289954],[-114.07889346583312,50.96359923302285],[-114.07883409410177,50.96318403577061],[-114.07871669786923,50.96278523804667],[-114.07838819307544,50.962345324275226],[-114.0775446700241,50.961487632044104],[-114.07717467291275,50.961028632742725]]]]}},{"type":"Feature","properties":{"DGUID":"2021S051248062735","DAUID":"48062735","LANDAREA":0.4631,"PRUID":"48","fed_num":"48008","da_code":"48062735","geo_name":"48062735","name_source":{"label":"Statistics Canada Census Profile 2021 DA WDS","url":"https://www12.statcan.gc.ca/wds-sdw/2021profile-profil2021-eng.cfm"},"population":985,"status":"ok","source":{"label":"Statistics Canada Census Profile 2021 DA WDS","url":"https://www12.statcan.gc.ca/wds-sdw/2021profile-profil2021-eng.cfm"},"community_name":"Calgary","community_source":{"label":"Statistics Canada 2021 census subdivision boundaries (spatial lookup)","url":"https://geo.statcan.gc.ca/geo_wa/rest/services/2021/Cartographic_boundary_files/MapServer/9"},"community_display":"Calgary","is_unorganized":false,"panel_title":"Calgary","display_label":"Calgary","map_label":"48062735"},"geometry":{"type":"MultiPolygon","coordinates":[[[[-114.09325063404476,50.975318378768605],[-114.0932457679861,50.97531825926413],[-114.09324687864405,50.97598387888552],[-114.09016967438802,50.97597914719523],[-114.08962729148702,50.97576776383238],[-114.08942756245304,50.97577177226416],[-114.08704795927265,50.97577534474202],[-114.0865118586599,50.97569005783869],[-114.0854225520941,50.97533895146282],[-114.08463045227259,50.97524725119992],[-114.08431638493154,50.97525744512092],[-114.0844973707647,50.9744163515477],[-114.08453827995407,50.97353594496006],[-114.08590546320801,50.973543065618],[-114.08692966241793,50.97356864818513],[-114.08753286837795,50.973718663465036],[-114.08913057870012,50.97437015504153],[-114.08986345791776,50.97449636435552],[-114.0906037766735,50.97450585680352],[-114.09060247228986,50.97361524884259],[-114.09060806471336,50.972841857043605],[-114.09188998053067,50.972846865682136],[-114.0918824796779,50.97205506222573],[-114.09188609117854,50.97085884823413],[-114.09393987770494,50.970136469754046],[-114.09449950014809,50.97006945999861],[-114.09449944725723,50.97006589297444],[-114.09449138414651,50.96928665900448],[-114.0939208918248,50.96929945600856],[-114.09356018748042,50.96937135513336],[-114.09105487777443,50.97025346996398],[-114.09040918043901,50.97032734751151],[-114.09023439145523,50.96951096725619],[-114.09063468026869,50.96945825017007],[-114.0908554021503,50.96942886391407],[-114.09168749260564,50.969102167985206],[-114.09350368382033,50.968503166628736],[-114.0938193734534,50.968506654437874],[-114.09431968426684,50.96849315465811],[-114.09446320828748,50.96841916173006],[-114.09445916669516,50.96807935452977],[-114.09445347242169,50.96771636058261],[-114.09320999431908,50.967714169622894],[-114.09295447479492,50.96777934970217],[-114.09222888670412,50.96803304886202],[-114.0906867955419,50.96856615939404],[-114.09048598121718,50.96861825010996],[-114.09005239339066,50.968641956999576],[-114.0899151672579,50.96797634895083],[-114.09102358158347,50.96756315054833],[-114.0921161815215,50.96717667272301],[-114.09114188185497,50.96544335254491],[-114.0875658950126,50.965453053353585],[-114.08759558232457,50.96634436168064],[-114.08631280629143,50.96635724685206],[-114.08628379738387,50.96864126129408],[-114.08512320812241,50.96874725522034],[-114.08479608955209,50.96873904521973],[-114.0848065729445,50.96834355246035],[-114.08481540876417,50.965474334554884],[-114.08481105393236,50.96504412901574],[-114.09095129306361,50.9650338453196],[-114.09516473800267,50.965026570687236],[-114.09513014479712,50.96690128463805],[-114.0950740131614,50.96994136763872],[-114.0950667267049,50.97033535284871],[-114.09504970571545,50.971258852047704],[-114.09504266961397,50.97163907004962],[-114.09503686566028,50.97218755913303],[-114.09502954557115,50.97320538842356],[-114.09500357230493,50.97682818151359],[-114.09477626543482,50.97841455997412],[-114.09475166378523,50.9794933774056],[-114.09475686328649,50.97963747372024],[-114.09388966926763,50.979606873604666],[-114.09360624666523,50.97958176362076],[-114.09343570094445,50.979582421683766],[-114.09363394820276,50.979366663776524],[-114.09374485529558,50.97873077281644],[-114.0939126674435,50.97855508208505],[-114.09429816076931,50.978312765931875],[-114.09447156688009,50.97804726811485],[-114.0944805895182,50.9753939709607],[-114.09442647467141,50.97534766620432],[-114.09325063404476,50.975318378768605]]]]}},{"type":"Feature","properties":{"DGUID":"2021S051248062736","DAUID":"48062736","LANDAREA":0.1985,"PRUID":"48","fed_num":"48008","da_code":"48062736","geo_name":"48062736","name_source":{"label":"Statistics Canada Census Profile 2021 DA WDS","url":"https://www12.statcan.gc.ca/wds-sdw/2021profile-profil2021-eng.cfm"},"population":471,"status":"ok","source":{"label":"Statistics Canada Census Profile 2021 DA WDS","url":"https://www12.statcan.gc.ca/wds-sdw/2021profile-profil2021-eng.cfm"},"community_name":"Calgary","community_source":{"label":"Statistics Canada 2021 census subdivision boundaries (spatial lookup)","url":"https://geo.statcan.gc.ca/geo_wa/rest/services/2021/Cartographic_boundary_files/MapServer/9"},"community_display":"Calgary","is_unorganized":false,"panel_title":"Calgary","display_label":"Calgary","map_label":"48062736"},"geometry":{"type":"MultiPolygon","coordinates":[[[[-114.0848065836407,50.964250854433956],[-114.08478911075532,50.96362074319267],[-114.0942650957755,50.961734242414614],[-114.09515581078367,50.96161256410343],[-114.09519819732878,50.963214652859875],[-114.09516473800267,50.965026570687236],[-114.09095129306361,50.9650338453196],[-114.08481105393236,50.96504412901574],[-114.08480750008349,50.96469165047569],[-114.0848065836407,50.964250854433956]]]]}},{"type":"Feature","properties":{"DGUID":"2021S051248062781","DAUID":"48062781","LANDAREA":0.0734,"PRUID":"48","fed_num":"48008","da_code":"48062781","geo_name":"48062781","name_source":{"label":"Statistics Canada Census Profile 2021 DA WDS","url":"https://www12.statcan.gc.ca/wds-sdw/2021profile-profil2021-eng.cfm"},"population":722,"status":"ok","source":{"label":"Statistics Canada Census Profile 2021 DA WDS","url":"https://www12.statcan.gc.ca/wds-sdw/2021profile-profil2021-eng.cfm"},"community_name":"Calgary","community_source":{"label":"Statistics Canada 2021 census subdivision boundaries (spatial lookup)","url":"https://geo.statcan.gc.ca/geo_wa/rest/services/2021/Cartographic_boundary_files/MapServer/9"},"community_display":"Calgary","is_unorganized":false,"panel_title":"Calgary","display_label":"Calgary","map_label":"48062781"},"geometry":{"type":"MultiPolygon","coordinates":[[[[-114.1063438023726,50.97138296010355],[-114.10636509470453,50.969860483354346],[-114.10773169087032,50.96987638961893],[-114.10794061543154,50.96995348422586],[-114.10831709645133,50.9707723810239],[-114.10853460661194,50.970939684973715],[-114.1087020009484,50.970997788893726],[-114.10940870147061,50.97108728568089],[-114.11003570357826,50.971084770429925],[-114.11002758566032,50.971444372287195],[-114.11012379181007,50.971500776487694],[-114.1104088984631,50.971498786947826],[-114.11121129385091,50.971653579865716],[-114.11240730154205,50.97166518722959],[-114.11411638700203,50.97167148409694],[-114.11412960496267,50.97214857717216],[-114.11413550625032,50.97228357422561],[-114.11177030578109,50.97228807109969],[-114.10983450443769,50.972286186028796],[-114.10912057793854,50.97228547059829],[-114.10634230969582,50.97228857652952],[-114.10635020375366,50.97216277205226],[-114.10634380100781,50.97156887180807],[-114.1063438023726,50.97138296010355]]]]}},{"type":"Feature","properties":{"DGUID":"2021S051248062782","DAUID":"48062782","LANDAREA":0.8348,"PRUID":"48","fed_num":"48008","da_code":"48062782","geo_name":"48062782","name_source":{"label":"Statistics Canada Census Profile 2021 DA WDS","url":"https://www12.statcan.gc.ca/wds-sdw/2021profile-profil2021-eng.cfm"},"population":672,"status":"ok","source":{"label":"Statistics Canada Census Profile 2021 DA WDS","url":"https://www12.statcan.gc.ca/wds-sdw/2021profile-profil2021-eng.cfm"},"community_name":"Calgary","community_source":{"label":"Statistics Canada 2021 census subdivision boundaries (spatial lookup)","url":"https://geo.statcan.gc.ca/geo_wa/rest/services/2021/Cartographic_boundary_files/MapServer/9"},"community_display":"Calgary","is_unorganized":false,"panel_title":"Calgary","display_label":"Calgary","map_label":"48062782"},"geometry":{"type":"MultiPolygon","coordinates":[[[[-114.09617089113509,50.996816951835584],[-114.09630889028335,50.99636346152849],[-114.09669748666036,50.995747262848845],[-114.09691519630009,50.99548665874272],[-114.09710568418411,50.9953546526267],[-114.09745648439656,50.995181863801804],[-114.09761943025735,50.99501139134553],[-114.09787484959598,50.99474417507653],[-114.09795042494405,50.99466508588829],[-114.09800238484723,50.99461075804951],[-114.09810977227401,50.994523442820714],[-114.09853039955117,50.99443175819042],[-114.0986599690721,50.9943590548964],[-114.09876799892804,50.994119954699535],[-114.09899106052256,50.99396255206867],[-114.09943166473083,50.99381964962036],[-114.10004346818211,50.99344414690653],[-114.10049008876064,50.99285444210763],[-114.10051488788619,50.992660037654865],[-114.1004479815878,50.99249306334473],[-114.1003747866241,50.99237464872501],[-114.09997399081664,50.99201695392818],[-114.09993693523077,50.99148694682574],[-114.0999190832169,50.9912315358684],[-114.09982925970456,50.99080354444485],[-114.09956976758049,50.990427748191856],[-114.09956958792151,50.99035506984445],[-114.09956908557534,50.990181440243575],[-114.09965808629424,50.98996494456813],[-114.0996962653727,50.98964474194049],[-114.09959798358526,50.989199452952825],[-114.09966709814722,50.989034341541384],[-114.09988467514941,50.988773754593964],[-114.10002365805681,50.9886897389176],[-114.10017407668695,50.988537145940995],[-114.10051209168512,50.98833833568887],[-114.10090387834738,50.988157550557894],[-114.10127486705237,50.98805655367737],[-114.10148469933928,50.98802504353829],[-114.1020416717134,50.98805835647809],[-114.10231706949035,50.9880993476436],[-114.10307089685963,50.98835004627248],[-114.10325648261686,50.988361146584694],[-114.10355667941016,50.98820775662406],[-114.10402379813719,50.987813156384235],[-114.10410698588731,50.987768433267604],[-114.10441788612619,50.98769815632542],[-114.10457907640709,50.98762873653534],[-114.10460288598723,50.987462946059374],[-114.10481647298178,50.98731695234076],[-114.10527487460097,50.98717985022711],[-114.10670329586316,50.986938538584006],[-114.10718517571597,50.9869106534505],[-114.10769158665137,50.98696336216609],[-114.10827169289144,50.98698255739096],[-114.10837518583745,50.98700976101133],[-114.10880317624374,50.98696395528573],[-114.10940708965163,50.98681746017644],[-114.10975679911624,50.9866732452992],[-114.11021146785801,50.98637575101187],[-114.1104974926369,50.986101846844285],[-114.11061058539964,50.98584274677363],[-114.11072196402836,50.98536595422058],[-114.11073977043225,50.984300859314416],[-114.1106558717741,50.984099251063526],[-114.10991817316636,50.9832387572203],[-114.10957869589755,50.98294495052505],[-114.10948767184756,50.982820542655894],[-114.10923670702374,50.982637348680754],[-114.10915999252786,50.98258135001079],[-114.10907739882497,50.98247424923545],[-114.10877096634175,50.982278243098946],[-114.1085830997308,50.982201240537584],[-114.10809987172752,50.98213465018727],[-114.10714009247734,50.982075843000985],[-114.10574489074197,50.98174205296917],[-114.10531989887086,50.98170194673663],[-114.10447287001077,50.98165893741323],[-114.1040940941793,50.981590842964614],[-114.10355057288945,50.98143174457695],[-114.10329708599762,50.98128225019618],[-114.10251369904178,50.9809709325902],[-114.10225007893739,50.98098454302654],[-114.10180587440756,50.981242032427275],[-114.10172268350058,50.98128672838358],[-114.10142128443862,50.98134565054031],[-114.10117140028922,50.981356537194834],[-114.10100040123798,50.98131413702072],[-114.10058727296997,50.98105373517828],[-114.10015018451925,50.98083582479316],[-114.0989609851418,50.980584935170384],[-114.09854697981562,50.98035303662],[-114.09832149107746,50.9800464290335],[-114.09829796738742,50.97993724607009],[-114.09831571705809,50.9795645955035],[-114.09729282488176,50.97967395318446],[-114.0972908847299,50.97967346343035],[-114.09618468361903,50.979591978817496],[-114.09571176417745,50.97963428735524],[-114.09498458126721,50.97964307175814],[-114.09475686328649,50.97963747372024],[-114.09475166378523,50.9794933774056],[-114.09477626543482,50.97841455997412],[-114.09500357230493,50.97682818151359],[-114.09502954557115,50.97320538842356],[-114.09503686566028,50.97218755913303],[-114.09525947485203,50.97227405649949],[-114.09625518273228,50.972298879711786],[-114.09745167770393,50.97230166296134],[-114.09817828894572,50.97230177227945],[-114.10044327606457,50.972304084177246],[-114.1022384035832,50.9723036704471],[-114.1044471115007,50.97229557909777],[-114.10634230969582,50.97228857652952],[-114.10912057793854,50.97228547059829],[-114.10983450443769,50.972286186028796],[-114.11177030578109,50.97228807109969],[-114.11413550625032,50.97228357422561],[-114.11746960370544,50.97227608132362],[-114.11788269584491,50.972277276302854],[-114.1178921896833,50.97258338452105],[-114.1179073020755,50.97279958730527],[-114.11793609271214,50.973025196089665],[-114.1180311920526,50.97309950208216],[-114.11810100736724,50.973353083252974],[-114.11855078430318,50.97437158674627],[-114.11893518492917,50.975064693490594],[-114.11859988553438,50.97599526002914],[-114.11869250754401,50.97593914678503],[-114.11899998625908,50.97583156021786],[-114.11947420042951,50.97575776652197],[-114.11980820897608,50.975673447388175],[-114.12016100019325,50.975566460573496],[-114.12030650765826,50.975556953825226],[-114.12052378564117,50.975571255259986],[-114.12063851191935,50.97552984653361],[-114.120633910208,50.975398040945436],[-114.12045600567431,50.975158064742445],[-114.12051269273299,50.975090042518005],[-114.12073130582719,50.97519895509474],[-114.12092620548306,50.97547354036133],[-114.12109521462038,50.975573144725075],[-114.12120808748449,50.97558905367095],[-114.12156951288489,50.97549934782883],[-114.12223259625537,50.975473864783076],[-114.12291728977934,50.97561465280617],[-114.12328669757967,50.9756940527804],[-114.12417541439625,50.97597505589706],[-114.1246670331104,50.9760589542132],[-114.12555490672047,50.97636856332978],[-114.12567010490983,50.97645035370452],[-114.12615891760548,50.97662006860602],[-114.12707780847788,50.97708475037738],[-114.12732190553612,50.9772454487039],[-114.12777100383364,50.977792772753496],[-114.12795702607005,50.977926950750096],[-114.1284246268425,50.978053357499554],[-114.12890352768581,50.97811125928069],[-114.13012670476199,50.97843106975786],[-114.13064111611189,50.97865265071375],[-114.13143680403893,50.97914147010599],[-114.13174520417125,50.979280158231234],[-114.13205893303397,50.97939886374361],[-114.13217172628303,50.979414672328495],[-114.13337712302064,50.97972847807019],[-114.13384192903439,50.979940774978004],[-114.13423292256427,50.9801865528604],[-114.1345239394164,50.98044237597372],[-114.1350873142845,50.9808249766772],[-114.13547562438043,50.98088167906197],[-114.13597911183614,50.981020062374135],[-114.13707030754611,50.98122345872653],[-114.1377300969711,50.98143546968508],[-114.13803722421332,50.98147956603106],[-114.13892190987717,50.98175187041299],[-114.13922522500248,50.981910474530245],[-114.13984962534721,50.98250865719382],[-114.13999650850916,50.982593686693185],[-114.14082560706485,50.98290526596801],[-114.14147281183759,50.983091275511875],[-114.14146962164492,50.984494121243515],[-114.14147167310381,50.984673353547976],[-114.1414750394005,50.98497090220415],[-114.14147528441045,50.98499560514301],[-114.1414960121731,50.986824268951906],[-114.14150574986861,50.98768213826484],[-114.141511169596,50.98816096197192],[-114.14152168745926,50.98908932666121],[-114.14152689122233,50.98954840009897],[-114.14062848663296,50.991269096775895],[-114.14055390352539,50.99157079254231],[-114.14048509404127,50.99184898627833],[-114.1403111472611,50.991756386739276],[-114.13969223059406,50.990986490824426],[-114.13967191326086,50.99091458154994],[-114.13931284353419,50.99052038698079],[-114.13912624984421,50.99026308712408],[-114.13887631469572,50.98999918098274],[-114.13864483756744,50.98986437452438],[-114.13822904378989,50.98953817325576],[-114.13746604484953,50.98914718831995],[-114.13677952516673,50.98891188821532],[-114.13609265405505,50.988828387377374],[-114.13589944085837,50.988771375093194],[-114.13556064206308,50.98872398236117],[-114.13504383505902,50.988711470944224],[-114.134575112041,50.98861357210847],[-114.13413913668862,50.98849036153462],[-114.13368844443998,50.9883985770449],[-114.13321783968566,50.9883579774492],[-114.13267780346403,50.98835937296932],[-114.13106440335157,50.98843828136076],[-114.1305716223302,50.9883830887717],[-114.13023810875421,50.9883156806435],[-114.12952289827791,50.9879911732894],[-114.1292078173691,50.98777788117346],[-114.1289476054218,50.98755398534467],[-114.12840630301591,50.98718588345888],[-114.12811153265082,50.987044580838145],[-114.12752011866912,50.986819081489074],[-114.12603822863095,50.98649287631456],[-114.12521009978849,50.98642748279897],[-114.12475420674798,50.986355566002544],[-114.12407540658306,50.986166073696765],[-114.12352321633395,50.98598976862924],[-114.12343871266441,50.98593997471816],[-114.12308300102183,50.98585786446268],[-114.12272398498675,50.985738566895144],[-114.12234470141911,50.985547381080345],[-114.12174729193914,50.98509547702821],[-114.12172278904616,50.98501498216433],[-114.12149327829549,50.984822867863755],[-114.12061679988369,50.98416966678654],[-114.12021680422107,50.98405837273441],[-114.11968197987018,50.98403978665552],[-114.11861828784967,50.98383086126838],[-114.11819119270334,50.9838480676394],[-114.1179605664014,50.98395958563231],[-114.11782498081212,50.984080883797425],[-114.11787348939708,50.98439366045333],[-114.11775657095639,50.98476727884605],[-114.11759488066737,50.98498848964286],[-114.11735098871266,50.98522576530631],[-114.11730929569526,50.98538558174497],[-114.11707529161653,50.98573477592716],[-114.11704306404474,50.98588327015857],[-114.11696218865436,50.985993867648006],[-114.11698707561298,50.98619747493237],[-114.11701066839359,50.98630667979796],[-114.11697297554866,50.9870249673168],[-114.11666130323111,50.987521964398276],[-114.11642396365541,50.98783386614359],[-114.11569658351623,50.98827946917631],[-114.11497929057329,50.988561979786056],[-114.11440609459382,50.98874045592466],[-114.11361229335627,50.988867277158256],[-114.11351960308882,50.98892325729932],[-114.11343968610524,50.989005265601165],[-114.1134622964729,50.98914305981198],[-114.1136318082488,50.98936585769854],[-114.11364069961084,50.98950625976602],[-114.11349086833867,50.98950715752301],[-114.11303889133119,50.98932066416763],[-114.1127771798667,50.98927706991892],[-114.11259048271026,50.989294576546456],[-114.1124661909758,50.98934736596375],[-114.11185380519896,50.98947654921851],[-114.111409684607,50.98945916195517],[-114.11102659715287,50.98938234367159],[-114.11056457785394,50.98935896707091],[-114.11037599658049,50.98943376589358],[-114.10890827123646,50.99029896448374],[-114.10842418579396,50.990659058636176],[-114.1082956868329,50.99070314407272],[-114.10699889514048,50.991610742581734],[-114.10605957429983,50.99214505444864],[-114.10505347504821,50.99291046341406],[-114.10482279883982,50.993021945711085],[-114.10428379249761,50.99339266249578],[-114.10411027524395,50.99355936229778],[-114.1034446738957,50.994314963180386],[-114.1032257719666,50.994481060158115],[-114.10261688312312,50.99477066564832],[-114.1022912725101,50.99487214821884],[-114.10203179593918,50.994894449343526],[-114.10171889808895,50.99502194489898],[-114.10087960765472,50.99554616435754],[-114.10075629945169,50.99557026210013],[-114.10045363030797,50.995689643911774],[-114.10028841283427,50.995754799538936],[-114.10008926197568,50.995833350194275],[-114.10005561165285,50.99587140736007],[-114.09988628143796,50.99606254667719],[-114.09979498815179,50.996213155987306],[-114.0997440682626,50.99650746561675],[-114.09981399032273,50.996588554856444],[-114.10021765958338,50.99686035477408],[-114.1007425864023,50.99704216851838],[-114.10084829130705,50.99713526542983],[-114.10097594582737,50.997179641506754],[-114.1013371889074,50.997305154291524],[-114.10307038884449,50.99799017585227],[-114.10358867759527,50.99809737121094],[-114.10371039733495,50.998133500560776],[-114.10399306895269,50.99821746804394],[-114.10423298103393,50.99836956702783],[-114.10438865050526,50.998515658631156],[-114.10440017836811,50.99852647179461],[-114.10464179175166,50.99889637858509],[-114.10465615136758,50.998929010082314],[-114.10489879743069,50.999481275452084],[-114.10496000148014,50.99981996624899],[-114.10503027695304,50.99999966661563],[-114.10504659221118,51.00021067157947],[-114.10468241853393,51.000509377335625],[-114.10322828872266,51.00149497101556],[-114.10275827681004,51.0017005687073],[-114.10229130561393,51.00182026618444],[-114.10204550515606,51.00183987970463],[-114.10118770351895,51.001836862087394],[-114.10090277526712,51.00180717842248],[-114.10048368335794,51.00171847453096],[-114.09977399602758,51.00149696987558],[-114.09912019733171,51.00123606338466],[-114.09840019507936,51.001054456242],[-114.0983018891868,51.00100726195688],[-114.09789056350554,51.000689457831534],[-114.09750239987622,51.00040003058465],[-114.09680514019466,50.99939412113544],[-114.09686887277769,50.99937255289712],[-114.09710388062062,50.999269769065194],[-114.0977052787463,50.99893424973026],[-114.0978704716506,50.99875026459316],[-114.09786387243179,50.99867575707709],[-114.09775296795517,50.99860265967672],[-114.09722228298901,50.99859256766086],[-114.09710705812114,50.9985108537039],[-114.09708158604377,50.99845897037218],[-114.09683317990957,50.998289456574035],[-114.09634387988358,50.997996364511884],[-114.09623915602593,50.997874650174694],[-114.09607270101394,50.997565961599236],[-114.09605868728787,50.99744544206083],[-114.09617089113509,50.996816951835584]]]]}},{"type":"Feature","properties":{"DGUID":"2021S051248062784","DAUID":"48062784","LANDAREA":0.3249,"PRUID":"48","fed_num":"48008","da_code":"48062784","geo_name":"48062784","name_source":{"label":"Statistics Canada Census Profile 2021 DA WDS","url":"https://www12.statcan.gc.ca/wds-sdw/2021profile-profil2021-eng.cfm"},"population":1189,"status":"ok","source":{"label":"Statistics Canada Census Profile 2021 DA WDS","url":"https://www12.statcan.gc.ca/wds-sdw/2021profile-profil2021-eng.cfm"},"community_name":"Calgary","community_source":{"label":"Statistics Canada 2021 census subdivision boundaries (spatial lookup)","url":"https://geo.statcan.gc.ca/geo_wa/rest/services/2021/Cartographic_boundary_files/MapServer/9"},"community_display":"Calgary","is_unorganized":false,"panel_title":"Calgary","display_label":"Calgary","map_label":"48062784"},"geometry":{"type":"MultiPolygon","coordinates":[[[[-114.1063900016427,50.96235936215209],[-114.10638891202929,50.961459876128245],[-114.10887178007759,50.96138646365964],[-114.10941379835862,50.96137287173835],[-114.109556596172,50.96136738059124],[-114.1113081031169,50.961374784999805],[-114.11200601637864,50.96137406242418],[-114.11211981954182,50.96137687057541],[-114.11400031514064,50.961369468440395],[-114.11462719347936,50.96136697334066],[-114.11710503839832,50.9613742798745],[-114.11787411606423,50.96137526623095],[-114.11787612706819,50.96157316629619],[-114.11787491032537,50.96274248263673],[-114.11787889765262,50.96313837529101],[-114.11787331562434,50.96322818742995],[-114.11787353695567,50.96460438296308],[-114.11786722384868,50.96493708910998],[-114.11787752445333,50.965000278017826],[-114.1166800989566,50.96501567954165],[-114.11592740888,50.964979089718],[-114.11494442114567,50.96498177655378],[-114.11121089214967,50.965006369223474],[-114.11066981669805,50.96500198310966],[-114.10931801488113,50.96500956552836],[-114.10918791170214,50.965010257724025],[-114.10774921142861,50.96501057193171],[-114.10638171141213,50.96501267159817],[-114.10636690302591,50.96456257422523],[-114.10637251910552,50.96401396768051],[-114.1063900016427,50.96235936215209]]]]}},{"type":"Feature","properties":{"DGUID":"2021S051248062785","DAUID":"48062785","LANDAREA":0.4222,"PRUID":"48","fed_num":"48008","da_code":"48062785","geo_name":"48062785","name_source":{"label":"Statistics Canada Census Profile 2021 DA WDS","url":"https://www12.statcan.gc.ca/wds-sdw/2021profile-profil2021-eng.cfm"},"population":564,"status":"ok","source":{"label":"Statistics Canada Census Profile 2021 DA WDS","url":"https://www12.statcan.gc.ca/wds-sdw/2021profile-profil2021-eng.cfm"},"community_name":"Calgary","community_source":{"label":"Statistics Canada 2021 census subdivision boundaries (spatial lookup)","url":"https://geo.statcan.gc.ca/geo_wa/rest/services/2021/Cartographic_boundary_files/MapServer/9"},"community_display":"Calgary","is_unorganized":false,"panel_title":"Calgary","display_label":"Calgary","map_label":"48062785"},"geometry":{"type":"MultiPolygon","coordinates":[[[[-114.0984962086997,50.97040267618193],[-114.09584649066029,50.97039975304811],[-114.09572599454938,50.96913747560163],[-114.09561450077764,50.96795636332748],[-114.09562258168219,50.96691315318693],[-114.09928457786881,50.96689625670425],[-114.10193389878094,50.9668991812485],[-114.10338791208875,50.96688117756389],[-114.10342518310188,50.96651336932591],[-114.10374621589752,50.96616156786463],[-114.10279729650122,50.965616360428186],[-114.10246988903664,50.96538336161904],[-114.10223070196459,50.965107559341284],[-114.10206029454099,50.96486947565514],[-114.1019923071125,50.96458887187816],[-114.10202959434035,50.96376225691079],[-114.10230039742227,50.9633012652197],[-114.10236509952237,50.96317695388922],[-114.10302551593259,50.96263564996649],[-114.10322499261054,50.96240676788012],[-114.10333571689439,50.96222956885087],[-114.10341610485801,50.96185376550424],[-114.10341109828457,50.96147587235846],[-114.10638891202929,50.961459876128245],[-114.1063900016427,50.96235936215209],[-114.10637251910552,50.96401396768051],[-114.10636690302591,50.96456257422523],[-114.10638171141213,50.96501267159817],[-114.10635228083629,50.966630971559596],[-114.10636520522121,50.968942967049095],[-114.10558120431179,50.96895058204032],[-114.10426319731417,50.969070773772266],[-114.10430990001261,50.970151461311964],[-114.10425490749066,50.97034788165715],[-114.10380937281772,50.97040867558744],[-114.102841669705,50.97039376355649],[-114.10044760147288,50.97040626302282],[-114.0984962086997,50.97040267618193]]]]}}]}