{"type":"FeatureCollection","features":[{"type":"Feature","properties":{"DGUID":"2021S051259151521","DAUID":"59151521","LANDAREA":0.0911,"PRUID":"59","fed_num":"59025","da_code":"59151521","geo_name":"59151521","name_source":{"label":"Statistics Canada Census Profile 2021 DA WDS","url":"https://www12.statcan.gc.ca/wds-sdw/2021profile-profil2021-eng.cfm"},"population":938,"status":"ok","source":{"label":"Statistics Canada Census Profile 2021 DA WDS","url":"https://www12.statcan.gc.ca/wds-sdw/2021profile-profil2021-eng.cfm"},"community_name":"Coquitlam","community_source":{"label":"Statistics Canada 2021 census subdivision boundaries (spatial lookup)","url":"https://geo.statcan.gc.ca/geo_wa/rest/services/2021/Cartographic_boundary_files/MapServer/9"},"community_display":"Coquitlam","is_unorganized":false,"panel_title":"Coquitlam","display_label":"Coquitlam","map_label":"59151521"},"geometry":{"type":"MultiPolygon","coordinates":[[[[-122.89000561536358,49.25283706989767],[-122.88717520410331,49.25278788255207],[-122.8871777357414,49.252629231418034],[-122.88718806492679,49.251981982210566],[-122.88718013921527,49.25168898540636],[-122.88732716688293,49.25130038162973],[-122.89000027165783,49.25131898347274],[-122.89129533905113,49.25132118152607],[-122.89141535921763,49.25117056865116],[-122.89156434425696,49.2510577819766],[-122.89176471340873,49.251055641117766],[-122.8919313221614,49.251053872113545],[-122.89193264355602,49.24962899324683],[-122.89193270142518,49.24959817450245],[-122.89120272734694,49.2495927128663],[-122.88995304882333,49.24958335641334],[-122.8897539403541,49.24952174452606],[-122.88965373600938,49.24941795344995],[-122.88965624786488,49.24907306318838],[-122.88977274748918,49.24907641348588],[-122.88995917873852,49.24902054490452],[-122.8927724593015,49.249015137781804],[-122.89277563396057,49.24911161316349],[-122.8927819706696,49.24938657250346],[-122.89281039371794,49.25080899072642],[-122.89289470411217,49.25086275993275],[-122.89292538689583,49.25179702965002],[-122.89293221111181,49.25200527434618],[-122.89191585508905,49.25200387210553],[-122.8919076426971,49.25284326867889],[-122.89000561536358,49.25283706989767]]]]}},{"type":"Feature","properties":{"DGUID":"2021S051259151522","DAUID":"59151522","LANDAREA":0.1921,"PRUID":"59","fed_num":"59025","da_code":"59151522","geo_name":"59151522","name_source":{"label":"Statistics Canada Census Profile 2021 DA WDS","url":"https://www12.statcan.gc.ca/wds-sdw/2021profile-profil2021-eng.cfm"},"population":413,"status":"ok","source":{"label":"Statistics Canada Census Profile 2021 DA WDS","url":"https://www12.statcan.gc.ca/wds-sdw/2021profile-profil2021-eng.cfm"},"community_name":"Coquitlam","community_source":{"label":"Statistics Canada 2021 census subdivision boundaries (spatial lookup)","url":"https://geo.statcan.gc.ca/geo_wa/rest/services/2021/Cartographic_boundary_files/MapServer/9"},"community_display":"Coquitlam","is_unorganized":false,"panel_title":"Coquitlam","display_label":"Coquitlam","map_label":"59151522"},"geometry":{"type":"MultiPolygon","coordinates":[[[[-122.88276619385314,49.25372359338764],[-122.88274611945646,49.25308159454259],[-122.88585842872557,49.25312828235926],[-122.88685659921823,49.25278679083281],[-122.88717520410331,49.25278788255207],[-122.89000561536358,49.25283706989767],[-122.8919076426971,49.25284326867889],[-122.89188558542891,49.25358317301404],[-122.8920360775889,49.2537973862299],[-122.89206407621592,49.253892780773135],[-122.89207449299188,49.25445437426233],[-122.89197761051017,49.25501998762256],[-122.89194413377109,49.255519857598635],[-122.8851396054592,49.25548849298158],[-122.88292915681888,49.25563369815764],[-122.88289202703587,49.25475429733279],[-122.88284115254355,49.25465369161805],[-122.88275043332322,49.25455198599379],[-122.88276619385314,49.25372359338764]]]]}},{"type":"Feature","properties":{"DGUID":"2021S051259151523","DAUID":"59151523","LANDAREA":0.0393,"PRUID":"59","fed_num":"59025","da_code":"59151523","geo_name":"59151523","name_source":{"label":"Statistics Canada Census Profile 2021 DA WDS","url":"https://www12.statcan.gc.ca/wds-sdw/2021profile-profil2021-eng.cfm"},"population":432,"status":"ok","source":{"label":"Statistics Canada Census Profile 2021 DA WDS","url":"https://www12.statcan.gc.ca/wds-sdw/2021profile-profil2021-eng.cfm"},"community_name":"Coquitlam","community_source":{"label":"Statistics Canada 2021 census subdivision boundaries (spatial lookup)","url":"https://geo.statcan.gc.ca/geo_wa/rest/services/2021/Cartographic_boundary_files/MapServer/9"},"community_display":"Coquitlam","is_unorganized":false,"panel_title":"Coquitlam","display_label":"Coquitlam","map_label":"59151523"},"geometry":{"type":"MultiPolygon","coordinates":[[[[-122.89189947275678,49.25680148134673],[-122.89191723251143,49.25629094027611],[-122.89192437025935,49.25608707328981],[-122.89194413377109,49.255519857598635],[-122.89197761051017,49.25501998762256],[-122.89207449299188,49.25445437426233],[-122.89206407621592,49.253892780773135],[-122.8920360775889,49.2537973862299],[-122.89188558542891,49.25358317301404],[-122.8919076426971,49.25284326867889],[-122.89191585508905,49.25200387210553],[-122.89293221111181,49.25200527434618],[-122.89293147385652,49.252799056430476],[-122.8929308501495,49.25339973905372],[-122.89294305470648,49.25383946822515],[-122.89295595579803,49.254304253580344],[-122.89297053467641,49.25482877485701],[-122.89298178506361,49.25523358465492],[-122.89298286101048,49.2552717829579],[-122.89300803113746,49.2561784653616],[-122.89301029619604,49.25625983006721],[-122.89301328731416,49.2563670552586],[-122.89302552968667,49.256807766424394],[-122.89189947275678,49.25680148134673]]]]}},{"type":"Feature","properties":{"DGUID":"2021S051259151524","DAUID":"59151524","LANDAREA":0.056,"PRUID":"59","fed_num":"59025","da_code":"59151524","geo_name":"59151524","name_source":{"label":"Statistics Canada Census Profile 2021 DA WDS","url":"https://www12.statcan.gc.ca/wds-sdw/2021profile-profil2021-eng.cfm"},"population":1971,"status":"ok","source":{"label":"Statistics Canada Census Profile 2021 DA WDS","url":"https://www12.statcan.gc.ca/wds-sdw/2021profile-profil2021-eng.cfm"},"community_name":"Coquitlam","community_source":{"label":"Statistics Canada 2021 census subdivision boundaries (spatial lookup)","url":"https://geo.statcan.gc.ca/geo_wa/rest/services/2021/Cartographic_boundary_files/MapServer/9"},"community_display":"Coquitlam","is_unorganized":false,"panel_title":"Coquitlam","display_label":"Coquitlam","map_label":"59151524"},"geometry":{"type":"MultiPolygon","coordinates":[[[[-122.88930252912614,49.257535003149655],[-122.88694359365505,49.25675228522767],[-122.8893437478106,49.25677625482686],[-122.88952590676534,49.256778064321935],[-122.89064748539099,49.256788784482225],[-122.8909224581336,49.256791576843845],[-122.89189947275678,49.25680148134673],[-122.89302552968667,49.256807766424394],[-122.89302526714565,49.25704205647265],[-122.8930251867646,49.257105109972635],[-122.8930245892342,49.25768981133383],[-122.89302325924936,49.25889317931172],[-122.8919019876317,49.258877119926744],[-122.8908877774912,49.2583534421214],[-122.88941843655952,49.25759274208631],[-122.88932517419818,49.257546207389005],[-122.88930252912614,49.257535003149655]]]]}},{"type":"Feature","properties":{"DGUID":"2021S051259151525","DAUID":"59151525","LANDAREA":0.1194,"PRUID":"59","fed_num":"59025","da_code":"59151525","geo_name":"59151525","name_source":{"label":"Statistics Canada Census Profile 2021 DA WDS","url":"https://www12.statcan.gc.ca/wds-sdw/2021profile-profil2021-eng.cfm"},"population":1577,"status":"ok","source":{"label":"Statistics Canada Census Profile 2021 DA WDS","url":"https://www12.statcan.gc.ca/wds-sdw/2021profile-profil2021-eng.cfm"},"community_name":"Coquitlam","community_source":{"label":"Statistics Canada 2021 census subdivision boundaries (spatial lookup)","url":"https://geo.statcan.gc.ca/geo_wa/rest/services/2021/Cartographic_boundary_files/MapServer/9"},"community_display":"Coquitlam","is_unorganized":false,"panel_title":"Coquitlam","display_label":"Coquitlam","map_label":"59151525"},"geometry":{"type":"MultiPolygon","coordinates":[[[[-122.88288816899934,49.26019087096628],[-122.88289983192453,49.258667890568695],[-122.88302552769238,49.25875978794061],[-122.88411696341295,49.25877058604639],[-122.88701627958075,49.258810053792025],[-122.88784471734819,49.258821326594564],[-122.88899818591143,49.2588369942115],[-122.89073125609916,49.25886049376343],[-122.8919019876317,49.258877119926744],[-122.89302325924936,49.25889317931172],[-122.89302327435406,49.25890263524466],[-122.893022883756,49.259063465409945],[-122.893064601974,49.26034836601018],[-122.8923232249319,49.26034147923928],[-122.89161173129952,49.260338969594486],[-122.8909691902213,49.26032884370212],[-122.88977939253242,49.26031007894934],[-122.88891577227582,49.26029644318544],[-122.88890203751029,49.2602962340396],[-122.88868721819436,49.26029283264228],[-122.88852813054802,49.26029031261373],[-122.88774011564043,49.26027786774004],[-122.88724714926379,49.260270077832075],[-122.88615376370423,49.26025278764787],[-122.88476061707716,49.26021347441003],[-122.88335536436134,49.26018998814911],[-122.88288816899934,49.26019087096628]]]]}},{"type":"Feature","properties":{"DGUID":"2021S051259151529","DAUID":"59151529","LANDAREA":0.1105,"PRUID":"59","fed_num":"59025","da_code":"59151529","geo_name":"59151529","name_source":{"label":"Statistics Canada Census Profile 2021 DA WDS","url":"https://www12.statcan.gc.ca/wds-sdw/2021profile-profil2021-eng.cfm"},"population":308,"status":"ok","source":{"label":"Statistics Canada Census Profile 2021 DA WDS","url":"https://www12.statcan.gc.ca/wds-sdw/2021profile-profil2021-eng.cfm"},"community_name":"Coquitlam","community_source":{"label":"Statistics Canada 2021 census subdivision boundaries (spatial lookup)","url":"https://geo.statcan.gc.ca/geo_wa/rest/services/2021/Cartographic_boundary_files/MapServer/9"},"community_display":"Coquitlam","is_unorganized":false,"panel_title":"Coquitlam","display_label":"Coquitlam","map_label":"59151529"},"geometry":{"type":"MultiPolygon","coordinates":[[[[-122.88640476110928,49.264441714289234],[-122.88799269724946,49.263191280531736],[-122.88876984133947,49.26315139136051],[-122.88928453903243,49.2631249752392],[-122.8893081353334,49.263285072832524],[-122.88921298691238,49.26347597523079],[-122.88869631349738,49.26392777249041],[-122.8890921763092,49.264252677434925],[-122.88921340933953,49.264514681216696],[-122.8892179056447,49.26557427591409],[-122.88909223754312,49.26574805949192],[-122.88984911699502,49.266139276979196],[-122.89007060409578,49.2663609775498],[-122.89025610717104,49.26636175581247],[-122.89036341434233,49.26640007448482],[-122.89042930662914,49.26646226183757],[-122.89046132056264,49.26694787715107],[-122.89042492568221,49.26702068611442],[-122.89031932033826,49.26705816464529],[-122.88700045279131,49.26712944531745],[-122.88637841295909,49.26714278959477],[-122.88634733348341,49.26645987398318],[-122.88450007020008,49.26650373935009],[-122.88375997564026,49.26652128052599],[-122.88486952101789,49.26565057339442],[-122.88640476110928,49.264441714289234]]]]}},{"type":"Feature","properties":{"DGUID":"2021S051259151531","DAUID":"59151531","LANDAREA":0.1751,"PRUID":"59","fed_num":"59025","da_code":"59151531","geo_name":"59151531","name_source":{"label":"Statistics Canada Census Profile 2021 DA WDS","url":"https://www12.statcan.gc.ca/wds-sdw/2021profile-profil2021-eng.cfm"},"population":680,"status":"ok","source":{"label":"Statistics Canada Census Profile 2021 DA WDS","url":"https://www12.statcan.gc.ca/wds-sdw/2021profile-profil2021-eng.cfm"},"community_name":"Coquitlam","community_source":{"label":"Statistics Canada 2021 census subdivision boundaries (spatial lookup)","url":"https://geo.statcan.gc.ca/geo_wa/rest/services/2021/Cartographic_boundary_files/MapServer/9"},"community_display":"Coquitlam","is_unorganized":false,"panel_title":"Coquitlam","display_label":"Coquitlam","map_label":"59151531"},"geometry":{"type":"MultiPolygon","coordinates":[[[[-122.89344144142552,49.2702940446797],[-122.88349964597464,49.27063409073152],[-122.8832955976492,49.27057158224352],[-122.88231361963287,49.2705639873593],[-122.88063614026942,49.270577582877245],[-122.88050992483387,49.27061538550024],[-122.8804655410272,49.27072408344777],[-122.88048158360141,49.27106663731781],[-122.87825409056138,49.27085289129874],[-122.87681913670444,49.270838385473155],[-122.87685831807612,49.2699079864415],[-122.87690961710433,49.26924918812662],[-122.8769387877981,49.26820318436137],[-122.88026638800615,49.268229184141845],[-122.88018222801963,49.26864388346336],[-122.88023499423554,49.26883908840171],[-122.8805510205601,49.269085192227884],[-122.88157320325149,49.269782187110515],[-122.88196536700954,49.26983498341168],[-122.89006218186928,49.269726258286056],[-122.8902111893186,49.26972474790107],[-122.89056870994713,49.269721155790705],[-122.89077484904004,49.26971905378539],[-122.8910109698214,49.2697166737685],[-122.892055959546,49.26970715989881],[-122.89203814206546,49.26867965991834],[-122.89283298658363,49.26768645929274],[-122.89295279149644,49.267641252798725],[-122.89332807911889,49.267638462419804],[-122.8934112040394,49.26968045627037],[-122.89344144142552,49.2702940446797]]]]}},{"type":"Feature","properties":{"DGUID":"2021S051259151532","DAUID":"59151532","LANDAREA":0.1303,"PRUID":"59","fed_num":"59025","da_code":"59151532","geo_name":"59151532","name_source":{"label":"Statistics Canada Census Profile 2021 DA WDS","url":"https://www12.statcan.gc.ca/wds-sdw/2021profile-profil2021-eng.cfm"},"population":586,"status":"ok","source":{"label":"Statistics Canada Census Profile 2021 DA WDS","url":"https://www12.statcan.gc.ca/wds-sdw/2021profile-profil2021-eng.cfm"},"community_name":"Coquitlam","community_source":{"label":"Statistics Canada 2021 census subdivision boundaries (spatial lookup)","url":"https://geo.statcan.gc.ca/geo_wa/rest/services/2021/Cartographic_boundary_files/MapServer/9"},"community_display":"Coquitlam","is_unorganized":false,"panel_title":"Coquitlam","display_label":"Coquitlam","map_label":"59151532"},"geometry":{"type":"MultiPolygon","coordinates":[[[[-122.88026638800615,49.268229184141845],[-122.8769387877981,49.26820318436137],[-122.87572267186184,49.268203694426894],[-122.87570888981205,49.26820370268802],[-122.87569819723602,49.26760880560258],[-122.87576377090417,49.26749089892003],[-122.87602027019076,49.26739558237843],[-122.87637218664278,49.267373401058904],[-122.88027086310036,49.267427595044765],[-122.88020454683519,49.26663558472641],[-122.88015003877608,49.26585298605661],[-122.88012763996491,49.26542887087442],[-122.88009691088124,49.2647622894382],[-122.88068379587317,49.264780182849485],[-122.88137919133125,49.26453178931559],[-122.88144118501721,49.26453024179101],[-122.88362252120038,49.26447588345324],[-122.88369303514312,49.26549318535842],[-122.88486952101789,49.26565057339442],[-122.88375997564026,49.26652128052599],[-122.88158087852995,49.268277991890486],[-122.8805510205601,49.269085192227884],[-122.88023499423554,49.26883908840171],[-122.88018222801963,49.26864388346336],[-122.88026638800615,49.268229184141845]]]]}},{"type":"Feature","properties":{"DGUID":"2021S051259151534","DAUID":"59151534","LANDAREA":0.1632,"PRUID":"59","fed_num":"59025","da_code":"59151534","geo_name":"59151534","name_source":{"label":"Statistics Canada Census Profile 2021 DA WDS","url":"https://www12.statcan.gc.ca/wds-sdw/2021profile-profil2021-eng.cfm"},"population":434,"status":"ok","source":{"label":"Statistics Canada Census Profile 2021 DA WDS","url":"https://www12.statcan.gc.ca/wds-sdw/2021profile-profil2021-eng.cfm"},"community_name":"Coquitlam","community_source":{"label":"Statistics Canada 2021 census subdivision boundaries (spatial lookup)","url":"https://geo.statcan.gc.ca/geo_wa/rest/services/2021/Cartographic_boundary_files/MapServer/9"},"community_display":"Coquitlam","is_unorganized":false,"panel_title":"Coquitlam","display_label":"Coquitlam","map_label":"59151534"},"geometry":{"type":"MultiPolygon","coordinates":[[[[-122.87439942848467,49.26040530794204],[-122.87440914605267,49.259961810104194],[-122.87711118567634,49.259985995502824],[-122.87727354958675,49.259988298877055],[-122.87852085269617,49.260006086124086],[-122.87985214726488,49.26012839972407],[-122.87993163197851,49.26119278109612],[-122.87997164629775,49.26202818953879],[-122.88006117997742,49.26361808403451],[-122.87706266970596,49.26360607983157],[-122.87638444000075,49.26360275348795],[-122.87522490075312,49.26359700262757],[-122.87501021041301,49.26359561639548],[-122.87455653295002,49.26359271570641],[-122.87430483357907,49.263591100489165],[-122.87432939161621,49.263095149415676],[-122.87435072316558,49.26266449990033],[-122.874355367146,49.262222584658446],[-122.87436012272117,49.26177120067669],[-122.87438930002044,49.26086839247446],[-122.87439942848467,49.26040530794204]]]]}},{"type":"Feature","properties":{"DGUID":"2021S051259151535","DAUID":"59151535","LANDAREA":0.1622,"PRUID":"59","fed_num":"59025","da_code":"59151535","geo_name":"59151535","name_source":{"label":"Statistics Canada Census Profile 2021 DA WDS","url":"https://www12.statcan.gc.ca/wds-sdw/2021profile-profil2021-eng.cfm"},"population":444,"status":"ok","source":{"label":"Statistics Canada Census Profile 2021 DA WDS","url":"https://www12.statcan.gc.ca/wds-sdw/2021profile-profil2021-eng.cfm"},"community_name":"Coquitlam","community_source":{"label":"Statistics Canada 2021 census subdivision boundaries (spatial lookup)","url":"https://geo.statcan.gc.ca/geo_wa/rest/services/2021/Cartographic_boundary_files/MapServer/9"},"community_display":"Coquitlam","is_unorganized":false,"panel_title":"Coquitlam","display_label":"Coquitlam","map_label":"59151535"},"geometry":{"type":"MultiPolygon","coordinates":[[[[-122.86885905354103,49.26168911192021],[-122.86891248747325,49.25992050980767],[-122.86956335665131,49.25992570508792],[-122.87024156418613,49.259931103046554],[-122.87440914605267,49.259961810104194],[-122.87439942848467,49.26040530794204],[-122.87438930002044,49.26086839247446],[-122.87436012272117,49.26177120067669],[-122.874355367146,49.262222584658446],[-122.87435072316558,49.26266449990033],[-122.87432939161621,49.263095149415676],[-122.87430483357907,49.263591100489165],[-122.87012674618734,49.26356911679461],[-122.86878477948288,49.263563506148884],[-122.86880716049866,49.26308032627204],[-122.86882973698785,49.26259189840983],[-122.86884483710804,49.26212702112018],[-122.86885905354103,49.26168911192021]]]]}},{"type":"Feature","properties":{"DGUID":"2021S051259151536","DAUID":"59151536","LANDAREA":0.322,"PRUID":"59","fed_num":"59025","da_code":"59151536","geo_name":"59151536","name_source":{"label":"Statistics Canada Census Profile 2021 DA WDS","url":"https://www12.statcan.gc.ca/wds-sdw/2021profile-profil2021-eng.cfm"},"population":940,"status":"ok","source":{"label":"Statistics Canada Census Profile 2021 DA WDS","url":"https://www12.statcan.gc.ca/wds-sdw/2021profile-profil2021-eng.cfm"},"community_name":"Coquitlam","community_source":{"label":"Statistics Canada 2021 census subdivision boundaries (spatial lookup)","url":"https://geo.statcan.gc.ca/geo_wa/rest/services/2021/Cartographic_boundary_files/MapServer/9"},"community_display":"Coquitlam","is_unorganized":false,"panel_title":"Coquitlam","display_label":"Coquitlam","map_label":"59151536"},"geometry":{"type":"MultiPolygon","coordinates":[[[[-122.86893195520332,49.25810482203105],[-122.86897702496147,49.256276508021024],[-122.8702695736994,49.25629781344201],[-122.87855629419502,49.25635409835473],[-122.87985173364036,49.25635369626033],[-122.87984905450861,49.256638282254414],[-122.87983050556174,49.25824219415927],[-122.87985214726488,49.26012839972407],[-122.87852085269617,49.260006086124086],[-122.87727354958675,49.259988298877055],[-122.87711118567634,49.259985995502824],[-122.87440914605267,49.259961810104194],[-122.87024156418613,49.259931103046554],[-122.86956335665131,49.25992570508792],[-122.86891248747325,49.25992050980767],[-122.86892017566298,49.258991908959224],[-122.86893195520332,49.25810482203105]]]]}},{"type":"Feature","properties":{"DGUID":"2021S051259151537","DAUID":"59151537","LANDAREA":0.1645,"PRUID":"59","fed_num":"59025","da_code":"59151537","geo_name":"59151537","name_source":{"label":"Statistics Canada Census Profile 2021 DA WDS","url":"https://www12.statcan.gc.ca/wds-sdw/2021profile-profil2021-eng.cfm"},"population":480,"status":"ok","source":{"label":"Statistics Canada Census Profile 2021 DA WDS","url":"https://www12.statcan.gc.ca/wds-sdw/2021profile-profil2021-eng.cfm"},"community_name":"Coquitlam","community_source":{"label":"Statistics Canada 2021 census subdivision boundaries (spatial lookup)","url":"https://geo.statcan.gc.ca/geo_wa/rest/services/2021/Cartographic_boundary_files/MapServer/9"},"community_display":"Coquitlam","is_unorganized":false,"panel_title":"Coquitlam","display_label":"Coquitlam","map_label":"59151537"},"geometry":{"type":"MultiPolygon","coordinates":[[[[-122.86754707531409,49.26355960425364],[-122.8659646555299,49.26355461990204],[-122.86593867489046,49.264346621634886],[-122.86456630819654,49.26432200560493],[-122.8631888325239,49.26431352041966],[-122.86320831015823,49.263536599226015],[-122.86322243750851,49.26304649772156],[-122.86323687951148,49.26254470426545],[-122.86599800880161,49.262552019157766],[-122.86600906931055,49.26212318971371],[-122.86602079878337,49.261665314814614],[-122.86606037027332,49.25989981902227],[-122.86611453944347,49.25812210946303],[-122.8674539754765,49.25812051157538],[-122.86820782101431,49.25812755448887],[-122.86873777022247,49.25813249540254],[-122.86893195520332,49.25810482203105],[-122.86892017566298,49.258991908959224],[-122.86891248747325,49.25992050980767],[-122.86885905354103,49.26168911192021],[-122.86884483710804,49.26212702112018],[-122.86882973698785,49.26259189840983],[-122.86880716049866,49.26308032627204],[-122.86878477948288,49.263563506148884],[-122.86754707531409,49.26355960425364]]]]}},{"type":"Feature","properties":{"DGUID":"2021S051259151538","DAUID":"59151538","LANDAREA":0.2908,"PRUID":"59","fed_num":"59025","da_code":"59151538","geo_name":"59151538","name_source":{"label":"Statistics Canada Census Profile 2021 DA WDS","url":"https://www12.statcan.gc.ca/wds-sdw/2021profile-profil2021-eng.cfm"},"population":738,"status":"ok","source":{"label":"Statistics Canada Census Profile 2021 DA WDS","url":"https://www12.statcan.gc.ca/wds-sdw/2021profile-profil2021-eng.cfm"},"community_name":"Coquitlam","community_source":{"label":"Statistics Canada 2021 census subdivision boundaries (spatial lookup)","url":"https://geo.statcan.gc.ca/geo_wa/rest/services/2021/Cartographic_boundary_files/MapServer/9"},"community_display":"Coquitlam","is_unorganized":false,"panel_title":"Coquitlam","display_label":"Coquitlam","map_label":"59151538"},"geometry":{"type":"MultiPolygon","coordinates":[[[[-122.8633125508488,49.259385699916734],[-122.86332021443985,49.25893463456949],[-122.86334810480719,49.257993106776986],[-122.86335598403166,49.25754170675604],[-122.8633643854627,49.25706201189971],[-122.86336679347549,49.256624065433414],[-122.8633690544708,49.25621993106897],[-122.86337243599631,49.25505242516977],[-122.86335799942957,49.253883509430516],[-122.86547042069023,49.2539017697753],[-122.86565076241554,49.25390331839993],[-122.86764231979882,49.253907118934976],[-122.8690185736354,49.25392911694107],[-122.86899846242733,49.25506566031556],[-122.86897702496147,49.256276508021024],[-122.86893195520332,49.25810482203105],[-122.86873777022247,49.25813249540254],[-122.86820782101431,49.25812755448887],[-122.8674539754765,49.25812051157538],[-122.86611453944347,49.25812210946303],[-122.86606037027332,49.25989981902227],[-122.86602079878337,49.261665314814614],[-122.86600906931055,49.26212318971371],[-122.86599800880161,49.262552019157766],[-122.86323687951148,49.26254470426545],[-122.863243782739,49.261690918653485],[-122.86326737762009,49.26122981287772],[-122.86329084515953,49.26077151676469],[-122.8632980526425,49.26029423908909],[-122.8633054409678,49.25980351153454],[-122.8633125508488,49.259385699916734]]]]}},{"type":"Feature","properties":{"DGUID":"2021S051259151539","DAUID":"59151539","LANDAREA":0.2503,"PRUID":"59","fed_num":"59025","da_code":"59151539","geo_name":"59151539","name_source":{"label":"Statistics Canada Census Profile 2021 DA WDS","url":"https://www12.statcan.gc.ca/wds-sdw/2021profile-profil2021-eng.cfm"},"population":598,"status":"ok","source":{"label":"Statistics Canada Census Profile 2021 DA WDS","url":"https://www12.statcan.gc.ca/wds-sdw/2021profile-profil2021-eng.cfm"},"community_name":"Coquitlam","community_source":{"label":"Statistics Canada 2021 census subdivision boundaries (spatial lookup)","url":"https://geo.statcan.gc.ca/geo_wa/rest/services/2021/Cartographic_boundary_files/MapServer/9"},"community_display":"Coquitlam","is_unorganized":false,"panel_title":"Coquitlam","display_label":"Coquitlam","map_label":"59151539"},"geometry":{"type":"MultiPolygon","coordinates":[[[[-122.86039859039546,49.263516231483784],[-122.85899921694087,49.26350702525206],[-122.85758465794488,49.26349733159771],[-122.8576171020044,49.26303905653592],[-122.85764893909112,49.26258931594729],[-122.85769852048136,49.2618971348742],[-122.8575139292346,49.26164121796587],[-122.8568848106436,49.26074643147492],[-122.85638272367612,49.260045340124044],[-122.8562931084342,49.25982642602724],[-122.856614586385,49.25885383083849],[-122.85656945337983,49.25844170591276],[-122.85652698688585,49.25805429633598],[-122.85642104533287,49.25708703669072],[-122.8573253910938,49.2564997274339],[-122.85765848321986,49.256283424261326],[-122.85785369645694,49.256156642372865],[-122.85785520075159,49.25661745331337],[-122.85785650662069,49.25702792822138],[-122.85784812786902,49.25796371812384],[-122.85788702930279,49.25796393409251],[-122.86334810480719,49.257993106776986],[-122.86332021443985,49.25893463456949],[-122.8633125508488,49.259385699916734],[-122.8633054409678,49.25980351153454],[-122.8632980526425,49.26029423908909],[-122.86329084515953,49.26077151676469],[-122.86326737762009,49.26122981287772],[-122.863243782739,49.261690918653485],[-122.86323687951148,49.26254470426545],[-122.86322243750851,49.26304649772156],[-122.86320831015823,49.263536599226015],[-122.86039859039546,49.263516231483784]]]]}},{"type":"Feature","properties":{"DGUID":"2021S051259151540","DAUID":"59151540","LANDAREA":0.1839,"PRUID":"59","fed_num":"59025","da_code":"59151540","geo_name":"59151540","name_source":{"label":"Statistics Canada Census Profile 2021 DA WDS","url":"https://www12.statcan.gc.ca/wds-sdw/2021profile-profil2021-eng.cfm"},"population":543,"status":"ok","source":{"label":"Statistics Canada Census Profile 2021 DA WDS","url":"https://www12.statcan.gc.ca/wds-sdw/2021profile-profil2021-eng.cfm"},"community_name":"Coquitlam","community_source":{"label":"Statistics Canada 2021 census subdivision boundaries (spatial lookup)","url":"https://geo.statcan.gc.ca/geo_wa/rest/services/2021/Cartographic_boundary_files/MapServer/9"},"community_display":"Coquitlam","is_unorganized":false,"panel_title":"Coquitlam","display_label":"Coquitlam","map_label":"59151540"},"geometry":{"type":"MultiPolygon","coordinates":[[[[-122.85783847448603,49.25506252019753],[-122.85788064565912,49.25383042880589],[-122.86335799942957,49.253883509430516],[-122.86337243599631,49.25505242516977],[-122.8633690544708,49.25621993106897],[-122.86336679347549,49.256624065433414],[-122.8633643854627,49.25706201189971],[-122.86335598403166,49.25754170675604],[-122.86334810480719,49.257993106776986],[-122.85788702930279,49.25796393409251],[-122.85784812786902,49.25796371812384],[-122.85785650662069,49.25702792822138],[-122.85785520075159,49.25661745331337],[-122.85785369645694,49.256156642372865],[-122.85783847448603,49.25506252019753]]]]}},{"type":"Feature","properties":{"DGUID":"2021S051259151541","DAUID":"59151541","LANDAREA":0.1039,"PRUID":"59","fed_num":"59025","da_code":"59151541","geo_name":"59151541","name_source":{"label":"Statistics Canada Census Profile 2021 DA WDS","url":"https://www12.statcan.gc.ca/wds-sdw/2021profile-profil2021-eng.cfm"},"population":249,"status":"ok","source":{"label":"Statistics Canada Census Profile 2021 DA WDS","url":"https://www12.statcan.gc.ca/wds-sdw/2021profile-profil2021-eng.cfm"},"community_name":"Coquitlam","community_source":{"label":"Statistics Canada 2021 census subdivision boundaries (spatial lookup)","url":"https://geo.statcan.gc.ca/geo_wa/rest/services/2021/Cartographic_boundary_files/MapServer/9"},"community_display":"Coquitlam","is_unorganized":false,"panel_title":"Coquitlam","display_label":"Coquitlam","map_label":"59151541"},"geometry":{"type":"MultiPolygon","coordinates":[[[[-122.85229580798276,49.2545419841687],[-122.85231898923739,49.25386654553282],[-122.85443104650697,49.253856039615016],[-122.85545289080665,49.253848466719504],[-122.85788064565912,49.25383042880589],[-122.85783847448603,49.25506252019753],[-122.85785369645694,49.256156642372865],[-122.85765892652455,49.256156325741436],[-122.85738353876415,49.25615588452844],[-122.85560203635113,49.25615308483237],[-122.8552784397027,49.25615256432673],[-122.85500342167583,49.25615213367572],[-122.85488267875898,49.256151924213],[-122.85222884310942,49.25614763060281],[-122.85225403385908,49.25559458930716],[-122.85227680471515,49.2550950316962],[-122.85229580798276,49.2545419841687]]]]}},{"type":"Feature","properties":{"DGUID":"2021S051259151542","DAUID":"59151542","LANDAREA":0.2476,"PRUID":"59","fed_num":"59025","da_code":"59151542","geo_name":"59151542","name_source":{"label":"Statistics Canada Census Profile 2021 DA WDS","url":"https://www12.statcan.gc.ca/wds-sdw/2021profile-profil2021-eng.cfm"},"population":778,"status":"ok","source":{"label":"Statistics Canada Census Profile 2021 DA WDS","url":"https://www12.statcan.gc.ca/wds-sdw/2021profile-profil2021-eng.cfm"},"community_name":"Coquitlam","community_source":{"label":"Statistics Canada 2021 census subdivision boundaries (spatial lookup)","url":"https://geo.statcan.gc.ca/geo_wa/rest/services/2021/Cartographic_boundary_files/MapServer/9"},"community_display":"Coquitlam","is_unorganized":false,"panel_title":"Coquitlam","display_label":"Coquitlam","map_label":"59151542"},"geometry":{"type":"MultiPolygon","coordinates":[[[[-122.85231898923739,49.25386654553282],[-122.85236016168786,49.252651539385226],[-122.85239073869654,49.25143075438142],[-122.85524196845667,49.25141571808735],[-122.85581066799293,49.25140714319685],[-122.85606622473085,49.25141454326722],[-122.85674792876904,49.25140832615357],[-122.85795558919024,49.251424522754895],[-122.85797747751978,49.25049364237762],[-122.86218378140727,49.2505278140389],[-122.8621832868702,49.25144854164759],[-122.86336395038826,49.25145762355353],[-122.86336289257929,49.251892561458995],[-122.86335799942957,49.253883509430516],[-122.85788064565912,49.25383042880589],[-122.85545289080665,49.253848466719504],[-122.85443104650697,49.253856039615016],[-122.85231898923739,49.25386654553282]]]]}},{"type":"Feature","properties":{"DGUID":"2021S051259151543","DAUID":"59151543","LANDAREA":0.1095,"PRUID":"59","fed_num":"59025","da_code":"59151543","geo_name":"59151543","name_source":{"label":"Statistics Canada Census Profile 2021 DA WDS","url":"https://www12.statcan.gc.ca/wds-sdw/2021profile-profil2021-eng.cfm"},"population":718,"status":"ok","source":{"label":"Statistics Canada Census Profile 2021 DA WDS","url":"https://www12.statcan.gc.ca/wds-sdw/2021profile-profil2021-eng.cfm"},"community_name":"Coquitlam","community_source":{"label":"Statistics Canada 2021 census subdivision boundaries (spatial lookup)","url":"https://geo.statcan.gc.ca/geo_wa/rest/services/2021/Cartographic_boundary_files/MapServer/9"},"community_display":"Coquitlam","is_unorganized":false,"panel_title":"Coquitlam","display_label":"Coquitlam","map_label":"59151543"},"geometry":{"type":"MultiPolygon","coordinates":[[[[-122.85239073869654,49.25143075438142],[-122.85241109858835,49.25087203364222],[-122.8524368135649,49.250164528221994],[-122.8524804710215,49.24899284279234],[-122.85539835624526,49.24898023595092],[-122.85581056576976,49.2489784335243],[-122.85791265597074,49.24896930181558],[-122.85799410294238,49.24896892939866],[-122.85800043953894,49.24962583214604],[-122.85797747751978,49.25049364237762],[-122.85795558919024,49.251424522754895],[-122.85674792876904,49.25140832615357],[-122.85606622473085,49.25141454326722],[-122.85581066799293,49.25140714319685],[-122.85524196845667,49.25141571808735],[-122.85239073869654,49.25143075438142]]]]}},{"type":"Feature","properties":{"DGUID":"2021S051259151544","DAUID":"59151544","LANDAREA":0.0518,"PRUID":"59","fed_num":"59025","da_code":"59151544","geo_name":"59151544","name_source":{"label":"Statistics Canada Census Profile 2021 DA WDS","url":"https://www12.statcan.gc.ca/wds-sdw/2021profile-profil2021-eng.cfm"},"population":473,"status":"ok","source":{"label":"Statistics Canada Census Profile 2021 DA WDS","url":"https://www12.statcan.gc.ca/wds-sdw/2021profile-profil2021-eng.cfm"},"community_name":"Coquitlam","community_source":{"label":"Statistics Canada 2021 census subdivision boundaries (spatial lookup)","url":"https://geo.statcan.gc.ca/geo_wa/rest/services/2021/Cartographic_boundary_files/MapServer/9"},"community_display":"Coquitlam","is_unorganized":false,"panel_title":"Coquitlam","display_label":"Coquitlam","map_label":"59151544"},"geometry":{"type":"MultiPolygon","coordinates":[[[[-122.85800043953894,49.24962583214604],[-122.85799410294238,49.24896892939866],[-122.86218413557364,49.24899812733272],[-122.86218098415202,49.2496745840563],[-122.86218378140727,49.2505278140389],[-122.85797747751978,49.25049364237762],[-122.85800043953894,49.24962583214604]]]]}},{"type":"Feature","properties":{"DGUID":"2021S051259151556","DAUID":"59151556","LANDAREA":0.0452,"PRUID":"59","fed_num":"59025","da_code":"59151556","geo_name":"59151556","name_source":{"label":"Statistics Canada Census Profile 2021 DA WDS","url":"https://www12.statcan.gc.ca/wds-sdw/2021profile-profil2021-eng.cfm"},"population":503,"status":"ok","source":{"label":"Statistics Canada Census Profile 2021 DA WDS","url":"https://www12.statcan.gc.ca/wds-sdw/2021profile-profil2021-eng.cfm"},"community_name":"Coquitlam","community_source":{"label":"Statistics Canada 2021 census subdivision boundaries (spatial lookup)","url":"https://geo.statcan.gc.ca/geo_wa/rest/services/2021/Cartographic_boundary_files/MapServer/9"},"community_display":"Coquitlam","is_unorganized":false,"panel_title":"Coquitlam","display_label":"Coquitlam","map_label":"59151556"},"geometry":{"type":"MultiPolygon","coordinates":[[[[-122.86563083843184,49.24972264412653],[-122.86562572967783,49.24898372485896],[-122.86765487981081,49.24899762426755],[-122.86919984267479,49.249002027738314],[-122.86913536146791,49.24934691282976],[-122.86912377173611,49.24972231040695],[-122.86910950866022,49.250606510594295],[-122.86563528200956,49.25057232960107],[-122.86563083843184,49.24972264412653]]]]}},{"type":"Feature","properties":{"DGUID":"2021S051259151557","DAUID":"59151557","LANDAREA":0.069,"PRUID":"59","fed_num":"59025","da_code":"59151557","geo_name":"59151557","name_source":{"label":"Statistics Canada Census Profile 2021 DA WDS","url":"https://www12.statcan.gc.ca/wds-sdw/2021profile-profil2021-eng.cfm"},"population":552,"status":"ok","source":{"label":"Statistics Canada Census Profile 2021 DA WDS","url":"https://www12.statcan.gc.ca/wds-sdw/2021profile-profil2021-eng.cfm"},"community_name":"Coquitlam","community_source":{"label":"Statistics Canada 2021 census subdivision boundaries (spatial lookup)","url":"https://geo.statcan.gc.ca/geo_wa/rest/services/2021/Cartographic_boundary_files/MapServer/9"},"community_display":"Coquitlam","is_unorganized":false,"panel_title":"Coquitlam","display_label":"Coquitlam","map_label":"59151557"},"geometry":{"type":"MultiPolygon","coordinates":[[[[-122.86218098415202,49.2496745840563],[-122.86218413557364,49.24899812733272],[-122.86516743353123,49.24898564011687],[-122.86562572967783,49.24898372485896],[-122.86563083843184,49.24972264412653],[-122.86563528200956,49.25057232960107],[-122.86562630215163,49.25147743062735],[-122.86467957111464,49.25146914104625],[-122.86336395038826,49.25145762355353],[-122.8621832868702,49.25144854164759],[-122.86218378140727,49.2505278140389],[-122.86218098415202,49.2496745840563]]]]}},{"type":"Feature","properties":{"DGUID":"2021S051259151558","DAUID":"59151558","LANDAREA":0.1369,"PRUID":"59","fed_num":"59025","da_code":"59151558","geo_name":"59151558","name_source":{"label":"Statistics Canada Census Profile 2021 DA WDS","url":"https://www12.statcan.gc.ca/wds-sdw/2021profile-profil2021-eng.cfm"},"population":420,"status":"ok","source":{"label":"Statistics Canada Census Profile 2021 DA WDS","url":"https://www12.statcan.gc.ca/wds-sdw/2021profile-profil2021-eng.cfm"},"community_name":"Coquitlam","community_source":{"label":"Statistics Canada 2021 census subdivision boundaries (spatial lookup)","url":"https://geo.statcan.gc.ca/geo_wa/rest/services/2021/Cartographic_boundary_files/MapServer/9"},"community_display":"Coquitlam","is_unorganized":false,"panel_title":"Coquitlam","display_label":"Coquitlam","map_label":"59151558"},"geometry":{"type":"MultiPolygon","coordinates":[[[[-122.86335799942957,49.253883509430516],[-122.86336289257929,49.251892561458995],[-122.86336395038826,49.25145762355353],[-122.86467957111464,49.25146914104625],[-122.86562630215163,49.25147743062735],[-122.86563528200956,49.25057232960107],[-122.86910950866022,49.250606510594295],[-122.86910288687857,49.25084601112158],[-122.86909392375192,49.251251784346316],[-122.86908809200105,49.2515140039422],[-122.86904053572182,49.25309459693728],[-122.8690185736354,49.25392911694107],[-122.86764231979882,49.253907118934976],[-122.86565076241554,49.25390331839993],[-122.86547042069023,49.2539017697753],[-122.86335799942957,49.253883509430516]]]]}},{"type":"Feature","properties":{"DGUID":"2021S051259151559","DAUID":"59151559","LANDAREA":0.9463,"PRUID":"59","fed_num":"59025","da_code":"59151559","geo_name":"59151559","name_source":{"label":"Statistics Canada Census Profile 2021 DA WDS","url":"https://www12.statcan.gc.ca/wds-sdw/2021profile-profil2021-eng.cfm"},"population":933,"status":"ok","source":{"label":"Statistics Canada Census Profile 2021 DA WDS","url":"https://www12.statcan.gc.ca/wds-sdw/2021profile-profil2021-eng.cfm"},"community_name":"Coquitlam","community_source":{"label":"Statistics Canada 2021 census subdivision boundaries (spatial lookup)","url":"https://geo.statcan.gc.ca/geo_wa/rest/services/2021/Cartographic_boundary_files/MapServer/9"},"community_display":"Coquitlam","is_unorganized":false,"panel_title":"Coquitlam","display_label":"Coquitlam","map_label":"59151559"},"geometry":{"type":"MultiPolygon","coordinates":[[[[-122.8702695736994,49.25629781344201],[-122.86897702496147,49.256276508021024],[-122.86899846242733,49.25506566031556],[-122.8690185736354,49.25392911694107],[-122.86904053572182,49.25309459693728],[-122.86908809200105,49.2515140039422],[-122.86909392375192,49.251251784346316],[-122.86910288687857,49.25084601112158],[-122.86910950866022,49.250606510594295],[-122.86912377173611,49.24972231040695],[-122.86913536146791,49.24934691282976],[-122.86919984267479,49.249002027738314],[-122.87067901448621,49.249003393932675],[-122.8720459941431,49.24899800908698],[-122.87284834451306,49.24900203667971],[-122.87305962640968,49.249003099992876],[-122.87716741934288,49.24902390498035],[-122.88544214857308,49.24905598835371],[-122.88610738198338,49.24905870434887],[-122.88697299520874,49.24906221788434],[-122.88728901306412,49.24906349904252],[-122.88754352188164,49.24906454024922],[-122.88756382001851,49.249064623122166],[-122.8875775447205,49.249064659996385],[-122.88781848605576,49.24906563812531],[-122.88832458561444,49.24906768256533],[-122.8886155433308,49.24906887122229],[-122.88965624786488,49.24907306318838],[-122.88965373600938,49.24941795344995],[-122.8897539403541,49.24952174452606],[-122.88995304882333,49.24958335641334],[-122.89120272734694,49.2495927128663],[-122.89193270142518,49.24959817450245],[-122.89193264355602,49.24962899324683],[-122.8919313221614,49.251053872113545],[-122.89176471340873,49.251055641117766],[-122.89156434425696,49.2510577819766],[-122.89141535921763,49.25117056865116],[-122.89129533905113,49.25132118152607],[-122.89000027165783,49.25131898347274],[-122.88732716688293,49.25130038162973],[-122.88718013921527,49.25168898540636],[-122.88718806492679,49.251981982210566],[-122.8871777357414,49.252629231418034],[-122.88717520410331,49.25278788255207],[-122.88685659921823,49.25278679083281],[-122.88585842872557,49.25312828235926],[-122.88274611945646,49.25308159454259],[-122.8827368779261,49.25276959047634],[-122.8821002314929,49.25277026694845],[-122.8798493693956,49.25277258781692],[-122.87985548895975,49.253702485963615],[-122.87987273445533,49.25465259732266],[-122.87987137812776,49.25532007106828],[-122.87987084001837,49.25559928474266],[-122.87985173364036,49.25635369626033],[-122.87855629419502,49.25635409835473],[-122.8702695736994,49.25629781344201]]]]}},{"type":"Feature","properties":{"DGUID":"2021S051259151572","DAUID":"59151572","LANDAREA":4.4812,"PRUID":"59","fed_num":"59025","da_code":"59151572","geo_name":"59151572","name_source":{"label":"Statistics Canada Census Profile 2021 DA WDS","url":"https://www12.statcan.gc.ca/wds-sdw/2021profile-profil2021-eng.cfm"},"population":5,"status":"ok","source":{"label":"Statistics Canada Census Profile 2021 DA WDS","url":"https://www12.statcan.gc.ca/wds-sdw/2021profile-profil2021-eng.cfm"},"community_name":"Coquitlam","community_source":{"label":"Statistics Canada 2021 census subdivision boundaries (spatial lookup)","url":"https://geo.statcan.gc.ca/geo_wa/rest/services/2021/Cartographic_boundary_files/MapServer/9"},"community_display":"Coquitlam","is_unorganized":false,"panel_title":"Coquitlam","display_label":"Coquitlam","map_label":"59151572"},"geometry":{"type":"MultiPolygon","coordinates":[[[[-122.8793054566413,49.234299382321105],[-122.87871137273048,49.234497474962275],[-122.8784371095287,49.23459408114497],[-122.87840625345929,49.23458512065754],[-122.87826471916496,49.23454398339532],[-122.87764231522229,49.234407091751926],[-122.87681161749984,49.23426318361969],[-122.87520574335744,49.23398878816863],[-122.87354390811782,49.23379189476293],[-122.87353037895959,49.23379033457423],[-122.86449544006595,49.23274847878727],[-122.86174885154516,49.23243161052973],[-122.86161979511387,49.232416712445406],[-122.8614886138566,49.23240182409908],[-122.85904565181494,49.2321243584998],[-122.85375783317308,49.23152358587576],[-122.85258260097619,49.23168391832405],[-122.85280882532112,49.232054429117895],[-122.85285862952769,49.23227122189544],[-122.85282741441955,49.232428011276916],[-122.85275167615728,49.23255750055932],[-122.8527466461021,49.23256611294502],[-122.85271917309255,49.23262421002866],[-122.85268576329696,49.23269501688751],[-122.84936124811851,49.23201233499375],[-122.84914706293173,49.23196846516293],[-122.84878216139522,49.231893713441046],[-122.84800292530491,49.23173406044578],[-122.84602722429267,49.23132923988204],[-122.84372789945631,49.230857455530256],[-122.8423119820685,49.23059261503487],[-122.84222028683567,49.23057547526416],[-122.84179833901298,49.23052165367757],[-122.83912465598044,49.23018133353726],[-122.83696969792801,49.22990691810886],[-122.83675833573481,49.22988000222195],[-122.83649378026583,49.229846304587106],[-122.83559300849939,49.22984780612255],[-122.8349252470441,49.22993542671093],[-122.83460657918839,49.23001795100025],[-122.83422126627295,49.23015168442995],[-122.8342162021916,49.23015399291935],[-122.83376039505819,49.23020573773176],[-122.83322347855871,49.230427810263166],[-122.83281547670927,49.23062377759203],[-122.8300010112982,49.23197547992264],[-122.82965622420672,49.23214107559716],[-122.82957091591534,49.23218277718171],[-122.82954681561979,49.23219462203218],[-122.8288106390404,49.23255923990034],[-122.82684236304063,49.233534044625564],[-122.82618652982123,49.23388861691551],[-122.82598288383305,49.233994598626026],[-122.8252711385471,49.23436492946442],[-122.82491652998468,49.23454946430378],[-122.82373027770608,49.23515153013658],[-122.82354999704827,49.235243006055875],[-122.82060616324578,49.23673696464277],[-122.82068656601541,49.2368060112775],[-122.82075508806972,49.23686838131879],[-122.82065469572973,49.23691424820243],[-122.8205736327564,49.23695132330915],[-122.82031262718097,49.23707942644939],[-122.8200904904229,49.23718844724726],[-122.81969933794804,49.237376125717574],[-122.81920961084731,49.237611101618995],[-122.81914361965899,49.23764274951544],[-122.81901851400632,49.23770278995301],[-122.81900751435944,49.23770820071646],[-122.818734690835,49.23784219451236],[-122.81678457189528,49.238799969637085],[-122.81679294194188,49.23855678034297],[-122.816796250759,49.23846129279205],[-122.81683227592661,49.23741388216919],[-122.81669463654937,49.22685168788547],[-122.81687830412456,49.226871448545666],[-122.81729950308122,49.22700514419507],[-122.81743137244487,49.22699959564026],[-122.81702574142163,49.22592018702551],[-122.81706882062065,49.22585112452358],[-122.81720650640197,49.22563047897799],[-122.81719042842204,49.22501382647052],[-122.81679844901565,49.22403707147257],[-122.81681570449696,49.223644729336456],[-122.81743048956154,49.219900041757704],[-122.81781931350055,49.21992368416567],[-122.820335059195,49.219975739456075],[-122.8203492046831,49.21997604387754],[-122.82078380115497,49.219985032832355],[-122.82093155959583,49.21998807328775],[-122.82093799158709,49.21998822936415],[-122.82094909658264,49.21998845301441],[-122.82207281359814,49.22001167039961],[-122.82349053688793,49.219977560757364],[-122.82593592424787,49.21991867713955],[-122.82593857298913,49.21991860256578],[-122.82910431822863,49.21984226377541],[-122.82983174445103,49.21981354337714],[-122.83311761608087,49.21968372262572],[-122.83313095964475,49.21968319773107],[-122.83410364720265,49.21964474711491],[-122.83599579145677,49.21965121156663],[-122.83783363777296,49.21965744352774],[-122.8402841704395,49.21957713990653],[-122.8565529266984,49.220652297111684],[-122.86681294846197,49.221107956084005],[-122.87351335581826,49.22043456801286],[-122.8759599109319,49.22020890062789],[-122.87675044271987,49.225150784273836],[-122.87651257796202,49.22526296238708],[-122.87642594261008,49.22627894582421],[-122.876430120216,49.22856469992973],[-122.876491805831,49.22866828138702],[-122.87685780829277,49.22888071169676],[-122.87719051167208,49.229042073103216],[-122.87733163543982,49.22911050128262],[-122.8773220707066,49.229132333329005],[-122.87725256466294,49.22937443454595],[-122.87714179271892,49.22949125160251],[-122.87703177410455,49.22957244480468],[-122.87700369913472,49.22959095473639],[-122.87668721447882,49.2297618319838],[-122.87622082488167,49.23000394220995],[-122.87602713590829,49.23007515906876],[-122.87562845780586,49.230191945010745],[-122.87545085052753,49.23027314659923],[-122.8751750664732,49.23047965055438],[-122.87505107745751,49.23059645360425],[-122.87505079723401,49.230623443109344],[-122.87505054264722,49.23069832909952],[-122.87504958955752,49.23095535853801],[-122.8750775059525,49.23107354881289],[-122.8752014274963,49.23122595419662],[-122.8753372893545,49.23131565599994],[-122.87550208550233,49.23139685344005],[-122.87603680118316,49.2316047304882],[-122.8761879995846,49.23169443297111],[-122.87637938365708,49.231938056502734],[-122.8765723787461,49.23219014368585],[-122.87677782077765,49.23249635173134],[-122.87714811939864,49.23273984358215],[-122.8772200129997,49.23276875194708],[-122.87732518866592,49.2328110461014],[-122.87746219210658,49.23288364620239],[-122.87761379928865,49.23294634372233],[-122.87775080368164,49.233018943452244],[-122.87780501488089,49.23304604628308],[-122.87819099318062,49.23317134027532],[-122.87851958376761,49.233316649356205],[-122.87890326623017,49.23344195367366],[-122.87937027052199,49.23350604433875],[-122.8798655563386,49.23357014950077],[-122.88002996490646,49.23361434190749],[-122.88022287044322,49.233722537142015],[-122.88031674202495,49.23385415201662],[-122.88034473846778,49.23389344351656],[-122.8803708206968,49.23393130418431],[-122.88036783743044,49.23393234021092],[-122.88015702535479,49.234005870687795],[-122.88014464128521,49.234010171376184],[-122.8793054566413,49.234299382321105]]]]}},{"type":"Feature","properties":{"DGUID":"2021S051259151573","DAUID":"59151573","LANDAREA":0.5645,"PRUID":"59","fed_num":"59025","da_code":"59151573","geo_name":"59151573","name_source":{"label":"Statistics Canada Census Profile 2021 DA WDS","url":"https://www12.statcan.gc.ca/wds-sdw/2021profile-profil2021-eng.cfm"},"population":829,"status":"ok","source":{"label":"Statistics Canada Census Profile 2021 DA WDS","url":"https://www12.statcan.gc.ca/wds-sdw/2021profile-profil2021-eng.cfm"},"community_name":"Coquitlam","community_source":{"label":"Statistics Canada 2021 census subdivision boundaries (spatial lookup)","url":"https://geo.statcan.gc.ca/geo_wa/rest/services/2021/Cartographic_boundary_files/MapServer/9"},"community_display":"Coquitlam","is_unorganized":false,"panel_title":"Coquitlam","display_label":"Coquitlam","map_label":"59151573"},"geometry":{"type":"MultiPolygon","coordinates":[[[[-122.84726545921163,49.237723346778346],[-122.84670944227572,49.2374989438602],[-122.84653580890024,49.23795029562611],[-122.84635090219564,49.23843084220353],[-122.84596829406114,49.238302550176726],[-122.84415739078288,49.23786231074816],[-122.84401759365193,49.23782829759336],[-122.84400527025694,49.2378241036776],[-122.84360079432302,49.237686164649084],[-122.84345899267524,49.237637802943766],[-122.84299757969285,49.23748044192513],[-122.84296028217985,49.237428168799035],[-122.84277193366403,49.23716384087485],[-122.84269025950535,49.23672905584083],[-122.84297073337363,49.23585616161927],[-122.84302409972383,49.23511084601676],[-122.84290168920492,49.234891948159],[-122.84234826491874,49.23400455309726],[-122.8417041615874,49.23291624858779],[-122.8406442323877,49.231481538417576],[-122.84077711497834,49.231444943534214],[-122.84131494839265,49.23143795664231],[-122.84226819888971,49.23142554689194],[-122.84226243652098,49.23138908005792],[-122.84218459279677,49.230898745970485],[-122.84203745839842,49.23068002165815],[-122.84179833901298,49.23052165367757],[-122.84222028683567,49.23057547526416],[-122.8423119820685,49.23059261503487],[-122.84372789945631,49.230857455530256],[-122.84602722429267,49.23132923988204],[-122.84800292530491,49.23173406044578],[-122.84878216139522,49.231893713441046],[-122.84914706293173,49.23196846516293],[-122.84936124811851,49.23201233499375],[-122.85268576329696,49.23269501688751],[-122.85261715716335,49.232850955869615],[-122.8525558594662,49.232990333617614],[-122.85254278520259,49.23367307780297],[-122.85253269437663,49.234203240882835],[-122.85253339901317,49.23488720226309],[-122.85253398316117,49.23545390849367],[-122.85253475047438,49.23619974530057],[-122.85253303026329,49.23629901750622],[-122.85250898216934,49.2376668497385],[-122.85248879659494,49.23881809943792],[-122.85247850405315,49.23940284520061],[-122.8524723925879,49.23975293767795],[-122.85214966309584,49.2397128369797],[-122.8516696885307,49.2395695007071],[-122.84964883742178,49.23896594803335],[-122.84920534069728,49.23872143589304],[-122.84820263253391,49.23815882788943],[-122.84817919453508,49.23814792642665],[-122.84726545921163,49.237723346778346]]]]}},{"type":"Feature","properties":{"DGUID":"2021S051259151574","DAUID":"59151574","LANDAREA":0.1798,"PRUID":"59","fed_num":"59025","da_code":"59151574","geo_name":"59151574","name_source":{"label":"Statistics Canada Census Profile 2021 DA WDS","url":"https://www12.statcan.gc.ca/wds-sdw/2021profile-profil2021-eng.cfm"},"population":508,"status":"ok","source":{"label":"Statistics Canada Census Profile 2021 DA WDS","url":"https://www12.statcan.gc.ca/wds-sdw/2021profile-profil2021-eng.cfm"},"community_name":"Coquitlam","community_source":{"label":"Statistics Canada 2021 census subdivision boundaries (spatial lookup)","url":"https://geo.statcan.gc.ca/geo_wa/rest/services/2021/Cartographic_boundary_files/MapServer/9"},"community_display":"Coquitlam","is_unorganized":false,"panel_title":"Coquitlam","display_label":"Coquitlam","map_label":"59151574"},"geometry":{"type":"MultiPolygon","coordinates":[[[[-122.83679887761501,49.232905835963436],[-122.83536440931218,49.232900671489794],[-122.83643306278248,49.23172563718245],[-122.83689151747996,49.23120305440027],[-122.83696511057977,49.23078813201143],[-122.83675833573481,49.22988000222195],[-122.83696969792801,49.22990691810886],[-122.83912465598044,49.23018133353726],[-122.84179833901298,49.23052165367757],[-122.84203745839842,49.23068002165815],[-122.84218459279677,49.230898745970485],[-122.84226243652098,49.23138908005792],[-122.84226819888971,49.23142554689194],[-122.84131494839265,49.23143795664231],[-122.84077711497834,49.231444943534214],[-122.8406442323877,49.231481538417576],[-122.8417041615874,49.23291624858779],[-122.84234826491874,49.23400455309726],[-122.84290168920492,49.234891948159],[-122.84186760801286,49.23489686819878],[-122.83959415995298,49.23490764626239],[-122.8395813383173,49.233946050637975],[-122.83811456534507,49.23395074787272],[-122.83682122154333,49.233948858554065],[-122.83681003921146,49.23342681204987],[-122.83679887761501,49.232905835963436]]]]}},{"type":"Feature","properties":{"DGUID":"2021S051259151575","DAUID":"59151575","LANDAREA":0.1948,"PRUID":"59","fed_num":"59025","da_code":"59151575","geo_name":"59151575","name_source":{"label":"Statistics Canada Census Profile 2021 DA WDS","url":"https://www12.statcan.gc.ca/wds-sdw/2021profile-profil2021-eng.cfm"},"population":514,"status":"ok","source":{"label":"Statistics Canada Census Profile 2021 DA WDS","url":"https://www12.statcan.gc.ca/wds-sdw/2021profile-profil2021-eng.cfm"},"community_name":"Coquitlam","community_source":{"label":"Statistics Canada 2021 census subdivision boundaries (spatial lookup)","url":"https://geo.statcan.gc.ca/geo_wa/rest/services/2021/Cartographic_boundary_files/MapServer/9"},"community_display":"Coquitlam","is_unorganized":false,"panel_title":"Coquitlam","display_label":"Coquitlam","map_label":"59151575"},"geometry":{"type":"MultiPolygon","coordinates":[[[[-122.8412830643413,49.23702749607633],[-122.83960653359826,49.23660177810414],[-122.83960760020041,49.23668744551301],[-122.83896307047709,49.23668152192794],[-122.8375348421606,49.236668332347826],[-122.836876694552,49.23666225740098],[-122.83412238705081,49.2366382686328],[-122.8341139244703,49.23627457909033],[-122.83410565989621,49.23591696042326],[-122.83409348194901,49.23541094868731],[-122.834079528286,49.23482964578773],[-122.83407815119928,49.234340403634405],[-122.83407736271741,49.234054852478884],[-122.83414792401287,49.233926261907015],[-122.83536440931218,49.232900671489794],[-122.83679887761501,49.232905835963436],[-122.83681003921146,49.23342681204987],[-122.83682122154333,49.233948858554065],[-122.83811456534507,49.23395074787272],[-122.8395813383173,49.233946050637975],[-122.83959415995298,49.23490764626239],[-122.84186760801286,49.23489686819878],[-122.84290168920492,49.234891948159],[-122.84302409972383,49.23511084601676],[-122.84297073337363,49.23585616161927],[-122.84269025950535,49.23672905584083],[-122.84277193366403,49.23716384087485],[-122.84296028217985,49.237428168799035],[-122.84299757969285,49.23748044192513],[-122.84293649961079,49.237464639756034],[-122.84206602261965,49.23723924623719],[-122.84185595655605,49.23718481722039],[-122.84139493092317,49.237058684527334],[-122.8412830643413,49.23702749607633]]]]}},{"type":"Feature","properties":{"DGUID":"2021S051259151576","DAUID":"59151576","LANDAREA":0.1815,"PRUID":"59","fed_num":"59025","da_code":"59151576","geo_name":"59151576","name_source":{"label":"Statistics Canada Census Profile 2021 DA WDS","url":"https://www12.statcan.gc.ca/wds-sdw/2021profile-profil2021-eng.cfm"},"population":558,"status":"ok","source":{"label":"Statistics Canada Census Profile 2021 DA WDS","url":"https://www12.statcan.gc.ca/wds-sdw/2021profile-profil2021-eng.cfm"},"community_name":"Coquitlam","community_source":{"label":"Statistics Canada 2021 census subdivision boundaries (spatial lookup)","url":"https://geo.statcan.gc.ca/geo_wa/rest/services/2021/Cartographic_boundary_files/MapServer/9"},"community_display":"Coquitlam","is_unorganized":false,"panel_title":"Coquitlam","display_label":"Coquitlam","map_label":"59151576"},"geometry":{"type":"MultiPolygon","coordinates":[[[[-122.83422751141683,49.24148106936868],[-122.83419437054036,49.24021425683284],[-122.83418293514798,49.23921397332058],[-122.83415890577544,49.23806472881727],[-122.83414909578941,49.237595773387554],[-122.83413531395941,49.23710201030779],[-122.83412238705081,49.2366382686328],[-122.836876694552,49.23666225740098],[-122.8375348421606,49.236668332347826],[-122.83896307047709,49.23668152192794],[-122.83960760020041,49.23668744551301],[-122.83962767197708,49.23764295868535],[-122.8396549742316,49.239057349647],[-122.83966994175331,49.23976350977895],[-122.83967551121549,49.24002734609374],[-122.83694419783696,49.24000577428494],[-122.83694721605595,49.24040732724384],[-122.83695532078463,49.24149535316737],[-122.83626889501429,49.241494569320686],[-122.83557939449679,49.241493769906164],[-122.83489485941583,49.24148734566622],[-122.83422751141683,49.24148106936868]]]]}},{"type":"Feature","properties":{"DGUID":"2021S051259151577","DAUID":"59151577","LANDAREA":0.0982,"PRUID":"59","fed_num":"59025","da_code":"59151577","geo_name":"59151577","name_source":{"label":"Statistics Canada Census Profile 2021 DA WDS","url":"https://www12.statcan.gc.ca/wds-sdw/2021profile-profil2021-eng.cfm"},"population":349,"status":"ok","source":{"label":"Statistics Canada Census Profile 2021 DA WDS","url":"https://www12.statcan.gc.ca/wds-sdw/2021profile-profil2021-eng.cfm"},"community_name":"Coquitlam","community_source":{"label":"Statistics Canada 2021 census subdivision boundaries (spatial lookup)","url":"https://geo.statcan.gc.ca/geo_wa/rest/services/2021/Cartographic_boundary_files/MapServer/9"},"community_display":"Coquitlam","is_unorganized":false,"panel_title":"Coquitlam","display_label":"Coquitlam","map_label":"59151577"},"geometry":{"type":"MultiPolygon","coordinates":[[[[-122.83171288535546,49.239427862293006],[-122.83198401097248,49.239299849519995],[-122.83222035399108,49.239239782061624],[-122.83230818800682,49.23921745560502],[-122.83288809010355,49.239211971370835],[-122.83347391029237,49.23921286979675],[-122.83418293514798,49.23921397332058],[-122.83419437054036,49.24021425683284],[-122.83422751141683,49.24148106936868],[-122.8342309707623,49.24215761759256],[-122.83423163338848,49.24228665878892],[-122.83026163211464,49.2422808824571],[-122.82931470042601,49.242280801597666],[-122.82894049589582,49.24228077797751],[-122.82855328973794,49.242178367016265],[-122.82922904737013,49.241675678790635],[-122.83171288535546,49.239427862293006]]]]}},{"type":"Feature","properties":{"DGUID":"2021S051259151578","DAUID":"59151578","LANDAREA":0.0995,"PRUID":"59","fed_num":"59025","da_code":"59151578","geo_name":"59151578","name_source":{"label":"Statistics Canada Census Profile 2021 DA WDS","url":"https://www12.statcan.gc.ca/wds-sdw/2021profile-profil2021-eng.cfm"},"population":404,"status":"ok","source":{"label":"Statistics Canada Census Profile 2021 DA WDS","url":"https://www12.statcan.gc.ca/wds-sdw/2021profile-profil2021-eng.cfm"},"community_name":"Coquitlam","community_source":{"label":"Statistics Canada 2021 census subdivision boundaries (spatial lookup)","url":"https://geo.statcan.gc.ca/geo_wa/rest/services/2021/Cartographic_boundary_files/MapServer/9"},"community_display":"Coquitlam","is_unorganized":false,"panel_title":"Coquitlam","display_label":"Coquitlam","map_label":"59151578"},"geometry":{"type":"MultiPolygon","coordinates":[[[[-122.82759087023659,49.24122927556326],[-122.82745364497548,49.240564878357034],[-122.82747935657423,49.24034937497143],[-122.82754185617654,49.240198075678556],[-122.82770852983106,49.240050766735294],[-122.82901437449767,49.23914767804738],[-122.83048721386058,49.23783056538779],[-122.83096287451308,49.237600357523064],[-122.83147963736556,49.23741286576805],[-122.83182857310476,49.23739156846476],[-122.8318989667348,49.2374001619737],[-122.8321690399362,49.237433168801125],[-122.83229209285558,49.237483763934314],[-122.83252293986575,49.23757866350746],[-122.83275522021883,49.237757556714996],[-122.83286974113074,49.23803118081319],[-122.83288816208446,49.23846595790482],[-122.83288809010355,49.239211971370835],[-122.83230818800682,49.23921745560502],[-122.83222035399108,49.239239782061624],[-122.83198401097248,49.239299849519995],[-122.83171288535546,49.239427862293006],[-122.82922904737013,49.241675678790635],[-122.82855328973794,49.242178367016265],[-122.82788736143493,49.241774071725914],[-122.82775620427556,49.241663869890886],[-122.8276316772525,49.2414971690275],[-122.82759087023659,49.24122927556326]]]]}},{"type":"Feature","properties":{"DGUID":"2021S051259151579","DAUID":"59151579","LANDAREA":0.3445,"PRUID":"59","fed_num":"59025","da_code":"59151579","geo_name":"59151579","name_source":{"label":"Statistics Canada Census Profile 2021 DA WDS","url":"https://www12.statcan.gc.ca/wds-sdw/2021profile-profil2021-eng.cfm"},"population":869,"status":"ok","source":{"label":"Statistics Canada Census Profile 2021 DA WDS","url":"https://www12.statcan.gc.ca/wds-sdw/2021profile-profil2021-eng.cfm"},"community_name":"Coquitlam","community_source":{"label":"Statistics Canada 2021 census subdivision boundaries (spatial lookup)","url":"https://geo.statcan.gc.ca/geo_wa/rest/services/2021/Cartographic_boundary_files/MapServer/9"},"community_display":"Coquitlam","is_unorganized":false,"panel_title":"Coquitlam","display_label":"Coquitlam","map_label":"59151579"},"geometry":{"type":"MultiPolygon","coordinates":[[[[-122.82318718942041,49.24075998876977],[-122.8222615103473,49.240579592061195],[-122.82121695162076,49.24047682801504],[-122.82099292885918,49.24045477157309],[-122.8207384274097,49.24036079831559],[-122.82050114584422,49.24017547452457],[-122.8207915328741,49.240047088048755],[-122.82226057248661,49.239390276655115],[-122.82311354654462,49.239065878437145],[-122.82333948474975,49.239028293657924],[-122.823852468544,49.238942974638505],[-122.82416265388086,49.2388913822648],[-122.82439290416778,49.23885308575166],[-122.82445196010563,49.23882956779133],[-122.82462438044142,49.23876089135387],[-122.82490608067933,49.23857410974546],[-122.82548174498892,49.23819236456774],[-122.8258113378593,49.23803087573591],[-122.82623852879081,49.23800927803005],[-122.82626643829354,49.23799972275482],[-122.82790756170002,49.237438469976226],[-122.82976401852177,49.236796811511816],[-122.82983147106751,49.23677346213134],[-122.83030735442118,49.236608348452485],[-122.83232797448751,49.23590715613066],[-122.8323724771395,49.23590741193027],[-122.8333886504467,49.23591299938805],[-122.83410565989621,49.23591696042326],[-122.8341139244703,49.23627457909033],[-122.83412238705081,49.2366382686328],[-122.83413531395941,49.23710201030779],[-122.83414909578941,49.237595773387554],[-122.83415890577544,49.23806472881727],[-122.83418293514798,49.23921397332058],[-122.83347391029237,49.23921286979675],[-122.83288809010355,49.239211971370835],[-122.83288816208446,49.23846595790482],[-122.83286974113074,49.23803118081319],[-122.83275522021883,49.237757556714996],[-122.83252293986575,49.23757866350746],[-122.83229209285558,49.237483763934314],[-122.8321690399362,49.237433168801125],[-122.8318989667348,49.2374001619737],[-122.83182857310476,49.23739156846476],[-122.83147963736556,49.23741286576805],[-122.83096287451308,49.237600357523064],[-122.83048721386058,49.23783056538779],[-122.82901437449767,49.23914767804738],[-122.82770852983106,49.240050766735294],[-122.82754185617654,49.240198075678556],[-122.82747935657423,49.24034937497143],[-122.82745364497548,49.240564878357034],[-122.82759087023659,49.24122927556326],[-122.8276316772525,49.2414971690275],[-122.82775620427556,49.241663869890886],[-122.82788736143493,49.241774071725914],[-122.82855328973794,49.242178367016265],[-122.82792369526027,49.24261422204907],[-122.82781670323449,49.24268827573623],[-122.82742891108698,49.24283135265203],[-122.827119296586,49.24294559207042],[-122.82659444208502,49.243139270496975],[-122.82489743867937,49.243765378719715],[-122.82397338253168,49.24422378689814],[-122.82336386147175,49.243837390336594],[-122.82290497746878,49.24367969671127],[-122.82254896771296,49.24360348890923],[-122.82220588167343,49.24355998330446],[-122.82163981275191,49.243543396320035],[-122.82258295651734,49.24270627829714],[-122.82118519939517,49.24272178662187],[-122.82091540414237,49.24269038894904],[-122.82070942557397,49.242589782495905],[-122.82053889646699,49.242431598891564],[-122.82230452167701,49.24165658538362],[-122.82326619801636,49.24121098377216],[-122.82339476322166,49.24107697927129],[-122.8234171879695,49.24095056982787],[-122.82335237253889,49.24085409628253],[-122.82318718942041,49.24075998876977]]]]}},{"type":"Feature","properties":{"DGUID":"2021S051259151580","DAUID":"59151580","LANDAREA":0.317,"PRUID":"59","fed_num":"59025","da_code":"59151580","geo_name":"59151580","name_source":{"label":"Statistics Canada Census Profile 2021 DA WDS","url":"https://www12.statcan.gc.ca/wds-sdw/2021profile-profil2021-eng.cfm"},"population":899,"status":"ok","source":{"label":"Statistics Canada Census Profile 2021 DA WDS","url":"https://www12.statcan.gc.ca/wds-sdw/2021profile-profil2021-eng.cfm"},"community_name":"Coquitlam","community_source":{"label":"Statistics Canada 2021 census subdivision boundaries (spatial lookup)","url":"https://geo.statcan.gc.ca/geo_wa/rest/services/2021/Cartographic_boundary_files/MapServer/9"},"community_display":"Coquitlam","is_unorganized":false,"panel_title":"Coquitlam","display_label":"Coquitlam","map_label":"59151580"},"geometry":{"type":"MultiPolygon","coordinates":[[[[-122.82442452941733,49.24750567917326],[-122.82443791659902,49.246757730434325],[-122.82443861281759,49.24671867850381],[-122.82443584017314,49.245552323276094],[-122.82443550023281,49.245398682628625],[-122.8244267719334,49.244963299246066],[-122.82432797409119,49.24466217081451],[-122.82397338253168,49.24422378689814],[-122.82489743867937,49.243765378719715],[-122.82659444208502,49.243139270496975],[-122.827119296586,49.24294559207042],[-122.82742891108698,49.24283135265203],[-122.82781670323449,49.24268827573623],[-122.82792369526027,49.24261422204907],[-122.82855328973794,49.242178367016265],[-122.82894049589582,49.24228077797751],[-122.82931470042601,49.242280801597666],[-122.83026163211464,49.2422808824571],[-122.83423163338848,49.24228665878892],[-122.83423591461533,49.242565160138376],[-122.83423882880874,49.242805147687285],[-122.83424524215727,49.24333476132647],[-122.83425167087029,49.243643069820045],[-122.8342547965146,49.24383951628206],[-122.8342628196952,49.24434617044174],[-122.83280682251934,49.24434846710386],[-122.83149079187841,49.24435352959651],[-122.83147705449024,49.24435357704137],[-122.83148037882557,49.245150064397066],[-122.83148190770875,49.245932075949995],[-122.83148764849916,49.24665295587452],[-122.83152922968695,49.24670828739771],[-122.83160093633379,49.24680406673294],[-122.83162757657614,49.24748148353913],[-122.829173417267,49.24748978066768],[-122.82442452941733,49.24750567917326]]]]}},{"type":"Feature","properties":{"DGUID":"2021S051259151581","DAUID":"59151581","LANDAREA":0.195,"PRUID":"59","fed_num":"59025","da_code":"59151581","geo_name":"59151581","name_source":{"label":"Statistics Canada Census Profile 2021 DA WDS","url":"https://www12.statcan.gc.ca/wds-sdw/2021profile-profil2021-eng.cfm"},"population":604,"status":"ok","source":{"label":"Statistics Canada Census Profile 2021 DA WDS","url":"https://www12.statcan.gc.ca/wds-sdw/2021profile-profil2021-eng.cfm"},"community_name":"Coquitlam","community_source":{"label":"Statistics Canada 2021 census subdivision boundaries (spatial lookup)","url":"https://geo.statcan.gc.ca/geo_wa/rest/services/2021/Cartographic_boundary_files/MapServer/9"},"community_display":"Coquitlam","is_unorganized":false,"panel_title":"Coquitlam","display_label":"Coquitlam","map_label":"59151581"},"geometry":{"type":"MultiPolygon","coordinates":[[[[-122.82989598726797,49.24905754588474],[-122.82442870518784,49.249071595214374],[-122.82445484741679,49.24826778590826],[-122.82442452941733,49.24750567917326],[-122.829173417267,49.24748978066768],[-122.83162757657614,49.24748148353913],[-122.83160093633379,49.24680406673294],[-122.83152922968695,49.24670828739771],[-122.83148764849916,49.24665295587452],[-122.83148190770875,49.245932075949995],[-122.83148037882557,49.245150064397066],[-122.83147705449024,49.24435357704137],[-122.83149079187841,49.24435352959651],[-122.83280682251934,49.24434846710386],[-122.8342628196952,49.24434617044174],[-122.8342771710564,49.24697916498243],[-122.83427836692852,49.247197959251],[-122.83428352462886,49.248148512644235],[-122.83428843458296,49.24904605481241],[-122.82989598726797,49.24905754588474]]]]}},{"type":"Feature","properties":{"DGUID":"2021S051259151582","DAUID":"59151582","LANDAREA":0.1883,"PRUID":"59","fed_num":"59025","da_code":"59151582","geo_name":"59151582","name_source":{"label":"Statistics Canada Census Profile 2021 DA WDS","url":"https://www12.statcan.gc.ca/wds-sdw/2021profile-profil2021-eng.cfm"},"population":596,"status":"ok","source":{"label":"Statistics Canada Census Profile 2021 DA WDS","url":"https://www12.statcan.gc.ca/wds-sdw/2021profile-profil2021-eng.cfm"},"community_name":"Coquitlam","community_source":{"label":"Statistics Canada 2021 census subdivision boundaries (spatial lookup)","url":"https://geo.statcan.gc.ca/geo_wa/rest/services/2021/Cartographic_boundary_files/MapServer/9"},"community_display":"Coquitlam","is_unorganized":false,"panel_title":"Coquitlam","display_label":"Coquitlam","map_label":"59151582"},"geometry":{"type":"MultiPolygon","coordinates":[[[[-122.82442576391517,49.24954626069617],[-122.82442870518784,49.249071595214374],[-122.82989598726797,49.24905754588474],[-122.83428843458296,49.24904605481241],[-122.83555270074969,49.249037269591206],[-122.83681247410186,49.249034564022196],[-122.83702548881628,49.24903356270241],[-122.83695802092525,49.250828855464505],[-122.83570937174234,49.25083016195577],[-122.83550585580073,49.250872761089106],[-122.8353331371037,49.25090826536248],[-122.83407460137269,49.25091277259436],[-122.83280392297418,49.25091428454778],[-122.83067302119187,49.25091507208034],[-122.82871871595509,49.2509157840471],[-122.8244218439784,49.25091828395483],[-122.82442024010352,49.24997858819098],[-122.82442400307296,49.249823698272806],[-122.82442576391517,49.24954626069617]]]]}},{"type":"Feature","properties":{"DGUID":"2021S051259151583","DAUID":"59151583","LANDAREA":0.1912,"PRUID":"59","fed_num":"59025","da_code":"59151583","geo_name":"59151583","name_source":{"label":"Statistics Canada Census Profile 2021 DA WDS","url":"https://www12.statcan.gc.ca/wds-sdw/2021profile-profil2021-eng.cfm"},"population":494,"status":"ok","source":{"label":"Statistics Canada Census Profile 2021 DA WDS","url":"https://www12.statcan.gc.ca/wds-sdw/2021profile-profil2021-eng.cfm"},"community_name":"Coquitlam","community_source":{"label":"Statistics Canada 2021 census subdivision boundaries (spatial lookup)","url":"https://geo.statcan.gc.ca/geo_wa/rest/services/2021/Cartographic_boundary_files/MapServer/9"},"community_display":"Coquitlam","is_unorganized":false,"panel_title":"Coquitlam","display_label":"Coquitlam","map_label":"59151583"},"geometry":{"type":"MultiPolygon","coordinates":[[[[-122.83546602522989,49.25260785889331],[-122.83550585580073,49.250872761089106],[-122.83570937174234,49.25083016195577],[-122.83695802092525,49.250828855464505],[-122.83702548881628,49.24903356270241],[-122.83799775142231,49.249035956962906],[-122.83918640543426,49.24902755220443],[-122.84000908683181,49.2490230859385],[-122.84022905253313,49.249021879474306],[-122.84095749917309,49.249017888871734],[-122.84113066509913,49.24901695798978],[-122.8410298142427,49.251649160310066],[-122.84100904486074,49.25252056838172],[-122.84096039243256,49.253800258386356],[-122.84088346871555,49.25376017031676],[-122.84028238718295,49.25375993741869],[-122.83960593305066,49.25375966595851],[-122.8391143608463,49.253758249609625],[-122.83827782817133,49.25375586647378],[-122.83677895801078,49.2537587676431],[-122.8354396024497,49.25375827563097],[-122.83546602522989,49.25260785889331]]]]}},{"type":"Feature","properties":{"DGUID":"2021S051259151584","DAUID":"59151584","LANDAREA":0.1579,"PRUID":"59","fed_num":"59025","da_code":"59151584","geo_name":"59151584","name_source":{"label":"Statistics Canada Census Profile 2021 DA WDS","url":"https://www12.statcan.gc.ca/wds-sdw/2021profile-profil2021-eng.cfm"},"population":552,"status":"ok","source":{"label":"Statistics Canada Census Profile 2021 DA WDS","url":"https://www12.statcan.gc.ca/wds-sdw/2021profile-profil2021-eng.cfm"},"community_name":"Coquitlam","community_source":{"label":"Statistics Canada 2021 census subdivision boundaries (spatial lookup)","url":"https://geo.statcan.gc.ca/geo_wa/rest/services/2021/Cartographic_boundary_files/MapServer/9"},"community_display":"Coquitlam","is_unorganized":false,"panel_title":"Coquitlam","display_label":"Coquitlam","map_label":"59151584"},"geometry":{"type":"MultiPolygon","coordinates":[[[[-122.83543360092085,49.25432992508087],[-122.8354396024497,49.25375827563097],[-122.83677895801078,49.2537587676431],[-122.83827782817133,49.25375586647378],[-122.8391143608463,49.253758249609625],[-122.83960593305066,49.25375966595851],[-122.84028238718295,49.25375993741869],[-122.84088346871555,49.25376017031676],[-122.84096039243256,49.253800258386356],[-122.84096819111708,49.25429056493446],[-122.84092918856486,49.25480297198281],[-122.84090561663882,49.25605724639],[-122.84089373231515,49.25693795409291],[-122.84089122287666,49.257480258735356],[-122.84086756665397,49.25839214145694],[-122.840501276069,49.25840575158628],[-122.8401310085915,49.25849665625673],[-122.83936348663353,49.25782374161061],[-122.83859300234613,49.257134544565524],[-122.83826390984946,49.25696445434599],[-122.83794458310987,49.2568731515729],[-122.83753600716612,49.25682066304237],[-122.83593284363154,49.2568195591227],[-122.83583956247776,49.2565555580309],[-122.83545665679077,49.25622816220633],[-122.83541584262278,49.25602067347232],[-122.83541680719344,49.25593106965613],[-122.83543360092085,49.25432992508087]]]]}},{"type":"Feature","properties":{"DGUID":"2021S051259151585","DAUID":"59151585","LANDAREA":0.3171,"PRUID":"59","fed_num":"59025","da_code":"59151585","geo_name":"59151585","name_source":{"label":"Statistics Canada Census Profile 2021 DA WDS","url":"https://www12.statcan.gc.ca/wds-sdw/2021profile-profil2021-eng.cfm"},"population":684,"status":"ok","source":{"label":"Statistics Canada Census Profile 2021 DA WDS","url":"https://www12.statcan.gc.ca/wds-sdw/2021profile-profil2021-eng.cfm"},"community_name":"Coquitlam","community_source":{"label":"Statistics Canada 2021 census subdivision boundaries (spatial lookup)","url":"https://geo.statcan.gc.ca/geo_wa/rest/services/2021/Cartographic_boundary_files/MapServer/9"},"community_display":"Coquitlam","is_unorganized":false,"panel_title":"Coquitlam","display_label":"Coquitlam","map_label":"59151585"},"geometry":{"type":"MultiPolygon","coordinates":[[[[-122.8410298142427,49.251649160310066],[-122.84113066509913,49.24901695798978],[-122.84201568953193,49.249010038530955],[-122.84372114753094,49.24899671512416],[-122.8439960950219,49.248994566800775],[-122.84664322726336,49.24898905793594],[-122.84663641841958,49.24949681308022],[-122.84662975403208,49.249995847444666],[-122.84661078888695,49.25046803776266],[-122.84658998704587,49.250985649144006],[-122.84658527958912,49.2514197535642],[-122.84654101398384,49.25295123212449],[-122.8465141235731,49.25388163875015],[-122.84650338284042,49.25413884798334],[-122.84642239162274,49.25608164945702],[-122.84428281826855,49.256072235032306],[-122.84090561663882,49.25605724639],[-122.84092918856486,49.25480297198281],[-122.84096819111708,49.25429056493446],[-122.84096039243256,49.253800258386356],[-122.84100904486074,49.25252056838172],[-122.8410298142427,49.251649160310066]]]]}},{"type":"Feature","properties":{"DGUID":"2021S051259151586","DAUID":"59151586","LANDAREA":0.1857,"PRUID":"59","fed_num":"59025","da_code":"59151586","geo_name":"59151586","name_source":{"label":"Statistics Canada Census Profile 2021 DA WDS","url":"https://www12.statcan.gc.ca/wds-sdw/2021profile-profil2021-eng.cfm"},"population":636,"status":"ok","source":{"label":"Statistics Canada Census Profile 2021 DA WDS","url":"https://www12.statcan.gc.ca/wds-sdw/2021profile-profil2021-eng.cfm"},"community_name":"Coquitlam","community_source":{"label":"Statistics Canada 2021 census subdivision boundaries (spatial lookup)","url":"https://geo.statcan.gc.ca/geo_wa/rest/services/2021/Cartographic_boundary_files/MapServer/9"},"community_display":"Coquitlam","is_unorganized":false,"panel_title":"Coquitlam","display_label":"Coquitlam","map_label":"59151586"},"geometry":{"type":"MultiPolygon","coordinates":[[[[-122.84213477688093,49.26080754671753],[-122.8421287596854,49.25922003837685],[-122.84087395754757,49.25920675373099],[-122.84086756665397,49.25839214145694],[-122.84089122287666,49.257480258735356],[-122.84089373231515,49.25693795409291],[-122.84090561663882,49.25605724639],[-122.84428281826855,49.256072235032306],[-122.84642239162274,49.25608164945702],[-122.84642639967988,49.25713404862092],[-122.84642350070581,49.25794385430845],[-122.84643024934121,49.25879635411616],[-122.84643177553929,49.25974404910677],[-122.84518189090555,49.25973906159507],[-122.84517501961064,49.2608100469037],[-122.84213477688093,49.26080754671753]]]]}},{"type":"Feature","properties":{"DGUID":"2021S051259151587","DAUID":"59151587","LANDAREA":0.3837,"PRUID":"59","fed_num":"59025","da_code":"59151587","geo_name":"59151587","name_source":{"label":"Statistics Canada Census Profile 2021 DA WDS","url":"https://www12.statcan.gc.ca/wds-sdw/2021profile-profil2021-eng.cfm"},"population":607,"status":"ok","source":{"label":"Statistics Canada Census Profile 2021 DA WDS","url":"https://www12.statcan.gc.ca/wds-sdw/2021profile-profil2021-eng.cfm"},"community_name":"Coquitlam","community_source":{"label":"Statistics Canada 2021 census subdivision boundaries (spatial lookup)","url":"https://geo.statcan.gc.ca/geo_wa/rest/services/2021/Cartographic_boundary_files/MapServer/9"},"community_display":"Coquitlam","is_unorganized":false,"panel_title":"Coquitlam","display_label":"Coquitlam","map_label":"59151587"},"geometry":{"type":"MultiPolygon","coordinates":[[[[-122.84663641841958,49.24949681308022],[-122.84664322726336,49.24898905793594],[-122.84722120685332,49.24899424054424],[-122.85007134861692,49.248992829032815],[-122.8524804710215,49.24899284279234],[-122.8524368135649,49.250164528221994],[-122.85241109858835,49.25087203364222],[-122.85239073869654,49.25143075438142],[-122.85236016168786,49.252651539385226],[-122.85231898923739,49.25386654553282],[-122.85229580798276,49.2545419841687],[-122.85227680471515,49.2550950316962],[-122.85225403385908,49.25559458930716],[-122.85222884310942,49.25614763060281],[-122.85219385671274,49.257169135160915],[-122.84642639967988,49.25713404862092],[-122.84642239162274,49.25608164945702],[-122.84650338284042,49.25413884798334],[-122.8465141235731,49.25388163875015],[-122.84654101398384,49.25295123212449],[-122.84658527958912,49.2514197535642],[-122.84658998704587,49.250985649144006],[-122.84661078888695,49.25046803776266],[-122.84662975403208,49.249995847444666],[-122.84663641841958,49.24949681308022]]]]}},{"type":"Feature","properties":{"DGUID":"2021S051259151588","DAUID":"59151588","LANDAREA":0.2052,"PRUID":"59","fed_num":"59025","da_code":"59151588","geo_name":"59151588","name_source":{"label":"Statistics Canada Census Profile 2021 DA WDS","url":"https://www12.statcan.gc.ca/wds-sdw/2021profile-profil2021-eng.cfm"},"population":631,"status":"ok","source":{"label":"Statistics Canada Census Profile 2021 DA WDS","url":"https://www12.statcan.gc.ca/wds-sdw/2021profile-profil2021-eng.cfm"},"community_name":"Coquitlam","community_source":{"label":"Statistics Canada 2021 census subdivision boundaries (spatial lookup)","url":"https://geo.statcan.gc.ca/geo_wa/rest/services/2021/Cartographic_boundary_files/MapServer/9"},"community_display":"Coquitlam","is_unorganized":false,"panel_title":"Coquitlam","display_label":"Coquitlam","map_label":"59151588"},"geometry":{"type":"MultiPolygon","coordinates":[[[[-122.84642350070581,49.25794385430845],[-122.84642639967988,49.25713404862092],[-122.85219385671274,49.257169135160915],[-122.85218605771163,49.2576085322492],[-122.85217157014795,49.25800362888115],[-122.85215719188359,49.258823945958284],[-122.85210679062813,49.259769232321176],[-122.85210931574858,49.260704435657104],[-122.85208545720346,49.26160193598271],[-122.84853102355387,49.26159227802811],[-122.84643697762262,49.26158655614428],[-122.84643456517163,49.26067204512595],[-122.84643177553929,49.25974404910677],[-122.84643024934121,49.25879635411616],[-122.84642350070581,49.25794385430845]]]]}},{"type":"Feature","properties":{"DGUID":"2021S051259151589","DAUID":"59151589","LANDAREA":0.2027,"PRUID":"59","fed_num":"59025","da_code":"59151589","geo_name":"59151589","name_source":{"label":"Statistics Canada Census Profile 2021 DA WDS","url":"https://www12.statcan.gc.ca/wds-sdw/2021profile-profil2021-eng.cfm"},"population":659,"status":"ok","source":{"label":"Statistics Canada Census Profile 2021 DA WDS","url":"https://www12.statcan.gc.ca/wds-sdw/2021profile-profil2021-eng.cfm"},"community_name":"Coquitlam","community_source":{"label":"Statistics Canada 2021 census subdivision boundaries (spatial lookup)","url":"https://geo.statcan.gc.ca/geo_wa/rest/services/2021/Cartographic_boundary_files/MapServer/9"},"community_display":"Coquitlam","is_unorganized":false,"panel_title":"Coquitlam","display_label":"Coquitlam","map_label":"59151589"},"geometry":{"type":"MultiPolygon","coordinates":[[[[-122.85219385671274,49.257169135160915],[-122.85222884310942,49.25614763060281],[-122.85488267875898,49.256151924213],[-122.85500342167583,49.25615213367572],[-122.8552784397027,49.25615256432673],[-122.85560203635113,49.25615308483237],[-122.85738353876415,49.25615588452844],[-122.85765892652455,49.256156325741436],[-122.85785369645694,49.256156642372865],[-122.85765848321986,49.256283424261326],[-122.8573253910938,49.2564997274339],[-122.85642104533287,49.25708703669072],[-122.85652698688585,49.25805429633598],[-122.85656945337983,49.25844170591276],[-122.856614586385,49.25885383083849],[-122.8562931084342,49.25982642602724],[-122.85638272367612,49.260045340124044],[-122.8568848106436,49.26074643147492],[-122.8575139292346,49.26164121796587],[-122.85208545720346,49.26160193598271],[-122.85210931574858,49.260704435657104],[-122.85210679062813,49.259769232321176],[-122.85215719188359,49.258823945958284],[-122.85217157014795,49.25800362888115],[-122.85218605771163,49.2576085322492],[-122.85219385671274,49.257169135160915]]]]}},{"type":"Feature","properties":{"DGUID":"2021S051259151590","DAUID":"59151590","LANDAREA":0.1623,"PRUID":"59","fed_num":"59025","da_code":"59151590","geo_name":"59151590","name_source":{"label":"Statistics Canada Census Profile 2021 DA WDS","url":"https://www12.statcan.gc.ca/wds-sdw/2021profile-profil2021-eng.cfm"},"population":552,"status":"ok","source":{"label":"Statistics Canada Census Profile 2021 DA WDS","url":"https://www12.statcan.gc.ca/wds-sdw/2021profile-profil2021-eng.cfm"},"community_name":"Coquitlam","community_source":{"label":"Statistics Canada 2021 census subdivision boundaries (spatial lookup)","url":"https://geo.statcan.gc.ca/geo_wa/rest/services/2021/Cartographic_boundary_files/MapServer/9"},"community_display":"Coquitlam","is_unorganized":false,"panel_title":"Coquitlam","display_label":"Coquitlam","map_label":"59151590"},"geometry":{"type":"MultiPolygon","coordinates":[[[[-122.85208457244399,49.26254694175533],[-122.85208545720346,49.26160193598271],[-122.8575139292346,49.26164121796587],[-122.85769852048136,49.2618971348742],[-122.85764893909112,49.26258931594729],[-122.8576171020044,49.26303905653592],[-122.85758465794488,49.26349733159771],[-122.85899921694087,49.26350702525206],[-122.86039859039546,49.263516231483784],[-122.86033993150934,49.26582522368716],[-122.857558280967,49.265793822457915],[-122.85611403297985,49.26577603999186],[-122.85614051735797,49.26431022331567],[-122.85615639246305,49.26348721907597],[-122.8545039171772,49.26347531759412],[-122.85347321087183,49.263467885921706],[-122.85274656706181,49.26346264375903],[-122.85206690452175,49.26345632837397],[-122.85208457244399,49.26254694175533]]]]}},{"type":"Feature","properties":{"DGUID":"2021S051259151591","DAUID":"59151591","LANDAREA":0.2637,"PRUID":"59","fed_num":"59025","da_code":"59151591","geo_name":"59151591","name_source":{"label":"Statistics Canada Census Profile 2021 DA WDS","url":"https://www12.statcan.gc.ca/wds-sdw/2021profile-profil2021-eng.cfm"},"population":520,"status":"ok","source":{"label":"Statistics Canada Census Profile 2021 DA WDS","url":"https://www12.statcan.gc.ca/wds-sdw/2021profile-profil2021-eng.cfm"},"community_name":"Coquitlam","community_source":{"label":"Statistics Canada 2021 census subdivision boundaries (spatial lookup)","url":"https://geo.statcan.gc.ca/geo_wa/rest/services/2021/Cartographic_boundary_files/MapServer/9"},"community_display":"Coquitlam","is_unorganized":false,"panel_title":"Coquitlam","display_label":"Coquitlam","map_label":"59151591"},"geometry":{"type":"MultiPolygon","coordinates":[[[[-122.85269022542845,49.266258229938714],[-122.85274656706181,49.26346264375903],[-122.85347321087183,49.263467885921706],[-122.8545039171772,49.26347531759412],[-122.85615639246305,49.26348721907597],[-122.85614051735797,49.26431022331567],[-122.85611403297985,49.26577603999186],[-122.857558280967,49.265793822457915],[-122.85754498876643,49.26625291077428],[-122.8575338118171,49.26662101634994],[-122.85750965325037,49.26748512445102],[-122.85750823448913,49.267607618628205],[-122.85749024368373,49.268178234097505],[-122.85748264127929,49.268492424830306],[-122.85747205349138,49.26885252892425],[-122.85745748700258,49.26937091130959],[-122.85743647671492,49.2700460118464],[-122.85726200586996,49.270330108371155],[-122.85709560001068,49.27049371205042],[-122.85666631249414,49.270704627249735],[-122.85662686686462,49.27074280848706],[-122.8522252611209,49.27091592188134],[-122.85266543890792,49.26763582647531],[-122.85268323907458,49.26658322182126],[-122.85269022542845,49.266258229938714]]]]}},{"type":"Feature","properties":{"DGUID":"2021S051259151592","DAUID":"59151592","LANDAREA":0.1508,"PRUID":"59","fed_num":"59025","da_code":"59151592","geo_name":"59151592","name_source":{"label":"Statistics Canada Census Profile 2021 DA WDS","url":"https://www12.statcan.gc.ca/wds-sdw/2021profile-profil2021-eng.cfm"},"population":429,"status":"ok","source":{"label":"Statistics Canada Census Profile 2021 DA WDS","url":"https://www12.statcan.gc.ca/wds-sdw/2021profile-profil2021-eng.cfm"},"community_name":"Coquitlam","community_source":{"label":"Statistics Canada 2021 census subdivision boundaries (spatial lookup)","url":"https://geo.statcan.gc.ca/geo_wa/rest/services/2021/Cartographic_boundary_files/MapServer/9"},"community_display":"Coquitlam","is_unorganized":false,"panel_title":"Coquitlam","display_label":"Coquitlam","map_label":"59151592"},"geometry":{"type":"MultiPolygon","coordinates":[[[[-122.85073361549506,49.268119137473846],[-122.8504281899448,49.267963325965404],[-122.85024681413867,49.26776073073347],[-122.85018369950211,49.267617543186],[-122.8501814111745,49.26734803890196],[-122.84943120933002,49.26692163719566],[-122.84898790431778,49.26665193272794],[-122.84882474601619,49.2665859422805],[-122.84860695332735,49.26655524444298],[-122.84799305386338,49.26655082402104],[-122.84768295640156,49.26650392740618],[-122.847176973614,49.266407241432425],[-122.84640707896031,49.26641445168707],[-122.84644307255766,49.26574342659761],[-122.84779993065591,49.265752443080764],[-122.84780739254785,49.264268035768275],[-122.84905355555127,49.26426833225529],[-122.84962097515556,49.264269639928756],[-122.84968733333447,49.263433750024404],[-122.85206690452175,49.26345632837397],[-122.85274656706181,49.26346264375903],[-122.85269022542845,49.266258229938714],[-122.85268323907458,49.26658322182126],[-122.85266543890792,49.26763582647531],[-122.85202417764103,49.267568534007154],[-122.85195047810745,49.267804143011496],[-122.85177356974053,49.26798103506641],[-122.85158409858816,49.268080824254355],[-122.85131170665262,49.26814591467815],[-122.8510171019258,49.26815444665856],[-122.85073361549506,49.268119137473846]]]]}},{"type":"Feature","properties":{"DGUID":"2021S051259151593","DAUID":"59151593","LANDAREA":0.1374,"PRUID":"59","fed_num":"59025","da_code":"59151593","geo_name":"59151593","name_source":{"label":"Statistics Canada Census Profile 2021 DA WDS","url":"https://www12.statcan.gc.ca/wds-sdw/2021profile-profil2021-eng.cfm"},"population":373,"status":"ok","source":{"label":"Statistics Canada Census Profile 2021 DA WDS","url":"https://www12.statcan.gc.ca/wds-sdw/2021profile-profil2021-eng.cfm"},"community_name":"Coquitlam","community_source":{"label":"Statistics Canada 2021 census subdivision boundaries (spatial lookup)","url":"https://geo.statcan.gc.ca/geo_wa/rest/services/2021/Cartographic_boundary_files/MapServer/9"},"community_display":"Coquitlam","is_unorganized":false,"panel_title":"Coquitlam","display_label":"Coquitlam","map_label":"59151593"},"geometry":{"type":"MultiPolygon","coordinates":[[[[-122.8442779578881,49.26686924911538],[-122.84428845227457,49.266149745642174],[-122.84394684606677,49.26608125484649],[-122.84374423986134,49.26606903085692],[-122.84385972422042,49.26570483282698],[-122.84385761936059,49.265473256522974],[-122.84376290531868,49.265248837496486],[-122.84356051600655,49.265033945634826],[-122.84236797002445,49.26505305186143],[-122.84239043531423,49.264157350329306],[-122.84239681928244,49.26337646403995],[-122.84352549670548,49.26338695521977],[-122.84644373773284,49.26340924205656],[-122.84807201368399,49.26342154822778],[-122.84968733333447,49.263433750024404],[-122.84962097515556,49.264269639928756],[-122.84905355555127,49.26426833225529],[-122.84780739254785,49.264268035768275],[-122.84779993065591,49.265752443080764],[-122.84644307255766,49.26574342659761],[-122.84640707896031,49.26641445168707],[-122.84639920711676,49.26766193905494],[-122.84474133277322,49.26726843272365],[-122.84440342055873,49.26708374226225],[-122.8442779578881,49.26686924911538]]]]}},{"type":"Feature","properties":{"DGUID":"2021S051259151594","DAUID":"59151594","LANDAREA":0.2278,"PRUID":"59","fed_num":"59025","da_code":"59151594","geo_name":"59151594","name_source":{"label":"Statistics Canada Census Profile 2021 DA WDS","url":"https://www12.statcan.gc.ca/wds-sdw/2021profile-profil2021-eng.cfm"},"population":660,"status":"ok","source":{"label":"Statistics Canada Census Profile 2021 DA WDS","url":"https://www12.statcan.gc.ca/wds-sdw/2021profile-profil2021-eng.cfm"},"community_name":"Coquitlam","community_source":{"label":"Statistics Canada 2021 census subdivision boundaries (spatial lookup)","url":"https://geo.statcan.gc.ca/geo_wa/rest/services/2021/Cartographic_boundary_files/MapServer/9"},"community_display":"Coquitlam","is_unorganized":false,"panel_title":"Coquitlam","display_label":"Coquitlam","map_label":"59151594"},"geometry":{"type":"MultiPolygon","coordinates":[[[[-122.84084551934488,49.262489645759736],[-122.84085292371023,49.261634043848304],[-122.84087395754757,49.25920675373099],[-122.8421287596854,49.25922003837685],[-122.84213477688093,49.26080754671753],[-122.84517501961064,49.2608100469037],[-122.84518189090555,49.25973906159507],[-122.84643177553929,49.25974404910677],[-122.84643456517163,49.26067204512595],[-122.84643697762262,49.26158655614428],[-122.84853102355387,49.26159227802811],[-122.85208545720346,49.26160193598271],[-122.85208457244399,49.26254694175533],[-122.85206690452175,49.26345632837397],[-122.84968733333447,49.263433750024404],[-122.84807201368399,49.26342154822778],[-122.84644373773284,49.26340924205656],[-122.84352549670548,49.26338695521977],[-122.84239681928244,49.26337646403995],[-122.84084976634017,49.26337624779725],[-122.84084551934488,49.262489645759736]]]]}},{"type":"Feature","properties":{"DGUID":"2021S051259151595","DAUID":"59151595","LANDAREA":0.1694,"PRUID":"59","fed_num":"59025","da_code":"59151595","geo_name":"59151595","name_source":{"label":"Statistics Canada Census Profile 2021 DA WDS","url":"https://www12.statcan.gc.ca/wds-sdw/2021profile-profil2021-eng.cfm"},"population":601,"status":"ok","source":{"label":"Statistics Canada Census Profile 2021 DA WDS","url":"https://www12.statcan.gc.ca/wds-sdw/2021profile-profil2021-eng.cfm"},"community_name":"Coquitlam","community_source":{"label":"Statistics Canada 2021 census subdivision boundaries (spatial lookup)","url":"https://geo.statcan.gc.ca/geo_wa/rest/services/2021/Cartographic_boundary_files/MapServer/9"},"community_display":"Coquitlam","is_unorganized":false,"panel_title":"Coquitlam","display_label":"Coquitlam","map_label":"59151595"},"geometry":{"type":"MultiPolygon","coordinates":[[[[-122.83593316542789,49.25766195848163],[-122.83593284363154,49.2568195591227],[-122.83753600716612,49.25682066304237],[-122.83794458310987,49.2568731515729],[-122.83826390984946,49.25696445434599],[-122.83859300234613,49.257134544565524],[-122.83936348663353,49.25782374161061],[-122.8401310085915,49.25849665625673],[-122.840501276069,49.25840575158628],[-122.84086756665397,49.25839214145694],[-122.84087395754757,49.25920675373099],[-122.84085292371023,49.261634043848304],[-122.83840639717968,49.261628146042476],[-122.83706479981318,49.261616755117345],[-122.83590055408689,49.26160596022693],[-122.83593316542789,49.25766195848163]]]]}},{"type":"Feature","properties":{"DGUID":"2021S051259151597","DAUID":"59151597","LANDAREA":0.1852,"PRUID":"59","fed_num":"59025","da_code":"59151597","geo_name":"59151597","name_source":{"label":"Statistics Canada Census Profile 2021 DA WDS","url":"https://www12.statcan.gc.ca/wds-sdw/2021profile-profil2021-eng.cfm"},"population":539,"status":"ok","source":{"label":"Statistics Canada Census Profile 2021 DA WDS","url":"https://www12.statcan.gc.ca/wds-sdw/2021profile-profil2021-eng.cfm"},"community_name":"Coquitlam","community_source":{"label":"Statistics Canada 2021 census subdivision boundaries (spatial lookup)","url":"https://geo.statcan.gc.ca/geo_wa/rest/services/2021/Cartographic_boundary_files/MapServer/9"},"community_display":"Coquitlam","is_unorganized":false,"panel_title":"Coquitlam","display_label":"Coquitlam","map_label":"59151597"},"geometry":{"type":"MultiPolygon","coordinates":[[[[-122.82569789725508,49.26650445542874],[-122.82477191118319,49.26497638621909],[-122.82469117466307,49.2647505776594],[-122.82470178667349,49.26403377718362],[-122.82472474813717,49.263195680660466],[-122.830227721597,49.26325296554518],[-122.83210195131038,49.26327914689895],[-122.834434910505,49.26331166448537],[-122.83441801430395,49.26380216719822],[-122.83433463462656,49.26397715365379],[-122.83417914390516,49.26414104206314],[-122.83392835360631,49.26429226327293],[-122.83358005601242,49.26436317301896],[-122.83137790383326,49.264377771046306],[-122.83089349912507,49.264428372214525],[-122.8306382370385,49.26448397539472],[-122.83022785680116,49.2646196720371],[-122.82985763318987,49.264788970861495],[-122.829177585637,49.265350963145906],[-122.82864409834211,49.26587847579147],[-122.82849433247925,49.26613897071751],[-122.82841633799639,49.26643576683045],[-122.82842074022525,49.26661245756951],[-122.82843613965886,49.26701115701788],[-122.82852785479949,49.26741746774157],[-122.82753836039736,49.26776128260616],[-122.82713279837299,49.26782507510773],[-122.82666378306709,49.26779055777746],[-122.82631021211527,49.267696359384935],[-122.82547543414042,49.26728628552971],[-122.82570460927255,49.266908278710375],[-122.82575040426943,49.26670067763706],[-122.82569789725508,49.26650445542874]]]]}},{"type":"Feature","properties":{"DGUID":"2021S051259151598","DAUID":"59151598","LANDAREA":0.1399,"PRUID":"59","fed_num":"59025","da_code":"59151598","geo_name":"59151598","name_source":{"label":"Statistics Canada Census Profile 2021 DA WDS","url":"https://www12.statcan.gc.ca/wds-sdw/2021profile-profil2021-eng.cfm"},"population":405,"status":"ok","source":{"label":"Statistics Canada Census Profile 2021 DA WDS","url":"https://www12.statcan.gc.ca/wds-sdw/2021profile-profil2021-eng.cfm"},"community_name":"Coquitlam","community_source":{"label":"Statistics Canada 2021 census subdivision boundaries (spatial lookup)","url":"https://geo.statcan.gc.ca/geo_wa/rest/services/2021/Cartographic_boundary_files/MapServer/9"},"community_display":"Coquitlam","is_unorganized":false,"panel_title":"Coquitlam","display_label":"Coquitlam","map_label":"59151598"},"geometry":{"type":"MultiPolygon","coordinates":[[[[-122.8247526620598,49.268770362774106],[-122.82473745190642,49.26849066634374],[-122.82490373019972,49.26812976120372],[-122.82547543414042,49.26728628552971],[-122.82631021211527,49.267696359384935],[-122.82666378306709,49.26779055777746],[-122.82713279837299,49.26782507510773],[-122.82753836039736,49.26776128260616],[-122.82852785479949,49.26741746774157],[-122.82874844517053,49.26774827152586],[-122.82956522476326,49.26842445965394],[-122.8286598681073,49.268943748198815],[-122.82837927289965,49.26908867836861],[-122.82884566343232,49.269503262736194],[-122.82899826537997,49.26982305336153],[-122.82949329166973,49.2705421750478],[-122.82949885868847,49.27064135935773],[-122.82951498975893,49.27131126266031],[-122.8294511927108,49.2715408501406],[-122.82804395871803,49.271922970462036],[-122.82749374774815,49.271990552682446],[-122.8254787932181,49.272015961259584],[-122.82528520195586,49.27197336368852],[-122.82520961660008,49.271932354242445],[-122.8251562841976,49.27184886912301],[-122.8251494211306,49.271768467050194],[-122.82538537426954,49.271111470911606],[-122.82545127799854,49.270911569976604],[-122.82542988220837,49.270721765511446],[-122.82528107573924,49.27038678345937],[-122.82526446251524,49.270226863613196],[-122.82514307694983,49.27009446790546],[-122.82504957942191,49.269893466594766],[-122.82512533762771,49.26968936852237],[-122.8253679762325,49.269378569552586],[-122.82511525013463,49.269235066614016],[-122.82489657479,49.26903767041976],[-122.8247526620598,49.268770362774106]]]]}},{"type":"Feature","properties":{"DGUID":"2021S051259151599","DAUID":"59151599","LANDAREA":0.1723,"PRUID":"59","fed_num":"59025","da_code":"59151599","geo_name":"59151599","name_source":{"label":"Statistics Canada Census Profile 2021 DA WDS","url":"https://www12.statcan.gc.ca/wds-sdw/2021profile-profil2021-eng.cfm"},"population":429,"status":"ok","source":{"label":"Statistics Canada Census Profile 2021 DA WDS","url":"https://www12.statcan.gc.ca/wds-sdw/2021profile-profil2021-eng.cfm"},"community_name":"Coquitlam","community_source":{"label":"Statistics Canada 2021 census subdivision boundaries (spatial lookup)","url":"https://geo.statcan.gc.ca/geo_wa/rest/services/2021/Cartographic_boundary_files/MapServer/9"},"community_display":"Coquitlam","is_unorganized":false,"panel_title":"Coquitlam","display_label":"Coquitlam","map_label":"59151599"},"geometry":{"type":"MultiPolygon","coordinates":[[[[-122.82920660646293,49.27297913246227],[-122.82473752363876,49.27284648015446],[-122.82538560530168,49.27277537605376],[-122.82609479635231,49.27275305356028],[-122.82706407866627,49.272787857137395],[-122.82842354095756,49.272762975617944],[-122.82873322958818,49.27271615941216],[-122.82893551710674,49.27261127341803],[-122.82910640115527,49.27248295695813],[-122.82925649411774,49.27227836053479],[-122.8294511927108,49.2715408501406],[-122.82951498975893,49.27131126266031],[-122.82949885868847,49.27064135935773],[-122.82949329166973,49.2705421750478],[-122.82899826537997,49.26982305336153],[-122.82884566343232,49.269503262736194],[-122.82837927289965,49.26908867836861],[-122.8286598681073,49.268943748198815],[-122.82956522476326,49.26842445965394],[-122.83034511798176,49.26901586532954],[-122.830568498225,49.26912596636887],[-122.83087051914809,49.26923126234373],[-122.83303437635028,49.269639873382964],[-122.83345258394384,49.26979445236971],[-122.83384226761748,49.26998335402776],[-122.83419185871162,49.2702981429763],[-122.83426727275605,49.270443581962795],[-122.83434606234742,49.27059544647946],[-122.83482146864564,49.27138146318876],[-122.83488616970541,49.27146077838133],[-122.83495464056317,49.27154475293809],[-122.83494600767774,49.27180704054917],[-122.83493162404608,49.272244980837435],[-122.83491782110156,49.273090771083986],[-122.83491862319337,49.27314007739919],[-122.83214076101073,49.273167578242],[-122.83153581827443,49.273171440974814],[-122.82947195097218,49.27299128855994],[-122.82920660646293,49.27297913246227]]]]}},{"type":"Feature","properties":{"DGUID":"2021S051259151600","DAUID":"59151600","LANDAREA":0.2183,"PRUID":"59","fed_num":"59025","da_code":"59151600","geo_name":"59151600","name_source":{"label":"Statistics Canada Census Profile 2021 DA WDS","url":"https://www12.statcan.gc.ca/wds-sdw/2021profile-profil2021-eng.cfm"},"population":578,"status":"ok","source":{"label":"Statistics Canada Census Profile 2021 DA WDS","url":"https://www12.statcan.gc.ca/wds-sdw/2021profile-profil2021-eng.cfm"},"community_name":"Port Moody","community_source":{"label":"Statistics Canada 2021 census subdivision boundaries (spatial lookup)","url":"https://geo.statcan.gc.ca/geo_wa/rest/services/2021/Cartographic_boundary_files/MapServer/9"},"community_display":"Port Moody","is_unorganized":false,"panel_title":"Port Moody","display_label":"Port Moody","map_label":"59151600"},"geometry":{"type":"MultiPolygon","coordinates":[[[[-122.82985061316714,49.27645431268007],[-122.82938805052521,49.276505587853634],[-122.8290524544754,49.27662998113864],[-122.82890957441,49.27650865706368],[-122.82862808118537,49.27630305678792],[-122.82901726165917,49.27603885881463],[-122.82925246389742,49.27591515791885],[-122.82935246179099,49.275800073163786],[-122.8293600789782,49.27558854355495],[-122.82936303727494,49.275511166987606],[-122.82936708488944,49.275405450422284],[-122.82937768722891,49.27512674852928],[-122.82938967606613,49.2748127078717],[-122.82939485804619,49.27467694831621],[-122.8240220683798,49.27468568522717],[-122.8239555283507,49.273750442964584],[-122.82375671167108,49.273346356252404],[-122.82393203350709,49.273126960994055],[-122.82426132946667,49.2729434584999],[-122.82473752363876,49.27284648015446],[-122.82920660646293,49.27297913246227],[-122.82947195097218,49.27299128855994],[-122.83153581827443,49.273171440974814],[-122.83214076101073,49.273167578242],[-122.83491862319337,49.27314007739919],[-122.8349071617181,49.27385233965718],[-122.83274113250147,49.27383385521555],[-122.83273785293098,49.27478775618717],[-122.8338267241777,49.274789179301486],[-122.83489124320131,49.27479055777719],[-122.83488022599141,49.27551634660006],[-122.83487104984681,49.27601333430291],[-122.83486271001566,49.276678894878195],[-122.83339733387541,49.276662930302464],[-122.83300637369884,49.27663253596023],[-122.832756995775,49.276661263120445],[-122.83230920917033,49.27662642506274],[-122.83069269184556,49.276500661052275],[-122.82985061316714,49.27645431268007]]]]}},{"type":"Feature","properties":{"DGUID":"2021S051259151601","DAUID":"59151601","LANDAREA":0.1871,"PRUID":"59","fed_num":"59025","da_code":"59151601","geo_name":"59151601","name_source":{"label":"Statistics Canada Census Profile 2021 DA WDS","url":"https://www12.statcan.gc.ca/wds-sdw/2021profile-profil2021-eng.cfm"},"population":489,"status":"ok","source":{"label":"Statistics Canada Census Profile 2021 DA WDS","url":"https://www12.statcan.gc.ca/wds-sdw/2021profile-profil2021-eng.cfm"},"community_name":"Port Moody","community_source":{"label":"Statistics Canada 2021 census subdivision boundaries (spatial lookup)","url":"https://geo.statcan.gc.ca/geo_wa/rest/services/2021/Cartographic_boundary_files/MapServer/9"},"community_display":"Port Moody","is_unorganized":false,"panel_title":"Port Moody","display_label":"Port Moody","map_label":"59151601"},"geometry":{"type":"MultiPolygon","coordinates":[[[[-122.83273785293098,49.27478775618717],[-122.83274113250147,49.27383385521555],[-122.8349071617181,49.27385233965718],[-122.83491862319337,49.27314007739919],[-122.83497029079724,49.27312808679784],[-122.83573364692232,49.273118940098044],[-122.83586288974092,49.272620924699595],[-122.84043301051327,49.27262598990111],[-122.84016200817697,49.274605449735],[-122.84016854584549,49.27508770211014],[-122.84016903000854,49.27512446248786],[-122.8401750093978,49.275563433511316],[-122.84017051178553,49.27603353477176],[-122.84016916513919,49.27661816076108],[-122.8382812187784,49.27664666842593],[-122.83706258962958,49.276665055678826],[-122.83486271001566,49.276678894878195],[-122.83487104984681,49.27601333430291],[-122.83488022599141,49.27551634660006],[-122.83489124320131,49.27479055777719],[-122.8338267241777,49.274789179301486],[-122.83273785293098,49.27478775618717]]]]}},{"type":"Feature","properties":{"DGUID":"2021S051259151602","DAUID":"59151602","LANDAREA":1.2056,"PRUID":"59","fed_num":"59025","da_code":"59151602","geo_name":"59151602","name_source":{"label":"Statistics Canada Census Profile 2021 DA WDS","url":"https://www12.statcan.gc.ca/wds-sdw/2021profile-profil2021-eng.cfm"},"population":885,"status":"ok","source":{"label":"Statistics Canada Census Profile 2021 DA WDS","url":"https://www12.statcan.gc.ca/wds-sdw/2021profile-profil2021-eng.cfm"},"community_name":"Coquitlam","community_source":{"label":"Statistics Canada 2021 census subdivision boundaries (spatial lookup)","url":"https://geo.statcan.gc.ca/geo_wa/rest/services/2021/Cartographic_boundary_files/MapServer/9"},"community_display":"Coquitlam","is_unorganized":false,"panel_title":"Coquitlam","display_label":"Coquitlam","map_label":"59151602"},"geometry":{"type":"MultiPolygon","coordinates":[[[[-122.84781728547301,49.27091601403403],[-122.84633192433353,49.27099794855828],[-122.846407842976,49.27147153952396],[-122.84649345364103,49.271896112925404],[-122.84654625561953,49.27234905287747],[-122.84663995213835,49.27269492973233],[-122.84574675948087,49.27272846889412],[-122.84043301051327,49.27262598990111],[-122.83586288974092,49.272620924699595],[-122.83573364692232,49.273118940098044],[-122.83497029079724,49.27312808679784],[-122.83491862319337,49.27314007739919],[-122.83491782110156,49.273090771083986],[-122.83493162404608,49.272244980837435],[-122.83494600767774,49.27180704054917],[-122.83495464056317,49.27154475293809],[-122.83488616970541,49.27146077838133],[-122.83482146864564,49.27138146318876],[-122.83434606234742,49.27059544647946],[-122.83426727275605,49.270443581962795],[-122.83419185871162,49.2702981429763],[-122.83384226761748,49.26998335402776],[-122.83345258394384,49.26979445236971],[-122.83303437635028,49.269639873382964],[-122.83087051914809,49.26923126234373],[-122.830568498225,49.26912596636887],[-122.83034511798176,49.26901586532954],[-122.82956522476326,49.26842445965394],[-122.82874844517053,49.26774827152586],[-122.82852785479949,49.26741746774157],[-122.82843613965886,49.26701115701788],[-122.82842074022525,49.26661245756951],[-122.82841633799639,49.26643576683045],[-122.82849433247925,49.26613897071751],[-122.82864409834211,49.26587847579147],[-122.829177585637,49.265350963145906],[-122.82985763318987,49.264788970861495],[-122.83022785680116,49.2646196720371],[-122.8306382370385,49.26448397539472],[-122.83089349912507,49.264428372214525],[-122.83137790383326,49.264377771046306],[-122.83358005601242,49.26436317301896],[-122.83392835360631,49.26429226327293],[-122.83417914390516,49.26414104206314],[-122.83433463462656,49.26397715365379],[-122.83441801430395,49.26380216719822],[-122.834434910505,49.26331166448537],[-122.83507026263644,49.26331779913722],[-122.83700255529405,49.263336457406446],[-122.83731563856979,49.26333936249127],[-122.83814224284372,49.26334825837833],[-122.84084976634017,49.26337624779725],[-122.84239681928244,49.26337646403995],[-122.84239043531423,49.264157350329306],[-122.84236797002445,49.26505305186143],[-122.84356051600655,49.265033945634826],[-122.84376290531868,49.265248837496486],[-122.84385761936059,49.265473256522974],[-122.84385972422042,49.26570483282698],[-122.84374423986134,49.26606903085692],[-122.84394684606677,49.26608125484649],[-122.84428845227457,49.266149745642174],[-122.8442779578881,49.26686924911538],[-122.84440342055873,49.26708374226225],[-122.84474133277322,49.26726843272365],[-122.84639920711676,49.26766193905494],[-122.84640707896031,49.26641445168707],[-122.847176973614,49.266407241432425],[-122.84768295640156,49.26650392740618],[-122.84799305386338,49.26655082402104],[-122.84860695332735,49.26655524444298],[-122.84882474601619,49.2665859422805],[-122.84898790431778,49.26665193272794],[-122.84943120933002,49.26692163719566],[-122.8501814111745,49.26734803890196],[-122.85018369950211,49.267617543186],[-122.85024681413867,49.26776073073347],[-122.8504281899448,49.267963325965404],[-122.85073361549506,49.268119137473846],[-122.8510171019258,49.26815444665856],[-122.85131170665262,49.26814591467815],[-122.85158409858816,49.268080824254355],[-122.85177356974053,49.26798103506641],[-122.85195047810745,49.267804143011496],[-122.85202417764103,49.267568534007154],[-122.85266543890792,49.26763582647531],[-122.8522252611209,49.27091592188134],[-122.84990487900576,49.27092425167515],[-122.84781728547301,49.27091601403403]]]]}},{"type":"Feature","properties":{"DGUID":"2021S051259151603","DAUID":"59151603","LANDAREA":0.1143,"PRUID":"59","fed_num":"59025","da_code":"59151603","geo_name":"59151603","name_source":{"label":"Statistics Canada Census Profile 2021 DA WDS","url":"https://www12.statcan.gc.ca/wds-sdw/2021profile-profil2021-eng.cfm"},"population":845,"status":"ok","source":{"label":"Statistics Canada Census Profile 2021 DA WDS","url":"https://www12.statcan.gc.ca/wds-sdw/2021profile-profil2021-eng.cfm"},"community_name":"Port Moody","community_source":{"label":"Statistics Canada 2021 census subdivision boundaries (spatial lookup)","url":"https://geo.statcan.gc.ca/geo_wa/rest/services/2021/Cartographic_boundary_files/MapServer/9"},"community_display":"Port Moody","is_unorganized":false,"panel_title":"Port Moody","display_label":"Port Moody","map_label":"59151603"},"geometry":{"type":"MultiPolygon","coordinates":[[[[-122.84539681284696,49.276644039511055],[-122.84141121029693,49.276623835299894],[-122.84016916513919,49.27661816076108],[-122.84017051178553,49.27603353477176],[-122.8401750093978,49.275563433511316],[-122.84016903000854,49.27512446248786],[-122.84016854584549,49.27508770211014],[-122.84016200817697,49.274605449735],[-122.84347531998033,49.27462752829859],[-122.8454558745339,49.27464493288895],[-122.84571035434611,49.27413533021674],[-122.84589460157449,49.2741345448097],[-122.84600461211606,49.274134079334175],[-122.84794418906019,49.27412572713475],[-122.84792348707961,49.27463328114725],[-122.84790908080413,49.275108504371865],[-122.84788638826869,49.27560420669911],[-122.84543308242753,49.27560552528035],[-122.84540958145179,49.27609224342173],[-122.84539681284696,49.276644039511055]]]]}},{"type":"Feature","properties":{"DGUID":"2021S051259151605","DAUID":"59151605","LANDAREA":0.8136,"PRUID":"59","fed_num":"59025","da_code":"59151605","geo_name":"59151605","name_source":{"label":"Statistics Canada Census Profile 2021 DA WDS","url":"https://www12.statcan.gc.ca/wds-sdw/2021profile-profil2021-eng.cfm"},"population":845,"status":"ok","source":{"label":"Statistics Canada Census Profile 2021 DA WDS","url":"https://www12.statcan.gc.ca/wds-sdw/2021profile-profil2021-eng.cfm"},"community_name":"Port Moody","community_source":{"label":"Statistics Canada 2021 census subdivision boundaries (spatial lookup)","url":"https://geo.statcan.gc.ca/geo_wa/rest/services/2021/Cartographic_boundary_files/MapServer/9"},"community_display":"Port Moody","is_unorganized":false,"panel_title":"Port Moody","display_label":"Port Moody","map_label":"59151605"},"geometry":{"type":"MultiPolygon","coordinates":[[[[-122.84589460157449,49.2741345448097],[-122.84571035434611,49.27413533021674],[-122.8454558745339,49.27464493288895],[-122.84347531998033,49.27462752829859],[-122.84016200817697,49.274605449735],[-122.84043301051327,49.27262598990111],[-122.84574675948087,49.27272846889412],[-122.84663995213835,49.27269492973233],[-122.84654625561953,49.27234905287747],[-122.84649345364103,49.271896112925404],[-122.846407842976,49.27147153952396],[-122.84633192433353,49.27099794855828],[-122.84781728547301,49.27091601403403],[-122.84990487900576,49.27092425167515],[-122.8522252611209,49.27091592188134],[-122.85662686686462,49.27074280848706],[-122.86026969569973,49.27072217050685],[-122.86298086317585,49.27073986648755],[-122.86681209045767,49.27076477325936],[-122.86677972847771,49.27112338011634],[-122.86675792598169,49.271491510017235],[-122.86633245052994,49.27193974342154],[-122.8664089488355,49.27247723292392],[-122.866499397543,49.27311277685881],[-122.8668851341288,49.27413679477354],[-122.86672625452819,49.27441319324945],[-122.86676029067746,49.27506909459541],[-122.86676508520787,49.27554760443413],[-122.86677222683299,49.27584224894776],[-122.86677924740601,49.276130648733854],[-122.86614750687347,49.27604321030566],[-122.86422193176503,49.276085518934735],[-122.86174901447039,49.27611359895392],[-122.85863730410843,49.27613751855546],[-122.8584653244761,49.275635188362294],[-122.85791920850536,49.275637581461375],[-122.85663681737789,49.275643232670944],[-122.85667356155157,49.27512710814976],[-122.85600421631534,49.275162637350135],[-122.85573482863693,49.275158496075974],[-122.85469858690684,49.275142621640335],[-122.85468603859938,49.27467831487338],[-122.85406766244407,49.27466575115459],[-122.85346056586532,49.274653435540834],[-122.85249708235773,49.274634324075706],[-122.85251237818474,49.27414471759042],[-122.85022680207851,49.274127541050376],[-122.84794418906019,49.27412572713475],[-122.84600461211606,49.274134079334175],[-122.84589460157449,49.2741345448097]]]]}},{"type":"Feature","properties":{"DGUID":"2021S051259151606","DAUID":"59151606","LANDAREA":0.2748,"PRUID":"59","fed_num":"59025","da_code":"59151606","geo_name":"59151606","name_source":{"label":"Statistics Canada Census Profile 2021 DA WDS","url":"https://www12.statcan.gc.ca/wds-sdw/2021profile-profil2021-eng.cfm"},"population":662,"status":"ok","source":{"label":"Statistics Canada Census Profile 2021 DA WDS","url":"https://www12.statcan.gc.ca/wds-sdw/2021profile-profil2021-eng.cfm"},"community_name":"Coquitlam","community_source":{"label":"Statistics Canada 2021 census subdivision boundaries (spatial lookup)","url":"https://geo.statcan.gc.ca/geo_wa/rest/services/2021/Cartographic_boundary_files/MapServer/9"},"community_display":"Coquitlam","is_unorganized":false,"panel_title":"Coquitlam","display_label":"Coquitlam","map_label":"59151606"},"geometry":{"type":"MultiPolygon","coordinates":[[[[-122.85750965325037,49.26748512445102],[-122.8575338118171,49.26662101634994],[-122.85754498876643,49.26625291077428],[-122.857558280967,49.265793822457915],[-122.86033993150934,49.26582522368716],[-122.86039859039546,49.263516231483784],[-122.86320831015823,49.263536599226015],[-122.8631888325239,49.26431352041966],[-122.86314097153196,49.265387813185285],[-122.86305132623417,49.268057084559246],[-122.86299604216067,49.26970410369558],[-122.86298086317585,49.27073986648755],[-122.86026969569973,49.27072217050685],[-122.85662686686462,49.27074280848706],[-122.85666631249414,49.270704627249735],[-122.85709560001068,49.27049371205042],[-122.85726200586996,49.270330108371155],[-122.85743647671492,49.2700460118464],[-122.85745748700258,49.26937091130959],[-122.85747205349138,49.26885252892425],[-122.85748264127929,49.268492424830306],[-122.85749024368373,49.268178234097505],[-122.85750823448913,49.267607618628205],[-122.85750965325037,49.26748512445102]]]]}},{"type":"Feature","properties":{"DGUID":"2021S051259151607","DAUID":"59151607","LANDAREA":0.3055,"PRUID":"59","fed_num":"59025","da_code":"59151607","geo_name":"59151607","name_source":{"label":"Statistics Canada Census Profile 2021 DA WDS","url":"https://www12.statcan.gc.ca/wds-sdw/2021profile-profil2021-eng.cfm"},"population":836,"status":"ok","source":{"label":"Statistics Canada Census Profile 2021 DA WDS","url":"https://www12.statcan.gc.ca/wds-sdw/2021profile-profil2021-eng.cfm"},"community_name":"Coquitlam","community_source":{"label":"Statistics Canada 2021 census subdivision boundaries (spatial lookup)","url":"https://geo.statcan.gc.ca/geo_wa/rest/services/2021/Cartographic_boundary_files/MapServer/9"},"community_display":"Coquitlam","is_unorganized":false,"panel_title":"Coquitlam","display_label":"Coquitlam","map_label":"59151607"},"geometry":{"type":"MultiPolygon","coordinates":[[[[-122.86314097153196,49.265387813185285],[-122.8631888325239,49.26431352041966],[-122.86456630819654,49.26432200560493],[-122.86593867489046,49.264346621634886],[-122.8659646555299,49.26355461990204],[-122.86754707531409,49.26355960425364],[-122.86878477948288,49.263563506148884],[-122.86876437691521,49.263984557680594],[-122.86873580787227,49.264573706563546],[-122.86870313815342,49.2650577507933],[-122.86868329468406,49.26535150384923],[-122.86867683161233,49.26550891040574],[-122.86857668455166,49.268153692098906],[-122.86852570170682,49.269377400556195],[-122.86849681057454,49.270110805707546],[-122.86849600986068,49.27052960660465],[-122.8685731100436,49.27077617460409],[-122.86681209045767,49.27076477325936],[-122.86298086317585,49.27073986648755],[-122.86299604216067,49.26970410369558],[-122.86305132623417,49.268057084559246],[-122.86314097153196,49.265387813185285]]]]}},{"type":"Feature","properties":{"DGUID":"2021S051259151608","DAUID":"59151608","LANDAREA":0.1092,"PRUID":"59","fed_num":"59025","da_code":"59151608","geo_name":"59151608","name_source":{"label":"Statistics Canada Census Profile 2021 DA WDS","url":"https://www12.statcan.gc.ca/wds-sdw/2021profile-profil2021-eng.cfm"},"population":320,"status":"ok","source":{"label":"Statistics Canada Census Profile 2021 DA WDS","url":"https://www12.statcan.gc.ca/wds-sdw/2021profile-profil2021-eng.cfm"},"community_name":"Coquitlam","community_source":{"label":"Statistics Canada 2021 census subdivision boundaries (spatial lookup)","url":"https://geo.statcan.gc.ca/geo_wa/rest/services/2021/Cartographic_boundary_files/MapServer/9"},"community_display":"Coquitlam","is_unorganized":false,"panel_title":"Coquitlam","display_label":"Coquitlam","map_label":"59151608"},"geometry":{"type":"MultiPolygon","coordinates":[[[[-122.86852570170682,49.269377400556195],[-122.86857668455166,49.268153692098906],[-122.86867683161233,49.26550891040574],[-122.86868329468406,49.26535150384923],[-122.86870313815342,49.2650577507933],[-122.86873580787227,49.264573706563546],[-122.87397826523927,49.26462399935174],[-122.87398878933999,49.26554860985815],[-122.87141791012574,49.2655397740726],[-122.87011369594426,49.265535295095916],[-122.87008640731649,49.266306594908386],[-122.87155157723988,49.26632020886794],[-122.87154035575215,49.26715743298046],[-122.8715363529239,49.267454577643434],[-122.87153349763716,49.267668311286855],[-122.87002933179372,49.26766069869071],[-122.87000062142346,49.26819865331249],[-122.86997696345784,49.26864110326013],[-122.86990786977073,49.26911570202852],[-122.86991818882544,49.2701232063107],[-122.86849681057454,49.270110805707546],[-122.86852570170682,49.269377400556195]]]]}},{"type":"Feature","properties":{"DGUID":"2021S051259151609","DAUID":"59151609","LANDAREA":0.4301,"PRUID":"59","fed_num":"59025","da_code":"59151609","geo_name":"59151609","name_source":{"label":"Statistics Canada Census Profile 2021 DA WDS","url":"https://www12.statcan.gc.ca/wds-sdw/2021profile-profil2021-eng.cfm"},"population":681,"status":"ok","source":{"label":"Statistics Canada Census Profile 2021 DA WDS","url":"https://www12.statcan.gc.ca/wds-sdw/2021profile-profil2021-eng.cfm"},"community_name":"Coquitlam","community_source":{"label":"Statistics Canada 2021 census subdivision boundaries (spatial lookup)","url":"https://geo.statcan.gc.ca/geo_wa/rest/services/2021/Cartographic_boundary_files/MapServer/9"},"community_display":"Coquitlam","is_unorganized":false,"panel_title":"Coquitlam","display_label":"Coquitlam","map_label":"59151609"},"geometry":{"type":"MultiPolygon","coordinates":[[[[-122.8685731100436,49.27077617460409],[-122.86849600986068,49.27052960660465],[-122.86849681057454,49.270110805707546],[-122.86991818882544,49.2701232063107],[-122.86990786977073,49.26911570202852],[-122.86997696345784,49.26864110326013],[-122.87000062142346,49.26819865331249],[-122.87002933179372,49.26766069869071],[-122.87153349763716,49.267668311286855],[-122.8715363529239,49.267454577643434],[-122.87154035575215,49.26715743298046],[-122.87155157723988,49.26632020886794],[-122.87008640731649,49.266306594908386],[-122.87011369594426,49.265535295095916],[-122.87141791012574,49.2655397740726],[-122.87398878933999,49.26554860985815],[-122.87397826523927,49.26462399935174],[-122.86873580787227,49.264573706563546],[-122.86876437691521,49.263984557680594],[-122.86878477948288,49.263563506148884],[-122.87012674618734,49.26356911679461],[-122.87430483357907,49.263591100489165],[-122.87455653295002,49.26359271570641],[-122.87501021041301,49.26359561639548],[-122.87522490075312,49.26359700262757],[-122.87638444000075,49.26360275348795],[-122.87706266970596,49.26360607983157],[-122.87706691827555,49.26380850660856],[-122.87706989130112,49.263948590295186],[-122.87707738399978,49.26440918567678],[-122.87859856386414,49.26440637788692],[-122.87859929470679,49.26441578824245],[-122.8786118737391,49.26457518671185],[-122.87862288098897,49.26477908450063],[-122.87863508197957,49.264884880241084],[-122.87865399502029,49.2650727903997],[-122.87871839066442,49.26585209180543],[-122.88015003877608,49.26585298605661],[-122.88020454683519,49.26663558472641],[-122.88027086310036,49.267427595044765],[-122.87637218664278,49.267373401058904],[-122.87602027019076,49.26739558237843],[-122.87576377090417,49.26749089892003],[-122.87569819723602,49.26760880560258],[-122.87570888981205,49.26820370268802],[-122.87572267186184,49.268203694426894],[-122.8769387877981,49.26820318436137],[-122.87690961710433,49.26924918812662],[-122.87685831807612,49.2699079864415],[-122.87681913670444,49.270838385473155],[-122.87446339550004,49.27082330438466],[-122.86858689712639,49.270776282332456],[-122.8685731100436,49.27077617460409]]]]}},{"type":"Feature","properties":{"DGUID":"2021S051259151610","DAUID":"59151610","LANDAREA":0.2719,"PRUID":"59","fed_num":"59025","da_code":"59151610","geo_name":"59151610","name_source":{"label":"Statistics Canada Census Profile 2021 DA WDS","url":"https://www12.statcan.gc.ca/wds-sdw/2021profile-profil2021-eng.cfm"},"population":703,"status":"ok","source":{"label":"Statistics Canada Census Profile 2021 DA WDS","url":"https://www12.statcan.gc.ca/wds-sdw/2021profile-profil2021-eng.cfm"},"community_name":"Port Moody","community_source":{"label":"Statistics Canada 2021 census subdivision boundaries (spatial lookup)","url":"https://geo.statcan.gc.ca/geo_wa/rest/services/2021/Cartographic_boundary_files/MapServer/9"},"community_display":"Port Moody","is_unorganized":false,"panel_title":"Port Moody","display_label":"Port Moody","map_label":"59151610"},"geometry":{"type":"MultiPolygon","coordinates":[[[[-122.86672625452819,49.27441319324945],[-122.8668851341288,49.27413679477354],[-122.866499397543,49.27311277685881],[-122.8664089488355,49.27247723292392],[-122.86633245052994,49.27193974342154],[-122.86675792598169,49.271491510017235],[-122.86677972847771,49.27112338011634],[-122.86681209045767,49.27076477325936],[-122.8685731100436,49.27077617460409],[-122.86858689712639,49.270776282332456],[-122.87446339550004,49.27082330438466],[-122.87681913670444,49.270838385473155],[-122.87825409056138,49.27085289129874],[-122.87624177534508,49.2724937018614],[-122.87566620302832,49.27246978149275],[-122.87457764719414,49.27249318927812],[-122.87452422030007,49.27257279359695],[-122.87399216436073,49.27292308786829],[-122.87382116138393,49.27297309669133],[-122.87360256880814,49.27299379827844],[-122.87292108360188,49.27297141028585],[-122.87277597222686,49.27291079023827],[-122.872693883546,49.2728765102186],[-122.87257657171232,49.272476688032754],[-122.87187589060663,49.27247440263536],[-122.87177543069318,49.27301761566536],[-122.8717569080107,49.273117796631865],[-122.87103790307883,49.27370362930382],[-122.87088143969987,49.27383110715764],[-122.87058999527837,49.27397926611207],[-122.87019417884039,49.27418050808036],[-122.86999987987181,49.27451359362636],[-122.86986550639081,49.27487639438354],[-122.86947049927663,49.275260783406175],[-122.86921832007347,49.27550618472151],[-122.86954761261201,49.275513118633334],[-122.86943762194029,49.27577830491768],[-122.86941406998466,49.27587624067536],[-122.86937843532193,49.27602438586568],[-122.86932276599984,49.27620908188699],[-122.86931923844722,49.27622087133044],[-122.86931653817744,49.276229783289594],[-122.86913733731468,49.276440790408934],[-122.86891424537335,49.276548697881864],[-122.86854547279623,49.276617304261194],[-122.8685316594892,49.27661749601862],[-122.86679160576699,49.2766402431253],[-122.86677924740601,49.276130648733854],[-122.86677222683299,49.27584224894776],[-122.86676508520787,49.27554760443413],[-122.86676029067746,49.27506909459541],[-122.86672625452819,49.27441319324945]]]]}},{"type":"Feature","properties":{"DGUID":"2021S051259151611","DAUID":"59151611","LANDAREA":0.2129,"PRUID":"59","fed_num":"59025","da_code":"59151611","geo_name":"59151611","name_source":{"label":"Statistics Canada Census Profile 2021 DA WDS","url":"https://www12.statcan.gc.ca/wds-sdw/2021profile-profil2021-eng.cfm"},"population":497,"status":"ok","source":{"label":"Statistics Canada Census Profile 2021 DA WDS","url":"https://www12.statcan.gc.ca/wds-sdw/2021profile-profil2021-eng.cfm"},"community_name":"Port Moody","community_source":{"label":"Statistics Canada 2021 census subdivision boundaries (spatial lookup)","url":"https://geo.statcan.gc.ca/geo_wa/rest/services/2021/Cartographic_boundary_files/MapServer/9"},"community_display":"Port Moody","is_unorganized":false,"panel_title":"Port Moody","display_label":"Port Moody","map_label":"59151611"},"geometry":{"type":"MultiPolygon","coordinates":[[[[-122.87297488102617,49.27517581636172],[-122.87239192231893,49.27494959331139],[-122.8716437696023,49.2758548957424],[-122.87160637700133,49.27592701314248],[-122.87141150110263,49.276303093444454],[-122.87137631463516,49.27668409536967],[-122.87131990366186,49.27729498976291],[-122.87136911665932,49.27764508868523],[-122.87198497208982,49.27757151700484],[-122.87202056438706,49.27811909709759],[-122.86941172174595,49.278208506876744],[-122.8693898652154,49.277688599523984],[-122.86937234075783,49.277152899090204],[-122.86935575119021,49.27662549140772],[-122.86931653817744,49.276229783289594],[-122.86931923844722,49.27622087133044],[-122.86932276599984,49.27620908188699],[-122.86937843532193,49.27602438586568],[-122.86941406998466,49.27587624067536],[-122.86943762194029,49.27577830491768],[-122.86954761261201,49.275513118633334],[-122.86921832007347,49.27550618472151],[-122.86947049927663,49.275260783406175],[-122.86986550639081,49.27487639438354],[-122.86999987987181,49.27451359362636],[-122.87019417884039,49.27418050808036],[-122.87058999527837,49.27397926611207],[-122.87088143969987,49.27383110715764],[-122.87103790307883,49.27370362930382],[-122.8717569080107,49.273117796631865],[-122.87177543069318,49.27301761566536],[-122.87187589060663,49.27247440263536],[-122.87257657171232,49.272476688032754],[-122.872693883546,49.2728765102186],[-122.87277597222686,49.27291079023827],[-122.87292108360188,49.27297141028585],[-122.87360256880814,49.27299379827844],[-122.87382116138393,49.27297309669133],[-122.87399216436073,49.27292308786829],[-122.87452422030007,49.27257279359695],[-122.87457764719414,49.27249318927812],[-122.87566620302832,49.27246978149275],[-122.87624177534508,49.2724937018614],[-122.8754534360901,49.27356810288906],[-122.87594242852158,49.27371469161029],[-122.87588502112507,49.27395539797561],[-122.87618616749964,49.27611530247327],[-122.87632095932783,49.27646148366037],[-122.8765096646253,49.27672008981136],[-122.87724566606553,49.277382773036145],[-122.87882485001728,49.278770784907444],[-122.87551286053485,49.27876679651924],[-122.87551180814444,49.27786419699392],[-122.87547591534535,49.27702977979971],[-122.87544876887375,49.2763352269009],[-122.87544059319242,49.2761261796536],[-122.8752219026576,49.27604779813891],[-122.87297488102617,49.27517581636172]]]]}},{"type":"Feature","properties":{"DGUID":"2021S051259151612","DAUID":"59151612","LANDAREA":0.1432,"PRUID":"59","fed_num":"59025","da_code":"59151612","geo_name":"59151612","name_source":{"label":"Statistics Canada Census Profile 2021 DA WDS","url":"https://www12.statcan.gc.ca/wds-sdw/2021profile-profil2021-eng.cfm"},"population":863,"status":"ok","source":{"label":"Statistics Canada Census Profile 2021 DA WDS","url":"https://www12.statcan.gc.ca/wds-sdw/2021profile-profil2021-eng.cfm"},"community_name":"Port Moody","community_source":{"label":"Statistics Canada 2021 census subdivision boundaries (spatial lookup)","url":"https://geo.statcan.gc.ca/geo_wa/rest/services/2021/Cartographic_boundary_files/MapServer/9"},"community_display":"Port Moody","is_unorganized":false,"panel_title":"Port Moody","display_label":"Port Moody","map_label":"59151612"},"geometry":{"type":"MultiPolygon","coordinates":[[[[-122.8700859619787,49.2800878083538],[-122.87013863423077,49.279761694977736],[-122.87019458485636,49.27953055908355],[-122.87086577420523,49.279270529234246],[-122.8727928691224,49.27854885808581],[-122.87167319171749,49.27873558703184],[-122.8702356247451,49.278982369895225],[-122.86886191297312,49.27921818702572],[-122.8692147920938,49.27901939872105],[-122.86936447274324,49.278878796761965],[-122.86943257284045,49.27870509955999],[-122.86941175768195,49.27820997890177],[-122.86941172174595,49.278208506876744],[-122.87202056438706,49.27811909709759],[-122.87198497208982,49.27757151700484],[-122.87136911665932,49.27764508868523],[-122.87131990366186,49.27729498976291],[-122.87137631463516,49.27668409536967],[-122.87141150110263,49.276303093444454],[-122.87160637700133,49.27592701314248],[-122.8716437696023,49.2758548957424],[-122.87239192231893,49.27494959331139],[-122.87297488102617,49.27517581636172],[-122.8752219026576,49.27604779813891],[-122.87544059319242,49.2761261796536],[-122.87544876887375,49.2763352269009],[-122.87547591534535,49.27702977979971],[-122.87551180814444,49.27786419699392],[-122.87551286053485,49.27876679651924],[-122.873372894178,49.27874718360147],[-122.87240694852683,49.279375003177485],[-122.87171873718748,49.27965509705767],[-122.87161113889005,49.27976280005233],[-122.87155097331697,49.27987989966787],[-122.87160587467714,49.28004368740429],[-122.87164495575577,49.28013760080009],[-122.87172525529884,49.280209300831075],[-122.87197363323901,49.28033809117023],[-122.87209016252521,49.280363081215945],[-122.87405753030814,49.28041647969025],[-122.8747179670883,49.28050008511398],[-122.87519278585836,49.28056019296718],[-122.872703611396,49.28064512878081],[-122.87138946171699,49.28067544313472],[-122.8700859619787,49.2800878083538]]]]}},{"type":"Feature","properties":{"DGUID":"2021S051259151613","DAUID":"59151613","LANDAREA":0.0438,"PRUID":"59","fed_num":"59025","da_code":"59151613","geo_name":"59151613","name_source":{"label":"Statistics Canada Census Profile 2021 DA WDS","url":"https://www12.statcan.gc.ca/wds-sdw/2021profile-profil2021-eng.cfm"},"population":290,"status":"ok","source":{"label":"Statistics Canada Census Profile 2021 DA WDS","url":"https://www12.statcan.gc.ca/wds-sdw/2021profile-profil2021-eng.cfm"},"community_name":"Port Moody","community_source":{"label":"Statistics Canada 2021 census subdivision boundaries (spatial lookup)","url":"https://geo.statcan.gc.ca/geo_wa/rest/services/2021/Cartographic_boundary_files/MapServer/9"},"community_display":"Port Moody","is_unorganized":false,"panel_title":"Port Moody","display_label":"Port Moody","map_label":"59151613"},"geometry":{"type":"MultiPolygon","coordinates":[[[[-122.87240694852683,49.279375003177485],[-122.873372894178,49.27874718360147],[-122.87551286053485,49.27876679651924],[-122.87547126188929,49.279731292908096],[-122.87543908635911,49.27983834004002],[-122.87527818570545,49.2803734959521],[-122.87519278585836,49.28056019296718],[-122.8747179670883,49.28050008511398],[-122.87405753030814,49.28041647969025],[-122.87209016252521,49.280363081215945],[-122.87197363323901,49.28033809117023],[-122.87172525529884,49.280209300831075],[-122.87164495575577,49.28013760080009],[-122.87160587467714,49.28004368740429],[-122.87155097331697,49.27987989966787],[-122.87161113889005,49.27976280005233],[-122.87171873718748,49.27965509705767],[-122.87240694852683,49.279375003177485]]]]}},{"type":"Feature","properties":{"DGUID":"2021S051259151614","DAUID":"59151614","LANDAREA":0.1936,"PRUID":"59","fed_num":"59025","da_code":"59151614","geo_name":"59151614","name_source":{"label":"Statistics Canada Census Profile 2021 DA WDS","url":"https://www12.statcan.gc.ca/wds-sdw/2021profile-profil2021-eng.cfm"},"population":382,"status":"ok","source":{"label":"Statistics Canada Census Profile 2021 DA WDS","url":"https://www12.statcan.gc.ca/wds-sdw/2021profile-profil2021-eng.cfm"},"community_name":"Port Moody","community_source":{"label":"Statistics Canada 2021 census subdivision boundaries (spatial lookup)","url":"https://geo.statcan.gc.ca/geo_wa/rest/services/2021/Cartographic_boundary_files/MapServer/9"},"community_display":"Port Moody","is_unorganized":false,"panel_title":"Port Moody","display_label":"Port Moody","map_label":"59151614"},"geometry":{"type":"MultiPolygon","coordinates":[[[[-122.87331876536189,49.282730087339246],[-122.87294157539897,49.28280018851196],[-122.87269138256914,49.28290198307726],[-122.87227340829423,49.28325108709596],[-122.87136041954915,49.282806707607484],[-122.87152420516833,49.282478088686084],[-122.8717357957742,49.282233779645985],[-122.87196061304891,49.28206009888329],[-122.87221047785017,49.28192139288661],[-122.87248028017846,49.28181399052275],[-122.87297866246963,49.28169958380299],[-122.87324415538406,49.28167570180657],[-122.8742139826238,49.281655994027844],[-122.87429362049451,49.2816543946336],[-122.87450490835556,49.281650096262005],[-122.87460270426912,49.2814024837938],[-122.87466230296458,49.28132833749273],[-122.87493729468927,49.28098610530418],[-122.87509462140915,49.280723838342084],[-122.87519278585836,49.28056019296718],[-122.87527818570545,49.2803734959521],[-122.87543908635911,49.27983834004002],[-122.87547126188929,49.279731292908096],[-122.87551286053485,49.27876679651924],[-122.87882485001728,49.278770784907444],[-122.87952585356128,49.278770267301674],[-122.88091360851271,49.27877617053335],[-122.8809519891422,49.27958091774903],[-122.88096093616649,49.27976848778884],[-122.88090929544762,49.28001052743868],[-122.88087865744691,49.280154367620845],[-122.87994739039964,49.281657083877676],[-122.87953681487578,49.28234517150565],[-122.87934312268416,49.282344074147915],[-122.87798366558684,49.28252999472073],[-122.8771817851075,49.28270048444698],[-122.87662791630476,49.2827204861999],[-122.87331876536189,49.282730087339246]]]]}},{"type":"Feature","properties":{"DGUID":"2021S051259151616","DAUID":"59151616","LANDAREA":0.1556,"PRUID":"59","fed_num":"59025","da_code":"59151616","geo_name":"59151616","name_source":{"label":"Statistics Canada Census Profile 2021 DA WDS","url":"https://www12.statcan.gc.ca/wds-sdw/2021profile-profil2021-eng.cfm"},"population":422,"status":"ok","source":{"label":"Statistics Canada Census Profile 2021 DA WDS","url":"https://www12.statcan.gc.ca/wds-sdw/2021profile-profil2021-eng.cfm"},"community_name":"Port Moody","community_source":{"label":"Statistics Canada 2021 census subdivision boundaries (spatial lookup)","url":"https://geo.statcan.gc.ca/geo_wa/rest/services/2021/Cartographic_boundary_files/MapServer/9"},"community_display":"Port Moody","is_unorganized":false,"panel_title":"Port Moody","display_label":"Port Moody","map_label":"59151616"},"geometry":{"type":"MultiPolygon","coordinates":[[[[-122.8747320277685,49.28703017347455],[-122.87452725467885,49.28707109413968],[-122.87426517259594,49.28722748649242],[-122.8738868632379,49.28698588252496],[-122.87374215212293,49.28684840075342],[-122.87346944360841,49.2863062964072],[-122.87167305896664,49.285303894038954],[-122.87143319039112,49.28488698953057],[-122.87113956654551,49.284654182774794],[-122.87128486304204,49.28413048669887],[-122.87130471032255,49.28313329832322],[-122.87130611631771,49.283061785747414],[-122.87136041954915,49.282806707607484],[-122.87227340829423,49.28325108709596],[-122.87269138256914,49.28290198307726],[-122.87294157539897,49.28280018851196],[-122.87331876536189,49.282730087339246],[-122.87662791630476,49.2827204861999],[-122.8771817851075,49.28270048444698],[-122.87684671016983,49.28355287876534],[-122.8765962502209,49.284456379634804],[-122.87644316689027,49.28499427745697],[-122.87632117040765,49.28554028446072],[-122.87631058829923,49.28630928884886],[-122.87631126044411,49.286538560240416],[-122.87631270911012,49.28703269831876],[-122.8747320277685,49.28703017347455]]]]}},{"type":"Feature","properties":{"DGUID":"2021S051259151617","DAUID":"59151617","LANDAREA":0.2655,"PRUID":"59","fed_num":"59025","da_code":"59151617","geo_name":"59151617","name_source":{"label":"Statistics Canada Census Profile 2021 DA WDS","url":"https://www12.statcan.gc.ca/wds-sdw/2021profile-profil2021-eng.cfm"},"population":755,"status":"ok","source":{"label":"Statistics Canada Census Profile 2021 DA WDS","url":"https://www12.statcan.gc.ca/wds-sdw/2021profile-profil2021-eng.cfm"},"community_name":"Port Moody","community_source":{"label":"Statistics Canada 2021 census subdivision boundaries (spatial lookup)","url":"https://geo.statcan.gc.ca/geo_wa/rest/services/2021/Cartographic_boundary_files/MapServer/9"},"community_display":"Port Moody","is_unorganized":false,"panel_title":"Port Moody","display_label":"Port Moody","map_label":"59151617"},"geometry":{"type":"MultiPolygon","coordinates":[[[[-122.86963838596516,49.28893379410958],[-122.86899210391385,49.288467399875366],[-122.86839911047115,49.28788437664893],[-122.86777199913261,49.28709420585044],[-122.86752359716638,49.28666090096827],[-122.8674062945605,49.2863016878006],[-122.86771598913647,49.286254791917955],[-122.86789389906427,49.28622570451436],[-122.86808686824816,49.28629889136787],[-122.86932417681331,49.287213993265006],[-122.8694072610407,49.28716419624351],[-122.86947465016186,49.28708229140178],[-122.86944774756698,49.28693108634961],[-122.869380694925,49.286770254960096],[-122.8692820029874,49.28653347705353],[-122.86973689393002,49.28606870185591],[-122.86984442420176,49.286058630368046],[-122.8706755074424,49.28582637891276],[-122.87088129377136,49.28573944269471],[-122.87087928492868,49.285720490911054],[-122.8711506880147,49.284856299276534],[-122.87114920799436,49.28482965408477],[-122.87113956654551,49.284654182774794],[-122.87143319039112,49.28488698953057],[-122.87167305896664,49.285303894038954],[-122.87346944360841,49.2863062964072],[-122.87374215212293,49.28684840075342],[-122.8738868632379,49.28698588252496],[-122.87426517259594,49.28722748649242],[-122.87452725467885,49.28707109413968],[-122.8747320277685,49.28703017347455],[-122.87631270911012,49.28703269831876],[-122.87631823245663,49.287767883663726],[-122.87632484511873,49.28803748053517],[-122.87628120087388,49.28817397904575],[-122.87621424123195,49.2882504750483],[-122.87667667758163,49.28842552330806],[-122.87666355137632,49.288703103167045],[-122.87746038252101,49.291097845361136],[-122.87753056614909,49.29109647189738],[-122.87756816022633,49.29127317831887],[-122.87755431735474,49.29127317616683],[-122.87654239770941,49.29127300094754],[-122.87634740169803,49.29127297577242],[-122.8756431023418,49.29121838599228],[-122.87470800613085,49.29107868884576],[-122.8738519348655,49.29086928335928],[-122.87294305839099,49.290545677347275],[-122.87219745409061,49.290225881939165],[-122.87050856939652,49.289442801223856],[-122.86963838596516,49.28893379410958]]]]}},{"type":"Feature","properties":{"DGUID":"2021S051259151618","DAUID":"59151618","LANDAREA":2.0002,"PRUID":"59","fed_num":"59025","da_code":"59151618","geo_name":"59151618","name_source":{"label":"Statistics Canada Census Profile 2021 DA WDS","url":"https://www12.statcan.gc.ca/wds-sdw/2021profile-profil2021-eng.cfm"},"population":799,"status":"ok","source":{"label":"Statistics Canada Census Profile 2021 DA WDS","url":"https://www12.statcan.gc.ca/wds-sdw/2021profile-profil2021-eng.cfm"},"community_name":"Port Moody","community_source":{"label":"Statistics Canada 2021 census subdivision boundaries (spatial lookup)","url":"https://geo.statcan.gc.ca/geo_wa/rest/services/2021/Cartographic_boundary_files/MapServer/9"},"community_display":"Port Moody","is_unorganized":false,"panel_title":"Port Moody","display_label":"Port Moody","map_label":"59151618"},"geometry":{"type":"MultiPolygon","coordinates":[[[[-122.87684671016983,49.28355287876534],[-122.8771817851075,49.28270048444698],[-122.87798366558684,49.28252999472073],[-122.87934312268416,49.282344074147915],[-122.87953681487578,49.28234517150565],[-122.87994739039964,49.281657083877676],[-122.88087865744691,49.280154367620845],[-122.88090929544762,49.28001052743868],[-122.88096093616649,49.27976848778884],[-122.8809519891422,49.27958091774903],[-122.88091360851271,49.27877617053335],[-122.88089332519078,49.27836602631645],[-122.8808034477702,49.27654856067084],[-122.88079597198008,49.276397278093484],[-122.8807575785446,49.27573891226991],[-122.88071554000194,49.275017480075086],[-122.88068831274862,49.274563583812395],[-122.88136860212587,49.274563491503784],[-122.88155550411577,49.27458419077329],[-122.88177768404255,49.27461037621496],[-122.88293248150174,49.274605866469145],[-122.8829557966266,49.27542457409628],[-122.88552224948751,49.275434679955644],[-122.88551133098237,49.27461546657357],[-122.88803163209353,49.274635975311575],[-122.88832366699201,49.274605674546976],[-122.88851311722348,49.27452737019699],[-122.88876982164759,49.274346478691285],[-122.88924431678322,49.27458716445249],[-122.88945892205639,49.27466626897242],[-122.88967460986095,49.27468787947431],[-122.89106858402484,49.2747009808646],[-122.89290224362531,49.27471505471936],[-122.89288928883616,49.27445704055477],[-122.89277979567586,49.27227656924324],[-122.892724886101,49.272090271423075],[-122.89260138219896,49.271964178441486],[-122.89209766608053,49.27164696260533],[-122.89259238053893,49.271279257250946],[-122.89267673890922,49.271147465006734],[-122.89259497027018,49.271055065185166],[-122.89243828554854,49.270973972546614],[-122.89210398517797,49.270896754703394],[-122.88966931892837,49.27091316516115],[-122.88908141132337,49.27091727906679],[-122.88743245968452,49.27092877040187],[-122.88617452870999,49.27093758063909],[-122.88487544397218,49.27094598605408],[-122.8842388579139,49.27095016851009],[-122.8840151721932,49.27090498483571],[-122.88380197426316,49.27080687713222],[-122.88355537128734,49.27065119685414],[-122.88349964597464,49.27063409073152],[-122.89344144142552,49.2702940446797],[-122.89344734317994,49.27041386113379],[-122.89346815628852,49.2708745920904],[-122.8936316802984,49.2744902682074],[-122.8936619402206,49.27515903131665],[-122.89369156952829,49.27581450674446],[-122.89369383027297,49.275864757488925],[-122.89369495057001,49.27606976283614],[-122.89369890743068,49.27616830606909],[-122.89370461232663,49.276309883386354],[-122.89377771794125,49.27773662381052],[-122.89382759185429,49.278710074013205],[-122.89390600711097,49.280240320306234],[-122.89397469549253,49.28158095695998],[-122.89400752379647,49.28222139487827],[-122.89413503443566,49.28420653675616],[-122.89422903470452,49.285669688872105],[-122.89465600959377,49.28722603268855],[-122.89434923878703,49.289620492610766],[-122.89432900921311,49.289778387008504],[-122.89402167094921,49.28988045228973],[-122.89374974252443,49.289970751013],[-122.89301506851145,49.2901639672229],[-122.89230282503162,49.29028935745793],[-122.89169312547534,49.29036194921175],[-122.8908896595745,49.29039105525257],[-122.89007105726779,49.290360278783666],[-122.88755329939292,49.29005210332829],[-122.88747211274985,49.2900421635905],[-122.88677924270867,49.28998165333729],[-122.88546955884769,49.28997537139112],[-122.88317620895194,49.290101970296895],[-122.88217801925737,49.29026778414183],[-122.8816930363763,49.29038618361852],[-122.87998300050708,49.29087458852667],[-122.8787036168311,49.291152883844305],[-122.87756816022633,49.29127317831887],[-122.87753056614909,49.29109647189738],[-122.87746038252101,49.291097845361136],[-122.87666355137632,49.288703103167045],[-122.87667667758163,49.28842552330806],[-122.87621424123195,49.2882504750483],[-122.87628120087388,49.28817397904575],[-122.87632484511873,49.28803748053517],[-122.87631823245663,49.287767883663726],[-122.87631270911012,49.28703269831876],[-122.87631126044411,49.286538560240416],[-122.87631058829923,49.28630928884886],[-122.87632117040765,49.28554028446072],[-122.87644316689027,49.28499427745697],[-122.8765962502209,49.284456379634804],[-122.87684671016983,49.28355287876534]]]]}},{"type":"Feature","properties":{"DGUID":"2021S051259151619","DAUID":"59151619","LANDAREA":0.1707,"PRUID":"59","fed_num":"59025","da_code":"59151619","geo_name":"59151619","name_source":{"label":"Statistics Canada Census Profile 2021 DA WDS","url":"https://www12.statcan.gc.ca/wds-sdw/2021profile-profil2021-eng.cfm"},"population":426,"status":"ok","source":{"label":"Statistics Canada Census Profile 2021 DA WDS","url":"https://www12.statcan.gc.ca/wds-sdw/2021profile-profil2021-eng.cfm"},"community_name":"Port Moody","community_source":{"label":"Statistics Canada 2021 census subdivision boundaries (spatial lookup)","url":"https://geo.statcan.gc.ca/geo_wa/rest/services/2021/Cartographic_boundary_files/MapServer/9"},"community_display":"Port Moody","is_unorganized":false,"panel_title":"Port Moody","display_label":"Port Moody","map_label":"59151619"},"geometry":{"type":"MultiPolygon","coordinates":[[[[-122.8754534360901,49.27356810288906],[-122.87624177534508,49.2724937018614],[-122.87649388525281,49.272504590568474],[-122.87706525092642,49.27259138564033],[-122.87868623625205,49.27259949118963],[-122.87901601245504,49.272600977988205],[-122.87785568461756,49.27428258259727],[-122.87918526396562,49.27468048890367],[-122.87945825085986,49.27476948075732],[-122.88032173262252,49.27500799408146],[-122.88071554000194,49.275017480075086],[-122.8807575785446,49.27573891226991],[-122.88079597198008,49.276397278093484],[-122.8808034477702,49.27654856067084],[-122.88089332519078,49.27836602631645],[-122.88091360851271,49.27877617053335],[-122.87952585356128,49.278770267301674],[-122.87882485001728,49.278770784907444],[-122.87724566606553,49.277382773036145],[-122.8765096646253,49.27672008981136],[-122.87632095932783,49.27646148366037],[-122.87618616749964,49.27611530247327],[-122.87588502112507,49.27395539797561],[-122.87594242852158,49.27371469161029],[-122.8754534360901,49.27356810288906]]]]}},{"type":"Feature","properties":{"DGUID":"2021S051259151620","DAUID":"59151620","LANDAREA":0.1534,"PRUID":"59","fed_num":"59025","da_code":"59151620","geo_name":"59151620","name_source":{"label":"Statistics Canada Census Profile 2021 DA WDS","url":"https://www12.statcan.gc.ca/wds-sdw/2021profile-profil2021-eng.cfm"},"population":564,"status":"ok","source":{"label":"Statistics Canada Census Profile 2021 DA WDS","url":"https://www12.statcan.gc.ca/wds-sdw/2021profile-profil2021-eng.cfm"},"community_name":"Port Moody","community_source":{"label":"Statistics Canada 2021 census subdivision boundaries (spatial lookup)","url":"https://geo.statcan.gc.ca/geo_wa/rest/services/2021/Cartographic_boundary_files/MapServer/9"},"community_display":"Port Moody","is_unorganized":false,"panel_title":"Port Moody","display_label":"Port Moody","map_label":"59151620"},"geometry":{"type":"MultiPolygon","coordinates":[[[[-122.88136860212587,49.274563491503784],[-122.88068831274862,49.274563583812395],[-122.88071554000194,49.275017480075086],[-122.88032173262252,49.27500799408146],[-122.87945825085986,49.27476948075732],[-122.87918526396562,49.27468048890367],[-122.87785568461756,49.27428258259727],[-122.87901601245504,49.272600977988205],[-122.87868623625205,49.27259949118963],[-122.87706525092642,49.27259138564033],[-122.87649388525281,49.272504590568474],[-122.87624177534508,49.2724937018614],[-122.87825409056138,49.27085289129874],[-122.88048158360141,49.27106663731781],[-122.88052306557337,49.27195359237511],[-122.88137335168729,49.271938479227096],[-122.88220912521075,49.27191308285911],[-122.88244372432253,49.27195949168101],[-122.88364340592506,49.27267609876143],[-122.8840742055037,49.272952478625285],[-122.884164227609,49.2731460872279],[-122.88424863459258,49.274611486147315],[-122.88293248150174,49.274605866469145],[-122.88177768404255,49.27461037621496],[-122.88155550411577,49.27458419077329],[-122.88136860212587,49.274563491503784]]]]}},{"type":"Feature","properties":{"DGUID":"2021S051259151621","DAUID":"59151621","LANDAREA":0.1361,"PRUID":"59","fed_num":"59025","da_code":"59151621","geo_name":"59151621","name_source":{"label":"Statistics Canada Census Profile 2021 DA WDS","url":"https://www12.statcan.gc.ca/wds-sdw/2021profile-profil2021-eng.cfm"},"population":395,"status":"ok","source":{"label":"Statistics Canada Census Profile 2021 DA WDS","url":"https://www12.statcan.gc.ca/wds-sdw/2021profile-profil2021-eng.cfm"},"community_name":"Port Moody","community_source":{"label":"Statistics Canada 2021 census subdivision boundaries (spatial lookup)","url":"https://geo.statcan.gc.ca/geo_wa/rest/services/2021/Cartographic_boundary_files/MapServer/9"},"community_display":"Port Moody","is_unorganized":false,"panel_title":"Port Moody","display_label":"Port Moody","map_label":"59151621"},"geometry":{"type":"MultiPolygon","coordinates":[[[[-122.8829557966266,49.27542457409628],[-122.88293248150174,49.274605866469145],[-122.88424863459258,49.274611486147315],[-122.884164227609,49.2731460872279],[-122.8840742055037,49.272952478625285],[-122.88364340592506,49.27267609876143],[-122.88244372432253,49.27195949168101],[-122.88220912521075,49.27191308285911],[-122.88137335168729,49.271938479227096],[-122.88052306557337,49.27195359237511],[-122.88048158360141,49.27106663731781],[-122.8804655410272,49.27072408344777],[-122.88050992483387,49.27061538550024],[-122.88063614026942,49.270577582877245],[-122.88231361963287,49.2705639873593],[-122.8832955976492,49.27057158224352],[-122.88349964597464,49.27063409073152],[-122.88355537128734,49.27065119685414],[-122.88380197426316,49.27080687713222],[-122.8840151721932,49.27090498483571],[-122.8842388579139,49.27095016851009],[-122.88487544397218,49.27094598605408],[-122.88617452870999,49.27093758063909],[-122.88743245968452,49.27092877040187],[-122.887427199895,49.272235772087406],[-122.88719925067613,49.27266527648428],[-122.88691433087962,49.272917382029036],[-122.8866593593921,49.273071262561835],[-122.8862415782448,49.27321507193351],[-122.88561066254047,49.273340073689084],[-122.88550746187194,49.27340287698845],[-122.88551133098237,49.27461546657357],[-122.88552224948751,49.275434679955644],[-122.8829557966266,49.27542457409628]]]]}},{"type":"Feature","properties":{"DGUID":"2021S051259151622","DAUID":"59151622","LANDAREA":0.1842,"PRUID":"59","fed_num":"59025","da_code":"59151622","geo_name":"59151622","name_source":{"label":"Statistics Canada Census Profile 2021 DA WDS","url":"https://www12.statcan.gc.ca/wds-sdw/2021profile-profil2021-eng.cfm"},"population":422,"status":"ok","source":{"label":"Statistics Canada Census Profile 2021 DA WDS","url":"https://www12.statcan.gc.ca/wds-sdw/2021profile-profil2021-eng.cfm"},"community_name":"Port Moody","community_source":{"label":"Statistics Canada 2021 census subdivision boundaries (spatial lookup)","url":"https://geo.statcan.gc.ca/geo_wa/rest/services/2021/Cartographic_boundary_files/MapServer/9"},"community_display":"Port Moody","is_unorganized":false,"panel_title":"Port Moody","display_label":"Port Moody","map_label":"59151622"},"geometry":{"type":"MultiPolygon","coordinates":[[[[-122.88924431678322,49.27458716445249],[-122.88876982164759,49.274346478691285],[-122.88851311722348,49.27452737019699],[-122.88832366699201,49.274605674546976],[-122.88803163209353,49.274635975311575],[-122.88551133098237,49.27461546657357],[-122.88550746187194,49.27340287698845],[-122.88561066254047,49.273340073689084],[-122.8862415782448,49.27321507193351],[-122.8866593593921,49.273071262561835],[-122.88691433087962,49.272917382029036],[-122.88719925067613,49.27266527648428],[-122.887427199895,49.272235772087406],[-122.88743245968452,49.27092877040187],[-122.88908141132337,49.27091727906679],[-122.88966931892837,49.27091316516115],[-122.89210398517797,49.270896754703394],[-122.89243828554854,49.270973972546614],[-122.89259497027018,49.271055065185166],[-122.89267673890922,49.271147465006734],[-122.89259238053893,49.271279257250946],[-122.89209766608053,49.27164696260533],[-122.89260138219896,49.271964178441486],[-122.892724886101,49.272090271423075],[-122.89277979567586,49.27227656924324],[-122.89288928883616,49.27445704055477],[-122.89290224362531,49.27471505471936],[-122.89106858402484,49.2747009808646],[-122.88967460986095,49.27468787947431],[-122.88945892205639,49.27466626897242],[-122.88924431678322,49.27458716445249]]]]}},{"type":"Feature","properties":{"DGUID":"2021S051259151624","DAUID":"59151624","LANDAREA":0.0294,"PRUID":"59","fed_num":"59025","da_code":"59151624","geo_name":"59151624","name_source":{"label":"Statistics Canada Census Profile 2021 DA WDS","url":"https://www12.statcan.gc.ca/wds-sdw/2021profile-profil2021-eng.cfm"},"population":0,"status":"ok","source":{"label":"Statistics Canada Census Profile 2021 DA WDS","url":"https://www12.statcan.gc.ca/wds-sdw/2021profile-profil2021-eng.cfm"},"community_name":"Metro Vancouver A","community_source":{"label":"Statistics Canada 2021 census subdivision boundaries (spatial lookup)","url":"https://geo.statcan.gc.ca/geo_wa/rest/services/2021/Cartographic_boundary_files/MapServer/9"},"community_display":"Metro Vancouver A","is_unorganized":false,"panel_title":"Metro Vancouver A","display_label":"Metro Vancouver A","map_label":"59151624"},"geometry":{"type":"MultiPolygon","coordinates":[[[[-122.90856739645199,49.29435089665279],[-122.90857166415631,49.294349298346255],[-122.90864056841217,49.29429558478081],[-122.908738372116,49.294169696867584],[-122.908875452038,49.293891011789704],[-122.90898626033604,49.29382798881765],[-122.90899995154255,49.29381918730453],[-122.9090419358438,49.29379220445706],[-122.90915723608452,49.29370910174743],[-122.90931632091541,49.293594488625445],[-122.90946832467685,49.29350460982884],[-122.90982619286869,49.29337009362876],[-122.91004511949563,49.29333419859535],[-122.91033439552649,49.29332529858013],[-122.91048139435443,49.29333319032407],[-122.91074880048332,49.29334769520105],[-122.91084299380046,49.29335278283955],[-122.91125510477951,49.29346109015973],[-122.91151748749759,49.29344329706935],[-122.91175189629467,49.29340749585062],[-122.91209610209856,49.293354705279846],[-122.91209388541205,49.29337539289468],[-122.91200321369072,49.294218969297184],[-122.91110434037259,49.294209049575635],[-122.9109302905367,49.29561440214651],[-122.90979624661863,49.29436428143304],[-122.90856739645199,49.29435089665279]]]]}},{"type":"Feature","properties":{"DGUID":"2021S051259151625","DAUID":"59151625","LANDAREA":1.2302,"PRUID":"59","fed_num":"59025","da_code":"59151625","geo_name":"59151625","name_source":{"label":"Statistics Canada Census Profile 2021 DA WDS","url":"https://www12.statcan.gc.ca/wds-sdw/2021profile-profil2021-eng.cfm"},"population":1013,"status":"ok","source":{"label":"Statistics Canada Census Profile 2021 DA WDS","url":"https://www12.statcan.gc.ca/wds-sdw/2021profile-profil2021-eng.cfm"},"community_name":"Port Moody","community_source":{"label":"Statistics Canada 2021 census subdivision boundaries (spatial lookup)","url":"https://geo.statcan.gc.ca/geo_wa/rest/services/2021/Cartographic_boundary_files/MapServer/9"},"community_display":"Port Moody","is_unorganized":false,"panel_title":"Port Moody","display_label":"Port Moody","map_label":"59151625"},"geometry":{"type":"MultiPolygon","coordinates":[[[[-122.85687119430013,49.30781290077314],[-122.85147352639551,49.308212688778134],[-122.85117149255501,49.305814342077966],[-122.85139057454494,49.304413401847576],[-122.85126575324881,49.303946237209765],[-122.85104548099198,49.30312738851144],[-122.85024799759331,49.300162273951855],[-122.84997561974329,49.298447715212674],[-122.85036570728214,49.29832521226032],[-122.8517154965465,49.298137214084086],[-122.85164167862052,49.29790811561674],[-122.8514267876415,49.2977523107485],[-122.85059008509575,49.2972964144912],[-122.85032307317991,49.2970381137072],[-122.84990648423958,49.29663232166374],[-122.84954391787149,49.296403720035286],[-122.84918391957196,49.296239219554785],[-122.8493719153357,49.29592006798743],[-122.85123269615708,49.292187507812685],[-122.8509950890502,49.29285172256467],[-122.85102309342092,49.2930471206637],[-122.85116921543714,49.293285620209275],[-122.85153909159287,49.29320272602046],[-122.85200927837589,49.293202920077],[-122.8522455799381,49.29316470290185],[-122.85241615983743,49.29308231516987],[-122.85232706355757,49.292937420684694],[-122.85225378007597,49.29270101315002],[-122.85227815833451,49.292382016413086],[-122.85270543221543,49.29248630897724],[-122.85296925448986,49.292591296352626],[-122.85430495411634,49.29337071452603],[-122.85533310062024,49.2940222015047],[-122.85575273173183,49.294237819928924],[-122.8558220194075,49.294273419137475],[-122.85532505354418,49.29474990147582],[-122.85533654618825,49.29482232220314],[-122.85559115602526,49.29494051552965],[-122.85684690886245,49.295258111174704],[-122.857437491866,49.29528700347686],[-122.85794518600525,49.2954450060762],[-122.85811099500445,49.2955336030436],[-122.85959704168013,49.29661078910743],[-122.86260255629485,49.2987892020863],[-122.86316223865893,49.299112594288204],[-122.8639499778589,49.2995149446466],[-122.86399851783699,49.29953974615867],[-122.86407674067786,49.29957970060721],[-122.86388845047938,49.29996431089074],[-122.86362615506472,49.29987829798477],[-122.86350553387769,49.2998257340502],[-122.86151587744082,49.2989585097999],[-122.86127398716614,49.29891540116718],[-122.8609676274281,49.29893180526508],[-122.86070300176651,49.29902229073294],[-122.86055649446911,49.29911529868404],[-122.86045240432956,49.29929059324953],[-122.8604488265663,49.299486010414974],[-122.86054582921975,49.29994568289622],[-122.86054771760911,49.299954604933056],[-122.86123392701388,49.29991420748352],[-122.86151571001876,49.29997638521651],[-122.86157560952245,49.30001564717623],[-122.86166971034373,49.30007728737187],[-122.86185830386866,49.300399007557424],[-122.86205383665248,49.3007320338555],[-122.86230592515811,49.301161486916726],[-122.86232136786344,49.30117691840921],[-122.86253642720919,49.30139160762378],[-122.86271289579541,49.30152731032982],[-122.86299831605507,49.301677882433886],[-122.86341231258392,49.301819697403076],[-122.86397138936306,49.30203139135837],[-122.86439348647694,49.302012102927804],[-122.86466906873545,49.301881397527644],[-122.86472419844883,49.301796241985095],[-122.86478174205892,49.30170730972034],[-122.86475502006071,49.302867425848184],[-122.86473800301162,49.30302064476311],[-122.86472980671181,49.30308330464405],[-122.86438881567057,49.30567969317754],[-122.86046660744358,49.30558874665443],[-122.85931123619847,49.306868552240616],[-122.85856534601692,49.307694708576975],[-122.85838894496766,49.30778388540215],[-122.85793785142411,49.307797600099825],[-122.85687119430013,49.30781290077314]]]]}},{"type":"Feature","properties":{"DGUID":"2021S051259151626","DAUID":"59151626","LANDAREA":0.3417,"PRUID":"59","fed_num":"59025","da_code":"59151626","geo_name":"59151626","name_source":{"label":"Statistics Canada Census Profile 2021 DA WDS","url":"https://www12.statcan.gc.ca/wds-sdw/2021profile-profil2021-eng.cfm"},"population":575,"status":"ok","source":{"label":"Statistics Canada Census Profile 2021 DA WDS","url":"https://www12.statcan.gc.ca/wds-sdw/2021profile-profil2021-eng.cfm"},"community_name":"Port Moody","community_source":{"label":"Statistics Canada 2021 census subdivision boundaries (spatial lookup)","url":"https://geo.statcan.gc.ca/geo_wa/rest/services/2021/Cartographic_boundary_files/MapServer/9"},"community_display":"Port Moody","is_unorganized":false,"panel_title":"Port Moody","display_label":"Port Moody","map_label":"59151626"},"geometry":{"type":"MultiPolygon","coordinates":[[[[-122.84635514038808,49.29341687330915],[-122.84584243168075,49.293202307179165],[-122.84576928222911,49.293240830033234],[-122.84576870494129,49.29323747938432],[-122.84389259607075,49.292499966578134],[-122.84231315670888,49.291773594334416],[-122.84139913850987,49.290959754148815],[-122.84120973712005,49.29080932971834],[-122.83965260588042,49.28972225727014],[-122.83814332604607,49.28938194317875],[-122.8352783254109,49.288452686111206],[-122.8352731878531,49.28792562425631],[-122.83527299171972,49.287916641971904],[-122.83525766403325,49.28710533755284],[-122.83525595709295,49.286929639428415],[-122.8351204340753,49.28669863581571],[-122.8349100477952,49.28629794745403],[-122.83472984376196,49.28587644873685],[-122.83529154826633,49.2860046447788],[-122.83535391680687,49.286036473605726],[-122.83545569127006,49.28608841180893],[-122.83571662911775,49.28622153468536],[-122.83587395745587,49.286302045342616],[-122.83709140204594,49.2869249478845],[-122.83808307615438,49.287341347754],[-122.83925706341421,49.28762344793703],[-122.8407031518364,49.28802792503532],[-122.84150674484496,49.288340638520445],[-122.84219311792732,49.28867774334965],[-122.84281462160733,49.28901933257599],[-122.84297741228356,49.289151118878436],[-122.84302062013371,49.289284835964494],[-122.84302379001134,49.2893863529096],[-122.84303052851105,49.28960153002044],[-122.8430313920817,49.289630129575514],[-122.84296752166847,49.28970033071747],[-122.84282083598991,49.28973484335564],[-122.84245744461657,49.28974133830725],[-122.84328234366521,49.290529340696416],[-122.84342393651956,49.29062982389646],[-122.84356667723353,49.290689573287366],[-122.8438476052354,49.290807127745325],[-122.8441019074261,49.29087063553358],[-122.84439511195897,49.290943833148994],[-122.84500637946147,49.29101211773483],[-122.84519739631621,49.29102097591188],[-122.84566359175957,49.29104256859778],[-122.84579854616716,49.29104878625366],[-122.84582768400584,49.29080193773996],[-122.84602677513318,49.29080593059969],[-122.84623755276358,49.290698628919245],[-122.84642375715372,49.29038601718314],[-122.84668412021847,49.290298526081564],[-122.84673556317526,49.29028122840711],[-122.84685284004661,49.29024182202331],[-122.84724662336869,49.290253333448106],[-122.84764162235244,49.29036843845571],[-122.84943208840332,49.29102872291179],[-122.85082896651068,49.29141388627539],[-122.85049004922364,49.29203519846977],[-122.85123269615708,49.292187507812685],[-122.8493719153357,49.29592006798743],[-122.84918391957196,49.296239219554785],[-122.84843057201029,49.29530624324709],[-122.84780804983703,49.29443674678773],[-122.84766797532227,49.29428163003146],[-122.84635514038808,49.29341687330915]]]]}},{"type":"Feature","properties":{"DGUID":"2021S051259151634","DAUID":"59151634","LANDAREA":0.0467,"PRUID":"59","fed_num":"59025","da_code":"59151634","geo_name":"59151634","name_source":{"label":"Statistics Canada Census Profile 2021 DA WDS","url":"https://www12.statcan.gc.ca/wds-sdw/2021profile-profil2021-eng.cfm"},"population":372,"status":"ok","source":{"label":"Statistics Canada Census Profile 2021 DA WDS","url":"https://www12.statcan.gc.ca/wds-sdw/2021profile-profil2021-eng.cfm"},"community_name":"Coquitlam","community_source":{"label":"Statistics Canada 2021 census subdivision boundaries (spatial lookup)","url":"https://geo.statcan.gc.ca/geo_wa/rest/services/2021/Cartographic_boundary_files/MapServer/9"},"community_display":"Coquitlam","is_unorganized":false,"panel_title":"Coquitlam","display_label":"Coquitlam","map_label":"59151634"},"geometry":{"type":"MultiPolygon","coordinates":[[[[-122.81845608255281,49.28454406252696],[-122.81907488325723,49.284740669697534],[-122.81973117713929,49.284832063058836],[-122.8201015713321,49.28484387405596],[-122.820446225899,49.284827873187645],[-122.82117031694659,49.284693367014725],[-122.82119444670731,49.28468591682236],[-122.8214284671689,49.284613525974976],[-122.82116514337892,49.28708545134486],[-122.8202457828659,49.286668760293566],[-122.82010469273746,49.28660155591205],[-122.81972269206604,49.28641917799688],[-122.81842359561361,49.28611866194418],[-122.81802743194557,49.28592326035959],[-122.81791024861273,49.28572787710311],[-122.81782522873839,49.28558397717332],[-122.81779622901595,49.285445275630245],[-122.81782690970637,49.28525877317651],[-122.81804140870604,49.285017381593875],[-122.81845608255281,49.28454406252696]]]]}},{"type":"Feature","properties":{"DGUID":"2021S051259151635","DAUID":"59151635","LANDAREA":0.1879,"PRUID":"59","fed_num":"59025","da_code":"59151635","geo_name":"59151635","name_source":{"label":"Statistics Canada Census Profile 2021 DA WDS","url":"https://www12.statcan.gc.ca/wds-sdw/2021profile-profil2021-eng.cfm"},"population":769,"status":"ok","source":{"label":"Statistics Canada Census Profile 2021 DA WDS","url":"https://www12.statcan.gc.ca/wds-sdw/2021profile-profil2021-eng.cfm"},"community_name":"Coquitlam","community_source":{"label":"Statistics Canada 2021 census subdivision boundaries (spatial lookup)","url":"https://geo.statcan.gc.ca/geo_wa/rest/services/2021/Cartographic_boundary_files/MapServer/9"},"community_display":"Coquitlam","is_unorganized":false,"panel_title":"Coquitlam","display_label":"Coquitlam","map_label":"59151635"},"geometry":{"type":"MultiPolygon","coordinates":[[[[-122.81927783538038,49.28202147083415],[-122.8187140326702,49.281424662407495],[-122.81859851974293,49.28130508418948],[-122.81849384214492,49.28108847541716],[-122.81835211879532,49.28078887817994],[-122.81835273944941,49.28013928225773],[-122.81835616120131,49.28003946447676],[-122.81836387957846,49.279814678733615],[-122.81839697904653,49.27885328847722],[-122.81838546477417,49.277958376935516],[-122.82083492016814,49.27795577630278],[-122.82223777635048,49.27790155773354],[-122.82370735547106,49.2778008816379],[-122.82398464119616,49.2777818690053],[-122.82386230164998,49.278604332853334],[-122.82384698155433,49.279184673144265],[-122.82381232564097,49.28049831222352],[-122.82379443788614,49.280498685620714],[-122.82188471628899,49.28048660165239],[-122.82118552783432,49.28057108400501],[-122.82096229369121,49.28193371154665],[-122.82102945500178,49.282483456314765],[-122.82109428747133,49.2833726909043],[-122.8214072652452,49.284534797017315],[-122.8214284671689,49.284613525974976],[-122.82119444670731,49.28468591682236],[-122.82117031694659,49.284693367014725],[-122.820446225899,49.284827873187645],[-122.8201015713321,49.28484387405596],[-122.81973117713929,49.284832063058836],[-122.81907488325723,49.284740669697534],[-122.81845608255281,49.28454406252696],[-122.81850184451591,49.284496596983445],[-122.81854477246237,49.284452061678515],[-122.8189428554811,49.28399987153657],[-122.81909023799483,49.283831632851495],[-122.81935444599293,49.28352996727545],[-122.81953803084211,49.283139065143864],[-122.81955873062303,49.2827369805022],[-122.81953253443339,49.28253708059744],[-122.81934611322889,49.282128885482706],[-122.81927783538038,49.28202147083415]]]]}},{"type":"Feature","properties":{"DGUID":"2021S051259151636","DAUID":"59151636","LANDAREA":0.041,"PRUID":"59","fed_num":"59025","da_code":"59151636","geo_name":"59151636","name_source":{"label":"Statistics Canada Census Profile 2021 DA WDS","url":"https://www12.statcan.gc.ca/wds-sdw/2021profile-profil2021-eng.cfm"},"population":238,"status":"ok","source":{"label":"Statistics Canada Census Profile 2021 DA WDS","url":"https://www12.statcan.gc.ca/wds-sdw/2021profile-profil2021-eng.cfm"},"community_name":"Coquitlam","community_source":{"label":"Statistics Canada 2021 census subdivision boundaries (spatial lookup)","url":"https://geo.statcan.gc.ca/geo_wa/rest/services/2021/Cartographic_boundary_files/MapServer/9"},"community_display":"Coquitlam","is_unorganized":false,"panel_title":"Coquitlam","display_label":"Coquitlam","map_label":"59151636"},"geometry":{"type":"MultiPolygon","coordinates":[[[[-122.81665428560663,49.281454961450116],[-122.81665974380103,49.28081367848701],[-122.81773593236647,49.28081568175539],[-122.81835211879532,49.28078887817994],[-122.81849384214492,49.28108847541716],[-122.81859851974293,49.28130508418948],[-122.8187140326702,49.281424662407495],[-122.81927783538038,49.28202147083415],[-122.81934611322889,49.282128885482706],[-122.81953253443339,49.28253708059744],[-122.81955873062303,49.2827369805022],[-122.81953803084211,49.283139065143864],[-122.81935444599293,49.28352996727545],[-122.81839645776631,49.283147761952264],[-122.81785736446851,49.28295168018982],[-122.81764848051978,49.28285088628429],[-122.81707107713827,49.28233116716608],[-122.81668980839996,49.281838884898434],[-122.81665428560663,49.281454961450116]]]]}},{"type":"Feature","properties":{"DGUID":"2021S051259151637","DAUID":"59151637","LANDAREA":0.4697,"PRUID":"59","fed_num":"59025","da_code":"59151637","geo_name":"59151637","name_source":{"label":"Statistics Canada Census Profile 2021 DA WDS","url":"https://www12.statcan.gc.ca/wds-sdw/2021profile-profil2021-eng.cfm"},"population":758,"status":"ok","source":{"label":"Statistics Canada Census Profile 2021 DA WDS","url":"https://www12.statcan.gc.ca/wds-sdw/2021profile-profil2021-eng.cfm"},"community_name":"Coquitlam","community_source":{"label":"Statistics Canada 2021 census subdivision boundaries (spatial lookup)","url":"https://geo.statcan.gc.ca/geo_wa/rest/services/2021/Cartographic_boundary_files/MapServer/9"},"community_display":"Coquitlam","is_unorganized":false,"panel_title":"Coquitlam","display_label":"Coquitlam","map_label":"59151637"},"geometry":{"type":"MultiPolygon","coordinates":[[[[-122.81385042550242,49.281952383252936],[-122.81387473352112,49.28143787273536],[-122.81389054065143,49.28066809212654],[-122.81390090215278,49.28001698259743],[-122.8138436213581,49.27991076946333],[-122.81373270852951,49.279864285405914],[-122.81360055354527,49.279862975096236],[-122.81268194689498,49.27985400002489],[-122.81247791634144,49.279869502278544],[-122.8124083624852,49.27987477707379],[-122.81187825447951,49.279987872458825],[-122.81135208822207,49.28014539348784],[-122.81121457649796,49.27974487731268],[-122.81112858840035,49.279656774382445],[-122.81102226720355,49.279603200993286],[-122.81068248873349,49.27950848135107],[-122.81036197762086,49.27947197224753],[-122.80989218242064,49.27948688565698],[-122.80972238470895,49.27951788463342],[-122.80960451189361,49.27959369934746],[-122.80957238309472,49.27970088235901],[-122.80959970506133,49.280443082207455],[-122.80968230887812,49.28060049380462],[-122.80911962837638,49.28072798118044],[-122.80833774609633,49.280724688165364],[-122.8083213362731,49.279115183704924],[-122.8083182361138,49.278811596119304],[-122.80833421933797,49.27813416767566],[-122.80833980807479,49.27789870640354],[-122.8083415489022,49.27784628989156],[-122.80834370849095,49.27778168410157],[-122.8083723012598,49.27710687697896],[-122.80837776804901,49.276587194651405],[-122.80868380596833,49.27640411429835],[-122.8113146482203,49.27645128432306],[-122.81541774834486,49.27652558168668],[-122.81638057264597,49.27654355253845],[-122.81957805888291,49.2766031825741],[-122.82377355629713,49.2766802703872],[-122.82393479116283,49.276682784549735],[-122.82393883002673,49.27677289435413],[-122.82397184291993,49.277506682635995],[-122.82397978116983,49.27767545809732],[-122.82398464119616,49.2777818690053],[-122.82370735547106,49.2778008816379],[-122.82223777635048,49.27790155773354],[-122.82083492016814,49.27795577630278],[-122.81838546477417,49.277958376935516],[-122.81839697904653,49.27885328847722],[-122.81836387957846,49.279814678733615],[-122.81835616120131,49.28003946447676],[-122.81835273944941,49.28013928225773],[-122.81835211879532,49.28078887817994],[-122.81773593236647,49.28081568175539],[-122.81665974380103,49.28081367848701],[-122.81665428560663,49.281454961450116],[-122.81668980839996,49.281838884898434],[-122.81707107713827,49.28233116716608],[-122.81764848051978,49.28285088628429],[-122.81785736446851,49.28295168018982],[-122.81839645776631,49.283147761952264],[-122.81935444599293,49.28352996727545],[-122.81909023799483,49.283831632851495],[-122.8189428554811,49.28399987153657],[-122.81854477246237,49.284452061678515],[-122.81850184451591,49.284496596983445],[-122.81845608255281,49.28454406252696],[-122.81844400550416,49.28453968821701],[-122.81599493568164,49.28365077306301],[-122.81572557563842,49.28359761371027],[-122.81556331500204,49.28356558016147],[-122.8150636438841,49.28346695613969],[-122.81499134114948,49.28345267023318],[-122.81435140610698,49.28341465783381],[-122.81402898866432,49.28339547969269],[-122.81327690026856,49.28345707891692],[-122.81285219464658,49.28351748708785],[-122.81279360404913,49.283369886731926],[-122.81275918154554,49.2830696736868],[-122.81281269017748,49.28295148042328],[-122.81288339164419,49.28278238688256],[-122.81293750585832,49.282736283352406],[-122.81301370038483,49.28266738085631],[-122.81309106218328,49.28260118740151],[-122.8135070532423,49.28238909538062],[-122.81366506192495,49.28224966378442],[-122.81375994918767,49.28212808930577],[-122.81385042550242,49.281952383252936]]]]}},{"type":"Feature","properties":{"DGUID":"2021S051259151638","DAUID":"59151638","LANDAREA":0.1059,"PRUID":"59","fed_num":"59025","da_code":"59151638","geo_name":"59151638","name_source":{"label":"Statistics Canada Census Profile 2021 DA WDS","url":"https://www12.statcan.gc.ca/wds-sdw/2021profile-profil2021-eng.cfm"},"population":398,"status":"ok","source":{"label":"Statistics Canada Census Profile 2021 DA WDS","url":"https://www12.statcan.gc.ca/wds-sdw/2021profile-profil2021-eng.cfm"},"community_name":"Coquitlam","community_source":{"label":"Statistics Canada 2021 census subdivision boundaries (spatial lookup)","url":"https://geo.statcan.gc.ca/geo_wa/rest/services/2021/Cartographic_boundary_files/MapServer/9"},"community_display":"Coquitlam","is_unorganized":false,"panel_title":"Coquitlam","display_label":"Coquitlam","map_label":"59151638"},"geometry":{"type":"MultiPolygon","coordinates":[[[[-122.81285219464658,49.28351748708785],[-122.81215473860259,49.28366447465606],[-122.81188589594426,49.28375819853655],[-122.81056327794258,49.284219270811064],[-122.80972899262385,49.28445765384623],[-122.80968062055577,49.284375267523565],[-122.80964288750133,49.28431099151098],[-122.80926884282198,49.28369517206506],[-122.80889926801856,49.28308668338227],[-122.8086649888601,49.282700995643324],[-122.80956145035533,49.28245727626996],[-122.80980173738821,49.28230128646142],[-122.80996745026931,49.281990893102574],[-122.81046131872597,49.281964080788796],[-122.81079603242651,49.281894697789554],[-122.81105802348328,49.281742073489],[-122.81119380074342,49.281606384103604],[-122.8112768875045,49.28139809580391],[-122.81129860147837,49.281042882060994],[-122.81142028416272,49.280611268166346],[-122.81135208822207,49.28014539348784],[-122.81187825447951,49.279987872458825],[-122.8124083624852,49.27987477707379],[-122.81247791634144,49.279869502278544],[-122.81268194689498,49.27985400002489],[-122.81360055354527,49.279862975096236],[-122.81373270852951,49.279864285405914],[-122.8138436213581,49.27991076946333],[-122.81390090215278,49.28001698259743],[-122.81389054065143,49.28066809212654],[-122.81387473352112,49.28143787273536],[-122.81385042550242,49.281952383252936],[-122.81375994918767,49.28212808930577],[-122.81366506192495,49.28224966378442],[-122.8135070532423,49.28238909538062],[-122.81309106218328,49.28260118740151],[-122.81301370038483,49.28266738085631],[-122.81293750585832,49.282736283352406],[-122.81288339164419,49.28278238688256],[-122.81281269017748,49.28295148042328],[-122.81275918154554,49.2830696736868],[-122.81279360404913,49.283369886731926],[-122.81285219464658,49.28351748708785]]]]}},{"type":"Feature","properties":{"DGUID":"2021S051259151639","DAUID":"59151639","LANDAREA":0.0524,"PRUID":"59","fed_num":"59025","da_code":"59151639","geo_name":"59151639","name_source":{"label":"Statistics Canada Census Profile 2021 DA WDS","url":"https://www12.statcan.gc.ca/wds-sdw/2021profile-profil2021-eng.cfm"},"population":353,"status":"ok","source":{"label":"Statistics Canada Census Profile 2021 DA WDS","url":"https://www12.statcan.gc.ca/wds-sdw/2021profile-profil2021-eng.cfm"},"community_name":"Coquitlam","community_source":{"label":"Statistics Canada 2021 census subdivision boundaries (spatial lookup)","url":"https://geo.statcan.gc.ca/geo_wa/rest/services/2021/Cartographic_boundary_files/MapServer/9"},"community_display":"Coquitlam","is_unorganized":false,"panel_title":"Coquitlam","display_label":"Coquitlam","map_label":"59151639"},"geometry":{"type":"MultiPolygon","coordinates":[[[[-122.8086649888601,49.282700995643324],[-122.80836310079194,49.28219387506091],[-122.80831577182086,49.282022279147526],[-122.80833305892338,49.28127229941421],[-122.80833774609633,49.280724688165364],[-122.80911962837638,49.28072798118044],[-122.80968230887812,49.28060049380462],[-122.80959970506133,49.280443082207455],[-122.80957238309472,49.27970088235901],[-122.80960451189361,49.27959369934746],[-122.80972238470895,49.27951788463342],[-122.80989218242064,49.27948688565698],[-122.81036197762086,49.27947197224753],[-122.81068248873349,49.27950848135107],[-122.81102226720355,49.279603200993286],[-122.81112858840035,49.279656774382445],[-122.81121457649796,49.27974487731268],[-122.81135208822207,49.28014539348784],[-122.81142028416272,49.280611268166346],[-122.81129860147837,49.281042882060994],[-122.8112768875045,49.28139809580391],[-122.81119380074342,49.281606384103604],[-122.81105802348328,49.281742073489],[-122.81079603242651,49.281894697789554],[-122.81046131872597,49.281964080788796],[-122.80996745026931,49.281990893102574],[-122.80980173738821,49.28230128646142],[-122.80956145035533,49.28245727626996],[-122.8086649888601,49.282700995643324]]]]}},{"type":"Feature","properties":{"DGUID":"2021S051259151640","DAUID":"59151640","LANDAREA":0.1796,"PRUID":"59","fed_num":"59025","da_code":"59151640","geo_name":"59151640","name_source":{"label":"Statistics Canada Census Profile 2021 DA WDS","url":"https://www12.statcan.gc.ca/wds-sdw/2021profile-profil2021-eng.cfm"},"population":566,"status":"ok","source":{"label":"Statistics Canada Census Profile 2021 DA WDS","url":"https://www12.statcan.gc.ca/wds-sdw/2021profile-profil2021-eng.cfm"},"community_name":"Coquitlam","community_source":{"label":"Statistics Canada 2021 census subdivision boundaries (spatial lookup)","url":"https://geo.statcan.gc.ca/geo_wa/rest/services/2021/Cartographic_boundary_files/MapServer/9"},"community_display":"Coquitlam","is_unorganized":false,"panel_title":"Coquitlam","display_label":"Coquitlam","map_label":"59151640"},"geometry":{"type":"MultiPolygon","coordinates":[[[[-122.80157530798157,49.28524700196107],[-122.80157577070264,49.28509928798108],[-122.80171650532354,49.285093492663286],[-122.80171724644097,49.285049511220016],[-122.80173330071277,49.284105106567814],[-122.80174055952568,49.28367864151148],[-122.80175703639242,49.28271099625377],[-122.80360536133419,49.28271798261809],[-122.80398323783982,49.28272016002881],[-122.80400422581845,49.282116277728925],[-122.80539627388518,49.282121459506854],[-122.80545205734573,49.28125289501476],[-122.80604115144439,49.28125469003475],[-122.80735530080955,49.28125868032066],[-122.80833305892338,49.28127229941421],[-122.80831577182086,49.282022279147526],[-122.80836310079194,49.28219387506091],[-122.8086649888601,49.282700995643324],[-122.80889926801856,49.28308668338227],[-122.80926884282198,49.28369517206506],[-122.80964288750133,49.28431099151098],[-122.80968062055577,49.284375267523565],[-122.80972899262385,49.28445765384623],[-122.80971577370971,49.28446033632348],[-122.8090669150003,49.28459114815523],[-122.80835305702497,49.28468776786895],[-122.80831076889434,49.2846934955706],[-122.80789884279385,49.284749250569064],[-122.80600731862668,49.28500524634226],[-122.80425715752986,49.28512906509726],[-122.80171315724765,49.285241157480506],[-122.80157530798157,49.28524700196107]]]]}},{"type":"Feature","properties":{"DGUID":"2021S051259151641","DAUID":"59151641","LANDAREA":0.1843,"PRUID":"59","fed_num":"59025","da_code":"59151641","geo_name":"59151641","name_source":{"label":"Statistics Canada Census Profile 2021 DA WDS","url":"https://www12.statcan.gc.ca/wds-sdw/2021profile-profil2021-eng.cfm"},"population":1095,"status":"ok","source":{"label":"Statistics Canada Census Profile 2021 DA WDS","url":"https://www12.statcan.gc.ca/wds-sdw/2021profile-profil2021-eng.cfm"},"community_name":"Coquitlam","community_source":{"label":"Statistics Canada 2021 census subdivision boundaries (spatial lookup)","url":"https://geo.statcan.gc.ca/geo_wa/rest/services/2021/Cartographic_boundary_files/MapServer/9"},"community_display":"Coquitlam","is_unorganized":false,"panel_title":"Coquitlam","display_label":"Coquitlam","map_label":"59151641"},"geometry":{"type":"MultiPolygon","coordinates":[[[[-122.80733639108983,49.28618690399293],[-122.80673880254434,49.286360204819005],[-122.80589849266035,49.28665769901116],[-122.80588631402767,49.28666199913433],[-122.80578667030802,49.286680786743396],[-122.80542393122205,49.28674921288878],[-122.80493356375422,49.28678332151864],[-122.80272810840465,49.286709936382636],[-122.80270931051895,49.287540886177396],[-122.80163875375814,49.28751547134567],[-122.80170157686196,49.28564802781923],[-122.80171315724765,49.285241157480506],[-122.80425715752986,49.28512906509726],[-122.80600731862668,49.28500524634226],[-122.80789884279385,49.284749250569064],[-122.80831076889434,49.2846934955706],[-122.80835305702497,49.28468776786895],[-122.8090669150003,49.28459114815523],[-122.80971577370971,49.28446033632348],[-122.80972899262385,49.28445765384623],[-122.80999732073855,49.2849133216165],[-122.81011831879619,49.28505291645284],[-122.81030744346803,49.28516120142501],[-122.81141304737048,49.28551547617676],[-122.81185469866122,49.28565785426322],[-122.81185467656454,49.28566074225547],[-122.81185431767356,49.2858586503099],[-122.81187961015863,49.28601963597272],[-122.81189279873396,49.286334355430554],[-122.81185021796479,49.286488131026815],[-122.81178211269747,49.28676595226228],[-122.81169832702778,49.28689264118556],[-122.81153302066755,49.28710773200011],[-122.81146314945511,49.287233039247546],[-122.81125533244943,49.287431036895406],[-122.81093865118143,49.287727243988044],[-122.81068965956467,49.28789814145313],[-122.81041395935948,49.28803204719857],[-122.81029107601994,49.288131731402444],[-122.80998611014614,49.288472146154675],[-122.80994557841673,49.28862593737518],[-122.81017837375491,49.28883244359039],[-122.81019028989365,49.28898624519153],[-122.81012308620743,49.28910303334872],[-122.8099426087751,49.28936363241557],[-122.80990141375821,49.28950752839396],[-122.80983141092464,49.289632848897426],[-122.80961054117321,49.289830843875606],[-122.80951312184922,49.2899205522751],[-122.80941352417466,49.290027976011686],[-122.80925540490415,49.290024953159936],[-122.80782594284162,49.289997589650895],[-122.8081795148275,49.28925587027315],[-122.80872891096396,49.288168905099354],[-122.80893224590527,49.28776648329032],[-122.80893245894177,49.28740427775282],[-122.80948454718794,49.28721158984589],[-122.80988573592475,49.28697567556497],[-122.80932331490129,49.286517677960504],[-122.80880783208985,49.28631779710214],[-122.80843645757749,49.28622117981448],[-122.8081262147672,49.28617443036651],[-122.80798334545862,49.28615289727386],[-122.80733639108983,49.28618690399293]]]]}},{"type":"Feature","properties":{"DGUID":"2021S051259151642","DAUID":"59151642","LANDAREA":0.1688,"PRUID":"59","fed_num":"59025","da_code":"59151642","geo_name":"59151642","name_source":{"label":"Statistics Canada Census Profile 2021 DA WDS","url":"https://www12.statcan.gc.ca/wds-sdw/2021profile-profil2021-eng.cfm"},"population":629,"status":"ok","source":{"label":"Statistics Canada Census Profile 2021 DA WDS","url":"https://www12.statcan.gc.ca/wds-sdw/2021profile-profil2021-eng.cfm"},"community_name":"Coquitlam","community_source":{"label":"Statistics Canada 2021 census subdivision boundaries (spatial lookup)","url":"https://geo.statcan.gc.ca/geo_wa/rest/services/2021/Cartographic_boundary_files/MapServer/9"},"community_display":"Coquitlam","is_unorganized":false,"panel_title":"Coquitlam","display_label":"Coquitlam","map_label":"59151642"},"geometry":{"type":"MultiPolygon","coordinates":[[[[-122.80268921214935,49.28833039485439],[-122.80270931051895,49.287540886177396],[-122.80272810840465,49.286709936382636],[-122.80493356375422,49.28678332151864],[-122.80542393122205,49.28674921288878],[-122.80578667030802,49.286680786743396],[-122.80588631402767,49.28666199913433],[-122.80589849266035,49.28665769901116],[-122.80673880254434,49.286360204819005],[-122.80733639108983,49.28618690399293],[-122.80798334545862,49.28615289727386],[-122.8081262147672,49.28617443036651],[-122.80843645757749,49.28622117981448],[-122.80880783208985,49.28631779710214],[-122.80932331490129,49.286517677960504],[-122.80988573592475,49.28697567556497],[-122.80948454718794,49.28721158984589],[-122.80893245894177,49.28740427775282],[-122.80893224590527,49.28776648329032],[-122.80872891096396,49.288168905099354],[-122.8081795148275,49.28925587027315],[-122.80782594284162,49.289997589650895],[-122.80532808869772,49.28997597543542],[-122.80301362235188,49.28996520358382],[-122.8026521376511,49.289964399853915],[-122.80267052195711,49.28913969600133],[-122.80268900052175,49.28833948671479],[-122.80268921214935,49.28833039485439]]]]}},{"type":"Feature","properties":{"DGUID":"2021S051259151643","DAUID":"59151643","LANDAREA":0.1777,"PRUID":"59","fed_num":"59025","da_code":"59151643","geo_name":"59151643","name_source":{"label":"Statistics Canada Census Profile 2021 DA WDS","url":"https://www12.statcan.gc.ca/wds-sdw/2021profile-profil2021-eng.cfm"},"population":621,"status":"ok","source":{"label":"Statistics Canada Census Profile 2021 DA WDS","url":"https://www12.statcan.gc.ca/wds-sdw/2021profile-profil2021-eng.cfm"},"community_name":"Coquitlam","community_source":{"label":"Statistics Canada 2021 census subdivision boundaries (spatial lookup)","url":"https://geo.statcan.gc.ca/geo_wa/rest/services/2021/Cartographic_boundary_files/MapServer/9"},"community_display":"Coquitlam","is_unorganized":false,"panel_title":"Coquitlam","display_label":"Coquitlam","map_label":"59151643"},"geometry":{"type":"MultiPolygon","coordinates":[[[[-122.80515244848519,49.29318419831193],[-122.80478023710505,49.29329748345569],[-122.8040468777451,49.29360459196361],[-122.80314629686778,49.29390409191585],[-122.80294719303338,49.293920697118416],[-122.80270520693126,49.29388018458687],[-122.80251789183929,49.29380528752263],[-122.80237431427315,49.29369469613063],[-122.80223149679115,49.293413095726514],[-122.80223429088923,49.293132081386446],[-122.80070882876232,49.293122881098945],[-122.80069552219338,49.2914630770643],[-122.80076418262463,49.291227773637544],[-122.80077658535735,49.29118528630941],[-122.80133348775088,49.290486487401914],[-122.80149836237905,49.29018869936192],[-122.80153707370071,49.289971926718806],[-122.80153865916313,49.28996288343245],[-122.8016056894101,49.28832368309171],[-122.8016383805061,49.28752447353722],[-122.80163875375814,49.28751547134567],[-122.80270931051895,49.287540886177396],[-122.80268921214935,49.28833039485439],[-122.80268900052175,49.28833948671479],[-122.80267052195711,49.28913969600133],[-122.8026521376511,49.289964399853915],[-122.80301362235188,49.28996520358382],[-122.80532808869772,49.28997597543542],[-122.80782594284162,49.289997589650895],[-122.80776013786839,49.29061459615642],[-122.80747928656217,49.291598180782216],[-122.8053765257073,49.291567474390284],[-122.8053874367591,49.29196868181862],[-122.8053981116279,49.292371688113114],[-122.80537713663863,49.29298967527379],[-122.80537145589751,49.293157386428184],[-122.80515244848519,49.29318419831193]]]]}},{"type":"Feature","properties":{"DGUID":"2021S051259151718","DAUID":"59151718","LANDAREA":0.1443,"PRUID":"59","fed_num":"59025","da_code":"59151718","geo_name":"59151718","name_source":{"label":"Statistics Canada Census Profile 2021 DA WDS","url":"https://www12.statcan.gc.ca/wds-sdw/2021profile-profil2021-eng.cfm"},"population":412,"status":"ok","source":{"label":"Statistics Canada Census Profile 2021 DA WDS","url":"https://www12.statcan.gc.ca/wds-sdw/2021profile-profil2021-eng.cfm"},"community_name":"Coquitlam","community_source":{"label":"Statistics Canada 2021 census subdivision boundaries (spatial lookup)","url":"https://geo.statcan.gc.ca/geo_wa/rest/services/2021/Cartographic_boundary_files/MapServer/9"},"community_display":"Coquitlam","is_unorganized":false,"panel_title":"Coquitlam","display_label":"Coquitlam","map_label":"59151718"},"geometry":{"type":"MultiPolygon","coordinates":[[[[-122.80359159925429,49.294923481805526],[-122.80273591426925,49.295169388191354],[-122.80244839225698,49.29527399672262],[-122.80195743613952,49.295452589801805],[-122.8016510429322,49.29481198795446],[-122.80084855215595,49.29384769853964],[-122.8007421439889,49.29353739138184],[-122.80070958161079,49.293131901264886],[-122.80070882876232,49.293122881098945],[-122.80223429088923,49.293132081386446],[-122.80223149679115,49.293413095726514],[-122.80237431427315,49.29369469613063],[-122.80251789183929,49.29380528752263],[-122.80270520693126,49.29388018458687],[-122.80294719303338,49.293920697118416],[-122.80314629686778,49.29390409191585],[-122.8040468777451,49.29360459196361],[-122.80478023710505,49.29329748345569],[-122.80515244848519,49.29318419831193],[-122.80537145589751,49.293157386428184],[-122.80537713663863,49.29298967527379],[-122.8053981116279,49.292371688113114],[-122.8053874367591,49.29196868181862],[-122.8053765257073,49.291567474390284],[-122.80747928656217,49.291598180782216],[-122.80776013786839,49.29061459615642],[-122.80782594284162,49.289997589650895],[-122.80925540490415,49.290024953159936],[-122.80941352417466,49.290027976011686],[-122.8093058238419,49.29014413778412],[-122.80914063880428,49.29040473792327],[-122.80901556895573,49.29067534650369],[-122.80897424676563,49.29081925611068],[-122.80895896532394,49.29099014699378],[-122.80900034132044,49.291331947975614],[-122.80897133811843,49.291511339052356],[-122.80890227523261,49.29164663189629],[-122.80872337300801,49.291870253649414],[-122.80866767166437,49.292024053964276],[-122.80865149757335,49.29218504163271],[-122.80869176517837,49.292509741460776],[-122.80870677677595,49.29266215295264],[-122.80870449401245,49.29300392902039],[-122.80871760086443,49.2931748346304],[-122.80874508698714,49.293301634376355],[-122.80879909683182,49.293435435917736],[-122.80901831044031,49.29366192859509],[-122.809114105137,49.29376873694717],[-122.8094010785807,49.29409343620729],[-122.80940244071999,49.29412790776943],[-122.80887128266542,49.294125668072475],[-122.80880726315027,49.29413044339889],[-122.80720043296895,49.294250172000886],[-122.8060960555002,49.29439407360463],[-122.80514500484196,49.294562727936516],[-122.805111981068,49.29456859246872],[-122.80359159925429,49.294923481805526]]]]}},{"type":"Feature","properties":{"DGUID":"2021S051259151719","DAUID":"59151719","LANDAREA":0.4416,"PRUID":"59","fed_num":"59025","da_code":"59151719","geo_name":"59151719","name_source":{"label":"Statistics Canada Census Profile 2021 DA WDS","url":"https://www12.statcan.gc.ca/wds-sdw/2021profile-profil2021-eng.cfm"},"population":1719,"status":"ok","source":{"label":"Statistics Canada Census Profile 2021 DA WDS","url":"https://www12.statcan.gc.ca/wds-sdw/2021profile-profil2021-eng.cfm"},"community_name":"Coquitlam","community_source":{"label":"Statistics Canada 2021 census subdivision boundaries (spatial lookup)","url":"https://geo.statcan.gc.ca/geo_wa/rest/services/2021/Cartographic_boundary_files/MapServer/9"},"community_display":"Coquitlam","is_unorganized":false,"panel_title":"Coquitlam","display_label":"Coquitlam","map_label":"59151719"},"geometry":{"type":"MultiPolygon","coordinates":[[[[-122.80141973255867,49.29949959576177],[-122.80069115609346,49.29945729299374],[-122.80052225714525,49.29975137508216],[-122.8003915717899,49.299851982792504],[-122.80032157141949,49.29997059290901],[-122.80028629944493,49.30000559730519],[-122.80008536646415,49.30020508708208],[-122.80002426223875,49.300248033558134],[-122.79981219685327,49.30039699617185],[-122.7994831838165,49.30056198220141],[-122.79898840036961,49.300717597433135],[-122.79860541841057,49.300770261448775],[-122.79792159963567,49.30045792599865],[-122.79739750058123,49.30011472288771],[-122.79609129576083,49.29944132005111],[-122.79553564191156,49.29918798176582],[-122.79502094293248,49.298931918222024],[-122.79556453208353,49.29755257743976],[-122.79480099491174,49.29617830560537],[-122.79520006303531,49.296339607618876],[-122.795725824249,49.296491233744],[-122.79634207950097,49.29662664203669],[-122.7967401176484,49.29666998083497],[-122.79696712507658,49.29669471553883],[-122.79749650874064,49.296711900035156],[-122.79760781076789,49.29671554385852],[-122.7983124307578,49.29666704614888],[-122.79903867145734,49.296543543607825],[-122.79957252481171,49.296399016353554],[-122.80000513148649,49.29622740989981],[-122.80015448102785,49.29616817510427],[-122.80108469890904,49.29579918535611],[-122.80180189302824,49.2955146689903],[-122.8019454994564,49.29545735763403],[-122.80195743613952,49.295452589801805],[-122.80244839225698,49.29527399672262],[-122.80273591426925,49.295169388191354],[-122.80359159925429,49.294923481805526],[-122.805111981068,49.29456859246872],[-122.80514500484196,49.294562727936516],[-122.8060960555002,49.29439407360463],[-122.80720043296895,49.294250172000886],[-122.80880726315027,49.29413044339889],[-122.80887128266542,49.294125668072475],[-122.80940244071999,49.29412790776943],[-122.80940251563744,49.29412904564286],[-122.80942838472762,49.29424724109198],[-122.80944062652978,49.29457913813394],[-122.8094812872967,49.29470583365684],[-122.80960490519989,49.29495794884873],[-122.80971459470032,49.29520004421941],[-122.80973971513106,49.29530834542692],[-122.8097954047269,49.29541654671151],[-122.80993213095115,49.29566863897205],[-122.80998753694053,49.29580393891849],[-122.8100402083084,49.29590224500498],[-122.81009581157669,49.296010447664734],[-122.81031583796059,49.29623544355398],[-122.81057603188361,49.29642484043431],[-122.81068458804263,49.2965245316914],[-122.81079430589713,49.296641336575206],[-122.81086231256558,49.29678522660131],[-122.81086230641532,49.29695613484712],[-122.81086062694914,49.29711842787879],[-122.81081882739272,49.297270828040475],[-122.81079221203524,49.297500810415436],[-122.8107913329183,49.29750082355555],[-122.8094258216946,49.29751580524916],[-122.80882705866054,49.29756567984796],[-122.80784968752953,49.29770073388876],[-122.8069051436995,49.297918746859295],[-122.80545568991347,49.29836053291625],[-122.80397940712645,49.29880871392839],[-122.80350351848533,49.29895317524319],[-122.80247269150752,49.299245187100155],[-122.80162712150661,49.29948319285664],[-122.80141973255867,49.29949959576177]]]]}},{"type":"Feature","properties":{"DGUID":"2021S051259151720","DAUID":"59151720","LANDAREA":0.3661,"PRUID":"59","fed_num":"59025","da_code":"59151720","geo_name":"59151720","name_source":{"label":"Statistics Canada Census Profile 2021 DA WDS","url":"https://www12.statcan.gc.ca/wds-sdw/2021profile-profil2021-eng.cfm"},"population":1048,"status":"ok","source":{"label":"Statistics Canada Census Profile 2021 DA WDS","url":"https://www12.statcan.gc.ca/wds-sdw/2021profile-profil2021-eng.cfm"},"community_name":"Coquitlam","community_source":{"label":"Statistics Canada 2021 census subdivision boundaries (spatial lookup)","url":"https://geo.statcan.gc.ca/geo_wa/rest/services/2021/Cartographic_boundary_files/MapServer/9"},"community_display":"Coquitlam","is_unorganized":false,"panel_title":"Coquitlam","display_label":"Coquitlam","map_label":"59151720"},"geometry":{"type":"MultiPolygon","coordinates":[[[[-122.79852085934813,49.30123644031936],[-122.79860541841057,49.300770261448775],[-122.79898840036961,49.300717597433135],[-122.7994831838165,49.30056198220141],[-122.79981219685327,49.30039699617185],[-122.80002426223875,49.300248033558134],[-122.80008536646415,49.30020508708208],[-122.80028629944493,49.30000559730519],[-122.80032157141949,49.29997059290901],[-122.8003915717899,49.299851982792504],[-122.80052225714525,49.29975137508216],[-122.80069115609346,49.29945729299374],[-122.80141973255867,49.29949959576177],[-122.80162712150661,49.29948319285664],[-122.80247269150752,49.299245187100155],[-122.80350351848533,49.29895317524319],[-122.80397940712645,49.29880871392839],[-122.80545568991347,49.29836053291625],[-122.8069051436995,49.297918746859295],[-122.80784968752953,49.29770073388876],[-122.80882705866054,49.29756567984796],[-122.8094258216946,49.29751580524916],[-122.8093212289057,49.29793609598412],[-122.8091077368695,49.298301879461796],[-122.80880496109499,49.29868478068079],[-122.80805200932524,49.29973457742183],[-122.80785354792881,49.300001294713944],[-122.8069882225909,49.30116427248802],[-122.80656933935337,49.301755478015984],[-122.80640006305163,49.302276566849585],[-122.80637936897013,49.30275698027703],[-122.80650447283364,49.30313637973554],[-122.80697756185471,49.3039746390437],[-122.80703871863858,49.3042647215057],[-122.80703259346589,49.30447353209197],[-122.80696551263837,49.304688670463996],[-122.80680317330314,49.304948707642815],[-122.80655423575519,49.30520889616244],[-122.80652145905897,49.30522965711702],[-122.80623785179975,49.305409455432866],[-122.80613166266036,49.30545123731647],[-122.80590567560988,49.305540146366646],[-122.80543116289391,49.305669572986034],[-122.80524411031061,49.30572057717013],[-122.79941841740198,49.302580421240506],[-122.79852085934813,49.30123644031936]]]]}},{"type":"Feature","properties":{"DGUID":"2021S051259151721","DAUID":"59151721","LANDAREA":0.3024,"PRUID":"59","fed_num":"59025","da_code":"59151721","geo_name":"59151721","name_source":{"label":"Statistics Canada Census Profile 2021 DA WDS","url":"https://www12.statcan.gc.ca/wds-sdw/2021profile-profil2021-eng.cfm"},"population":1119,"status":"ok","source":{"label":"Statistics Canada Census Profile 2021 DA WDS","url":"https://www12.statcan.gc.ca/wds-sdw/2021profile-profil2021-eng.cfm"},"community_name":"Coquitlam","community_source":{"label":"Statistics Canada 2021 census subdivision boundaries (spatial lookup)","url":"https://geo.statcan.gc.ca/geo_wa/rest/services/2021/Cartographic_boundary_files/MapServer/9"},"community_display":"Coquitlam","is_unorganized":false,"panel_title":"Coquitlam","display_label":"Coquitlam","map_label":"59151721"},"geometry":{"type":"MultiPolygon","coordinates":[[[[-122.80784452083564,49.3068943336096],[-122.80524411031061,49.30572057717013],[-122.80543116289391,49.305669572986034],[-122.80590567560988,49.305540146366646],[-122.80613166266036,49.30545123731647],[-122.80623785179975,49.305409455432866],[-122.80652145905897,49.30522965711702],[-122.80655423575519,49.30520889616244],[-122.80680317330314,49.304948707642815],[-122.80696551263837,49.304688670463996],[-122.80703259346589,49.30447353209197],[-122.80703871863858,49.3042647215057],[-122.80697756185471,49.3039746390437],[-122.80650447283364,49.30313637973554],[-122.80637936897013,49.30275698027703],[-122.80640006305163,49.302276566849585],[-122.80656933935337,49.301755478015984],[-122.8069882225909,49.30116427248802],[-122.80785354792881,49.300001294713944],[-122.80805200932524,49.29973457742183],[-122.80880496109499,49.29868478068079],[-122.8091077368695,49.298301879461796],[-122.8093212289057,49.29793609598412],[-122.8094258216946,49.29751580524916],[-122.8107913329183,49.29750082355555],[-122.81079221203524,49.297500810415436],[-122.81077814062888,49.29762264137679],[-122.81079041503916,49.29778354120102],[-122.81083083779667,49.297937439445796],[-122.8109127215379,49.298216538298696],[-122.8109539372775,49.29836894072918],[-122.8109941330748,49.29850423879691],[-122.81103424122026,49.29863953822882],[-122.81112924359495,49.29887313414871],[-122.8112668342693,49.29908952597811],[-122.81144454486802,49.299304639089684],[-122.81160833728512,49.29952113374701],[-122.81162145518633,49.299566728298736],[-122.81170525408751,49.29965642375704],[-122.81178693754195,49.29979174599597],[-122.81182764035094,49.299998242742284],[-122.81182704049591,49.300006742572315],[-122.81185414565691,49.30018762510055],[-122.8118672677554,49.30035853475074],[-122.81185144226863,49.30058353796813],[-122.81186506376174,49.30070033116715],[-122.81186595645387,49.30091542018675],[-122.81189168367615,49.30131133456368],[-122.81187748341101,49.301465131019],[-122.81187710404774,49.30149200154457],[-122.81187528142009,49.30163601755077],[-122.81188867879312,49.301734325533005],[-122.8119170546682,49.30190522659767],[-122.81194338455356,49.30212173092269],[-122.8119291811551,49.302184428749534],[-122.81192317979229,49.302220576186215],[-122.81190078290476,49.302355327872455],[-122.81187220330135,49.30255323282102],[-122.81187140221044,49.30263442645552],[-122.81188589880561,49.302795318932894],[-122.81187218093096,49.30289503384852],[-122.81189901047493,49.30305742180336],[-122.81189802345854,49.303245434143655],[-122.8119527929464,49.3033892259232],[-122.81199220158344,49.303560124072284],[-122.81207440009496,49.30373254527916],[-122.8121023009399,49.303911934142285],[-122.8120322369711,49.304109931535905],[-122.81200490765616,49.30417263055804],[-122.81194872166922,49.30424382648068],[-122.81182422148841,49.30441473748693],[-122.81170003858357,49.304558536914385],[-122.81143821554402,49.30470242682016],[-122.81130012534088,49.30475653038501],[-122.81101123858025,49.30489034235426],[-122.81083244747404,49.30498863618992],[-122.8108048386118,49.304998621320564],[-122.8107753503597,49.305015744887406],[-122.81073415676025,49.30503423993649],[-122.81069374099826,49.305051331187585],[-122.8105965581539,49.30511403833401],[-122.8103345804165,49.3052849195261],[-122.81014208511029,49.305437239400185],[-122.81007407005383,49.30550993431839],[-122.81001816358017,49.305554029877534],[-122.80997639977517,49.30562672383365],[-122.80986477759981,49.305824628065416],[-122.80985354573326,49.305932210832644],[-122.8098516697317,49.30595002630315],[-122.80986380813539,49.306058226550796],[-122.80997489112656,49.30625624505046],[-122.80997329698934,49.30632744177723],[-122.80996499946102,49.306375992294626],[-122.80982171352132,49.30641102644609],[-122.80784452083564,49.3068943336096]]]]}},{"type":"Feature","properties":{"DGUID":"2021S051259151723","DAUID":"59151723","LANDAREA":0.1703,"PRUID":"59","fed_num":"59025","da_code":"59151723","geo_name":"59151723","name_source":{"label":"Statistics Canada Census Profile 2021 DA WDS","url":"https://www12.statcan.gc.ca/wds-sdw/2021profile-profil2021-eng.cfm"},"population":393,"status":"ok","source":{"label":"Statistics Canada Census Profile 2021 DA WDS","url":"https://www12.statcan.gc.ca/wds-sdw/2021profile-profil2021-eng.cfm"},"community_name":"Coquitlam","community_source":{"label":"Statistics Canada 2021 census subdivision boundaries (spatial lookup)","url":"https://geo.statcan.gc.ca/geo_wa/rest/services/2021/Cartographic_boundary_files/MapServer/9"},"community_display":"Coquitlam","is_unorganized":false,"panel_title":"Coquitlam","display_label":"Coquitlam","map_label":"59151723"},"geometry":{"type":"MultiPolygon","coordinates":[[[[-122.81473421753257,49.29744275295714],[-122.81376131738168,49.29745377435221],[-122.81198527068075,49.29748776815399],[-122.81079221203524,49.297500810415436],[-122.81081882739272,49.297270828040475],[-122.81086062694914,49.29711842787879],[-122.81086230641532,49.29695613484712],[-122.81086231256558,49.29678522660131],[-122.81079430589713,49.296641336575206],[-122.81068458804263,49.2965245316914],[-122.81057603188361,49.29642484043431],[-122.81031583796059,49.29623544355398],[-122.81009581157669,49.296010447664734],[-122.8100402083084,49.29590224500498],[-122.80998753694053,49.29580393891849],[-122.80993213095115,49.29566863897205],[-122.8097954047269,49.29541654671151],[-122.80973971513106,49.29530834542692],[-122.80971459470032,49.29520004421941],[-122.80960490519989,49.29495794884873],[-122.8094812872967,49.29470583365684],[-122.80944062652978,49.29457913813394],[-122.80942838472762,49.29424724109198],[-122.80940251563744,49.29412904564286],[-122.80940244071999,49.29412790776943],[-122.80940569519781,49.2941279166929],[-122.81046982271532,49.29413237178444],[-122.81143420986822,49.29420408084662],[-122.81182912540253,49.294253846881475],[-122.81322669184304,49.2944299772465],[-122.81440116873493,49.29465217219262],[-122.8147441510081,49.29471707456095],[-122.81542170346246,49.29488228782778],[-122.81571654430748,49.29495421351844],[-122.81578690955762,49.29497135909068],[-122.81591653473396,49.29500297492968],[-122.817386413142,49.29549333850501],[-122.81946246073718,49.29618587101933],[-122.81919517179116,49.29635366489476],[-122.81887372800595,49.29643268179531],[-122.81876308492548,49.296459851568926],[-122.81835810978306,49.29645056638126],[-122.81783160039343,49.29638827167111],[-122.81770155837964,49.29641356862893],[-122.81741350017377,49.29646956377947],[-122.81696012949894,49.29662555695263],[-122.8165171515868,49.29686925665621],[-122.81614738085094,49.29714846555172],[-122.81589626576483,49.29754016259611],[-122.81544050067552,49.29750196663032],[-122.81538294796671,49.29749714606397],[-122.8153304938976,49.297492743737806],[-122.81479413538888,49.297447803073126],[-122.81473421753257,49.29744275295714]]]]}},{"type":"Feature","properties":{"DGUID":"2021S051259151724","DAUID":"59151724","LANDAREA":0.1558,"PRUID":"59","fed_num":"59025","da_code":"59151724","geo_name":"59151724","name_source":{"label":"Statistics Canada Census Profile 2021 DA WDS","url":"https://www12.statcan.gc.ca/wds-sdw/2021profile-profil2021-eng.cfm"},"population":517,"status":"ok","source":{"label":"Statistics Canada Census Profile 2021 DA WDS","url":"https://www12.statcan.gc.ca/wds-sdw/2021profile-profil2021-eng.cfm"},"community_name":"Coquitlam","community_source":{"label":"Statistics Canada 2021 census subdivision boundaries (spatial lookup)","url":"https://geo.statcan.gc.ca/geo_wa/rest/services/2021/Cartographic_boundary_files/MapServer/9"},"community_display":"Coquitlam","is_unorganized":false,"panel_title":"Coquitlam","display_label":"Coquitlam","map_label":"59151724"},"geometry":{"type":"MultiPolygon","coordinates":[[[[-122.81589626576483,49.29754016259611],[-122.81614738085094,49.29714846555172],[-122.8165171515868,49.29686925665621],[-122.81696012949894,49.29662555695263],[-122.81741350017377,49.29646956377947],[-122.81770155837964,49.29641356862893],[-122.81783160039343,49.29638827167111],[-122.81835810978306,49.29645056638126],[-122.81876308492548,49.296459851568926],[-122.81887372800595,49.29643268179531],[-122.81919517179116,49.29635366489476],[-122.81946246073718,49.29618587101933],[-122.82065169559606,49.296593532896765],[-122.82101855462034,49.29671929646862],[-122.82122765145239,49.296790943697346],[-122.82186894611779,49.2969638507491],[-122.82247613507596,49.29705285435322],[-122.82277020743481,49.29705525709657],[-122.823177716836,49.29926125398529],[-122.82318097866622,49.29927892289456],[-122.82312002330315,49.29952148647947],[-122.8230368553788,49.29983063234871],[-122.82292392554264,49.30021930282285],[-122.82287317573218,49.300343220237345],[-122.8228638415501,49.30037188251822],[-122.82281566605042,49.30052042852365],[-122.8227636174462,49.30108366132482],[-122.82222178501866,49.3010676980243],[-122.82214188221555,49.30106534645724],[-122.82185281453395,49.30101004508331],[-122.82164741292489,49.30094304778938],[-122.82161601733895,49.3009327860719],[-122.82141570698765,49.30086746046499],[-122.82096131652881,49.300635151211054],[-122.8202212125364,49.299998045584246],[-122.81942071325828,49.29934026040009],[-122.81866182499995,49.29873596575723],[-122.8179979405807,49.29827146592858],[-122.81741224390953,49.29799017037322],[-122.81668836307703,49.29773916774095],[-122.81589626576483,49.29754016259611]]]]}},{"type":"Feature","properties":{"DGUID":"2021S051259151726","DAUID":"59151726","LANDAREA":0.1884,"PRUID":"59","fed_num":"59025","da_code":"59151726","geo_name":"59151726","name_source":{"label":"Statistics Canada Census Profile 2021 DA WDS","url":"https://www12.statcan.gc.ca/wds-sdw/2021profile-profil2021-eng.cfm"},"population":501,"status":"ok","source":{"label":"Statistics Canada Census Profile 2021 DA WDS","url":"https://www12.statcan.gc.ca/wds-sdw/2021profile-profil2021-eng.cfm"},"community_name":"Coquitlam","community_source":{"label":"Statistics Canada 2021 census subdivision boundaries (spatial lookup)","url":"https://geo.statcan.gc.ca/geo_wa/rest/services/2021/Cartographic_boundary_files/MapServer/9"},"community_display":"Coquitlam","is_unorganized":false,"panel_title":"Coquitlam","display_label":"Coquitlam","map_label":"59151726"},"geometry":{"type":"MultiPolygon","coordinates":[[[[-122.81169911744091,49.28849227910194],[-122.8120596958133,49.28820657149113],[-122.81236139630631,49.288118187200034],[-122.8132642650872,49.28794218932419],[-122.81355265063286,49.28782727526945],[-122.81373266102864,49.28766766592249],[-122.81383154078341,49.28752917494749],[-122.81379525709076,49.28725697638621],[-122.8136822633129,49.28700046916157],[-122.81336435951823,49.286826183377904],[-122.8126592722238,49.286583775913954],[-122.81301609535838,49.28603218101604],[-122.81420339942194,49.286409465856146],[-122.81452987687088,49.286513223013166],[-122.8149888534937,49.28665905553377],[-122.81527444669874,49.28674981328604],[-122.81563025722774,49.28686288304446],[-122.8159344562354,49.286959537902824],[-122.81671107401478,49.28720630184838],[-122.81734136083354,49.28740658108857],[-122.81848164113073,49.287816759227155],[-122.81925925386658,49.28820548089433],[-122.82002013669431,49.288697175058964],[-122.8202383281243,49.2889225500093],[-122.82030042581474,49.28911986640627],[-122.82028752747513,49.28930865888131],[-122.82021585688236,49.289491168305375],[-122.82003844792031,49.28969226126317],[-122.81976005616905,49.28988317259045],[-122.81918286885359,49.29008056657694],[-122.81873078215884,49.29019785543926],[-122.81807299556209,49.29032717214977],[-122.81737641399869,49.2904011534205],[-122.81649293001668,49.290413875860246],[-122.81554894726767,49.29040821553317],[-122.81490431470527,49.290404351958564],[-122.81381041115152,49.29039776985101],[-122.81378138681892,49.29011947715415],[-122.81356648253592,49.2898861801512],[-122.81331509450244,49.289743569404415],[-122.81297881911385,49.28967507745859],[-122.81261111484791,49.289684988321746],[-122.81184814853793,49.2898245804423],[-122.81128721363898,49.289813239783776],[-122.81126873349399,49.289812883377934],[-122.81156493221637,49.288944168230856],[-122.81169911744091,49.28849227910194]]]]}},{"type":"Feature","properties":{"DGUID":"2021S051259151727","DAUID":"59151727","LANDAREA":0.3337,"PRUID":"59","fed_num":"59025","da_code":"59151727","geo_name":"59151727","name_source":{"label":"Statistics Canada Census Profile 2021 DA WDS","url":"https://www12.statcan.gc.ca/wds-sdw/2021profile-profil2021-eng.cfm"},"population":623,"status":"ok","source":{"label":"Statistics Canada Census Profile 2021 DA WDS","url":"https://www12.statcan.gc.ca/wds-sdw/2021profile-profil2021-eng.cfm"},"community_name":"Coquitlam","community_source":{"label":"Statistics Canada 2021 census subdivision boundaries (spatial lookup)","url":"https://geo.statcan.gc.ca/geo_wa/rest/services/2021/Cartographic_boundary_files/MapServer/9"},"community_display":"Coquitlam","is_unorganized":false,"panel_title":"Coquitlam","display_label":"Coquitlam","map_label":"59151727"},"geometry":{"type":"MultiPolygon","coordinates":[[[[-122.81899419058401,49.29076687235496],[-122.81873078215884,49.29019785543926],[-122.81918286885359,49.29008056657694],[-122.81976005616905,49.28988317259045],[-122.82003844792031,49.28969226126317],[-122.82021585688236,49.289491168305375],[-122.82028752747513,49.28930865888131],[-122.82030042581474,49.28911986640627],[-122.8202383281243,49.2889225500093],[-122.82002013669431,49.288697175058964],[-122.81925925386658,49.28820548089433],[-122.81848164113073,49.287816759227155],[-122.81734136083354,49.28740658108857],[-122.81671107401478,49.28720630184838],[-122.8159344562354,49.286959537902824],[-122.81563025722774,49.28686288304446],[-122.81527444669874,49.28674981328604],[-122.8149888534937,49.28665905553377],[-122.81452987687088,49.286513223013166],[-122.81420339942194,49.286409465856146],[-122.81301609535838,49.28603218101604],[-122.81185469866122,49.28565785426322],[-122.81141304737048,49.28551547617676],[-122.81030744346803,49.28516120142501],[-122.81011831879619,49.28505291645284],[-122.80999732073855,49.2849133216165],[-122.80972899262385,49.28445765384623],[-122.81056327794258,49.284219270811064],[-122.81188589594426,49.28375819853655],[-122.81215473860259,49.28366447465606],[-122.81285219464658,49.28351748708785],[-122.81327690026856,49.28345707891692],[-122.81402898866432,49.28339547969269],[-122.81435140610698,49.28341465783381],[-122.81499134114948,49.28345267023318],[-122.8150636438841,49.28346695613969],[-122.81556331500204,49.28356558016147],[-122.81572557563842,49.28359761371027],[-122.81599493568164,49.28365077306301],[-122.81844400550416,49.28453968821701],[-122.81845608255281,49.28454406252696],[-122.81804140870604,49.285017381593875],[-122.81782690970637,49.28525877317651],[-122.81779622901595,49.285445275630245],[-122.81782522873839,49.28558397717332],[-122.81791024861273,49.28572787710311],[-122.81802743194557,49.28592326035959],[-122.81842359561361,49.28611866194418],[-122.81972269206604,49.28641917799688],[-122.82010469273746,49.28660155591205],[-122.8202457828659,49.286668760293566],[-122.82116514337892,49.28708545134486],[-122.82136965908585,49.28866088246088],[-122.82136407712814,49.28870765297401],[-122.82141329522783,49.28918192223783],[-122.82135892858787,49.29018748131173],[-122.82111758708335,49.29465255067141],[-122.82118637273862,49.294959528343334],[-122.82148987039001,49.29494528305954],[-122.82087184038863,49.295464365214336],[-122.82055394942714,49.29530815888943],[-122.82026053011838,49.295254461746616],[-122.81918814880221,49.29525435621837],[-122.81882105884934,49.295194053926735],[-122.81867712479112,49.29512226269787],[-122.81850996848229,49.29503886650266],[-122.81831906930988,49.29485495059009],[-122.81830838234359,49.29479961085625],[-122.81825318772431,49.29451336660193],[-122.81835395497241,49.2943469510741],[-122.81852804382883,49.29421425938823],[-122.81900503188939,49.29384083982623],[-122.81902495944442,49.29382527312643],[-122.8191526349768,49.29366787519276],[-122.8191958226567,49.29343935807616],[-122.8188138388078,49.29285427405587],[-122.81870244758547,49.292414963617524],[-122.81878362241396,49.29199307723436],[-122.81897363129065,49.29148697316982],[-122.81903868722353,49.29102047270198],[-122.81899419058401,49.29076687235496]]]]}},{"type":"Feature","properties":{"DGUID":"2021S051259151728","DAUID":"59151728","LANDAREA":0.2009,"PRUID":"59","fed_num":"59025","da_code":"59151728","geo_name":"59151728","name_source":{"label":"Statistics Canada Census Profile 2021 DA WDS","url":"https://www12.statcan.gc.ca/wds-sdw/2021profile-profil2021-eng.cfm"},"population":465,"status":"ok","source":{"label":"Statistics Canada Census Profile 2021 DA WDS","url":"https://www12.statcan.gc.ca/wds-sdw/2021profile-profil2021-eng.cfm"},"community_name":"Coquitlam","community_source":{"label":"Statistics Canada 2021 census subdivision boundaries (spatial lookup)","url":"https://geo.statcan.gc.ca/geo_wa/rest/services/2021/Cartographic_boundary_files/MapServer/9"},"community_display":"Coquitlam","is_unorganized":false,"panel_title":"Coquitlam","display_label":"Coquitlam","map_label":"59151728"},"geometry":{"type":"MultiPolygon","coordinates":[[[[-122.80872337300801,49.291870253649414],[-122.80890227523261,49.29164663189629],[-122.80897133811843,49.291511339052356],[-122.80900034132044,49.291331947975614],[-122.80895896532394,49.29099014699378],[-122.80897424676563,49.29081925611068],[-122.80901556895573,49.29067534650369],[-122.80914063880428,49.29040473792327],[-122.8093058238419,49.29014413778412],[-122.80941352417466,49.290027976011686],[-122.80951312184922,49.2899205522751],[-122.80961054117321,49.289830843875606],[-122.80983141092464,49.289632848897426],[-122.80990141375821,49.28950752839396],[-122.8099426087751,49.28936363241557],[-122.81012308620743,49.28910303334872],[-122.81019028989365,49.28898624519153],[-122.81017837375491,49.28883244359039],[-122.80994557841673,49.28862593737518],[-122.80998611014614,49.288472146154675],[-122.81029107601994,49.288131731402444],[-122.81041395935948,49.28803204719857],[-122.81068965956467,49.28789814145313],[-122.81093865118143,49.287727243988044],[-122.81125533244943,49.287431036895406],[-122.81146314945511,49.287233039247546],[-122.81153302066755,49.28710773200011],[-122.81169832702778,49.28689264118556],[-122.81178211269747,49.28676595226228],[-122.81185021796479,49.286488131026815],[-122.81189279873396,49.286334355430554],[-122.81187961015863,49.28601963597272],[-122.81185431767356,49.2858586503099],[-122.81185467656454,49.28566074225547],[-122.81185469866122,49.28565785426322],[-122.81301609535838,49.28603218101604],[-122.8126592722238,49.286583775913954],[-122.81336435951823,49.286826183377904],[-122.8136822633129,49.28700046916157],[-122.81379525709076,49.28725697638621],[-122.81383154078341,49.28752917494749],[-122.81373266102864,49.28766766592249],[-122.81355265063286,49.28782727526945],[-122.8132642650872,49.28794218932419],[-122.81236139630631,49.288118187200034],[-122.8120596958133,49.28820657149113],[-122.81169911744091,49.28849227910194],[-122.81156493221637,49.288944168230856],[-122.81126873349399,49.289812883377934],[-122.81128721363898,49.289813239783776],[-122.81184814853793,49.2898245804423],[-122.81261111484791,49.289684988321746],[-122.81297881911385,49.28967507745859],[-122.81331509450244,49.289743569404415],[-122.81356648253592,49.2898861801512],[-122.81378138681892,49.29011947715415],[-122.81381041115152,49.29039776985101],[-122.81314560174594,49.290408877038864],[-122.81253181637783,49.29053758923315],[-122.81202973125667,49.290741674295646],[-122.81154147661063,49.29108487372852],[-122.8112603663519,49.29139457781649],[-122.81234898691054,49.29179787576928],[-122.8127739683954,49.291955471321415],[-122.81310334252123,49.29202376902042],[-122.8134526403982,49.29204216962507],[-122.8135639210585,49.29208417563346],[-122.81359772756106,49.29217256771171],[-122.81356854553597,49.29269686974947],[-122.81349944933436,49.2928614817139],[-122.81332645101995,49.29301857224762],[-122.81354596789687,49.29318627137935],[-122.81356769637202,49.29322006964219],[-122.81367884757793,49.29339287753818],[-122.81371444864308,49.293534476606865],[-122.8136833706791,49.29378768328698],[-122.81361098255265,49.293889482051895],[-122.81322669184304,49.2944299772465],[-122.81182912540253,49.294253846881475],[-122.81143420986822,49.29420408084662],[-122.81046982271532,49.29413237178444],[-122.80940569519781,49.2941279166929],[-122.80940244071999,49.29412790776943],[-122.8094010785807,49.29409343620729],[-122.809114105137,49.29376873694717],[-122.80901831044031,49.29366192859509],[-122.80879909683182,49.293435435917736],[-122.80874508698714,49.293301634376355],[-122.80871760086443,49.2931748346304],[-122.80870449401245,49.29300392902039],[-122.80870677677595,49.29266215295264],[-122.80869176517837,49.292509741460776],[-122.80865149757335,49.29218504163271],[-122.80866767166437,49.292024053964276],[-122.80872337300801,49.291870253649414]]]]}},{"type":"Feature","properties":{"DGUID":"2021S051259152972","DAUID":"59152972","LANDAREA":0.1239,"PRUID":"59","fed_num":"59025","da_code":"59152972","geo_name":"59152972","name_source":{"label":"Statistics Canada Census Profile 2021 DA WDS","url":"https://www12.statcan.gc.ca/wds-sdw/2021profile-profil2021-eng.cfm"},"population":393,"status":"ok","source":{"label":"Statistics Canada Census Profile 2021 DA WDS","url":"https://www12.statcan.gc.ca/wds-sdw/2021profile-profil2021-eng.cfm"},"community_name":"Coquitlam","community_source":{"label":"Statistics Canada 2021 census subdivision boundaries (spatial lookup)","url":"https://geo.statcan.gc.ca/geo_wa/rest/services/2021/Cartographic_boundary_files/MapServer/9"},"community_display":"Coquitlam","is_unorganized":false,"panel_title":"Coquitlam","display_label":"Coquitlam","map_label":"59152972"},"geometry":{"type":"MultiPolygon","coordinates":[[[[-122.8086017514595,49.25040181703499],[-122.80878389714202,49.25011057421618],[-122.8096262810147,49.24876376089034],[-122.8098976920034,49.24832975215372],[-122.81008001668165,49.24803820662837],[-122.81034282430426,49.24771181079369],[-122.81081921741705,49.24727541327788],[-122.81141025693526,49.24682979791674],[-122.81282351448326,49.245908407389244],[-122.81359146014191,49.245407698891626],[-122.81480651733504,49.24431390343],[-122.81508688148776,49.24412929585422],[-122.81535075349105,49.244030137204085],[-122.81536469541113,49.24402490115274],[-122.81555899991623,49.24399460737248],[-122.81556269385368,49.243955131425864],[-122.81566014826589,49.24292099608865],[-122.81573252793066,49.242787097223164],[-122.8157770521992,49.242918090526594],[-122.81570967634525,49.24396118379647],[-122.81570974763899,49.24397023552052],[-122.81571163593891,49.24427524165683],[-122.81572052442223,49.2457047879075],[-122.81556533264616,49.245704805705344],[-122.81524641204136,49.245708902711186],[-122.8149568343959,49.24576520752435],[-122.81469576670561,49.2458880886557],[-122.81451945913821,49.2460351997804],[-122.81438768961841,49.246228965944425],[-122.81438197618866,49.24623740282695],[-122.81439031394915,49.24743679075727],[-122.81388922317329,49.24751301336625],[-122.81263625475526,49.24831650911803],[-122.81238569942752,49.24900641074496],[-122.81116813812788,49.249594815461165],[-122.8108884227423,49.24956919659128],[-122.81057154999677,49.249540210223685],[-122.80977519542385,49.250774317145094],[-122.8085125548128,49.25115860760034],[-122.80850159452119,49.2508528562126],[-122.80849984560976,49.250804212487395],[-122.8086017514595,49.25040181703499]]]]}},{"type":"Feature","properties":{"DGUID":"2021S051259152973","DAUID":"59152973","LANDAREA":0.4325,"PRUID":"59","fed_num":"59025","da_code":"59152973","geo_name":"59152973","name_source":{"label":"Statistics Canada Census Profile 2021 DA WDS","url":"https://www12.statcan.gc.ca/wds-sdw/2021profile-profil2021-eng.cfm"},"population":796,"status":"ok","source":{"label":"Statistics Canada Census Profile 2021 DA WDS","url":"https://www12.statcan.gc.ca/wds-sdw/2021profile-profil2021-eng.cfm"},"community_name":"Coquitlam","community_source":{"label":"Statistics Canada 2021 census subdivision boundaries (spatial lookup)","url":"https://geo.statcan.gc.ca/geo_wa/rest/services/2021/Cartographic_boundary_files/MapServer/9"},"community_display":"Coquitlam","is_unorganized":false,"panel_title":"Coquitlam","display_label":"Coquitlam","map_label":"59152973"},"geometry":{"type":"MultiPolygon","coordinates":[[[[-122.80985852094416,49.25679769825137],[-122.80947778236491,49.25580081168409],[-122.80899781202352,49.25449021936874],[-122.80890173818219,49.25435871111288],[-122.80867759340882,49.254051907863825],[-122.80824009233115,49.253782225712996],[-122.80774008970188,49.25364210459677],[-122.80723572721121,49.25360472423355],[-122.80732051592155,49.25321081809126],[-122.80747391512014,49.2529386968717],[-122.80815556117801,49.25225531640177],[-122.80834134369915,49.251910309857436],[-122.80846374196965,49.251509401411745],[-122.8085125548128,49.25115860760034],[-122.80977519542385,49.250774317145094],[-122.81057154999677,49.249540210223685],[-122.8108884227423,49.24956919659128],[-122.81116813812788,49.249594815461165],[-122.81238569942752,49.24900641074496],[-122.81263625475526,49.24831650911803],[-122.81388922317329,49.24751301336625],[-122.81439031394915,49.24743679075727],[-122.81438197618866,49.24623740282695],[-122.81438768961841,49.246228965944425],[-122.81451945913821,49.2460351997804],[-122.81469576670561,49.2458880886557],[-122.8149568343959,49.24576520752435],[-122.81524641204136,49.245708902711186],[-122.81556533264616,49.245704805705344],[-122.81572052442223,49.2457047879075],[-122.81571951902104,49.246167338558315],[-122.81571615846678,49.247670491165366],[-122.81574339341923,49.248700092192756],[-122.8157532186157,49.24907261132885],[-122.81578217018034,49.25155460697454],[-122.81559407843174,49.25155259919004],[-122.81559441529686,49.25159079631488],[-122.81560027917985,49.252248071928456],[-122.81561246984445,49.253615938737546],[-122.81563165506324,49.255769088877265],[-122.8139557872633,49.25576741436997],[-122.81350791099248,49.25582799846883],[-122.81307359805174,49.25595030001064],[-122.81266935818549,49.25613660267893],[-122.81163852150019,49.25568359752755],[-122.8113557372176,49.25560049643779],[-122.81099205754745,49.25555549624768],[-122.81062298885855,49.25556801161117],[-122.81030958834192,49.25563171127647],[-122.81032176831404,49.25585370519233],[-122.81046178719203,49.256114612870924],[-122.81061426626576,49.25625420350441],[-122.8107864644421,49.25634850920945],[-122.81113876249003,49.25645889348873],[-122.81208113763367,49.25675891158239],[-122.81186707154525,49.25701650323957],[-122.81170516731707,49.25713239674705],[-122.81130376688341,49.257256613725374],[-122.81107978907171,49.25727699031777],[-122.81068589810387,49.25725099555606],[-122.81040641023316,49.257180507062564],[-122.81016052600478,49.25705969399687],[-122.81000709504798,49.25695429310607],[-122.80985852094416,49.25679769825137]]]]}},{"type":"Feature","properties":{"DGUID":"2021S051259152974","DAUID":"59152974","LANDAREA":0.1326,"PRUID":"59","fed_num":"59025","da_code":"59152974","geo_name":"59152974","name_source":{"label":"Statistics Canada Census Profile 2021 DA WDS","url":"https://www12.statcan.gc.ca/wds-sdw/2021profile-profil2021-eng.cfm"},"population":529,"status":"ok","source":{"label":"Statistics Canada Census Profile 2021 DA WDS","url":"https://www12.statcan.gc.ca/wds-sdw/2021profile-profil2021-eng.cfm"},"community_name":"Coquitlam","community_source":{"label":"Statistics Canada 2021 census subdivision boundaries (spatial lookup)","url":"https://geo.statcan.gc.ca/geo_wa/rest/services/2021/Cartographic_boundary_files/MapServer/9"},"community_display":"Coquitlam","is_unorganized":false,"panel_title":"Coquitlam","display_label":"Coquitlam","map_label":"59152974"},"geometry":{"type":"MultiPolygon","coordinates":[[[[-122.81077061624627,49.257977804584804],[-122.810260629348,49.25800241125421],[-122.80992433809675,49.258138406434774],[-122.80966413018058,49.25834601122603],[-122.80954076631426,49.258521603668115],[-122.80950106237316,49.258698810097826],[-122.80952414519163,49.25888331474048],[-122.80963245662915,49.259085618446804],[-122.80985656414423,49.25952379642442],[-122.8098348768028,49.25973930565849],[-122.80974675723616,49.25988090853632],[-122.80953458338882,49.26006920637098],[-122.80923378020466,49.2601881964142],[-122.80887908941008,49.26021200494388],[-122.80852600948931,49.260151996273],[-122.80817720510757,49.2599696053701],[-122.80799291807003,49.25971281424537],[-122.8080140787961,49.25826652045716],[-122.80790629140566,49.25791561777643],[-122.80758038095327,49.25742131422451],[-122.8075103679216,49.25710120673469],[-122.8077115650429,49.25635311684714],[-122.80796704533708,49.25613450008295],[-122.80825704710361,49.25601240967653],[-122.80947778236491,49.25580081168409],[-122.80985852094416,49.25679769825137],[-122.81000709504798,49.25695429310607],[-122.81016052600478,49.25705969399687],[-122.81040641023316,49.257180507062564],[-122.81068589810387,49.25725099555606],[-122.81107978907171,49.25727699031777],[-122.81130376688341,49.257256613725374],[-122.81170516731707,49.25713239674705],[-122.81186707154525,49.25701650323957],[-122.81208113763367,49.25675891158239],[-122.81113876249003,49.25645889348873],[-122.8107864644421,49.25634850920945],[-122.81061426626576,49.25625420350441],[-122.81046178719203,49.256114612870924],[-122.81032176831404,49.25585370519233],[-122.81030958834192,49.25563171127647],[-122.81062298885855,49.25556801161117],[-122.81099205754745,49.25555549624768],[-122.8113557372176,49.25560049643779],[-122.81163852150019,49.25568359752755],[-122.81266935818549,49.25613660267893],[-122.81307359805174,49.25595030001064],[-122.81350791099248,49.25582799846883],[-122.8139557872633,49.25576741436997],[-122.81394889412601,49.25620859237035],[-122.81379678899711,49.256222099976],[-122.81344983098278,49.25631369106955],[-122.81313131820401,49.25651060557281],[-122.81260424220622,49.25718421643681],[-122.81250584600805,49.257416483764295],[-122.81248255267177,49.25761579633912],[-122.81252386326487,49.257854794739465],[-122.81269127333906,49.258117396314226],[-122.81368005466342,49.25908358777375],[-122.81386414684326,49.25914308538927],[-122.81401775452841,49.259147592700415],[-122.81523418981382,49.258998000897286],[-122.81544952697118,49.25966468980582],[-122.8140992676242,49.25986090165157],[-122.81378894697939,49.259877804985486],[-122.81332178936309,49.25977840995618],[-122.81308776796057,49.259685896304],[-122.81285418845962,49.25954569334245],[-122.81142790479113,49.25820891019492],[-122.81111791499089,49.2580619101384],[-122.81077061624627,49.257977804584804]]]]}},{"type":"Feature","properties":{"DGUID":"2021S051259152975","DAUID":"59152975","LANDAREA":0.0733,"PRUID":"59","fed_num":"59025","da_code":"59152975","geo_name":"59152975","name_source":{"label":"Statistics Canada Census Profile 2021 DA WDS","url":"https://www12.statcan.gc.ca/wds-sdw/2021profile-profil2021-eng.cfm"},"population":356,"status":"ok","source":{"label":"Statistics Canada Census Profile 2021 DA WDS","url":"https://www12.statcan.gc.ca/wds-sdw/2021profile-profil2021-eng.cfm"},"community_name":"Coquitlam","community_source":{"label":"Statistics Canada 2021 census subdivision boundaries (spatial lookup)","url":"https://geo.statcan.gc.ca/geo_wa/rest/services/2021/Cartographic_boundary_files/MapServer/9"},"community_display":"Coquitlam","is_unorganized":false,"panel_title":"Coquitlam","display_label":"Coquitlam","map_label":"59152975"},"geometry":{"type":"MultiPolygon","coordinates":[[[[-122.81313131820401,49.25651060557281],[-122.81344983098278,49.25631369106955],[-122.81379678899711,49.256222099976],[-122.81394889412601,49.25620859237035],[-122.8139557872633,49.25576741436997],[-122.81563165506324,49.255769088877265],[-122.81564248918886,49.25634200286277],[-122.8156542421404,49.25696268955224],[-122.81567592224803,49.25810831647789],[-122.81576583614705,49.25860876111357],[-122.81578824837713,49.25873322632872],[-122.81584448069412,49.25889695161153],[-122.81599300937427,49.25932912989484],[-122.81607223559901,49.259559633455716],[-122.81565500032902,49.25963002886195],[-122.81544952697118,49.25966468980582],[-122.81523418981382,49.258998000897286],[-122.81401775452841,49.259147592700415],[-122.81386414684326,49.25914308538927],[-122.81368005466342,49.25908358777375],[-122.81269127333906,49.258117396314226],[-122.81252386326487,49.257854794739465],[-122.81248255267177,49.25761579633912],[-122.81250584600805,49.257416483764295],[-122.81260424220622,49.25718421643681],[-122.81313131820401,49.25651060557281]]]]}},{"type":"Feature","properties":{"DGUID":"2021S051259152976","DAUID":"59152976","LANDAREA":0.2164,"PRUID":"59","fed_num":"59025","da_code":"59152976","geo_name":"59152976","name_source":{"label":"Statistics Canada Census Profile 2021 DA WDS","url":"https://www12.statcan.gc.ca/wds-sdw/2021profile-profil2021-eng.cfm"},"population":550,"status":"ok","source":{"label":"Statistics Canada Census Profile 2021 DA WDS","url":"https://www12.statcan.gc.ca/wds-sdw/2021profile-profil2021-eng.cfm"},"community_name":"Coquitlam","community_source":{"label":"Statistics Canada 2021 census subdivision boundaries (spatial lookup)","url":"https://geo.statcan.gc.ca/geo_wa/rest/services/2021/Cartographic_boundary_files/MapServer/9"},"community_display":"Coquitlam","is_unorganized":false,"panel_title":"Coquitlam","display_label":"Coquitlam","map_label":"59152976"},"geometry":{"type":"MultiPolygon","coordinates":[[[[-122.8133618100744,49.26049968202001],[-122.80778670304191,49.260604173405255],[-122.8050908684905,49.26021787258422],[-122.80486891217836,49.26023828519766],[-122.80212423761323,49.260490811742315],[-122.80115332512744,49.260502218155516],[-122.80123008805684,49.260416894667486],[-122.80154106600023,49.260071331683974],[-122.80180171924034,49.25983661623083],[-122.80225304107141,49.25943020524947],[-122.80252316688136,49.25972096497654],[-122.80275053653384,49.25996572510879],[-122.80283484682498,49.26005831657509],[-122.80311321424529,49.26018541868434],[-122.80347261441447,49.26021410926706],[-122.80380421295241,49.26014731899505],[-122.80506240847089,49.259453956851075],[-122.80531366367664,49.25931550688882],[-122.80453788941196,49.25865100512942],[-122.804393569189,49.2584116279505],[-122.80436125864613,49.257924213514514],[-122.80488975055754,49.25703261409118],[-122.8054350124475,49.25625592461001],[-122.80632414618859,49.25541290829558],[-122.80648586177855,49.25531861917865],[-122.80679085042813,49.25517982567569],[-122.80722945161384,49.25513342219576],[-122.80764253633404,49.255260005159066],[-122.80797704417502,49.25548971388854],[-122.80810776858488,49.255845907453015],[-122.80825704710361,49.25601240967653],[-122.80796704533708,49.25613450008295],[-122.8077115650429,49.25635311684714],[-122.8075103679216,49.25710120673469],[-122.80758038095327,49.25742131422451],[-122.80790629140566,49.25791561777643],[-122.8080140787961,49.25826652045716],[-122.80799291807003,49.25971281424537],[-122.80817720510757,49.2599696053701],[-122.80852600948931,49.260151996273],[-122.80887908941008,49.26021200494388],[-122.80923378020466,49.2601881964142],[-122.80953458338882,49.26006920637098],[-122.80974675723616,49.25988090853632],[-122.8098348768028,49.25973930565849],[-122.80985656414423,49.25952379642442],[-122.80963245662915,49.259085618446804],[-122.80952414519163,49.25888331474048],[-122.80950106237316,49.258698810097826],[-122.80954076631426,49.258521603668115],[-122.80966413018058,49.25834601122603],[-122.80992433809675,49.258138406434774],[-122.810260629348,49.25800241125421],[-122.81077061624627,49.257977804584804],[-122.81111791499089,49.2580619101384],[-122.81142790479113,49.25820891019492],[-122.81285418845962,49.25954569334245],[-122.81308776796057,49.259685896304],[-122.81332178936309,49.25977840995618],[-122.81378894697939,49.259877804985486],[-122.8140992676242,49.25986090165157],[-122.81544952697118,49.25966468980582],[-122.81565500032902,49.25963002886195],[-122.81607223559901,49.259559633455716],[-122.81645960178233,49.26032150789891],[-122.81675419910118,49.260747191506454],[-122.815195345283,49.26046665613629],[-122.8151514742492,49.260466106481466],[-122.8133618100744,49.26049968202001]]]]}},{"type":"Feature","properties":{"DGUID":"2021S051259152978","DAUID":"59152978","LANDAREA":0.2255,"PRUID":"59","fed_num":"59025","da_code":"59152978","geo_name":"59152978","name_source":{"label":"Statistics Canada Census Profile 2021 DA WDS","url":"https://www12.statcan.gc.ca/wds-sdw/2021profile-profil2021-eng.cfm"},"population":486,"status":"ok","source":{"label":"Statistics Canada Census Profile 2021 DA WDS","url":"https://www12.statcan.gc.ca/wds-sdw/2021profile-profil2021-eng.cfm"},"community_name":"Coquitlam","community_source":{"label":"Statistics Canada 2021 census subdivision boundaries (spatial lookup)","url":"https://geo.statcan.gc.ca/geo_wa/rest/services/2021/Cartographic_boundary_files/MapServer/9"},"community_display":"Coquitlam","is_unorganized":false,"panel_title":"Coquitlam","display_label":"Coquitlam","map_label":"59152978"},"geometry":{"type":"MultiPolygon","coordinates":[[[[-122.80705469307696,49.26372289389314],[-122.80542623987843,49.26372700911559],[-122.80525854648428,49.263807617985385],[-122.80519146152956,49.26392450570914],[-122.80516734611554,49.26463370031441],[-122.80511947195056,49.26478998994096],[-122.80453240174451,49.26523381744977],[-122.80403727668096,49.26494081584633],[-122.8038790972559,49.264744213723596],[-122.8037796996195,49.2644728137249],[-122.803663806354,49.26435940965444],[-122.8034144880688,49.26428810452722],[-122.80319542056442,49.264237515490784],[-122.80301629819323,49.2641042183705],[-122.80266651447795,49.26317941903572],[-122.80264176697077,49.263145540766814],[-122.80260233179163,49.26309161152952],[-122.80250797836975,49.262962552034764],[-122.80235010909801,49.26274661835259],[-122.80319795350348,49.26116989661583],[-122.80425182483081,49.26210570569419],[-122.80459102570538,49.26272650888148],[-122.80533672735555,49.26197471572155],[-122.80597859172435,49.26157209353732],[-122.80630516455842,49.26141781559337],[-122.80674285852434,49.26134699416535],[-122.80723263451748,49.26137770655992],[-122.80934483237594,49.262030297799114],[-122.80974129461654,49.26225909278887],[-122.81012162290416,49.262562303187046],[-122.81062519995577,49.262951902439056],[-122.81082790820788,49.26317512486463],[-122.81099180914123,49.26335560472879],[-122.81115429349973,49.263529709593854],[-122.81138120599982,49.26368689462733],[-122.81174599882478,49.263817501245],[-122.81142170755321,49.26423670696568],[-122.81062569053552,49.26658353643175],[-122.81051771165053,49.26665515195675],[-122.81023161103211,49.266778149309026],[-122.8093122720937,49.266240201229614],[-122.80821170978649,49.266019292649844],[-122.8069551312022,49.265909214571415],[-122.80708420156064,49.26447239171296],[-122.80705928483994,49.263839035685905],[-122.80705469307696,49.26372289389314]]]]}},{"type":"Feature","properties":{"DGUID":"2021S051259152979","DAUID":"59152979","LANDAREA":0.1835,"PRUID":"59","fed_num":"59025","da_code":"59152979","geo_name":"59152979","name_source":{"label":"Statistics Canada Census Profile 2021 DA WDS","url":"https://www12.statcan.gc.ca/wds-sdw/2021profile-profil2021-eng.cfm"},"population":445,"status":"ok","source":{"label":"Statistics Canada Census Profile 2021 DA WDS","url":"https://www12.statcan.gc.ca/wds-sdw/2021profile-profil2021-eng.cfm"},"community_name":"Coquitlam","community_source":{"label":"Statistics Canada 2021 census subdivision boundaries (spatial lookup)","url":"https://geo.statcan.gc.ca/geo_wa/rest/services/2021/Cartographic_boundary_files/MapServer/9"},"community_display":"Coquitlam","is_unorganized":false,"panel_title":"Coquitlam","display_label":"Coquitlam","map_label":"59152979"},"geometry":{"type":"MultiPolygon","coordinates":[[[[-122.80266097119191,49.26724689959718],[-122.802720046421,49.26555220388292],[-122.8028411254344,49.265231507677946],[-122.8034144880688,49.26428810452722],[-122.803663806354,49.26435940965444],[-122.8037796996195,49.2644728137249],[-122.8038790972559,49.264744213723596],[-122.80403727668096,49.26494081584633],[-122.80453240174451,49.26523381744977],[-122.80511947195056,49.26478998994096],[-122.80516734611554,49.26463370031441],[-122.80519146152956,49.26392450570914],[-122.80525854648428,49.263807617985385],[-122.80542623987843,49.26372700911559],[-122.80705469307696,49.26372289389314],[-122.80705928483994,49.263839035685905],[-122.80708420156064,49.26447239171296],[-122.8069551312022,49.265909214571415],[-122.80573565176992,49.26579920015268],[-122.80539830451933,49.267525220009546],[-122.80511182543378,49.26773391166471],[-122.80695759842546,49.26916690675084],[-122.80718578794065,49.269345690355024],[-122.80736307109639,49.269565393359386],[-122.80734390851903,49.27084141116291],[-122.80660420679126,49.2708384671555],[-122.8059385458105,49.27083581743726],[-122.80456508624022,49.27084470650757],[-122.80318350408149,49.27083081560174],[-122.80323475626255,49.2680936055919],[-122.80294978637103,49.26780231114427],[-122.80272107850077,49.267471215981736],[-122.80266097119191,49.26724689959718]]]]}},{"type":"Feature","properties":{"DGUID":"2021S051259152980","DAUID":"59152980","LANDAREA":0.1275,"PRUID":"59","fed_num":"59025","da_code":"59152980","geo_name":"59152980","name_source":{"label":"Statistics Canada Census Profile 2021 DA WDS","url":"https://www12.statcan.gc.ca/wds-sdw/2021profile-profil2021-eng.cfm"},"population":317,"status":"ok","source":{"label":"Statistics Canada Census Profile 2021 DA WDS","url":"https://www12.statcan.gc.ca/wds-sdw/2021profile-profil2021-eng.cfm"},"community_name":"Coquitlam","community_source":{"label":"Statistics Canada 2021 census subdivision boundaries (spatial lookup)","url":"https://geo.statcan.gc.ca/geo_wa/rest/services/2021/Cartographic_boundary_files/MapServer/9"},"community_display":"Coquitlam","is_unorganized":false,"panel_title":"Coquitlam","display_label":"Coquitlam","map_label":"59152980"},"geometry":{"type":"MultiPolygon","coordinates":[[[[-122.81011181115183,49.26850070018858],[-122.80959912453605,49.26848290483213],[-122.80930703565623,49.26901298644176],[-122.80796804151163,49.2685021922999],[-122.80773588510844,49.26870070596572],[-122.80695759842546,49.26916690675084],[-122.80511182543378,49.26773391166471],[-122.80539830451933,49.267525220009546],[-122.80573565176992,49.26579920015268],[-122.8069551312022,49.265909214571415],[-122.80821170978649,49.266019292649844],[-122.8093122720937,49.266240201229614],[-122.81023161103211,49.266778149309026],[-122.81050045592184,49.26696030758996],[-122.81053885961578,49.266986318690385],[-122.81060900334236,49.267064968371656],[-122.81067238894543,49.26724251416296],[-122.81068581712184,49.26764652449668],[-122.8107613635849,49.267807323174694],[-122.81092181624516,49.26793186864545],[-122.81145703004526,49.2681819284792],[-122.81175899363144,49.268226888019605],[-122.81202118746566,49.268270658843335],[-122.81381789253967,49.26828049139973],[-122.8138207010068,49.268619297155475],[-122.8140037275033,49.26887608259052],[-122.81339252009786,49.269051692442645],[-122.8121629487104,49.26904689183669],[-122.81168606657796,49.26904728823807],[-122.81103090658289,49.26892430066095],[-122.81011181115183,49.26850070018858]]]]}},{"type":"Feature","properties":{"DGUID":"2021S051259152981","DAUID":"59152981","LANDAREA":0.1283,"PRUID":"59","fed_num":"59025","da_code":"59152981","geo_name":"59152981","name_source":{"label":"Statistics Canada Census Profile 2021 DA WDS","url":"https://www12.statcan.gc.ca/wds-sdw/2021profile-profil2021-eng.cfm"},"population":401,"status":"ok","source":{"label":"Statistics Canada Census Profile 2021 DA WDS","url":"https://www12.statcan.gc.ca/wds-sdw/2021profile-profil2021-eng.cfm"},"community_name":"Coquitlam","community_source":{"label":"Statistics Canada 2021 census subdivision boundaries (spatial lookup)","url":"https://geo.statcan.gc.ca/geo_wa/rest/services/2021/Cartographic_boundary_files/MapServer/9"},"community_display":"Coquitlam","is_unorganized":false,"panel_title":"Coquitlam","display_label":"Coquitlam","map_label":"59152981"},"geometry":{"type":"MultiPolygon","coordinates":[[[[-122.81097321283816,49.270861292371286],[-122.80982974793136,49.27086449170921],[-122.80982647850851,49.27155077805745],[-122.80995897002165,49.271942097916266],[-122.80868960423122,49.272116297534204],[-122.80870766444716,49.27085469239086],[-122.80799266240076,49.270847720308765],[-122.80734390851903,49.27084141116291],[-122.80736307109639,49.269565393359386],[-122.80718578794065,49.269345690355024],[-122.80695759842546,49.26916690675084],[-122.80773588510844,49.26870070596572],[-122.80796804151163,49.2685021922999],[-122.80930703565623,49.26901298644176],[-122.80959912453605,49.26848290483213],[-122.81011181115183,49.26850070018858],[-122.81103090658289,49.26892430066095],[-122.81168606657796,49.26904728823807],[-122.8121629487104,49.26904689183669],[-122.81339252009786,49.269051692442645],[-122.8140037275033,49.26887608259052],[-122.81400958672704,49.268884266096165],[-122.81451693549774,49.26958758135026],[-122.81464250546819,49.26987959048152],[-122.81468363648084,49.27042138687625],[-122.81465724324528,49.270845774480044],[-122.81328017536076,49.27084658094544],[-122.81210638746283,49.27087048538266],[-122.81097321283816,49.270861292371286]]]]}},{"type":"Feature","properties":{"DGUID":"2021S051259152982","DAUID":"59152982","LANDAREA":0.1659,"PRUID":"59","fed_num":"59025","da_code":"59152982","geo_name":"59152982","name_source":{"label":"Statistics Canada Census Profile 2021 DA WDS","url":"https://www12.statcan.gc.ca/wds-sdw/2021profile-profil2021-eng.cfm"},"population":495,"status":"ok","source":{"label":"Statistics Canada Census Profile 2021 DA WDS","url":"https://www12.statcan.gc.ca/wds-sdw/2021profile-profil2021-eng.cfm"},"community_name":"Coquitlam","community_source":{"label":"Statistics Canada 2021 census subdivision boundaries (spatial lookup)","url":"https://geo.statcan.gc.ca/geo_wa/rest/services/2021/Cartographic_boundary_files/MapServer/9"},"community_display":"Coquitlam","is_unorganized":false,"panel_title":"Coquitlam","display_label":"Coquitlam","map_label":"59152982"},"geometry":{"type":"MultiPolygon","coordinates":[[[[-122.80801512803023,49.273009890897974],[-122.80669334404571,49.27274649560052],[-122.80642723631134,49.272715663758696],[-122.80590937440418,49.27265569366134],[-122.80579549697825,49.272713599705476],[-122.80519729143609,49.27271930341642],[-122.80475280889677,49.272747597524656],[-122.80460261329623,49.27278647461748],[-122.80414693618427,49.27290439971697],[-122.80404491860139,49.27280951429707],[-122.8040245528648,49.27279465509498],[-122.80389475389484,49.272700160077314],[-122.80355597484322,49.27245356225757],[-122.80313541864092,49.27214740431354],[-122.80167990102123,49.27100178120058],[-122.80156073872635,49.2709080000728],[-122.80183624834186,49.27082070887061],[-122.80189373628411,49.27080250642858],[-122.80318350408149,49.27083081560174],[-122.80456508624022,49.27084470650757],[-122.8059385458105,49.27083581743726],[-122.80660420679126,49.2708384671555],[-122.80734390851903,49.27084141116291],[-122.80799266240076,49.270847720308765],[-122.80870766444716,49.27085469239086],[-122.80868960423122,49.272116297534204],[-122.80995897002165,49.271942097916266],[-122.80982647850851,49.27155077805745],[-122.80982974793136,49.27086449170921],[-122.81097321283816,49.270861292371286],[-122.81210638746283,49.27087048538266],[-122.81328017536076,49.27084658094544],[-122.81465724324528,49.270845774480044],[-122.81458013376913,49.27148857965417],[-122.81435028268068,49.27177458828836],[-122.81432977159648,49.27179381995452],[-122.8141621764678,49.27195098137645],[-122.81393595760174,49.27210288953396],[-122.813675664999,49.27223118376293],[-122.81332107887783,49.272352284917254],[-122.8117895288395,49.272581806868715],[-122.80866173817726,49.27305959854585],[-122.80839142216199,49.27305338455257],[-122.80801512803023,49.273009890897974]]]]}},{"type":"Feature","properties":{"DGUID":"2021S051259152983","DAUID":"59152983","LANDAREA":0.4029,"PRUID":"59","fed_num":"59025","da_code":"59152983","geo_name":"59152983","name_source":{"label":"Statistics Canada Census Profile 2021 DA WDS","url":"https://www12.statcan.gc.ca/wds-sdw/2021profile-profil2021-eng.cfm"},"population":846,"status":"ok","source":{"label":"Statistics Canada Census Profile 2021 DA WDS","url":"https://www12.statcan.gc.ca/wds-sdw/2021profile-profil2021-eng.cfm"},"community_name":"Coquitlam","community_source":{"label":"Statistics Canada 2021 census subdivision boundaries (spatial lookup)","url":"https://geo.statcan.gc.ca/geo_wa/rest/services/2021/Cartographic_boundary_files/MapServer/9"},"community_display":"Coquitlam","is_unorganized":false,"panel_title":"Coquitlam","display_label":"Coquitlam","map_label":"59152983"},"geometry":{"type":"MultiPolygon","coordinates":[[[[-122.8113146482203,49.27645128432306],[-122.80868380596833,49.27640411429835],[-122.80837776804901,49.276587194651405],[-122.80806982814593,49.27638158601203],[-122.80776693464708,49.276366997858986],[-122.80747332588376,49.276347392455015],[-122.80699842662196,49.27629910668861],[-122.80672614285297,49.276268804190885],[-122.80643076985265,49.27622880199604],[-122.80614064810064,49.276187098551475],[-122.80580156552269,49.276130915335195],[-122.80554689290899,49.27608471292632],[-122.80534139660959,49.27604450723031],[-122.80513457580118,49.276002606715736],[-122.80488549274865,49.27594620717457],[-122.80461189928121,49.275882694258634],[-122.8043062991602,49.27580581755217],[-122.80415680949834,49.27576371726347],[-122.80404482215583,49.27573220611888],[-122.80380531545003,49.2756623970596],[-122.80353770454317,49.27558020146588],[-122.80331693259471,49.27550050653001],[-122.80311010863714,49.27542701147577],[-122.80277611089831,49.275310414575884],[-122.80245182958811,49.275180419361256],[-122.80207635016839,49.27502810687972],[-122.80187414135169,49.274938527030145],[-122.80177304768087,49.27489099881972],[-122.8017582841886,49.27488406264893],[-122.80176592532682,49.27486765923929],[-122.80184213747897,49.27470447942499],[-122.80189021678181,49.27460150468961],[-122.80210112515435,49.27429366027731],[-122.80215448546828,49.27421570901098],[-122.8023838672649,49.273979202752685],[-122.8026752795112,49.273738310964575],[-122.80344824943867,49.27327111344961],[-122.80414693618427,49.27290439971697],[-122.80460261329623,49.27278647461748],[-122.80475280889677,49.272747597524656],[-122.80519729143609,49.27271930341642],[-122.80579549697825,49.272713599705476],[-122.80590937440418,49.27265569366134],[-122.80642723631134,49.272715663758696],[-122.80669334404571,49.27274649560052],[-122.80801512803023,49.273009890897974],[-122.80839142216199,49.27305338455257],[-122.80866173817726,49.27305959854585],[-122.8117895288395,49.272581806868715],[-122.81332107887783,49.272352284917254],[-122.813675664999,49.27223118376293],[-122.81393595760174,49.27210288953396],[-122.8141621764678,49.27195098137645],[-122.81432977159648,49.27179381995452],[-122.81435028268068,49.27177458828836],[-122.81458013376913,49.27148857965417],[-122.81465724324528,49.270845774480044],[-122.8155837420608,49.27084983497907],[-122.81559289041857,49.27094430682131],[-122.8157324296021,49.273509394949734],[-122.81571184355661,49.27405353939957],[-122.81615959544868,49.2746731876363],[-122.81623721038949,49.275350172297884],[-122.81632368047859,49.27593366876067],[-122.81636847254006,49.276414138650026],[-122.81638057264597,49.27654355253845],[-122.81541774834486,49.27652558168668],[-122.8113146482203,49.27645128432306]]]]}},{"type":"Feature","properties":{"DGUID":"2021S051259152984","DAUID":"59152984","LANDAREA":0.1382,"PRUID":"59","fed_num":"59025","da_code":"59152984","geo_name":"59152984","name_source":{"label":"Statistics Canada Census Profile 2021 DA WDS","url":"https://www12.statcan.gc.ca/wds-sdw/2021profile-profil2021-eng.cfm"},"population":468,"status":"ok","source":{"label":"Statistics Canada Census Profile 2021 DA WDS","url":"https://www12.statcan.gc.ca/wds-sdw/2021profile-profil2021-eng.cfm"},"community_name":"Coquitlam","community_source":{"label":"Statistics Canada 2021 census subdivision boundaries (spatial lookup)","url":"https://geo.statcan.gc.ca/geo_wa/rest/services/2021/Cartographic_boundary_files/MapServer/9"},"community_display":"Coquitlam","is_unorganized":false,"panel_title":"Coquitlam","display_label":"Coquitlam","map_label":"59152984"},"geometry":{"type":"MultiPolygon","coordinates":[[[[-122.79869020331932,49.27181249216567],[-122.7987251634588,49.26838691103609],[-122.79921266717038,49.2686897082503],[-122.79930535790282,49.268840207051646],[-122.79934370089849,49.26894120582758],[-122.79942398715069,49.26915272126289],[-122.79985687991407,49.26961151428897],[-122.8000090930096,49.269727342491166],[-122.80143325591808,49.27081101782782],[-122.80156073872635,49.2709080000728],[-122.80167990102123,49.27100178120058],[-122.80313541864092,49.27214740431354],[-122.80355597484322,49.27245356225757],[-122.80389475389484,49.272700160077314],[-122.8040245528648,49.27279465509498],[-122.80404491860139,49.27280951429707],[-122.80414693618427,49.27290439971697],[-122.80344824943867,49.27327111344961],[-122.8026752795112,49.273738310964575],[-122.8023838672649,49.273979202752685],[-122.80215448546828,49.27421570901098],[-122.80210112515435,49.27429366027731],[-122.80189021678181,49.27460150468961],[-122.80184213747897,49.27470447942499],[-122.80176592532682,49.27486765923929],[-122.8017582841886,49.27488406264893],[-122.80164654093443,49.27483160775681],[-122.80163174273807,49.2748246835888],[-122.80149703556859,49.274761525811904],[-122.80101104518344,49.274508418841044],[-122.80006098085518,49.27400602623365],[-122.79930948757307,49.2736102100073],[-122.79879788953922,49.27334082698184],[-122.79878277453938,49.27333284875804],[-122.79879065237213,49.27311320008121],[-122.79867747469291,49.273061212174056],[-122.79868239322475,49.27257702640904],[-122.79868836757663,49.27199240739448],[-122.79869020331932,49.27181249216567]]]]}},{"type":"Feature","properties":{"DGUID":"2021S051259152985","DAUID":"59152985","LANDAREA":0.2031,"PRUID":"59","fed_num":"59025","da_code":"59152985","geo_name":"59152985","name_source":{"label":"Statistics Canada Census Profile 2021 DA WDS","url":"https://www12.statcan.gc.ca/wds-sdw/2021profile-profil2021-eng.cfm"},"population":515,"status":"ok","source":{"label":"Statistics Canada Census Profile 2021 DA WDS","url":"https://www12.statcan.gc.ca/wds-sdw/2021profile-profil2021-eng.cfm"},"community_name":"Coquitlam","community_source":{"label":"Statistics Canada 2021 census subdivision boundaries (spatial lookup)","url":"https://geo.statcan.gc.ca/geo_wa/rest/services/2021/Cartographic_boundary_files/MapServer/9"},"community_display":"Coquitlam","is_unorganized":false,"panel_title":"Coquitlam","display_label":"Coquitlam","map_label":"59152985"},"geometry":{"type":"MultiPolygon","coordinates":[[[[-122.79062440384133,49.269252308451804],[-122.7906577681753,49.26804553653122],[-122.79193234285042,49.268054637913934],[-122.79292132565429,49.26806052185124],[-122.79326201141134,49.26806171216268],[-122.7940515475313,49.26806768990967],[-122.79480987333558,49.26807343267178],[-122.7962590387701,49.26808130968503],[-122.7972405666065,49.26808859451784],[-122.79735088534154,49.268089410224654],[-122.79760331273629,49.26811003461749],[-122.79794129256632,49.268137626933715],[-122.79814788812168,49.26820331112605],[-122.79860321019649,49.2683481456678],[-122.7987251634588,49.26838691103609],[-122.79869020331932,49.27181249216567],[-122.79868836757663,49.27199240739448],[-122.79868239322475,49.27257702640904],[-122.79867747469291,49.273061212174056],[-122.79857105950593,49.27310849581178],[-122.79857134684576,49.27321675616041],[-122.79857136720985,49.273221403495384],[-122.7983406083127,49.27309992562107],[-122.79822139551804,49.27303661466248],[-122.79663792986975,49.272195411797796],[-122.79539804527658,49.271552436023285],[-122.7939464835064,49.27078172997878],[-122.79363256593936,49.27062213970514],[-122.79323317057687,49.270427217535705],[-122.79298988847411,49.27030922681216],[-122.79253639934879,49.27009932931892],[-122.79188729831029,49.26982141911583],[-122.79063861227537,49.26929274201783],[-122.79062348430588,49.26928633890773],[-122.79062382537192,49.26927327700357],[-122.79062440384133,49.269252308451804]]]]}},{"type":"Feature","properties":{"DGUID":"2021S051259152986","DAUID":"59152986","LANDAREA":0.1741,"PRUID":"59","fed_num":"59025","da_code":"59152986","geo_name":"59152986","name_source":{"label":"Statistics Canada Census Profile 2021 DA WDS","url":"https://www12.statcan.gc.ca/wds-sdw/2021profile-profil2021-eng.cfm"},"population":445,"status":"ok","source":{"label":"Statistics Canada Census Profile 2021 DA WDS","url":"https://www12.statcan.gc.ca/wds-sdw/2021profile-profil2021-eng.cfm"},"community_name":"Coquitlam","community_source":{"label":"Statistics Canada 2021 census subdivision boundaries (spatial lookup)","url":"https://geo.statcan.gc.ca/geo_wa/rest/services/2021/Cartographic_boundary_files/MapServer/9"},"community_display":"Coquitlam","is_unorganized":false,"panel_title":"Coquitlam","display_label":"Coquitlam","map_label":"59152986"},"geometry":{"type":"MultiPolygon","coordinates":[[[[-122.79591731758224,49.26321457624132],[-122.79603137162206,49.26308081461091],[-122.79753588063981,49.26309099090228],[-122.7976733463368,49.26309192133839],[-122.79775580124259,49.263092482170876],[-122.79778328009034,49.263092661521135],[-122.79779762620217,49.26309275945534],[-122.79807361169658,49.2630946037643],[-122.79826630642513,49.263089514843024],[-122.79858617097331,49.26303321189248],[-122.7989089849613,49.26293472635918],[-122.79918958093538,49.26310970920257],[-122.79919132415432,49.263204139667074],[-122.79919503512262,49.2634025223787],[-122.7992165164036,49.264551903169306],[-122.79917570355725,49.265273733622735],[-122.79915422571013,49.26565370987988],[-122.79912493735858,49.26727271353803],[-122.79911177540387,49.2678029126305],[-122.79911735840695,49.26782198367443],[-122.79919525961364,49.268086508947135],[-122.79931084975097,49.26820339851673],[-122.79953936314867,49.268376925298234],[-122.79954578061252,49.26850322292529],[-122.79941615595318,49.26862911209418],[-122.79921266717038,49.2686897082503],[-122.7987251634588,49.26838691103609],[-122.79860321019649,49.2683481456678],[-122.79814788812168,49.26820331112605],[-122.79794129256632,49.268137626933715],[-122.79760331273629,49.26811003461749],[-122.79735088534154,49.268089410224654],[-122.7972405666065,49.26808859451784],[-122.7962590387701,49.26808130968503],[-122.79480987333558,49.26807343267178],[-122.79482235361286,49.26753412203774],[-122.79483824026039,49.2668670126697],[-122.79483643936099,49.266137229587535],[-122.79484013027407,49.2660049395334],[-122.79485114589305,49.265788552480466],[-122.79487092252761,49.26540042360944],[-122.79488801184407,49.26479462773137],[-122.79489610587869,49.2639417297382],[-122.7956934651142,49.26347713572392],[-122.79591731758224,49.26321457624132]]]]}},{"type":"Feature","properties":{"DGUID":"2021S051259152987","DAUID":"59152987","LANDAREA":0.3976,"PRUID":"59","fed_num":"59025","da_code":"59152987","geo_name":"59152987","name_source":{"label":"Statistics Canada Census Profile 2021 DA WDS","url":"https://www12.statcan.gc.ca/wds-sdw/2021profile-profil2021-eng.cfm"},"population":1752,"status":"ok","source":{"label":"Statistics Canada Census Profile 2021 DA WDS","url":"https://www12.statcan.gc.ca/wds-sdw/2021profile-profil2021-eng.cfm"},"community_name":"Coquitlam","community_source":{"label":"Statistics Canada 2021 census subdivision boundaries (spatial lookup)","url":"https://geo.statcan.gc.ca/geo_wa/rest/services/2021/Cartographic_boundary_files/MapServer/9"},"community_display":"Coquitlam","is_unorganized":false,"panel_title":"Coquitlam","display_label":"Coquitlam","map_label":"59152987"},"geometry":{"type":"MultiPolygon","coordinates":[[[[-122.7908574450719,49.26499823026575],[-122.79066543041111,49.264593200154415],[-122.79000053481464,49.2632646385507],[-122.79133377210051,49.260987882906136],[-122.79137293030917,49.26089146928124],[-122.79171656861745,49.260843891670596],[-122.79219785239586,49.260781304386896],[-122.79246084681276,49.26076417987968],[-122.79269302662097,49.260728598096016],[-122.79320154555849,49.26069439677398],[-122.79372561720902,49.260667290606314],[-122.793986722563,49.26066879105229],[-122.79456278411145,49.26066869262967],[-122.7948251964056,49.26066019794846],[-122.7950581931418,49.26063459495279],[-122.79535881715296,49.26057073070207],[-122.79544059312832,49.260585866908805],[-122.79550087646702,49.26059700734641],[-122.7956565219409,49.26058463794422],[-122.79605572755187,49.26038811472117],[-122.79605747721651,49.26038686944288],[-122.79629552359778,49.26038435676018],[-122.79741437167542,49.260298921043294],[-122.79772827253846,49.260293313491445],[-122.79772927543036,49.26029334463861],[-122.79794971778382,49.260306779641034],[-122.80115332512744,49.260502218155516],[-122.80212423761323,49.260490811742315],[-122.80156217353051,49.2609620125441],[-122.80145631462892,49.2610228176844],[-122.80121901149761,49.261356323826206],[-122.8011886047689,49.26159691269784],[-122.80116300433022,49.26206820388458],[-122.80059734245688,49.262700102787804],[-122.80049394133387,49.26300422990011],[-122.80053574227607,49.263095534618785],[-122.80053198411133,49.2631625185978],[-122.8005269030342,49.26325267907224],[-122.80050574818901,49.263628909547585],[-122.80003503604007,49.264255026718445],[-122.7998219802586,49.26453841945561],[-122.7992165164036,49.264551903169306],[-122.79919503512262,49.2634025223787],[-122.79919132415432,49.263204139667074],[-122.79918958093538,49.26310970920257],[-122.7989089849613,49.26293472635918],[-122.79858617097331,49.26303321189248],[-122.79826630642513,49.263089514843024],[-122.79807361169658,49.2630946037643],[-122.79779762620217,49.26309275945534],[-122.79778328009034,49.263092661521135],[-122.79775580124259,49.263092482170876],[-122.7976733463368,49.26309192133839],[-122.79753588063981,49.26309099090228],[-122.79603137162206,49.26308081461091],[-122.79591731758224,49.26321457624132],[-122.7956934651142,49.26347713572392],[-122.79489610587869,49.2639417297382],[-122.79488801184407,49.26479462773137],[-122.79487092252761,49.26540042360944],[-122.79485114589305,49.265788552480466],[-122.79484013027407,49.2660049395334],[-122.79483643936099,49.266137229587535],[-122.79483824026039,49.2668670126697],[-122.79482235361286,49.26753412203774],[-122.79480987333558,49.26807343267178],[-122.7940515475313,49.26806768990967],[-122.79326201141134,49.26806171216268],[-122.79292132565429,49.26806052185124],[-122.79193234285042,49.268054637913934],[-122.7906577681753,49.26804553653122],[-122.79065816001493,49.26803650026738],[-122.79070863194036,49.2668957199259],[-122.79071689358499,49.26670897272474],[-122.79075907534202,49.26575419693451],[-122.79076740366003,49.26556582749337],[-122.79077493892241,49.26531923820001],[-122.79086991564363,49.265177020543646],[-122.7908574450719,49.26499823026575]]]]}},{"type":"Feature","properties":{"DGUID":"2021S051259153049","DAUID":"59153049","LANDAREA":0.4676,"PRUID":"59","fed_num":"59025","da_code":"59153049","geo_name":"59153049","name_source":{"label":"Statistics Canada Census Profile 2021 DA WDS","url":"https://www12.statcan.gc.ca/wds-sdw/2021profile-profil2021-eng.cfm"},"population":805,"status":"ok","source":{"label":"Statistics Canada Census Profile 2021 DA WDS","url":"https://www12.statcan.gc.ca/wds-sdw/2021profile-profil2021-eng.cfm"},"community_name":"Port Moody","community_source":{"label":"Statistics Canada 2021 census subdivision boundaries (spatial lookup)","url":"https://geo.statcan.gc.ca/geo_wa/rest/services/2021/Cartographic_boundary_files/MapServer/9"},"community_display":"Port Moody","is_unorganized":false,"panel_title":"Port Moody","display_label":"Port Moody","map_label":"59153049"},"geometry":{"type":"MultiPolygon","coordinates":[[[[-122.86205383665248,49.3007320338555],[-122.86185830386866,49.300399007557424],[-122.86166971034373,49.30007728737187],[-122.86157560952245,49.30001564717623],[-122.86151571001876,49.29997638521651],[-122.86123392701388,49.29991420748352],[-122.86054771760911,49.299954604933056],[-122.86054582921975,49.29994568289622],[-122.8604488265663,49.299486010414974],[-122.86045240432956,49.29929059324953],[-122.86055649446911,49.29911529868404],[-122.86070300176651,49.29902229073294],[-122.8609676274281,49.29893180526508],[-122.86127398716614,49.29891540116718],[-122.86151587744082,49.2989585097999],[-122.86350553387769,49.2998257340502],[-122.86362615506472,49.29987829798477],[-122.86388845047938,49.29996431089074],[-122.86407674067786,49.29957970060721],[-122.86399851783699,49.29953974615867],[-122.8639499778589,49.2995149446466],[-122.86316223865893,49.299112594288204],[-122.86260255629485,49.2987892020863],[-122.85959704168013,49.29661078910743],[-122.85811099500445,49.2955336030436],[-122.85794518600525,49.2954450060762],[-122.857437491866,49.29528700347686],[-122.85684690886245,49.295258111174704],[-122.85559115602526,49.29494051552965],[-122.85533654618825,49.29482232220314],[-122.85532505354418,49.29474990147582],[-122.8558220194075,49.294273419137475],[-122.85575273173183,49.294237819928924],[-122.85533310062024,49.2940222015047],[-122.85430495411634,49.29337071452603],[-122.85296925448986,49.292591296352626],[-122.85270543221543,49.29248630897724],[-122.85227815833451,49.292382016413086],[-122.85225378007597,49.29270101315002],[-122.85232706355757,49.292937420684694],[-122.85241615983743,49.29308231516987],[-122.8522455799381,49.29316470290185],[-122.85200927837589,49.293202920077],[-122.85153909159287,49.29320272602046],[-122.85116921543714,49.293285620209275],[-122.85102309342092,49.2930471206637],[-122.8509950890502,49.29285172256467],[-122.85123269615708,49.292187507812685],[-122.85049004922364,49.29203519846977],[-122.85082896651068,49.29141388627539],[-122.84943208840332,49.29102872291179],[-122.84764162235244,49.29036843845571],[-122.84724662336869,49.290253333448106],[-122.84685284004661,49.29024182202331],[-122.84673556317526,49.29028122840711],[-122.84668412021847,49.290298526081564],[-122.84642375715372,49.29038601718314],[-122.84623755276358,49.290698628919245],[-122.84602677513318,49.29080593059969],[-122.84582768400584,49.29080193773996],[-122.84579854616716,49.29104878625366],[-122.84566359175957,49.29104256859778],[-122.84519739631621,49.29102097591188],[-122.84500637946147,49.29101211773483],[-122.84439511195897,49.290943833148994],[-122.8441019074261,49.29087063553358],[-122.8438476052354,49.290807127745325],[-122.84356667723353,49.290689573287366],[-122.84342393651956,49.29062982389646],[-122.84328234366521,49.290529340696416],[-122.84245744461657,49.28974133830725],[-122.84282083598991,49.28973484335564],[-122.84296752166847,49.28970033071747],[-122.8430313920817,49.289630129575514],[-122.84303052851105,49.28960153002044],[-122.84302379001134,49.2893863529096],[-122.84302062013371,49.289284835964494],[-122.84297741228356,49.289151118878436],[-122.84281462160733,49.28901933257599],[-122.84219311792732,49.28867774334965],[-122.84150674484496,49.288340638520445],[-122.8407031518364,49.28802792503532],[-122.83925706341421,49.28762344793703],[-122.83808307615438,49.287341347754],[-122.83709140204594,49.2869249478845],[-122.83587395745587,49.286302045342616],[-122.83571662911775,49.28622153468536],[-122.83545569127006,49.28608841180893],[-122.83535391680687,49.286036473605726],[-122.83529154826633,49.2860046447788],[-122.83472984376196,49.28587644873685],[-122.83543685290317,49.285726644110404],[-122.83543934237335,49.28571801222611],[-122.83553801489819,49.28537645530906],[-122.83558260150173,49.285294462016736],[-122.83568464422632,49.28539059686007],[-122.83586244044434,49.285453803515296],[-122.83587612400765,49.285456805222815],[-122.83606902669435,49.285499211324556],[-122.83609643884019,49.28550450070372],[-122.8365370105441,49.285589812954505],[-122.83672804106705,49.285662112562434],[-122.83677032887663,49.28567819692148],[-122.83708471901801,49.28579760569158],[-122.83725102100126,49.285878702222234],[-122.83737530573394,49.285909805789814],[-122.83764810206137,49.285978201278894],[-122.83782759612247,49.28604151676485],[-122.83800530384573,49.28613169975046],[-122.83815729414107,49.2862217104518],[-122.83827940810065,49.28632070110707],[-122.83860968402865,49.28649231364546],[-122.83896638956072,49.28662770802752],[-122.83916000321827,49.28663700971128],[-122.83917288677912,49.286574112265136],[-122.8392008810794,49.286465908780144],[-122.83920108654885,49.286286109036986],[-122.83918926584523,49.28610640068538],[-122.83918837303467,49.285917494648004],[-122.83918924610215,49.28572829721436],[-122.8392320451392,49.28537770515366],[-122.83920485009102,49.285044896824665],[-122.83927383475275,49.28499091204732],[-122.83939803135358,49.28500920950342],[-122.8395776465215,49.285072508161015],[-122.83998942560234,49.28518081594496],[-122.84040193344606,49.28528040185987],[-122.84077243647529,49.28541569350883],[-122.84118471658721,49.28556939806168],[-122.84155409116359,49.28569559241087],[-122.84195272594896,49.2858220979289],[-122.84236568110205,49.28593980060133],[-122.84279067493098,49.286057202611225],[-122.84321748614965,49.28617470162627],[-122.8433125951993,49.28629180473859],[-122.84333128305296,49.286361491223495],[-122.8433536729212,49.28644470829898],[-122.84346309777712,49.28657998874682],[-122.84342568748987,49.28671820408539],[-122.84342180881417,49.28673270190784],[-122.84333930721033,49.28685868663728],[-122.8432152745796,49.28693919480726],[-122.84291211444939,49.28697489079217],[-122.84271989489275,49.286920499373466],[-122.842486998789,49.28688438887495],[-122.84246961516473,49.28688368802841],[-122.84223841616732,49.28687489794802],[-122.8421701134916,49.28691988953724],[-122.84208681514673,49.28698279299766],[-122.84190812017317,49.2872342905533],[-122.84190673705558,49.28727929553053],[-122.84196164126284,49.28730628728189],[-122.84204454416295,49.28735148924204],[-122.84210543375546,49.28736878298338],[-122.84245752909091,49.287469099925325],[-122.84293803730908,49.28760449907441],[-122.84299249496586,49.28771249122291],[-122.84304630523584,49.28785650346733],[-122.84306200750828,49.28788249457191],[-122.84312812688573,49.28799148204523],[-122.84332060097539,49.288243798775994],[-122.84352552972419,49.28854089759057],[-122.84366321709092,49.28861298773411],[-122.84385483223703,49.28867629178975],[-122.84388442510033,49.28867509149558],[-122.84428221777942,49.28865899909578],[-122.84457111848025,49.28873129476714],[-122.84495427550188,49.2888576930934],[-122.84513751226856,49.28893449162533],[-122.84529850247607,49.289002000712095],[-122.84580658274852,49.28923668952372],[-122.84593019205721,49.28926368587367],[-122.84605457748079,49.289254878366464],[-122.84608088397681,49.28924588137048],[-122.84615647332062,49.28922560268706],[-122.84624718123382,49.2892011922466],[-122.84641185633443,49.289129387576615],[-122.84649496213778,49.28912059046939],[-122.8466460515136,49.28914778625167],[-122.84697464701404,49.28931898458894],[-122.84705677414323,49.2894001935772],[-122.8470797792892,49.289442892543995],[-122.84722156602294,49.289706196412105],[-122.84739926721683,49.28994928796121],[-122.84742035492059,49.28995318708955],[-122.84783873700084,49.29003079473148],[-122.84829205717755,49.29011247833935],[-122.84858264388305,49.290200889868444],[-122.8486776392886,49.290229794407345],[-122.84888104280154,49.29027169316083],[-122.8488979443661,49.29027509245399],[-122.84910401910741,49.29030809093911],[-122.8493518264167,49.29034778876024],[-122.84942700441523,49.29036798830682],[-122.84972140846342,49.290446984439996],[-122.85007909327747,49.290645384954914],[-122.85050531122448,49.29077187252225],[-122.85052701839271,49.290779776733515],[-122.85087588815757,49.29090739312641],[-122.85107026723026,49.290984838561045],[-122.85124648229574,49.29105507296613],[-122.85126067064597,49.29106078004459],[-122.85143258353719,49.29110427353743],[-122.85161719208797,49.291151080653606],[-122.85185189042687,49.29118748778735],[-122.85211316648703,49.29116078334182],[-122.85233197449973,49.29115196573916],[-122.85265697914089,49.2914334892742],[-122.85271667500825,49.291485275769176],[-122.85277475537265,49.2915351772492],[-122.85282156039364,49.29157527725632],[-122.85299147559685,49.29172106729407],[-122.85307398076539,49.29179178524109],[-122.85329176668914,49.29187668996889],[-122.853443941178,49.29193607317989],[-122.85393845462806,49.292017787960816],[-122.85416634090221,49.29208708405544],[-122.85432407041213,49.292135082457946],[-122.85448792939846,49.29225217781358],[-122.85479086724472,49.292545977781934],[-122.85483145862801,49.29258537886229],[-122.85502686348477,49.292778278065946],[-122.85513264495454,49.29288266821332],[-122.85550675424433,49.29302397443214],[-122.8555867508514,49.29305417377675],[-122.8558447481851,49.29312217396993],[-122.85599864289154,49.29316268166423],[-122.85612333302146,49.293225970772966],[-122.85617640427601,49.293252868550866],[-122.85626633065459,49.293324275275424],[-122.85641570691114,49.293442868384695],[-122.85642432473448,49.29344966161479],[-122.85643732925898,49.293460057352135],[-122.8565895341905,49.29364048136211],[-122.85661692470006,49.29367616218735],[-122.8566574354899,49.29371227347974],[-122.85675080941427,49.293773870367566],[-122.85679393115365,49.293802382465266],[-122.85680731638398,49.293805282438804],[-122.85687691670869,49.29382028178076],[-122.85701433148203,49.293847581141],[-122.85710110879772,49.29385258202477],[-122.85718021995176,49.2938571833527],[-122.85733100093958,49.29386587933431],[-122.85735622012295,49.29387597148338],[-122.85757859281804,49.293965076724085],[-122.85768162078652,49.29397096536944],[-122.85774299350345,49.29397437880006],[-122.85796298523796,49.293974573449326],[-122.85805168534966,49.293977277298694],[-122.85825248460293,49.293983278492185],[-122.8582784942367,49.293984073533196],[-122.858363877096,49.293995261599164],[-122.8585040013308,49.29401376162909],[-122.85876056763846,49.29404767523111],[-122.85895227369352,49.29411067400881],[-122.85915246777043,49.29419826597709],[-122.85924097424503,49.294236982984046],[-122.85929588883359,49.294264172882585],[-122.85983178062234,49.294471477876804],[-122.86034018011118,49.294679170611325],[-122.86083063105127,49.29488266292506],[-122.86086174103211,49.294895573959884],[-122.86128645801192,49.295076149739614],[-122.86137125015581,49.29511225322744],[-122.86148053341553,49.295184460903705],[-122.86152095615076,49.2952111720382],[-122.86161922648904,49.295282364917036],[-122.86182394714481,49.29543056059183],[-122.86191904017753,49.29549947834063],[-122.86199685668255,49.29558436803984],[-122.86208414131946,49.29567956947001],[-122.862125533475,49.29572477738241],[-122.86234285527489,49.29592356152712],[-122.86237156271189,49.295949763409624],[-122.8624905347066,49.29604507243748],[-122.86274325027024,49.2962471623699],[-122.8627683515386,49.29626655134551],[-122.86288223401401,49.296354368345035],[-122.86314014005971,49.29655346632584],[-122.86315504022247,49.29656367089402],[-122.86335044066878,49.296697546386895],[-122.86342923732175,49.29675156295967],[-122.86348184221761,49.29679786242389],[-122.86355255487528,49.29685986226862],[-122.86364603252697,49.29691315656901],[-122.86386864054928,49.29703995969013],[-122.86393753651055,49.29708966526355],[-122.8642182092346,49.2972924582035],[-122.86429303171394,49.297346455277555],[-122.86458083578263,49.29751245784051],[-122.86473185418312,49.29759957100203],[-122.86472693208513,49.29768263543382],[-122.86471626708808,49.29785329870287],[-122.8647436819653,49.298306622666736],[-122.86484469916172,49.29843089108478],[-122.86487008008442,49.29849576768877],[-122.86492320156998,49.29863139811835],[-122.86491768061012,49.298688239845916],[-122.86486870397093,49.29919278655257],[-122.86485965134382,49.29983579304767],[-122.86475797634695,49.29998554790439],[-122.86469472959591,49.300078698497366],[-122.86485245358736,49.30034900206531],[-122.86484384508537,49.301228891131416],[-122.86485336594241,49.30159670137931],[-122.86478174205892,49.30170730972034],[-122.86472419844883,49.301796241985095],[-122.86466906873545,49.301881397527644],[-122.86439348647694,49.302012102927804],[-122.86397138936306,49.30203139135837],[-122.86341231258392,49.301819697403076],[-122.86299831605507,49.301677882433886],[-122.86271289579541,49.30152731032982],[-122.86253642720919,49.30139160762378],[-122.86232136786344,49.30117691840921],[-122.86230592515811,49.301161486916726],[-122.86205383665248,49.3007320338555]]]]}},{"type":"Feature","properties":{"DGUID":"2021S051259153051","DAUID":"59153051","LANDAREA":0.0882,"PRUID":"59","fed_num":"59025","da_code":"59153051","geo_name":"59153051","name_source":{"label":"Statistics Canada Census Profile 2021 DA WDS","url":"https://www12.statcan.gc.ca/wds-sdw/2021profile-profil2021-eng.cfm"},"population":433,"status":"ok","source":{"label":"Statistics Canada Census Profile 2021 DA WDS","url":"https://www12.statcan.gc.ca/wds-sdw/2021profile-profil2021-eng.cfm"},"community_name":"Coquitlam","community_source":{"label":"Statistics Canada 2021 census subdivision boundaries (spatial lookup)","url":"https://geo.statcan.gc.ca/geo_wa/rest/services/2021/Cartographic_boundary_files/MapServer/9"},"community_display":"Coquitlam","is_unorganized":false,"panel_title":"Coquitlam","display_label":"Coquitlam","map_label":"59153051"},"geometry":{"type":"MultiPolygon","coordinates":[[[[-122.82094121558468,49.24714719677446],[-122.82095707800654,49.24645584262744],[-122.8209606161361,49.246302695371455],[-122.82197780978426,49.246304238326125],[-122.8231510325976,49.24630600443628],[-122.82316613567535,49.24564053322353],[-122.82317150296359,49.245403892778796],[-122.82443550023281,49.245398682628625],[-122.82443584017314,49.245552323276094],[-122.82443861281759,49.24671867850381],[-122.82443791659902,49.246757730434325],[-122.82442452941733,49.24750567917326],[-122.82445484741679,49.24826778590826],[-122.82442870518784,49.249071595214374],[-122.8241526904501,49.249072864524024],[-122.82225653720549,49.249081726255916],[-122.8208906794562,49.24908808449123],[-122.82089734064155,49.248874853811685],[-122.82090338618059,49.24868208514558],[-122.82092315031531,49.24791280385382],[-122.82092567309405,49.24781519654081],[-122.82094121558468,49.24714719677446]]]]}},{"type":"Feature","properties":{"DGUID":"2021S051259153052","DAUID":"59153052","LANDAREA":0.1227,"PRUID":"59","fed_num":"59025","da_code":"59153052","geo_name":"59153052","name_source":{"label":"Statistics Canada Census Profile 2021 DA WDS","url":"https://www12.statcan.gc.ca/wds-sdw/2021profile-profil2021-eng.cfm"},"population":383,"status":"ok","source":{"label":"Statistics Canada Census Profile 2021 DA WDS","url":"https://www12.statcan.gc.ca/wds-sdw/2021profile-profil2021-eng.cfm"},"community_name":"Coquitlam","community_source":{"label":"Statistics Canada 2021 census subdivision boundaries (spatial lookup)","url":"https://geo.statcan.gc.ca/geo_wa/rest/services/2021/Cartographic_boundary_files/MapServer/9"},"community_display":"Coquitlam","is_unorganized":false,"panel_title":"Coquitlam","display_label":"Coquitlam","map_label":"59153052"},"geometry":{"type":"MultiPolygon","coordinates":[[[[-122.81668017918159,49.24374873442408],[-122.81676078804182,49.24149129414258],[-122.81889979591999,49.24083909412596],[-122.81952648255836,49.24061158016232],[-122.82050114584422,49.24017547452457],[-122.8207384274097,49.24036079831559],[-122.82099292885918,49.24045477157309],[-122.82121695162076,49.24047682801504],[-122.8222615103473,49.240579592061195],[-122.82318718942041,49.24075998876977],[-122.82335237253889,49.24085409628253],[-122.8234171879695,49.24095056982787],[-122.82339476322166,49.24107697927129],[-122.82326619801636,49.24121098377216],[-122.82230452167701,49.24165658538362],[-122.82053889646699,49.242431598891564],[-122.82070942557397,49.242589782495905],[-122.82091540414237,49.24269038894904],[-122.82118519939517,49.24272178662187],[-122.82258295651734,49.24270627829714],[-122.82163981275191,49.243543396320035],[-122.82027032906231,49.24355086142412],[-122.81922629769976,49.2435565843095],[-122.81751530763515,49.24356588301042],[-122.81738313460541,49.24359482118483],[-122.81686816279425,49.243707593721254],[-122.81668017918159,49.24374873442408]]]]}},{"type":"Feature","properties":{"DGUID":"2021S051259153053","DAUID":"59153053","LANDAREA":0.1316,"PRUID":"59","fed_num":"59025","da_code":"59153053","geo_name":"59153053","name_source":{"label":"Statistics Canada Census Profile 2021 DA WDS","url":"https://www12.statcan.gc.ca/wds-sdw/2021profile-profil2021-eng.cfm"},"population":122,"status":"ok","source":{"label":"Statistics Canada Census Profile 2021 DA WDS","url":"https://www12.statcan.gc.ca/wds-sdw/2021profile-profil2021-eng.cfm"},"community_name":"Coquitlam","community_source":{"label":"Statistics Canada 2021 census subdivision boundaries (spatial lookup)","url":"https://geo.statcan.gc.ca/geo_wa/rest/services/2021/Cartographic_boundary_files/MapServer/9"},"community_display":"Coquitlam","is_unorganized":false,"panel_title":"Coquitlam","display_label":"Coquitlam","map_label":"59153053"},"geometry":{"type":"MultiPolygon","coordinates":[[[[-122.82031262718097,49.23707942644939],[-122.8205736327564,49.23695132330915],[-122.82060347587816,49.236977260733426],[-122.82064576612424,49.237013984131],[-122.82070208314364,49.23706295353041],[-122.82074214495762,49.23709774352483],[-122.821752104958,49.23795439937381],[-122.82181287015361,49.23800590087357],[-122.82182089903164,49.23801341759306],[-122.82196104983686,49.23814435582117],[-122.82207871466406,49.23825428403379],[-122.82232124869687,49.23836237470744],[-122.82260633145536,49.238612180541054],[-122.82311354654462,49.239065878437145],[-122.82226057248661,49.239390276655115],[-122.8207915328741,49.240047088048755],[-122.82050114584422,49.24017547452457],[-122.81952648255836,49.24061158016232],[-122.81889979591999,49.24083909412596],[-122.81676078804182,49.24149129414258],[-122.81649000738763,49.24063238813147],[-122.81622914590801,49.239804553675235],[-122.81631781364001,49.239219021051724],[-122.81678457189528,49.238799969637085],[-122.818734690835,49.23784219451236],[-122.81900751435944,49.23770820071646],[-122.81901851400632,49.23770278995301],[-122.81914361965899,49.23764274951544],[-122.81920961084731,49.237611101618995],[-122.81969933794804,49.237376125717574],[-122.8200904904229,49.23718844724726],[-122.82031262718097,49.23707942644939]]]]}},{"type":"Feature","properties":{"DGUID":"2021S051259153054","DAUID":"59153054","LANDAREA":0.2756,"PRUID":"59","fed_num":"59025","da_code":"59153054","geo_name":"59153054","name_source":{"label":"Statistics Canada Census Profile 2021 DA WDS","url":"https://www12.statcan.gc.ca/wds-sdw/2021profile-profil2021-eng.cfm"},"population":611,"status":"ok","source":{"label":"Statistics Canada Census Profile 2021 DA WDS","url":"https://www12.statcan.gc.ca/wds-sdw/2021profile-profil2021-eng.cfm"},"community_name":"Coquitlam","community_source":{"label":"Statistics Canada 2021 census subdivision boundaries (spatial lookup)","url":"https://geo.statcan.gc.ca/geo_wa/rest/services/2021/Cartographic_boundary_files/MapServer/9"},"community_display":"Coquitlam","is_unorganized":false,"panel_title":"Coquitlam","display_label":"Coquitlam","map_label":"59153054"},"geometry":{"type":"MultiPolygon","coordinates":[[[[-122.82684236304063,49.233534044625564],[-122.8288106390404,49.23255923990034],[-122.82954681561979,49.23219462203218],[-122.82957091591534,49.23218277718171],[-122.82965622420672,49.23214107559716],[-122.8300010112982,49.23197547992264],[-122.83281547670927,49.23062377759203],[-122.83322347855871,49.230427810263166],[-122.83376039505819,49.23020573773176],[-122.8342162021916,49.23015399291935],[-122.83422126627295,49.23015168442995],[-122.83460657918839,49.23001795100025],[-122.8349252470441,49.22993542671093],[-122.83559300849939,49.22984780612255],[-122.83649378026583,49.229846304587106],[-122.83675833573481,49.22988000222195],[-122.83696511057977,49.23078813201143],[-122.83578886119167,49.230701352542084],[-122.83526263822581,49.23066605630645],[-122.83433575741903,49.230727157832945],[-122.83414557079071,49.23073775707355],[-122.83387051721525,49.23080626142769],[-122.833570599053,49.2309353467986],[-122.83351972220765,49.23095726172616],[-122.83146200619856,49.23255996547915],[-122.83114642340539,49.23283897534756],[-122.82988506687421,49.23409444899574],[-122.82984108716948,49.23413820446481],[-122.82972922247893,49.23424956604971],[-122.82953427664287,49.23443892072434],[-122.82871008524579,49.2352394769902],[-122.82837737619501,49.23541224827755],[-122.82792342125849,49.235647956458635],[-122.8276707239174,49.23577917416118],[-122.82735527997714,49.236009320438214],[-122.82723145509038,49.23609968441247],[-122.8272223928875,49.23611216389912],[-122.82631443305715,49.237365853883276],[-122.82628981164868,49.237399871644094],[-122.82615922556397,49.23757208649216],[-122.8258113378593,49.23803087573591],[-122.82548174498892,49.23819236456774],[-122.82490608067933,49.23857410974546],[-122.82462438044142,49.23876089135387],[-122.82445196010563,49.23882956779133],[-122.82439290416778,49.23885308575166],[-122.82416265388086,49.2388913822648],[-122.823852468544,49.238942974638505],[-122.82333948474975,49.239028293657924],[-122.82311354654462,49.239065878437145],[-122.82260633145536,49.238612180541054],[-122.82232124869687,49.23836237470744],[-122.82207871466406,49.23825428403379],[-122.82196104983686,49.23814435582117],[-122.82182089903164,49.23801341759306],[-122.82181287015361,49.23800590087357],[-122.821752104958,49.23795439937381],[-122.82074214495762,49.23709774352483],[-122.82070208314364,49.23706295353041],[-122.82064576612424,49.237013984131],[-122.82060347587816,49.236977260733426],[-122.8205736327564,49.23695132330915],[-122.82065469572973,49.23691424820243],[-122.82075508806972,49.23686838131879],[-122.82068656601541,49.2368060112775],[-122.82060616324578,49.23673696464277],[-122.82354999704827,49.235243006055875],[-122.82373027770608,49.23515153013658],[-122.82491652998468,49.23454946430378],[-122.8252711385471,49.23436492946442],[-122.82598288383305,49.233994598626026],[-122.82618652982123,49.23388861691551],[-122.82684236304063,49.233534044625564]]]]}},{"type":"Feature","properties":{"DGUID":"2021S051259153055","DAUID":"59153055","LANDAREA":0.2314,"PRUID":"59","fed_num":"59025","da_code":"59153055","geo_name":"59153055","name_source":{"label":"Statistics Canada Census Profile 2021 DA WDS","url":"https://www12.statcan.gc.ca/wds-sdw/2021profile-profil2021-eng.cfm"},"population":963,"status":"ok","source":{"label":"Statistics Canada Census Profile 2021 DA WDS","url":"https://www12.statcan.gc.ca/wds-sdw/2021profile-profil2021-eng.cfm"},"community_name":"Coquitlam","community_source":{"label":"Statistics Canada 2021 census subdivision boundaries (spatial lookup)","url":"https://geo.statcan.gc.ca/geo_wa/rest/services/2021/Cartographic_boundary_files/MapServer/9"},"community_display":"Coquitlam","is_unorganized":false,"panel_title":"Coquitlam","display_label":"Coquitlam","map_label":"59153055"},"geometry":{"type":"MultiPolygon","coordinates":[[[[-122.8323724771395,49.23590741193027],[-122.83232797448751,49.23590715613066],[-122.83030735442118,49.236608348452485],[-122.82983147106751,49.23677346213134],[-122.82976401852177,49.236796811511816],[-122.82790756170002,49.237438469976226],[-122.82626643829354,49.23799972275482],[-122.82623852879081,49.23800927803005],[-122.8258113378593,49.23803087573591],[-122.82615922556397,49.23757208649216],[-122.82628981164868,49.237399871644094],[-122.82631443305715,49.237365853883276],[-122.8272223928875,49.23611216389912],[-122.82723145509038,49.23609968441247],[-122.82735527997714,49.236009320438214],[-122.8276707239174,49.23577917416118],[-122.82792342125849,49.235647956458635],[-122.82837737619501,49.23541224827755],[-122.82871008524579,49.2352394769902],[-122.82953427664287,49.23443892072434],[-122.82972922247893,49.23424956604971],[-122.82984108716948,49.23413820446481],[-122.82988506687421,49.23409444899574],[-122.83114642340539,49.23283897534756],[-122.83146200619856,49.23255996547915],[-122.83351972220765,49.23095726172616],[-122.833570599053,49.2309353467986],[-122.83387051721525,49.23080626142769],[-122.83414557079071,49.23073775707355],[-122.83433575741903,49.230727157832945],[-122.83526263822581,49.23066605630645],[-122.83578886119167,49.230701352542084],[-122.83696511057977,49.23078813201143],[-122.83689151747996,49.23120305440027],[-122.83643306278248,49.23172563718245],[-122.83536440931218,49.232900671489794],[-122.83414792401287,49.233926261907015],[-122.83407736271741,49.234054852478884],[-122.83407815119928,49.234340403634405],[-122.834079528286,49.23482964578773],[-122.83409348194901,49.23541094868731],[-122.83410565989621,49.23591696042326],[-122.8333886504467,49.23591299938805],[-122.8323724771395,49.23590741193027]]]]}},{"type":"Feature","properties":{"DGUID":"2021S051259153058","DAUID":"59153058","LANDAREA":0.1703,"PRUID":"59","fed_num":"59025","da_code":"59153058","geo_name":"59153058","name_source":{"label":"Statistics Canada Census Profile 2021 DA WDS","url":"https://www12.statcan.gc.ca/wds-sdw/2021profile-profil2021-eng.cfm"},"population":487,"status":"ok","source":{"label":"Statistics Canada Census Profile 2021 DA WDS","url":"https://www12.statcan.gc.ca/wds-sdw/2021profile-profil2021-eng.cfm"},"community_name":"Coquitlam","community_source":{"label":"Statistics Canada 2021 census subdivision boundaries (spatial lookup)","url":"https://geo.statcan.gc.ca/geo_wa/rest/services/2021/Cartographic_boundary_files/MapServer/9"},"community_display":"Coquitlam","is_unorganized":false,"panel_title":"Coquitlam","display_label":"Coquitlam","map_label":"59153058"},"geometry":{"type":"MultiPolygon","coordinates":[[[[-122.8440685862787,49.24610924032878],[-122.84406988410333,49.2450191518671],[-122.84630837538252,49.24502244425819],[-122.84757898650622,49.24501902847621],[-122.84757259724788,49.245585240439496],[-122.84756640707488,49.24613494350413],[-122.85006883969504,49.246134146550474],[-122.85006589350687,49.24670380556153],[-122.85006316049602,49.24723044050976],[-122.85006489140883,49.24811604665024],[-122.85006814535245,49.24855685853653],[-122.85007134861692,49.248992829032815],[-122.84722120685332,49.24899424054424],[-122.84664322726336,49.24898905793594],[-122.8439960950219,49.248994566800775],[-122.84407729274764,49.248850051209516],[-122.84407996483392,49.248103243909355],[-122.84407825572576,49.24784646102419],[-122.84407441647711,49.24723556254744],[-122.8440685862787,49.24610924032878]]]]}},{"type":"Feature","properties":{"DGUID":"2021S051259153059","DAUID":"59153059","LANDAREA":0.278,"PRUID":"59","fed_num":"59025","da_code":"59153059","geo_name":"59153059","name_source":{"label":"Statistics Canada Census Profile 2021 DA WDS","url":"https://www12.statcan.gc.ca/wds-sdw/2021profile-profil2021-eng.cfm"},"population":826,"status":"ok","source":{"label":"Statistics Canada Census Profile 2021 DA WDS","url":"https://www12.statcan.gc.ca/wds-sdw/2021profile-profil2021-eng.cfm"},"community_name":"Coquitlam","community_source":{"label":"Statistics Canada 2021 census subdivision boundaries (spatial lookup)","url":"https://geo.statcan.gc.ca/geo_wa/rest/services/2021/Cartographic_boundary_files/MapServer/9"},"community_display":"Coquitlam","is_unorganized":false,"panel_title":"Coquitlam","display_label":"Coquitlam","map_label":"59153059"},"geometry":{"type":"MultiPolygon","coordinates":[[[[-122.84406988410333,49.2450191518671],[-122.84409014275855,49.24391344396773],[-122.84409638793701,49.24334974628126],[-122.84409707269393,49.24328680283522],[-122.84410221080446,49.242826351181606],[-122.8453395548168,49.24282653268656],[-122.84653653996176,49.242835426841374],[-122.8473649319453,49.2428412421361],[-122.84759350411079,49.24284284275542],[-122.84812920565777,49.24284234052369],[-122.85004433250484,49.24285233658999],[-122.84972884556747,49.2423809601746],[-122.84938322629603,49.24186815272103],[-122.84940026595703,49.241718202833475],[-122.84952302691723,49.241629883635035],[-122.84968738416025,49.241575238513256],[-122.85208895788028,49.241499394132774],[-122.85229271425165,49.24143148495463],[-122.85244390382047,49.241287234187844],[-122.85251412661586,49.24146674973085],[-122.85253025469851,49.24177621904516],[-122.85255793356265,49.24184833075701],[-122.85253701069931,49.242137274380475],[-122.85247803519316,49.242953262751584],[-122.8524726832102,49.24296664263936],[-122.852446742428,49.24505495350621],[-122.85245125401366,49.24563614875152],[-122.85245068314583,49.24621183291985],[-122.85244802244488,49.2467068785957],[-122.85244511246577,49.24724583675042],[-122.85246182880852,49.24801213145426],[-122.85245896366528,49.24821743948698],[-122.8524804710215,49.24899284279234],[-122.85007134861692,49.248992829032815],[-122.85006814535245,49.24855685853653],[-122.85006489140883,49.24811604665024],[-122.85006316049602,49.24723044050976],[-122.85006589350687,49.24670380556153],[-122.85006883969504,49.246134146550474],[-122.84756640707488,49.24613494350413],[-122.84757259724788,49.245585240439496],[-122.84757898650622,49.24501902847621],[-122.84630837538252,49.24502244425819],[-122.84406988410333,49.2450191518671]]]]}},{"type":"Feature","properties":{"DGUID":"2021S051259153060","DAUID":"59153060","LANDAREA":0.1503,"PRUID":"59","fed_num":"59025","da_code":"59153060","geo_name":"59153060","name_source":{"label":"Statistics Canada Census Profile 2021 DA WDS","url":"https://www12.statcan.gc.ca/wds-sdw/2021profile-profil2021-eng.cfm"},"population":606,"status":"ok","source":{"label":"Statistics Canada Census Profile 2021 DA WDS","url":"https://www12.statcan.gc.ca/wds-sdw/2021profile-profil2021-eng.cfm"},"community_name":"Coquitlam","community_source":{"label":"Statistics Canada 2021 census subdivision boundaries (spatial lookup)","url":"https://geo.statcan.gc.ca/geo_wa/rest/services/2021/Cartographic_boundary_files/MapServer/9"},"community_display":"Coquitlam","is_unorganized":false,"panel_title":"Coquitlam","display_label":"Coquitlam","map_label":"59153060"},"geometry":{"type":"MultiPolygon","coordinates":[[[[-122.84653653996176,49.242835426841374],[-122.8453395548168,49.24282653268656],[-122.84410221080446,49.242826351181606],[-122.84409894207283,49.24267489539237],[-122.84407426118892,49.24152105485593],[-122.84409292056922,49.24080084754768],[-122.84406421511598,49.2406774467215],[-122.84534771048436,49.24023979915135],[-122.84617865032429,49.2399564481848],[-122.84678581898126,49.239880030992],[-122.84702082960757,49.23985044167199],[-122.84794070667348,49.239853835566095],[-122.84943255876829,49.240088431578215],[-122.84974326425419,49.24000293043936],[-122.85009653561562,49.24011529109036],[-122.85095983656892,49.24038984442987],[-122.85173599747885,49.24062873793387],[-122.85238618127848,49.24062687585713],[-122.85246810807772,49.240626626975086],[-122.85244540789391,49.24124646755256],[-122.85244390382047,49.241287234187844],[-122.85229271425165,49.24143148495463],[-122.85208895788028,49.241499394132774],[-122.84968738416025,49.241575238513256],[-122.84952302691723,49.241629883635035],[-122.84940026595703,49.241718202833475],[-122.84938322629603,49.24186815272103],[-122.84972884556747,49.2423809601746],[-122.85004433250484,49.24285233658999],[-122.84812920565777,49.24284234052369],[-122.84759350411079,49.24284284275542],[-122.8473649319453,49.2428412421361],[-122.84653653996176,49.242835426841374]]]]}},{"type":"Feature","properties":{"DGUID":"2021S051259153061","DAUID":"59153061","LANDAREA":0.0513,"PRUID":"59","fed_num":"59025","da_code":"59153061","geo_name":"59153061","name_source":{"label":"Statistics Canada Census Profile 2021 DA WDS","url":"https://www12.statcan.gc.ca/wds-sdw/2021profile-profil2021-eng.cfm"},"population":476,"status":"ok","source":{"label":"Statistics Canada Census Profile 2021 DA WDS","url":"https://www12.statcan.gc.ca/wds-sdw/2021profile-profil2021-eng.cfm"},"community_name":"Coquitlam","community_source":{"label":"Statistics Canada 2021 census subdivision boundaries (spatial lookup)","url":"https://geo.statcan.gc.ca/geo_wa/rest/services/2021/Cartographic_boundary_files/MapServer/9"},"community_display":"Coquitlam","is_unorganized":false,"panel_title":"Coquitlam","display_label":"Coquitlam","map_label":"59153061"},"geometry":{"type":"MultiPolygon","coordinates":[[[[-122.84974326425419,49.24000293043936],[-122.84914876894806,49.23979283012348],[-122.84873745370932,49.239647435586],[-122.8472450773712,49.23881283764406],[-122.84657341437023,49.238525906094516],[-122.84635090219564,49.23843084220353],[-122.84653580890024,49.23795029562611],[-122.84670944227572,49.2374989438602],[-122.84726545921163,49.237723346778346],[-122.84817919453508,49.23814792642665],[-122.84820263253391,49.23815882788943],[-122.84920534069728,49.23872143589304],[-122.84964883742178,49.23896594803335],[-122.8516696885307,49.2395695007071],[-122.85214966309584,49.2397128369797],[-122.8524723925879,49.23975293767795],[-122.8524717141539,49.23988854429416],[-122.85246977426507,49.24028433177709],[-122.85246810807772,49.240626626975086],[-122.85238618127848,49.24062687585713],[-122.85173599747885,49.24062873793387],[-122.85095983656892,49.24038984442987],[-122.85009653561562,49.24011529109036],[-122.84974326425419,49.24000293043936]]]]}},{"type":"Feature","properties":{"DGUID":"2021S051259153062","DAUID":"59153062","LANDAREA":0.5271,"PRUID":"59","fed_num":"59025","da_code":"59153062","geo_name":"59153062","name_source":{"label":"Statistics Canada Census Profile 2021 DA WDS","url":"https://www12.statcan.gc.ca/wds-sdw/2021profile-profil2021-eng.cfm"},"population":851,"status":"ok","source":{"label":"Statistics Canada Census Profile 2021 DA WDS","url":"https://www12.statcan.gc.ca/wds-sdw/2021profile-profil2021-eng.cfm"},"community_name":"Coquitlam","community_source":{"label":"Statistics Canada 2021 census subdivision boundaries (spatial lookup)","url":"https://geo.statcan.gc.ca/geo_wa/rest/services/2021/Cartographic_boundary_files/MapServer/9"},"community_display":"Coquitlam","is_unorganized":false,"panel_title":"Coquitlam","display_label":"Coquitlam","map_label":"59153062"},"geometry":{"type":"MultiPolygon","coordinates":[[[[-122.83918955560063,49.248470265357945],[-122.83919975317204,49.246653161669855],[-122.83976865029223,49.24664802424791],[-122.83978333383692,49.2466478806802],[-122.84035140587321,49.24664276393865],[-122.84037869842712,49.24569756207122],[-122.84040467161746,49.244710949581986],[-122.8397892499868,49.24470446990534],[-122.83977552267825,49.24470431131337],[-122.83915437183721,49.244697777019866],[-122.83908277994264,49.24455776133686],[-122.83908031172277,49.244170261850265],[-122.83907693750807,49.24363596388939],[-122.83908675272525,49.24301027016194],[-122.83909381158671,49.242560753114276],[-122.83907890225515,49.24201087524535],[-122.83906945919516,49.241660364119056],[-122.83906486396619,49.24149235363164],[-122.8387697287854,49.24149402592796],[-122.8381637026971,49.24149744700673],[-122.83779378660437,49.2414968170716],[-122.83695532078463,49.24149535316737],[-122.83694721605595,49.24040732724384],[-122.83694419783696,49.24000577428494],[-122.83967551121549,49.24002734609374],[-122.83966994175331,49.23976350977895],[-122.8396549742316,49.239057349647],[-122.83962767197708,49.23764295868535],[-122.83960760020041,49.23668744551301],[-122.83960653359826,49.23660177810414],[-122.8412830643413,49.23702749607633],[-122.84139493092317,49.237058684527334],[-122.84185595655605,49.23718481722039],[-122.84206602261965,49.23723924623719],[-122.84293649961079,49.237464639756034],[-122.84299757969285,49.23748044192513],[-122.84345899267524,49.237637802943766],[-122.84360079432302,49.237686164649084],[-122.84400527025694,49.2378241036776],[-122.84401759365193,49.23782829759336],[-122.84415739078288,49.23786231074816],[-122.84596829406114,49.238302550176726],[-122.84635090219564,49.23843084220353],[-122.84657341437023,49.238525906094516],[-122.8472450773712,49.23881283764406],[-122.84873745370932,49.239647435586],[-122.84914876894806,49.23979283012348],[-122.84974326425419,49.24000293043936],[-122.84943255876829,49.240088431578215],[-122.84794070667348,49.239853835566095],[-122.84702082960757,49.23985044167199],[-122.84678581898126,49.239880030992],[-122.84617865032429,49.2399564481848],[-122.84534771048436,49.24023979915135],[-122.84406421511598,49.2406774467215],[-122.84409292056922,49.24080084754768],[-122.84407426118892,49.24152105485593],[-122.84409894207283,49.24267489539237],[-122.84410221080446,49.242826351181606],[-122.84409707269393,49.24328680283522],[-122.84409638793701,49.24334974628126],[-122.84409014275855,49.24391344396773],[-122.84406988410333,49.2450191518671],[-122.8440685862787,49.24610924032878],[-122.84407441647711,49.24723556254744],[-122.84407825572576,49.24784646102419],[-122.84407996483392,49.248103243909355],[-122.84407729274764,49.248850051209516],[-122.8439960950219,49.248994566800775],[-122.84372114753094,49.24899671512416],[-122.84201568953193,49.249010038530955],[-122.84113066509913,49.24901695798978],[-122.84095749917309,49.249017888871734],[-122.84022905253313,49.249021879474306],[-122.84000908683181,49.2490230859385],[-122.83918640543426,49.24902755220443],[-122.83918913168121,49.24854222437751],[-122.83918955560063,49.248470265357945]]]]}},{"type":"Feature","properties":{"DGUID":"2021S051259153063","DAUID":"59153063","LANDAREA":0.1825,"PRUID":"59","fed_num":"59025","da_code":"59153063","geo_name":"59153063","name_source":{"label":"Statistics Canada Census Profile 2021 DA WDS","url":"https://www12.statcan.gc.ca/wds-sdw/2021profile-profil2021-eng.cfm"},"population":534,"status":"ok","source":{"label":"Statistics Canada Census Profile 2021 DA WDS","url":"https://www12.statcan.gc.ca/wds-sdw/2021profile-profil2021-eng.cfm"},"community_name":"Coquitlam","community_source":{"label":"Statistics Canada 2021 census subdivision boundaries (spatial lookup)","url":"https://geo.statcan.gc.ca/geo_wa/rest/services/2021/Cartographic_boundary_files/MapServer/9"},"community_display":"Coquitlam","is_unorganized":false,"panel_title":"Coquitlam","display_label":"Coquitlam","map_label":"59153063"},"geometry":{"type":"MultiPolygon","coordinates":[[[[-122.8342771710564,49.24697916498243],[-122.8342628196952,49.24434617044174],[-122.8342547965146,49.24383951628206],[-122.83425167087029,49.243643069820045],[-122.83424524215727,49.24333476132647],[-122.83423882880874,49.242805147687285],[-122.83423591461533,49.242565160138376],[-122.83423163338848,49.24228665878892],[-122.8342309707623,49.24215761759256],[-122.83422751141683,49.24148106936868],[-122.83489485941583,49.24148734566622],[-122.83557939449679,49.241493769906164],[-122.83626889501429,49.241494569320686],[-122.83695532078463,49.24149535316737],[-122.83779378660437,49.2414968170716],[-122.8381637026971,49.24149744700673],[-122.8387697287854,49.24149402592796],[-122.83906486396619,49.24149235363164],[-122.83906945919516,49.241660364119056],[-122.83907890225515,49.24201087524535],[-122.83909381158671,49.242560753114276],[-122.83908675272525,49.24301027016194],[-122.83907693750807,49.24363596388939],[-122.83908031172277,49.244170261850265],[-122.83908277994264,49.24455776133686],[-122.83915437183721,49.244697777019866],[-122.83801710729473,49.24471846727287],[-122.83742595538448,49.24471461645994],[-122.8368323431655,49.24471074201072],[-122.8362446033929,49.24470698157981],[-122.83565176729378,49.24470318012771],[-122.83565580571158,49.24665826134743],[-122.83564702585768,49.24798856068784],[-122.83564577822695,49.248175966361494],[-122.83623372823082,49.24817091658529],[-122.83683453662842,49.248165770938556],[-122.83682597965375,49.24850323226939],[-122.83681247410186,49.249034564022196],[-122.83555270074969,49.249037269591206],[-122.83428843458296,49.24904605481241],[-122.83428352462886,49.248148512644235],[-122.83427836692852,49.247197959251],[-122.8342771710564,49.24697916498243]]]]}},{"type":"Feature","properties":{"DGUID":"2021S051259153064","DAUID":"59153064","LANDAREA":0.1344,"PRUID":"59","fed_num":"59025","da_code":"59153064","geo_name":"59153064","name_source":{"label":"Statistics Canada Census Profile 2021 DA WDS","url":"https://www12.statcan.gc.ca/wds-sdw/2021profile-profil2021-eng.cfm"},"population":433,"status":"ok","source":{"label":"Statistics Canada Census Profile 2021 DA WDS","url":"https://www12.statcan.gc.ca/wds-sdw/2021profile-profil2021-eng.cfm"},"community_name":"Coquitlam","community_source":{"label":"Statistics Canada 2021 census subdivision boundaries (spatial lookup)","url":"https://geo.statcan.gc.ca/geo_wa/rest/services/2021/Cartographic_boundary_files/MapServer/9"},"community_display":"Coquitlam","is_unorganized":false,"panel_title":"Coquitlam","display_label":"Coquitlam","map_label":"59153064"},"geometry":{"type":"MultiPolygon","coordinates":[[[[-122.83564702585768,49.24798856068784],[-122.83565580571158,49.24665826134743],[-122.83565176729378,49.24470318012771],[-122.8362446033929,49.24470698157981],[-122.8368323431655,49.24471074201072],[-122.83742595538448,49.24471461645994],[-122.83801710729473,49.24471846727287],[-122.83915437183721,49.244697777019866],[-122.83977552267825,49.24470431131337],[-122.8397892499868,49.24470446990534],[-122.84040467161746,49.244710949581986],[-122.84037869842712,49.24569756207122],[-122.84035140587321,49.24664276393865],[-122.83978333383692,49.2466478806802],[-122.83976865029223,49.24664802424791],[-122.83919975317204,49.246653161669855],[-122.83918955560063,49.248470265357945],[-122.83918913168121,49.24854222437751],[-122.83918640543426,49.24902755220443],[-122.83799775142231,49.249035956962906],[-122.83702548881628,49.24903356270241],[-122.83681247410186,49.249034564022196],[-122.83682597965375,49.24850323226939],[-122.83683453662842,49.248165770938556],[-122.83623372823082,49.24817091658529],[-122.83564577822695,49.248175966361494],[-122.83564702585768,49.24798856068784]]]]}},{"type":"Feature","properties":{"DGUID":"2021S051259153065","DAUID":"59153065","LANDAREA":0.1389,"PRUID":"59","fed_num":"59025","da_code":"59153065","geo_name":"59153065","name_source":{"label":"Statistics Canada Census Profile 2021 DA WDS","url":"https://www12.statcan.gc.ca/wds-sdw/2021profile-profil2021-eng.cfm"},"population":370,"status":"ok","source":{"label":"Statistics Canada Census Profile 2021 DA WDS","url":"https://www12.statcan.gc.ca/wds-sdw/2021profile-profil2021-eng.cfm"},"community_name":"Coquitlam","community_source":{"label":"Statistics Canada 2021 census subdivision boundaries (spatial lookup)","url":"https://geo.statcan.gc.ca/geo_wa/rest/services/2021/Cartographic_boundary_files/MapServer/9"},"community_display":"Coquitlam","is_unorganized":false,"panel_title":"Coquitlam","display_label":"Coquitlam","map_label":"59153065"},"geometry":{"type":"MultiPolygon","coordinates":[[[[-122.87983050556174,49.25824219415927],[-122.87984905450861,49.256638282254414],[-122.87985173364036,49.25635369626033],[-122.87987084001837,49.25559928474266],[-122.87987137812776,49.25532007106828],[-122.87987273445533,49.25465259732266],[-122.87985548895975,49.253702485963615],[-122.8798493693956,49.25277258781692],[-122.8821002314929,49.25277026694845],[-122.8827368779261,49.25276959047634],[-122.88274611945646,49.25308159454259],[-122.88276619385314,49.25372359338764],[-122.88275043332322,49.25455198599379],[-122.88284115254355,49.25465369161805],[-122.88289202703587,49.25475429733279],[-122.88292915681888,49.25563369815764],[-122.8829254130504,49.25606073925741],[-122.8829198733271,49.256691873658134],[-122.88264987058896,49.25666160179225],[-122.88143900465973,49.25665090169648],[-122.88140946684977,49.25825637928675],[-122.88150077715446,49.26016788275575],[-122.87985214726488,49.26012839972407],[-122.87983050556174,49.25824219415927]]]]}},{"type":"Feature","properties":{"DGUID":"2021S051259153066","DAUID":"59153066","LANDAREA":0.1782,"PRUID":"59","fed_num":"59025","da_code":"59153066","geo_name":"59153066","name_source":{"label":"Statistics Canada Census Profile 2021 DA WDS","url":"https://www12.statcan.gc.ca/wds-sdw/2021profile-profil2021-eng.cfm"},"population":859,"status":"ok","source":{"label":"Statistics Canada Census Profile 2021 DA WDS","url":"https://www12.statcan.gc.ca/wds-sdw/2021profile-profil2021-eng.cfm"},"community_name":"Coquitlam","community_source":{"label":"Statistics Canada 2021 census subdivision boundaries (spatial lookup)","url":"https://geo.statcan.gc.ca/geo_wa/rest/services/2021/Cartographic_boundary_files/MapServer/9"},"community_display":"Coquitlam","is_unorganized":false,"panel_title":"Coquitlam","display_label":"Coquitlam","map_label":"59153066"},"geometry":{"type":"MultiPolygon","coordinates":[[[[-122.88150077715446,49.26016788275575],[-122.88140946684977,49.25825637928675],[-122.88143900465973,49.25665090169648],[-122.88264987058896,49.25666160179225],[-122.8829198733271,49.256691873658134],[-122.8829254130504,49.25606073925741],[-122.88292915681888,49.25563369815764],[-122.8851396054592,49.25548849298158],[-122.89194413377109,49.255519857598635],[-122.89192437025935,49.25608707328981],[-122.89191723251143,49.25629094027611],[-122.89189947275678,49.25680148134673],[-122.8909224581336,49.256791576843845],[-122.89064748539099,49.256788784482225],[-122.88952590676534,49.256778064321935],[-122.8893437478106,49.25677625482686],[-122.88694359365505,49.25675228522767],[-122.88693769556099,49.25745567173448],[-122.88693430026129,49.257914979121615],[-122.88408788747005,49.25787337882274],[-122.88411696341295,49.25877058604639],[-122.88302552769238,49.25875978794061],[-122.88289983192453,49.258667890568695],[-122.88288816899934,49.26019087096628],[-122.88197139661433,49.26017699574857],[-122.88150077715446,49.26016788275575]]]]}},{"type":"Feature","properties":{"DGUID":"2021S051259153067","DAUID":"59153067","LANDAREA":0.0665,"PRUID":"59","fed_num":"59025","da_code":"59153067","geo_name":"59153067","name_source":{"label":"Statistics Canada Census Profile 2021 DA WDS","url":"https://www12.statcan.gc.ca/wds-sdw/2021profile-profil2021-eng.cfm"},"population":402,"status":"ok","source":{"label":"Statistics Canada Census Profile 2021 DA WDS","url":"https://www12.statcan.gc.ca/wds-sdw/2021profile-profil2021-eng.cfm"},"community_name":"Coquitlam","community_source":{"label":"Statistics Canada 2021 census subdivision boundaries (spatial lookup)","url":"https://geo.statcan.gc.ca/geo_wa/rest/services/2021/Cartographic_boundary_files/MapServer/9"},"community_display":"Coquitlam","is_unorganized":false,"panel_title":"Coquitlam","display_label":"Coquitlam","map_label":"59153067"},"geometry":{"type":"MultiPolygon","coordinates":[[[[-122.89073125609916,49.25886049376343],[-122.88899818591143,49.2588369942115],[-122.88784471734819,49.258821326594564],[-122.88701627958075,49.258810053792025],[-122.88411696341295,49.25877058604639],[-122.88408788747005,49.25787337882274],[-122.88693430026129,49.257914979121615],[-122.88693769556099,49.25745567173448],[-122.88694359365505,49.25675228522767],[-122.88930252912614,49.257535003149655],[-122.88932517419818,49.257546207389005],[-122.88941843655952,49.25759274208631],[-122.8908877774912,49.2583534421214],[-122.8919019876317,49.258877119926744],[-122.89073125609916,49.25886049376343]]]]}},{"type":"Feature","properties":{"DGUID":"2021S051259153380","DAUID":"59153380","LANDAREA":0.3251,"PRUID":"59","fed_num":"59025","da_code":"59153380","geo_name":"59153380","name_source":{"label":"Statistics Canada Census Profile 2021 DA WDS","url":"https://www12.statcan.gc.ca/wds-sdw/2021profile-profil2021-eng.cfm"},"population":1329,"status":"ok","source":{"label":"Statistics Canada Census Profile 2021 DA WDS","url":"https://www12.statcan.gc.ca/wds-sdw/2021profile-profil2021-eng.cfm"},"community_name":"Coquitlam","community_source":{"label":"Statistics Canada 2021 census subdivision boundaries (spatial lookup)","url":"https://geo.statcan.gc.ca/geo_wa/rest/services/2021/Cartographic_boundary_files/MapServer/9"},"community_display":"Coquitlam","is_unorganized":false,"panel_title":"Coquitlam","display_label":"Coquitlam","map_label":"59153380"},"geometry":{"type":"MultiPolygon","coordinates":[[[[-122.80604115144439,49.28125469003475],[-122.80545205734573,49.28125289501476],[-122.80539627388518,49.282121459506854],[-122.80400422581845,49.282116277728925],[-122.80398323783982,49.28272016002881],[-122.80360536133419,49.28271798261809],[-122.80175703639242,49.28271099625377],[-122.80175736354913,49.28267079480397],[-122.80177012107082,49.28092670708874],[-122.80163687580553,49.28092546569265],[-122.80163758085386,49.2799588352957],[-122.8017817722135,49.27996042017633],[-122.80178066913693,49.279179292488635],[-122.80177894129154,49.27764954767701],[-122.80177663241406,49.27734407527659],[-122.80176312730526,49.27718150255424],[-122.80172648947986,49.2768155569582],[-122.80171818599776,49.27673694550832],[-122.80170118775901,49.27657604714393],[-122.80159760334708,49.2755955316305],[-122.80170470219852,49.27499871535965],[-122.80173262211123,49.274938962109324],[-122.8017582841886,49.27488406264893],[-122.80177304768087,49.27489099881972],[-122.80187414135169,49.274938527030145],[-122.80207635016839,49.27502810687972],[-122.80245182958811,49.275180419361256],[-122.80277611089831,49.275310414575884],[-122.80311010863714,49.27542701147577],[-122.80331693259471,49.27550050653001],[-122.80353770454317,49.27558020146588],[-122.80380531545003,49.2756623970596],[-122.80404482215583,49.27573220611888],[-122.80415680949834,49.27576371726347],[-122.8043062991602,49.27580581755217],[-122.80461189928121,49.275882694258634],[-122.80488549274865,49.27594620717457],[-122.80513457580118,49.276002606715736],[-122.80534139660959,49.27604450723031],[-122.80554689290899,49.27608471292632],[-122.80580156552269,49.276130915335195],[-122.80614064810064,49.276187098551475],[-122.80643076985265,49.27622880199604],[-122.80672614285297,49.276268804190885],[-122.80699842662196,49.27629910668861],[-122.80747332588376,49.276347392455015],[-122.80776693464708,49.276366997858986],[-122.80806982814593,49.27638158601203],[-122.80837776804901,49.276587194651405],[-122.8083723012598,49.27710687697896],[-122.80834370849095,49.27778168410157],[-122.8083415489022,49.27784628989156],[-122.80833980807479,49.27789870640354],[-122.80833421933797,49.27813416767566],[-122.8083182361138,49.278811596119304],[-122.8083213362731,49.279115183704924],[-122.80833774609633,49.280724688165364],[-122.80833305892338,49.28127229941421],[-122.80735530080955,49.28125868032066],[-122.80604115144439,49.28125469003475]]]]}},{"type":"Feature","properties":{"DGUID":"2021S051259153413","DAUID":"59153413","LANDAREA":0.3076,"PRUID":"59","fed_num":"59025","da_code":"59153413","geo_name":"59153413","name_source":{"label":"Statistics Canada Census Profile 2021 DA WDS","url":"https://www12.statcan.gc.ca/wds-sdw/2021profile-profil2021-eng.cfm"},"population":1014,"status":"ok","source":{"label":"Statistics Canada Census Profile 2021 DA WDS","url":"https://www12.statcan.gc.ca/wds-sdw/2021profile-profil2021-eng.cfm"},"community_name":"Port Moody","community_source":{"label":"Statistics Canada 2021 census subdivision boundaries (spatial lookup)","url":"https://geo.statcan.gc.ca/geo_wa/rest/services/2021/Cartographic_boundary_files/MapServer/9"},"community_display":"Port Moody","is_unorganized":false,"panel_title":"Port Moody","display_label":"Port Moody","map_label":"59153413"},"geometry":{"type":"MultiPolygon","coordinates":[[[[-122.86932417681331,49.287213993265006],[-122.86808686824816,49.28629889136787],[-122.86789389906427,49.28622570451436],[-122.86771598913647,49.286254791917955],[-122.8674062945605,49.2863016878006],[-122.86721578212213,49.285724110588006],[-122.86707650102792,49.28467317765759],[-122.86688341827254,49.28321640200583],[-122.86678424884647,49.28244599652585],[-122.86675987048211,49.281942479904096],[-122.86668389857367,49.280372086467764],[-122.86670347115827,49.27957268279193],[-122.86672283306982,49.27904172107812],[-122.86680399747286,49.27835173948177],[-122.86681452565955,49.27826199000769],[-122.86683264005498,49.2781080194022],[-122.86682644080761,49.277711462165286],[-122.8668253755352,49.27770245915656],[-122.86675959049838,49.27715437007226],[-122.86674882591967,49.27706464103163],[-122.86674202803827,49.277008144445055],[-122.86681011333641,49.27687500396221],[-122.86679160576699,49.2766402431253],[-122.8685316594892,49.27661749601862],[-122.86854547279623,49.276617304261194],[-122.86891424537335,49.276548697881864],[-122.86913733731468,49.276440790408934],[-122.86931653817744,49.276229783289594],[-122.86935575119021,49.27662549140772],[-122.86937234075783,49.277152899090204],[-122.8693898652154,49.277688599523984],[-122.86941172174595,49.278208506876744],[-122.86941175768195,49.27820997890177],[-122.86943257284045,49.27870509955999],[-122.86936447274324,49.278878796761965],[-122.8692147920938,49.27901939872105],[-122.86886191297312,49.27921818702572],[-122.8702356247451,49.278982369895225],[-122.87167319171749,49.27873558703184],[-122.8727928691224,49.27854885808581],[-122.87086577420523,49.279270529234246],[-122.87019458485636,49.27953055908355],[-122.87013863423077,49.279761694977736],[-122.8700859619787,49.2800878083538],[-122.87138946171699,49.28067544313472],[-122.872703611396,49.28064512878081],[-122.87519278585836,49.28056019296718],[-122.87509462140915,49.280723838342084],[-122.87493729468927,49.28098610530418],[-122.87466230296458,49.28132833749273],[-122.87460270426912,49.2814024837938],[-122.87450490835556,49.281650096262005],[-122.87429362049451,49.2816543946336],[-122.8742139826238,49.281655994027844],[-122.87324415538406,49.28167570180657],[-122.87297866246963,49.28169958380299],[-122.87248028017846,49.28181399052275],[-122.87221047785017,49.28192139288661],[-122.87196061304891,49.28206009888329],[-122.8717357957742,49.282233779645985],[-122.87152420516833,49.282478088686084],[-122.87136041954915,49.282806707607484],[-122.87130611631771,49.283061785747414],[-122.87130471032255,49.28313329832322],[-122.87128486304204,49.28413048669887],[-122.87113956654551,49.284654182774794],[-122.87114920799436,49.28482965408477],[-122.8711506880147,49.284856299276534],[-122.87087928492868,49.285720490911054],[-122.87088129377136,49.28573944269471],[-122.8706755074424,49.28582637891276],[-122.86984442420176,49.286058630368046],[-122.86973689393002,49.28606870185591],[-122.8692820029874,49.28653347705353],[-122.869380694925,49.286770254960096],[-122.86944774756698,49.28693108634961],[-122.86947465016186,49.28708229140178],[-122.8694072610407,49.28716419624351],[-122.86932417681331,49.287213993265006]],[[-122.87045024429028,49.28264789364154],[-122.87039352956145,49.282530898741854],[-122.87042222332802,49.28224799918484],[-122.87058793903691,49.28193120241387],[-122.87107191647324,49.28150108728698],[-122.87046430793137,49.281237494683964],[-122.87025230168285,49.28120169011554],[-122.86961951270244,49.28110759189611],[-122.86936094594648,49.2811299066443],[-122.86917322146225,49.28120280948419],[-122.86897633565525,49.281330409680585],[-122.86884907510829,49.2814852974942],[-122.86880464155283,49.28167410177644],[-122.86906358563856,49.2830509079979],[-122.86912658068532,49.283115804623975],[-122.86942136765211,49.2832279011114],[-122.86969137033032,49.283260976385705],[-122.87019958511935,49.28347030179932],[-122.87044373801209,49.28274408263295],[-122.87045024429028,49.28264789364154]]]]}},{"type":"Feature","properties":{"DGUID":"2021S051259153414","DAUID":"59153414","LANDAREA":0.0273,"PRUID":"59","fed_num":"59025","da_code":"59153414","geo_name":"59153414","name_source":{"label":"Statistics Canada Census Profile 2021 DA WDS","url":"https://www12.statcan.gc.ca/wds-sdw/2021profile-profil2021-eng.cfm"},"population":224,"status":"ok","source":{"label":"Statistics Canada Census Profile 2021 DA WDS","url":"https://www12.statcan.gc.ca/wds-sdw/2021profile-profil2021-eng.cfm"},"community_name":"Port Moody","community_source":{"label":"Statistics Canada 2021 census subdivision boundaries (spatial lookup)","url":"https://geo.statcan.gc.ca/geo_wa/rest/services/2021/Cartographic_boundary_files/MapServer/9"},"community_display":"Port Moody","is_unorganized":false,"panel_title":"Port Moody","display_label":"Port Moody","map_label":"59153414"},"geometry":{"type":"MultiPolygon","coordinates":[[[[-122.86917322146225,49.28120280948419],[-122.86936094594648,49.2811299066443],[-122.86961951270244,49.28110759189611],[-122.87025230168285,49.28120169011554],[-122.87046430793137,49.281237494683964],[-122.87107191647324,49.28150108728698],[-122.87058793903691,49.28193120241387],[-122.87042222332802,49.28224799918484],[-122.87039352956145,49.282530898741854],[-122.87045024429028,49.28264789364154],[-122.87044373801209,49.28274408263295],[-122.87019958511935,49.28347030179932],[-122.86969137033032,49.283260976385705],[-122.86942136765211,49.2832279011114],[-122.86912658068532,49.283115804623975],[-122.86906358563856,49.2830509079979],[-122.86880464155283,49.28167410177644],[-122.86884907510829,49.2814852974942],[-122.86897633565525,49.281330409680585],[-122.86917322146225,49.28120280948419]]]]}},{"type":"Feature","properties":{"DGUID":"2021S051259153415","DAUID":"59153415","LANDAREA":0.1739,"PRUID":"59","fed_num":"59025","da_code":"59153415","geo_name":"59153415","name_source":{"label":"Statistics Canada Census Profile 2021 DA WDS","url":"https://www12.statcan.gc.ca/wds-sdw/2021profile-profil2021-eng.cfm"},"population":426,"status":"ok","source":{"label":"Statistics Canada Census Profile 2021 DA WDS","url":"https://www12.statcan.gc.ca/wds-sdw/2021profile-profil2021-eng.cfm"},"community_name":"Port Moody","community_source":{"label":"Statistics Canada 2021 census subdivision boundaries (spatial lookup)","url":"https://geo.statcan.gc.ca/geo_wa/rest/services/2021/Cartographic_boundary_files/MapServer/9"},"community_display":"Port Moody","is_unorganized":false,"panel_title":"Port Moody","display_label":"Port Moody","map_label":"59153415"},"geometry":{"type":"MultiPolygon","coordinates":[[[[-122.84339713498336,49.29856525687342],[-122.8430830981041,49.29842302929027],[-122.84320273023482,49.298361661478886],[-122.84335324101467,49.29837327144153],[-122.84354110811809,49.29819860333754],[-122.84384635649711,49.29779492293521],[-122.8439257201463,49.29753780953754],[-122.84393391120288,49.29727589372237],[-122.8438593823283,49.29689626710058],[-122.84359707389046,49.29650845479772],[-122.84105030955384,49.294192679368855],[-122.8405818850115,49.293803302823534],[-122.84002076406813,49.29346258961025],[-122.83873429854778,49.29301322906596],[-122.83915267634393,49.2925237456454],[-122.83943864649171,49.29236184859602],[-122.8396446118742,49.29231179129559],[-122.83987204422743,49.29225653961437],[-122.84030532028031,49.292252923458385],[-122.84069059855759,49.29234802597266],[-122.8409701009559,49.29248322546074],[-122.84121170857651,49.29267043012786],[-122.84132251188224,49.2929214475106],[-122.84160864064118,49.29356582803463],[-122.84385182072857,49.29561321842884],[-122.84475940425253,49.29650013920551],[-122.84524391338847,49.29687641455834],[-122.8460260952392,49.297283026832126],[-122.84614070424355,49.29731690395126],[-122.84683449155759,49.29752822726923],[-122.8475868774824,49.2976456161576],[-122.84818386292011,49.29770271269197],[-122.84888264627838,49.297859122618796],[-122.84936504147446,49.298024508722754],[-122.84969645381949,49.29820721276854],[-122.84997561974329,49.298447715212674],[-122.85024799759331,49.300162273951855],[-122.84678586474575,49.300094257310434],[-122.84659468249471,49.300013207595214],[-122.84339713498336,49.29856525687342]]]]}},{"type":"Feature","properties":{"DGUID":"2021S051259153416","DAUID":"59153416","LANDAREA":0.3703,"PRUID":"59","fed_num":"59025","da_code":"59153416","geo_name":"59153416","name_source":{"label":"Statistics Canada Census Profile 2021 DA WDS","url":"https://www12.statcan.gc.ca/wds-sdw/2021profile-profil2021-eng.cfm"},"population":1149,"status":"ok","source":{"label":"Statistics Canada Census Profile 2021 DA WDS","url":"https://www12.statcan.gc.ca/wds-sdw/2021profile-profil2021-eng.cfm"},"community_name":"Port Moody","community_source":{"label":"Statistics Canada 2021 census subdivision boundaries (spatial lookup)","url":"https://geo.statcan.gc.ca/geo_wa/rest/services/2021/Cartographic_boundary_files/MapServer/9"},"community_display":"Port Moody","is_unorganized":false,"panel_title":"Port Moody","display_label":"Port Moody","map_label":"59153416"},"geometry":{"type":"MultiPolygon","coordinates":[[[[-122.84385182072857,49.29561321842884],[-122.84160864064118,49.29356582803463],[-122.84132251188224,49.2929214475106],[-122.84121170857651,49.29267043012786],[-122.8409701009559,49.29248322546074],[-122.84069059855759,49.29234802597266],[-122.84030532028031,49.292252923458385],[-122.83987204422743,49.29225653961437],[-122.8396446118742,49.29231179129559],[-122.83943864649171,49.29236184859602],[-122.83915267634393,49.2925237456454],[-122.83873429854778,49.29301322906596],[-122.83612664214215,49.292231683818365],[-122.83514693792523,49.29193801544934],[-122.83520304897829,49.29097749855409],[-122.8352883678092,49.28951608933415],[-122.83528369591902,49.289000649779645],[-122.8352812863254,49.28875421774917],[-122.8352783254109,49.288452686111206],[-122.83814332604607,49.28938194317875],[-122.83965260588042,49.28972225727014],[-122.84120973712005,49.29080932971834],[-122.84139913850987,49.290959754148815],[-122.84231315670888,49.291773594334416],[-122.84389259607075,49.292499966578134],[-122.84576870494129,49.29323747938432],[-122.84576928222911,49.293240830033234],[-122.84584243168075,49.293202307179165],[-122.84635514038808,49.29341687330915],[-122.84766797532227,49.29428163003146],[-122.84780804983703,49.29443674678773],[-122.84843057201029,49.29530624324709],[-122.84918391957196,49.296239219554785],[-122.84954391787149,49.296403720035286],[-122.84990648423958,49.29663232166374],[-122.85032307317991,49.2970381137072],[-122.85059008509575,49.2972964144912],[-122.8514267876415,49.2977523107485],[-122.85164167862052,49.29790811561674],[-122.8517154965465,49.298137214084086],[-122.85036570728214,49.29832521226032],[-122.84997561974329,49.298447715212674],[-122.84969645381949,49.29820721276854],[-122.84936504147446,49.298024508722754],[-122.84888264627838,49.297859122618796],[-122.84818386292011,49.29770271269197],[-122.8475868774824,49.2976456161576],[-122.84683449155759,49.29752822726923],[-122.84614070424355,49.29731690395126],[-122.8460260952392,49.297283026832126],[-122.84524391338847,49.29687641455834],[-122.84475940425253,49.29650013920551],[-122.84385182072857,49.29561321842884]]]]}},{"type":"Feature","properties":{"DGUID":"2021S051259153501","DAUID":"59153501","LANDAREA":0.5135,"PRUID":"59","fed_num":"59025","da_code":"59153501","geo_name":"59153501","name_source":{"label":"Statistics Canada Census Profile 2021 DA WDS","url":"https://www12.statcan.gc.ca/wds-sdw/2021profile-profil2021-eng.cfm"},"population":1168,"status":"ok","source":{"label":"Statistics Canada Census Profile 2021 DA WDS","url":"https://www12.statcan.gc.ca/wds-sdw/2021profile-profil2021-eng.cfm"},"community_name":"Coquitlam","community_source":{"label":"Statistics Canada 2021 census subdivision boundaries (spatial lookup)","url":"https://geo.statcan.gc.ca/geo_wa/rest/services/2021/Cartographic_boundary_files/MapServer/9"},"community_display":"Coquitlam","is_unorganized":false,"panel_title":"Coquitlam","display_label":"Coquitlam","map_label":"59153501"},"geometry":{"type":"MultiPolygon","coordinates":[[[[-122.8163229999983,49.30209296489315],[-122.81634134080205,49.30139087674924],[-122.81640402324707,49.301179274260555],[-122.81655853670763,49.30097206964166],[-122.81676491067773,49.30083046060499],[-122.81707831374108,49.30071176241815],[-122.81747519365796,49.300639660347244],[-122.81862325150915,49.300600555772526],[-122.8189601633345,49.30058076581025],[-122.81926104514126,49.300503955404665],[-122.8202212125364,49.299998045584246],[-122.82096131652881,49.300635151211054],[-122.82141570698765,49.30086746046499],[-122.82161601733895,49.3009327860719],[-122.82164741292489,49.30094304778938],[-122.82185281453395,49.30101004508331],[-122.82214188221555,49.30106534645724],[-122.82222178501866,49.3010676980243],[-122.8227636174462,49.30108366132482],[-122.82239488033787,49.30807134231212],[-122.82239260728905,49.30819606287081],[-122.82132932570003,49.308346941993335],[-122.82012984671985,49.30848146041955],[-122.81897949118151,49.30858450580469],[-122.81726207832747,49.30835157285384],[-122.81537336301173,49.30809534814575],[-122.81400205765836,49.30790926681921],[-122.81274285590469,49.30773840220522],[-122.81202763667129,49.30760919450059],[-122.81189106460107,49.30722923016929],[-122.8117124683176,49.306732342820105],[-122.81164290065986,49.306538848011016],[-122.8116270701959,49.306494742526645],[-122.8116149841351,49.30621063403577],[-122.81182119965852,49.30587168236499],[-122.8120923243369,49.305688728781696],[-122.81230509722246,49.30561472979993],[-122.81378305145732,49.30510079603475],[-122.81397664164952,49.30496507788275],[-122.81488139934244,49.30417830026414],[-122.8151162154762,49.30397413793168],[-122.8152948053665,49.30381884161296],[-122.81560892134257,49.30354566515816],[-122.8156849827051,49.30347951916061],[-122.81585824438017,49.30319905434274],[-122.81630109688675,49.30231757856339],[-122.81631575171855,49.30217167808833],[-122.81632278927114,49.302101999742],[-122.8163229999983,49.30209296489315]]]]}},{"type":"Feature","properties":{"DGUID":"2021S051259153502","DAUID":"59153502","LANDAREA":0.3603,"PRUID":"59","fed_num":"59025","da_code":"59153502","geo_name":"59153502","name_source":{"label":"Statistics Canada Census Profile 2021 DA WDS","url":"https://www12.statcan.gc.ca/wds-sdw/2021profile-profil2021-eng.cfm"},"population":614,"status":"ok","source":{"label":"Statistics Canada Census Profile 2021 DA WDS","url":"https://www12.statcan.gc.ca/wds-sdw/2021profile-profil2021-eng.cfm"},"community_name":"Coquitlam","community_source":{"label":"Statistics Canada 2021 census subdivision boundaries (spatial lookup)","url":"https://geo.statcan.gc.ca/geo_wa/rest/services/2021/Cartographic_boundary_files/MapServer/9"},"community_display":"Coquitlam","is_unorganized":false,"panel_title":"Coquitlam","display_label":"Coquitlam","map_label":"59153502"},"geometry":{"type":"MultiPolygon","coordinates":[[[[-122.81187220330135,49.30255323282102],[-122.81190078290476,49.302355327872455],[-122.81192317979229,49.302220576186215],[-122.8119291811551,49.302184428749534],[-122.81194338455356,49.30212173092269],[-122.8119170546682,49.30190522659767],[-122.81188867879312,49.301734325533005],[-122.81187528142009,49.30163601755077],[-122.81187710404774,49.30149200154457],[-122.81187748341101,49.301465131019],[-122.81189168367615,49.30131133456368],[-122.81186595645387,49.30091542018675],[-122.81186506376174,49.30070033116715],[-122.81185144226863,49.30058353796813],[-122.8118672677554,49.30035853475074],[-122.81185414565691,49.30018762510055],[-122.81182704049591,49.300006742572315],[-122.81182764035094,49.299998242742284],[-122.81178693754195,49.29979174599597],[-122.81170525408751,49.29965642375704],[-122.81162145518633,49.299566728298736],[-122.81160833728512,49.29952113374701],[-122.81144454486802,49.299304639089684],[-122.8112668342693,49.29908952597811],[-122.81112924359495,49.29887313414871],[-122.81103424122026,49.29863953822882],[-122.8109941330748,49.29850423879691],[-122.8109539372775,49.29836894072918],[-122.8109127215379,49.298216538298696],[-122.81083083779667,49.297937439445796],[-122.81079041503916,49.29778354120102],[-122.81077814062888,49.29762264137679],[-122.81079221203524,49.297500810415436],[-122.81198527068075,49.29748776815399],[-122.81376131738168,49.29745377435221],[-122.81473421753257,49.29744275295714],[-122.81479413538888,49.297447803073126],[-122.8153304938976,49.297492743737806],[-122.81538294796671,49.29749714606397],[-122.81544050067552,49.29750196663032],[-122.81589626576483,49.29754016259611],[-122.81668836307703,49.29773916774095],[-122.81741224390953,49.29799017037322],[-122.8179979405807,49.29827146592858],[-122.81866182499995,49.29873596575723],[-122.81942071325828,49.29934026040009],[-122.8202212125364,49.299998045584246],[-122.81926104514126,49.300503955404665],[-122.8189601633345,49.30058076581025],[-122.81862325150915,49.300600555772526],[-122.81747519365796,49.300639660347244],[-122.81707831374108,49.30071176241815],[-122.81676491067773,49.30083046060499],[-122.81655853670763,49.30097206964166],[-122.81640402324707,49.301179274260555],[-122.81634134080205,49.30139087674924],[-122.8163229999983,49.30209296489315],[-122.81632278927114,49.302101999742],[-122.81631575171855,49.30217167808833],[-122.81630109688675,49.30231757856339],[-122.81585824438017,49.30319905434274],[-122.8156849827051,49.30347951916061],[-122.81560892134257,49.30354566515816],[-122.8152948053665,49.30381884161296],[-122.8151162154762,49.30397413793168],[-122.81488139934244,49.30417830026414],[-122.81397664164952,49.30496507788275],[-122.81378305145732,49.30510079603475],[-122.81230509722246,49.30561472979993],[-122.8120923243369,49.305688728781696],[-122.81182119965852,49.30587168236499],[-122.8116149841351,49.30621063403577],[-122.8116270701959,49.306494742526645],[-122.81164290065986,49.306538848011016],[-122.8117124683176,49.306732342820105],[-122.81189106460107,49.30722923016929],[-122.81202763667129,49.30760919450059],[-122.81107921114314,49.307032796101566],[-122.81055052676703,49.3067114552026],[-122.80996499946102,49.306375992294626],[-122.80997329698934,49.30632744177723],[-122.80997489112656,49.30625624505046],[-122.80986380813539,49.306058226550796],[-122.8098516697317,49.30595002630315],[-122.80985354573326,49.305932210832644],[-122.80986477759981,49.305824628065416],[-122.80997639977517,49.30562672383365],[-122.81001816358017,49.305554029877534],[-122.81007407005383,49.30550993431839],[-122.81014208511029,49.305437239400185],[-122.8103345804165,49.3052849195261],[-122.8105965581539,49.30511403833401],[-122.81069374099826,49.305051331187585],[-122.81073415676025,49.30503423993649],[-122.8107753503597,49.305015744887406],[-122.8108048386118,49.304998621320564],[-122.81083244747404,49.30498863618992],[-122.81101123858025,49.30489034235426],[-122.81130012534088,49.30475653038501],[-122.81143821554402,49.30470242682016],[-122.81170003858357,49.304558536914385],[-122.81182422148841,49.30441473748693],[-122.81194872166922,49.30424382648068],[-122.81200490765616,49.30417263055804],[-122.8120322369711,49.304109931535905],[-122.8121023009399,49.303911934142285],[-122.81207440009496,49.30373254527916],[-122.81199220158344,49.303560124072284],[-122.8119527929464,49.3033892259232],[-122.81189802345854,49.303245434143655],[-122.81189901047493,49.30305742180336],[-122.81187218093096,49.30289503384852],[-122.81188589880561,49.302795318932894],[-122.81187140221044,49.30263442645552],[-122.81187220330135,49.30255323282102]]]]}},{"type":"Feature","properties":{"DGUID":"2021S051259153548","DAUID":"59153548","LANDAREA":1.4302,"PRUID":"59","fed_num":"59025","da_code":"59153548","geo_name":"59153548","name_source":{"label":"Statistics Canada Census Profile 2021 DA WDS","url":"https://www12.statcan.gc.ca/wds-sdw/2021profile-profil2021-eng.cfm"},"population":2389,"status":"ok","source":{"label":"Statistics Canada Census Profile 2021 DA WDS","url":"https://www12.statcan.gc.ca/wds-sdw/2021profile-profil2021-eng.cfm"},"community_name":"Coquitlam","community_source":{"label":"Statistics Canada 2021 census subdivision boundaries (spatial lookup)","url":"https://geo.statcan.gc.ca/geo_wa/rest/services/2021/Cartographic_boundary_files/MapServer/9"},"community_display":"Coquitlam","is_unorganized":false,"panel_title":"Coquitlam","display_label":"Coquitlam","map_label":"59153548"},"geometry":{"type":"MultiPolygon","coordinates":[[[[-122.78983939707591,49.31158698532325],[-122.79042402549689,49.30883563113689],[-122.78981352151476,49.30734910828435],[-122.78886580891016,49.30638346726654],[-122.7892809921185,49.30632188791955],[-122.79132285489743,49.3061096852733],[-122.79177135513301,49.30598787952227],[-122.79211644622384,49.30583137832141],[-122.79234372052028,49.30562648540934],[-122.79245263376043,49.30544507232378],[-122.79252120573538,49.30524798594055],[-122.79252052854024,49.30505967616161],[-122.79307279912753,49.30502839916172],[-122.79350930203614,49.30498098379465],[-122.79376530343052,49.30489849496975],[-122.79439028118976,49.30451069027983],[-122.79500223525055,49.304232490175124],[-122.79526992138828,49.30417062641172],[-122.79605600996152,49.30398897496527],[-122.79623482080493,49.30390869164255],[-122.79628623844218,49.3037426914523],[-122.79620871196745,49.303589989405566],[-122.79596021970882,49.303484399616],[-122.79509224853685,49.303607283460416],[-122.79453847907797,49.30378089190112],[-122.79406207490852,49.30408659748273],[-122.79371989220665,49.30426197672927],[-122.79344517211122,49.30431689880738],[-122.79280780802709,49.30438538814652],[-122.79228879812415,49.30459249220483],[-122.79208250835435,49.304434081316636],[-122.79112024984445,49.303991096803074],[-122.79044883276444,49.30369641310376],[-122.79015114716155,49.30352810489054],[-122.79002727173064,49.303430696777156],[-122.78983213783224,49.303209609517346],[-122.78970617099675,49.30294370286227],[-122.78968243226873,49.302690787357015],[-122.78974103153071,49.30243940912525],[-122.78987011377917,49.30222339541224],[-122.79008001864821,49.302012495855095],[-122.7903436269614,49.30184019850902],[-122.79079700352038,49.301648305928985],[-122.79151136625495,49.30141909416367],[-122.7921050743947,49.3012654977351],[-122.7929380200232,49.30111278433284],[-122.79358661640781,49.30101950719458],[-122.79443036134793,49.30097999367517],[-122.79487122853979,49.300959326350814],[-122.79660105963038,49.30087828537919],[-122.79686526298734,49.300865907008586],[-122.7984497253079,49.30079167892618],[-122.79860541841057,49.300770261448775],[-122.79852085934813,49.30123644031936],[-122.79941841740198,49.302580421240506],[-122.80524411031061,49.30572057717013],[-122.80332406630465,49.306244831480335],[-122.80327749465263,49.30625755857249],[-122.8032229217457,49.30627244105758],[-122.80279853766925,49.306483293179134],[-122.80249812301732,49.3066915192203],[-122.8022330788465,49.30696473117618],[-122.80210524729037,49.3071950715142],[-122.80202894417472,49.30733253348767],[-122.80199061203145,49.30756923018842],[-122.80196086633258,49.3104519535781],[-122.80189035390532,49.31077597533707],[-122.80171723749694,49.311132091579736],[-122.80147409456787,49.31146632833888],[-122.80055024780829,49.31225692635622],[-122.80007923825286,49.31268260599982],[-122.7989394237181,49.313712641746534],[-122.79809075407303,49.31421096523506],[-122.79653309896317,49.31495476802053],[-122.79617820436597,49.315173979693135],[-122.79586803568334,49.315422478407356],[-122.79564434380987,49.31567347164374],[-122.79553143363167,49.31595388101411],[-122.79549453834741,49.31630766706625],[-122.79556064817154,49.31682407332812],[-122.79579966479221,49.31806166812065],[-122.7957507935601,49.31837097955126],[-122.79557047951207,49.318671073847014],[-122.79526519068328,49.318967365955245],[-122.79371355804425,49.320258176672404],[-122.79356999921727,49.32033597106047],[-122.79322185724469,49.32052468825122],[-122.79311644044581,49.32055668894704],[-122.79287466209071,49.320631352441076],[-122.79219926562223,49.32019337587011],[-122.791796755099,49.319530170118966],[-122.79115754542069,49.317833794034094],[-122.79079493084119,49.31707087943656],[-122.79051485799704,49.316606683663025],[-122.78989185457374,49.3158494922663],[-122.7889546304414,49.31488388353215],[-122.78843717079205,49.31427299505463],[-122.7882280555301,49.31391640254276],[-122.78785979942148,49.31320227569302],[-122.7898137345635,49.311707332378916],[-122.78983939707591,49.31158698532325]]]]}},{"type":"Feature","properties":{"DGUID":"2021S051259153592","DAUID":"59153592","LANDAREA":26.1217,"PRUID":"59","fed_num":"59025","da_code":"59153592","geo_name":"59153592","name_source":{"label":"Statistics Canada Census Profile 2021 DA WDS","url":"https://www12.statcan.gc.ca/wds-sdw/2021profile-profil2021-eng.cfm"},"population":1505,"status":"ok","source":{"label":"Statistics Canada Census Profile 2021 DA WDS","url":"https://www12.statcan.gc.ca/wds-sdw/2021profile-profil2021-eng.cfm"},"community_name":"Anmore","community_source":{"label":"Statistics Canada 2021 census subdivision boundaries (spatial lookup)","url":"https://geo.statcan.gc.ca/geo_wa/rest/services/2021/Cartographic_boundary_files/MapServer/9"},"community_display":"Anmore","is_unorganized":false,"panel_title":"Anmore","display_label":"Anmore","map_label":"Anmore"},"geometry":{"type":"MultiPolygon","coordinates":[[[[-122.86002690033658,49.38194732000686],[-122.83364743222813,49.382047139321514],[-122.8330767839039,49.3813736868818],[-122.83274505435452,49.38132703781574],[-122.83006608158826,49.379962495604076],[-122.82818509108286,49.37912750572364],[-122.82620637078868,49.377035879310355],[-122.82539549366575,49.375025504648264],[-122.82631190902178,49.372525178324175],[-122.82902266715065,49.36992879660943],[-122.82971790870579,49.36873440526478],[-122.83050254669806,49.367386293663024],[-122.83109099066915,49.366375057654786],[-122.8320859662426,49.364980950002945],[-122.83223157155264,49.36317722680732],[-122.83229893929608,49.3621101119072],[-122.83187023643256,49.36112049395694],[-122.8311042076872,49.36032865985283],[-122.83108697164835,49.359847019407226],[-122.82789085270628,49.35989533203798],[-122.82729211254069,49.35967570183282],[-122.82665393072025,49.359121948586846],[-122.82620505979888,49.35809984932726],[-122.8253928026049,49.357426379431935],[-122.82491311513833,49.35709062494293],[-122.82456019411308,49.356654821112635],[-122.82449062266765,49.35627629009962],[-122.82459854021849,49.35583151681111],[-122.82470438904627,49.355427972451686],[-122.82454100550888,49.35505073047335],[-122.82381344907868,49.354094067883544],[-122.82361107924848,49.35366846064018],[-122.82357576855776,49.3533404070017],[-122.82326914381402,49.35301219327709],[-122.82319742647118,49.35257236409747],[-122.82323889607757,49.35215528463943],[-122.82342644135606,49.35162589137247],[-122.82234170196588,49.35162644473901],[-122.82219315050126,49.34497446444445],[-122.82214769551986,49.341251057509076],[-122.82212929015466,49.33974332411699],[-122.82211754656615,49.338782052459244],[-122.8218798946898,49.33851385936495],[-122.82171567518968,49.334046186305116],[-122.82175095991929,49.3338898432754],[-122.82183240196251,49.33017801284223],[-122.82185369171934,49.32941546638327],[-122.82191492164729,49.32738522011941],[-122.8220938686393,49.32145017048078],[-122.82735026685256,49.314044756647725],[-122.83131705039328,49.31409564618476],[-122.83144774418875,49.31409779632985],[-122.83338069312946,49.31412937406822],[-122.83364912742515,49.31057318417743],[-122.83367576514799,49.307554973063716],[-122.83369117758254,49.30580960427686],[-122.83585739480546,49.305846248361895],[-122.8357672087529,49.30113932574709],[-122.83640748952979,49.30184722707927],[-122.83648262810672,49.30193168452039],[-122.8374918002683,49.303066333253405],[-122.83978279370741,49.3056683321334],[-122.84009630853585,49.30602951121459],[-122.84061800754623,49.3066305137944],[-122.84247176568778,49.3087917554902],[-122.84312768524099,49.309459518110486],[-122.84361689057255,49.309970217674326],[-122.84411295649043,49.31055922310234],[-122.84437910654296,49.31087523471585],[-122.84495656489814,49.31155222161114],[-122.84514353797482,49.311771401897474],[-122.84526569067333,49.31191462235272],[-122.84602204480515,49.31275224154159],[-122.84638351098162,49.313152522455155],[-122.84712519156193,49.31403071356554],[-122.84739978933277,49.31435577399025],[-122.847469300815,49.314438116032086],[-122.84760519739147,49.31450332115298],[-122.84780170790262,49.31454602365345],[-122.8504473656869,49.314546503598066],[-122.8510960160565,49.314546601242334],[-122.8513003968352,49.31454669571504],[-122.85216719688785,49.31454705996887],[-122.85300789713092,49.31454740359256],[-122.85571064493324,49.31454770252472],[-122.85571538365352,49.31403090603034],[-122.8557159016118,49.313976934910556],[-122.85571710560612,49.31384436728619],[-122.85572039671689,49.313349904488284],[-122.85579320326093,49.31302682298814],[-122.85593161209742,49.31277052416484],[-122.85603966963663,49.31266180798403],[-122.85691029893202,49.31178559455504],[-122.85813090736805,49.31055999650698],[-122.85830019898152,49.31039056070644],[-122.85877649737472,49.30991394331543],[-122.85957973532363,49.30911015828534],[-122.85997625560492,49.30871333051487],[-122.86037645526415,49.308312866423115],[-122.8607998223734,49.30796934175456],[-122.861434169432,49.30788329667379],[-122.86191774810413,49.307891027746045],[-122.86599258547278,49.30795349198082],[-122.86636723882394,49.308046342030565],[-122.86664973373632,49.308180649560384],[-122.86723858955426,49.3088895536342],[-122.86762184931604,49.309221357244716],[-122.86826880214774,49.30945720105221],[-122.86887689140742,49.30947484916579],[-122.86946734850635,49.309386556930356],[-122.87039292556959,49.309326001256025],[-122.8717403425836,49.30963707931325],[-122.87235207955766,49.3097025250011],[-122.87290167738793,49.30964910125295],[-122.87325961552312,49.30948109453886],[-122.87356031864297,49.309263698110456],[-122.8735640215402,49.31345368804927],[-122.87356412707847,49.313553535968204],[-122.8737992767042,49.31352591466359],[-122.87606640188329,49.313259202915134],[-122.87767770371924,49.31334017516439],[-122.87783435433433,49.314312902192015],[-122.8777936618863,49.314619221237905],[-122.87768562728044,49.31559980640115],[-122.87640370724098,49.31567497092698],[-122.87338236442982,49.31574125164971],[-122.86711643533772,49.3153504073465],[-122.86692738294767,49.316998684841955],[-122.86692963675235,49.31713679302793],[-122.8670225217306,49.322796128220084],[-122.8632873603748,49.32279534482927],[-122.86327911105498,49.323881506244284],[-122.85934299127781,49.323873968790245],[-122.85817887717992,49.32387032430024],[-122.85812712036918,49.32608135426492],[-122.85812331110759,49.32627805943289],[-122.85610529000704,49.32628586504871],[-122.85557111483983,49.32628737215377],[-122.85546289722457,49.32628770371611],[-122.85535805715804,49.329886484042724],[-122.85789778338595,49.32984262240515],[-122.85821232025327,49.32984251211574],[-122.85865843658092,49.32984422549501],[-122.85883973152875,49.32984402863481],[-122.86426828493485,49.32984004682292],[-122.86507899421058,49.32982955945468],[-122.86607033822598,49.32986516821661],[-122.86775987020481,49.3299118865677],[-122.86993296270884,49.330000136163726],[-122.87164958787349,49.330032454352065],[-122.8760626300254,49.33013180143737],[-122.87758864942629,49.33016022381924],[-122.87760440960034,49.33125819743827],[-122.87760468778878,49.33132690029963],[-122.87768816564522,49.35160167892308],[-122.88538947901421,49.3516280629665],[-122.88540291197357,49.35340379512277],[-122.88572858952335,49.3534113872389],[-122.8856213986463,49.35348990746158],[-122.88556649445462,49.353544107916335],[-122.88542742798465,49.35368751438129],[-122.88538701390716,49.35375061299751],[-122.88528920231155,49.35400220103616],[-122.8851510397308,49.35416401711248],[-122.88504104008656,49.35428980898608],[-122.88495833059638,49.35446980016509],[-122.88494315522416,49.35456870632096],[-122.88491605928647,49.35476641011876],[-122.88490184840576,49.354874300362724],[-122.88484635558324,49.355009306396425],[-122.88465237411181,49.35520691285693],[-122.88440505481918,49.35540471124078],[-122.8842946773268,49.35548540938406],[-122.88412919834467,49.35556621204358],[-122.88382528871111,49.355683006636866],[-122.88356350401567,49.355763511588016],[-122.88344000436925,49.35580839491424],[-122.88322019446889,49.35585330309406],[-122.88305350487097,49.35588831012768],[-122.88291651911469,49.35591570503848],[-122.88264040632654,49.35597839921115],[-122.88241992100085,49.35603230381239],[-122.88225433549887,49.356140102492596],[-122.88214492595132,49.356256917891194],[-122.88197903343763,49.35647250381946],[-122.88190983126589,49.35655352129729],[-122.88178463171515,49.356778217046816],[-122.88174425809572,49.35684121051656],[-122.88164657140467,49.35706580923813],[-122.88156384584777,49.35724591435122],[-122.88146675623435,49.35743451856093],[-122.88141218640628,49.3576325036231],[-122.88136946054865,49.35770440654965],[-122.88124539160658,49.35791112084229],[-122.88112029493725,49.3580817047234],[-122.88106609364421,49.35817170509937],[-122.88096840361315,49.35836951363146],[-122.88090008061236,49.35854040583245],[-122.88072040353437,49.358756218362046],[-122.8806512008792,49.358836913299804],[-122.88063649799042,49.35887651213519],[-122.88058172212193,49.35902582210705],[-122.88055333897964,49.359115614178116],[-122.88047092013868,49.35921451434081],[-122.88024983127313,49.35943022624821],[-122.88016753369071,49.35950220712386],[-122.88000133171498,49.359618712710585],[-122.87982236858804,49.35979851603631],[-122.87965776386294,49.35994230468402],[-122.87956104477777,49.36002321069425],[-122.87949187654777,49.3601309139114],[-122.87942128118769,49.36031071424132],[-122.8793804760453,49.360481797682695],[-122.8793521769823,49.36069749806432],[-122.8793374842603,49.36078740999225],[-122.87925489291098,49.36094041171071],[-122.87922709196837,49.36102120705282],[-122.87910348607417,49.3612459236673],[-122.8789917041691,49.361398610559725],[-122.87881300730216,49.361623509027126],[-122.8786471341826,49.361812313211395],[-122.8786050305696,49.36187499966885],[-122.87857721499057,49.36208191259558],[-122.87856354574716,49.3622349193102],[-122.87852213807139,49.362414713048544],[-122.87852094698046,49.36258561576853],[-122.87850744126376,49.36265749937992],[-122.87842432492752,49.362792510800816],[-122.87821664995036,49.36296300252817],[-122.87792817104547,49.363106618365144],[-122.87785855182486,49.36314260974041],[-122.87758378037425,49.36331321583183],[-122.87734837845315,49.363511010370615],[-122.87723860572149,49.36358271651622],[-122.87690620725273,49.36378932027766],[-122.87683779696144,49.36383432602776],[-122.8765612842018,49.36397780890763],[-122.87625849184775,49.36410331090926],[-122.87609422504136,49.36416610695248],[-122.87584541404077,49.364282813589504],[-122.87562400460826,49.36439961023959],[-122.87532124533729,49.36452521248297],[-122.87522404084159,49.3645789059097],[-122.87512753311489,49.364642025106555],[-122.87503135999877,49.364740814421765],[-122.87490675646215,49.36492952305508],[-122.8748241579803,49.36505552476262],[-122.8747415657417,49.3652082254185],[-122.87456187591647,49.365396906136816],[-122.87436837066225,49.365612616040735],[-122.87424297576312,49.365837207849815],[-122.87413328807484,49.36603501697187],[-122.87406308767841,49.3662328094959],[-122.87400719711513,49.36644850474688],[-122.87396718183895,49.3665566152084],[-122.87393908744178,49.36671851385469],[-122.87389581851895,49.36692520898989],[-122.8738684174023,49.36705111059617],[-122.87384043655959,49.36715921794296],[-122.87372953915059,49.36737471155663],[-122.87364713363623,49.367599819820704],[-122.87361993978831,49.36767160630904],[-122.8735078236524,49.36787840720431],[-122.8734808296949,49.36801261178212],[-122.87345265703408,49.36808511556957],[-122.87338405346397,49.36830992870696],[-122.87331375964875,49.36853480280445],[-122.87327244790416,49.36868762086575],[-122.87322996655378,49.36885860588511],[-122.8731751903679,49.36908331930975],[-122.87314735784791,49.36916420758168],[-122.87313277700252,49.36938021667657],[-122.87309048413866,49.369622999978525],[-122.87311846657651,49.369820808133326],[-122.87320008541171,49.36993782112806],[-122.87339299650175,49.37006411519193],[-122.87354439505864,49.370217098823424],[-122.8737908762181,49.370289205153156],[-122.87402488336105,49.370469408222874],[-122.87410706516832,49.37057760806871],[-122.87410777361742,49.37069441922922],[-122.87403760420982,49.370892318035956],[-122.87402371294515,49.37094622130967],[-122.87394178938803,49.37103611223411],[-122.87376071119378,49.37129660643023],[-122.87367842091855,49.37152170449129],[-122.87363653385404,49.37165640742981],[-122.87355283061513,49.37180040431093],[-122.87342894243622,49.37195301365574],[-122.8732366254793,49.37212360553701],[-122.8730696344623,49.37227640210341],[-122.87297344290994,49.37237530712972],[-122.87276624053573,49.372537015188634],[-122.87257365123253,49.372635601463685],[-122.87225586852793,49.37277930329555],[-122.87214659138542,49.37284232044217],[-122.87186987419194,49.37301271510502],[-122.87153967265083,49.37323740927452],[-122.87147067699544,49.37329111050376],[-122.8712899067465,49.37344380797562],[-122.8710836921171,49.373641622886225],[-122.8708758977118,49.37381211768115],[-122.87069732806182,49.374009824601906],[-122.87064081903543,49.37408171051822],[-122.87050233577727,49.374270519708425],[-122.87035184437404,49.374459204623584],[-122.87029652962542,49.374513118489304],[-122.87006055307386,49.374719599788634],[-122.86988135865029,49.37489940805966],[-122.86972887767021,49.37501621748449],[-122.86968795338251,49.375061218631814],[-122.8696332604474,49.37510612282469],[-122.86960557157138,49.37513320668915],[-122.86956358244555,49.37516882179781],[-122.86953704992582,49.375204910445206],[-122.86949505688196,49.37524090537654],[-122.86948176793145,49.37525881194412],[-122.869454058306,49.37528581553912],[-122.8694253784441,49.37530360428127],[-122.86939766875193,49.3753306078646],[-122.86935626419431,49.37535760538194],[-122.86931598117265,49.37539361973873],[-122.86919058587539,49.375465412088005],[-122.86897077987409,49.37563612465123],[-122.868791273216,49.37574370804257],[-122.86847360334022,49.37583342132006],[-122.86822541389934,49.3759140227536],[-122.86808871523546,49.37596832334788],[-122.86800592740552,49.376003615463034],[-122.86789431531959,49.376075526207075],[-122.86770061891131,49.37629120981046],[-122.86749392896982,49.37647100348041],[-122.86728663756972,49.376659506673604],[-122.86709304378847,49.3768481309566],[-122.8668724500271,49.37705480470392],[-122.86663817078389,49.37726132186096],[-122.86644445219953,49.377477211201516],[-122.86630537338425,49.377674714560236],[-122.86615479670729,49.377890522165835],[-122.86611197019083,49.377962412971605],[-122.86597479421705,49.37813331304716],[-122.8659194831343,49.37818713285037],[-122.86568389277541,49.37841171437527],[-122.86553181590989,49.37854662681275],[-122.86532520662026,49.378699128552036],[-122.86514602350569,49.37887882635185],[-122.86504922224555,49.37898663107714],[-122.86493860778579,49.379094615011184],[-122.86485473674252,49.37926532200826],[-122.86471734683205,49.37946310876143],[-122.86440005331654,49.37975060486166],[-122.86437073657028,49.379903423207594],[-122.86434445923334,49.38001131031975],[-122.86424605206476,49.38021823018931],[-122.86419117047821,49.38031703059501],[-122.86413594679567,49.38049672018888],[-122.86408014707986,49.38065861463321],[-122.86402386349612,49.38082952802535],[-122.86394147245697,49.38105431531011],[-122.86388519368926,49.381224906527265],[-122.86378898971199,49.38144993062907],[-122.86373298486127,49.38153971409754],[-122.86370607995455,49.38165661126296],[-122.8636901979635,49.381781923620025],[-122.86366278333476,49.381863415978394],[-122.86364876267227,49.381933169350276],[-122.86343302622898,49.38193391565848],[-122.86002690033658,49.38194732000686]]]]}},{"type":"Feature","properties":{"DGUID":"2021S051259153593","DAUID":"59153593","LANDAREA":5.5027,"PRUID":"59","fed_num":"59025","da_code":"59153593","geo_name":"59153593","name_source":{"label":"Statistics Canada Census Profile 2021 DA WDS","url":"https://www12.statcan.gc.ca/wds-sdw/2021profile-profil2021-eng.cfm"},"population":687,"status":"ok","source":{"label":"Statistics Canada Census Profile 2021 DA WDS","url":"https://www12.statcan.gc.ca/wds-sdw/2021profile-profil2021-eng.cfm"},"community_name":"Belcarra","community_source":{"label":"Statistics Canada 2021 census subdivision boundaries (spatial lookup)","url":"https://geo.statcan.gc.ca/geo_wa/rest/services/2021/Cartographic_boundary_files/MapServer/9"},"community_display":"Belcarra","is_unorganized":false,"panel_title":"Belcarra","display_label":"Belcarra","map_label":"Belcarra"},"geometry":{"type":"MultiPolygon","coordinates":[[[[-122.92569379425865,49.323326564514716],[-122.92584460603379,49.32325395389094],[-122.92592771103403,49.323253960320045],[-122.92599560320316,49.32329955986534],[-122.92600939914749,49.323370759521524],[-122.9259684095882,49.323434856874876],[-122.92588581579093,49.323487565960946],[-122.92569202703599,49.32352456584379],[-122.92559591273428,49.323524561786186],[-122.92552751759719,49.32348755403547],[-122.92555460212067,49.323424877700454],[-122.92569379425865,49.323326564514716]]],[[[-122.92807840849187,49.32060206175024],[-122.92798167576413,49.32061066557275],[-122.92789920127939,49.320602055378124],[-122.92788428939011,49.320547961973986],[-122.9278982889559,49.32048525516855],[-122.92799467972442,49.32038566284083],[-122.92815987232575,49.32031437037062],[-122.92824297143449,49.320314374821024],[-122.92832575671393,49.32034145926642],[-122.92835378329934,49.32039557091711],[-122.92829847162946,49.32050387814828],[-122.92824280874532,49.32052096676313],[-122.92807840849187,49.32060206175024]]],[[[-122.88887307481617,49.3506332215764],[-122.88889158406376,49.35060589884696],[-122.88907046515274,49.35058741088847],[-122.8890968777729,49.35063300296541],[-122.88908289731926,49.350695709629804],[-122.88894530312739,49.35087510436168],[-122.88889027969905,49.35092920460878],[-122.88884969086436,49.3509520069855],[-122.88879370668903,49.350983406127234],[-122.88871048653732,49.35101041197148],[-122.88864119853906,49.35097481541071],[-122.88864290370613,49.350910713793816],[-122.88866997604656,49.350848100411845],[-122.88884917370052,49.350668615459284],[-122.88887307481617,49.3506332215764]]],[[[-122.89265759380453,49.34650709586034],[-122.89272662261801,49.346462899875775],[-122.89282280643445,49.3464629016348],[-122.89290570880071,49.3464900174014],[-122.89293073022888,49.346512706753245],[-122.89297472326584,49.34655261124808],[-122.89298793016187,49.346732104412276],[-122.89291873798662,49.34694860551501],[-122.89287831096054,49.3471109012099],[-122.89283714251496,49.347236004763005],[-122.89282205045959,49.347281801227616],[-122.89267083457733,49.347469803330085],[-122.89262894542244,49.34752398569541],[-122.89260313509989,49.34754571629526],[-122.89239325072776,49.34772190454604],[-122.89229683287395,49.34774900632959],[-122.89227405884985,49.3477490087153],[-122.89220064607244,49.34774900405021],[-122.89212596520179,49.34773470390984],[-122.89210414546655,49.34773050245495],[-122.89205014846046,49.34769490934867],[-122.89198076225678,49.34761368969713],[-122.89198016939363,49.34760670244662],[-122.89196706760623,49.34744281122873],[-122.89196753657923,49.34736160654203],[-122.89206524961803,49.347145093490155],[-122.89212095637335,49.347055399956325],[-122.892381148173,49.346848902520804],[-122.89251931230106,49.346660911496215],[-122.89254811728686,49.346606809116636],[-122.89265759380453,49.34650709586034]]],[[[-122.91449262926457,49.33082078998976],[-122.91458901874371,49.330721081567525],[-122.9147689055583,49.33068547674477],[-122.91504430356179,49.33068548710811],[-122.9151811889427,49.33072107303736],[-122.91549831679986,49.330766683521055],[-122.91558111462433,49.330793779839595],[-122.91564800723722,49.330856365145195],[-122.91570290998403,49.3309475761707],[-122.91570371444315,49.33101876844349],[-122.91568880001935,49.33121677775978],[-122.91566259653699,49.331289392228356],[-122.9155939231507,49.33135207738086],[-122.91551020144404,49.33138768586983],[-122.91530441935717,49.33144177270025],[-122.91498753545217,49.33144177119265],[-122.91477993664728,49.33144179162918],[-122.9146839323978,49.33141467577638],[-122.91461555244385,49.33137768201478],[-122.91450581444025,49.331252378077615],[-122.91447804082233,49.331098571504725],[-122.91445152724835,49.33101876917783],[-122.91446472671116,49.33087348962194],[-122.91449262926457,49.33082078998976]]],[[[-122.93347777143366,49.31629664771571],[-122.93353226110274,49.3162511543415],[-122.93361415811715,49.31623406347262],[-122.9338080481904,49.31624255444423],[-122.93393206092743,49.31632375917907],[-122.93398656008664,49.31639634452964],[-122.93404086015555,49.31655737169845],[-122.93408235321682,49.3166299607576],[-122.93408307924334,49.31677386030098],[-122.93408025979612,49.31681226855575],[-122.93406719557548,49.316988862982505],[-122.93406876272859,49.317070050280954],[-122.93401317443035,49.31720534695401],[-122.93390198267022,49.317357745963264],[-122.93377820897567,49.31757425588725],[-122.93358629934957,49.317772170729],[-122.93353130642886,49.31782625636003],[-122.93337889676577,49.31792455190723],[-122.9332142240392,49.317987260644166],[-122.93310439914134,49.317995759499674],[-122.9330071386477,49.317978659852436],[-122.9329240438818,49.31793316274324],[-122.93281580718424,49.317843358487906],[-122.93277393603023,49.31771806343729],[-122.93277480758819,49.31758275595465],[-122.93284269635612,49.31737625414101],[-122.93287151633535,49.31732214414705],[-122.93289900864312,49.31713276250428],[-122.93292629854402,49.31704294972749],[-122.93309248536967,49.31683646683964],[-122.93317889810133,49.31672725149262],[-122.93324238649626,49.31664705856077],[-122.93333899320905,49.316459065924796],[-122.93347777143366,49.31629664771571]]],[[[-122.90384638573104,49.34163339487604],[-122.90377791058997,49.34159639352625],[-122.90372229096417,49.34155228346496],[-122.90369508400839,49.34143550178129],[-122.90365498005414,49.3412915950903],[-122.90366969718704,49.341120695807625],[-122.9036972928067,49.34097689891877],[-122.90382078894957,49.340814489922884],[-122.9040145785193,49.34059799557749],[-122.90413893814457,49.340445595513444],[-122.90427644246004,49.3402206054532],[-122.90439984176999,49.34013088927063],[-122.90452513345059,49.34009529623674],[-122.90461962640425,49.34008669401145],[-122.90482664027317,49.34012229734388],[-122.9049652350575,49.34023909063775],[-122.90504594178478,49.34033877241026],[-122.90517074955626,49.34056379251683],[-122.90529373856953,49.34073478013417],[-122.90533524024966,49.34080737574662],[-122.90536175407775,49.340959783025546],[-122.90536294863895,49.3410494752934],[-122.90526494937615,49.34117479551817],[-122.90508574025552,49.34124749520774],[-122.90477026725017,49.34128308656834],[-122.90457666053128,49.34132719981794],[-122.9043568888462,49.341516594730116],[-122.90402527464751,49.341614890694736],[-122.90394388052924,49.341623491316234],[-122.90384638573104,49.34163339487604]]],[[[-122.8917053673567,49.3482517186923],[-122.89178657414483,49.3481975957813],[-122.8918969609487,49.34818050450829],[-122.89214566576604,49.348189115189044],[-122.89236646931836,49.34818910875909],[-122.8926272600541,49.348153488082666],[-122.89277882987606,49.348117897980764],[-122.89291654988754,49.34811788894065],[-122.89299894963192,49.34822610676073],[-122.89300845874779,49.348355601304064],[-122.89301217136695,49.34840550872511],[-122.89299756080297,49.34862199011208],[-122.892915142558,49.348792900984314],[-122.89287345248415,49.34892680534063],[-122.8928308782512,49.34908920506194],[-122.89270677780178,49.349287114480546],[-122.89251481190908,49.349485104512105],[-122.89229441525076,49.349683105296556],[-122.89210090830268,49.34990670055713],[-122.89193539671352,49.35007760945196],[-122.89185233228561,49.35015019736485],[-122.89172792913902,49.35023000770325],[-122.89154943464523,49.35037379000672],[-122.8912588388657,49.3505533091995],[-122.89110775591061,49.35065290665646],[-122.89087373039858,49.35085949718703],[-122.89080393047118,49.35090500492951],[-122.89070724420448,49.35091361668024],[-122.89061015246715,49.3509036152734],[-122.8905283768784,49.35085950541079],[-122.89047314804037,49.350795391317114],[-122.89037664863977,49.35064301880105],[-122.89036334221946,49.35049061353231],[-122.89037735007643,49.35028270250078],[-122.89040734066738,49.35011170964983],[-122.89050213996961,49.34994230842534],[-122.89061310887006,49.349744297676565],[-122.89072421796585,49.34954629622564],[-122.89078011397967,49.34942960288934],[-122.8908899967326,49.34927570647952],[-122.89094551167162,49.349213104979476],[-122.89120772416,49.34903360893297],[-122.89133117800785,49.348943906467326],[-122.89145559087278,49.348791495293426],[-122.89153899370501,49.34866471339971],[-122.89160869212647,49.34843971150851],[-122.89163589962332,49.34837710714223],[-122.89164238901348,49.34836539369626],[-122.8917053673567,49.3482517186923]]],[[[-122.87768816564522,49.35160167892308],[-122.87760468778878,49.33132690029963],[-122.87760440960034,49.33125819743827],[-122.87758864942629,49.33016022381924],[-122.8836078640813,49.33016473590351],[-122.89471094366397,49.330172098746175],[-122.89574491070289,49.330172718110504],[-122.89594537691853,49.330172850959194],[-122.8956791654957,49.3303370973285],[-122.89547228238061,49.3304989093397],[-122.89521079667406,49.33070531007071],[-122.89503191791,49.33088510121532],[-122.89479793982765,49.331091802797665],[-122.89461732850431,49.331271494175624],[-122.8942597281616,49.33139721740473],[-122.89417725612698,49.33154989322468],[-122.89415006683507,49.331622102698944],[-122.89410704666423,49.3318018065956],[-122.89406646570008,49.33194560499929],[-122.89396915928076,49.332089505264754],[-122.89391458411001,49.33213440406057],[-122.89365216110924,49.33225120036557],[-122.89350117474073,49.33229621719229],[-122.89333646415028,49.33234101315757],[-122.89312880062924,49.33241269955484],[-122.89297779257019,49.332484308445714],[-122.8926887061391,49.33269109302011],[-122.89245420246272,49.332852714037095],[-122.892246033757,49.33305950972449],[-122.8921227169934,49.33323021581657],[-122.89195762191613,49.33341010736728],[-122.89188742974731,49.3334818210573],[-122.89172224813966,49.33368850195286],[-122.89155634884948,49.33390439960188],[-122.89141827772232,49.334066212806135],[-122.89126647357864,49.33420090173281],[-122.89107377276905,49.334380606056826],[-122.89100586595181,49.33444372207956],[-122.89072998447571,49.33465922326255],[-122.89056350253209,49.33488390887494],[-122.89038411151367,49.335045601101285],[-122.89031571432041,49.33509071597976],[-122.89021869122942,49.335126420199856],[-122.89005351249315,49.3351531981913],[-122.88979201837638,49.33517999674723],[-122.88950243734423,49.33518860692612],[-122.889214610251,49.33519751082923],[-122.88907704532481,49.33519721369329],[-122.888938222904,49.33518812176894],[-122.88874584639487,49.33513391335222],[-122.8886088372553,49.33512480393678],[-122.88840281995203,49.335169608821644],[-122.8881822604611,49.33530430480733],[-122.88786514558531,49.33546600704048],[-122.88772614774176,49.33553771854543],[-122.88753436073819,49.33562761255314],[-122.88738167581481,49.33569920510041],[-122.88718975512934,49.335816107601296],[-122.88692818889521,49.33602281232682],[-122.88690028203649,49.336103213495704],[-122.88698141029151,49.336229620705176],[-122.88714617286924,49.33631090582162],[-122.88732608834309,49.336347017349624],[-122.88750549865382,49.33636510491399],[-122.88771117630188,49.33640122492711],[-122.88784917018054,49.336446509982686],[-122.88806788544427,49.336545402478265],[-122.88815088600208,49.336590620053215],[-122.88834399360178,49.3367887147018],[-122.88856307865036,49.33693290389124],[-122.88863178383978,49.33696001524961],[-122.88874208584345,49.337058897729946],[-122.88886517722582,49.33727491690643],[-122.8889071802559,49.33741881983823],[-122.88901548094248,49.33759899704591],[-122.88905648281734,49.33767991428373],[-122.88909859764193,49.337769996709824],[-122.88918119247634,49.337923007458194],[-122.88923497143118,49.337967901860154],[-122.88949587745718,49.338103215307875],[-122.88970219528635,49.33831009919143],[-122.88982620104343,49.33843611779405],[-122.88993648565923,49.33853529901838],[-122.89023939130448,49.338661411110486],[-122.89030756576736,49.33869741342317],[-122.89061058248572,49.33876970360329],[-122.89073377727705,49.33880590897048],[-122.89084489190694,49.338842108915244],[-122.8909404817276,49.3388780125433],[-122.8912160756708,49.33895011165796],[-122.89129848932363,49.33897730454388],[-122.89133956333573,49.33903140840041],[-122.89132517200999,49.33922011174469],[-122.89125557678892,49.3393101939232],[-122.89115908039616,49.3395168193808],[-122.89115830722534,49.33957981059084],[-122.89124059569991,49.339660801860276],[-122.89128219379874,49.33973289493189],[-122.89124020395852,49.339948695985896],[-122.89117200690141,49.34011959467316],[-122.89107469233791,49.34023640790167],[-122.89099251237037,49.340461219842],[-122.89096481885421,49.34051531458546],[-122.89082581842628,49.34073990572534],[-122.89079923138438,49.34080299323034],[-122.89074252499405,49.340955610099016],[-122.89070093648562,49.34106361674847],[-122.89064622432849,49.34128839901627],[-122.89056354728571,49.3414950952134],[-122.8904246657814,49.34169299916883],[-122.89038264368799,49.34175590411504],[-122.89032804272563,49.34195371181863],[-122.89024427402282,49.342124706650964],[-122.89021776259956,49.34218750541129],[-122.89014805141215,49.342277508923814],[-122.8900520861459,49.34250220497368],[-122.88999585926962,49.34267320345476],[-122.88994019324511,49.34286179942248],[-122.88991258169956,49.34304180652471],[-122.88985760493283,49.34319469597203],[-122.8898435988391,49.34327569823797],[-122.8898410100817,49.34330099767989],[-122.88982880681799,49.343419405083836],[-122.88981471436934,49.34368039576849],[-122.88985591066148,49.34386040168058],[-122.88985579635428,49.344067306535095],[-122.8898959169702,49.34423819274304],[-122.88992681991685,49.34434541555358],[-122.88995032141247,49.34442721997569],[-122.88992270693956,49.34463390234966],[-122.88993640813783,49.34481380094384],[-122.88996434282807,49.34488591548305],[-122.89008791887828,49.34496681165306],[-122.89029333677135,49.34508389854098],[-122.89031243313046,49.34509929394632],[-122.89047291612664,49.34522811236212],[-122.89054032041611,49.34530020355659],[-122.89057374261162,49.345388296049826],[-122.89058123341292,49.345408005413155],[-122.89056752597814,49.345561005968776],[-122.89055301941488,49.34577680399062],[-122.89051204407684,49.34587580385095],[-122.89030494297911,49.34606441680533],[-122.89015244426398,49.34620830301168],[-122.8900160455126,49.34634320133601],[-122.8897676611042,49.346558700545735],[-122.88953309443747,49.34674730732565],[-122.88935307206916,49.34689100438863],[-122.88925637395623,49.34697210078165],[-122.88916019964634,49.34712470813591],[-122.88898011709296,49.347295505850035],[-122.88892520106921,49.34739441415535],[-122.8888567160886,49.34746640116706],[-122.88864992949914,49.347600909510966],[-122.88853971435509,49.347754013604465],[-122.88855183201909,49.34793361704549],[-122.88860763199546,49.34802391368586],[-122.88878904672167,49.34809830997931],[-122.88882702907718,49.348113799983274],[-122.88895140406684,49.34813210791794],[-122.88919909627387,49.34813239905396],[-122.88943309204198,49.34813239880159],[-122.8895017204309,49.348186508929054],[-122.88947450783091,49.34825860643779],[-122.88932241044286,49.34847430482983],[-122.88925314176761,49.348609113143716],[-122.88923872340287,49.34879791500993],[-122.88932082434822,49.34893311460482],[-122.88938944967356,49.348987109959296],[-122.88940353401334,49.349059017982846],[-122.88938892258425,49.34914899581714],[-122.88930583168799,49.34931069668799],[-122.8892232652362,49.34946371256858],[-122.88915375083077,49.3496792972108],[-122.88909867049458,49.34985930335517],[-122.88907115682046,49.3500121090262],[-122.88904336813933,49.350092996263186],[-122.88898739081782,49.35018280818505],[-122.88869889487628,49.350353609641026],[-122.88857358195703,49.35045239484391],[-122.88846399354988,49.350623189247564],[-122.8884092131431,49.35072210773872],[-122.88832529726992,49.350919909650614],[-122.88829808082767,49.35099200754354],[-122.88818731247476,49.3512077925528],[-122.88814521773719,49.35127051551269],[-122.88796550344243,49.351486314402045],[-122.88785643194267,49.35167509861256],[-122.88781434682681,49.35173810906162],[-122.8876353245913,49.35191782005651],[-122.88756491974092,49.35204361296595],[-122.88751015164334,49.352142496679285],[-122.88741394399158,49.352268407449024],[-122.88719255503774,49.35243909427112],[-122.88704166233315,49.35260981222514],[-122.88676505464475,49.35283431306762],[-122.88650359099623,49.3529869970969],[-122.88617198816291,49.35315760634196],[-122.88584219639296,49.35332819759223],[-122.88572858952335,49.3534113872389],[-122.88540291197357,49.35340379512277],[-122.88538947901421,49.3516280629665],[-122.87768816564522,49.35160167892308]]],[[[-122.91475608862969,49.32982187895316],[-122.91443891290999,49.32988468530748],[-122.91416340513535,49.32999247193453],[-122.91406751201322,49.33003728369266],[-122.91380540935094,49.330100196475534],[-122.9135035295719,49.33018978489335],[-122.91317181676284,49.33031538281068],[-122.91307543452558,49.33034248075342],[-122.91278664106744,49.33049529549995],[-122.91260756136825,49.33057599093328],[-122.91231845935229,49.33065668375455],[-122.9122357656864,49.330683573634026],[-122.9121262601071,49.330701594247834],[-122.91200136894952,49.33069239347713],[-122.91193267278794,49.33063838426853],[-122.91189274871167,49.33056658591205],[-122.911878076779,49.33050338256037],[-122.91196125338345,49.330287575977444],[-122.91192034194688,49.33015268953293],[-122.91163124713378,49.33002648567348],[-122.91143816106957,49.32998127524026],[-122.91113664770405,49.329783281178976],[-122.91084774076417,49.32957628232923],[-122.91073834412025,49.32954018269054],[-122.91047695898389,49.329513079513475],[-122.91033898113365,49.32949467296588],[-122.91002137172717,49.32948568023002],[-122.90971880075277,49.32945839223542],[-122.90947107664708,49.32945808659193],[-122.90946230431035,49.32945749008354],[-122.90938658780854,49.32945198933189],[-122.90934790902334,49.329449188734074],[-122.90928808461315,49.32943598946944],[-122.90918349241232,49.329412986876235],[-122.90908728526828,49.32935900051478],[-122.90908698998949,49.32928699519893],[-122.90908788596963,49.32928458748042],[-122.90911418092477,49.329215092379194],[-122.90918367636978,49.3291521000969],[-122.90932029092136,49.329089291488415],[-122.90958186786582,49.329035397777915],[-122.90967945350302,49.32899058665521],[-122.90973406067393,49.32894569018566],[-122.90976247741705,49.328828890946646],[-122.90970635681988,49.32861279009096],[-122.90967965488711,49.32854980186385],[-122.9096667580745,49.32836579459061],[-122.9096664647195,49.32836077078269],[-122.90966634843592,49.32818097835873],[-122.90981764149942,49.3280281817823],[-122.90991523758963,49.32795639838585],[-122.91009304109099,49.327920386910655],[-122.91036823707172,49.32792067809009],[-122.91049311951693,49.327929880862236],[-122.91072694138423,49.32798378586852],[-122.91080950244228,49.32800808194662],[-122.91085001740775,49.32802000054058],[-122.91100193925085,49.32803807997428],[-122.91122200765143,49.32803819037325],[-122.9113315108902,49.32802028594916],[-122.91164959907125,49.32786779120033],[-122.91188329599304,49.32771507888207],[-122.91198029077135,49.32767908923991],[-122.91231017607079,49.32758039392403],[-122.9123927918294,49.32755347090765],[-122.9126827767629,49.327382677474255],[-122.91286195795706,49.327274974512086],[-122.91312255866453,49.327158294355584],[-122.91339766163597,49.327158578372796],[-122.9136326667771,49.32716747720649],[-122.91394905416992,49.32716778971632],[-122.91412732693577,49.32717689305223],[-122.91434793488293,49.327195271995436],[-122.91460873972947,49.3272043884922],[-122.9147050341917,49.3272042855893],[-122.91485701780375,49.327195397478675],[-122.91499380196443,49.32705158196667],[-122.91507812040902,49.32684477809631],[-122.91509162596542,49.326745787527656],[-122.9151059047847,49.32655708919371],[-122.9151609204216,49.326350087353376],[-122.91518809889608,49.326278183600124],[-122.91533978000338,49.32614349600068],[-122.91562919060146,49.32595468390767],[-122.91569756794121,49.325909690446345],[-122.91576667363181,49.32577477146082],[-122.91579475447446,49.325586174748004],[-122.91579646660956,49.32540608976783],[-122.91580907315841,49.32519027459034],[-122.9158107612443,49.32501048942736],[-122.91582413249851,49.32493848479176],[-122.9158787531749,49.32486657885087],[-122.91603103951675,49.32472288279725],[-122.9162378114025,49.32456097295869],[-122.91652612297955,49.32439018463491],[-122.91666391941615,49.324309385467274],[-122.91685679823767,49.324174691855625],[-122.91718699021746,49.323967985416324],[-122.91727039616829,49.32387798913513],[-122.91731157887801,49.32369818129983],[-122.91728558328029,49.32357218578477],[-122.91724388916202,49.323527391437594],[-122.91710547862881,49.32341027489688],[-122.91703839184103,49.32323018955322],[-122.9170938691741,49.32304148856621],[-122.91710665993483,49.32297848021947],[-122.91705265953591,49.32280748273745],[-122.91673616396676,49.32265427093241],[-122.91662578143651,49.32258217908699],[-122.91654347943538,49.32250127179426],[-122.91647536868811,49.322438271467966],[-122.91637947287232,49.32230328221972],[-122.91622697505323,49.32214128489852],[-122.91610407501494,49.321997292834496],[-122.91598087795609,49.321808291669385],[-122.9158438751463,49.32159236763085],[-122.91578848322007,49.32152017668122],[-122.91572026516444,49.3213312843879],[-122.91570636259225,49.321178377676645],[-122.91569297335133,49.3210433785394],[-122.91562466350788,49.32088157441849],[-122.91561065689493,49.32078266984224],[-122.9156251671413,49.320719473598224],[-122.91570684287736,49.32060267412636],[-122.91577724093469,49.320449890248796],[-122.91583085749961,49.320341986053286],[-122.91583143629418,49.320126068325365],[-122.91584583707736,49.31991027453052],[-122.91590080544894,49.3197032893243],[-122.91612251182086,49.31952349204685],[-122.91642560197134,49.31936189359539],[-122.91656341664338,49.31928108397723],[-122.91676940483093,49.319209284075065],[-122.91701758215311,49.31917357057537],[-122.91715416970911,49.31913748251619],[-122.91729185951158,49.319056685405506],[-122.91740215296747,49.31897567159403],[-122.91751266907306,49.3188138786416],[-122.91756876091358,49.318643166535836],[-122.91760917368913,49.31855318216925],[-122.91780225067579,49.31833738832103],[-122.91795473408419,49.318112591550936],[-122.91802264493451,49.31802278736692],[-122.91809303567486,49.317842974531246],[-122.9181478223727,49.3177439801448],[-122.91838090766234,49.31757338534234],[-122.91867019724775,49.31743858196096],[-122.91874019355247,49.31739357299168],[-122.9188769992456,49.31724967550084],[-122.9190976019593,49.31706086931418],[-122.91911239448181,49.31689016443634],[-122.91912646427004,49.316782181119116],[-122.91907127463273,49.316629192178674],[-122.9190437718216,49.31642238070044],[-122.91904448374807,49.31635937183986],[-122.91914136223183,49.31614368283497],[-122.91916796257121,49.316053483064444],[-122.91922315425198,49.315999575571944],[-122.91929234749297,49.31583776671312],[-122.91934766835787,49.31575687470682],[-122.91951244876928,49.31563119113999],[-122.91962275182824,49.31552317004896],[-122.91966482259893,49.31543348127468],[-122.91973325006778,49.315361376597835],[-122.9198444352266,49.31516358025796],[-122.91991239701223,49.31501967199908],[-122.92011921175774,49.314857780904084],[-122.92039521366345,49.314714269405364],[-122.92057498660625,49.314570474179824],[-122.92064337632331,49.314498381152774],[-122.92068914209656,49.31442185357657],[-122.92076709837411,49.31429156895597],[-122.92079497277939,49.314156773403],[-122.92078239569693,49.31395907886455],[-122.9205621517115,49.31377877123951],[-122.92024577379836,49.31359867323225],[-122.92016288302794,49.31355377287392],[-122.92002476396647,49.31353547623781],[-122.91981839574164,49.31356257485711],[-122.91957081292357,49.313589276405104],[-122.91943378319081,49.31360697604345],[-122.91919909966077,49.31369688052436],[-122.91895240216571,49.31381367187815],[-122.91866212865777,49.31393938908],[-122.91858062369339,49.31397537721966],[-122.91847053458528,49.31400238890408],[-122.91815272454278,49.314127879198466],[-122.9178509570195,49.31424476905805],[-122.91753464698326,49.3144243704134],[-122.91727235092908,49.314567975895976],[-122.91703837594599,49.31464888903793],[-122.91677608752266,49.31476557988456],[-122.91657009638021,49.314864384345974],[-122.91648691251028,49.31490028264214],[-122.9162671134736,49.31502607148459],[-122.91596410906733,49.31516097137839],[-122.91567422647483,49.31533138727436],[-122.91534423966296,49.315484184175844],[-122.91508183596923,49.3156548717],[-122.91480695005824,49.315807670478556],[-122.91464226909581,49.31587957519393],[-122.9145458657882,49.31593336878009],[-122.91436654818521,49.31609518780298],[-122.91429824861875,49.3161399821131],[-122.9139943538617,49.316184784200466],[-122.913733379591,49.31628347324621],[-122.91349910484338,49.316418382231795],[-122.91334799693928,49.316544078558834],[-122.9131957258042,49.31668808842013],[-122.91314172440153,49.31675098293558],[-122.91308623006248,49.31691268352128],[-122.91303092129421,49.317020588866995],[-122.91298880320288,49.31708358097988],[-122.91265875151893,49.31729028932837],[-122.91245094268044,49.31741589004873],[-122.91227214280188,49.31759569357812],[-122.91197017124423,49.317793378734144],[-122.91172077754834,49.318000187500964],[-122.91163867002642,49.318072194838805],[-122.91144659277924,49.318269883182964],[-122.91130797595825,49.31844048262858],[-122.91114239094169,49.31862938221088],[-122.91098991582861,49.3188271853475],[-122.91085243034584,49.31903379306413],[-122.9106179375199,49.31924969350858],[-122.91056321301348,49.31932168871246],[-122.9105626481666,49.31933059222798],[-122.91055002922286,49.31933957313582],[-122.91052132633098,49.319357601775074],[-122.9104937253945,49.319384392247315],[-122.91045223327465,49.31943839866162],[-122.91039714832061,49.319492288381795],[-122.91034251956576,49.31953719574781],[-122.91017814790585,49.319681084598095],[-122.90997014462317,49.3198608794327],[-122.90986035914212,49.31995970024843],[-122.90968046661261,49.32015749089779],[-122.90951528562341,49.320364182769936],[-122.90946127384987,49.32042707607925],[-122.90937727647146,49.32052600286404],[-122.90925309124536,49.32066068858012],[-122.90917138246436,49.320750695715326],[-122.90893578491018,49.32095730199489],[-122.90877149069688,49.32110118780516],[-122.9085371218924,49.321289892563144],[-122.90830212806343,49.32146049551558],[-122.90813663578832,49.32162238428477],[-122.90798503613065,49.321703298420545],[-122.90751733540748,49.32206269148692],[-122.90725514706445,49.32217929948509],[-122.90691096484002,49.32243988282925],[-122.90660727639151,49.32261060974416],[-122.90648438024468,49.322700488530735],[-122.90618129565539,49.322835096917046],[-122.90609808679879,49.3228709873628],[-122.90602970834055,49.32291608857888],[-122.90578230190683,49.32304180086822],[-122.90554752718982,49.32315838242674],[-122.90539653607898,49.32323040002563],[-122.90513482665614,49.323338008307914],[-122.90494144193755,49.32342787902445],[-122.90461144919873,49.3235534983217],[-122.9042661504648,49.32365198564793],[-122.90399185553572,49.32374179468511],[-122.9038816629228,49.3237958094364],[-122.90378526062072,49.32382258732398],[-122.90367448565524,49.32385860323982],[-122.90346747823313,49.323894284301076],[-122.90334358071537,49.32392110746844],[-122.90315087550964,49.32397500570572],[-122.90298618995666,49.324019793938575],[-122.90278019089945,49.32409161134116],[-122.90257230814963,49.32421740132221],[-122.90229792857143,49.32436098901298],[-122.90221551725764,49.324414710366554],[-122.9020492221677,49.32453180732415],[-122.90195311827439,49.32463061028698],[-122.90184245666264,49.324846402296096],[-122.90174493438045,49.32504441508637],[-122.90163474518351,49.325251189924906],[-122.9015665456319,49.32542211091593],[-122.90151104347132,49.32558370563507],[-122.90146895226061,49.32567370006616],[-122.90137217918421,49.325835604621986],[-122.90127627804993,49.32606031041837],[-122.9012479625641,49.3261231030656],[-122.90115127587674,49.326258011516984],[-122.90097968584654,49.32642571727142],[-122.90085535838254,49.32638529893553],[-122.90007965525822,49.3261330393781],[-122.89367730781744,49.32547694181901],[-122.89400846367961,49.32529154112115],[-122.89426831752172,49.3248305083359],[-122.89429554816016,49.32469244750906],[-122.89440404182714,49.32446840281305],[-122.89456936798973,49.32429362899221],[-122.89469479030919,49.32393343547247],[-122.8947305666008,49.323850356431855],[-122.89511843687997,49.32337665694043],[-122.89529445878327,49.32318762937713],[-122.89564670162041,49.3229420223115],[-122.89535067870992,49.32279235366066],[-122.89514748860867,49.32262254179981],[-122.89503998516459,49.32233754437513],[-122.89503741508437,49.32201268706513],[-122.8950360598501,49.321841940463656],[-122.89470596631526,49.321020945838015],[-122.89214105306702,49.318753742228616],[-122.88976478141272,49.31716576372058],[-122.8896152710919,49.3170155455956],[-122.88955787175846,49.31690754283853],[-122.8896361540923,49.31629363610384],[-122.89001971476453,49.31518954315051],[-122.8900775091626,49.31488552484198],[-122.89010062100621,49.31476395451212],[-122.89006910222777,49.31447484069234],[-122.89003573749552,49.314407652610264],[-122.88996611472511,49.314267350355316],[-122.89007820966758,49.31414106446804],[-122.89005371911071,49.31413124440683],[-122.89106511091894,49.31396309925614],[-122.89161500003569,49.31384984794808],[-122.8925782720018,49.31365143694877],[-122.89369279430336,49.3134082044376],[-122.89491147249004,49.31329249223604],[-122.89540669478008,49.313094489413935],[-122.89610374329138,49.31295854281886],[-122.89676316555371,49.31290013973428],[-122.89768564985138,49.31334264050823],[-122.89899997470913,49.3140136962599],[-122.89975928637962,49.31474337222608],[-122.90049011536733,49.314955093993476],[-122.9011646633867,49.31472943113187],[-122.90204537470161,49.314694415953966],[-122.90296927027069,49.314608677504694],[-122.90298447672528,49.31460727374906],[-122.9030598906374,49.31458599703188],[-122.90425049781452,49.31425009666906],[-122.90413687303385,49.31473698337814],[-122.90570615888069,49.31427303046126],[-122.90588786776804,49.314218152716855],[-122.90627897734842,49.31409543648858],[-122.90668683502732,49.31401320698851],[-122.90721107898975,49.31395281272458],[-122.9079182095492,49.313892365494176],[-122.90804869647957,49.31367089621768],[-122.90835363677662,49.313257425808644],[-122.90863745615431,49.31292985182161],[-122.90887217482322,49.312710321136315],[-122.90926599622645,49.31245300824492],[-122.90972221166989,49.312152689141605],[-122.91029045323084,49.31186231586701],[-122.91074364158423,49.311667816697536],[-122.91139620663913,49.311415752167434],[-122.9123651520665,49.31122278397037],[-122.91242044485627,49.31121337392179],[-122.91346616154567,49.31102653121813],[-122.91464585782664,49.31087956408545],[-122.91603147768872,49.310753284615785],[-122.91694059385615,49.310663564987244],[-122.91777266326064,49.31062117800974],[-122.9183004420867,49.31059596788223],[-122.91880462832044,49.31058919827184],[-122.92617784543205,49.31052294917853],[-122.92764561618836,49.31049986170996],[-122.92767915130163,49.3105993549733],[-122.92780362504683,49.31077036369945],[-122.9278846522116,49.31092326131191],[-122.92794695689042,49.31096397670585],[-122.92803624899976,49.31102217140847],[-122.9279953618806,49.31109415859232],[-122.9277200710395,49.31117507385978],[-122.92768227155447,49.31118907735687],[-122.92762317302966,49.31121085770759],[-122.92751236289587,49.311273871108945],[-122.92736246932095,49.31140868116805],[-122.9271283761016,49.31154326213462],[-122.92686588867625,49.31176806078929],[-122.92675570236082,49.31184905908267],[-122.92671429758481,49.31190275934492],[-122.92667231187171,49.311965777511],[-122.92665891043882,49.31203776960329],[-122.92664550459558,49.31213667486954],[-122.9266871062266,49.312208872669494],[-122.92683780854483,49.31242477206687],[-122.9269892330536,49.312604771750614],[-122.9271669239176,49.312802676908326],[-122.92730481908576,49.312901660453],[-122.92762131618011,49.31305487787951],[-122.92771742236005,49.31313587238759],[-122.92772418444964,49.313151814481564],[-122.92774412113414,49.31319877193302],[-122.92771691898508,49.313324664170935],[-122.92767932901937,49.31337406922336],[-122.92766222763998,49.31339655245634],[-122.92751071678919,49.313477574819345],[-122.92726301751193,49.31355836599797],[-122.92712472029275,49.31362116715687],[-122.9270277226854,49.31365727441127],[-122.9269923246842,49.31370137397983],[-122.9268909442369,49.31382786483033],[-122.92687645357081,49.31389106117693],[-122.92689046640656,49.314016967280324],[-122.92690456914724,49.314088872827156],[-122.9269170520448,49.314160758504116],[-122.92691797434065,49.31425087266146],[-122.92690284412451,49.314322766705565],[-122.92682045901596,49.31450257075357],[-122.92677996818473,49.31461967971765],[-122.92669718021087,49.314754362442514],[-122.9266596550435,49.31481766593992],[-122.92665456293823,49.31482636634724],[-122.92657289033019,49.31494306964093],[-122.92644749625094,49.31512307278156],[-122.92637948334034,49.31523986634732],[-122.92633810400382,49.31529387730874],[-122.92625529723776,49.31540156629615],[-122.92624200037379,49.31547358052514],[-122.9262417158877,49.31547536860158],[-122.92622802151216,49.31555456923807],[-122.926214104784,49.31560877011612],[-122.92622698383965,49.315725662850525],[-122.9263369986612,49.31595957380819],[-122.92639192174018,49.316013458357155],[-122.92650251821077,49.31621146002753],[-122.92662581825807,49.31640047739963],[-122.92665271184913,49.316436369293726],[-122.92668063589154,49.316481369151326],[-122.92673533325437,49.31658936046511],[-122.92670733758168,49.316778264388155],[-122.92670762214662,49.316904163193534],[-122.92673440976407,49.31696706245776],[-122.92678863112465,49.31703027854877],[-122.92683092518847,49.31709318078154],[-122.9270638176644,49.31723717727275],[-122.92708574902684,49.317277268554655],[-122.92713282374557,49.31736326758376],[-122.92715343456568,49.3174685642792],[-122.92716103890898,49.31750725286305],[-122.92714563690814,49.317714065519496],[-122.9272001473599,49.31792977226788],[-122.92724233113012,49.31799297550081],[-122.92732535136831,49.31803806434151],[-122.92739295048796,49.31805606259908],[-122.92761415186672,49.318065160873935],[-122.92787451899612,49.31800217104382],[-122.92815084424929,49.31795766690213],[-122.92842541530285,49.31791286812244],[-122.92870002723978,49.31789476295275],[-122.92879690440094,49.31788596045128],[-122.92894780282724,49.31781397749547],[-122.92916959510154,49.3176074772311],[-122.92927867305217,49.31751736796057],[-122.92938888037892,49.31743665263105],[-122.92952697518875,49.31724777445935],[-122.929595956033,49.3171399601575],[-122.92963796100226,49.31707696226071],[-122.92977535583233,49.316924064422096],[-122.92982983740305,49.31687916005786],[-122.93005033946211,49.316744375836784],[-122.93017533138081,49.316699562490506],[-122.93025744106845,49.3166545563885],[-122.93053334231833,49.31656475150916],[-122.93080744431555,49.31647487140272],[-122.93091752655312,49.31644816778292],[-122.93116521464941,49.31642117089006],[-122.9313726307092,49.31643035689754],[-122.9314689044632,49.316430352399244],[-122.93156522167405,49.31643056572477],[-122.9316465192427,49.316448258679415],[-122.93175760747683,49.31648435147834],[-122.93184000977757,49.3165655649818],[-122.93188111447645,49.316619647329595],[-122.93192273292985,49.31669146430332],[-122.93194900812432,49.316736454957],[-122.93200349867573,49.31692546396793],[-122.93200501178927,49.317006260869576],[-122.93204580800496,49.31722216373141],[-122.93205824216574,49.31729436119149],[-122.93205864019916,49.31736616667938],[-122.93215434095639,49.31758225109157],[-122.93215442148714,49.31778917106232],[-122.9321543438826,49.31784285013671],[-122.9320857338471,49.31799606528464],[-122.93197592999066,49.31809476203796],[-122.93190654186351,49.31813086497572],[-122.9318245482055,49.3181487729783],[-122.93157575996831,49.318193451855684],[-122.93147994892576,49.31821135303803],[-122.93131538637064,49.318256164148615],[-122.93115027973327,49.318283367311125],[-122.93092946814731,49.31834596782094],[-122.93083369121857,49.318363856308075],[-122.93072308850832,49.318372767771976],[-122.93048918252467,49.31837266144],[-122.93028169650464,49.31841767014287],[-122.9301163856041,49.318498564257],[-122.93000778282268,49.31860636412409],[-122.92995258323295,49.318660255531555],[-122.92984110567375,49.318786063426074],[-122.92964922726873,49.318957068186776],[-122.92941442366875,49.31912777677162],[-122.9293185184962,49.3191995624966],[-122.92916614428817,49.319397359754426],[-122.92908354095634,49.31945135986871],[-122.92900084576611,49.319478274974244],[-122.92883632730451,49.31949606386885],[-122.92864264669416,49.319486960932416],[-122.92847757139036,49.319513767843],[-122.92828526749014,49.3196127690502],[-122.92818876658507,49.31972055587669],[-122.9281344882118,49.31986456245164],[-122.92810627084154,49.319927372153934],[-122.92807906572453,49.31999926721514],[-122.9278571774985,49.320260056083214],[-122.92759657643393,49.32040386067097],[-122.92744561945099,49.32052956722806],[-122.92734921608354,49.320556667703194],[-122.92716910971625,49.32062836057067],[-122.92693611349578,49.32071836196335],[-122.9268111059609,49.320763171798255],[-122.92661893135903,49.32080806388211],[-122.92655063726747,49.32085286756031],[-122.92653613276913,49.320915777976936],[-122.92657725542776,49.32099697265061],[-122.92670142782954,49.32104187056811],[-122.92683892550866,49.32106906331474],[-122.92696322310297,49.321086975891795],[-122.9271139246616,49.32112306846261],[-122.92727872648483,49.3212043613933],[-122.9273199069272,49.321258157668595],[-122.92733402959041,49.32135705931475],[-122.92730562946738,49.3214742523647],[-122.92727901146549,49.32153705935881],[-122.9271262351213,49.321689755264934],[-122.92696085199188,49.32179766342279],[-122.92676785748296,49.32195937307666],[-122.92661675328478,49.32211215645226],[-122.92634108034949,49.322328060584184],[-122.926273271126,49.32236386974598],[-122.92603836224316,49.32256156809391],[-122.92588620156764,49.32267857035996],[-122.92580339247246,49.322759577641804],[-122.92556970019533,49.3229392590023],[-122.92547430570808,49.32302917948985],[-122.9251844158747,49.32319985857814],[-122.92511602833049,49.323244663054545],[-122.92490830672412,49.32334346970626],[-122.92478435399377,49.32339737350882],[-122.92446902177807,49.32343317621448],[-122.92435774080616,49.32347816479063],[-122.92417963212142,49.32362196744925],[-122.92411064654097,49.323702773871034],[-122.92402674871565,49.32377466105615],[-122.92394465113237,49.323846680288966],[-122.92388943668425,49.32390056927776],[-122.9235731833952,49.32408016035074],[-122.92335207209985,49.324224182206436],[-122.92309130638698,49.32442166919844],[-122.92289768425488,49.32459266830922],[-122.92262270336765,49.32477228286183],[-122.9223751247062,49.32497887652671],[-122.92209824415623,49.32518576833656],[-122.9220029464454,49.3252486780154],[-122.92180882064363,49.32537426622061],[-122.92165776933042,49.32550027768299],[-122.9215474581729,49.325581068238186],[-122.92145035470561,49.325670874795094],[-122.92114887754579,49.32585967978563],[-122.92090025556864,49.32600336792255],[-122.92078997087503,49.32608446797873],[-122.92046000239272,49.326263879023706],[-122.92037669258941,49.326299760822856],[-122.92010108848744,49.32648866500404],[-122.92001838970803,49.326542682935276],[-122.91968760556682,49.32675816700438],[-122.91959231471785,49.326820982398054],[-122.91930191947881,49.326946776988194],[-122.91919163186859,49.32700078840117],[-122.91888853140735,49.327162387873535],[-122.91876563425888,49.32725237593867],[-122.91855755875746,49.32745886806987],[-122.91848866211008,49.32751298555349],[-122.91822725448458,49.32769267035746],[-122.91806307787712,49.327809566991384],[-122.91798017004687,49.32794438785906],[-122.91797869501364,49.328043370511416],[-122.91796527310096,49.32814207303848],[-122.91797879845093,49.32822326718794],[-122.91799227829586,49.328304185925205],[-122.91804759155254,49.328430173518875],[-122.91808919023795,49.32850226426475],[-122.91841898844199,49.32866427219608],[-122.91848760180795,49.32871827785174],[-122.9185836732359,49.328799275337055],[-122.91874878708724,49.32897938996592],[-122.91879038789148,49.32907818808406],[-122.9188163915148,49.3292041857152],[-122.9188159980458,49.32936608285003],[-122.91880238895757,49.32949208342224],[-122.91878940305654,49.329636070889194],[-122.91870652437129,49.329770766203794],[-122.91851312809669,49.32983367088458],[-122.91819660835722,49.32986038178612],[-122.91786642278386,49.32986029253467],[-122.91755004957166,49.32985998068964],[-122.91721984554388,49.32985986652653],[-122.91701334434657,49.329886570346304],[-122.9167513501901,49.329895487333445],[-122.91642105672662,49.32992207947931],[-122.91626915143027,49.329930968708986],[-122.91594017447687,49.329912891230016],[-122.91562217633627,49.329858470549794],[-122.91537579795092,49.329813384901264],[-122.9151269706026,49.32980438903762],[-122.91497567840729,49.329804268018556],[-122.91475608862969,49.32982187895316]]]]}},{"type":"Feature","properties":{"DGUID":"2021S051259153594","DAUID":"59153594","LANDAREA":0.0141,"PRUID":"59","fed_num":"59025","da_code":"59153594","geo_name":"59153594","name_source":{"label":"Statistics Canada Census Profile 2021 DA WDS","url":"https://www12.statcan.gc.ca/wds-sdw/2021profile-profil2021-eng.cfm"},"population":0,"status":"ok","source":{"label":"Statistics Canada Census Profile 2021 DA WDS","url":"https://www12.statcan.gc.ca/wds-sdw/2021profile-profil2021-eng.cfm"},"community_name":"Metro Vancouver A","community_source":{"label":"Statistics Canada 2021 census subdivision boundaries (spatial lookup)","url":"https://geo.statcan.gc.ca/geo_wa/rest/services/2021/Cartographic_boundary_files/MapServer/9"},"community_display":"Metro Vancouver A","is_unorganized":false,"panel_title":"Metro Vancouver A","display_label":"Metro Vancouver A","map_label":"59153594"},"geometry":{"type":"MultiPolygon","coordinates":[[[[-122.93642718046792,49.311431553115916],[-122.9366758861077,49.31130625073441],[-122.93675908545578,49.31127926383645],[-122.93695125729855,49.31127924979198],[-122.9371150589396,49.311351863360336],[-122.93730914293342,49.31151275555885],[-122.9373353659318,49.31158546338678],[-122.93733616153688,49.3117748666202],[-122.93730847291029,49.31191865003747],[-122.93726687530548,49.31205255693123],[-122.93719746985886,49.31222344800382],[-122.93718238938733,49.312448456876034],[-122.93714239180856,49.31260225538226],[-122.93703191201047,49.31271905523665],[-122.93689319715884,49.31280884795499],[-122.93683950791095,49.31285296052911],[-122.93674239722552,49.31306085719133],[-122.93670130032292,49.31311355608348],[-122.93663122980807,49.31314064055801],[-122.93653510483439,49.313140659381034],[-122.93646762051779,49.313113541485585],[-122.93642703461411,49.31305095013026],[-122.93643941234838,49.31290706981121],[-122.9363860311537,49.31279026136938],[-122.9362879128488,49.31276327249866],[-122.93609571566692,49.31276326251833],[-122.93599923998698,49.31274476136723],[-122.9358894373032,49.312646450076834],[-122.93587690250197,49.312565257946915],[-122.935876526368,49.312367263768614],[-122.93588973046363,49.31229466342921],[-122.93600108960518,49.31211525665233],[-122.93617919372733,49.3119528543205],[-122.9363035088444,49.31180046090577],[-122.93633069584952,49.31166515464357],[-122.93633066773397,49.3115583540045],[-122.93642718046792,49.311431553115916]]]]}},{"type":"Feature","properties":{"DGUID":"2021S051259153595","DAUID":"59153595","LANDAREA":1.4066,"PRUID":"59","fed_num":"59025","da_code":"59153595","geo_name":"59153595","name_source":{"label":"Statistics Canada Census Profile 2021 DA WDS","url":"https://www12.statcan.gc.ca/wds-sdw/2021profile-profil2021-eng.cfm"},"population":851,"status":"ok","source":{"label":"Statistics Canada Census Profile 2021 DA WDS","url":"https://www12.statcan.gc.ca/wds-sdw/2021profile-profil2021-eng.cfm"},"community_name":"Port Moody","community_source":{"label":"Statistics Canada 2021 census subdivision boundaries (spatial lookup)","url":"https://geo.statcan.gc.ca/geo_wa/rest/services/2021/Cartographic_boundary_files/MapServer/9"},"community_display":"Port Moody","is_unorganized":false,"panel_title":"Port Moody","display_label":"Port Moody","map_label":"59153595"},"geometry":{"type":"MultiPolygon","coordinates":[[[[-122.861434169432,49.30788329667379],[-122.8607998223734,49.30796934175456],[-122.86037645526415,49.308312866423115],[-122.85997625560492,49.30871333051487],[-122.85957973532363,49.30911015828534],[-122.85877649737472,49.30991394331543],[-122.85830019898152,49.31039056070644],[-122.85813090736805,49.31055999650698],[-122.85691029893202,49.31178559455504],[-122.85603966963663,49.31266180798403],[-122.85593161209742,49.31277052416484],[-122.85579320326093,49.31302682298814],[-122.85572039671689,49.313349904488284],[-122.85571710560612,49.31384436728619],[-122.8557159016118,49.313976934910556],[-122.85571538365352,49.31403090603034],[-122.85571064493324,49.31454770252472],[-122.85300789713092,49.31454740359256],[-122.85216719688785,49.31454705996887],[-122.8513003968352,49.31454669571504],[-122.8510960160565,49.314546601242334],[-122.8504473656869,49.314546503598066],[-122.84780170790262,49.31454602365345],[-122.84760519739147,49.31450332115298],[-122.847469300815,49.314438116032086],[-122.84739978933277,49.31435577399025],[-122.84712519156193,49.31403071356554],[-122.84638351098162,49.313152522455155],[-122.84602204480515,49.31275224154159],[-122.84526569067333,49.31191462235272],[-122.84514353797482,49.311771401897474],[-122.84495656489814,49.31155222161114],[-122.84437910654296,49.31087523471585],[-122.84411295649043,49.31055922310234],[-122.84361689057255,49.309970217674326],[-122.84312768524099,49.309459518110486],[-122.84247176568778,49.3087917554902],[-122.84061800754623,49.3066305137944],[-122.84009630853585,49.30602951121459],[-122.83978279370741,49.3056683321334],[-122.8374918002683,49.303066333253405],[-122.83648262810672,49.30193168452039],[-122.83640748952979,49.30184722707927],[-122.8357672087529,49.30113932574709],[-122.83574043442351,49.30110971525996],[-122.83562749604062,49.300984827017466],[-122.83549970078508,49.30072163998923],[-122.83549424631705,49.300603862032965],[-122.83546629572851,49.29999885284941],[-122.83545530338918,49.29976094028567],[-122.83560256851108,49.29964706566821],[-122.83574727511322,49.2995379469367],[-122.83595267060603,49.29938171145474],[-122.8360272853325,49.299324971763824],[-122.84198888642953,49.29985262926733],[-122.84196730976406,49.30064504561609],[-122.84135342130796,49.305882544783806],[-122.84885021454717,49.30587318686116],[-122.84911798596458,49.30587334859023],[-122.84988222105657,49.30587383079503],[-122.85023752703029,49.30695318856053],[-122.8506649805442,49.30821724791462],[-122.85147352639551,49.308212688778134],[-122.85687119430013,49.30781290077314],[-122.85793785142411,49.307797600099825],[-122.85838894496766,49.30778388540215],[-122.85856534601692,49.307694708576975],[-122.85931123619847,49.306868552240616],[-122.86046660744358,49.30558874665443],[-122.86438881567057,49.30567969317754],[-122.8647436978548,49.30567925588233],[-122.87350157144117,49.30578602871036],[-122.87350574098329,49.306055175016176],[-122.87356031864297,49.309263698110456],[-122.87325961552312,49.30948109453886],[-122.87290167738793,49.30964910125295],[-122.87235207955766,49.3097025250011],[-122.8717403425836,49.30963707931325],[-122.87039292556959,49.309326001256025],[-122.86946734850635,49.309386556930356],[-122.86887689140742,49.30947484916579],[-122.86826880214774,49.30945720105221],[-122.86762184931604,49.309221357244716],[-122.86723858955426,49.3088895536342],[-122.86664973373632,49.308180649560384],[-122.86636723882394,49.308046342030565],[-122.86599258547278,49.30795349198082],[-122.86191774810413,49.307891027746045],[-122.861434169432,49.30788329667379]]]]}},{"type":"Feature","properties":{"DGUID":"2021S051259153596","DAUID":"59153596","LANDAREA":0.7893,"PRUID":"59","fed_num":"59025","da_code":"59153596","geo_name":"59153596","name_source":{"label":"Statistics Canada Census Profile 2021 DA WDS","url":"https://www12.statcan.gc.ca/wds-sdw/2021profile-profil2021-eng.cfm"},"population":688,"status":"ok","source":{"label":"Statistics Canada Census Profile 2021 DA WDS","url":"https://www12.statcan.gc.ca/wds-sdw/2021profile-profil2021-eng.cfm"},"community_name":"Port Moody","community_source":{"label":"Statistics Canada 2021 census subdivision boundaries (spatial lookup)","url":"https://geo.statcan.gc.ca/geo_wa/rest/services/2021/Cartographic_boundary_files/MapServer/9"},"community_display":"Port Moody","is_unorganized":false,"panel_title":"Port Moody","display_label":"Port Moody","map_label":"59153596"},"geometry":{"type":"MultiPolygon","coordinates":[[[[-122.84198888642953,49.29985262926733],[-122.8360272853325,49.299324971763824],[-122.83595267060603,49.29938171145474],[-122.83574727511322,49.2995379469367],[-122.83560256851108,49.29964706566821],[-122.83545530338918,49.29976094028567],[-122.83540571571146,49.299629486429254],[-122.83538899164606,49.299585134533466],[-122.83535503410938,49.29955088161428],[-122.8351830903129,49.2993773371189],[-122.83427791368436,49.2989814318081],[-122.83396392512427,49.29874613113742],[-122.83363784370955,49.29828610860979],[-122.83439825887369,49.298084103356004],[-122.8348016593704,49.297875206662134],[-122.83509878646015,49.297591149099205],[-122.83525536959064,49.297271443920636],[-122.83527358783742,49.29702580696132],[-122.83528977347423,49.29680761798392],[-122.8358024161335,49.296750571141054],[-122.8371976845,49.2965941492351],[-122.83797684778538,49.296620577408426],[-122.83863710470618,49.29671739332523],[-122.83930214226721,49.29690529929054],[-122.84048657942799,49.2973807805653],[-122.8403235297527,49.29688831238707],[-122.84047922352191,49.296762337241674],[-122.84055809579802,49.29663392107721],[-122.8405911932679,49.29645023034186],[-122.84055201379425,49.29619963502503],[-122.84048521537714,49.296089536804665],[-122.8403639848294,49.29593193552271],[-122.84009361013227,49.2957627448677],[-122.83973002511864,49.29565033750428],[-122.83949179603866,49.295615438281395],[-122.83891252844697,49.295642616943844],[-122.83853271607713,49.29562612935058],[-122.8355779855616,49.29510353376905],[-122.835839064675,49.294802237536466],[-122.83624966311903,49.294467441987955],[-122.83653313526484,49.29430139135575],[-122.83657197408553,49.29427863018576],[-122.8370149392252,49.2940934347951],[-122.83784427025704,49.29383270349599],[-122.83785369822256,49.293829729691694],[-122.83834409195906,49.29355313472263],[-122.8386918198712,49.29307199977156],[-122.83873429854778,49.29301322906596],[-122.84002076406813,49.29346258961025],[-122.8405818850115,49.293803302823534],[-122.84105030955384,49.294192679368855],[-122.84359707389046,49.29650845479772],[-122.8438593823283,49.29689626710058],[-122.84393391120288,49.29727589372237],[-122.8439257201463,49.29753780953754],[-122.84384635649711,49.29779492293521],[-122.84354110811809,49.29819860333754],[-122.84335324101467,49.29837327144153],[-122.84320273023482,49.298361661478886],[-122.8430830981041,49.29842302929027],[-122.84339713498336,49.29856525687342],[-122.84659468249471,49.300013207595214],[-122.84678586474575,49.300094257310434],[-122.85024799759331,49.300162273951855],[-122.85104548099198,49.30312738851144],[-122.85126575324881,49.303946237209765],[-122.85139057454494,49.304413401847576],[-122.85117149255501,49.305814342077966],[-122.85147352639551,49.308212688778134],[-122.8506649805442,49.30821724791462],[-122.85023752703029,49.30695318856053],[-122.84988222105657,49.30587383079503],[-122.84911798596458,49.30587334859023],[-122.84885021454717,49.30587318686116],[-122.84135342130796,49.305882544783806],[-122.84196730976406,49.30064504561609],[-122.84198888642953,49.29985262926733]]]]}},{"type":"Feature","properties":{"DGUID":"2021S051259153597","DAUID":"59153597","LANDAREA":0.136,"PRUID":"59","fed_num":"59025","da_code":"59153597","geo_name":"59153597","name_source":{"label":"Statistics Canada Census Profile 2021 DA WDS","url":"https://www12.statcan.gc.ca/wds-sdw/2021profile-profil2021-eng.cfm"},"population":543,"status":"ok","source":{"label":"Statistics Canada Census Profile 2021 DA WDS","url":"https://www12.statcan.gc.ca/wds-sdw/2021profile-profil2021-eng.cfm"},"community_name":"Port Moody","community_source":{"label":"Statistics Canada 2021 census subdivision boundaries (spatial lookup)","url":"https://geo.statcan.gc.ca/geo_wa/rest/services/2021/Cartographic_boundary_files/MapServer/9"},"community_display":"Port Moody","is_unorganized":false,"panel_title":"Port Moody","display_label":"Port Moody","map_label":"59153597"},"geometry":{"type":"MultiPolygon","coordinates":[[[[-122.82746214178827,49.29375195045943],[-122.82777284776715,49.29359265911238],[-122.82797473871076,49.29379586795249],[-122.8283052586402,49.29398935330089],[-122.82913360894985,49.29424065221888],[-122.83064309964463,49.294684932419216],[-122.83206547804639,49.29509693972609],[-122.8322109625763,49.29514085710366],[-122.83279363594778,49.29516515207151],[-122.83283544256513,49.29516249278764],[-122.83468134144158,49.29504574876277],[-122.83517979935152,49.29505492562507],[-122.8355779855616,49.29510353376905],[-122.83853271607713,49.29562612935058],[-122.83891252844697,49.295642616943844],[-122.83949179603866,49.295615438281395],[-122.83973002511864,49.29565033750428],[-122.84009361013227,49.2957627448677],[-122.8403639848294,49.29593193552271],[-122.84048521537714,49.296089536804665],[-122.84055201379425,49.29619963502503],[-122.8405911932679,49.29645023034186],[-122.84055809579802,49.29663392107721],[-122.84047922352191,49.296762337241674],[-122.8403235297527,49.29688831238707],[-122.84048657942799,49.2973807805653],[-122.83930214226721,49.29690529929054],[-122.83863710470618,49.29671739332523],[-122.83797684778538,49.296620577408426],[-122.8371976845,49.2965941492351],[-122.8358024161335,49.296750571141054],[-122.83549825007181,49.296714628046345],[-122.83535791907795,49.29661503229411],[-122.83528914691681,49.29647427622561],[-122.83528616591812,49.29585350273347],[-122.83527218251128,49.295853047973665],[-122.83486783119939,49.295838552750425],[-122.83456782514943,49.295863037846345],[-122.83404115750014,49.29596474704157],[-122.83287618726101,49.296051347854636],[-122.83226258172272,49.296035138712135],[-122.83050371587996,49.29585915027468],[-122.82917962195297,49.295739241744805],[-122.82803919173269,49.29570755458676],[-122.82755177802872,49.29575713773691],[-122.82724549597452,49.29571215815625],[-122.82705909197568,49.29562376328351],[-122.82690259733695,49.29545884432729],[-122.82689580006576,49.29519735568626],[-122.82703705969101,49.29484024282617],[-122.82733054632855,49.29390755527512],[-122.82746214178827,49.29375195045943]]]]}},{"type":"Feature","properties":{"DGUID":"2021S051259153598","DAUID":"59153598","LANDAREA":0.7562,"PRUID":"59","fed_num":"59025","da_code":"59153598","geo_name":"59153598","name_source":{"label":"Statistics Canada Census Profile 2021 DA WDS","url":"https://www12.statcan.gc.ca/wds-sdw/2021profile-profil2021-eng.cfm"},"population":1987,"status":"ok","source":{"label":"Statistics Canada Census Profile 2021 DA WDS","url":"https://www12.statcan.gc.ca/wds-sdw/2021profile-profil2021-eng.cfm"},"community_name":"Port Moody","community_source":{"label":"Statistics Canada 2021 census subdivision boundaries (spatial lookup)","url":"https://geo.statcan.gc.ca/geo_wa/rest/services/2021/Cartographic_boundary_files/MapServer/9"},"community_display":"Port Moody","is_unorganized":false,"panel_title":"Port Moody","display_label":"Port Moody","map_label":"59153598"},"geometry":{"type":"MultiPolygon","coordinates":[[[[-122.82654754281654,49.300948089901716],[-122.82395006246766,49.30100685681518],[-122.8232229591522,49.3010827442078],[-122.8227636174462,49.30108366132482],[-122.82281566605042,49.30052042852365],[-122.8228638415501,49.30037188251822],[-122.82287317573218,49.300343220237345],[-122.82292392554264,49.30021930282285],[-122.8230368553788,49.29983063234871],[-122.82312002330315,49.29952148647947],[-122.82318097866622,49.29927892289456],[-122.823177716836,49.29926125398529],[-122.82331460042549,49.299197821560725],[-122.8233418562134,49.299135109786846],[-122.82342616945535,49.29887451068468],[-122.82346715735814,49.29875772444183],[-122.82353776861723,49.29863091923688],[-122.82364857481943,49.29838882398571],[-122.82371785534949,49.29810112711395],[-122.82373283774021,49.29795731634127],[-122.82373224663235,49.29779491800431],[-122.82377442692783,49.29746311684403],[-122.82380412211978,49.297156907733665],[-122.823812463155,49.29706471767223],[-122.82381883523236,49.29699450916496],[-122.82383302293941,49.29693192577143],[-122.8238736002976,49.296716811865814],[-122.82391672593012,49.296554502749984],[-122.82394481496713,49.2962397129752],[-122.82397261525401,49.29607732461241],[-122.82401408734505,49.295735526607],[-122.8240445719748,49.295439316819035],[-122.82414148645834,49.29518721667033],[-122.82425148745408,49.29493512630416],[-122.8242928721632,49.294809821556775],[-122.82437725854462,49.29454922439687],[-122.82437697533742,49.29453072854542],[-122.8245013583899,49.294280032162156],[-122.82463976195449,49.29402791622143],[-122.82477924973462,49.29375872197863],[-122.82484854776729,49.29364191260282],[-122.82504153228169,49.293389904718815],[-122.82526280531275,49.293183420538114],[-122.82559359959468,49.29294982164988],[-122.82563320464924,49.292922727586365],[-122.82575741620009,49.29282441696654],[-122.8257855039586,49.29280590693234],[-122.82603279264484,49.29262652532218],[-122.82615859076839,49.29253683053902],[-122.8262694821256,49.292420025008546],[-122.826366596758,49.292140816381654],[-122.82639278616979,49.2920611285087],[-122.82640838717703,49.2919884230724],[-122.82647597062842,49.29186312541651],[-122.82662777810832,49.29162952455519],[-122.82672686951348,49.29137750709636],[-122.82689223022473,49.29113531426912],[-122.82705684570662,49.29092882084671],[-122.82716703143262,49.29082060819925],[-122.8273895175368,49.29063121018542],[-122.8275118399846,49.290551414909636],[-122.82766493235326,49.29047880493148],[-122.82820120031198,49.29013840933549],[-122.82838139261821,49.290075708194145],[-122.82875179783328,49.28998600248098],[-122.82915077355817,49.289869206057254],[-122.82953566539159,49.289780911760914],[-122.82989505846685,49.28964560207643],[-122.8300187460969,49.289555900455596],[-122.83014314313198,49.28943062641731],[-122.83026873480345,49.289151410706914],[-122.83037922531746,49.28889080862958],[-122.83050263121397,49.28865721988007],[-122.830572718416,49.2885048003204],[-122.8305744211629,49.2881716064524],[-122.83053449040364,49.287838307565835],[-122.83053322265273,49.28767742071364],[-122.8305344816686,49.287496511856546],[-122.83056381170499,49.287335506687434],[-122.83059130191847,49.287074921193],[-122.83059160135313,49.28703323488895],[-122.83059270169183,49.286894022099],[-122.83053778310307,49.28675022803318],[-122.83045488767239,49.28662490889282],[-122.83023630475816,49.28643541278031],[-122.83011127904335,49.28631871608464],[-122.83003076591709,49.28620051666274],[-122.83000316894415,49.286039523428826],[-122.83003080411993,49.28594981667732],[-122.83003219122395,49.285939821075104],[-122.83003044914189,49.285914962763805],[-122.83003656598122,49.28591834452676],[-122.83004095997237,49.2859207514779],[-122.83005658417987,49.28592939643247],[-122.8301615353082,49.285987308896495],[-122.83022214602973,49.28602076673913],[-122.83028258763477,49.286050936761185],[-122.83134919999924,49.286583546588545],[-122.8325511058967,49.287183639691754],[-122.83286472277035,49.287422551710364],[-122.83310709689678,49.2876981518089],[-122.83331620973843,49.28809794490016],[-122.83341973169915,49.28940005664898],[-122.83293965920186,49.289384150236465],[-122.83233024506805,49.28941043633327],[-122.83171117076992,49.289557160044666],[-122.83120229682307,49.289822366303675],[-122.83095909516005,49.29012144081288],[-122.83092440630114,49.29046824114036],[-122.83107822969798,49.29073304227705],[-122.83134588173338,49.29094004278726],[-122.83184251917562,49.29121675329406],[-122.83213808852804,49.2916190395738],[-122.83210459469227,49.2919090356522],[-122.8319167071121,49.29218285063833],[-122.8315269471743,49.2924146383883],[-122.8310001600076,49.29253873243843],[-122.83091763436435,49.29253389705202],[-122.83054147458725,49.292511847187136],[-122.82950019480717,49.2921974602538],[-122.82910686627847,49.29215885611073],[-122.82909084800848,49.29215951275765],[-122.82891389066006,49.29216673564205],[-122.82861307277147,49.292232229911235],[-122.82844351591487,49.2922691608445],[-122.82800613381255,49.29247245511719],[-122.8277118326083,49.29277555260053],[-122.82759693331886,49.29298834926318],[-122.82766534068728,49.29343456062608],[-122.82777284776715,49.29359265911238],[-122.82746214178827,49.29375195045943],[-122.82733054632855,49.29390755527512],[-122.82703705969101,49.29484024282617],[-122.82689580006576,49.29519735568626],[-122.82690259733695,49.29545884432729],[-122.82705909197568,49.29562376328351],[-122.82724549597452,49.29571215815625],[-122.82755177802872,49.29575713773691],[-122.82803919173269,49.29570755458676],[-122.82917962195297,49.295739241744805],[-122.83050371587996,49.29585915027468],[-122.83226258172272,49.296035138712135],[-122.83287618726101,49.296051347854636],[-122.83404115750014,49.29596474704157],[-122.83456782514943,49.295863037846345],[-122.83486783119939,49.295838552750425],[-122.83527218251128,49.295853047973665],[-122.83528616591812,49.29585350273347],[-122.83528914691681,49.29647427622561],[-122.83535791907795,49.29661503229411],[-122.83549825007181,49.296714628046345],[-122.8358024161335,49.296750571141054],[-122.83528977347423,49.29680761798392],[-122.83527358783742,49.29702580696132],[-122.83525536959064,49.297271443920636],[-122.83509878646015,49.297591149099205],[-122.8348016593704,49.297875206662134],[-122.83439825887369,49.298084103356004],[-122.83363784370955,49.29828610860979],[-122.83290923764466,49.2984854162722],[-122.83263385826174,49.29861252818745],[-122.83232583531918,49.29883312004362],[-122.8320782459706,49.29913673705867],[-122.83197394708498,49.29945433436371],[-122.83207795759202,49.29984474259811],[-122.83218602081392,49.30001112729961],[-122.83220855717654,49.30004584220048],[-122.83245035452725,49.300270026077314],[-122.83297279865292,49.30055621064254],[-122.83323245321961,49.300698434151066],[-122.83346215722102,49.30085824316828],[-122.8336729466887,49.30109325033845],[-122.83372590076316,49.301168508403975],[-122.8338309548908,49.30131774888343],[-122.83394683604071,49.30171383411982],[-122.83396627518526,49.301994627361516],[-122.83390276841473,49.30231973358045],[-122.83368747041752,49.30265303534704],[-122.83309419179427,49.30328602616216],[-122.83241372743933,49.30378499803767],[-122.8319951574188,49.30403395023459],[-122.83169123513089,49.30419528583842],[-122.83127551397408,49.30430201861592],[-122.83081455316808,49.304346154849284],[-122.83041644247714,49.30433626212144],[-122.83037133218068,49.304132251330365],[-122.83027340217555,49.303975361689005],[-122.8300785066781,49.303788565081604],[-122.82996980935323,49.30362865140202],[-122.82991489795802,49.30346574877636],[-122.82984284369789,49.302869040317034],[-122.82959881537055,49.30227636345207],[-122.82947628025828,49.302097146535154],[-122.82927995953263,49.30195173321681],[-122.8286437420533,49.301742942691355],[-122.82832056912665,49.301603749803],[-122.82815165887772,49.30145915102376],[-122.82804012909526,49.30132073706719],[-122.82787265946759,49.30111583970344],[-122.82773427816049,49.30102798339421],[-122.82753960560866,49.30095920240988],[-122.82741377056895,49.300946504452774],[-122.82727601579187,49.30093254834091],[-122.82654754281654,49.300948089901716]]]]}},{"type":"Feature","properties":{"DGUID":"2021S051259153599","DAUID":"59153599","LANDAREA":1.3537,"PRUID":"59","fed_num":"59025","da_code":"59153599","geo_name":"59153599","name_source":{"label":"Statistics Canada Census Profile 2021 DA WDS","url":"https://www12.statcan.gc.ca/wds-sdw/2021profile-profil2021-eng.cfm"},"population":3235,"status":"ok","source":{"label":"Statistics Canada Census Profile 2021 DA WDS","url":"https://www12.statcan.gc.ca/wds-sdw/2021profile-profil2021-eng.cfm"},"community_name":"Port Moody","community_source":{"label":"Statistics Canada 2021 census subdivision boundaries (spatial lookup)","url":"https://geo.statcan.gc.ca/geo_wa/rest/services/2021/Cartographic_boundary_files/MapServer/9"},"community_display":"Port Moody","is_unorganized":false,"panel_title":"Port Moody","display_label":"Port Moody","map_label":"59153599"},"geometry":{"type":"MultiPolygon","coordinates":[[[[-122.82226057738802,49.31764203322288],[-122.82256749260357,49.31006642243519],[-122.82243616055973,49.308594525389196],[-122.82239260728905,49.30819606287081],[-122.82239488033787,49.30807134231212],[-122.8227636174462,49.30108366132482],[-122.8232229591522,49.3010827442078],[-122.82395006246766,49.30100685681518],[-122.82654754281654,49.300948089901716],[-122.82727601579187,49.30093254834091],[-122.82741377056895,49.300946504452774],[-122.82753960560866,49.30095920240988],[-122.82773427816049,49.30102798339421],[-122.82787265946759,49.30111583970344],[-122.82804012909526,49.30132073706719],[-122.82815165887772,49.30145915102376],[-122.82832056912665,49.301603749803],[-122.8286437420533,49.301742942691355],[-122.82927995953263,49.30195173321681],[-122.82947628025828,49.302097146535154],[-122.82959881537055,49.30227636345207],[-122.82984284369789,49.302869040317034],[-122.82991489795802,49.30346574877636],[-122.82996980935323,49.30362865140202],[-122.8300785066781,49.303788565081604],[-122.83027340217555,49.303975361689005],[-122.83037133218068,49.304132251330365],[-122.83041644247714,49.30433626212144],[-122.83081455316808,49.304346154849284],[-122.83127551397408,49.30430201861592],[-122.83169123513089,49.30419528583842],[-122.8319951574188,49.30403395023459],[-122.83241372743933,49.30378499803767],[-122.83309419179427,49.30328602616216],[-122.83368747041752,49.30265303534704],[-122.83390276841473,49.30231973358045],[-122.83396627518526,49.301994627361516],[-122.83394683604071,49.30171383411982],[-122.8338309548908,49.30131774888343],[-122.83372590076316,49.301168508403975],[-122.8336729466887,49.30109325033845],[-122.83346215722102,49.30085824316828],[-122.83323245321961,49.300698434151066],[-122.83297279865292,49.30055621064254],[-122.83245035452725,49.300270026077314],[-122.83220855717654,49.30004584220048],[-122.83218602081392,49.30001112729961],[-122.83207795759202,49.29984474259811],[-122.83197394708498,49.29945433436371],[-122.8320782459706,49.29913673705867],[-122.83232583531918,49.29883312004362],[-122.83263385826174,49.29861252818745],[-122.83290923764466,49.2984854162722],[-122.83363784370955,49.29828610860979],[-122.83396392512427,49.29874613113742],[-122.83427791368436,49.2989814318081],[-122.8351830903129,49.2993773371189],[-122.83535503410938,49.29955088161428],[-122.83538899164606,49.299585134533466],[-122.83540571571146,49.299629486429254],[-122.83545530338918,49.29976094028567],[-122.83546629572851,49.29999885284941],[-122.83549424631705,49.300603862032965],[-122.83549970078508,49.30072163998923],[-122.83562749604062,49.300984827017466],[-122.83574043442351,49.30110971525996],[-122.8357672087529,49.30113932574709],[-122.83585739480546,49.305846248361895],[-122.83369117758254,49.30580960427686],[-122.83367576514799,49.307554973063716],[-122.83364912742515,49.31057318417743],[-122.83338069312946,49.31412937406822],[-122.83144774418875,49.31409779632985],[-122.83131705039328,49.31409564618476],[-122.82735026685256,49.314044756647725],[-122.8220938686393,49.32145017048078],[-122.82226057738802,49.31764203322288]]]]}},{"type":"Feature","properties":{"DGUID":"2021S051259153600","DAUID":"59153600","LANDAREA":0.2049,"PRUID":"59","fed_num":"59025","da_code":"59153600","geo_name":"59153600","name_source":{"label":"Statistics Canada Census Profile 2021 DA WDS","url":"https://www12.statcan.gc.ca/wds-sdw/2021profile-profil2021-eng.cfm"},"population":433,"status":"ok","source":{"label":"Statistics Canada Census Profile 2021 DA WDS","url":"https://www12.statcan.gc.ca/wds-sdw/2021profile-profil2021-eng.cfm"},"community_name":"Port Moody","community_source":{"label":"Statistics Canada 2021 census subdivision boundaries (spatial lookup)","url":"https://geo.statcan.gc.ca/geo_wa/rest/services/2021/Cartographic_boundary_files/MapServer/9"},"community_display":"Port Moody","is_unorganized":false,"panel_title":"Port Moody","display_label":"Port Moody","map_label":"59153600"},"geometry":{"type":"MultiPolygon","coordinates":[[[[-122.82797473871076,49.29379586795249],[-122.82777284776715,49.29359265911238],[-122.82766534068728,49.29343456062608],[-122.82759693331886,49.29298834926318],[-122.8277118326083,49.29277555260053],[-122.82800613381255,49.29247245511719],[-122.82844351591487,49.2922691608445],[-122.82861307277147,49.292232229911235],[-122.82891389066006,49.29216673564205],[-122.82909084800848,49.29215951275765],[-122.82910686627847,49.29215885611073],[-122.82950019480717,49.2921974602538],[-122.83054147458725,49.292511847187136],[-122.83091763436435,49.29253389705202],[-122.8310001600076,49.29253873243843],[-122.8315269471743,49.2924146383883],[-122.8319167071121,49.29218285063833],[-122.83210459469227,49.2919090356522],[-122.83213808852804,49.2916190395738],[-122.83184251917562,49.29121675329406],[-122.83134588173338,49.29094004278726],[-122.83107822969798,49.29073304227705],[-122.83092440630114,49.29046824114036],[-122.83095909516005,49.29012144081288],[-122.83120229682307,49.289822366303675],[-122.83171117076992,49.289557160044666],[-122.83233024506805,49.28941043633327],[-122.83293965920186,49.289384150236465],[-122.83341973169915,49.28940005664898],[-122.8334202401118,49.29049995178752],[-122.83358333920286,49.29092994586858],[-122.83375686137411,49.29116744228113],[-122.83391760165773,49.2913044873474],[-122.83414262512161,49.29149633192444],[-122.83422847455564,49.29156953409061],[-122.83442857323826,49.29166571328749],[-122.83450577295018,49.29201824963124],[-122.83459139642837,49.29298014823225],[-122.8346585658708,49.2931235503809],[-122.83487067960316,49.29317843927511],[-122.83518478281393,49.293210148135834],[-122.83541255016219,49.29329613770618],[-122.83549785572235,49.293355357448725],[-122.83613645029784,49.29391003960547],[-122.83657197408553,49.29427863018576],[-122.83653313526484,49.29430139135575],[-122.83624966311903,49.294467441987955],[-122.835839064675,49.294802237536466],[-122.8355779855616,49.29510353376905],[-122.83517979935152,49.29505492562507],[-122.83468134144158,49.29504574876277],[-122.83283544256513,49.29516249278764],[-122.83279363594778,49.29516515207151],[-122.8322109625763,49.29514085710366],[-122.83206547804639,49.29509693972609],[-122.83064309964463,49.294684932419216],[-122.82913360894985,49.29424065221888],[-122.8283052586402,49.29398935330089],[-122.82797473871076,49.29379586795249]]]]}},{"type":"Feature","properties":{"DGUID":"2021S051259153601","DAUID":"59153601","LANDAREA":0.2001,"PRUID":"59","fed_num":"59025","da_code":"59153601","geo_name":"59153601","name_source":{"label":"Statistics Canada Census Profile 2021 DA WDS","url":"https://www12.statcan.gc.ca/wds-sdw/2021profile-profil2021-eng.cfm"},"population":470,"status":"ok","source":{"label":"Statistics Canada Census Profile 2021 DA WDS","url":"https://www12.statcan.gc.ca/wds-sdw/2021profile-profil2021-eng.cfm"},"community_name":"Port Moody","community_source":{"label":"Statistics Canada 2021 census subdivision boundaries (spatial lookup)","url":"https://geo.statcan.gc.ca/geo_wa/rest/services/2021/Cartographic_boundary_files/MapServer/9"},"community_display":"Port Moody","is_unorganized":false,"panel_title":"Port Moody","display_label":"Port Moody","map_label":"59153601"},"geometry":{"type":"MultiPolygon","coordinates":[[[[-122.83657197408553,49.29427863018576],[-122.83613645029784,49.29391003960547],[-122.83549785572235,49.293355357448725],[-122.83541255016219,49.29329613770618],[-122.83518478281393,49.293210148135834],[-122.83487067960316,49.29317843927511],[-122.8346585658708,49.2931235503809],[-122.83459139642837,49.29298014823225],[-122.83450577295018,49.29201824963124],[-122.83442857323826,49.29166571328749],[-122.83422847455564,49.29156953409061],[-122.83414262512161,49.29149633192444],[-122.83391760165773,49.2913044873474],[-122.83375686137411,49.29116744228113],[-122.83358333920286,49.29092994586858],[-122.8334202401118,49.29049995178752],[-122.83341973169915,49.28940005664898],[-122.83331620973843,49.28809794490016],[-122.83310709689678,49.2876981518089],[-122.83286472277035,49.287422551710364],[-122.8325511058967,49.287183639691754],[-122.83134919999924,49.286583546588545],[-122.83028258763477,49.286050936761185],[-122.83022214602973,49.28602076673913],[-122.8301615353082,49.285987308896495],[-122.83005658417987,49.28592939643247],[-122.83004095997237,49.2859207514779],[-122.83003656598122,49.28591834452676],[-122.83003044914189,49.285914962763805],[-122.8296986289131,49.28573185224723],[-122.82951873698902,49.285632552857685],[-122.82932727986605,49.28547926419126],[-122.82983821681441,49.28463925505502],[-122.83003833494911,49.28452715949571],[-122.83028599092003,49.28416144810136],[-122.8302512152594,49.284026162724295],[-122.8306909853551,49.284088664505234],[-122.83104600286025,49.28420902903345],[-122.83130250092863,49.284296027059256],[-122.83159718094588,49.28439596340004],[-122.83162893636458,49.28440673337703],[-122.83178264116134,49.284458876825525],[-122.83323285374678,49.28495063504043],[-122.83383684451245,49.28516475815609],[-122.83435512205169,49.28546545301422],[-122.83472984376196,49.28587644873685],[-122.8349100477952,49.28629794745403],[-122.8351204340753,49.28669863581571],[-122.83525595709295,49.286929639428415],[-122.83525766403325,49.28710533755284],[-122.83527299171972,49.287916641971904],[-122.8352731878531,49.28792562425631],[-122.8352783254109,49.288452686111206],[-122.8352812863254,49.28875421774917],[-122.83528369591902,49.289000649779645],[-122.8352883678092,49.28951608933415],[-122.83520304897829,49.29097749855409],[-122.83514693792523,49.29193801544934],[-122.83612664214215,49.292231683818365],[-122.83873429854778,49.29301322906596],[-122.8386918198712,49.29307199977156],[-122.83834409195906,49.29355313472263],[-122.83785369822256,49.293829729691694],[-122.83784427025704,49.29383270349599],[-122.8370149392252,49.2940934347951],[-122.83657197408553,49.29427863018576]]]]}},{"type":"Feature","properties":{"DGUID":"2021S051259153957","DAUID":"59153957","LANDAREA":10.807,"PRUID":"59","fed_num":"59025","da_code":"59153957","geo_name":"59153957","name_source":{"label":"Statistics Canada Census Profile 2021 DA WDS","url":"https://www12.statcan.gc.ca/wds-sdw/2021profile-profil2021-eng.cfm"},"population":161,"status":"ok","source":{"label":"Statistics Canada Census Profile 2021 DA WDS","url":"https://www12.statcan.gc.ca/wds-sdw/2021profile-profil2021-eng.cfm"},"community_name":"Port Moody","community_source":{"label":"Statistics Canada 2021 census subdivision boundaries (spatial lookup)","url":"https://geo.statcan.gc.ca/geo_wa/rest/services/2021/Cartographic_boundary_files/MapServer/9"},"community_display":"Port Moody","is_unorganized":false,"panel_title":"Port Moody","display_label":"Port Moody","map_label":"59153957"},"geometry":{"type":"MultiPolygon","coordinates":[[[[-122.90831315908903,49.293495200409474],[-122.90854643994398,49.2932787100943],[-122.9087125546593,49.29332419820959],[-122.90871315801887,49.29332669675308],[-122.90875265218237,49.293486589552884],[-122.90873906129308,49.293647502050895],[-122.90866874273823,49.29374719065679],[-122.9086827582553,49.29379138933929],[-122.90860017049398,49.293855503435296],[-122.90840867506395,49.293774304483826],[-122.90835416634863,49.293656081784135],[-122.90834917882292,49.2936364986479],[-122.90831315908903,49.293495200409474]]],[[[-122.85535805715804,49.329886484042724],[-122.85546289722457,49.32628770371611],[-122.85557111483983,49.32628737215377],[-122.85610529000704,49.32628586504871],[-122.85812331110759,49.32627805943289],[-122.85812712036918,49.32608135426492],[-122.85817887717992,49.32387032430024],[-122.85934299127781,49.323873968790245],[-122.86327911105498,49.323881506244284],[-122.8632873603748,49.32279534482927],[-122.8670225217306,49.322796128220084],[-122.86692963675235,49.31713679302793],[-122.86692738294767,49.316998684841955],[-122.86711643533772,49.3153504073465],[-122.87338236442982,49.31574125164971],[-122.87640370724098,49.31567497092698],[-122.87768562728044,49.31559980640115],[-122.8777936618863,49.314619221237905],[-122.87783435433433,49.314312902192015],[-122.87767770371924,49.31334017516439],[-122.87606640188329,49.313259202915134],[-122.8737992767042,49.31352591466359],[-122.87356412707847,49.313553535968204],[-122.8735640215402,49.31345368804927],[-122.87356031864297,49.309263698110456],[-122.87350574098329,49.306055175016176],[-122.87350157144117,49.30578602871036],[-122.8647436978548,49.30567925588233],[-122.86438881567057,49.30567969317754],[-122.86472980671181,49.30308330464405],[-122.86473800301162,49.30302064476311],[-122.86475502006071,49.302867425848184],[-122.86478174205892,49.30170730972034],[-122.86485336594241,49.30159670137931],[-122.86484384508537,49.301228891131416],[-122.86485245358736,49.30034900206531],[-122.86469472959591,49.300078698497366],[-122.86475797634695,49.29998554790439],[-122.86485965134382,49.29983579304767],[-122.86486870397093,49.29919278655257],[-122.86491768061012,49.298688239845916],[-122.86492320156998,49.29863139811835],[-122.86487008008442,49.29849576768877],[-122.86484469916172,49.29843089108478],[-122.8647436819653,49.298306622666736],[-122.86471626708808,49.29785329870287],[-122.86472693208513,49.29768263543382],[-122.86473185418312,49.29759957100203],[-122.86474622835011,49.29760786213695],[-122.8648839177525,49.29770675611918],[-122.86519972801578,49.29796816267825],[-122.8654477381384,49.29809125538482],[-122.86565370643484,49.29819355362813],[-122.86569872542687,49.298210055869994],[-122.86593211318073,49.298295164913156],[-122.86602440713366,49.29832875542889],[-122.86625772915521,49.298284060936574],[-122.86627160939041,49.298104246483774],[-122.86627340471769,49.297924458598885],[-122.86635520089213,49.29780746825133],[-122.86641198907867,49.29765484268642],[-122.86652188250349,49.29752875271394],[-122.86665917478473,49.297430045832755],[-122.86681067041856,49.29734946933747],[-122.867030384364,49.29727755553527],[-122.8672656718521,49.29727796366073],[-122.86755345947192,49.297269341031004],[-122.86774576541461,49.297323363171465],[-122.86792476445906,49.29739556304134],[-122.86807614030836,49.297494746155685],[-122.86828145605232,49.297737748003065],[-122.8684737408178,49.29779206831402],[-122.8685827681934,49.29790895990082],[-122.86866506278754,49.29824185497635],[-122.86873435451274,49.29838594165997],[-122.86877505647763,49.298547857432],[-122.86878696618962,49.298727847116474],[-122.86896684948941,49.29886285143128],[-122.86925425818212,49.29921403920358],[-122.86943277048518,49.299421042357835],[-122.86946015268117,49.29944834470883],[-122.86955604434718,49.29968224370401],[-122.86959637547135,49.29992524478442],[-122.86963797356968,49.299997047847846],[-122.86978874487262,49.30010535119045],[-122.86993916019188,49.30032133975563],[-122.8699570732469,49.30034173649192],[-122.87008917173577,49.300492348061624],[-122.87025336236141,49.30070824876287],[-122.8704605674631,49.30092455011326],[-122.87052787922383,49.30099655128339],[-122.87069278005514,49.30117675049994],[-122.87084386455103,49.301356761915315],[-122.8708980761837,49.30141973940295],[-122.87108685183182,49.3015428443397],[-122.87110546632945,49.30155493455401],[-122.87132396817591,49.301654139574055],[-122.871421256901,49.30169024805959],[-122.87170976270203,49.30174445713458],[-122.87194275326772,49.30178976180273],[-122.87198485299696,49.30171776013097],[-122.87216305611912,49.301726835155854],[-122.87224675242987,49.301709055425185],[-122.87231564435014,49.3016553327821],[-122.87253613701857,49.30154745014406],[-122.87268704511854,49.30147574328056],[-122.8728797222041,49.30142195521205],[-122.8731267983333,49.30137734019476],[-122.87334731197045,49.301395556245446],[-122.87334750832542,49.30139563372325],[-122.87352271137144,49.301465743932994],[-122.87359500551247,49.30149473830833],[-122.87382911526835,49.30156684043475],[-122.8739939932169,49.30156705350832],[-122.87406679884812,49.3015671376048],[-122.87418649638367,49.30156735316317],[-122.87436447226058,49.30147764095139],[-122.87465358073182,49.30136994868264],[-122.87476479071253,49.30137913221533],[-122.8748592660668,49.30153184399236],[-122.87499736270357,49.30167603973074],[-122.87506558393284,49.301811247035786],[-122.87513357948323,49.30187424887091],[-122.87525717603268,49.30190123328288],[-122.87551959001013,49.301910448935196],[-122.87575345664307,49.30188374047464],[-122.87584916816589,49.30186595409933],[-122.87609786495963,49.30169523953468],[-122.87620804553336,49.3016415480537],[-122.87649616332195,49.30167774284808],[-122.87681282954237,49.30169594473522],[-122.876936126523,49.301678140467565],[-122.87712965227941,49.30156154468308],[-122.87726793968206,49.30149854194356],[-122.87745972163454,49.301381938288564],[-122.87748120768411,49.301364735263654],[-122.87758323603586,49.30128303857486],[-122.87768111782218,49.301157248283694],[-122.8777234271075,49.30112493502236],[-122.87784591327403,49.3010316313152],[-122.87788850955064,49.30083354153833],[-122.87787417516203,49.30070523724017],[-122.87787348371342,49.30069883946527],[-122.87791629081978,49.30059983227914],[-122.87802589034898,49.30055492667826],[-122.87811898761852,49.300539848256086],[-122.87835608972854,49.300501324266094],[-122.87860416683533,49.30049253089373],[-122.87883848580721,49.30048373354329],[-122.87898936859872,49.30043912437978],[-122.87908615392331,49.30043013127486],[-122.8793743682255,49.30043932378922],[-122.87966286992507,49.3004938312724],[-122.87988203937833,49.300557040135295],[-122.88021233444117,49.30062904743355],[-122.88043233945541,49.30062954828133],[-122.88073585186564,49.30066583437913],[-122.88107834039829,49.30071093188336],[-122.88135482589473,49.30076532360346],[-122.88142352859485,49.30076533990981],[-122.88147853266737,49.30076553635201],[-122.88151810343518,49.30054682834685],[-122.8815206234752,49.300533028210424],[-122.8815468932061,49.300387727109054],[-122.88260618953748,49.30055962495719],[-122.88255010241174,49.30085643921576],[-122.8826336922157,49.300865644238485],[-122.88293620426974,49.3008659383176],[-122.88326557427108,49.30087514103799],[-122.88336118042103,49.300884340973674],[-122.88365129635531,49.30099263460726],[-122.88393977122942,49.301073926587264],[-122.88403525383866,49.30110992432303],[-122.8843520743235,49.30112801864863],[-122.88455893658069,49.30111932801961],[-122.88488842926171,49.30107482678094],[-122.88523323094007,49.300958139465585],[-122.88542474572795,49.30089523218985],[-122.88560422337966,49.30085952881761],[-122.88578322518666,49.3007788342689],[-122.88589273692412,49.300760936123886],[-122.8859765192914,49.30071603602182],[-122.88612782796207,49.30053632200544],[-122.88616810115205,49.300473236630616],[-122.88627939011883,49.30027552416868],[-122.88638999408717,49.30011374281295],[-122.8864452780044,49.30000582586459],[-122.886500196009,49.29987983946502],[-122.88661107468886,49.29961032740369],[-122.88677636419536,49.2993766162946],[-122.88691354852372,49.29927752451802],[-122.88710686292922,49.29921503455792],[-122.88734127010854,49.29917922328231],[-122.88786445145008,49.29914361853439],[-122.88840072226776,49.29911712434333],[-122.88870324003923,49.29911742320125],[-122.88918350930251,49.299055034926646],[-122.88934880195501,49.29897413586947],[-122.88983199004647,49.29874093353634],[-122.88984459873026,49.298731726010544],[-122.88996979348788,49.29863311810082],[-122.890107676823,49.29834522865478],[-122.89023117681513,49.298246509166596],[-122.89071266633168,49.29801292694436],[-122.89124953669004,49.29779762547597],[-122.89163603529686,49.2976722275451],[-122.89199289909261,49.297528518880014],[-122.89237879969407,49.2974118256152],[-122.89257200501592,49.297349211612605],[-122.89294307817335,49.297223626400736],[-122.89332846573701,49.2970889084569],[-122.89369956901396,49.29696330842222],[-122.89407125655505,49.29682882705639],[-122.89445662685857,49.296694312088555],[-122.89495211595514,49.2965326158273],[-122.89506262556817,49.296524022524785],[-122.89525432656382,49.29658691692458],[-122.89565332144934,49.296686214042026],[-122.89580543291132,49.29677641487953],[-122.89605160575076,49.29697442901016],[-122.89620370070261,49.297064606600344],[-122.89640871140487,49.297109604365836],[-122.8965877083535,49.29718179825666],[-122.89684828486304,49.29721802276476],[-122.89687751226988,49.297218215832714],[-122.89701459791185,49.296993322306555],[-122.8974833778436,49.296741913484574],[-122.89752456350577,49.29658911293817],[-122.89746948039338,49.2964361229957],[-122.89767645849939,49.29637331524559],[-122.8979382654437,49.29618462022017],[-122.89840542990578,49.29593321004053],[-122.89866673841934,49.295906310504456],[-122.8991074968435,49.29581680584128],[-122.89953339924622,49.295718100352694],[-122.89998858335359,49.295619710813895],[-122.90022157282473,49.295656006970354],[-122.90045536984142,49.29562921699475],[-122.90063547048727,49.29555721099988],[-122.90077308043874,49.29553049719913],[-122.90125326768437,49.29564791486017],[-122.9016527790234,49.29576520793362],[-122.90190013184818,49.29579220571146],[-122.90210505880792,49.29583730764354],[-122.90222905293166,49.295936505079005],[-122.90242192722647,49.295981510241965],[-122.90265572465644,49.29595471494487],[-122.90293132360263,49.295946020033924],[-122.90327493159926,49.295973290658004],[-122.90341141224103,49.2959375017235],[-122.90350842249534,49.29587441650339],[-122.90356350684996,49.29584760728097],[-122.9039350971029,49.29571302060114],[-122.90415460923057,49.29566829330866],[-122.90443080999331,49.295650299651314],[-122.90460919117194,49.295578589671166],[-122.90477427041927,49.29554320665601],[-122.90481497806606,49.295533791656666],[-122.90499446285716,49.295650994351455],[-122.9051587703224,49.29568701428146],[-122.9056126727797,49.295606509587145],[-122.90580594534855,49.295543603551586],[-122.90626045136324,49.295273994244255],[-122.90670062105058,49.29498661693146],[-122.9071276029119,49.29471700530115],[-122.90729232137456,49.294645197625535],[-122.90748491411955,49.29459160707867],[-122.9077192797148,49.294555804775705],[-122.90789709814563,49.2945320064052],[-122.90818748369499,49.29449320411396],[-122.90856739645199,49.29435089665279],[-122.90979624661863,49.29436428143304],[-122.9109302905367,49.29561440214651],[-122.91110434037259,49.294209049575635],[-122.91200321369072,49.294218969297184],[-122.91209388541205,49.29337539289468],[-122.91209610209856,49.293354705279846],[-122.9122188483446,49.293335898535084],[-122.91229355494445,49.29333590037099],[-122.91248003438648,49.29333598983868],[-122.91268616757263,49.293390288595766],[-122.9130437541852,49.29351647710513],[-122.9133465435217,49.29358848799575],[-122.91375844027078,49.29359779586068],[-122.91400583569197,49.29362509552779],[-122.91426760139497,49.29361618705659],[-122.91451510316091,49.293589488854906],[-122.9149823129853,49.293463798647444],[-122.91518907956855,49.293455089945276],[-122.91567048470523,49.29340128485469],[-122.91615177674387,49.29334777832492],[-122.91641355867836,49.29333888680085],[-122.91663408327037,49.29335699210876],[-122.91671574782634,49.29321328001428],[-122.91694925399331,49.29326749894821],[-122.91730706486105,49.293159786421384],[-122.91754083461022,49.293132898117086],[-122.91780313515996,49.293142081003054],[-122.91798112645046,49.29320518468046],[-122.9181597192623,49.29323228947972],[-122.91851833273762,49.293241592577985],[-122.91886163586753,49.29337668733222],[-122.91906771363647,49.293430674458115],[-122.91945230499645,49.29353907880766],[-122.91979669080742,49.2936831733625],[-122.92016640572604,49.29380938292325],[-122.9203048019178,49.29389948950744],[-122.92066068124306,49.29423258076833],[-122.92068761766399,49.29426498425918],[-122.92075778533389,49.294349583250664],[-122.92089389238778,49.29462849636078],[-122.92093470632805,49.29479038949453],[-122.92098751141691,49.29504518083573],[-122.92100370956665,49.29512319225066],[-122.92106739025895,49.29529997420163],[-122.92111403000435,49.29542917886363],[-122.92123691814128,49.29572596626054],[-122.9212773376919,49.29584317879083],[-122.92133244034211,49.296022883378434],[-122.92145593737844,49.29631098621291],[-122.9216064189892,49.29658077546713],[-122.92178442053466,49.29685067428588],[-122.92190782338184,49.29695898124637],[-122.92219724163246,49.29712986470637],[-122.92232072347286,49.29723788237281],[-122.92260112592416,49.29746076572466],[-122.92270603751906,49.2975441608426],[-122.92285253289216,49.29758538565343],[-122.92289831879157,49.29759828264772],[-122.92316014442399,49.29761647976046],[-122.92344882058335,49.2976165826034],[-122.9236675348996,49.29766157894309],[-122.9236797047046,49.29766987405532],[-122.92394370509173,49.29785078109797],[-122.92427320324339,49.29801298250626],[-122.92445122527543,49.29807607546425],[-122.92478220122331,49.298139268458286],[-122.92479809027404,49.29813328252312],[-122.92487740197896,49.29810307882653],[-122.92490607848426,49.29808536958561],[-122.92500138211096,49.29799546985223],[-122.92541437396102,49.29777976490915],[-122.9255381762142,49.297779885416325],[-122.92573074908611,49.29772597065804],[-122.9258959673091,49.29764506736757],[-122.92607543548888,49.29758236592845],[-122.92632296091378,49.297555372540785],[-122.92652963895641,49.29760067174669],[-122.9267283526057,49.297703868853624],[-122.92685864712263,49.297771570549685],[-122.9268818441344,49.297778364136576],[-122.9272581145357,49.297888865106174],[-122.9273805469843,49.29798778136663],[-122.92735324778926,49.29814067203126],[-122.9272148722254,49.29823077483553],[-122.92718785310943,49.29827557686315],[-122.92707827838734,49.298347576352796],[-122.92667984679633,49.29844607575153],[-122.92639659575327,49.29860337292668],[-122.92621055921305,49.298706566012385],[-122.92610080725326,49.29883267852671],[-122.9260785922047,49.29896146332666],[-122.92604497793529,49.29915647473648],[-122.92600368926753,49.29919988444975],[-122.92597661205228,49.29922828008355],[-122.92594839134271,49.29929117672924],[-122.92600382108806,49.29957026234455],[-122.92604411861942,49.29992106588189],[-122.92608522276555,49.30000187482795],[-122.9261269320859,49.30004697173974],[-122.92633221055173,49.30019096772958],[-122.92658040869823,49.300335168236096],[-122.92691060976661,49.30048815822559],[-122.92706149325667,49.30059627004299],[-122.9272399020653,49.300758163979424],[-122.92741809459416,49.30094736439594],[-122.9274735927286,49.300992272811264],[-122.9276112058981,49.30117235985146],[-122.92770582781047,49.301379178694376],[-122.92774651612316,49.301568068117874],[-122.92777531903505,49.30173015697423],[-122.92780191831994,49.30187396425309],[-122.92784284515994,49.30198206777945],[-122.92795231135324,49.30217097435953],[-122.92810363255845,49.302377959430125],[-122.92817204972562,49.302512772788255],[-122.92825524226772,49.30271077924056],[-122.92839274517064,49.30291796452722],[-122.92842085218108,49.30296845840449],[-122.92843263646168,49.30298976097576],[-122.92843733586531,49.303003768231115],[-122.92848725131456,49.30315176718381],[-122.92852866091069,49.30333167134561],[-122.9285831530028,49.303520660998274],[-122.92861156208245,49.30361077634149],[-122.92867935489434,49.30375457469313],[-122.92874853288163,49.3038265653842],[-122.92888513405586,49.30394366273186],[-122.92899616945381,49.30400676167524],[-122.92917454349393,49.30414155856496],[-122.92924236845175,49.304285666987894],[-122.92925676418055,49.30448346277485],[-122.92924138449587,49.30466346854634],[-122.92921396623842,49.304870374305885],[-122.929186574284,49.305050068205205],[-122.92917319355598,49.30512196656168],[-122.92910390685762,49.305337971669175],[-122.92906228879876,49.30549977383561],[-122.92903510286213,49.30559886539296],[-122.92893887528675,49.305805560543696],[-122.92884209764436,49.30599447636573],[-122.92879952051942,49.30609326443238],[-122.92871671114558,49.306174166402286],[-122.92857872457614,49.30639015427854],[-122.92846884239485,49.3065699619232],[-122.92840013754935,49.30674985227399],[-122.92835794144058,49.30689368031982],[-122.92827564365749,49.307046371472644],[-122.92822073653394,49.30722636128329],[-122.92813708102547,49.307451171300094],[-122.92804097949252,49.3076311707251],[-122.92799987684856,49.30778396761522],[-122.92798588338404,49.307864874111594],[-122.92797189288106,49.30797286586581],[-122.92797257994515,49.30814376597037],[-122.92797220179136,49.308305570565494],[-122.92799947594055,49.30838655867459],[-122.92813596707695,49.30855767060204],[-122.92830049069563,49.3087464517934],[-122.92834217648095,49.30879156125715],[-122.92836987256236,49.308944662903144],[-122.92831488188364,49.30915136102536],[-122.92830040584123,49.3092413771093],[-122.92823061207434,49.30941215072175],[-122.92820291068685,49.309493072013595],[-122.92799770621103,49.30970907697315],[-122.92790020202268,49.30975386855905],[-122.92763952570473,49.30997868487393],[-122.92761111903066,49.31009547070493],[-122.9275975348978,49.31024826168314],[-122.927624548255,49.31043736664246],[-122.92764561618836,49.31049986170996],[-122.92617784543205,49.31052294917853],[-122.91880462832044,49.31058919827184],[-122.9183004420867,49.31059596788223],[-122.91777266326064,49.31062117800974],[-122.91694059385615,49.310663564987244],[-122.91603147768872,49.310753284615785],[-122.91464585782664,49.31087956408545],[-122.91346616154567,49.31102653121813],[-122.91242044485627,49.31121337392179],[-122.9123651520665,49.31122278397037],[-122.91139620663913,49.311415752167434],[-122.91074364158423,49.311667816697536],[-122.91029045323084,49.31186231586701],[-122.90972221166989,49.312152689141605],[-122.90926599622645,49.31245300824492],[-122.90887217482322,49.312710321136315],[-122.90863745615431,49.31292985182161],[-122.90835363677662,49.313257425808644],[-122.90804869647957,49.31367089621768],[-122.9079182095492,49.313892365494176],[-122.90721107898975,49.31395281272458],[-122.90668683502732,49.31401320698851],[-122.90627897734842,49.31409543648858],[-122.90588786776804,49.314218152716855],[-122.90570615888069,49.31427303046126],[-122.90413687303385,49.31473698337814],[-122.90425049781452,49.31425009666906],[-122.9030598906374,49.31458599703188],[-122.90298447672528,49.31460727374906],[-122.90296927027069,49.314608677504694],[-122.90204537470161,49.314694415953966],[-122.9011646633867,49.31472943113187],[-122.90049011536733,49.314955093993476],[-122.89975928637962,49.31474337222608],[-122.89899997470913,49.3140136962599],[-122.89768564985138,49.31334264050823],[-122.89676316555371,49.31290013973428],[-122.89610374329138,49.31295854281886],[-122.89540669478008,49.313094489413935],[-122.89491147249004,49.31329249223604],[-122.89369279430336,49.3134082044376],[-122.8925782720018,49.31365143694877],[-122.89161500003569,49.31384984794808],[-122.89106511091894,49.31396309925614],[-122.89005371911071,49.31413124440683],[-122.89007820966758,49.31414106446804],[-122.88996611472511,49.314267350355316],[-122.89003573749552,49.314407652610264],[-122.89006910222777,49.31447484069234],[-122.89010062100621,49.31476395451212],[-122.8900775091626,49.31488552484198],[-122.89001971476453,49.31518954315051],[-122.8896361540923,49.31629363610384],[-122.88955787175846,49.31690754283853],[-122.8896152710919,49.3170155455956],[-122.88976478141272,49.31716576372058],[-122.89214105306702,49.318753742228616],[-122.89470596631526,49.321020945838015],[-122.8950360598501,49.321841940463656],[-122.89503741508437,49.32201268706513],[-122.89503998516459,49.32233754437513],[-122.89514748860867,49.32262254179981],[-122.89535067870992,49.32279235366066],[-122.89564670162041,49.3229420223115],[-122.89529445878327,49.32318762937713],[-122.89511843687997,49.32337665694043],[-122.8947305666008,49.323850356431855],[-122.89469479030919,49.32393343547247],[-122.89456936798973,49.32429362899221],[-122.89440404182714,49.32446840281305],[-122.89429554816016,49.32469244750906],[-122.89426831752172,49.3248305083359],[-122.89400846367961,49.32529154112115],[-122.89367730781744,49.32547694181901],[-122.90007965525822,49.3261330393781],[-122.90085535838254,49.32638529893553],[-122.90097968584654,49.32642571727142],[-122.90093047249916,49.326473802162475],[-122.90068280258396,49.32668059459306],[-122.90044841514674,49.32684218452451],[-122.90021381756536,49.32705789348643],[-122.90006211764143,49.32716549354116],[-122.89985632582979,49.327363404422144],[-122.8997040282121,49.32748009231102],[-122.89962073357279,49.32754299680986],[-122.89927683537798,49.32769559575479],[-122.89885086103445,49.327893288649335],[-122.89876686788529,49.327991989607064],[-122.89858868794657,49.32813579318518],[-122.89840828399919,49.32828849194035],[-122.89814729431218,49.32851319881514],[-122.89792590229295,49.328711008156965],[-122.8977327087183,49.32889970607042],[-122.89754021353114,49.32902561147773],[-122.89730514620742,49.329223210397295],[-122.89718272980961,49.32933089542685],[-122.896961040417,49.329456790046876],[-122.89665914625265,49.32957340129051],[-122.89657633698798,49.32962730900503],[-122.89630004632892,49.329824902007296],[-122.89609356727578,49.330031712001656],[-122.89595549783765,49.33016660379942],[-122.89594537691853,49.330172850959194],[-122.89574491070289,49.330172718110504],[-122.89471094366397,49.330172098746175],[-122.8836078640813,49.33016473590351],[-122.87758864942629,49.33016022381924],[-122.8760626300254,49.33013180143737],[-122.87164958787349,49.330032454352065],[-122.86993296270884,49.330000136163726],[-122.86775987020481,49.3299118865677],[-122.86607033822598,49.32986516821661],[-122.86507899421058,49.32982955945468],[-122.86426828493485,49.32984004682292],[-122.85883973152875,49.32984402863481],[-122.85865843658092,49.32984422549501],[-122.85821232025327,49.32984251211574],[-122.85789778338595,49.32984262240515],[-122.85535805715804,49.329886484042724]]]]}},{"type":"Feature","properties":{"DGUID":"2021S051259153958","DAUID":"59153958","LANDAREA":1.0903,"PRUID":"59","fed_num":"59025","da_code":"59153958","geo_name":"59153958","name_source":{"label":"Statistics Canada Census Profile 2021 DA WDS","url":"https://www12.statcan.gc.ca/wds-sdw/2021profile-profil2021-eng.cfm"},"population":467,"status":"ok","source":{"label":"Statistics Canada Census Profile 2021 DA WDS","url":"https://www12.statcan.gc.ca/wds-sdw/2021profile-profil2021-eng.cfm"},"community_name":"Port Moody","community_source":{"label":"Statistics Canada 2021 census subdivision boundaries (spatial lookup)","url":"https://geo.statcan.gc.ca/geo_wa/rest/services/2021/Cartographic_boundary_files/MapServer/9"},"community_display":"Port Moody","is_unorganized":false,"panel_title":"Port Moody","display_label":"Port Moody","map_label":"59153958"},"geometry":{"type":"MultiPolygon","coordinates":[[[[-122.88965402217498,49.29173333528337],[-122.88932522560343,49.2915893285121],[-122.88907784015338,49.29156194354697],[-122.88882925589152,49.29157983832863],[-122.88867634526103,49.29160692548814],[-122.88837525437951,49.29166012718861],[-122.88800428874539,49.29178572582859],[-122.88779697715334,49.29177663275444],[-122.88771556998368,49.291632729930356],[-122.88755029378409,49.2915604324082],[-122.88735797035037,49.29150642784214],[-122.88711000299844,49.29148803262316],[-122.88682128172148,49.291487823312174],[-122.88636902278517,49.29144242709553],[-122.88636112932336,49.291438236784785],[-122.88614830699521,49.29132513947106],[-122.8859280988087,49.291225929578026],[-122.88576329700501,49.29119894063723],[-122.88525470705181,49.29117133748712],[-122.8849798350509,49.291171238750536],[-122.88469052543826,49.291179845355074],[-122.88453954810376,49.29127874539781],[-122.88431825175601,49.29150323571592],[-122.88411206759426,49.2916560181156],[-122.88404375929228,49.2917008219802],[-122.88387846473948,49.291781629672684],[-122.88379647615508,49.29179973751352],[-122.88335538701995,49.29181711978099],[-122.88306617888699,49.29182574291357],[-122.88279121465831,49.29182563936848],[-122.88225560294869,49.29184314199348],[-122.88196692184408,49.29184264147547],[-122.88167820234183,49.29184253187893],[-122.8814026425304,49.29185113166427],[-122.88111393717864,49.29185092812818],[-122.88097653445278,49.291850642343626],[-122.88081154403122,49.291850639077296],[-122.8803166601318,49.29185013150736],[-122.88026056459596,49.291840943141324],[-122.88001365701865,49.291858639488005],[-122.87954547293708,49.29192103435505],[-122.87909208674232,49.291992733149],[-122.87861138299101,49.29203704922277],[-122.87826599539268,49.29203664258329],[-122.8780745259887,49.292072542347526],[-122.87782591340142,49.29209032881648],[-122.8775234306342,49.2920900309145],[-122.87724961416501,49.29209874120886],[-122.87690483040264,49.29208935775444],[-122.87645095188675,49.29214293121655],[-122.87617546057605,49.29215154959513],[-122.8758603776102,49.29216024480319],[-122.87557168855479,49.29216004753438],[-122.87504826252443,49.29212315373788],[-122.87492398938144,49.29213224974814],[-122.8744977034462,49.29215874890441],[-122.87399010778202,49.292194142484995],[-122.87363469011531,49.292193645729334],[-122.87352272833455,49.2921935509039],[-122.87341220359885,49.29217546247345],[-122.87323382475391,49.2920943596142],[-122.87311050238273,49.2919862469351],[-122.87305560541239,49.291917254965185],[-122.87291721035476,49.29174304993077],[-122.87278082787667,49.29162595947988],[-122.87240892390317,49.29150885762755],[-122.87203821602967,49.29137335061063],[-122.87165431728347,49.291256156792464],[-122.87125562347018,49.29112965418088],[-122.87087062377236,49.29100335103772],[-122.87051363549386,49.29086806222567],[-122.87014196110535,49.29072354353509],[-122.8697586611728,49.29059734790177],[-122.86957865717176,49.290489066298115],[-122.86941497616418,49.29059696406798],[-122.8690148859177,49.290695341270904],[-122.8689736959886,49.29066834647927],[-122.86762897816145,49.289587462927635],[-122.86647681273833,49.28865965400013],[-122.86565279647908,49.28801106669773],[-122.86555639065647,49.28791196300761],[-122.86576359206443,49.28782225415288],[-122.86581669110187,49.28777575562749],[-122.86584568665896,49.28775036299699],[-122.86553968931952,49.287562552307676],[-122.86541999607229,49.28748907476362],[-122.86539677521357,49.287452561656075],[-122.8652430060942,49.28721005292311],[-122.86425409002248,49.286435356348186],[-122.86289563381764,49.28543507132492],[-122.86211413410872,49.284795572638764],[-122.86111222552623,49.283984675763726],[-122.860591322343,49.28363336954906],[-122.85997432960723,49.283128980418496],[-122.8594246247823,49.282696385113134],[-122.85916442089598,49.28245318091561],[-122.85913771909333,49.282390168057375],[-122.85920663984471,49.28236348231236],[-122.86010400488054,49.28207097037683],[-122.86016940844259,49.282049665003726],[-122.86111928312759,49.28179886479338],[-122.86253655406345,49.28139587177887],[-122.86222003596066,49.28119746200781],[-122.8620691456801,49.28111646965225],[-122.86156103813875,49.28088188479553],[-122.86147865864909,49.28072888236395],[-122.86153414061897,49.28059427098526],[-122.86194811961866,49.280315779648696],[-122.86207123439348,49.28017206800471],[-122.86199042251208,49.280045882376186],[-122.8616871183546,49.279856574722814],[-122.86133152201249,49.27970326794886],[-122.86090431864153,49.27956777231828],[-122.8605062323795,49.279459378112065],[-122.86010753270654,49.279332975677775],[-122.85958684451046,49.27910747006324],[-122.85933966048958,49.27905328397087],[-122.85883077138519,49.27900777654336],[-122.85844619435261,49.278953282993506],[-122.85825278298279,49.27907007267585],[-122.858143506999,49.27918677097254],[-122.85812950733784,49.279240782430435],[-122.85815600798603,49.279357765790145],[-122.85823848861558,49.27948377876012],[-122.85834740432863,49.27960068606294],[-122.8582102990881,49.27979848448471],[-122.85826439754979,49.280014579632095],[-122.85835991475346,49.28032927404886],[-122.85838612698423,49.28062628646165],[-122.85834391195385,49.28086907610122],[-122.85834512153949,49.28087238226042],[-122.85839222533947,49.28100376255497],[-122.85839881589852,49.281022171737504],[-122.85840432418965,49.28107198227612],[-122.85841260988423,49.2811480725459],[-122.8583707207695,49.28118407314865],[-122.85821644920102,49.281207485717886],[-122.85813633297387,49.28121968660725],[-122.85761395013905,49.281245870205694],[-122.85742574929664,49.28126518030383],[-122.85735276052569,49.28127266869847],[-122.85714638264966,49.28132627796411],[-122.85687147978682,49.281325871183796],[-122.85629429151246,49.2813254660366],[-122.85603368162995,49.28131617349482],[-122.85574399273406,49.2813065691964],[-122.85545602491958,49.281297386193174],[-122.85518112226477,49.281296974633264],[-122.85489252523006,49.28129668123347],[-122.85461762258552,49.28129626808018],[-122.85435600374264,49.28127797846947],[-122.8542190090091,49.28116978180719],[-122.8541674155885,49.281041793582155],[-122.85416463108687,49.28103478412996],[-122.85416410602588,49.28101677598836],[-122.85415161971369,49.28085209567823],[-122.854150533996,49.28083707587497],[-122.85415130400321,49.28064789383316],[-122.85413770884874,49.28058578277109],[-122.85412381057796,49.280522088755326],[-122.85409701726559,49.280486089283926],[-122.85369791631473,49.28046748741162],[-122.85367172991766,49.28058127977204],[-122.85364193081895,49.28071049792549],[-122.8536319240999,49.280839986695554],[-122.85362803227994,49.28089017216951],[-122.85361304052913,49.281060970288],[-122.85361323721246,49.28141198475833],[-122.8536612477282,49.28148539308033],[-122.85369574286625,49.28153799048246],[-122.85374952913469,49.28168198288747],[-122.85374934833473,49.28173609200003],[-122.8537419377969,49.28174029022525],[-122.853638545541,49.28179868020133],[-122.85341976872284,49.281807477728535],[-122.8532678595012,49.281717283737414],[-122.85318657134451,49.28157327710499],[-122.85314644503974,49.28130347829491],[-122.85309883873647,49.281284791041664],[-122.85307784298098,49.28127649714814],[-122.85298095828769,49.28115937527208],[-122.85294333724099,49.28110588242435],[-122.85280395722786,49.28090727139068],[-122.85266536474323,49.28077209605576],[-122.85262296017157,49.28075818353953],[-122.85250063761498,49.2807179812972],[-122.8522544587075,49.280699575202505],[-122.85185368429163,49.28066379209966],[-122.85178985808932,49.2806580892252],[-122.85174555925283,49.28065408790262],[-122.85152528374265,49.28060877517616],[-122.85142878784725,49.280563492269195],[-122.85141537968468,49.28048248751411],[-122.85145656353788,49.28032979850076],[-122.85146666940548,49.28030909599674],[-122.85152655278144,49.280185985470844],[-122.8515261636262,49.28014089354899],[-122.85134758702966,49.28011378403968],[-122.85112756646811,49.28014058874016],[-122.8511005772999,49.280158294852356],[-122.85103128219397,49.28029307728896],[-122.8509891939152,49.28063507634682],[-122.850988417569,49.28082399362173],[-122.85096020578654,49.28098589411767],[-122.8509594981093,49.281300601979645],[-122.8508767102872,49.281507288935146],[-122.85079571442577,49.2816311956478],[-122.85079429484597,49.281633288290216],[-122.8505727463086,49.281884685614614],[-122.8503391342568,49.28188438532688],[-122.85003676084771,49.28188398991609],[-122.84985815725881,49.28185679727939],[-122.84974775825458,49.28183868129298],[-122.84961112603638,49.2817755821466],[-122.84947294226535,49.281685401754316],[-122.84937845286092,49.28155930040284],[-122.8489275425225,49.2813848847029],[-122.8488640406826,49.28136029584557],[-122.84884264109219,49.28135199573948],[-122.84867815128948,49.28127058187473],[-122.84863583877721,49.28123469240852],[-122.84849957557476,49.280991493341354],[-122.84848595448516,49.28081170155199],[-122.84845746446092,49.280705686717326],[-122.84844484502854,49.280658780563165],[-122.84836334282144,49.280568603909344],[-122.84814273108859,49.280451488756874],[-122.84796497233941,49.28038829367193],[-122.84758006549062,49.28026169740619],[-122.84719577706822,49.28015327892277],[-122.84667407722213,49.28001759336903],[-122.84620628724721,49.27999910444339],[-122.84583959573759,49.27997340496634],[-122.84568481469513,49.27996248728222],[-122.8454782945102,49.279916996530986],[-122.84531369331903,49.279989394861],[-122.84516290681384,49.280055725666],[-122.84552503410723,49.27885359798023],[-122.8455418242357,49.2793975151801],[-122.846427526225,49.279546590203246],[-122.84662144379703,49.27955640085497],[-122.84781760003722,49.27934624047235],[-122.850355548972,49.28006442823124],[-122.85229898352536,49.27964002125164],[-122.85250200116639,49.279564914737406],[-122.85256439768216,49.27951622258725],[-122.85258349905122,49.27943663944856],[-122.85242518481553,49.27887352347296],[-122.85273478245747,49.27887346633814],[-122.8527898022403,49.278873459705736],[-122.85422532729224,49.27887325669265],[-122.85436314852647,49.278873216501815],[-122.85453152061105,49.27884212651958],[-122.85463594069421,49.27876221830197],[-122.85466684109804,49.278718416279744],[-122.85482140539665,49.2784992095746],[-122.85464880705824,49.277761818772724],[-122.85660196378177,49.277779029764346],[-122.85660864698295,49.277274719880715],[-122.85663874339403,49.2767297266823],[-122.85664194546473,49.27613520870941],[-122.85663681737789,49.275643232670944],[-122.85791920850536,49.275637581461375],[-122.8584653244761,49.275635188362294],[-122.85863730410843,49.27613751855546],[-122.86174901447039,49.27611359895392],[-122.86422193176503,49.276085518934735],[-122.86614750687347,49.27604321030566],[-122.86677924740601,49.276130648733854],[-122.86679160576699,49.2766402431253],[-122.86681011333641,49.27687500396221],[-122.86674202803827,49.277008144445055],[-122.86674882591967,49.27706464103163],[-122.86675959049838,49.27715437007226],[-122.8668253755352,49.27770245915656],[-122.86682644080761,49.277711462165286],[-122.86683264005498,49.2781080194022],[-122.86681452565955,49.27826199000769],[-122.86680399747286,49.27835173948177],[-122.86672283306982,49.27904172107812],[-122.86670347115827,49.27957268279193],[-122.86668389857367,49.280372086467764],[-122.86675987048211,49.281942479904096],[-122.86678424884647,49.28244599652585],[-122.86688341827254,49.28321640200583],[-122.86707650102792,49.28467317765759],[-122.86721578212213,49.285724110588006],[-122.8674062945605,49.2863016878006],[-122.86752359716638,49.28666090096827],[-122.86777199913261,49.28709420585044],[-122.86839911047115,49.28788437664893],[-122.86899210391385,49.288467399875366],[-122.86963838596516,49.28893379410958],[-122.87050856939652,49.289442801223856],[-122.87219745409061,49.290225881939165],[-122.87294305839099,49.290545677347275],[-122.8738519348655,49.29086928335928],[-122.87470800613085,49.29107868884576],[-122.8756431023418,49.29121838599228],[-122.87634740169803,49.29127297577242],[-122.87654239770941,49.29127300094754],[-122.87755431735474,49.29127317616683],[-122.87756816022633,49.29127317831887],[-122.8787036168311,49.291152883844305],[-122.87998300050708,49.29087458852667],[-122.8816930363763,49.29038618361852],[-122.88217801925737,49.29026778414183],[-122.88317620895194,49.290101970296895],[-122.88546955884769,49.28997537139112],[-122.88677924270867,49.28998165333729],[-122.88747211274985,49.2900421635905],[-122.88755329939292,49.29005210332829],[-122.89007105726779,49.290360278783666],[-122.8908896595745,49.29039105525257],[-122.89169312547534,49.29036194921175],[-122.89230282503162,49.29028935745793],[-122.89301506851145,49.2901639672229],[-122.89374974252443,49.289970751013],[-122.89402167094921,49.28988045228973],[-122.89432900921311,49.289778387008504],[-122.8941567418813,49.28999149358877],[-122.89388696304344,49.290075718533544],[-122.89355244673528,49.29018016779287],[-122.89318504037237,49.290372310194876],[-122.89290221588098,49.29058109804292],[-122.89290202803424,49.29058125057719],[-122.89269386427414,49.29074424158746],[-122.8924911242867,49.29105226166078],[-122.89247977284313,49.29124454332301],[-122.89247684882118,49.29129016163304],[-122.89334597780585,49.291956232743736],[-122.89321605019568,49.291970722433774],[-122.89294045931877,49.291979424465445],[-122.8926655734553,49.29197911748236],[-122.8922531742264,49.291951734402666],[-122.89217479336581,49.291931215352854],[-122.89197799485862,49.29187961442894],[-122.89146999149014,49.29184301415891],[-122.89119512496924,49.291842725739166],[-122.89097439723461,49.2918786179202],[-122.89069891282418,49.2918873349296],[-122.89046563681826,49.29193212180102],[-122.89019002507396,49.29194073582383],[-122.8899697540109,49.29189552966819],[-122.88980612298033,49.29182362408617],[-122.88965402217498,49.29173333528337]]]]}},{"type":"Feature","properties":{"DGUID":"2021S051259153960","DAUID":"59153960","LANDAREA":0.2962,"PRUID":"59","fed_num":"59025","da_code":"59153960","geo_name":"59153960","name_source":{"label":"Statistics Canada Census Profile 2021 DA WDS","url":"https://www12.statcan.gc.ca/wds-sdw/2021profile-profil2021-eng.cfm"},"population":3926,"status":"ok","source":{"label":"Statistics Canada Census Profile 2021 DA WDS","url":"https://www12.statcan.gc.ca/wds-sdw/2021profile-profil2021-eng.cfm"},"community_name":"Port Moody","community_source":{"label":"Statistics Canada 2021 census subdivision boundaries (spatial lookup)","url":"https://geo.statcan.gc.ca/geo_wa/rest/services/2021/Cartographic_boundary_files/MapServer/9"},"community_display":"Port Moody","is_unorganized":false,"panel_title":"Port Moody","display_label":"Port Moody","map_label":"59153960"},"geometry":{"type":"MultiPolygon","coordinates":[[[[-122.83507296469969,49.28063504134962],[-122.83323024278822,49.280600233947276],[-122.83197188149457,49.280578502166684],[-122.83136451065901,49.280568006983444],[-122.8304762844043,49.28056604439256],[-122.82904198260364,49.280562863121034],[-122.828796329871,49.2805823086327],[-122.82827777182754,49.280623301340626],[-122.82756034209936,49.28076256802208],[-122.82739334623845,49.280833338280544],[-122.82736051794078,49.280770214904344],[-122.8271468036294,49.280378359742535],[-122.82713001924765,49.280161662288215],[-122.82707112060052,49.27991758843608],[-122.82711814982562,49.27933070311352],[-122.82736295837101,49.278524407356315],[-122.8272825949752,49.278143124836355],[-122.82731095900033,49.27793820563276],[-122.82747427563514,49.27735924072351],[-122.82802672986087,49.27710395410566],[-122.82819357386504,49.27702685838567],[-122.82838579663179,49.276938035029595],[-122.82838816719683,49.27693695225811],[-122.82841104698699,49.27693956259629],[-122.82872633759116,49.27697566516767],[-122.82950383661253,49.27707846408343],[-122.82977461851188,49.277118803764004],[-122.829868517657,49.277299748240786],[-122.82996864645371,49.277492735478944],[-122.83016007177297,49.277395338267944],[-122.83049436859511,49.27722524224108],[-122.83140890482953,49.277359863982205],[-122.83349839514683,49.277671467217345],[-122.8344875229151,49.277818963045924],[-122.83514729701926,49.27790095795771],[-122.83544479402562,49.27792135298524],[-122.83576949204792,49.27794815549541],[-122.836059189729,49.27796676905677],[-122.83638679212686,49.277984241276855],[-122.83672388039876,49.27799254856497],[-122.83725237952457,49.278003255620526],[-122.83808335506569,49.27801906211762],[-122.84135665860997,49.27808124103778],[-122.84136516982,49.27817144394138],[-122.84137462854909,49.278271445698884],[-122.841371420297,49.2788226501551],[-122.84108202999657,49.278827689222496],[-122.84035036762032,49.27884050005676],[-122.84018516203813,49.27888521882453],[-122.83982656041572,49.27890355070688],[-122.83955810083168,49.27897044763068],[-122.83922960575796,49.27911127796062],[-122.83887944212418,49.27934877597439],[-122.83807645978449,49.280199999624784],[-122.83791501396838,49.28030658615727],[-122.83770802108846,49.280443237145846],[-122.83727997662382,49.28059287124055],[-122.83676636710476,49.28066700155753],[-122.83507296469969,49.28063504134962]]]]}},{"type":"Feature","properties":{"DGUID":"2021S051259153961","DAUID":"59153961","LANDAREA":0.1143,"PRUID":"59","fed_num":"59025","da_code":"59153961","geo_name":"59153961","name_source":{"label":"Statistics Canada Census Profile 2021 DA WDS","url":"https://www12.statcan.gc.ca/wds-sdw/2021profile-profil2021-eng.cfm"},"population":674,"status":"ok","source":{"label":"Statistics Canada Census Profile 2021 DA WDS","url":"https://www12.statcan.gc.ca/wds-sdw/2021profile-profil2021-eng.cfm"},"community_name":"Port Moody","community_source":{"label":"Statistics Canada 2021 census subdivision boundaries (spatial lookup)","url":"https://geo.statcan.gc.ca/geo_wa/rest/services/2021/Cartographic_boundary_files/MapServer/9"},"community_display":"Port Moody","is_unorganized":false,"panel_title":"Port Moody","display_label":"Port Moody","map_label":"59153961"},"geometry":{"type":"MultiPolygon","coordinates":[[[[-122.83140890482953,49.277359863982205],[-122.83049436859511,49.27722524224108],[-122.83016007177297,49.277395338267944],[-122.82996864645371,49.277492735478944],[-122.829868517657,49.277299748240786],[-122.82977461851188,49.277118803764004],[-122.82950383661253,49.27707846408343],[-122.82872633759116,49.27697566516767],[-122.82841104698699,49.27693956259629],[-122.82838816719683,49.27693695225811],[-122.82846925278457,49.276899474887564],[-122.82870294267664,49.27679148982711],[-122.8290524544754,49.27662998113864],[-122.82938805052521,49.276505587853634],[-122.82985061316714,49.27645431268007],[-122.83069269184556,49.276500661052275],[-122.83230920917033,49.27662642506274],[-122.832756995775,49.276661263120445],[-122.83300637369884,49.27663253596023],[-122.83339733387541,49.276662930302464],[-122.83486271001566,49.276678894878195],[-122.83706258962958,49.276665055678826],[-122.8382812187784,49.27664666842593],[-122.84016916513919,49.27661816076108],[-122.84141121029693,49.276623835299894],[-122.84139462645868,49.27719093268523],[-122.84139442989147,49.2778999527265],[-122.84136369785824,49.278047402560055],[-122.84135665860997,49.27808124103778],[-122.83808335506569,49.27801906211762],[-122.83725237952457,49.278003255620526],[-122.83672388039876,49.27799254856497],[-122.83638679212686,49.277984241276855],[-122.836059189729,49.27796676905677],[-122.83576949204792,49.27794815549541],[-122.83544479402562,49.27792135298524],[-122.83514729701926,49.27790095795771],[-122.8344875229151,49.277818963045924],[-122.83349839514683,49.277671467217345],[-122.83140890482953,49.277359863982205]]]]}},{"type":"Feature","properties":{"DGUID":"2021S051259154004","DAUID":"59154004","LANDAREA":0.3438,"PRUID":"59","fed_num":"59025","da_code":"59154004","geo_name":"59154004","name_source":{"label":"Statistics Canada Census Profile 2021 DA WDS","url":"https://www12.statcan.gc.ca/wds-sdw/2021profile-profil2021-eng.cfm"},"population":1875,"status":"ok","source":{"label":"Statistics Canada Census Profile 2021 DA WDS","url":"https://www12.statcan.gc.ca/wds-sdw/2021profile-profil2021-eng.cfm"},"community_name":"Port Moody","community_source":{"label":"Statistics Canada 2021 census subdivision boundaries (spatial lookup)","url":"https://geo.statcan.gc.ca/geo_wa/rest/services/2021/Cartographic_boundary_files/MapServer/9"},"community_display":"Port Moody","is_unorganized":false,"panel_title":"Port Moody","display_label":"Port Moody","map_label":"59154004"},"geometry":{"type":"MultiPolygon","coordinates":[[[[-122.8306909853551,49.284088664505234],[-122.8302512152594,49.284026162724295],[-122.83028599092003,49.28416144810136],[-122.83003833494911,49.28452715949571],[-122.82983821681441,49.28463925505502],[-122.82932727986605,49.28547926419126],[-122.82920333600777,49.28538006057382],[-122.82890154801687,49.285069343411834],[-122.82876646511215,49.2848744511324],[-122.82862114876703,49.284747671723885],[-122.82839567413147,49.28418484810325],[-122.82839218080157,49.28417607690911],[-122.82709548233805,49.28434338665097],[-122.82678086527223,49.2843811380741],[-122.82661322487257,49.28440126249769],[-122.82602872364112,49.2844039513115],[-122.82572226029059,49.28436336760765],[-122.82530797514805,49.28429082915625],[-122.82477723788551,49.28411215656523],[-122.82414840398971,49.28386795862567],[-122.82329898574558,49.283538049583996],[-122.8249732979714,49.2823125839294],[-122.82664289436958,49.281154512017004],[-122.82722966471339,49.28090336787507],[-122.82739334623845,49.280833338280544],[-122.82756034209936,49.28076256802208],[-122.82827777182754,49.280623301340626],[-122.828796329871,49.2805823086327],[-122.82904198260364,49.280562863121034],[-122.8304762844043,49.28056604439256],[-122.83136451065901,49.280568006983444],[-122.83197188149457,49.280578502166684],[-122.83323024278822,49.280600233947276],[-122.83507296469969,49.28063504134962],[-122.83530026579069,49.28100625350158],[-122.83531822493059,49.28103559311313],[-122.83567420248875,49.28143411605125],[-122.8356142581264,49.28148662558806],[-122.83537998646432,49.28174722281475],[-122.83535187890487,49.28188211556054],[-122.83532427472902,49.282160819440534],[-122.83535040491606,49.282205807726214],[-122.83562648428352,49.282314412176085],[-122.83563849073758,49.28256609967293],[-122.83567957532415,49.28271910734665],[-122.83588489505149,49.28278220522315],[-122.83610579642951,49.28281860505416],[-122.83611809148674,49.28301650450431],[-122.83611407406111,49.28306771516483],[-122.83610677688054,49.28316170390536],[-122.83610411425579,49.28319661493398],[-122.83606249230272,49.28327732029387],[-122.8358694107066,49.28341211174795],[-122.83545703045624,49.283690306598416],[-122.83520790297545,49.28381581344674],[-122.83512103206688,49.2838653960686],[-122.83498793451771,49.2839414056877],[-122.83489064878141,49.284058207072356],[-122.83489072184018,49.28408550651856],[-122.83497102718665,49.2841352170515],[-122.83515263615102,49.284247503094946],[-122.83527521929284,49.28436451730237],[-122.83539884028788,49.28464381218585],[-122.83542533207493,49.28498540939716],[-122.8354784503001,49.28513850017178],[-122.83556034825097,49.285273505169954],[-122.83558260150173,49.285294462016736],[-122.83553801489819,49.28537645530906],[-122.83543934237335,49.28571801222611],[-122.83543685290317,49.285726644110404],[-122.83472984376196,49.28587644873685],[-122.83435512205169,49.28546545301422],[-122.83383684451245,49.28516475815609],[-122.83323285374678,49.28495063504043],[-122.83178264116134,49.284458876825525],[-122.83162893636458,49.28440673337703],[-122.83159718094588,49.28439596340004],[-122.83130250092863,49.284296027059256],[-122.83104600286025,49.28420902903345],[-122.8306909853551,49.284088664505234]]]]}},{"type":"Feature","properties":{"DGUID":"2021S051259154007","DAUID":"59154007","LANDAREA":0.3156,"PRUID":"59","fed_num":"59025","da_code":"59154007","geo_name":"59154007","name_source":{"label":"Statistics Canada Census Profile 2021 DA WDS","url":"https://www12.statcan.gc.ca/wds-sdw/2021profile-profil2021-eng.cfm"},"population":883,"status":"ok","source":{"label":"Statistics Canada Census Profile 2021 DA WDS","url":"https://www12.statcan.gc.ca/wds-sdw/2021profile-profil2021-eng.cfm"},"community_name":"Port Moody","community_source":{"label":"Statistics Canada 2021 census subdivision boundaries (spatial lookup)","url":"https://geo.statcan.gc.ca/geo_wa/rest/services/2021/Cartographic_boundary_files/MapServer/9"},"community_display":"Port Moody","is_unorganized":false,"panel_title":"Port Moody","display_label":"Port Moody","map_label":"59154007"},"geometry":{"type":"MultiPolygon","coordinates":[[[[-122.82135892858787,49.29018748131173],[-122.82141329522783,49.28918192223783],[-122.82136407712814,49.28870765297401],[-122.82136965908585,49.28866088246088],[-122.82116514337892,49.28708545134486],[-122.8214284671689,49.284613525974976],[-122.8215391447247,49.284579289471715],[-122.8216366014002,49.28454916355693],[-122.82164918025929,49.284545304111575],[-122.82210002285196,49.28432526252512],[-122.82230595787236,49.28419005192407],[-122.82329898574558,49.283538049583996],[-122.82414840398971,49.28386795862567],[-122.82477723788551,49.28411215656523],[-122.82530797514805,49.28429082915625],[-122.82572226029059,49.28436336760765],[-122.82602872364112,49.2844039513115],[-122.82661322487257,49.28440126249769],[-122.82678086527223,49.2843811380741],[-122.82709548233805,49.28434338665097],[-122.82727770024185,49.28488047573416],[-122.82751071154223,49.28556726728068],[-122.82755368625833,49.28578296317008],[-122.82748650594098,49.28596207192408],[-122.8273385152238,49.286115355105174],[-122.82722933989668,49.28617317186742],[-122.82710322882906,49.286239965130676],[-122.82680802097407,49.28629435819028],[-122.82606995985832,49.28627265388644],[-122.82546816512571,49.286268455780984],[-122.82515037286419,49.28631136949264],[-122.82477097654491,49.286511871753994],[-122.82473998774124,49.2865631903596],[-122.82464699017781,49.286717273189765],[-122.82456052187209,49.28733806238488],[-122.82712054381633,49.28749267342799],[-122.82790334311818,49.287544457255834],[-122.82815517741244,49.28755937743174],[-122.82823600250265,49.28756416011341],[-122.8283530109552,49.287584524953225],[-122.82847991195074,49.28760661524097],[-122.82865308886282,49.287636748681656],[-122.82872170440467,49.28769758296916],[-122.8287902486148,49.28775838379008],[-122.82888639273138,49.28784367469965],[-122.82903892176353,49.28818684349954],[-122.82895941000783,49.28834394875748],[-122.82885571886756,49.28845346792253],[-122.82869104657397,49.28855046077845],[-122.82845185015236,49.28862995475291],[-122.82761895554408,49.28874775414431],[-122.82736838672395,49.28879867838872],[-122.82716164685779,49.2888406559134],[-122.82456114518847,49.289207524011196],[-122.82437152132945,49.28923425799926],[-122.82383157732454,49.289322339401984],[-122.82351087308079,49.28937465670475],[-122.82333380306848,49.28945369590494],[-122.82324009158451,49.28949555989015],[-122.82306779115014,49.28960216133674],[-122.82280958252308,49.28987927073415],[-122.82273260151355,49.290100461391454],[-122.82277330295312,49.29044936579446],[-122.82308428506818,49.29076565276125],[-122.8238288663836,49.291235352872185],[-122.82404437727818,49.29146055522351],[-122.82418387231208,49.29167185571206],[-122.82423459649004,49.29199585185509],[-122.82413412117155,49.29229836020851],[-122.82394068728199,49.29253314912781],[-122.82340301989967,49.292896565745366],[-122.82235904848896,49.29358476792316],[-122.82205947428851,49.29380297520136],[-122.82184236737943,49.29406235862988],[-122.82171369999031,49.29471526287275],[-122.82154440580042,49.29489946558553],[-122.82148987039001,49.29494528305954],[-122.82118637273862,49.294959528343334],[-122.82111758708335,49.29465255067141],[-122.82135892858787,49.29018748131173]]]]}},{"type":"Feature","properties":{"DGUID":"2021S051259154038","DAUID":"59154038","LANDAREA":0.7341,"PRUID":"59","fed_num":"59025","da_code":"59154038","geo_name":"59154038","name_source":{"label":"Statistics Canada Census Profile 2021 DA WDS","url":"https://www12.statcan.gc.ca/wds-sdw/2021profile-profil2021-eng.cfm"},"population":859,"status":"ok","source":{"label":"Statistics Canada Census Profile 2021 DA WDS","url":"https://www12.statcan.gc.ca/wds-sdw/2021profile-profil2021-eng.cfm"},"community_name":"Coquitlam","community_source":{"label":"Statistics Canada 2021 census subdivision boundaries (spatial lookup)","url":"https://geo.statcan.gc.ca/geo_wa/rest/services/2021/Cartographic_boundary_files/MapServer/9"},"community_display":"Coquitlam","is_unorganized":false,"panel_title":"Coquitlam","display_label":"Coquitlam","map_label":"59154038"},"geometry":{"type":"MultiPolygon","coordinates":[[[[-122.81632368047859,49.27593366876067],[-122.81623721038949,49.275350172297884],[-122.81615959544868,49.2746731876363],[-122.81571184355661,49.27405353939957],[-122.8157324296021,49.273509394949734],[-122.81959482952905,49.27219389213985],[-122.81866017824333,49.26316086531054],[-122.82419912279384,49.263192676673285],[-122.82472474813717,49.263195680660466],[-122.82470178667349,49.26403377718362],[-122.82469117466307,49.2647505776594],[-122.82477191118319,49.26497638621909],[-122.82569789725508,49.26650445542874],[-122.82575040426943,49.26670067763706],[-122.82570460927255,49.266908278710375],[-122.82547543414042,49.26728628552971],[-122.82490373019972,49.26812976120372],[-122.82473745190642,49.26849066634374],[-122.8247526620598,49.268770362774106],[-122.82489657479,49.26903767041976],[-122.82511525013463,49.269235066614016],[-122.8253679762325,49.269378569552586],[-122.82512533762771,49.26968936852237],[-122.82504957942191,49.269893466594766],[-122.82514307694983,49.27009446790546],[-122.82526446251524,49.270226863613196],[-122.82528107573924,49.27038678345937],[-122.82542988220837,49.270721765511446],[-122.82545127799854,49.270911569976604],[-122.82538537426954,49.271111470911606],[-122.8251494211306,49.271768467050194],[-122.8251562841976,49.27184886912301],[-122.82520961660008,49.271932354242445],[-122.82528520195586,49.27197336368852],[-122.8254787932181,49.272015961259584],[-122.82749374774815,49.271990552682446],[-122.82804395871803,49.271922970462036],[-122.8294511927108,49.2715408501406],[-122.82925649411774,49.27227836053479],[-122.82910640115527,49.27248295695813],[-122.82893551710674,49.27261127341803],[-122.82873322958818,49.27271615941216],[-122.82842354095756,49.272762975617944],[-122.82706407866627,49.272787857137395],[-122.82609479635231,49.27275305356028],[-122.82538560530168,49.27277537605376],[-122.82473752363876,49.27284648015446],[-122.82426132946667,49.2729434584999],[-122.82393203350709,49.273126960994055],[-122.82375671167108,49.273346356252404],[-122.8239555283507,49.273750442964584],[-122.8240220683798,49.27468568522717],[-122.82379810989127,49.274845775070666],[-122.82384639416709,49.275725569931076],[-122.8239264945426,49.2765252778137],[-122.82393479116283,49.276682784549735],[-122.82377355629713,49.2766802703872],[-122.81957805888291,49.2766031825741],[-122.81638057264597,49.27654355253845],[-122.81636847254006,49.276414138650026],[-122.81632368047859,49.27593366876067]]]]}},{"type":"Feature","properties":{"DGUID":"2021S051259154039","DAUID":"59154039","LANDAREA":0.4997,"PRUID":"59","fed_num":"59025","da_code":"59154039","geo_name":"59154039","name_source":{"label":"Statistics Canada Census Profile 2021 DA WDS","url":"https://www12.statcan.gc.ca/wds-sdw/2021profile-profil2021-eng.cfm"},"population":598,"status":"ok","source":{"label":"Statistics Canada Census Profile 2021 DA WDS","url":"https://www12.statcan.gc.ca/wds-sdw/2021profile-profil2021-eng.cfm"},"community_name":"Coquitlam","community_source":{"label":"Statistics Canada 2021 census subdivision boundaries (spatial lookup)","url":"https://geo.statcan.gc.ca/geo_wa/rest/services/2021/Cartographic_boundary_files/MapServer/9"},"community_display":"Coquitlam","is_unorganized":false,"panel_title":"Coquitlam","display_label":"Coquitlam","map_label":"59154039"},"geometry":{"type":"MultiPolygon","coordinates":[[[[-122.81062569053552,49.26658353643175],[-122.81142170755321,49.26423670696568],[-122.81174599882478,49.263817501245],[-122.81238308437905,49.263964195752415],[-122.81305704516403,49.264132800610454],[-122.81334796796075,49.264159398514614],[-122.8139457289331,49.264097810462644],[-122.81375001328927,49.26370639629825],[-122.81375043819544,49.26318427121996],[-122.81375198496842,49.26127670042185],[-122.81380456502109,49.261210698313896],[-122.81390510016018,49.26118758753216],[-122.81517394925292,49.261177290082095],[-122.81518577364943,49.262846085531166],[-122.81525528704118,49.26303460042549],[-122.81536989308798,49.26319321941101],[-122.81551010106098,49.263387196211966],[-122.81595165930712,49.26319929368766],[-122.81596937656268,49.26319827999637],[-122.81605696186749,49.263193238021564],[-122.81646898121353,49.26316957786142],[-122.81760337048229,49.26315616084724],[-122.8178094879691,49.26315592757218],[-122.8181516413395,49.263157905248804],[-122.81866017824333,49.26316086531054],[-122.81959482952905,49.27219389213985],[-122.8157324296021,49.273509394949734],[-122.81559289041857,49.27094430682131],[-122.8155837420608,49.27084983497907],[-122.81465724324528,49.270845774480044],[-122.81468363648084,49.27042138687625],[-122.81464250546819,49.26987959048152],[-122.81451693549774,49.26958758135026],[-122.81400958672704,49.268884266096165],[-122.8140037275033,49.26887608259052],[-122.8138207010068,49.268619297155475],[-122.81381789253967,49.26828049139973],[-122.81202118746566,49.268270658843335],[-122.81175899363144,49.268226888019605],[-122.81145703004526,49.2681819284792],[-122.81092181624516,49.26793186864545],[-122.8107613635849,49.267807323174694],[-122.81068581712184,49.26764652449668],[-122.81067238894543,49.26724251416296],[-122.81060900334236,49.267064968371656],[-122.81053885961578,49.266986318690385],[-122.81050045592184,49.26696030758996],[-122.81023161103211,49.266778149309026],[-122.81051771165053,49.26665515195675],[-122.81062569053552,49.26658353643175]]]]}},{"type":"Feature","properties":{"DGUID":"2021S051259154041","DAUID":"59154041","LANDAREA":0.3077,"PRUID":"59","fed_num":"59025","da_code":"59154041","geo_name":"59154041","name_source":{"label":"Statistics Canada Census Profile 2021 DA WDS","url":"https://www12.statcan.gc.ca/wds-sdw/2021profile-profil2021-eng.cfm"},"population":440,"status":"ok","source":{"label":"Statistics Canada Census Profile 2021 DA WDS","url":"https://www12.statcan.gc.ca/wds-sdw/2021profile-profil2021-eng.cfm"},"community_name":"Coquitlam","community_source":{"label":"Statistics Canada 2021 census subdivision boundaries (spatial lookup)","url":"https://geo.statcan.gc.ca/geo_wa/rest/services/2021/Cartographic_boundary_files/MapServer/9"},"community_display":"Coquitlam","is_unorganized":false,"panel_title":"Coquitlam","display_label":"Coquitlam","map_label":"59154041"},"geometry":{"type":"MultiPolygon","coordinates":[[[[-122.81574339341923,49.248700092192756],[-122.81571615846678,49.247670491165366],[-122.81571951902104,49.246167338558315],[-122.81572052442223,49.2457047879075],[-122.81571163593891,49.24427524165683],[-122.81570974763899,49.24397023552052],[-122.81570967634525,49.24396118379647],[-122.8157770521992,49.242918090526594],[-122.81573252793066,49.242787097223164],[-122.81578441212214,49.242369707678606],[-122.81586382242365,49.24217379509722],[-122.81598699119715,49.241979307448936],[-122.81627129774697,49.24173988504952],[-122.81633723315274,49.24170639915061],[-122.81638847919373,49.24168035764611],[-122.81674987892012,49.24149681837325],[-122.81676078804182,49.24149129414258],[-122.81668017918159,49.24374873442408],[-122.81686816279425,49.243707593721254],[-122.81738313460541,49.24359482118483],[-122.81751530763515,49.24356588301042],[-122.81922629769976,49.2435565843095],[-122.82027032906231,49.24355086142412],[-122.82163981275191,49.243543396320035],[-122.82220588167343,49.24355998330446],[-122.82254896771296,49.24360348890923],[-122.82290497746878,49.24367969671127],[-122.82336386147175,49.243837390336594],[-122.82397338253168,49.24422378689814],[-122.82432797409119,49.24466217081451],[-122.8244267719334,49.244963299246066],[-122.82443550023281,49.245398682628625],[-122.82317150296359,49.245403892778796],[-122.82316613567535,49.24564053322353],[-122.8231510325976,49.24630600443628],[-122.82197780978426,49.246304238326125],[-122.8209606161361,49.246302695371455],[-122.82095707800654,49.24645584262744],[-122.82094121558468,49.24714719677446],[-122.82092567309405,49.24781519654081],[-122.82092315031531,49.24791280385382],[-122.82090338618059,49.24868208514558],[-122.82089734064155,49.248874853811685],[-122.8208906794562,49.24908808449123],[-122.81953594787772,49.24909054053098],[-122.81884652061012,49.2490917933905],[-122.81689762415479,49.24907971811481],[-122.81688157773193,49.24907960261212],[-122.81614207998905,49.24907502027617],[-122.8157532186157,49.24907261132885],[-122.81574339341923,49.248700092192756]]]]}},{"type":"Feature","properties":{"DGUID":"2021S051259154044","DAUID":"59154044","LANDAREA":2.1291,"PRUID":"59","fed_num":"59025","da_code":"59154044","geo_name":"59154044","name_source":{"label":"Statistics Canada Census Profile 2021 DA WDS","url":"https://www12.statcan.gc.ca/wds-sdw/2021profile-profil2021-eng.cfm"},"population":541,"status":"ok","source":{"label":"Statistics Canada Census Profile 2021 DA WDS","url":"https://www12.statcan.gc.ca/wds-sdw/2021profile-profil2021-eng.cfm"},"community_name":"Coquitlam","community_source":{"label":"Statistics Canada 2021 census subdivision boundaries (spatial lookup)","url":"https://geo.statcan.gc.ca/geo_wa/rest/services/2021/Cartographic_boundary_files/MapServer/9"},"community_display":"Coquitlam","is_unorganized":false,"panel_title":"Coquitlam","display_label":"Coquitlam","map_label":"59154044"},"geometry":{"type":"MultiPolygon","coordinates":[[[[-122.81560027917985,49.252248071928456],[-122.81559441529686,49.25159079631488],[-122.81559407843174,49.25155259919004],[-122.81578217018034,49.25155460697454],[-122.8157532186157,49.24907261132885],[-122.81614207998905,49.24907502027617],[-122.81688157773193,49.24907960261212],[-122.81689762415479,49.24907971811481],[-122.81884652061012,49.2490917933905],[-122.81953594787772,49.24909054053098],[-122.8208906794562,49.24908808449123],[-122.82225653720549,49.249081726255916],[-122.8241526904501,49.249072864524024],[-122.82442870518784,49.249071595214374],[-122.82442576391517,49.24954626069617],[-122.82442400307296,49.249823698272806],[-122.82442024010352,49.24997858819098],[-122.8244218439784,49.25091828395483],[-122.82871871595509,49.2509157840471],[-122.83067302119187,49.25091507208034],[-122.83280392297418,49.25091428454778],[-122.83407460137269,49.25091277259436],[-122.8353331371037,49.25090826536248],[-122.83550585580073,49.250872761089106],[-122.83546602522989,49.25260785889331],[-122.8354396024497,49.25375827563097],[-122.83543360092085,49.25432992508087],[-122.83541680719344,49.25593106965613],[-122.83541584262278,49.25602067347232],[-122.83545665679077,49.25622816220633],[-122.83583956247776,49.2565555580309],[-122.83593284363154,49.2568195591227],[-122.83593316542789,49.25766195848163],[-122.83590055408689,49.26160596022693],[-122.83706479981318,49.261616755117345],[-122.83840639717968,49.261628146042476],[-122.84085292371023,49.261634043848304],[-122.84084551934488,49.262489645759736],[-122.84084976634017,49.26337624779725],[-122.83814224284372,49.26334825837833],[-122.83731563856979,49.26333936249127],[-122.83700255529405,49.263336457406446],[-122.83507026263644,49.26331779913722],[-122.834434910505,49.26331166448537],[-122.83210195131038,49.26327914689895],[-122.830227721597,49.26325296554518],[-122.82472474813717,49.263195680660466],[-122.82419912279384,49.263192676673285],[-122.81866017824333,49.26316086531054],[-122.8181516413395,49.263157905248804],[-122.8178094879691,49.26315592757218],[-122.81760337048229,49.26315616084724],[-122.81762828952925,49.26245240440229],[-122.81753339518973,49.26187302173609],[-122.81675419910118,49.260747191506454],[-122.81645960178233,49.26032150789891],[-122.81607223559901,49.259559633455716],[-122.81599300937427,49.25932912989484],[-122.81584448069412,49.25889695161153],[-122.81578824837713,49.25873322632872],[-122.81576583614705,49.25860876111357],[-122.81567592224803,49.25810831647789],[-122.8156542421404,49.25696268955224],[-122.81564248918886,49.25634200286277],[-122.81563165506324,49.255769088877265],[-122.81561246984445,49.253615938737546],[-122.81560027917985,49.252248071928456]]]]}},{"type":"Feature","properties":{"DGUID":"2021S051259154045","DAUID":"59154045","LANDAREA":0.2586,"PRUID":"59","fed_num":"59025","da_code":"59154045","geo_name":"59154045","name_source":{"label":"Statistics Canada Census Profile 2021 DA WDS","url":"https://www12.statcan.gc.ca/wds-sdw/2021profile-profil2021-eng.cfm"},"population":486,"status":"ok","source":{"label":"Statistics Canada Census Profile 2021 DA WDS","url":"https://www12.statcan.gc.ca/wds-sdw/2021profile-profil2021-eng.cfm"},"community_name":"Coquitlam","community_source":{"label":"Statistics Canada 2021 census subdivision boundaries (spatial lookup)","url":"https://geo.statcan.gc.ca/geo_wa/rest/services/2021/Cartographic_boundary_files/MapServer/9"},"community_display":"Coquitlam","is_unorganized":false,"panel_title":"Coquitlam","display_label":"Coquitlam","map_label":"59154045"},"geometry":{"type":"MultiPolygon","coordinates":[[[[-122.81596937656268,49.26319827999637],[-122.81595165930712,49.26319929368766],[-122.81551010106098,49.263387196211966],[-122.81536989308798,49.26319321941101],[-122.81525528704118,49.26303460042549],[-122.81518577364943,49.262846085531166],[-122.81517394925292,49.261177290082095],[-122.81390510016018,49.26118758753216],[-122.81380456502109,49.261210698313896],[-122.81375198496842,49.26127670042185],[-122.81375043819544,49.26318427121996],[-122.81375001328927,49.26370639629825],[-122.8139457289331,49.264097810462644],[-122.81334796796075,49.264159398514614],[-122.81305704516403,49.264132800610454],[-122.81238308437905,49.263964195752415],[-122.81174599882478,49.263817501245],[-122.81138120599982,49.26368689462733],[-122.81115429349973,49.263529709593854],[-122.81099180914123,49.26335560472879],[-122.81082790820788,49.26317512486463],[-122.81062519995577,49.262951902439056],[-122.81012162290416,49.262562303187046],[-122.80974129461654,49.26225909278887],[-122.80934483237594,49.262030297799114],[-122.80723263451748,49.26137770655992],[-122.80674285852434,49.26134699416535],[-122.80630516455842,49.26141781559337],[-122.80597859172435,49.26157209353732],[-122.80533672735555,49.26197471572155],[-122.80459102570538,49.26272650888148],[-122.80425182483081,49.26210570569419],[-122.80319795350348,49.26116989661583],[-122.80235010909801,49.26274661835259],[-122.80250797836975,49.262962552034764],[-122.80233934697857,49.2629615627344],[-122.80233584779896,49.26296152274033],[-122.80053574227607,49.263095534618785],[-122.80049394133387,49.26300422990011],[-122.80059734245688,49.262700102787804],[-122.80116300433022,49.26206820388458],[-122.8011886047689,49.26159691269784],[-122.80121901149761,49.261356323826206],[-122.80145631462892,49.2610228176844],[-122.80156217353051,49.2609620125441],[-122.80212423761323,49.260490811742315],[-122.80486891217836,49.26023828519766],[-122.8050908684905,49.26021787258422],[-122.80778670304191,49.260604173405255],[-122.8133618100744,49.26049968202001],[-122.8151514742492,49.260466106481466],[-122.815195345283,49.26046665613629],[-122.81675419910118,49.260747191506454],[-122.81753339518973,49.26187302173609],[-122.81762828952925,49.26245240440229],[-122.81760337048229,49.26315616084724],[-122.81646898121353,49.26316957786142],[-122.81605696186749,49.263193238021564],[-122.81596937656268,49.26319827999637]]]]}},{"type":"Feature","properties":{"DGUID":"2021S051259154046","DAUID":"59154046","LANDAREA":0.2089,"PRUID":"59","fed_num":"59025","da_code":"59154046","geo_name":"59154046","name_source":{"label":"Statistics Canada Census Profile 2021 DA WDS","url":"https://www12.statcan.gc.ca/wds-sdw/2021profile-profil2021-eng.cfm"},"population":558,"status":"ok","source":{"label":"Statistics Canada Census Profile 2021 DA WDS","url":"https://www12.statcan.gc.ca/wds-sdw/2021profile-profil2021-eng.cfm"},"community_name":"Coquitlam","community_source":{"label":"Statistics Canada 2021 census subdivision boundaries (spatial lookup)","url":"https://geo.statcan.gc.ca/geo_wa/rest/services/2021/Cartographic_boundary_files/MapServer/9"},"community_display":"Coquitlam","is_unorganized":false,"panel_title":"Coquitlam","display_label":"Coquitlam","map_label":"59154046"},"geometry":{"type":"MultiPolygon","coordinates":[[[[-122.80156073872635,49.2709080000728],[-122.80143325591808,49.27081101782782],[-122.8000090930096,49.269727342491166],[-122.79985687991407,49.26961151428897],[-122.79942398715069,49.26915272126289],[-122.79934370089849,49.26894120582758],[-122.79930535790282,49.268840207051646],[-122.79921266717038,49.2686897082503],[-122.79941615595318,49.26862911209418],[-122.79954578061252,49.26850322292529],[-122.79953936314867,49.268376925298234],[-122.79931084975097,49.26820339851673],[-122.79919525961364,49.268086508947135],[-122.79911735840695,49.26782198367443],[-122.79911177540387,49.2678029126305],[-122.79912493735858,49.26727271353803],[-122.79915422571013,49.26565370987988],[-122.79917570355725,49.265273733622735],[-122.7992165164036,49.264551903169306],[-122.7998219802586,49.26453841945561],[-122.80003503604007,49.264255026718445],[-122.80050574818901,49.263628909547585],[-122.8005269030342,49.26325267907224],[-122.80053198411133,49.2631625185978],[-122.80053574227607,49.263095534618785],[-122.80233584779896,49.26296152274033],[-122.80233934697857,49.2629615627344],[-122.80250797836975,49.262962552034764],[-122.80260233179163,49.26309161152952],[-122.80264176697077,49.263145540766814],[-122.80266651447795,49.26317941903572],[-122.80301629819323,49.2641042183705],[-122.80319542056442,49.264237515490784],[-122.8034144880688,49.26428810452722],[-122.8028411254344,49.265231507677946],[-122.802720046421,49.26555220388292],[-122.80266097119191,49.26724689959718],[-122.80272107850077,49.267471215981736],[-122.80294978637103,49.26780231114427],[-122.80323475626255,49.2680936055919],[-122.80318350408149,49.27083081560174],[-122.80189373628411,49.27080250642858],[-122.80183624834186,49.27082070887061],[-122.80156073872635,49.2709080000728]]]]}},{"type":"Feature","properties":{"DGUID":"2021S051259154049","DAUID":"59154049","LANDAREA":16.5801,"PRUID":"59","fed_num":"59025","da_code":"59154049","geo_name":"59154049","name_source":{"label":"Statistics Canada Census Profile 2021 DA WDS","url":"https://www12.statcan.gc.ca/wds-sdw/2021profile-profil2021-eng.cfm"},"population":744,"status":"ok","source":{"label":"Statistics Canada Census Profile 2021 DA WDS","url":"https://www12.statcan.gc.ca/wds-sdw/2021profile-profil2021-eng.cfm"},"community_name":"Coquitlam","community_source":{"label":"Statistics Canada 2021 census subdivision boundaries (spatial lookup)","url":"https://geo.statcan.gc.ca/geo_wa/rest/services/2021/Cartographic_boundary_files/MapServer/9"},"community_display":"Coquitlam","is_unorganized":false,"panel_title":"Coquitlam","display_label":"Coquitlam","map_label":"59154049"},"geometry":{"type":"MultiPolygon","coordinates":[[[[-122.77065761041534,49.34489075163664],[-122.77097502514596,49.34475685049539],[-122.77107171918472,49.34470274443946],[-122.77131978881481,49.34464004159394],[-122.77141679523803,49.34460444530665],[-122.7716650896515,49.3445147545943],[-122.77199658605778,49.34431824360962],[-122.77206649935242,49.34427264971395],[-122.77224615090533,49.344138744597515],[-122.77238375439539,49.343967857445435],[-122.77246726787604,49.34386814426942],[-122.7725637577682,49.343688752782434],[-122.77260477800634,49.34361755009337],[-122.77266143527581,49.34344655098984],[-122.77267684696369,49.343248650288075],[-122.77267562626429,49.3431859440929],[-122.7727194437223,49.34298804476298],[-122.77273355839596,49.34287975559817],[-122.77273263243433,49.342790038617785],[-122.77273473841606,49.34266474443237],[-122.7726927442776,49.34247525054475],[-122.77266753404749,49.342321448553264],[-122.77265435815148,49.34224174822176],[-122.7725848316217,49.34209646140568],[-122.77254434022068,49.34203375113476],[-122.7725164164847,49.3419796493422],[-122.7723938260758,49.341854361942296],[-122.77233971609321,49.34180024961196],[-122.77218714549856,49.34170055176778],[-122.77200844239552,49.34160085383533],[-122.77192615360553,49.341565251092334],[-122.77169325441875,49.34145693925705],[-122.77148685672609,49.34132164969806],[-122.77133673351113,49.34124045261569],[-122.77118455390298,49.34115935424672],[-122.77098349859766,49.341193388942905],[-122.77072531667405,49.340828875824435],[-122.77059704692905,49.34074706126809],[-122.77045502623444,49.34065649396955],[-122.77030795445522,49.340284855571674],[-122.77040473774937,49.34007834294738],[-122.7705447416821,49.33988036216096],[-122.77068292853471,49.339700956505766],[-122.77079454501276,49.33954855164743],[-122.77095882425415,49.33932354551181],[-122.77123488989771,49.33902578099756],[-122.7712701571446,49.338805790153344],[-122.77136006101301,49.338245294440505],[-122.77133819722998,49.337956265859376],[-122.77126899632555,49.337875044772126],[-122.77116038617079,49.337668548109015],[-122.77109208873671,49.33755175838937],[-122.7709815931313,49.33739795497701],[-122.77091319266667,49.337326755968014],[-122.7706261852699,49.33711884586552],[-122.77036630016993,49.33692086274554],[-122.77011790826418,49.336748556066745],[-122.76984400820615,49.33663177016477],[-122.76970579588188,49.33659475723773],[-122.76939039573723,49.33647795106065],[-122.76906030224559,49.33638675207623],[-122.7689098073745,49.336359765864295],[-122.76870321633803,49.33629707112051],[-122.768058914873,49.33603780371838],[-122.76749870802773,49.33563618626781],[-122.76735380601858,49.33547971432717],[-122.76657773319141,49.334592251472635],[-122.7664137564456,49.33442136127568],[-122.7664142484171,49.334321650547075],[-122.76640133339468,49.33416926175927],[-122.76640043971027,49.33407957030141],[-122.76640234159085,49.3339357695498],[-122.76640254117508,49.3338175723621],[-122.76640141823415,49.33375486696008],[-122.7664025317987,49.33369217521502],[-122.76644364582458,49.33350275917689],[-122.76644553859465,49.333450066804495],[-122.76650122312134,49.33329625943675],[-122.76657081479674,49.33319795333067],[-122.76680540287579,49.33303706749842],[-122.7669142051064,49.333000074818315],[-122.76701142756421,49.33298296025769],[-122.76732719734431,49.332965855070015],[-122.76759029556267,49.3329302734397],[-122.76794846602404,49.33280908604707],[-122.76866267900178,49.332474180699286],[-122.76936965414674,49.33214266619927],[-122.7695772650257,49.331971763724276],[-122.7696315501311,49.3317823632505],[-122.76965934053048,49.33166554989799],[-122.76973053388878,49.331450475097235],[-122.76978655062268,49.33131516415254],[-122.76997901228268,49.33111725710112],[-122.7700890315057,49.331001850577216],[-122.77021520002438,49.33088505885724],[-122.77033839003461,49.330758357278256],[-122.770449810273,49.330632954131204],[-122.77051861182072,49.33052476197717],[-122.77068570008647,49.33033677272492],[-122.77080940383837,49.33020145656797],[-122.77094807649634,49.33005905358433],[-122.77112718549267,49.32988814866671],[-122.7712664811702,49.329771360842884],[-122.77147185444936,49.32960046500669],[-122.77165288177898,49.32945655974288],[-122.77176237533455,49.32934976623181],[-122.7719153524975,49.329178860345124],[-122.77198335247462,49.32910625669614],[-122.77203953443421,49.32903505600609],[-122.77209524893831,49.32897236523112],[-122.77213564700669,49.328909667008624],[-122.7721908611131,49.32885555564824],[-122.77224764974852,49.328809947513435],[-122.77235844006468,49.32869325079876],[-122.77244094021809,49.328622069959366],[-122.77256603234598,49.32844254804607],[-122.7726214317348,49.32836134810812],[-122.77266231392964,49.32829016263986],[-122.77278710888173,49.32809215442548],[-122.77284203567297,49.32789426510781],[-122.77278891983443,49.32773186797541],[-122.77272032062054,49.32759657466451],[-122.77265170778733,49.32750686919233],[-122.77258341865524,49.32734447427847],[-122.77248779618252,49.327210655641395],[-122.77242112167899,49.32710236246317],[-122.77225659724745,49.326940055403284],[-122.77213361592,49.3267776619154],[-122.7719951132592,49.32659677350294],[-122.77185990478078,49.32644436092525],[-122.77162599951123,49.32622795888133],[-122.77151532459104,49.326101170346604],[-122.77143583084633,49.32588606768065],[-122.77133962346647,49.32566966620083],[-122.77129863051836,49.32556996299074],[-122.77116122597391,49.325371971752105],[-122.77107893274288,49.325290772200105],[-122.77101232264506,49.32522815723628],[-122.77066683092809,49.32516407067971],[-122.77048844568245,49.325128461423624],[-122.77031111629312,49.325064358911284],[-122.77014452934438,49.324947563270925],[-122.77006423367945,49.32489345388495],[-122.76994074750856,49.324785168004034],[-122.76974864579549,49.32458726770123],[-122.76969452594416,49.324487559231905],[-122.76965272268512,49.32434366127069],[-122.76962622075875,49.324245473477426],[-122.76962623716821,49.32415427617934],[-122.76963994017447,49.324020365363346],[-122.76968304262711,49.323858068148475],[-122.76969691718907,49.323776864166604],[-122.76980731946196,49.323588863589634],[-122.76987611099652,49.32348067465202],[-122.76993291088074,49.32335527419634],[-122.76997490107352,49.323301161508574],[-122.77004268773763,49.323175866180534],[-122.7701133976305,49.32304906714468],[-122.7701554936199,49.322994975906845],[-122.77020948768565,49.32292377502866],[-122.77023848693119,49.32286966685444],[-122.7702520985842,49.32281545997591],[-122.77027919480325,49.322734374849816],[-122.77029341505725,49.32267166772224],[-122.77037668317708,49.32251926957523],[-122.77052849557744,49.32233125431404],[-122.77061339124815,49.32214187527359],[-122.77065437514247,49.322070656220184],[-122.77068169044345,49.32191686174949],[-122.7707106659649,49.32173736191999],[-122.77072537106095,49.32166616800371],[-122.77072678771847,49.32148527375523],[-122.77072616254245,49.32136855495126],[-122.77061263107161,49.320536702989834],[-122.77045359912135,49.32030304986821],[-122.7703467203118,49.320146016400685],[-122.77033697534465,49.32013169502354],[-122.77013190608007,49.31983030791442],[-122.76989704250035,49.31928916842602],[-122.76977274238503,49.31909117396438],[-122.76959605000476,49.318893261233285],[-122.7694448547681,49.31873087645799],[-122.76932215314378,49.318587074132076],[-122.76917206795434,49.31844175917844],[-122.76900105458236,49.31827356355515],[-122.76897944355893,49.318252372779554],[-122.76889817720652,49.31813557138669],[-122.7688161651634,49.3180273756357],[-122.76871986443211,49.31788347757262],[-122.76863816512133,49.317748181110424],[-122.76847436952256,49.31753168263018],[-122.76843337280745,49.31747756732046],[-122.76835124634151,49.31731667669649],[-122.76828213889317,49.31723547030914],[-122.76818794084642,49.31704608243308],[-122.76809154285675,49.31685666898309],[-122.76799717157502,49.31669427619349],[-122.76794166313844,49.316604565430254],[-122.76787375650932,49.316460669843224],[-122.76777706736681,49.316298379741966],[-122.76764035429385,49.316091878141755],[-122.76755866203492,49.3159565816544],[-122.76753365896636,49.315802675582134],[-122.76751894919425,49.31562328483261],[-122.7675205634224,49.31555207569485],[-122.76756238009274,49.31543385831868],[-122.767853434288,49.31508599830018],[-122.76830725421262,49.314959550785275],[-122.76837522077045,49.314886988154775],[-122.7684446411356,49.314815785083425],[-122.7686246112633,49.31465478728854],[-122.76866642380875,49.31458217824794],[-122.76876390144285,49.31444689565204],[-122.76881961771686,49.31438417531236],[-122.76886139475266,49.31427737198301],[-122.76897068447697,49.31410648053747],[-122.76910979726502,49.31397119188443],[-122.76916490748157,49.313917086446835],[-122.76920708877186,49.31388387877534],[-122.76930290988696,49.31381027863112],[-122.76957818181552,49.31363938201233],[-122.7697160942853,49.313532574994554],[-122.76993708584328,49.31338018423573],[-122.76993729066221,49.31337999717159],[-122.77133165923782,49.31231195827695],[-122.77158051650677,49.312042780398144],[-122.77164785259022,49.3119359617023],[-122.7717053064294,49.31184488822297],[-122.77181679496901,49.311673985861155],[-122.77184408367049,49.31161127498446],[-122.77191411217166,49.31144037725435],[-122.77195588955291,49.31124238070941],[-122.77198549506666,49.31105437551856],[-122.77198470928937,49.31087357769172],[-122.77198698787562,49.31074818047081],[-122.77197247009235,49.31062148584991],[-122.77189930545502,49.31043903714107],[-122.77188123476306,49.310394083335495],[-122.7718656047983,49.310355180446585],[-122.77178349108698,49.31015069091172],[-122.77175974896642,49.310091610334894],[-122.77179190076522,49.309989814019616],[-122.77179974710297,49.309964940128644],[-122.771839278775,49.30983956535713],[-122.77173039479815,49.30964158638761],[-122.7716059777942,49.30942509092183],[-122.77147117226262,49.309200082924235],[-122.77145756067786,49.30916307221473],[-122.77142997333456,49.30912748427254],[-122.77134696443683,49.30900207370744],[-122.77127966784383,49.30880419213948],[-122.77126575449796,49.308623276019226],[-122.77126698387806,49.30851508421222],[-122.77130985133002,49.30829998867441],[-122.7713383522568,49.30817467167329],[-122.77140745889871,49.3080393759749],[-122.77148946583068,49.30793106845902],[-122.7716686529046,49.30776017369087],[-122.77176735193235,49.30760776479519],[-122.77185064097253,49.307500991698845],[-122.77191943527464,49.30739279561642],[-122.77198912814164,49.30729446956342],[-122.77204432839058,49.30719477805752],[-122.77220872577803,49.30706098396839],[-122.77237561234969,49.30693418320707],[-122.77248521632397,49.30678178789744],[-122.77259720843296,49.30664788138764],[-122.77267890003807,49.3065211808826],[-122.77273631096173,49.30638727470964],[-122.77279020400303,49.306206385986634],[-122.7728467845916,49.306062585893976],[-122.77288838493646,49.305937193769005],[-122.7729315785955,49.305774892470524],[-122.7729586804428,49.30556838049138],[-122.77297406244485,49.305397475541426],[-122.77297560165047,49.30513678936548],[-122.77294699187887,49.3050385825418],[-122.77288038594999,49.30488479455605],[-122.77286846846533,49.3048634301455],[-122.7730124510372,49.30485951660418],[-122.7741631327852,49.30482822926676],[-122.77435253667673,49.304539161280736],[-122.77447131189513,49.30435787959996],[-122.7745225200607,49.30427969156278],[-122.77456879710583,49.30420911131352],[-122.77479709601292,49.303860707481654],[-122.77711817224248,49.30975209185353],[-122.77768859888936,49.31119975324989],[-122.77862462722811,49.311931641768055],[-122.77953177573634,49.31264090020155],[-122.78320599573406,49.31626066595323],[-122.78418814604501,49.317251712128346],[-122.78930688388678,49.31878694397201],[-122.78931809960673,49.31877021036071],[-122.79079493084119,49.31707087943656],[-122.79115754542069,49.317833794034094],[-122.791796755099,49.319530170118966],[-122.79219926562223,49.32019337587011],[-122.79287466209071,49.320631352441076],[-122.79311644044581,49.32055668894704],[-122.79322185724469,49.32052468825122],[-122.79356999921727,49.32033597106047],[-122.79371355804425,49.320258176672404],[-122.79526519068328,49.318967365955245],[-122.79557047951207,49.318671073847014],[-122.7957507935601,49.31837097955126],[-122.79579966479221,49.31806166812065],[-122.79556064817154,49.31682407332812],[-122.79549453834741,49.31630766706625],[-122.79553143363167,49.31595388101411],[-122.79564434380987,49.31567347164374],[-122.79586803568334,49.315422478407356],[-122.79617820436597,49.315173979693135],[-122.79653309896317,49.31495476802053],[-122.79809075407303,49.31421096523506],[-122.7989394237181,49.313712641746534],[-122.80007923825286,49.31268260599982],[-122.80055024780829,49.31225692635622],[-122.80147409456787,49.31146632833888],[-122.80171723749694,49.311132091579736],[-122.80189035390532,49.31077597533707],[-122.80196086633258,49.3104519535781],[-122.80199061203145,49.30756923018842],[-122.80202894417472,49.30733253348767],[-122.80210524729037,49.3071950715142],[-122.8022330788465,49.30696473117618],[-122.80249812301732,49.3066915192203],[-122.80279853766925,49.306483293179134],[-122.8032229217457,49.30627244105758],[-122.80327749465263,49.30625755857249],[-122.80332406630465,49.306244831480335],[-122.80524411031061,49.30572057717013],[-122.80784452083564,49.3068943336096],[-122.80982171352132,49.30641102644609],[-122.80996499946102,49.306375992294626],[-122.81055052676703,49.3067114552026],[-122.81107921114314,49.307032796101566],[-122.81202763667129,49.30760919450059],[-122.81274285590469,49.30773840220522],[-122.81400205765836,49.30790926681921],[-122.81537336301173,49.30809534814575],[-122.81726207832747,49.30835157285384],[-122.81897949118151,49.30858450580469],[-122.82012984671985,49.30848146041955],[-122.82132932570003,49.308346941993335],[-122.82239260728905,49.30819606287081],[-122.82243616055973,49.308594525389196],[-122.82256749260357,49.31006642243519],[-122.82226057738802,49.31764203322288],[-122.8220938686393,49.32145017048078],[-122.82191492164729,49.32738522011941],[-122.82185369171934,49.32941546638327],[-122.82183240196251,49.33017801284223],[-122.82175095991929,49.3338898432754],[-122.82171567518968,49.334046186305116],[-122.8218798946898,49.33851385936495],[-122.82211754656615,49.338782052459244],[-122.82212929015466,49.33974332411699],[-122.82214769551986,49.341251057509076],[-122.82219315050126,49.34497446444445],[-122.82234170196588,49.35162644473901],[-122.82189168277664,49.351622893777986],[-122.81863608183895,49.35159717999519],[-122.79996237120088,49.35143806916398],[-122.79049009438238,49.35135602371705],[-122.78753115542541,49.3513302075519],[-122.77710932663705,49.35123853992155],[-122.7756662926443,49.35122574331365],[-122.77364617116751,49.351029106474236],[-122.77364624228345,49.35100484826503],[-122.77361904682523,49.350869528056556],[-122.7735100419943,49.35064452580931],[-122.77342874806902,49.35050072942928],[-122.77327803167498,49.35023013273407],[-122.77316852924211,49.35005915250342],[-122.77305873418133,49.349869742072265],[-122.77299052993398,49.349725939526856],[-122.77289393017391,49.34958204361213],[-122.77281342046167,49.34943684356787],[-122.77266233929386,49.349265927051356],[-122.77260842424002,49.34918474569264],[-122.77251182706831,49.34904084968143],[-122.77242993110718,49.348905554396055],[-122.77233463286875,49.34871754429049],[-122.77223943027003,49.34860935753104],[-122.77214233539011,49.348474041505135],[-122.77189592809927,49.34830174820457],[-122.77178514355418,49.348220553075066],[-122.77159475966944,49.34804964300985],[-122.77141503679374,49.34790574600061],[-122.77129146404559,49.347797545051755],[-122.77115445816398,49.3476708516531],[-122.77089434475644,49.34747283015518],[-122.77081145240626,49.34740013563202],[-122.77072934263427,49.347291942011935],[-122.77056633657034,49.347103936423736],[-122.77047053327533,49.34700424958985],[-122.77036053579603,49.34684194046111],[-122.77025183703682,49.346635460095],[-122.77018282870144,49.34648155451165],[-122.77012965017255,49.34631924926104],[-122.7700743388504,49.34620245063092],[-122.77002095251724,49.34606715538707],[-122.76997981870565,49.34593324732068],[-122.76996605595006,49.345725343547706],[-122.77000792564932,49.34554583721487],[-122.77007794714717,49.34534794854292],[-122.77016143296359,49.34521403873581],[-122.77038212154837,49.34504314466973],[-122.77065761041534,49.34489075163664]]]]}},{"type":"Feature","properties":{"DGUID":"2021S051259154050","DAUID":"59154050","LANDAREA":0.2704,"PRUID":"59","fed_num":"59025","da_code":"59154050","geo_name":"59154050","name_source":{"label":"Statistics Canada Census Profile 2021 DA WDS","url":"https://www12.statcan.gc.ca/wds-sdw/2021profile-profil2021-eng.cfm"},"population":654,"status":"ok","source":{"label":"Statistics Canada Census Profile 2021 DA WDS","url":"https://www12.statcan.gc.ca/wds-sdw/2021profile-profil2021-eng.cfm"},"community_name":"Coquitlam","community_source":{"label":"Statistics Canada 2021 census subdivision boundaries (spatial lookup)","url":"https://geo.statcan.gc.ca/geo_wa/rest/services/2021/Cartographic_boundary_files/MapServer/9"},"community_display":"Coquitlam","is_unorganized":false,"panel_title":"Coquitlam","display_label":"Coquitlam","map_label":"59154050"},"geometry":{"type":"MultiPolygon","coordinates":[[[[-122.81946246073718,49.29618587101933],[-122.817386413142,49.29549333850501],[-122.81591653473396,49.29500297492968],[-122.81578690955762,49.29497135909068],[-122.81571654430748,49.29495421351844],[-122.81542170346246,49.29488228782778],[-122.8147441510081,49.29471707456095],[-122.81440116873493,49.29465217219262],[-122.81322669184304,49.2944299772465],[-122.81361098255265,49.293889482051895],[-122.8136833706791,49.29378768328698],[-122.81371444864308,49.293534476606865],[-122.81367884757793,49.29339287753818],[-122.81356769637202,49.29322006964219],[-122.81354596789687,49.29318627137935],[-122.81332645101995,49.29301857224762],[-122.81349944933436,49.2928614817139],[-122.81356854553597,49.29269686974947],[-122.81359772756106,49.29217256771171],[-122.8135639210585,49.29208417563346],[-122.8134526403982,49.29204216962507],[-122.81310334252123,49.29202376902042],[-122.8127739683954,49.291955471321415],[-122.81234898691054,49.29179787576928],[-122.8112603663519,49.29139457781649],[-122.81154147661063,49.29108487372852],[-122.81202973125667,49.290741674295646],[-122.81253181637783,49.29053758923315],[-122.81314560174594,49.290408877038864],[-122.81381041115152,49.29039776985101],[-122.81490431470527,49.290404351958564],[-122.81554894726767,49.29040821553317],[-122.81649293001668,49.290413875860246],[-122.81737641399869,49.2904011534205],[-122.81807299556209,49.29032717214977],[-122.81873078215884,49.29019785543926],[-122.81899419058401,49.29076687235496],[-122.81903868722353,49.29102047270198],[-122.81897363129065,49.29148697316982],[-122.81878362241396,49.29199307723436],[-122.81870244758547,49.292414963617524],[-122.8188138388078,49.29285427405587],[-122.8191958226567,49.29343935807616],[-122.8191526349768,49.29366787519276],[-122.81902495944442,49.29382527312643],[-122.81900503188939,49.29384083982623],[-122.81852804382883,49.29421425938823],[-122.81835395497241,49.2943469510741],[-122.81825318772431,49.29451336660193],[-122.81830838234359,49.29479961085625],[-122.81831906930988,49.29485495059009],[-122.81850996848229,49.29503886650266],[-122.81867712479112,49.29512226269787],[-122.81882105884934,49.295194053926735],[-122.81918814880221,49.29525435621837],[-122.82026053011838,49.295254461746616],[-122.82055394942714,49.29530815888943],[-122.82087184038863,49.295464365214336],[-122.82148987039001,49.29494528305954],[-122.82284981044745,49.29494777145193],[-122.82283132136202,49.29543731485619],[-122.82279351120782,49.29643825351224],[-122.82278654801422,49.29662249804104],[-122.82277020743481,49.29705525709657],[-122.82247613507596,49.29705285435322],[-122.82186894611779,49.2969638507491],[-122.82122765145239,49.296790943697346],[-122.82101855462034,49.29671929646862],[-122.82065169559606,49.296593532896765],[-122.81946246073718,49.29618587101933]]]]}},{"type":"Feature","properties":{"DGUID":"2021S051259154052","DAUID":"59154052","LANDAREA":0.3122,"PRUID":"59","fed_num":"59025","da_code":"59154052","geo_name":"59154052","name_source":{"label":"Statistics Canada Census Profile 2021 DA WDS","url":"https://www12.statcan.gc.ca/wds-sdw/2021profile-profil2021-eng.cfm"},"population":1022,"status":"ok","source":{"label":"Statistics Canada Census Profile 2021 DA WDS","url":"https://www12.statcan.gc.ca/wds-sdw/2021profile-profil2021-eng.cfm"},"community_name":"Port Moody","community_source":{"label":"Statistics Canada 2021 census subdivision boundaries (spatial lookup)","url":"https://geo.statcan.gc.ca/geo_wa/rest/services/2021/Cartographic_boundary_files/MapServer/9"},"community_display":"Port Moody","is_unorganized":false,"panel_title":"Port Moody","display_label":"Port Moody","map_label":"59154052"},"geometry":{"type":"MultiPolygon","coordinates":[[[[-122.82418387231208,49.29167185571206],[-122.82404437727818,49.29146055522351],[-122.8238288663836,49.291235352872185],[-122.82308428506818,49.29076565276125],[-122.82277330295312,49.29044936579446],[-122.82273260151355,49.290100461391454],[-122.82280958252308,49.28987927073415],[-122.82306779115014,49.28960216133674],[-122.82324009158451,49.28949555989015],[-122.82333380306848,49.28945369590494],[-122.82351087308079,49.28937465670475],[-122.82383157732454,49.289322339401984],[-122.82437152132945,49.28923425799926],[-122.82456114518847,49.289207524011196],[-122.82716164685779,49.2888406559134],[-122.82736838672395,49.28879867838872],[-122.82761895554408,49.28874775414431],[-122.82845185015236,49.28862995475291],[-122.82869104657397,49.28855046077845],[-122.82885571886756,49.28845346792253],[-122.82895941000783,49.28834394875748],[-122.82903892176353,49.28818684349954],[-122.82888639273138,49.28784367469965],[-122.8287902486148,49.28775838379008],[-122.82872170440467,49.28769758296916],[-122.82865308886282,49.287636748681656],[-122.82847991195074,49.28760661524097],[-122.8283530109552,49.287584524953225],[-122.82823600250265,49.28756416011341],[-122.82815517741244,49.28755937743174],[-122.82790334311818,49.287544457255834],[-122.82712054381633,49.28749267342799],[-122.82456052187209,49.28733806238488],[-122.82464699017781,49.286717273189765],[-122.82473998774124,49.2865631903596],[-122.82477097654491,49.286511871753994],[-122.82515037286419,49.28631136949264],[-122.82546816512571,49.286268455780984],[-122.82606995985832,49.28627265388644],[-122.82680802097407,49.28629435819028],[-122.82710322882906,49.286239965130676],[-122.82722933989668,49.28617317186742],[-122.8273385152238,49.286115355105174],[-122.82748650594098,49.28596207192408],[-122.82755368625833,49.28578296317008],[-122.82751071154223,49.28556726728068],[-122.82727770024185,49.28488047573416],[-122.82709548233805,49.28434338665097],[-122.82839218080157,49.28417607690911],[-122.82839567413147,49.28418484810325],[-122.82862114876703,49.284747671723885],[-122.82876646511215,49.2848744511324],[-122.82890154801687,49.285069343411834],[-122.82920333600777,49.28538006057382],[-122.82932727986605,49.28547926419126],[-122.82951873698902,49.285632552857685],[-122.8296986289131,49.28573185224723],[-122.83003044914189,49.285914962763805],[-122.83003219122395,49.285939821075104],[-122.83003080411993,49.28594981667732],[-122.83000316894415,49.286039523428826],[-122.83003076591709,49.28620051666274],[-122.83011127904335,49.28631871608464],[-122.83023630475816,49.28643541278031],[-122.83045488767239,49.28662490889282],[-122.83053778310307,49.28675022803318],[-122.83059270169183,49.286894022099],[-122.83059160135313,49.28703323488895],[-122.83059130191847,49.287074921193],[-122.83056381170499,49.287335506687434],[-122.8305344816686,49.287496511856546],[-122.83053322265273,49.28767742071364],[-122.83053449040364,49.287838307565835],[-122.8305744211629,49.2881716064524],[-122.830572718416,49.2885048003204],[-122.83050263121397,49.28865721988007],[-122.83037922531746,49.28889080862958],[-122.83026873480345,49.289151410706914],[-122.83014314313198,49.28943062641731],[-122.8300187460969,49.289555900455596],[-122.82989505846685,49.28964560207643],[-122.82953566539159,49.289780911760914],[-122.82915077355817,49.289869206057254],[-122.82875179783328,49.28998600248098],[-122.82838139261821,49.290075708194145],[-122.82820120031198,49.29013840933549],[-122.82766493235326,49.29047880493148],[-122.8275118399846,49.290551414909636],[-122.8273895175368,49.29063121018542],[-122.82716703143262,49.29082060819925],[-122.82705684570662,49.29092882084671],[-122.82689223022473,49.29113531426912],[-122.82672686951348,49.29137750709636],[-122.82662777810832,49.29162952455519],[-122.82647597062842,49.29186312541651],[-122.82640838717703,49.2919884230724],[-122.82639278616979,49.2920611285087],[-122.826366596758,49.292140816381654],[-122.8262694821256,49.292420025008546],[-122.82615859076839,49.29253683053902],[-122.82603279264484,49.29262652532218],[-122.8257855039586,49.29280590693234],[-122.82575741620009,49.29282441696654],[-122.82563320464924,49.292922727586365],[-122.82559359959468,49.29294982164988],[-122.82526280531275,49.293183420538114],[-122.82504153228169,49.293389904718815],[-122.82484854776729,49.29364191260282],[-122.82477924973462,49.29375872197863],[-122.82463976195449,49.29402791622143],[-122.8245013583899,49.294280032162156],[-122.82437697533742,49.29453072854542],[-122.82437725854462,49.29454922439687],[-122.8242928721632,49.294809821556775],[-122.82425148745408,49.29493512630416],[-122.82414148645834,49.29518721667033],[-122.8240445719748,49.295439316819035],[-122.82401408734505,49.295735526607],[-122.82397261525401,49.29607732461241],[-122.82394481496713,49.2962397129752],[-122.82391672593012,49.296554502749984],[-122.8238736002976,49.296716811865814],[-122.82383302293941,49.29693192577143],[-122.82381883523236,49.29699450916496],[-122.823812463155,49.29706471767223],[-122.82380412211978,49.297156907733665],[-122.82377442692783,49.29746311684403],[-122.82373224663235,49.29779491800431],[-122.82373283774021,49.29795731634127],[-122.82371785534949,49.29810112711395],[-122.82364857481943,49.29838882398571],[-122.82353776861723,49.29863091923688],[-122.82346715735814,49.29875772444183],[-122.82342616945535,49.29887451068468],[-122.8233418562134,49.299135109786846],[-122.82331460042549,49.299197821560725],[-122.823177716836,49.29926125398529],[-122.82277020743481,49.29705525709657],[-122.82278654801422,49.29662249804104],[-122.82279351120782,49.29643825351224],[-122.82283132136202,49.29543731485619],[-122.82284981044745,49.29494777145193],[-122.82148987039001,49.29494528305954],[-122.82154440580042,49.29489946558553],[-122.82171369999031,49.29471526287275],[-122.82184236737943,49.29406235862988],[-122.82205947428851,49.29380297520136],[-122.82235904848896,49.29358476792316],[-122.82340301989967,49.292896565745366],[-122.82394068728199,49.29253314912781],[-122.82413412117155,49.29229836020851],[-122.82423459649004,49.29199585185509],[-122.82418387231208,49.29167185571206]]]]}},{"type":"Feature","properties":{"DGUID":"2021S051259154076","DAUID":"59154076","LANDAREA":0.53,"PRUID":"59","fed_num":"59025","da_code":"59154076","geo_name":"59154076","name_source":{"label":"Statistics Canada Census Profile 2021 DA WDS","url":"https://www12.statcan.gc.ca/wds-sdw/2021profile-profil2021-eng.cfm"},"population":966,"status":"ok","source":{"label":"Statistics Canada Census Profile 2021 DA WDS","url":"https://www12.statcan.gc.ca/wds-sdw/2021profile-profil2021-eng.cfm"},"community_name":"Port Moody","community_source":{"label":"Statistics Canada 2021 census subdivision boundaries (spatial lookup)","url":"https://geo.statcan.gc.ca/geo_wa/rest/services/2021/Cartographic_boundary_files/MapServer/9"},"community_display":"Port Moody","is_unorganized":false,"panel_title":"Port Moody","display_label":"Port Moody","map_label":"59154076"},"geometry":{"type":"MultiPolygon","coordinates":[[[[-122.850355548972,49.28006442823124],[-122.84781760003722,49.27934624047235],[-122.84662144379703,49.27955640085497],[-122.846427526225,49.279546590203246],[-122.8455418242357,49.2793975151801],[-122.84552503410723,49.27885359798023],[-122.84516290681384,49.280055725666],[-122.84496821776835,49.28014140000797],[-122.84447352328971,49.28039239417684],[-122.84442906097365,49.28041280468866],[-122.84396275450183,49.280625788235646],[-122.84379784821041,49.280702100316454],[-122.84343946849602,49.28086779242455],[-122.84312577618537,49.28104599597754],[-122.84312317491718,49.281047508322125],[-122.84312178944374,49.281048104727205],[-122.84297118895368,49.2811100001716],[-122.84250330924225,49.28124439030217],[-122.8421876004685,49.28126189133703],[-122.84195470184635,49.28122579234871],[-122.8415408081693,49.28119820878154],[-122.84141813364263,49.28123410076204],[-122.84122333518619,49.28134960079178],[-122.84111555156767,49.281413508815895],[-122.84094333844642,49.28146909288638],[-122.8408941579714,49.28148499500458],[-122.8405100459024,49.28157460977443],[-122.84009708129726,49.28173591101417],[-122.83993175724557,49.28181660628674],[-122.83943468951395,49.282076907473034],[-122.8389250086249,49.282318991142354],[-122.83847170659745,49.282516311670456],[-122.83803134461157,49.282524504321806],[-122.83787505744185,49.28250160912822],[-122.83778463527833,49.282488317872094],[-122.83761884125052,49.28242509386386],[-122.83748194360486,49.28231699885682],[-122.83744204142926,49.28214600389906],[-122.83745564957863,49.28179511402015],[-122.83742952431602,49.2816243237836],[-122.83733392480312,49.281489208649504],[-122.83718262565009,49.28138991531078],[-122.83697673072277,49.281335722345624],[-122.8368483214698,49.28129950472955],[-122.83659232109675,49.281227309663365],[-122.83655004008239,49.281218208714854],[-122.83636045780317,49.28120780566941],[-122.8360416564305,49.281190302424605],[-122.83584995761807,49.281280123663464],[-122.83567420248875,49.28143411605125],[-122.83531822493059,49.28103559311313],[-122.83530026579069,49.28100625350158],[-122.83507296469969,49.28063504134962],[-122.83676636710476,49.28066700155753],[-122.83727997662382,49.28059287124055],[-122.83770802108846,49.280443237145846],[-122.83791501396838,49.28030658615727],[-122.83807645978449,49.280199999624784],[-122.83887944212418,49.27934877597439],[-122.83922960575796,49.27911127796062],[-122.83955810083168,49.27897044763068],[-122.83982656041572,49.27890355070688],[-122.84018516203813,49.27888521882453],[-122.84035036762032,49.27884050005676],[-122.84108202999657,49.278827689222496],[-122.841371420297,49.2788226501551],[-122.84137462854909,49.278271445698884],[-122.84136516982,49.27817144394138],[-122.84135665860997,49.27808124103778],[-122.84136369785824,49.278047402560055],[-122.85015627437535,49.27820509133914],[-122.85015603291289,49.278046011152355],[-122.85015573622411,49.27786334775138],[-122.85015555053411,49.27774697145895],[-122.85016181015175,49.27725072291276],[-122.85016325794973,49.27722443604271],[-122.85019330228184,49.27668592404568],[-122.84788433858262,49.27664552280402],[-122.84539681284696,49.276644039511055],[-122.84540958145179,49.27609224342173],[-122.84543308242753,49.27560552528035],[-122.84788638826869,49.27560420669911],[-122.84790908080413,49.275108504371865],[-122.84792348707961,49.27463328114725],[-122.84794418906019,49.27412572713475],[-122.85022680207851,49.274127541050376],[-122.85251237818474,49.27414471759042],[-122.85249708235773,49.274634324075706],[-122.85346056586532,49.274653435540834],[-122.85406766244407,49.27466575115459],[-122.85468603859938,49.27467831487338],[-122.85469858690684,49.275142621640335],[-122.85573482863693,49.275158496075974],[-122.85600421631534,49.275162637350135],[-122.85667356155157,49.27512710814976],[-122.85663681737789,49.275643232670944],[-122.85664194546473,49.27613520870941],[-122.85663874339403,49.2767297266823],[-122.85660864698295,49.277274719880715],[-122.85660196378177,49.277779029764346],[-122.85464880705824,49.277761818772724],[-122.85482140539665,49.2784992095746],[-122.85466684109804,49.278718416279744],[-122.85463594069421,49.27876221830197],[-122.85453152061105,49.27884212651958],[-122.85436314852647,49.278873216501815],[-122.85422532729224,49.27887325669265],[-122.8527898022403,49.278873459705736],[-122.85273478245747,49.27887346633814],[-122.85242518481553,49.27887352347296],[-122.85258349905122,49.27943663944856],[-122.85256439768216,49.27951622258725],[-122.85250200116639,49.279564914737406],[-122.85229898352536,49.27964002125164],[-122.850355548972,49.28006442823124]]]]}},{"type":"Feature","properties":{"DGUID":"2021S051259154077","DAUID":"59154077","LANDAREA":0.1051,"PRUID":"59","fed_num":"59025","da_code":"59154077","geo_name":"59154077","name_source":{"label":"Statistics Canada Census Profile 2021 DA WDS","url":"https://www12.statcan.gc.ca/wds-sdw/2021profile-profil2021-eng.cfm"},"population":0,"status":"ok","source":{"label":"Statistics Canada Census Profile 2021 DA WDS","url":"https://www12.statcan.gc.ca/wds-sdw/2021profile-profil2021-eng.cfm"},"community_name":"Port Moody","community_source":{"label":"Statistics Canada 2021 census subdivision boundaries (spatial lookup)","url":"https://geo.statcan.gc.ca/geo_wa/rest/services/2021/Cartographic_boundary_files/MapServer/9"},"community_display":"Port Moody","is_unorganized":false,"panel_title":"Port Moody","display_label":"Port Moody","map_label":"59154077"},"geometry":{"type":"MultiPolygon","coordinates":[[[[-122.84139462645868,49.27719093268523],[-122.84141121029693,49.276623835299894],[-122.84539681284696,49.276644039511055],[-122.84788433858262,49.27664552280402],[-122.85019330228184,49.27668592404568],[-122.85016325794973,49.27722443604271],[-122.85016181015175,49.27725072291276],[-122.85015555053411,49.27774697145895],[-122.85015573622411,49.27786334775138],[-122.85015603291289,49.278046011152355],[-122.85015627437535,49.27820509133914],[-122.84136369785824,49.278047402560055],[-122.84139442989147,49.2778999527265],[-122.84139462645868,49.27719093268523]]]]}},{"type":"Feature","properties":{"DGUID":"2021S051259154107","DAUID":"59154107","LANDAREA":0.1174,"PRUID":"59","fed_num":"59025","da_code":"59154107","geo_name":"59154107","name_source":{"label":"Statistics Canada Census Profile 2021 DA WDS","url":"https://www12.statcan.gc.ca/wds-sdw/2021profile-profil2021-eng.cfm"},"population":513,"status":"ok","source":{"label":"Statistics Canada Census Profile 2021 DA WDS","url":"https://www12.statcan.gc.ca/wds-sdw/2021profile-profil2021-eng.cfm"},"community_name":"Port Moody","community_source":{"label":"Statistics Canada 2021 census subdivision boundaries (spatial lookup)","url":"https://geo.statcan.gc.ca/geo_wa/rest/services/2021/Cartographic_boundary_files/MapServer/9"},"community_display":"Port Moody","is_unorganized":false,"panel_title":"Port Moody","display_label":"Port Moody","map_label":"59154107"},"geometry":{"type":"MultiPolygon","coordinates":[[[[-122.82747427563514,49.27735924072351],[-122.82703189878588,49.27751189779199],[-122.82701963512734,49.27751614425741],[-122.82664672484178,49.27758265153155],[-122.82575362560218,49.277649481959905],[-122.82398464119616,49.2777818690053],[-122.82397978116983,49.27767545809732],[-122.82397184291993,49.277506682635995],[-122.82393883002673,49.27677289435413],[-122.82393479116283,49.276682784549735],[-122.8239264945426,49.2765252778137],[-122.82384639416709,49.275725569931076],[-122.82379810989127,49.274845775070666],[-122.8240220683798,49.27468568522717],[-122.82939485804619,49.27467694831621],[-122.82938967606613,49.2748127078717],[-122.82937768722891,49.27512674852928],[-122.82936708488944,49.275405450422284],[-122.82936303727494,49.275511166987606],[-122.8293600789782,49.27558854355495],[-122.82935246179099,49.275800073163786],[-122.82925246389742,49.27591515791885],[-122.82901726165917,49.27603885881463],[-122.82862808118537,49.27630305678792],[-122.82890957441,49.27650865706368],[-122.8290524544754,49.27662998113864],[-122.82870294267664,49.27679148982711],[-122.82846925278457,49.276899474887564],[-122.82838816719683,49.27693695225811],[-122.82838579663179,49.276938035029595],[-122.82819357386504,49.27702685838567],[-122.82802672986087,49.27710395410566],[-122.82747427563514,49.27735924072351]]]]}},{"type":"Feature","properties":{"DGUID":"2021S051259154110","DAUID":"59154110","LANDAREA":0.1105,"PRUID":"59","fed_num":"59025","da_code":"59154110","geo_name":"59154110","name_source":{"label":"Statistics Canada Census Profile 2021 DA WDS","url":"https://www12.statcan.gc.ca/wds-sdw/2021profile-profil2021-eng.cfm"},"population":415,"status":"ok","source":{"label":"Statistics Canada Census Profile 2021 DA WDS","url":"https://www12.statcan.gc.ca/wds-sdw/2021profile-profil2021-eng.cfm"},"community_name":"Port Moody","community_source":{"label":"Statistics Canada 2021 census subdivision boundaries (spatial lookup)","url":"https://geo.statcan.gc.ca/geo_wa/rest/services/2021/Cartographic_boundary_files/MapServer/9"},"community_display":"Port Moody","is_unorganized":false,"panel_title":"Port Moody","display_label":"Port Moody","map_label":"59154110"},"geometry":{"type":"MultiPolygon","coordinates":[[[[-122.82384698155433,49.279184673144265],[-122.82386230164998,49.278604332853334],[-122.82398464119616,49.2777818690053],[-122.82575362560218,49.277649481959905],[-122.82664672484178,49.27758265153155],[-122.82701963512734,49.27751614425741],[-122.82703189878588,49.27751189779199],[-122.82747427563514,49.27735924072351],[-122.82731095900033,49.27793820563276],[-122.8272825949752,49.278143124836355],[-122.82736295837101,49.278524407356315],[-122.82711814982562,49.27933070311352],[-122.82707112060052,49.27991758843608],[-122.82713001924765,49.280161662288215],[-122.8271468036294,49.280378359742535],[-122.82736051794078,49.280770214904344],[-122.82739334623845,49.280833338280544],[-122.82722966471339,49.28090336787507],[-122.82664289436958,49.281154512017004],[-122.8249732979714,49.2823125839294],[-122.82489654419129,49.282268886486726],[-122.8244776663394,49.28201617321247],[-122.82425765610498,49.28188345247619],[-122.82402798579085,49.281703651045746],[-122.82380750421555,49.28137195471044],[-122.82380286787115,49.281283854186135],[-122.82379908117315,49.28121187017046],[-122.8237877615595,49.28099756276732],[-122.82380200725923,49.28055626631468],[-122.82381232564097,49.28049831222352],[-122.82384698155433,49.279184673144265]]]]}},{"type":"Feature","properties":{"DGUID":"2021S051259154111","DAUID":"59154111","LANDAREA":0.0844,"PRUID":"59","fed_num":"59025","da_code":"59154111","geo_name":"59154111","name_source":{"label":"Statistics Canada Census Profile 2021 DA WDS","url":"https://www12.statcan.gc.ca/wds-sdw/2021profile-profil2021-eng.cfm"},"population":796,"status":"ok","source":{"label":"Statistics Canada Census Profile 2021 DA WDS","url":"https://www12.statcan.gc.ca/wds-sdw/2021profile-profil2021-eng.cfm"},"community_name":"Port Moody","community_source":{"label":"Statistics Canada 2021 census subdivision boundaries (spatial lookup)","url":"https://geo.statcan.gc.ca/geo_wa/rest/services/2021/Cartographic_boundary_files/MapServer/9"},"community_display":"Port Moody","is_unorganized":false,"panel_title":"Port Moody","display_label":"Port Moody","map_label":"59154111"},"geometry":{"type":"MultiPolygon","coordinates":[[[[-122.82096229369121,49.28193371154665],[-122.82118552783432,49.28057108400501],[-122.82188471628899,49.28048660165239],[-122.82379443788614,49.280498685620714],[-122.82381232564097,49.28049831222352],[-122.82380200725923,49.28055626631468],[-122.8237877615595,49.28099756276732],[-122.82379908117315,49.28121187017046],[-122.82380286787115,49.281283854186135],[-122.82380750421555,49.28137195471044],[-122.82402798579085,49.281703651045746],[-122.82425765610498,49.28188345247619],[-122.8244776663394,49.28201617321247],[-122.82489654419129,49.282268886486726],[-122.8249732979714,49.2823125839294],[-122.82329898574558,49.283538049583996],[-122.82230595787236,49.28419005192407],[-122.82210002285196,49.28432526252512],[-122.82164918025929,49.284545304111575],[-122.8216366014002,49.28454916355693],[-122.8215391447247,49.284579289471715],[-122.8214284671689,49.284613525974976],[-122.8214072652452,49.284534797017315],[-122.82109428747133,49.2833726909043],[-122.82102945500178,49.282483456314765],[-122.82096229369121,49.28193371154665]]]]}},{"type":"Feature","properties":{"DGUID":"2021S051259154116","DAUID":"59154116","LANDAREA":3.2734,"PRUID":"59","fed_num":"59025","da_code":"59154116","geo_name":"59154116","name_source":{"label":"Statistics Canada Census Profile 2021 DA WDS","url":"https://www12.statcan.gc.ca/wds-sdw/2021profile-profil2021-eng.cfm"},"population":1021,"status":"ok","source":{"label":"Statistics Canada Census Profile 2021 DA WDS","url":"https://www12.statcan.gc.ca/wds-sdw/2021profile-profil2021-eng.cfm"},"community_name":"Coquitlam","community_source":{"label":"Statistics Canada 2021 census subdivision boundaries (spatial lookup)","url":"https://geo.statcan.gc.ca/geo_wa/rest/services/2021/Cartographic_boundary_files/MapServer/9"},"community_display":"Coquitlam","is_unorganized":false,"panel_title":"Coquitlam","display_label":"Coquitlam","map_label":"59154116"},"geometry":{"type":"MultiPolygon","coordinates":[[[[-122.80252316688136,49.25972096497654],[-122.80225304107141,49.25943020524947],[-122.80180171924034,49.25983661623083],[-122.80154106600023,49.260071331683974],[-122.80123008805684,49.260416894667486],[-122.80115332512744,49.260502218155516],[-122.79794971778382,49.260306779641034],[-122.79772927543036,49.26029334463861],[-122.79772827253846,49.260293313491445],[-122.79741437167542,49.260298921043294],[-122.79629552359778,49.26038435676018],[-122.79605747721651,49.26038686944288],[-122.7970767981716,49.25965948647695],[-122.7970935727223,49.25964751587515],[-122.79733507392314,49.25927010881608],[-122.79743393695064,49.25786300455813],[-122.79743678879213,49.25782251632374],[-122.7974444546166,49.25771343099464],[-122.79721724292529,49.25702552567556],[-122.79721588849452,49.25702142754219],[-122.79718053491644,49.25691442951071],[-122.79717600482307,49.256418828680054],[-122.79784959844825,49.255322217218236],[-122.79797598552813,49.25488864773389],[-122.79799798130513,49.25429253275688],[-122.79776991975008,49.25314116242566],[-122.79776657965483,49.253124371252895],[-122.79770080218839,49.252792236837216],[-122.79768866605929,49.252730989726366],[-122.79761684621282,49.2523684274097],[-122.79701544001605,49.251341528881646],[-122.7968240500486,49.25112773815839],[-122.79657919776227,49.25085417545386],[-122.79597896469073,49.250183636077],[-122.79559423651268,49.249401729002926],[-122.79552752398915,49.24870392976134],[-122.7956379916786,49.24845182737318],[-122.79597461256783,49.24829944306333],[-122.79653568895647,49.24835922995316],[-122.79749227604489,49.24866402049439],[-122.79792026413946,49.248591440067024],[-122.79817463593344,49.248406253183305],[-122.79828144800067,49.24817693199488],[-122.79825647846926,49.248018583768946],[-122.79815171738228,49.247353722986226],[-122.79850629474161,49.2467199407284],[-122.79905058153616,49.24647213094216],[-122.80132610619559,49.246403833768646],[-122.8013328255979,49.24640203144439],[-122.80139590836956,49.24638502404008],[-122.80233078603584,49.246133228948985],[-122.80291963915528,49.245573522658816],[-122.80296405979495,49.24532991982076],[-122.80280605622299,49.24503651981215],[-122.80181813538904,49.24399541267744],[-122.80181615175948,49.243897782926666],[-122.80181272891765,49.243726303320116],[-122.801809824955,49.243582422921634],[-122.80208219466878,49.24321212182721],[-122.80254000256632,49.24285322140668],[-122.80374504109278,49.24233341672043],[-122.8045617098934,49.24211260262743],[-122.80509900963816,49.242035831677896],[-122.80510616042268,49.24203483937624],[-122.80585726873778,49.2419275233947],[-122.8066017630145,49.2416768145485],[-122.80689164422671,49.241404819139916],[-122.80692254082749,49.24114445303828],[-122.80692287766377,49.241141514807325],[-122.80697191996765,49.24072831719132],[-122.80682889295169,49.24005321717872],[-122.80701805148308,49.239017820246076],[-122.80726195948664,49.23846809048141],[-122.80733844495911,49.238295697209196],[-122.80737381682424,49.23785992096308],[-122.8072589245776,49.2375637069728],[-122.80647536072044,49.23689703630014],[-122.80625951301539,49.23671342046657],[-122.8056894468163,49.236461413644086],[-122.80491696417616,49.23628217258385],[-122.80468776346048,49.236228984633506],[-122.80449863769108,49.236185102693085],[-122.80228039485925,49.23616231004135],[-122.80099665112775,49.23624772513522],[-122.80068225417496,49.23619781867879],[-122.80024715477676,49.23590593177381],[-122.80013603894943,49.23573931241691],[-122.80012744727114,49.235069926074054],[-122.80036958972454,49.23437260332243],[-122.8004572968522,49.23412001763868],[-122.8012566743612,49.23298630462942],[-122.80152485604651,49.232606016122034],[-122.80204138687489,49.23203147330475],[-122.80206869811175,49.23200110334724],[-122.80216348221545,49.231895654358254],[-122.80291274660621,49.23106221293978],[-122.80350838487429,49.23016081141005],[-122.80351502419695,49.23015071704578],[-122.80376249105434,49.22996891838756],[-122.80419475520965,49.22971093537672],[-122.80424780054192,49.22967927289365],[-122.80431091084951,49.22964159424737],[-122.80432185395306,49.22963507042691],[-122.80533217661952,49.22903203752465],[-122.80553392439572,49.228911613947965],[-122.80631537274503,49.22825649841177],[-122.80633041891362,49.22822761036298],[-122.80649788529837,49.22790610891356],[-122.80649638059221,49.22783010182],[-122.80649107004473,49.227558522259876],[-122.80649067161693,49.227538502897175],[-122.8064813560061,49.22706158912087],[-122.80638130250483,49.226930795923586],[-122.80629710976088,49.2268207459446],[-122.8058555828461,49.22624358844667],[-122.80573404394241,49.22608469380839],[-122.80528322476407,49.225495401373024],[-122.8050791412508,49.22522859403783],[-122.80512403370011,49.224790535230234],[-122.80512622271372,49.224769154755194],[-122.80517279571973,49.22431431310299],[-122.80517234650837,49.224125697805725],[-122.80474325533676,49.21933995161789],[-122.80546616302544,49.219337763001896],[-122.80614588143129,49.21933569596049],[-122.80619447821302,49.21933555731273],[-122.80768878388099,49.219330992274756],[-122.80834717999588,49.21936349237278],[-122.80835052237032,49.21936367245434],[-122.80868736260837,49.21938028390507],[-122.8097367407535,49.219432094877334],[-122.8120364858703,49.21957204244927],[-122.81215636724066,49.21957934405347],[-122.81255329630848,49.21960348406972],[-122.8126485955186,49.2196092672288],[-122.81285767107522,49.21962199398683],[-122.81286009931624,49.21962214161156],[-122.8134340278078,49.21965705842077],[-122.81344284295623,49.2196575818147],[-122.81379831781487,49.2196792099992],[-122.81633408911476,49.21983338910468],[-122.81661561091617,49.21985052846322],[-122.81743048956154,49.219900041757704],[-122.81681570449696,49.223644729336456],[-122.81679844901565,49.22403707147257],[-122.81719042842204,49.22501382647052],[-122.81720650640197,49.22563047897799],[-122.81706882062065,49.22585112452358],[-122.81702574142163,49.22592018702551],[-122.81743137244487,49.22699959564026],[-122.81729950308122,49.22700514419507],[-122.81687830412456,49.226871448545666],[-122.81669463654937,49.22685168788547],[-122.81683227592661,49.23741388216919],[-122.816796250759,49.23846129279205],[-122.81679294194188,49.23855678034297],[-122.81678457189528,49.238799969637085],[-122.81631781364001,49.239219021051724],[-122.81622914590801,49.239804553675235],[-122.81649000738763,49.24063238813147],[-122.81676078804182,49.24149129414258],[-122.81674987892012,49.24149681837325],[-122.81638847919373,49.24168035764611],[-122.81633723315274,49.24170639915061],[-122.81627129774697,49.24173988504952],[-122.81598699119715,49.241979307448936],[-122.81586382242365,49.24217379509722],[-122.81578441212214,49.242369707678606],[-122.81573252793066,49.242787097223164],[-122.81566014826589,49.24292099608865],[-122.81556269385368,49.243955131425864],[-122.81555899991623,49.24399460737248],[-122.81536469541113,49.24402490115274],[-122.81535075349105,49.244030137204085],[-122.81508688148776,49.24412929585422],[-122.81480651733504,49.24431390343],[-122.81359146014191,49.245407698891626],[-122.81282351448326,49.245908407389244],[-122.81141025693526,49.24682979791674],[-122.81081921741705,49.24727541327788],[-122.81034282430426,49.24771181079369],[-122.81008001668165,49.24803820662837],[-122.8098976920034,49.24832975215372],[-122.8096262810147,49.24876376089034],[-122.80878389714202,49.25011057421618],[-122.8086017514595,49.25040181703499],[-122.80849984560976,49.250804212487395],[-122.80850159452119,49.2508528562126],[-122.8085125548128,49.25115860760034],[-122.80846374196965,49.251509401411745],[-122.80834134369915,49.251910309857436],[-122.80815556117801,49.25225531640177],[-122.80747391512014,49.2529386968717],[-122.80732051592155,49.25321081809126],[-122.80723572721121,49.25360472423355],[-122.80774008970188,49.25364210459677],[-122.80824009233115,49.253782225712996],[-122.80867759340882,49.254051907863825],[-122.80890173818219,49.25435871111288],[-122.80899781202352,49.25449021936874],[-122.80947778236491,49.25580081168409],[-122.80825704710361,49.25601240967653],[-122.80810776858488,49.255845907453015],[-122.80797704417502,49.25548971388854],[-122.80764253633404,49.255260005159066],[-122.80722945161384,49.25513342219576],[-122.80679085042813,49.25517982567569],[-122.80648586177855,49.25531861917865],[-122.80632414618859,49.25541290829558],[-122.8054350124475,49.25625592461001],[-122.80488975055754,49.25703261409118],[-122.80436125864613,49.257924213514514],[-122.804393569189,49.2584116279505],[-122.80453788941196,49.25865100512942],[-122.80531366367664,49.25931550688882],[-122.80506240847089,49.259453956851075],[-122.80380421295241,49.26014731899505],[-122.80347261441447,49.26021410926706],[-122.80311321424529,49.26018541868434],[-122.80283484682498,49.26005831657509],[-122.80275053653384,49.25996572510879],[-122.80252316688136,49.25972096497654]],[[-122.80427151472686,49.231567379893],[-122.80623784294345,49.23031363821864],[-122.80662886075949,49.23006431090537],[-122.80682368076741,49.229940088335866],[-122.80698106111974,49.22982560317258],[-122.80702335466299,49.22979591700156],[-122.80602157812206,49.229299074043624],[-122.80564611285479,49.2293966469659],[-122.80528703343357,49.229593721765326],[-122.80480463447894,49.22975269775296],[-122.80459250139563,49.22982616155051],[-122.80448364839792,49.22988227013288],[-122.80425864630367,49.23004683903544],[-122.8040920804593,49.23023785481093],[-122.80387898641024,49.230424767076144],[-122.8036534657882,49.230603881458045],[-122.8034606672226,49.230953455503624],[-122.80339761413573,49.23110458028305],[-122.80331896347272,49.231243043244426],[-122.80377658357342,49.23139885944298],[-122.80427151472686,49.231567379893]]]]}},{"type":"Feature","properties":{"DGUID":"2021S051259154117","DAUID":"59154117","LANDAREA":0.031,"PRUID":"59","fed_num":"59025","da_code":"59154117","geo_name":"59154117","name_source":{"label":"Statistics Canada Census Profile 2021 DA WDS","url":"https://www12.statcan.gc.ca/wds-sdw/2021profile-profil2021-eng.cfm"},"population":55,"status":"ok","source":{"label":"Statistics Canada Census Profile 2021 DA WDS","url":"https://www12.statcan.gc.ca/wds-sdw/2021profile-profil2021-eng.cfm"},"community_name":"Coquitlam 1","community_source":{"label":"Statistics Canada 2021 census subdivision boundaries (spatial lookup)","url":"https://geo.statcan.gc.ca/geo_wa/rest/services/2021/Cartographic_boundary_files/MapServer/9"},"community_display":"Coquitlam 1","is_unorganized":false,"panel_title":"Coquitlam 1","display_label":"Coquitlam 1","map_label":"Coquitlam 1"},"geometry":{"type":"MultiPolygon","coordinates":[[[[-122.80448364839792,49.22988227013288],[-122.80459250139563,49.22982616155051],[-122.80480463447894,49.22975269775296],[-122.80528703343357,49.229593721765326],[-122.80564611285479,49.2293966469659],[-122.80602157812206,49.229299074043624],[-122.80702335466299,49.22979591700156],[-122.80698106111974,49.22982560317258],[-122.80682368076741,49.229940088335866],[-122.80662886075949,49.23006431090537],[-122.80623784294345,49.23031363821864],[-122.80427151472686,49.231567379893],[-122.80377658357342,49.23139885944298],[-122.80331896347272,49.231243043244426],[-122.80339761413573,49.23110458028305],[-122.8034606672226,49.230953455503624],[-122.8036534657882,49.230603881458045],[-122.80387898641024,49.230424767076144],[-122.8040920804593,49.23023785481093],[-122.80425864630367,49.23004683903544],[-122.80448364839792,49.22988227013288]]]]}},{"type":"Feature","properties":{"DGUID":"2021S051259154366","DAUID":"59154366","LANDAREA":0.0708,"PRUID":"59","fed_num":"59025","da_code":"59154366","geo_name":"59154366","name_source":{"label":"Statistics Canada Census Profile 2021 DA WDS","url":"https://www12.statcan.gc.ca/wds-sdw/2021profile-profil2021-eng.cfm"},"population":950,"status":"ok","source":{"label":"Statistics Canada Census Profile 2021 DA WDS","url":"https://www12.statcan.gc.ca/wds-sdw/2021profile-profil2021-eng.cfm"},"community_name":"Coquitlam","community_source":{"label":"Statistics Canada 2021 census subdivision boundaries (spatial lookup)","url":"https://geo.statcan.gc.ca/geo_wa/rest/services/2021/Cartographic_boundary_files/MapServer/9"},"community_display":"Coquitlam","is_unorganized":false,"panel_title":"Coquitlam","display_label":"Coquitlam","map_label":"59154366"},"geometry":{"type":"MultiPolygon","coordinates":[[[[-122.88799269724946,49.263191280531736],[-122.89161173129952,49.260338969594486],[-122.8923232249319,49.26034147923928],[-122.893064601974,49.26034836601018],[-122.89307394994533,49.26064159137123],[-122.89307505679156,49.26067538393451],[-122.89312152712581,49.262132730844485],[-122.89312553168332,49.26225882038252],[-122.89314396357166,49.262836168501586],[-122.89314369257104,49.26293404903887],[-122.89314368504385,49.262943367420796],[-122.89248116177544,49.26298826825037],[-122.89225159759181,49.26295007766211],[-122.89182940436193,49.26297577351262],[-122.89153250874207,49.2629987760388],[-122.89047003040632,49.26306716416581],[-122.88993333552641,49.263093335326246],[-122.88928453903243,49.2631249752392],[-122.88876984133947,49.26315139136051],[-122.88799269724946,49.263191280531736]]]]}},{"type":"Feature","properties":{"DGUID":"2021S051259154367","DAUID":"59154367","LANDAREA":0.374,"PRUID":"59","fed_num":"59025","da_code":"59154367","geo_name":"59154367","name_source":{"label":"Statistics Canada Census Profile 2021 DA WDS","url":"https://www12.statcan.gc.ca/wds-sdw/2021profile-profil2021-eng.cfm"},"population":1212,"status":"ok","source":{"label":"Statistics Canada Census Profile 2021 DA WDS","url":"https://www12.statcan.gc.ca/wds-sdw/2021profile-profil2021-eng.cfm"},"community_name":"Coquitlam","community_source":{"label":"Statistics Canada 2021 census subdivision boundaries (spatial lookup)","url":"https://geo.statcan.gc.ca/geo_wa/rest/services/2021/Cartographic_boundary_files/MapServer/9"},"community_display":"Coquitlam","is_unorganized":false,"panel_title":"Coquitlam","display_label":"Coquitlam","map_label":"59154367"},"geometry":{"type":"MultiPolygon","coordinates":[[[[-122.89006218186928,49.269726258286056],[-122.88196536700954,49.26983498341168],[-122.88157320325149,49.269782187110515],[-122.8805510205601,49.269085192227884],[-122.88158087852995,49.268277991890486],[-122.88375997564026,49.26652128052599],[-122.88450007020008,49.26650373935009],[-122.88634733348341,49.26645987398318],[-122.88637841295909,49.26714278959477],[-122.88700045279131,49.26712944531745],[-122.89031932033826,49.26705816464529],[-122.89042492568221,49.26702068611442],[-122.89046132056264,49.26694787715107],[-122.89042930662914,49.26646226183757],[-122.89036341434233,49.26640007448482],[-122.89025610717104,49.26636175581247],[-122.89007060409578,49.2663609775498],[-122.88984911699502,49.266139276979196],[-122.88909223754312,49.26574805949192],[-122.8892179056447,49.26557427591409],[-122.88921340933953,49.264514681216696],[-122.8890921763092,49.264252677434925],[-122.88869631349738,49.26392777249041],[-122.88921298691238,49.26347597523079],[-122.8893081353334,49.263285072832524],[-122.88928453903243,49.2631249752392],[-122.88993333552641,49.263093335326246],[-122.89047003040632,49.26306716416581],[-122.89153250874207,49.2629987760388],[-122.89182940436193,49.26297577351262],[-122.89225159759181,49.26295007766211],[-122.89248116177544,49.26298826825037],[-122.89314368504385,49.262943367420796],[-122.89326892238856,49.26571075525718],[-122.89328005441433,49.26607317869187],[-122.893284452214,49.2662170377672],[-122.89332807911889,49.267638462419804],[-122.89295279149644,49.267641252798725],[-122.89283298658363,49.26768645929274],[-122.89203814206546,49.26867965991834],[-122.892055959546,49.26970715989881],[-122.8910109698214,49.2697166737685],[-122.89077484904004,49.26971905378539],[-122.89056870994713,49.269721155790705],[-122.8902111893186,49.26972474790107],[-122.89006218186928,49.269726258286056]]]]}},{"type":"Feature","properties":{"DGUID":"2021S051259154368","DAUID":"59154368","LANDAREA":0.1558,"PRUID":"59","fed_num":"59025","da_code":"59154368","geo_name":"59154368","name_source":{"label":"Statistics Canada Census Profile 2021 DA WDS","url":"https://www12.statcan.gc.ca/wds-sdw/2021profile-profil2021-eng.cfm"},"population":2193,"status":"ok","source":{"label":"Statistics Canada Census Profile 2021 DA WDS","url":"https://www12.statcan.gc.ca/wds-sdw/2021profile-profil2021-eng.cfm"},"community_name":"Coquitlam","community_source":{"label":"Statistics Canada 2021 census subdivision boundaries (spatial lookup)","url":"https://geo.statcan.gc.ca/geo_wa/rest/services/2021/Cartographic_boundary_files/MapServer/9"},"community_display":"Coquitlam","is_unorganized":false,"panel_title":"Coquitlam","display_label":"Coquitlam","map_label":"59154368"},"geometry":{"type":"MultiPolygon","coordinates":[[[[-122.88347548817534,49.26212399107461],[-122.88335536436134,49.26018998814911],[-122.88476061707716,49.26021347441003],[-122.88615376370423,49.26025278764787],[-122.88724714926379,49.260270077832075],[-122.88774011564043,49.26027786774004],[-122.88852813054802,49.26029031261373],[-122.88868721819436,49.26029283264228],[-122.88890203751029,49.2602962340396],[-122.88891577227582,49.26029644318544],[-122.88977939253242,49.26031007894934],[-122.8909691902213,49.26032884370212],[-122.89161173129952,49.260338969594486],[-122.88799269724946,49.263191280531736],[-122.88680980987661,49.2632526670847],[-122.88599446470016,49.26330111379692],[-122.88353359646244,49.26344727845043],[-122.88351501335359,49.262762990725456],[-122.88347548817534,49.26212399107461]]]]}},{"type":"Feature","properties":{"DGUID":"2021S051259154370","DAUID":"59154370","LANDAREA":0.0952,"PRUID":"59","fed_num":"59025","da_code":"59154370","geo_name":"59154370","name_source":{"label":"Statistics Canada Census Profile 2021 DA WDS","url":"https://www12.statcan.gc.ca/wds-sdw/2021profile-profil2021-eng.cfm"},"population":325,"status":"ok","source":{"label":"Statistics Canada Census Profile 2021 DA WDS","url":"https://www12.statcan.gc.ca/wds-sdw/2021profile-profil2021-eng.cfm"},"community_name":"Coquitlam","community_source":{"label":"Statistics Canada 2021 census subdivision boundaries (spatial lookup)","url":"https://geo.statcan.gc.ca/geo_wa/rest/services/2021/Cartographic_boundary_files/MapServer/9"},"community_display":"Coquitlam","is_unorganized":false,"panel_title":"Coquitlam","display_label":"Coquitlam","map_label":"59154370"},"geometry":{"type":"MultiPolygon","coordinates":[[[[-122.87993163197851,49.26119278109612],[-122.87985214726488,49.26012839972407],[-122.88150077715446,49.26016788275575],[-122.88197139661433,49.26017699574857],[-122.88288816899934,49.26019087096628],[-122.88335536436134,49.26018998814911],[-122.88347548817534,49.26212399107461],[-122.88351501335359,49.262762990725456],[-122.88353359646244,49.26344727845043],[-122.88006117997742,49.26361808403451],[-122.87997164629775,49.26202818953879],[-122.87993163197851,49.26119278109612]]]]}},{"type":"Feature","properties":{"DGUID":"2021S051259154372","DAUID":"59154372","LANDAREA":0.1169,"PRUID":"59","fed_num":"59025","da_code":"59154372","geo_name":"59154372","name_source":{"label":"Statistics Canada Census Profile 2021 DA WDS","url":"https://www12.statcan.gc.ca/wds-sdw/2021profile-profil2021-eng.cfm"},"population":854,"status":"ok","source":{"label":"Statistics Canada Census Profile 2021 DA WDS","url":"https://www12.statcan.gc.ca/wds-sdw/2021profile-profil2021-eng.cfm"},"community_name":"Coquitlam","community_source":{"label":"Statistics Canada 2021 census subdivision boundaries (spatial lookup)","url":"https://geo.statcan.gc.ca/geo_wa/rest/services/2021/Cartographic_boundary_files/MapServer/9"},"community_display":"Coquitlam","is_unorganized":false,"panel_title":"Coquitlam","display_label":"Coquitlam","map_label":"59154372"},"geometry":{"type":"MultiPolygon","coordinates":[[[[-122.88144118501721,49.26453024179101],[-122.88137919133125,49.26453178931559],[-122.88068379587317,49.264780182849485],[-122.88009691088124,49.2647622894382],[-122.88012763996491,49.26542887087442],[-122.88015003877608,49.26585298605661],[-122.87871839066442,49.26585209180543],[-122.87865399502029,49.2650727903997],[-122.87863508197957,49.264884880241084],[-122.87862288098897,49.26477908450063],[-122.8786118737391,49.26457518671185],[-122.87859929470679,49.26441578824245],[-122.87859856386414,49.26440637788692],[-122.87707738399978,49.26440918567678],[-122.87706989130112,49.263948590295186],[-122.87706691827555,49.26380850660856],[-122.87706266970596,49.26360607983157],[-122.88006117997742,49.26361808403451],[-122.88353359646244,49.26344727845043],[-122.88599446470016,49.26330111379692],[-122.88680980987661,49.2632526670847],[-122.88799269724946,49.263191280531736],[-122.88640476110928,49.264441714289234],[-122.88486952101789,49.26565057339442],[-122.88369303514312,49.26549318535842],[-122.88362252120038,49.26447588345324],[-122.88144118501721,49.26453024179101]]]]}}]}