{"type":"FeatureCollection","features":[{"type":"Feature","properties":{"DGUID":"2021S051259050062","DAUID":"59050062","LANDAREA":1310.7258,"PRUID":"59","fed_num":"59016","da_code":"59050062","geo_name":"59050062","name_source":{"label":"Statistics Canada Census Profile 2021 DA WDS","url":"https://www12.statcan.gc.ca/wds-sdw/2021profile-profil2021-eng.cfm"},"population":1316,"status":"ok","source":{"label":"Statistics Canada Census Profile 2021 DA WDS","url":"https://www12.statcan.gc.ca/wds-sdw/2021profile-profil2021-eng.cfm"},"community_name":"Kootenay Boundary E / West Boundary","community_source":{"label":"Statistics Canada 2021 census subdivision boundaries (spatial lookup)","url":"https://geo.statcan.gc.ca/geo_wa/rest/services/2021/Cartographic_boundary_files/MapServer/9"},"community_display":"Kootenay Boundary E / West Boundary","is_unorganized":false,"panel_title":"Kootenay Boundary E / West Boundary","display_label":"Kootenay Boundary E / West Boundary","map_label":"59050062"},"geometry":{"type":"MultiPolygon","coordinates":[[[[-119.11034567713179,49.79232151445805],[-119.09964374688674,49.793222378690245],[-119.09647767457008,49.794530868563974],[-119.08965083400147,49.797342714970966],[-119.08553608278379,49.79909228305595],[-119.08505707163374,49.79907834337803],[-119.0795952569451,49.798810153621304],[-119.07814253589179,49.79872663210479],[-119.06550357366542,49.79821250990666],[-119.0584262922367,49.80734395455452],[-119.0556855006444,49.81232104217693],[-119.05063111551819,49.81222138931218],[-119.03879969277256,49.812233688036294],[-119.02629433156233,49.812245167990895],[-119.01276137259097,49.812255757985014],[-119.00024949380274,49.81226394212893],[-118.98348632583429,49.81227239448932],[-118.98063534675745,49.812273542702734],[-118.9119264325467,49.81248683936416],[-118.86386463230009,49.81260748782508],[-118.86360832970472,49.812504526900085],[-118.86323860011727,49.812429419008176],[-118.86249448284397,49.81218035362916],[-118.86206000085357,49.81193535376703],[-118.86183058652868,49.81184904326205],[-118.86138039183525,49.81132534707809],[-118.86114346770113,49.8108612700211],[-118.8610704654286,49.81057450196811],[-118.8602701828856,49.806557220885146],[-118.86270020789092,49.79870241780908],[-118.86895043850252,49.78966897386333],[-118.88291327558305,49.77745428797555],[-118.883476734844,49.775564718441636],[-118.88603936532364,49.77247403106596],[-118.89243521900364,49.771341635962145],[-118.90710943949394,49.76987969339717],[-118.91008244526596,49.7662979315568],[-118.91596249937565,49.7646983812514],[-118.91801155797738,49.762495940295466],[-118.92054478514409,49.75990499646306],[-118.92096565735605,49.75164947079121],[-118.92096920271675,49.75030263753298],[-118.92097818392926,49.746840609093674],[-118.91418684314094,49.74698688531962],[-118.90842064860385,49.745599194859075],[-118.90472952673505,49.744033447520934],[-118.90258961612254,49.73887095076908],[-118.89919988915565,49.73087244042997],[-118.89800155502286,49.72703568111786],[-118.9011000889786,49.71799716990599],[-118.89791066748774,49.71215817099135],[-118.8968111465824,49.70792332936187],[-118.89636732791168,49.70300355967238],[-118.89540730830895,49.700575548562256],[-118.89434092402225,49.699450783736594],[-118.89887571227042,49.699397213126396],[-118.90032319696846,49.69924777033998],[-118.90194827403471,49.6988271955553],[-118.90725176209457,49.69690688302489],[-118.90938573901337,49.696328403862616],[-118.91228175341378,49.695759823688874],[-118.91347149409506,49.6946645832775],[-118.91543937670257,49.69282704714408],[-118.91615389051496,49.689622195693104],[-118.91623793398081,49.687077322747854],[-118.9166298011656,49.68589825600347],[-118.91897470381588,49.68288191951966],[-118.91935988974302,49.681928407651085],[-118.9195188795117,49.679562678301515],[-118.9200855992227,49.67821827040248],[-118.92080200390946,49.677204878119156],[-118.92372841416554,49.675377265257524],[-118.92462098571565,49.674649219404856],[-118.92533935471924,49.67369896534266],[-118.92590113481927,49.6726341732468],[-118.92653160879318,49.67196497757084],[-118.92821117591687,49.67107867225468],[-118.92892759207294,49.67007433706891],[-118.92990743289214,49.66946193254027],[-118.93130321579686,49.66919331288195],[-118.93565844357708,49.66878015201706],[-118.93691463841047,49.667721067980644],[-118.93710625415811,49.66722174634933],[-118.93686878314934,49.66631476114969],[-118.93621421417308,49.66535140035365],[-118.93469030021058,49.664428753202984],[-118.93409237121854,49.66391520004874],[-118.93403873102199,49.66312239651042],[-118.93487401345641,49.661105916842175],[-118.934812176559,49.66048461445333],[-118.93373586173118,49.65889673229492],[-118.93304315493901,49.65634667407905],[-118.93299721003999,49.65494046277715],[-118.93337163536259,49.65409524898842],[-118.93417414402053,49.653594205520285],[-118.93602389271169,49.652821835560864],[-118.94117887981369,49.65152055335759],[-118.94362783332957,49.65115135625667],[-118.94590288048319,49.6506051833974],[-118.9484330494137,49.650180256528614],[-118.9516583480774,49.65009337534576],[-118.95391595483902,49.65016836402834],[-118.95650790061389,49.65058777364105],[-118.9602215965881,49.65185800598603],[-118.9614257106879,49.65203331359062],[-118.9634459642701,49.651374529597824],[-118.96591475965249,49.65004966909614],[-118.96813670870067,49.648431985205505],[-118.96973926334216,49.646987694216776],[-118.97154054657445,49.644863667656765],[-118.97199746578947,49.644016864953684],[-118.97219910880936,49.643003284403356],[-118.97204384423662,49.64250072047625],[-118.97154429563966,49.64203997958317],[-118.97061473320242,49.641522943997266],[-118.97019446179047,49.64095272298877],[-118.97020888680063,49.640555631134355],[-118.97090049018455,49.64045268526896],[-118.97229221719417,49.6404625049487],[-118.97291753389327,49.6400725511607],[-118.97309666379526,49.63962754356499],[-118.97316908743893,49.63765101618028],[-118.97387152819888,49.63771836820264],[-118.97526245776584,49.63568192925284],[-118.97753182428353,49.63377332157255],[-118.97836731089676,49.6326437008434],[-118.97905390279526,49.63061110558991],[-118.97957212104154,49.62987685223388],[-118.98162963436296,49.62824374077151],[-118.9826495730188,49.62711963718598],[-118.98379647981308,49.626445395934816],[-118.98529031959269,49.625890296412585],[-118.98700903148291,49.624942122142336],[-118.99259064579546,49.62044294361972],[-118.99413861786184,49.6193806239896],[-118.99604662534229,49.61837413982706],[-118.99891157490767,49.617489771330234],[-119.00084862797716,49.61703554693147],[-119.00252107173168,49.61641872099526],[-119.00347862864488,49.61589632174819],[-119.00408378036877,49.61527225162381],[-119.00512224308916,49.61374776410767],[-119.00560644428103,49.6134143562859],[-119.00762283252756,49.612502770857645],[-119.00914964521297,49.61096032795083],[-119.0112198929514,49.60844332751048],[-119.01176944026274,49.606819275339724],[-119.01242310264517,49.60571643281223],[-119.0128250531828,49.60451888009267],[-119.01316597022024,49.60398072646414],[-119.01491471947234,49.60235300397973],[-119.01546228671702,49.60163979092501],[-119.01656355790293,49.599672184116926],[-119.01705676225978,49.599059112848686],[-119.01775936763352,49.59843317859631],[-119.01872924385528,49.597856379998284],[-119.0194994057898,49.597093968757605],[-119.02035803679087,49.59572586820226],[-119.02101924408224,49.59513673577284],[-119.02419897931763,49.59293250818805],[-119.02556247487583,49.59237523364736],[-119.0264119594746,49.59201590081491],[-119.02864332582686,49.59062840191778],[-119.02874863335298,49.59045491102996],[-119.02876986671954,49.589379725820244],[-119.02902446536856,49.589104111067606],[-119.02924635116412,49.58908163737525],[-119.03018864019546,49.58929640123494],[-119.03115609882065,49.589114847360904],[-119.03325781556282,49.588000394301915],[-119.03548008402574,49.58714501057822],[-119.0360319993416,49.58662902135132],[-119.03783064381813,49.584374235269195],[-119.03901989830459,49.5808665597164],[-119.04058960547516,49.5779840056102],[-119.04169492334371,49.57659088414373],[-119.04251058719265,49.57482392517083],[-119.04553546228777,49.57231991468758],[-119.04985952030381,49.56963703223292],[-119.05149116844034,49.569009472156054],[-119.05226668318382,49.568543156989],[-119.0538747143797,49.56725761084552],[-119.05446359354976,49.566614440063695],[-119.05496464371112,49.56541310091289],[-119.0550318615139,49.56492419823627],[-119.0548187088064,49.56431374936825],[-119.0549241720205,49.56414922898993],[-119.05563269351236,49.563756400822726],[-119.05861207207069,49.562732134096194],[-119.06327336435903,49.56132231736592],[-119.06333655399423,49.56131535599249],[-119.06353986290553,49.56129421808049],[-119.06397127793466,49.56124934321486],[-119.06481394350094,49.56021854376485],[-119.06551649003588,49.55893925453592],[-119.06566405726213,49.558605154265855],[-119.06578997200398,49.55841247824451],[-119.0661657779941,49.557837342440116],[-119.06670045512725,49.55732914297907],[-119.06736457646488,49.55688355849977],[-119.06911394823429,49.555843134061455],[-119.06921718635087,49.55578174042165],[-119.06998969482039,49.555169458316705],[-119.07070476937143,49.55437239130937],[-119.07191318604838,49.55302544851778],[-119.07286769076423,49.55177573737809],[-119.0732406852078,49.55097704811597],[-119.0734100690991,49.55013814229137],[-119.07313780162315,49.54745100730715],[-119.07298829852178,49.545975648436205],[-119.07300350812024,49.544539341271374],[-119.07309529817326,49.5439395547582],[-119.07329017257733,49.543124928470206],[-119.07338477140908,49.542892263925026],[-119.07353269098316,49.54252843822267],[-119.07387249359088,49.54186721269163],[-119.07392530859435,49.54176443584176],[-119.07502613043106,49.53989750454151],[-119.07526333023056,49.53949516002139],[-119.07645356204871,49.53747636136268],[-119.07749600810929,49.53570810798494],[-119.07762059585173,49.53549677771596],[-119.0776889470743,49.535378663251876],[-119.0782989283465,49.53432452088322],[-119.07878326069134,49.53348747881111],[-119.07966306254423,49.53228720762502],[-119.07966883763682,49.53227553505246],[-119.08011784520646,49.531367114749685],[-119.08098216263141,49.53027886283629],[-119.08126469307682,49.53003294728308],[-119.08243897719247,49.529354977700045],[-119.08279612399328,49.52904429706663],[-119.08374290235103,49.528220656089495],[-119.08384358373229,49.52816001342597],[-119.0848121124953,49.52757662796236],[-119.08665895708789,49.526677614681],[-119.0871079401369,49.52639441014476],[-119.08746962974622,49.52608302722756],[-119.08776594476139,49.52573585545962],[-119.088255717354,49.524886875864176],[-119.08854807729347,49.52438014427225],[-119.0890181829375,49.52383613106718],[-119.08981190609366,49.52312295553488],[-119.09056928193132,49.5220051992766],[-119.09087529575204,49.52170381773444],[-119.09292373238655,49.5201802992259],[-119.09294899360002,49.52016518501282],[-119.09473684149363,49.5190963995747],[-119.09702416620473,49.518040014002636],[-119.09742977984263,49.517850752709585],[-119.09807471486772,49.51760079557934],[-119.0997299006283,49.517124163638435],[-119.10064138831505,49.516906004650664],[-119.10435575183314,49.51601688577937],[-119.10521424400254,49.515719944427985],[-119.10621591822536,49.51520791992827],[-119.10660971845371,49.514947640406724],[-119.10807622550676,49.51397827642438],[-119.10938800201555,49.513111151667516],[-119.10977779737004,49.512795194418814],[-119.11008590741245,49.512404399549226],[-119.1101798605042,49.512212410394234],[-119.11051093431624,49.510649775741804],[-119.11100129506659,49.50974541183814],[-119.11145310845194,49.509265249148406],[-119.11182726140171,49.508998008044244],[-119.112049218304,49.50889551060734],[-119.11256015305243,49.50875176507867],[-119.11340809609578,49.50861679974317],[-119.11698444516628,49.50825126964834],[-119.11767916665642,49.508130052064004],[-119.11818899085392,49.50798436372236],[-119.1184244786642,49.507874595650755],[-119.11883014657937,49.50758704426084],[-119.11900141689465,49.50746564377794],[-119.11927027864019,49.5071510087275],[-119.11954891714217,49.506687820088175],[-119.1196509055183,49.506500238325906],[-119.11977841920447,49.50626578774259],[-119.11997463238522,49.50587807628559],[-119.12035201054589,49.505132509131435],[-119.12169092199831,49.50248689913374],[-119.12182981412569,49.5022115920041],[-119.12224558213188,49.50138755093959],[-119.12239406105921,49.50109340196726],[-119.12268014473324,49.50052789084035],[-119.122953044197,49.49998862658664],[-119.12383601648766,49.498243571471534],[-119.12388740464647,49.49809899211458],[-119.12404652358578,49.497651385402726],[-119.12406843485617,49.49735626534287],[-119.12407040408101,49.49722794721962],[-119.12407352772739,49.49702477998913],[-119.12398852446387,49.496693986333135],[-119.12394364354479,49.496603859807394],[-119.12393879141204,49.49659415468421],[-119.1238808606487,49.49647780361334],[-119.12384669802427,49.49640927583879],[-119.12345658117412,49.496028724233156],[-119.12311721933993,49.49569767214015],[-119.12271841152241,49.4953886386961],[-119.12251852483628,49.495233770620644],[-119.12235945454262,49.49511944540843],[-119.12220862352169,49.49501104434086],[-119.12205076411094,49.494897575664005],[-119.12193901588662,49.49481727352098],[-119.12176790732697,49.494694759238605],[-119.12137931884067,49.49441655692488],[-119.1206177316681,49.49397577193139],[-119.12012023760708,49.49372671912296],[-119.11990841377117,49.493620648374815],[-119.11906255397915,49.49319715401001],[-119.11880419250473,49.493067635362074],[-119.11767652110092,49.49250249717931],[-119.1166382735844,49.49184522180455],[-119.11632518720158,49.491645796902354],[-119.11595494435478,49.49141006871305],[-119.11589539680615,49.491372156568374],[-119.11536563850443,49.49106861102064],[-119.11481291081404,49.490751865896456],[-119.1147946515285,49.49074329206489],[-119.11069648278962,49.488817554356],[-119.1103310283363,49.4886044209109],[-119.11015350582812,49.48850084711068],[-119.10942436776706,49.48796535154926],[-119.10900841196778,49.487573857226444],[-119.10793246624469,49.48656109156566],[-119.10757437676781,49.48622405512102],[-119.10639988679196,49.48515576005828],[-119.10493339429757,49.483776224206636],[-119.10315809004912,49.48210604488005],[-119.1008172647627,49.47994443942491],[-119.10029847567725,49.47931023566262],[-119.10027804677212,49.479276421487334],[-119.09991547513113,49.478676534513795],[-119.09961356248623,49.477878405106836],[-119.09944206347456,49.47742502393726],[-119.09904866020126,49.476925322915605],[-119.09705578477624,49.47534813688318],[-119.09674394131396,49.47506835489103],[-119.09663925963193,49.47497441674447],[-119.09632405390606,49.474443524115955],[-119.09620163219635,49.473812676948064],[-119.09617166443779,49.473658106921455],[-119.0960425720657,49.473281016199024],[-119.09594514045935,49.47314534790562],[-119.09585391934071,49.47301829984468],[-119.09579497121777,49.47293622411767],[-119.09563041632211,49.47278572084786],[-119.09545386243857,49.47262421709504],[-119.09504064564632,49.4723583198722],[-119.0950120399599,49.47234784429321],[-119.09449415699366,49.47215824590934],[-119.0942749442098,49.47207802609916],[-119.09192063738845,49.47163831223725],[-119.09138475292268,49.471470322242844],[-119.09071005395758,49.47110080976583],[-119.09030198641747,49.47071191071698],[-119.09021795627342,49.470631805800615],[-119.08997615526101,49.47007401977742],[-119.08991480706182,49.46961533709157],[-119.08981672349302,49.46888151012011],[-119.08981035196658,49.4688339020966],[-119.08959362916727,49.4682008070268],[-119.08933404357302,49.46779821054948],[-119.0885219355495,49.466821517730715],[-119.08821264385381,49.4661779094013],[-119.08815803650981,49.465508199040855],[-119.08823194496905,49.46462128550368],[-119.08840375228563,49.46256049612562],[-119.08822322855524,49.460938875685805],[-119.08800272528264,49.460110182553755],[-119.08735520816735,49.45866135587823],[-119.08611819884212,49.45589332660903],[-119.08594360748293,49.45550266557455],[-119.08584342453456,49.45518262689881],[-119.08356287150461,49.4510786287978],[-119.08335460452037,49.45094811085068],[-119.0822422322232,49.45025105200208],[-119.08151153371185,49.44972244251745],[-119.08069471108884,49.44904815719262],[-119.08014304740098,49.44848643064658],[-119.08013383129764,49.44847703730205],[-119.07964420369264,49.447892344063035],[-119.07861151338858,49.44644304602819],[-119.07856276508346,49.446317456086106],[-119.0784348406811,49.44598784544094],[-119.07840119631402,49.445768732462135],[-119.07781878736809,49.44615702842498],[-119.07747333719743,49.446387338953954],[-119.07656391542994,49.44694897523961],[-119.07655153626702,49.44695664307406],[-119.07628632352322,49.44726505024951],[-119.0762464213981,49.447346627438435],[-119.07622035441459,49.44748458723904],[-119.07610922094955,49.44807288680462],[-119.07608897843778,49.448180097751376],[-119.07605640867996,49.44835243029566],[-119.07571231459863,49.450649699231306],[-119.07100763919313,49.45077164116747],[-119.06991314122972,49.44380610476646],[-119.07838996104155,49.44403661470202],[-119.07844785817855,49.4333290140716],[-119.0815397195274,49.43314855852898],[-119.0812852986548,49.432974784634105],[-119.08131328198016,49.43213274758626],[-119.08210521076903,49.43141205715361],[-119.08239104659705,49.4308609262459],[-119.08198993073256,49.42996405202568],[-119.08191471926476,49.42934765857271],[-119.08220298640863,49.428447293786306],[-119.0822293277777,49.42756047378853],[-119.08197603775923,49.42738629333201],[-119.08061920135603,49.42737899740911],[-119.07983078952188,49.42781927618116],[-119.07931195749313,49.42843468338246],[-119.07929296401618,49.43018860053077],[-119.07894452773661,49.43063807731121],[-119.0785083260053,49.43069229576335],[-119.07808851082527,49.43046765448279],[-119.07760468980385,49.429563403776086],[-119.07717897964467,49.42916854408994],[-119.07667905500173,49.4289994028208],[-119.0754687006757,49.42921400774847],[-119.07392244473104,49.4298772794628],[-119.07324752238868,49.429424618456586],[-119.07327762076685,49.42864519018999],[-119.07381680676204,49.42781222976042],[-119.07383458344738,49.42707778278296],[-119.07326852888072,49.4261840166215],[-119.07355476916355,49.42266042820155],[-119.07332456207298,49.42193048911109],[-119.07281446628419,49.42147455871226],[-119.07231463575542,49.421305376489634],[-119.0695651813791,49.42173235661302],[-119.06888474754054,49.42150406024233],[-119.06883988886734,49.420108226127255],[-119.0686115646897,49.41943196009606],[-119.06810802513645,49.41876087161349],[-119.06759645258576,49.41864576209416],[-119.06520357528251,49.41907419619473],[-119.06329838453968,49.41968162857858],[-119.06114980312783,49.42005979031383],[-119.05994853542116,49.42016599418527],[-119.05712524891487,49.420144188860114],[-119.0564449095626,49.419915807110804],[-119.0554529388814,49.41901222689377],[-119.05539691712293,49.418117970641816],[-119.05578001229806,49.41672357526546],[-119.05633981486226,49.41566645530788],[-119.05672311868759,49.41470801784958],[-119.05708515238798,49.41260845681622],[-119.05762373392253,49.40655535672956],[-119.05789427453033,49.40621494659005],[-119.05835958200525,49.40372389704299],[-119.0596652750799,49.39960447554678],[-119.06062186184064,49.39752084106983],[-119.06095169858771,49.3959293326017],[-119.05998498270479,49.39269337126391],[-119.05942547086406,49.389912488225654],[-119.05865128948359,49.38814991857888],[-119.05604443455385,49.38511259596575],[-119.05560421626654,49.383579940284825],[-119.05577001916441,49.38352214811029],[-119.05580123705741,49.382959819584016],[-119.05558909507997,49.381876260043605],[-119.05545349508418,49.38092119252898],[-119.05551061976284,49.379447851498334],[-119.05511655357158,49.37859658475899],[-119.05368638519865,49.37790656222619],[-119.05208201977726,49.377318407030955],[-119.05063535390107,49.37730420120241],[-119.04994100823359,49.377629076239906],[-119.04951293432221,49.378075308448935],[-119.04872731922106,49.379746278698036],[-119.04812308389063,49.379962041252234],[-119.04650374293955,49.380058340515234],[-119.04549471518453,49.37970427243299],[-119.04106816883386,49.37631883997252],[-119.03945836144474,49.375964865640235],[-119.03709927524014,49.375261827765264],[-119.0345225031097,49.37561489180032],[-119.03384969493086,49.37549893947892],[-119.03326984887569,49.37486740222017],[-119.03280637660116,49.373457415133544],[-119.03270693386074,49.37176101443126],[-119.03369086975987,49.36617934113498],[-119.03364497594792,49.362847062550536],[-119.03332168878428,49.35996223874998],[-119.03334715969781,49.35725195126389],[-119.0339389634439,49.35510973181764],[-119.0357954143728,49.35174298976362],[-119.03654776142412,49.3499409196012],[-119.03832099042997,49.3465666463434],[-119.04006789083643,49.34376182042263],[-119.04132133329374,49.34259137708104],[-119.04196277066443,49.34129709427235],[-119.04232642841559,49.33627743264456],[-119.04299066863729,49.33560394843226],[-119.04308249128944,49.33547154229615],[-119.04074677560352,49.33341543661973],[-119.04025880739269,49.33292274810984],[-119.03988728963303,49.332381537897014],[-119.03857718497243,49.329915207529865],[-119.038118524068,49.32905169039413],[-119.03707955410924,49.32709551679282],[-119.03679167344991,49.32655344433595],[-119.03642416702307,49.325788058192224],[-119.03624817185175,49.325421527629395],[-119.03603794544614,49.32498373319704],[-119.0359022643387,49.32457344508372],[-119.03579068436241,49.32393953461071],[-119.03578576008866,49.323073832892995],[-119.03585918575018,49.32275905982439],[-119.03599138989219,49.32219211780847],[-119.03603197804962,49.32201813349645],[-119.03627412504856,49.32149099665485],[-119.03704103513606,49.319821484970454],[-119.03764116232392,49.31851494899639],[-119.03767036624593,49.31845420165673],[-119.0392104196683,49.31525306438048],[-119.039830459111,49.31396402691083],[-119.04001877310569,49.31340193588537],[-119.04001277558001,49.31284542503445],[-119.0398670590016,49.31232781712542],[-119.03938201367906,49.31120460712307],[-119.03896592919804,49.31024118306183],[-119.03799587740212,49.30799471368124],[-119.03794546126477,49.307577313128974],[-119.037961557397,49.307416922572614],[-119.03804977637377,49.3065368176083],[-119.03790435658962,49.30595321392684],[-119.03768677394201,49.305582806464685],[-119.03738555938148,49.30522703545581],[-119.03703286248658,49.30493971735928],[-119.03689163591797,49.304824687299316],[-119.03669858789398,49.304667432693805],[-119.03625915698935,49.30430951078956],[-119.0360148320814,49.30405151470338],[-119.03596265609723,49.30399642479068],[-119.03582954566063,49.30377241426358],[-119.03565976733641,49.30348672045521],[-119.03516149655628,49.3024822294741],[-119.0351078860234,49.302374101482656],[-119.03491228045792,49.301979700262315],[-119.03472721193208,49.301716845217506],[-119.03464616818239,49.301601708302144],[-119.03429598920053,49.30125981672633],[-119.0338754516705,49.30096322626888],[-119.0321372480995,49.299989660962616],[-119.02977024128356,49.29866381859158],[-119.02863097872795,49.29802662533586],[-119.02822143844362,49.29772162019719],[-119.02781260987184,49.29726424021779],[-119.02775724656333,49.29720230262934],[-119.0277417428173,49.297166791539745],[-119.02742693157488,49.29644571788033],[-119.02691193914818,49.294689618446924],[-119.02682295056485,49.29416300949662],[-119.02684145495763,49.29380240498911],[-119.02705825516333,49.293097512502186],[-119.02739275446716,49.292627212717235],[-119.02802833803138,49.29192681166779],[-119.02831534741547,49.29148781865095],[-119.02848077378664,49.29103191687531],[-119.02850626103674,49.290569601215964],[-119.02835486555102,49.28997200040568],[-119.0279513648349,49.28923678203063],[-119.02773994643874,49.288851509963855],[-119.0276465934822,49.28858156166644],[-119.0275054368978,49.28817340133393],[-119.0274563350426,49.28786677472919],[-119.02735572323004,49.28723844488494],[-119.02734564122291,49.28717532718769],[-119.02719764291172,49.28625133724853],[-119.02714298723048,49.2859098325621],[-119.0271257639412,49.285802416985014],[-119.02691318630355,49.284474700759404],[-119.02683000526416,49.2839550636152],[-119.02675237094122,49.28347022628168],[-119.02671528018419,49.28323861046074],[-119.02669453574808,49.283108990556336],[-119.02642513578041,49.281674394924245],[-119.02618030839616,49.280964919510446],[-119.02616488820699,49.280920204756455],[-119.02604319644277,49.28056755642944],[-119.02596186771514,49.280331877407086],[-119.02576600207347,49.27976413961454],[-119.02561105155628,49.27931515693584],[-119.02554339671576,49.279119006623766],[-119.02549661908645,49.27898349239208],[-119.02493181912469,49.277531591580505],[-119.02465595831895,49.27721170519685],[-119.02446004201968,49.27706509545317],[-119.02376772676823,49.27676980351788],[-119.02324172557589,49.27664431226502],[-119.02181572752458,49.276392699464644],[-119.02076424374098,49.27602799631783],[-119.02047638474347,49.27585133893631],[-119.0203324480238,49.2757629982638],[-119.01995963266529,49.275463014340126],[-119.01994810451801,49.27544810910286],[-119.0197708154594,49.27521868241742],[-119.01902234143965,49.27425010189039],[-119.01875087668242,49.27378437359737],[-119.01871771828827,49.27372748102293],[-119.01862983316434,49.273368186561285],[-119.01864071599061,49.273186193573395],[-119.01872436328226,49.272919428352075],[-119.01875240353692,49.27282988514184],[-119.01936392721352,49.27182228218612],[-119.01942692522752,49.27165178715656],[-119.01943562663979,49.27133610244343],[-119.01943681302785,49.27129339877034],[-119.01902914013084,49.26935149504282],[-119.01899053748222,49.269279188774014],[-119.01858062852304,49.26851119664401],[-119.0185707818184,49.26849833455432],[-119.01828912507051,49.26813050289153],[-119.01799373374313,49.2674646913982],[-119.01791972770772,49.26692179559173],[-119.01794146694753,49.26658492054237],[-119.01799101170293,49.265818593033444],[-119.01789490216736,49.265468684781375],[-119.01777370175914,49.265284482879935],[-119.01755740619221,49.26496289152959],[-119.01672972394381,49.264122393261545],[-119.01285213039989,49.26110609801105],[-119.01261174583503,49.26091909558227],[-119.01255388200317,49.260874081886996],[-119.01098650371804,49.259690871151406],[-119.0078233461646,49.257302750555574],[-119.007174702274,49.256812973509724],[-119.00586118961665,49.25569477800791],[-119.00556657864406,49.25535682881105],[-119.00531456833428,49.25506778489944],[-119.00492315571887,49.254506359766864],[-119.00470487969133,49.254193297334595],[-119.00423654711572,49.25320627689896],[-119.00388276157346,49.252460677011115],[-119.00347707966894,49.251605586097156],[-119.00344510804895,49.251382935230374],[-119.00338567549646,49.250969171845256],[-119.00354130174232,49.250350772508284],[-119.0039634233586,49.24960648936416],[-119.00417383491748,49.24923547093116],[-119.00427862807842,49.249050705543844],[-119.0050598973263,49.247673058052364],[-119.00531968267752,49.247214970320144],[-119.00556949037602,49.24662974338556],[-119.00651429664534,49.24379103345996],[-119.00663016403473,49.24344274775256],[-119.00682708413888,49.24307934698588],[-119.00709197161879,49.24273113614677],[-119.00728391866708,49.242526974175064],[-119.0082336908297,49.24151651912918],[-119.00833869443122,49.24136255509842],[-119.00848167901265,49.24115282312052],[-119.008652467939,49.24077953804996],[-119.00875069209157,49.24040333576685],[-119.00876250069452,49.24027098450443],[-119.00879058276398,49.23995642412476],[-119.00860049188509,49.23909238133701],[-119.00845949561376,49.23845162406174],[-119.0084225020305,49.238057631482576],[-119.00844422859932,49.23779437007744],[-119.0084557699286,49.23765461430708],[-119.00847305211478,49.23759687343994],[-119.0086533199603,49.23699428296094],[-119.00938847801251,49.23453701210247],[-119.00956897576097,49.23395231528368],[-119.00968826433726,49.23356580302816],[-119.00995746183658,49.23269369446337],[-119.0101256931773,49.23214863455932],[-119.01025109652917,49.23174230716868],[-119.01072095822589,49.23022008741465],[-119.0108793885809,49.22970672706794],[-119.01189371860372,49.226419787451455],[-119.01200582762948,49.22605642373489],[-119.01311216029453,49.222470838436216],[-119.01326518530921,49.221974757920755],[-119.01337754708128,49.221229793672116],[-119.01342422065225,49.22092054832482],[-119.01357873017486,49.21867818874447],[-119.01366398980353,49.217440416879974],[-119.01355937998916,49.21687282344249],[-119.01335991651085,49.21656809790829],[-119.01331081473953,49.21649301657816],[-119.01302449672076,49.21617142983481],[-119.01171078391171,49.21499622086393],[-119.01081238486229,49.21412010726478],[-119.01061124018061,49.21385297544434],[-119.01054028944567,49.213758701345334],[-119.01030588425381,49.21323970484209],[-119.0099282965779,49.21180691315282],[-119.00972288542128,49.21123189333862],[-119.0097091446346,49.21120053965775],[-119.00895129530471,49.20947039989392],[-119.008872979178,49.20934810224782],[-119.0084918914494,49.20875309160958],[-119.00803700626908,49.208280388979084],[-119.00768420575362,49.20797069240479],[-119.00735988890085,49.20774608308511],[-119.00650495723116,49.20731239058595],[-119.00609881767198,49.20712291398718],[-119.00507637901931,49.20664599420156],[-119.00527786549583,49.20652517314937],[-119.00751867271971,49.205468165109096],[-119.00762992927865,49.205415675977086],[-119.00765460890099,49.20540403109895],[-119.00792427834206,49.20527681383137],[-119.00803769657901,49.2052233410844],[-119.00807791099118,49.2052043286234],[-119.00821480015394,49.20513976826777],[-119.0086603009606,49.20501778424581],[-119.0089580811939,49.205043459618885],[-119.01062725234502,49.2055011625482],[-119.01074399973028,49.20553317732935],[-119.0109535649632,49.20560148336965],[-119.01155146636863,49.20579636879623],[-119.0120911948491,49.20605487726166],[-119.01256189995736,49.20634205655489],[-119.01280138810046,49.20648818464072],[-119.01313203155277,49.20673987460875],[-119.01315825114739,49.20675982696581],[-119.0132238111747,49.206762549992376],[-119.01345639834847,49.206776740990726],[-119.01369121094896,49.20678103233437],[-119.01391181641347,49.20681373392472],[-119.0141166386354,49.206773944603185],[-119.01415611236082,49.20674684582873],[-119.01436003204144,49.2066984276017],[-119.01456581975688,49.206677047551636],[-119.01476970289956,49.20662863912028],[-119.01498570665191,49.20656173332094],[-119.01518772306729,49.206486228007385],[-119.01537883339407,49.20641072371014],[-119.01558072513998,49.20632522730701],[-119.01576871033588,49.20625124625031],[-119.01594381957975,49.20614014600117],[-119.01596902457085,49.20611162068924],[-119.01621171737747,49.2059906332691],[-119.01641591114065,49.20592503896851],[-119.01663382708195,49.20587523954594],[-119.01685171348983,49.20584533302865],[-119.01709673851995,49.205804033711885],[-119.01727254666189,49.205738535461684],[-119.01737822814532,49.205610328792496],[-119.01735891710842,49.20547643825417],[-119.01724381492626,49.20534253868793],[-119.01722363116893,49.205200124188515],[-119.0173554176439,49.20506201937969],[-119.01738870606907,49.20489112845131],[-119.01730001093395,49.204740123703004],[-119.01728171001615,49.20460483116929],[-119.01728774247874,49.20444243049798],[-119.0173936030233,49.20429722287139],[-119.01745473936266,49.20416042910699],[-119.0175062213401,49.204025128458554],[-119.0176368406986,49.20390553205004],[-119.01774153624844,49.20377883251069],[-119.01795683812698,49.20366622543201],[-119.01813163864298,49.20358221192193],[-119.01833584636933,49.20350671968611],[-119.01851164235052,49.203431221009794],[-119.01867052824574,49.20331161463106],[-119.01880232724452,49.20318341603924],[-119.01894823572036,49.20307380592133],[-119.01913830642818,49.20297981505225],[-119.0193272153114,49.20291433070138],[-119.01954511848173,49.202864410392664],[-119.01976233203021,49.20278890672466],[-119.01998973549377,49.20266791187729],[-119.02028661370524,49.20256391610118],[-119.02050414409955,49.202461425586286],[-119.02079641083952,49.202257710337705],[-119.02099774173494,49.20215660067211],[-119.02120181272562,49.20207111265317],[-119.02137773830896,49.202005622736735],[-119.02156371893989,49.201894511994865],[-119.02173884639481,49.201783415828615],[-119.02192603753132,49.20165380915317],[-119.02209994280524,49.20155132399639],[-119.0222878415088,49.201467320196514],[-119.0225200348452,49.20141880773566],[-119.02269305033758,49.20130771685427],[-119.02282485990257,49.20117961800284],[-119.02294384870838,49.201024298308354],[-119.02306063512246,49.20086909817436],[-119.02326282823644,49.2007765082018],[-119.02352181979411,49.20074381455211],[-119.02372864451036,49.200740908227665],[-119.02382352761248,49.20071242383284],[-119.02398313335136,49.2006284039869],[-119.02401145293099,49.2006184076772],[-119.02417223552938,49.200525901543315],[-119.02450725794134,49.20030371469],[-119.02469322263627,49.20019259864794],[-119.02489835009081,49.200135594709494],[-119.0251048399644,49.20014990170769],[-119.02536474532953,49.20013560011559],[-119.02559484959428,49.20008719166871],[-119.02582604062201,49.20002029595535],[-119.0258795389665,49.20000180315515],[-119.02601583393775,49.19995331387211],[-119.02621874071285,49.19989640347638],[-119.02645096382675,49.19983801094946],[-119.02671004613201,49.199825193314915],[-119.02690435626009,49.19985790081667],[-119.02711054365137,49.19988921336621],[-119.02734723370367,49.199930497224464],[-119.02757913384607,49.1998992019323],[-119.02778134792925,49.19980659223193],[-119.02794123489386,49.19968561659074],[-119.02814124930434,49.19958301244401],[-119.02834515018864,49.19953461292756],[-119.02856395819413,49.199513206719736],[-119.02878282798694,49.19948189503667],[-119.02901474384831,49.19946061835746],[-119.02924955885048,49.1994748024545],[-119.02945673204724,49.19952460039997],[-119.02971766361536,49.19952890526452],[-119.02992434880834,49.19951611061118],[-119.03014413241691,49.199503307571774],[-119.03036302700554,49.199481899414195],[-119.03057966458105,49.19945059921186],[-119.03077046347556,49.199402202630324],[-119.03096123614291,49.19936370001334],[-119.03116513267985,49.19931529461306],[-119.03136993689006,49.199265403313795],[-119.03155976087538,49.19921839708858],[-119.03177734372845,49.19919559669249],[-119.031982450174,49.19913869289905],[-119.03219744305657,49.19906319076373],[-119.03244464434604,49.19903189420343],[-119.0326905460638,49.19900909163002],[-119.03290916662502,49.19900479181862],[-119.03315794876849,49.19902759674973],[-119.03339447391413,49.1990860052872],[-119.03358945593607,49.19916428955861],[-119.03378456772779,49.199232704634035],[-119.03403306579345,49.19927259800787],[-119.034239541476,49.19928680467584],[-119.0346786675691,49.199315291084325],[-119.03490004891947,49.19935660402333],[-119.03512086606052,49.199352294242594],[-119.0353537665151,49.19934949278],[-119.03558757493661,49.199345205239396],[-119.03581925974308,49.19934090083592],[-119.03605395812504,49.19934521673828],[-119.03630186217461,49.19934949134155],[-119.0365618528801,49.19935521652972],[-119.03676637093169,49.19933240310018],[-119.03699955090768,49.199302508426875],[-119.03724617277302,49.19931529869755],[-119.03746596932695,49.199302502489594],[-119.03770057011612,49.19933379296298],[-119.0379060680191,49.19934949867682],[-119.03801686055954,49.19934659023706],[-119.03815385992438,49.199343801921884],[-119.03839888607287,49.19931240371718],[-119.03844156741194,49.19930390872092],[-119.03864604847487,49.19928110198763],[-119.03878378172003,49.19932380085771],[-119.03890677557477,49.199312392654434],[-119.0391284687737,49.19932671092924],[-119.03933327454251,49.19929679999136],[-119.03953876731119,49.199302503663915],[-119.03978636102002,49.19933381183713],[-119.04008516779763,49.19925690051961],[-119.04030587675085,49.199252610903216],[-119.04055255710921,49.19927540409791],[-119.0408275523796,49.199288195501936],[-119.04113276086372,49.19931810307576],[-119.04126976590854,49.19932530894559],[-119.04149127722248,49.19936659829052],[-119.04173716899409,49.19935369050304],[-119.04198307739526,49.19933100266554],[-119.04221787662526,49.199345189434375],[-119.0424674890549,49.199393601815395],[-119.04268798072698,49.1994264073976],[-119.04292058574526,49.1994405976292],[-119.04314107159128,49.1994634035999],[-119.04334876069242,49.19946909404112],[-119.04360778351533,49.199436302255585],[-119.04385395701877,49.19939649556866],[-119.04410187202309,49.19941069138373],[-119.04434848397881,49.19943349625201],[-119.04455587204379,49.1994563088715],[-119.04477639457424,49.199479100474036],[-119.04498387077253,49.19950191427259],[-119.04527217733661,49.19949761373828],[-119.04553219889712,49.19949330565787],[-119.04576497819625,49.19947051400098],[-119.0460099929797,49.19943921147449],[-119.04618838191118,49.19943629337083],[-119.04623078995958,49.199434910471325],[-119.04647766777937,49.199440595819105],[-119.04667248557136,49.19952608642286],[-119.04685448050039,49.1996044138813],[-119.04707599145355,49.19963569192758],[-119.04728439955319,49.199687010976746],[-119.04749148822364,49.199736802425036],[-119.04769900289655,49.199759599785025],[-119.04793246829107,49.199782393148],[-119.0481794740318,49.19977820531002],[-119.04836928996498,49.19972119093065],[-119.04860049754858,49.199654196367014],[-119.04883429994439,49.19964999181733],[-119.04902739257324,49.19969130089803],[-119.04927600671276,49.19974109853813],[-119.04942828079056,49.199738312522406],[-119.04972680438175,49.19968840329306],[-119.04997388909162,49.199657093989906],[-119.05022059338945,49.19967988604299],[-119.05042868249873,49.199738301150774],[-119.05063906946314,49.19980659626531],[-119.05087458120526,49.19985651544868],[-119.05105629026862,49.199951902480045],[-119.05126468858671,49.200003189642494],[-119.05127780354415,49.200003202241724],[-119.05151141190142,49.2000260018406],[-119.05174519451039,49.200011710816035],[-119.05188130180161,49.20000029867821],[-119.05199018083167,49.19999040239482],[-119.05204658767141,49.19999749558676],[-119.05226639953614,49.19998468922988],[-119.05229159637594,49.19997609489838],[-119.05244118684662,49.19990059379001],[-119.0526010069058,49.19979949386179],[-119.05274870003869,49.19969701261563],[-119.05295057586356,49.19962149876639],[-119.05319578394679,49.19956311006952],[-119.05342680149955,49.199523195457694],[-119.05363159479144,49.199493311784295],[-119.05383639823346,49.19945339504116],[-119.05405329255294,49.199405009177774],[-119.05429941108105,49.19935518808257],[-119.05453130720639,49.19932379441769],[-119.05476230271428,49.199283910718286],[-119.05499421118377,49.19925259680566],[-119.05522709722918,49.19923980653386],[-119.0554448892279,49.199199907076405],[-119.05560570735693,49.1990973996893],[-119.05585091811747,49.19904900296906],[-119.05608179736811,49.198999092124566],[-119.05632709466916,49.19895069629875],[-119.05654488410435,49.198910794415994],[-119.05677680542408,49.198879499684864],[-119.05700869703706,49.19884810015706],[-119.05724161590724,49.19883529441251],[-119.05745000644771,49.19886670925887],[-119.05765379518796,49.19882818734725],[-119.05785860777573,49.19878828561308],[-119.05811858780366,49.198774094228845],[-119.05832340975354,49.19874419008074],[-119.05855529944867,49.19871278687404],[-119.05874841363372,49.198754099869326],[-119.05896721787032,49.19872278833311],[-119.05918700144981,49.19871000042224],[-119.05944513248801,49.19867869899882],[-119.05968939530446,49.198611700438164],[-119.05987910199315,49.198544801474064],[-119.06018172655385,49.19852199591634],[-119.06039859808982,49.19846359749386],[-119.06065860846225,49.1984593063628],[-119.06087842583524,49.19844650397451],[-119.0610962269094,49.19839669765388],[-119.06129810836686,49.198331188748085],[-119.06139489450524,49.198329694087434],[-119.06161520533828,49.19837960675788],[-119.06183692396127,49.19839378160647],[-119.06208190619932,49.1983524975479],[-119.06228502129373,49.19825850519846],[-119.06248491852976,49.19815597981956],[-119.0626600330679,49.19805489285689],[-119.06284781796732,49.19797078826613],[-119.06306741005675,49.1979750843455],[-119.06327210616827,49.19793520329899],[-119.06344790929914,49.197869706277935],[-119.06365700897553,49.19794658259851],[-119.06386639936902,49.198006391213084],[-119.06410192158567,49.19804630283404],[-119.06433380823434,49.19802499934121],[-119.0645657413692,49.197993594593946],[-119.06481163246723,49.19797079158801],[-119.06502952427962,49.19794089480977],[-119.06528970595883,49.19789958233386],[-119.06551110694224,49.19794088268289],[-119.06579891988858,49.19797079613411],[-119.06605922878815,49.19794950411349],[-119.06626202455693,49.197872604914565],[-119.06627633354809,49.19786398009275],[-119.06657673533346,49.19784119440427],[-119.06679641215409,49.19781838871227],[-119.06685192799229,49.19782698244148],[-119.0670467117772,49.19791239550581],[-119.06728060558201,49.19791808969793],[-119.06751412017152,49.19794090599212],[-119.06773491693981,49.197936694399125],[-119.06799584247375,49.197940896338224],[-119.06821633093213,49.19796370267315],[-119.0684489269905,49.19797800400915],[-119.06864303831235,49.19802778859031],[-119.06865832441662,49.19803780229066],[-119.06885442411887,49.19811468267042],[-119.0690870311671,49.19811889243969],[-119.06933294951577,49.1981060998977],[-119.06955343957944,49.19812890320846],[-119.06978561802825,49.19808048679562],[-119.0700278172174,49.19797649323364],[-119.07021592640635,49.1978654021835],[-119.07040284390473,49.197762888803354],[-119.0706059146823,49.19767888843207],[-119.07080873639259,49.1976118868163],[-119.07103965170566,49.197562091693314],[-119.07125974807151,49.197532198570684],[-119.07149323317236,49.197544983352266],[-119.07169802005858,49.19751508517879],[-119.07193092380994,49.1975023017034],[-119.07211952597937,49.197453785308824],[-119.07235062137602,49.19738689437524],[-119.07255544499235,49.19733709097633],[-119.07278823042043,49.19732419914677],[-119.07300713413728,49.19730288009222],[-119.0731956401834,49.19725447448369],[-119.07339944105381,49.19719607377643],[-119.0736022365014,49.19712910050233],[-119.07379235904801,49.19704508820641],[-119.07397912758204,49.1969424960051],[-119.07415412147834,49.19684138670109],[-119.07438531965477,49.19676448398907],[-119.07461521865665,49.19671608347395],[-119.07468403783949,49.196687581822594],[-119.07500812772297,49.19656509324971],[-119.07523804646905,49.19650668215549],[-119.075413732914,49.196431301576546],[-119.07558944443782,49.19635577173604],[-119.07579165168626,49.19626316957927],[-119.07595133174169,49.19615207883947],[-119.0759758343806,49.19609799330137],[-119.07616383157472,49.19598688943257],[-119.07639383317841,49.195928477786815],[-119.07658285020206,49.19582596865048],[-119.07681373559353,49.195776079274644],[-119.07702994935165,49.19569208795443],[-119.07723193934702,49.1955795969273],[-119.07739173467596,49.19547847053406],[-119.07755056089502,49.195358786155126],[-119.0776974587082,49.195230571994266],[-119.07785525324117,49.19509248911585],[-119.07803093527953,49.19501698928745],[-119.07826115925599,49.19493157600322],[-119.07843494851556,49.19483898027088],[-119.07865002761444,49.194726472181195],[-119.07882483915142,49.194652388794196],[-119.07902694262269,49.19453988585412],[-119.07934743843138,49.19433616519746],[-119.07953643671466,49.19424368335984],[-119.07972423656912,49.194149665883955],[-119.07988395001847,49.19403858226364],[-119.07998956100396,49.193920383657705],[-119.08008006343273,49.19377508073517],[-119.08028026719536,49.19364548044116],[-119.08045067313867,49.1934446766628],[-119.08060916407628,49.19334206587279],[-119.08078486316437,49.19326666578317],[-119.08104764924987,49.19329796005671],[-119.08129266877509,49.19327658027663],[-119.08147874470446,49.19312847975287],[-119.08157213541342,49.19301887524499],[-119.08168786628083,49.19285506482245],[-119.0818074360716,49.192735374603224],[-119.0819240446468,49.192590176993136],[-119.08200036319558,49.19245337642997],[-119.08217333618418,49.19231526489247],[-119.08237646064246,49.19223126703207],[-119.08259034665895,49.19213727010911],[-119.08277915582578,49.192061760206975],[-119.08299525093216,49.191967779777976],[-119.08315505437783,49.191856659661234],[-119.08331575954313,49.19176406066832],[-119.0834105620211,49.191735553213796],[-119.08352073656008,49.19169716657828],[-119.08368144023603,49.19160456739204],[-119.08386895013231,49.19153766589739],[-119.08408704368436,49.19147066403969],[-119.08416595246669,49.19140655491871],[-119.08427044689154,49.19126986168634],[-119.08426326023552,49.19111746983464],[-119.08427226383698,49.19097366060921],[-119.08433446585072,49.190828360026536],[-119.08439756727928,49.19069166332691],[-119.084557358983,49.190590574103446],[-119.08474516366856,49.19050657024944],[-119.08494916381834,49.19042105871071],[-119.08515294751895,49.1903726569033],[-119.08535577846541,49.190305663278075],[-119.08555754025336,49.190230257067086],[-119.08571825002596,49.19013767841573],[-119.08572726744076,49.18998386067943],[-119.08572645083024,49.18996664158301],[-119.0857209630005,49.18984996746058],[-119.0857003592075,49.189714669418514],[-119.08568106655325,49.189580759733616],[-119.085772563133,49.189444049217435],[-119.08587605919139,49.189288774600406],[-119.08599276724696,49.18914356560772],[-119.08612636134772,49.18903247303541],[-119.0863131679918,49.188939860819296],[-119.08648784969958,49.18884587142536],[-119.08667663682319,49.188770355306026],[-119.08690585307815,49.188676365002166],[-119.08705256775868,49.18856536000944],[-119.08722627519556,49.18847276179579],[-119.08741726997027,49.188397261575716],[-119.08766016610888,49.18833885245422],[-119.08783616957363,49.18824627250261],[-119.08792645619903,49.188118057694865],[-119.08801936447037,49.188062557655876],[-119.08814088372434,49.187979965677066],[-119.08813456776446,49.187836156300655],[-119.08803146823907,49.18769364888609],[-119.08791535693271,49.18756124885109],[-119.08780236373089,49.187437354765564],[-119.08763145966833,49.18733196268483],[-119.08761767249128,49.187296354572865],[-119.08756905193182,49.187153948379965],[-119.08761727740855,49.187000049051065],[-119.08766735537316,49.18686336989214],[-119.08774386956007,49.186709545989274],[-119.08780505874084,49.186555754652204],[-119.08785326011859,49.18640194705711],[-119.08792945394582,49.18626525799801],[-119.08802198223684,49.18613705058502],[-119.08813866084256,49.18599175987587],[-119.0882431643487,49.185855054455104],[-119.08837288262181,49.18569976045861],[-119.08849144969265,49.1855616467746],[-119.08863526475115,49.18541496588994],[-119.08872676611293,49.18528813786503],[-119.08883107080587,49.18516855821128],[-119.08893567503152,49.185041852564126],[-119.08904016039139,49.18490506592883],[-119.08910205095196,49.184776946983554],[-119.08915127382242,49.18464165194012],[-119.08920037497917,49.184496333469895],[-119.08923455615907,49.184343947337766],[-119.08925637047129,49.18420724060592],[-119.0892924465361,49.184071948943675],[-119.08935465643388,49.18392663819571],[-119.08943206286864,49.183781360766226],[-119.08957686441973,49.18365314479092],[-119.0897779603451,49.183542144550685],[-119.08998007246471,49.18343954314143],[-119.09013877638957,49.18330993742055],[-119.09025738734474,49.1831817526703],[-119.09037595876443,49.18305363595741],[-119.09049168391545,49.1828997512188],[-119.09056785804172,49.1827531447441],[-119.09061726660485,49.18259074952025],[-119.09066455205753,49.18242833926391],[-119.09064687845161,49.18233865011652],[-119.09059656202402,49.182142159728194],[-119.09052285311054,49.18200824849225],[-119.09040668000821,49.181865843525976],[-119.09027846751111,49.181751849520076],[-119.09012417239767,49.18162793830896],[-119.08996667770424,49.18150543616566],[-119.08965676883457,49.18128612475137],[-119.08948618404737,49.181163637916825],[-119.0893165722772,49.181049732989436],[-119.08924286940709,49.18091582130497],[-119.08934526647944,49.18077914891194],[-119.0894119743907,49.18072362340993],[-119.09296904861613,49.17904758549074],[-119.09400341751686,49.17740652466023],[-119.09770311536121,49.17153597852688],[-119.1023106314628,49.16384430377876],[-119.1050484359746,49.158236461377065],[-119.10612475023599,49.1570498516919],[-119.10744998864406,49.155549106282734],[-119.11424202338713,49.14890229361406],[-119.11923955184783,49.15193526015622],[-119.12414291072683,49.15823655839129],[-119.12712886899826,49.16511240813963],[-119.12745018547629,49.16803712197544],[-119.12625103427466,49.1750819917192],[-119.12582374213164,49.18081865005873],[-119.12681662486256,49.183759007014615],[-119.13406056175752,49.1871969863339],[-119.13796884189132,49.188612943475725],[-119.14199831091335,49.18782157757319],[-119.15281459821209,49.18409169619047],[-119.16663893867097,49.184229764809984],[-119.17710227122706,49.189505409806316],[-119.18526748923199,49.195258808886976],[-119.18869850834427,49.19789965285824],[-119.18910177609696,49.19834191987786],[-119.18098414112822,49.20443595025001],[-119.18156536389051,49.20752838509935],[-119.18091267556562,49.21056146328898],[-119.17843326885364,49.21344233075445],[-119.17624781083676,49.21525032492593],[-119.1791437381076,49.216156263417005],[-119.18047846095769,49.21831326714666],[-119.18692702645143,49.21696359730605],[-119.19247449148486,49.21622881450512],[-119.19594442305299,49.2159878233182],[-119.19809510150543,49.216448059742845],[-119.20274238621869,49.218598540629806],[-119.20600220755257,49.2196704548847],[-119.2105682107248,49.2213742300879],[-119.21291728249354,49.222441839881334],[-119.21612449933956,49.225099841334675],[-119.21998348803604,49.22897857432911],[-119.22279607910913,49.23018307307879],[-119.22845205888304,49.23313231623535],[-119.23382655505783,49.23644027676918],[-119.23738942924885,49.23894306346424],[-119.23084916374226,49.24693941324392],[-119.23291023624923,49.25532062252185],[-119.23266523815097,49.255797409645375],[-119.22867188850472,49.26304934313902],[-119.22512581243755,49.26510743720367],[-119.22268735532434,49.26964629718792],[-119.2219691800334,49.27354090052945],[-119.22150210255099,49.27435544407241],[-119.22058476067991,49.276097850925645],[-119.21335595965917,49.28569815135669],[-119.20913576375986,49.287904736105894],[-119.20651792893942,49.289105518750524],[-119.20281820653801,49.291190499678684],[-119.192450719237,49.29544890688837],[-119.18936038742912,49.296755353998385],[-119.18682141736384,49.29824569159921],[-119.18243667582198,49.30223413876685],[-119.18039947626607,49.304279163219725],[-119.17811118786028,49.30604643572096],[-119.17553720337757,49.308453152998666],[-119.17504250289944,49.31002613577025],[-119.1756437942818,49.31118847900692],[-119.17738492241554,49.31228742482958],[-119.18687770959929,49.31676254716975],[-119.20128819854699,49.3220682942951],[-119.20578190398493,49.32392789057946],[-119.20788810023333,49.32539120288682],[-119.20813880651546,49.32673842784412],[-119.20761677497627,49.328004186120644],[-119.20624754168625,49.33103007680923],[-119.2046663960259,49.33356759091503],[-119.20340865320141,49.33711256359695],[-119.20201988385962,49.33931464888457],[-119.20259814834556,49.341946552268595],[-119.20516492804525,49.34339202116097],[-119.206902859155,49.34403093139045],[-119.21314793239341,49.346028450865205],[-119.21452932515456,49.345898857544384],[-119.2159429126896,49.345205735557215],[-119.21741948793087,49.344690760947756],[-119.21931009657895,49.343804416194594],[-119.22224904925542,49.34301615396349],[-119.22407117855634,49.34290162421416],[-119.22623037984368,49.34291358850825],[-119.2276702982164,49.342607730322065],[-119.22937830503292,49.34233365938959],[-119.23155402960764,49.34159312101155],[-119.23370280930332,49.34133436048389],[-119.2363986869176,49.34140848097287],[-119.24653488727525,49.34342401279481],[-119.25033916629579,49.343922077784924],[-119.2544952535738,49.34531305625252],[-119.25694916683135,49.34639049204367],[-119.25942966303496,49.348643225127475],[-119.25991825953183,49.34929365032253],[-119.26044217556509,49.3503127134154],[-119.26023030078508,49.35092486314649],[-119.25965151882092,49.352667442327736],[-119.2583172724512,49.358585615292725],[-119.25742419415089,49.36032274503511],[-119.2572985464744,49.36056826974389],[-119.25522223286228,49.3627577564093],[-119.2522975494205,49.36572756599798],[-119.25191261858006,49.36611686486554],[-119.2512933756186,49.36720638215194],[-119.2513927280181,49.36876729864421],[-119.25325506815281,49.371498690363815],[-119.2546236041427,49.37289592946316],[-119.25678545820404,49.375501426715196],[-119.25680712544846,49.375482612100136],[-119.25875210372429,49.37847875419154],[-119.26002969107921,49.379515022221945],[-119.26099710344737,49.38088089507614],[-119.2620738593364,49.38227313013429],[-119.26294289642719,49.38260401519597],[-119.26960345325931,49.38368353403734],[-119.27221094046719,49.38467606418911],[-119.27412197535864,49.38558158899614],[-119.2769541985726,49.38650673573202],[-119.27979820620413,49.3871918537427],[-119.28173269289219,49.38761734644392],[-119.28300044186766,49.38735604829692],[-119.28679890082432,49.38385762695166],[-119.29042978305539,49.38282969054996],[-119.29295263017697,49.38254680527324],[-119.29425370740906,49.38310276534719],[-119.2956416813111,49.384164925071275],[-119.30036275117297,49.385705706898854],[-119.30040878171044,49.3914476740462],[-119.30047701993225,49.40673922623219],[-119.30052086106129,49.416554498020965],[-119.30053131636369,49.41889996532478],[-119.300489120502,49.436794438323034],[-119.30047768705366,49.441648439190935],[-119.30046643816792,49.44641938355436],[-119.30043824585758,49.45835006678261],[-119.30044572528976,49.473738245402956],[-119.30059100174982,49.49574671849227],[-119.3007618356559,49.5006306697757],[-119.30080251956427,49.50364329112723],[-119.3008025770846,49.50364355722323],[-119.30176438215373,49.5034341121787],[-119.30263684005149,49.50500896292655],[-119.30990016986736,49.50503869194432],[-119.30713202091258,49.50740807347405],[-119.30531891902554,49.5092432617718],[-119.30400826230246,49.51194065919507],[-119.30306545694891,49.517343114339354],[-119.30250562715476,49.51859135091229],[-119.30208014204705,49.521747961774814],[-119.30340551388193,49.52344462229268],[-119.30868812780167,49.52597320381264],[-119.30962400136671,49.52728126856534],[-119.30980842918483,49.52910239255916],[-119.31122658615399,49.53077138167014],[-119.31454631913621,49.53164906243448],[-119.3192439750674,49.531307898449974],[-119.3217854491656,49.53045882298201],[-119.32210479634539,49.53137387875887],[-119.32294211353421,49.53332516419337],[-119.32258131594743,49.53516423660516],[-119.32788794750572,49.53913231999688],[-119.33060657765884,49.544022346665784],[-119.33205562297147,49.54792056155121],[-119.33339404462681,49.55603829519937],[-119.336439857537,49.55605532672058],[-119.33842745928594,49.55679343304501],[-119.33925875260475,49.55842203387786],[-119.33845365268532,49.56291972156327],[-119.3359392501963,49.567996223720996],[-119.33591895984522,49.56937363687157],[-119.33684264018527,49.57097471456762],[-119.34151675312448,49.57592980917597],[-119.34223026252387,49.576809835906616],[-119.34470975936712,49.579902982675684],[-119.34636682233452,49.58196306660413],[-119.34774891056844,49.58500594990918],[-119.34831381946226,49.587529688489475],[-119.34810968405272,49.592904450138704],[-119.34979484779686,49.593855132548114],[-119.3546503090034,49.59421984854822],[-119.35706750682199,49.594150606182374],[-119.36141135862047,49.593795114380434],[-119.36279096056913,49.59447334580178],[-119.36382329207315,49.595765197726585],[-119.36317288460198,49.59705236032886],[-119.36036645823468,49.59876822408621],[-119.35770843939302,49.60022106259651],[-119.35357632449212,49.603062278009055],[-119.35214980778163,49.604332324569114],[-119.35172673516877,49.60470895799898],[-119.34986316444476,49.606650926089095],[-119.35025605497306,49.60798902788872],[-119.35087633146706,49.609331785611545],[-119.35223602910098,49.610926095907296],[-119.35562304286746,49.613477983012736],[-119.35813636488024,49.61621895485954],[-119.35865101207045,49.61788467308036],[-119.35619114288409,49.61993286285406],[-119.35519170277696,49.620887772046615],[-119.3521119704017,49.62647025279376],[-119.350646895211,49.631560130680576],[-119.3506857243714,49.631575835708574],[-119.35065097023198,49.63171172444601],[-119.35059142140797,49.63175298421159],[-119.34986777933565,49.6342408555693],[-119.35036102127698,49.636085372006775],[-119.3525204077895,49.638241823789386],[-119.3562880307478,49.642240096176366],[-119.35962821436466,49.64529745620955],[-119.36425718684855,49.64892921907947],[-119.36711425679762,49.65080511461694],[-119.36748046234588,49.65096627634673],[-119.37034871769899,49.652169206570356],[-119.3728341470188,49.65404463049126],[-119.37367833862798,49.65582966634475],[-119.372191838131,49.6590408963757],[-119.37181377729166,49.6630118276103],[-119.3720961367659,49.66758564922854],[-119.37192882922413,49.67200303743822],[-119.37591114868003,49.67903129787791],[-119.37277140336934,49.678645734631004],[-119.36927613188892,49.67967210544539],[-119.36845369825403,49.68149406211684],[-119.36530449800011,49.684001687562116],[-119.36157268899271,49.686680424318176],[-119.35511244765054,49.689481756152105],[-119.34793555676642,49.69226630122644],[-119.34785176270641,49.69364382382115],[-119.34585721130645,49.69413991972004],[-119.34536434857502,49.69426512218305],[-119.34276931179966,49.69493060297348],[-119.33990371820464,49.694883834770714],[-119.3318287176107,49.69845325031295],[-119.32587180376082,49.697063800023685],[-119.32309116637659,49.69812817224462],[-119.3116408740136,49.705618159712515],[-119.31149230501599,49.70571534947349],[-119.31146852508233,49.70572077704672],[-119.29568539519758,49.71519147141962],[-119.28659347876156,49.726308337490636],[-119.28138847846853,49.72768842997997],[-119.27710228847229,49.728820576930325],[-119.27182532893791,49.730212527707316],[-119.26912257558406,49.73931727016788],[-119.26554914865866,49.74247601435169],[-119.26294188853994,49.744780393824115],[-119.25974932930838,49.74375819822738],[-119.25140525571389,49.74108582650752],[-119.23881544931868,49.73899153136211],[-119.2285595491467,49.7351514303803],[-119.22018603616529,49.73923907288884],[-119.21768704016387,49.73886649579206],[-119.21223728856481,49.738053810834856],[-119.20686700724143,49.737252672030536],[-119.20438499874467,49.738964500136895],[-119.19978496119444,49.742136530988084],[-119.19841142179034,49.74695474971179],[-119.20021966509199,49.75007460541656],[-119.20206131367857,49.753251755157095],[-119.20160661760754,49.75362770996478],[-119.19887660120109,49.75465550224302],[-119.19886191273926,49.754681485185834],[-119.18536000104201,49.75822576455309],[-119.17929817320406,49.75810156893666],[-119.17552056357268,49.75802397846223],[-119.17229804932389,49.7579657383614],[-119.17125795625445,49.75794798277078],[-119.16992801975319,49.75792598136852],[-119.16786052042427,49.75789319344927],[-119.16727726340625,49.75788423748471],[-119.16673749464736,49.75787598360844],[-119.16633213953179,49.757869862868766],[-119.16375013861065,49.75782888870529],[-119.16401785769504,49.76386172757358],[-119.15697034559194,49.763950820777055],[-119.15273575616821,49.76400407518645],[-119.1523770216934,49.770059887532675],[-119.15233198133755,49.77168940608237],[-119.15226916719233,49.77396551239142],[-119.15168356901897,49.792652944810555],[-119.15325785304616,49.797645886122574],[-119.15385537478089,49.799513690854894],[-119.14877189875457,49.799470315909716],[-119.13450733501816,49.79935242921538],[-119.13361693222642,49.79934503901872],[-119.12577708683077,49.79676668268796],[-119.12307199710959,49.795879111285544],[-119.1220629952563,49.795548919628075],[-119.11866475556467,49.793080486741566],[-119.11677954495737,49.79171092796491],[-119.11572650396855,49.790945900361834],[-119.11034567713179,49.79232151445805]]]]}},{"type":"Feature","properties":{"DGUID":"2021S051259050063","DAUID":"59050063","LANDAREA":2340.6963,"PRUID":"59","fed_num":"59016","da_code":"59050063","geo_name":"59050063","name_source":{"label":"Statistics Canada Census Profile 2021 DA WDS","url":"https://www12.statcan.gc.ca/wds-sdw/2021profile-profil2021-eng.cfm"},"population":616,"status":"ok","source":{"label":"Statistics Canada Census Profile 2021 DA WDS","url":"https://www12.statcan.gc.ca/wds-sdw/2021profile-profil2021-eng.cfm"},"community_name":"Kootenay Boundary E / West Boundary","community_source":{"label":"Statistics Canada 2021 census subdivision boundaries (spatial lookup)","url":"https://geo.statcan.gc.ca/geo_wa/rest/services/2021/Cartographic_boundary_files/MapServer/9"},"community_display":"Kootenay Boundary E / West Boundary","is_unorganized":false,"panel_title":"Kootenay Boundary E / West Boundary","display_label":"Kootenay Boundary E / West Boundary","map_label":"59050063"},"geometry":{"type":"MultiPolygon","coordinates":[[[[-118.76093102304631,49.81274301378355],[-118.74226409653555,49.81275229967565],[-118.7350432736813,49.812754952536544],[-118.71285434091865,49.812759731873285],[-118.70927543187959,49.81276002860887],[-118.7090541594782,49.812759438129184],[-118.7039225537168,49.81276138003624],[-118.67792468074477,49.81271640814809],[-118.67396441864041,49.812708937898584],[-118.67188281395003,49.812709306383795],[-118.63363947136804,49.81263398579264],[-118.63277086983992,49.81263212316835],[-118.59782432203367,49.812551562614786],[-118.5888631095822,49.812575095743185],[-118.554401674962,49.81265791407897],[-118.55273356408799,49.81265521525352],[-118.51021661530939,49.81255619162134],[-118.5103993343579,49.81143661987938],[-118.51024127425859,49.80960504156784],[-118.50946084275492,49.807519776146236],[-118.50802032283912,49.805769112590504],[-118.50870679872756,49.80354954266399],[-118.51020925389861,49.79993934636289],[-118.51164562834391,49.79880256432691],[-118.51277680014073,49.79529945036931],[-118.5123304618851,49.79080775759554],[-118.51082588664158,49.78575517477062],[-118.51144690999203,49.78312133291869],[-118.51199382315431,49.781663983169715],[-118.51125093017974,49.778990684116906],[-118.51003456145918,49.77659842724248],[-118.50874347045495,49.77538266595929],[-118.50644142476008,49.77561199245646],[-118.50360015119176,49.77570789036687],[-118.5005296767095,49.77514852085409],[-118.49978391740167,49.774964177846336],[-118.49783232839394,49.774481775704245],[-118.49706165780484,49.77369338374835],[-118.49760891777306,49.772236173396514],[-118.49802658651119,49.769950149120156],[-118.49747043517878,49.767223353050845],[-118.49684955049635,49.76408216588476],[-118.49675767526278,49.75977794510065],[-118.49803704845543,49.75681013055079],[-118.49965344213905,49.755786416509096],[-118.50097133732989,49.75495170569307],[-118.50258339094125,49.75246508659838],[-118.50372300300974,49.750259206202756],[-118.50373584493666,49.750142456713576],[-118.50436265946593,49.74444451379133],[-118.50541899020777,49.73923127201189],[-118.50963147552247,49.738589456413514],[-118.51573530409976,49.738121223175675],[-118.52181895114006,49.737946887178246],[-118.52488168818411,49.738213970528484],[-118.5274717323442,49.73876200162755],[-118.53168384230784,49.738119264124734],[-118.53500386808359,49.735858767541544],[-118.53713104153572,49.733799212428764],[-118.53973876739012,49.729867987934796],[-118.54304772770703,49.72342352021582],[-118.54528428725224,49.7195994594387],[-118.55127146667586,49.71670897958051],[-118.55588188870884,49.71407294877119],[-118.55778968801945,49.71185954944545],[-118.56022734897611,49.70768766912878],[-118.5686951336808,49.70421992196169],[-118.5715008922476,49.69994060379815],[-118.57243242732821,49.698082043393676],[-118.57217043640325,49.69642519296684],[-118.57062927380636,49.69484998613051],[-118.55725551699297,49.68587142458893],[-118.5608561446096,49.68338308643823],[-118.5628408469498,49.68208527287656],[-118.56550705880674,49.681455377158684],[-118.56886634332251,49.67990258726119],[-118.57181863352282,49.6790450801748],[-118.57565492744386,49.678507772402156],[-118.57586443142382,49.67656986237473],[-118.57393173157158,49.67250966317604],[-118.5727620833094,49.670827277480406],[-118.56967248658627,49.66926771358962],[-118.5657940829222,49.664327791406166],[-118.56799912551014,49.66238830222063],[-118.56978459181884,49.662734949797425],[-118.57234760009054,49.66227876378556],[-118.57648016422459,49.659923288615985],[-118.58186591104413,49.657780538687724],[-118.5857571837617,49.656360521708],[-118.58587699313487,49.651416374256364],[-118.57965377402084,49.6475898811292],[-118.58217553866741,49.641948472782346],[-118.58108200912694,49.638295395009],[-118.57929219565185,49.636360261075794],[-118.57902932298312,49.63445413515545],[-118.57887486551934,49.63317361460393],[-118.59090879053453,49.6273167163141],[-118.58870299165474,49.62080521995873],[-118.58980702863724,49.61948853589205],[-118.59368527670266,49.61766905254181],[-118.59406776091072,49.61627263062917],[-118.5878444431665,49.61264741094272],[-118.58564145850652,49.60842345185954],[-118.58356827684962,49.60602142022369],[-118.58663961741044,49.60400130202634],[-118.58853356699497,49.6018868260439],[-118.58814981388068,49.59870984690608],[-118.58643408722972,49.59520306768171],[-118.58638651967225,49.5912147337771],[-118.58948750330556,49.58761093465616],[-118.5941888922095,49.58699372645564],[-118.59583844816444,49.59000348924452],[-118.6013631503024,49.592184648856446],[-118.60324809535264,49.59425390336143],[-118.60842955074493,49.59465279029395],[-118.60779026143881,49.592407119448445],[-118.60568053312785,49.58930080053579],[-118.60999356733281,49.5864958041647],[-118.61083834835662,49.58382269135396],[-118.61102179264606,49.58148264308132],[-118.61229653374556,49.579115143952116],[-118.61810406754454,49.5776781699711],[-118.61876242852043,49.57505839979284],[-118.62046736013214,49.5729967297199],[-118.62143819325163,49.56985820028993],[-118.62231771787867,49.56788980644762],[-118.62200286196246,49.56612231593113],[-118.62123673445585,49.564342593225064],[-118.62010088843377,49.562670269457634],[-118.62040065255972,49.56115443382955],[-118.62278946809097,49.558467720093816],[-118.62888167215311,49.56178764739098],[-118.63208996167965,49.56159327367264],[-118.63680806871278,49.560680463621615],[-118.64034967999059,49.55837972347518],[-118.64257355415266,49.5554531148129],[-118.64468603506472,49.55399006050764],[-118.64482210266037,49.55223516989104],[-118.64799040939259,49.54646225624158],[-118.65312249107637,49.54356317694212],[-118.65659855754845,49.54343523537796],[-118.65856334874323,49.542731017517866],[-118.65795844785198,49.541190588523946],[-118.656933701144,49.53805600021405],[-118.65416638618754,49.53528620595958],[-118.65483976700328,49.530087882829555],[-118.66021864384284,49.530136662511666],[-118.66607047029552,49.527317577308665],[-118.66604288249889,49.52532385857761],[-118.66593074693992,49.51913696060977],[-118.67062254556484,49.51722258931657],[-118.6739747788074,49.51756173298133],[-118.67792220780561,49.51585957400763],[-118.68255175883696,49.51353162312002],[-118.68703775376392,49.51325705853568],[-118.69267596603716,49.5149636066344],[-118.69212238863018,49.5115492091937],[-118.69296794353312,49.50758678785129],[-118.69183797073435,49.50462610250386],[-118.69429311589819,49.50147265812955],[-118.69585720485053,49.49946347672305],[-118.69950444232406,49.49440748086026],[-118.70176467953637,49.490895147152365],[-118.70132143361988,49.489593964635404],[-118.69963195764889,49.4880849191431],[-118.69896723481833,49.48613316907946],[-118.69971545246796,49.4846301024007],[-118.69853514103079,49.48354449301623],[-118.69717096326859,49.48251293282277],[-118.69576509789766,49.48206753565593],[-118.69232770133557,49.4786372358094],[-118.68740115828868,49.47851925704971],[-118.68502588870244,49.47535042148237],[-118.68467249496837,49.47287947794387],[-118.67968244627298,49.47105374054647],[-118.68395524238935,49.46983169710955],[-118.68628754806234,49.469020842943664],[-118.68788793646452,49.46584213411558],[-118.68981444076414,49.46314168658235],[-118.6886194549292,49.46105889269046],[-118.68740988532491,49.45797926060331],[-118.68832115532791,49.45671551667058],[-118.69641126221602,49.45555067120214],[-118.69783981040139,49.45600725685346],[-118.70095551151444,49.454397340551196],[-118.70409178404866,49.45378685311136],[-118.70580938525002,49.45143205388654],[-118.7108532208829,49.450202903632764],[-118.71240147760336,49.44889869059309],[-118.71393758006802,49.43815866266597],[-118.71189330324161,49.434178829254996],[-118.70845453387322,49.43204012436044],[-118.71041619064299,49.43004425485264],[-118.7127754656647,49.426359533345],[-118.71217028400959,49.42482008058196],[-118.70981252581127,49.4226496331869],[-118.70670883903428,49.4184081444561],[-118.70498415596487,49.41619502485455],[-118.70680366091823,49.41366760569328],[-118.70936358065234,49.410926897513356],[-118.71050432994207,49.409719587419495],[-118.71410256253505,49.40538606360087],[-118.7171401533362,49.40060724504691],[-118.71564630655024,49.397860537146244],[-118.71399910130744,49.39363916216453],[-118.71049330729619,49.38678074451638],[-118.70898058170941,49.38494989733747],[-118.70945585554863,49.383428468451406],[-118.71594962629652,49.37683942114582],[-118.71595114600576,49.3768379884119],[-118.71016741857262,49.374560130796006],[-118.70597569553078,49.3745853795029],[-118.70343580260516,49.372834758929244],[-118.70220810327294,49.372020302030535],[-118.69956143485098,49.37177557601576],[-118.68901187876175,49.365277437411095],[-118.6802701355729,49.36802562578449],[-118.6689474247828,49.374142350699955],[-118.66287971265189,49.37441112585792],[-118.65591976588576,49.37471892454153],[-118.65196890886136,49.372606702205694],[-118.6413386886639,49.367018184729204],[-118.64159310808748,49.35805005122075],[-118.6396954418044,49.35221800417611],[-118.63970244944977,49.352194421572094],[-118.6363321897812,49.34885833100224],[-118.63477974827535,49.34657526578601],[-118.63190171228256,49.34525625229839],[-118.62626989298649,49.34344619877021],[-118.61546743964782,49.340339005865246],[-118.61420309847408,49.33653169944186],[-118.6140612787802,49.3347008537138],[-118.61731551744204,49.33202235705061],[-118.61662267785617,49.329056347915994],[-118.6163784923874,49.32739946313326],[-118.61527704003517,49.32512901405268],[-118.61523751081832,49.3231243476005],[-118.61364620916774,49.32142922658063],[-118.61295303167371,49.31975961205383],[-118.61368982289197,49.31824828596152],[-118.61324145103842,49.31693921968956],[-118.61114121792026,49.316113166312725],[-118.61001971386654,49.31413678991958],[-118.60910271206458,49.31181269255308],[-118.60898184482771,49.3096879605942],[-118.60659610662888,49.307793280360514],[-118.59833947247306,49.302430793801946],[-118.59334845223799,49.3018741511332],[-118.5944134748813,49.29954740473866],[-118.59225354296086,49.29701085955654],[-118.58925849084721,49.29615846467997],[-118.58636504455373,49.29383630426181],[-118.58751180241083,49.291629872388164],[-118.58737129201185,49.28979931169676],[-118.58684262009623,49.28837005902633],[-118.58747744412808,49.28703295082306],[-118.58835544685228,49.27907433445754],[-118.5890348587145,49.274556921818714],[-118.58848872106365,49.27082952332932],[-118.58755312269625,49.268799540978236],[-118.59041542557826,49.2665239772794],[-118.59372752293864,49.26296504959893],[-118.59491441842451,49.26017086616081],[-118.59190345363223,49.2544290195369],[-118.59282503803745,49.25156846988243],[-118.5940921675037,49.25019045635165],[-118.59484405856433,49.24974044015865],[-118.59597207318731,49.249065304443874],[-118.59648584674991,49.24560412538369],[-118.59612015465906,49.244415482288275],[-118.59965772429369,49.236327302237456],[-118.60227227306811,49.234987107342185],[-118.6039061390477,49.23350161201851],[-118.60889026873656,49.23175628362753],[-118.61109641870833,49.23111112307124],[-118.61373054757576,49.22688517046371],[-118.61744681513645,49.225222006185106],[-118.62016145243358,49.222411871002386],[-118.62242691558617,49.21829332663827],[-118.62177659091401,49.2147407060001],[-118.61933455573617,49.21243301835195],[-118.61696396044647,49.209744504881385],[-118.61617127335546,49.20695361332044],[-118.61527614374145,49.20563235689667],[-118.61316047541685,49.203805033900316],[-118.61157388128532,49.202110603449874],[-118.6115888961195,49.202018980647736],[-118.6061935059282,49.196542885334715],[-118.60299046766961,49.1932911710569],[-118.60289391642799,49.193306416842844],[-118.6002145428279,49.18377452126521],[-118.59349128857302,49.18703898947042],[-118.58261701188651,49.18737338978075],[-118.58260588730887,49.187314758081136],[-118.58246168369475,49.18655504465669],[-118.58229992857173,49.183570242980075],[-118.59222505201929,49.17569390545783],[-118.5922116369992,49.175685248667335],[-118.57091125493275,49.175575398686206],[-118.5646398904331,49.17554214711649],[-118.56376763806328,49.16826259494523],[-118.5636781233821,49.16703005198771],[-118.56360958429723,49.16703071186739],[-118.56327895899193,49.149442771915645],[-118.56341545581684,49.147488982553575],[-118.56345718197012,49.14631150007091],[-118.56328825065272,49.14388167038072],[-118.56675567758582,49.14365238189239],[-118.56737482223349,49.14364159535263],[-118.56837710420332,49.14362414854874],[-118.56848300311634,49.14303989459963],[-118.56854312447484,49.14270817291576],[-118.56857346688635,49.141108610145736],[-118.56866179135747,49.13645378834566],[-118.57260087203375,49.13642610059665],[-118.57341871396784,49.13642032281879],[-118.58090601743099,49.13636719169993],[-118.58607476261908,49.13633401411242],[-118.59070285477041,49.13630406369446],[-118.59140637025021,49.13629949550233],[-118.59137418442641,49.13523717457499],[-118.59125088543162,49.13116043576725],[-118.59123226488002,49.13054490807812],[-118.59119427795703,49.12946922327647],[-118.59117550547677,49.128937975894715],[-118.59133902243067,49.128936317401646],[-118.60617756101168,49.1287834766951],[-118.60932665764145,49.12875073896495],[-118.62273288157672,49.1285624289759],[-118.62270343227522,49.12584813887779],[-118.62770585515673,49.12581908631383],[-118.63134822428042,49.12574737518665],[-118.63134660005025,49.118083099491884],[-118.63134563631263,49.113578532230854],[-118.63134533812021,49.11233161902437],[-118.63134462955533,49.10921768692812],[-118.631344300984,49.10757315537364],[-118.63135092932995,49.10308210255789],[-118.63135315324107,49.1016150095972],[-118.63135094998123,49.10106501215854],[-118.63128608491228,49.09965137682192],[-118.63104857774478,49.0944728194177],[-118.63101831847325,49.093025599547374],[-118.63095146981911,49.09016303146323],[-118.63090158428487,49.087622342937024],[-118.63078940656816,49.08190170968246],[-118.63071576595566,49.07814645177747],[-118.62917309173139,49.07815465289505],[-118.61445237465995,49.078231597990815],[-118.61438494514786,49.075108867424],[-118.61433662783116,49.07286990479041],[-118.6143037078988,49.07134349483544],[-118.61430113243952,49.07122489209207],[-118.6145915222171,49.07122284119771],[-118.61569827678112,49.07121493937237],[-118.61572470349428,49.071275919336244],[-118.61577085099704,49.07128932850171],[-118.61584288711428,49.07131030419533],[-118.6159945316925,49.07130811341141],[-118.61606230860322,49.071270209602176],[-118.61608020887928,49.07121222274131],[-118.6166377440001,49.071208267662335],[-118.63068925565806,49.07106122202015],[-118.63087260143868,49.06416238764759],[-118.63101722595256,49.05871708220937],[-118.63106784213535,49.05326478549851],[-118.63106656119288,49.0514263190138],[-118.63106024213819,49.04868750303446],[-118.63105170597456,49.044491827209534],[-118.63109837782113,49.041637049129434],[-118.63113176756288,49.039037312033976],[-118.63114748873834,49.0381628283193],[-118.63115281883024,49.0380510782441],[-118.62711280629995,49.03799293879668],[-118.62679487286564,49.03802920792386],[-118.62666624022322,49.038012014312386],[-118.62516260257411,49.03796561154426],[-118.62512835440143,49.03894977249482],[-118.62501405601184,49.041482635997596],[-118.6209513728693,49.04145772177646],[-118.61127640472432,49.041398003566215],[-118.60359588604288,49.04135816331078],[-118.60359983758588,49.03826123020661],[-118.60360327922967,49.03554590277386],[-118.60360456986372,49.03451285776007],[-118.6037741801166,49.034301823353495],[-118.60409796122033,49.034172747762526],[-118.60420681211593,49.03415322378522],[-118.60946964076227,49.0341965917736],[-118.61191675510732,49.03416407522578],[-118.61241379520645,49.03376833769688],[-118.61266305949685,49.03335982463926],[-118.61307854328467,49.03267512563874],[-118.61347267714072,49.03117952214196],[-118.61445986112483,49.02835501394683],[-118.61566237756003,49.02719858302218],[-118.61722469284706,49.02628813336144],[-118.61868478916276,49.025604793132544],[-118.62009630763762,49.02378142442752],[-118.62111534457644,49.02289008015668],[-118.62090820077621,49.02095193450019],[-118.62110636246243,49.020048891877984],[-118.6132952770341,49.016433809494394],[-118.61141972158596,49.01569022493406],[-118.60994567159925,49.01415306062608],[-118.60908897399793,49.01226543634278],[-118.60755127968109,49.01063443294484],[-118.6034874361899,49.00805711864669],[-118.59927949150119,49.00501549546951],[-118.59811192706117,49.00428838643276],[-118.5957222776763,49.00280235816936],[-118.59224766995352,49.000961247252974],[-118.59108157596268,49.000072944018406],[-118.60610614883566,49.000077057308424],[-118.60613895634091,49.00007706009691],[-118.61174129562015,49.00018442762449],[-118.61635414517575,49.00018202479398],[-118.61641729816988,49.000181988048084],[-118.61909713148303,49.00018039080173],[-118.65842002556737,49.00017949598699],[-118.68033723598475,49.00016814753466],[-118.68312664507684,49.00017245036307],[-118.69690909171494,49.000177380728594],[-118.70530433064425,49.0001795108452],[-118.74992986027678,49.00018868343667],[-118.75036274769647,49.00775440778315],[-118.7509694016845,49.007761148170935],[-118.75529947055755,49.0078003644089],[-118.75581519295368,49.00781888506456],[-118.75584578906948,49.00820993421978],[-118.75584648920331,49.00821891121805],[-118.75625981344176,49.013500205290065],[-118.7563963468632,49.01524482435803],[-118.75880375387676,49.01525215535959],[-118.77259559641624,49.01529295508041],[-118.77270413795175,49.017900569989706],[-118.78540563049417,49.01781482607963],[-118.78595185303281,49.017810834207694],[-118.7859367428564,49.0183783357443],[-118.78704890644502,49.01838059570117],[-118.80242644605144,49.01838828272072],[-118.81097842553235,49.01839149098528],[-118.82139598940253,49.018408538773606],[-118.84423692553585,49.01844198325432],[-118.84418299872596,49.0135653640595],[-118.84796548268145,49.01465215265773],[-118.84921396966881,49.014975352204985],[-118.84982037521087,49.01517244095482],[-118.8503852581927,49.015515155236045],[-118.85075398178935,49.01586655512925],[-118.8516882722094,49.017154257277426],[-118.85211517120338,49.01804808667758],[-118.85274017036522,49.01935654078197],[-118.85319176843957,49.02016044265706],[-118.85326454393271,49.020238879286275],[-118.85360976747208,49.02061094922609],[-118.85378964945467,49.02073941082995],[-118.8542627985872,49.021077338772876],[-118.85434122160525,49.02113334772386],[-118.85610197783606,49.022390849225324],[-118.8565135862797,49.02277573689219],[-118.85676828987184,49.02317284746778],[-118.8569397119376,49.02359425236312],[-118.85734968249776,49.025259542796505],[-118.85758120256344,49.02570025898593],[-118.85800779129576,49.02615855345423],[-118.8585119003358,49.02654064179418],[-118.85909501284333,49.02681935278237],[-118.85972007930985,49.0270302502193],[-118.86227759785412,49.02758364724545],[-118.86312810778621,49.027927250636765],[-118.86366814823093,49.028239022744835],[-118.8638493921408,49.02834365252591],[-118.86494054073185,49.02922788107556],[-118.86509401641186,49.02935223918895],[-118.86547495510192,49.02966093521871],[-118.86598602584665,49.03007504325357],[-118.86669089945391,49.03080434649069],[-118.8673386288037,49.03169184799519],[-118.86786352799157,49.03282533882114],[-118.86791616561197,49.03299106066436],[-118.86800981411126,49.0332857507975],[-118.86838010755322,49.03537316827926],[-118.86841970945767,49.03559634267819],[-118.86844794510326,49.03575544616646],[-118.86836152725286,49.03576742394706],[-118.86810031799357,49.035774809712386],[-118.86785183949198,49.03571586909819],[-118.86772469386395,49.03560995859128],[-118.86763792479111,49.0354854228377],[-118.8676075624027,49.03540494669755],[-118.86757816406252,49.03535145114366],[-118.86751708405927,49.03518149684647],[-118.86745702010546,49.03503853599074],[-118.86735454672402,49.0348602708429],[-118.86729478779655,49.03472629928307],[-118.8672500755841,49.034628065855046],[-118.86722071385836,49.03457455976332],[-118.86714560560429,49.03439586095354],[-118.8670848327151,49.03423489619454],[-118.86702511115588,49.034100914194894],[-118.86697801074448,49.03393974969853],[-118.86690359981976,49.03377903176216],[-118.86685650023917,49.03361786739823],[-118.8668371029052,49.03346524808338],[-118.8668180452195,49.03332160745033],[-118.86675697126962,49.03315165394716],[-118.86660218635043,49.03303721081358],[-118.86653382304601,49.03303832453214],[-118.86648011371733,49.03306618479502],[-118.86634911099836,49.03322123095115],[-118.86631349409826,49.033365751438595],[-118.86627718207316,49.03349229136045],[-118.86626917926529,49.03364535486079],[-118.86624755656122,49.03379863101464],[-118.86623960529151,49.03395170751779],[-118.86621833779958,49.03411398588087],[-118.86619701843705,49.03427625150442],[-118.86617505576459,49.034420549360675],[-118.8661541271583,49.03459180663461],[-118.8661331627692,49.03476307459463],[-118.86609750819814,49.034907606407806],[-118.86603721745523,49.03512448181123],[-118.86599924536772,49.03520606112833],[-118.86586686079146,49.03532516976354],[-118.8656657723446,49.03543635529982],[-118.86545000911151,49.035520827468915],[-118.86520691682479,49.03560572177949],[-118.86504515291993,49.035671299122775],[-118.86501814431436,49.035680734346634],[-118.86485709022311,49.0357643155967],[-118.86483008151505,49.035773750771284],[-118.86453526744,49.035940443231226],[-118.86440355439062,49.0360775075848],[-118.86435457547307,49.036231241051595],[-118.86437432013136,49.0363928645481],[-118.86446207892996,49.036544373786164],[-118.86458950648327,49.036659254831555],[-118.86474399582454,49.0367647134129],[-118.86475799134166,49.036773469194046],[-118.86492579886149,49.036869725862566],[-118.86523435505475,49.03707166092893],[-118.86536248088287,49.037204522062154],[-118.8654489075009,49.03732008190987],[-118.86549327910502,49.03740933840674],[-118.86558339608231,49.03762378982711],[-118.8656438483446,49.03777574479488],[-118.86571760244193,49.037918474562424],[-118.8657773252639,49.03805245925797],[-118.8658510964008,49.03819521248436],[-118.86596523133765,49.038319317697145],[-118.8661340304288,49.038442519717854],[-118.8664829674228,49.03862580383328],[-118.8666514297613,49.03874002630988],[-118.8667792256599,49.03886390760076],[-118.86682563564516,49.03900709413245],[-118.86681702591139,49.03914218204361],[-118.86676805227705,49.039295918471694],[-118.86675808754511,49.03939503390177],[-118.86674573330079,49.039431216914686],[-118.86675177966202,49.03959305222639],[-118.86681223901685,49.03974500756869],[-118.86683128351291,49.03988862819507],[-118.86681031924165,49.04005989965152],[-118.86669261384218,49.040205748214355],[-118.8666252734816,49.04023382192882],[-118.86643514421638,49.04027288921954],[-118.86621634512998,49.040276429701876],[-118.86596848567922,49.040235451515215],[-118.86574699502773,49.04016706887857],[-118.86555251644526,49.04008925023258],[-118.8653299773307,49.03999388337048],[-118.86512214645794,49.03992527633876],[-118.86490135322599,49.0398748729049],[-118.86466751006542,49.03984267071874],[-118.86442134650282,49.03984664016091],[-118.86420424104416,49.039895127626465],[-118.86395973281951,49.03994405802777],[-118.8637422874193,49.039983565643304],[-118.86351079354982,49.04001430387752],[-118.86327862516339,49.04002702647948],[-118.86308619705028,49.040003156740696],[-118.86304513724751,49.040003822602934],[-118.86281063691654,49.039953624250224],[-118.86260281037737,49.03988501181684],[-118.86236766965213,49.03981684417084],[-118.86213213942958,49.03973968430685],[-118.86199338247667,49.03968794105229],[-118.86171549552235,49.03957548573158],[-118.86149266509618,49.039471120821354],[-118.86128349307528,49.03936653298624],[-118.86112935727638,49.03927007009832],[-118.86093354172463,49.03915626975837],[-118.86079345467306,49.03906857565187],[-118.86063900239994,49.038963099284494],[-118.86047185320287,49.03888482604494],[-118.8602623841405,49.03877124684522],[-118.8601219099644,49.03867456025512],[-118.8599254594202,49.038542789951435],[-118.85964558054182,49.038376364998385],[-118.85933869236466,49.03821937306459],[-118.85915755376904,49.038132341159844],[-118.85894908608775,49.03804572977636],[-118.85870122745716,49.03800476730541],[-118.8584697764532,49.03803548267359],[-118.85820163077938,49.03818373437062],[-118.85798919184958,49.03835807011832],[-118.85787046711803,49.03847693662913],[-118.85769702614539,49.038596688588264],[-118.85741353279936,49.03870020888736],[-118.85730512999241,49.038728939410234],[-118.85710203276564,49.03878619107683],[-118.85687188687335,49.03885288596824],[-118.85668312037181,49.038927872591195],[-118.85665642562067,49.03894631841103],[-118.85649601691455,49.03904784439891],[-118.85644397637493,49.039120651256646],[-118.85643567040628,49.039264717132305],[-118.85650937617298,49.039407488698764],[-118.85663682621968,49.039522370854144],[-118.85683094815904,49.039591228415524],[-118.85707847689409,49.03962321707489],[-118.85727026043044,49.03962913046456],[-118.85748840130181,49.039607618544146],[-118.85770620434748,49.03957712729435],[-118.85793800209571,49.039555392415366],[-118.85815683372607,49.039551860084266],[-118.85841764725006,49.03957465504211],[-118.85859946270799,49.03967970388567],[-118.8586338737123,49.039868068487515],[-118.8586252212453,49.04000313268224],[-118.8585758786936,49.04014788659639],[-118.85849950664651,49.04030205071152],[-118.85840947637226,49.04045643690315],[-118.85832012091574,49.040628780842034],[-118.85821639588531,49.04078339965464],[-118.85812670123175,49.04094676474008],[-118.8580510175372,49.04111891014909],[-118.85801602106632,49.041281423579385],[-118.8580186995622,49.04135334615317],[-118.85801105441324,49.04151540515133],[-118.85800241568654,49.04165049352811],[-118.85800811037194,49.04180331780316],[-118.85801378557231,49.041956176160085],[-118.85804684846532,49.042108569451095],[-118.85812090245771,49.04226032021516],[-118.85824902158127,49.0423931933138],[-118.85837715761255,49.04252608972438],[-118.85849259774606,49.04268613207309],[-118.85859336686558,49.042819459624],[-118.85870710332537,49.04293458373353],[-118.8588208760317,49.04304969717833],[-118.85890832641043,49.04319222564244],[-118.85891166281654,49.043282140609946],[-118.85888533977358,49.04330955571975],[-118.85883195002857,49.04334639175257],[-118.85870918574676,49.04335736511278],[-118.85850204071829,49.04330672434298],[-118.85831655824241,49.043245476165836],[-118.85829420458377,49.04323810180531],[-118.85810004377693,49.04316928024945],[-118.85787888812133,49.04310985781475],[-118.85765838880465,49.0430684267931],[-118.85741087485174,49.04303642863149],[-118.85717701978052,49.04300420796529],[-118.85695687527678,49.04297177773101],[-118.85668367735848,49.042985160752075],[-118.85649451887446,49.04305117977244],[-118.8563060861647,49.043135169200156],[-118.85613129174786,49.043218970554946],[-118.85594216695523,49.043284977973535],[-118.85573869243132,49.04333322535459],[-118.85552120554819,49.04337269157046],[-118.85531804770157,49.04342995105256],[-118.85514293251948,49.04350473773963],[-118.85495481256376,49.0435977376532],[-118.85478137762162,49.04371747607084],[-118.85464927112221,49.04384555208749],[-118.85451650944054,49.04395563599747],[-118.85439912274364,49.04411044012144],[-118.85429438338869,49.044238085704215],[-118.85420298500098,49.044356496771805],[-118.85405686275914,49.044475791307185],[-118.8538960897044,49.04456833603958],[-118.8536378991352,49.044617486029765],[-118.85339205922513,49.044630429917675],[-118.85314789903815,49.04468832571275],[-118.85293071974644,49.04473679932453],[-118.85272723468277,49.044785040631254],[-118.85251039092879,49.04484249234774],[-118.85229458820672,49.044926927530234],[-118.85197368341194,49.04513000329231],[-118.85181354036955,49.04524051345834],[-118.85163975327261,49.04535126791963],[-118.85142428246581,49.04544468037428],[-118.85120808647379,49.04552012142263],[-118.85100558470805,49.04559533042561],[-118.85080309830428,49.04567056244367],[-118.85058693564818,49.04574599159001],[-118.8503978067633,49.04581201220492],[-118.85029916705294,49.045835377103096],[-118.85019431354459,49.0458602483764],[-118.84999014786602,49.045890525977505],[-118.84977264225556,49.04592997964443],[-118.84952846946837,49.04598786658407],[-118.84934062608475,49.0460898460944],[-118.8492078950154,49.0461999364738],[-118.84908910696231,49.046318772230286],[-118.84899804116093,49.04644618180528],[-118.84889361523106,49.04658280174347],[-118.84876151726908,49.04671086049912],[-118.84862938287179,49.046838929711335],[-118.8484835878216,49.046967219456825],[-118.84835148738925,49.047095277834416],[-118.84821938614768,49.047223336092216],[-118.84808728409692,49.047351394230176],[-118.8477943992165,49.047572011286576],[-118.84768927942115,49.047690648788496],[-118.84761220199185,49.04782681630978],[-118.8475624961247,49.04796255563865],[-118.84754148449744,49.04813381744116],[-118.84754714182758,49.04828664598721],[-118.84755247979673,49.04843051886987],[-118.84755815329693,49.04858337100134],[-118.84757747117507,49.04873597927517],[-118.84759650540711,49.04887962129106],[-118.84762950017476,49.04903203261039],[-118.847688864912,49.04915702077744],[-118.84777595456659,49.04929058331808],[-118.8478763893959,49.04941491208414],[-118.84800514954149,49.04956579465753],[-118.8480658390706,49.04972673366895],[-118.84807220194446,49.04989756834883],[-118.84804981680395,49.05003286776797],[-118.84801412232237,49.05017739048171],[-118.84797876319263,49.05033089248856],[-118.8479564131471,49.050466181526154],[-118.84801681990665,49.05061815470646],[-118.84810488491071,49.05077866597805],[-118.84817891817177,49.050930429205664],[-118.84825233581189,49.05106418938413],[-118.84832571829187,49.05119796014929],[-118.84842612370834,49.05132229979598],[-118.84849920710795,49.0514470807156],[-118.84855990127001,49.051608020534104],[-118.84860661483397,49.051760225228854],[-118.84864028706458,49.051930596382924],[-118.84867367552974,49.05209200118923],[-118.84872039004871,49.05224420610078],[-118.84878078606263,49.05239615638212],[-118.84886885774529,49.052556668011135],[-118.84898361750714,49.05269876901785],[-118.84908471628964,49.0528410907058],[-118.84919981344825,49.05299217091869],[-118.84928721619052,49.05313472388331],[-118.84938865298605,49.05328602480514],[-118.84947674496998,49.053446559826625],[-118.84957814757647,49.05359787130075],[-118.8496519103636,49.05374061106999],[-118.84973899974584,49.05387415068325],[-118.84983907976563,49.05398951074669],[-118.849939496388,49.0541138501034],[-118.85017898535925,49.054350293195455],[-118.85022178042537,49.05448454755784],[-118.8512636889903,49.056327765088454],[-118.85143050377077,49.05653796462929],[-118.85161981823408,49.05670655000764],[-118.85163591715911,49.05672086015557],[-118.85203696678361,49.05695387175125],[-118.85205830869012,49.05696625896773],[-118.85220571165898,49.05732986020071],[-118.85239168084883,49.058013749933394],[-118.85242092465288,49.0591187629748],[-118.85232399914351,49.05970405877059],[-118.8521334121507,49.060237866679785],[-118.85210221575934,49.060476453415134],[-118.85220562728243,49.06081505497336],[-118.85221000302043,49.06082934912793],[-118.85239882413524,49.0611206619485],[-118.85290961561537,49.061595472662745],[-118.8530311163939,49.06181436757756],[-118.85312230059772,49.06210545235908],[-118.85309830776235,49.06228846989323],[-118.85287250512698,49.062819061037096],[-118.85287201736574,49.063063367741556],[-118.8529786233816,49.06351384564498],[-118.85303876421214,49.06364109908263],[-118.85315977951839,49.06389710864295],[-118.85348653204764,49.064588359157725],[-118.85350972937621,49.06510744717958],[-118.85358460223883,49.065406566062805],[-118.85382630802329,49.06588956061006],[-118.85491920934487,49.06852056528569],[-118.85506743386412,49.06922715781823],[-118.85503901057442,49.06960897170311],[-118.85518151291262,49.070111670373954],[-118.85517189990742,49.0702186613705],[-118.85510174155507,49.07037610773989],[-118.85498310896602,49.07064226611157],[-118.85500700642766,49.07069306513327],[-118.85522643562449,49.07115976569428],[-118.85529062153556,49.071367659016964],[-118.8552551665092,49.071540748548266],[-118.85525201493114,49.07155595256497],[-118.85515541262569,49.07167525549947],[-118.85511897927528,49.07169255471518],[-118.85496121603937,49.071767352121654],[-118.85481829855013,49.07179070737992],[-118.85475691624133,49.07180074780522],[-118.85457691645937,49.07179145686046],[-118.85429033063907,49.071644748374496],[-118.85404550685068,49.071584058320525],[-118.85387442761831,49.07157987349127],[-118.85367812822886,49.07165006024854],[-118.85347941443442,49.07179876267345],[-118.85342558544522,49.07188720821765],[-118.85342362167057,49.07196931294095],[-118.85338548741592,49.07204650210834],[-118.85329082259408,49.0720884137328],[-118.85334790150895,49.072150458094896],[-118.85338028130126,49.07228488665538],[-118.85335875045666,49.07233391269698],[-118.8533045569396,49.07245703766976],[-118.85325482416428,49.07259276883067],[-118.85324683745704,49.07274583217184],[-118.85326887348829,49.07288868856547],[-118.85328067611563,49.07291228472849],[-118.85329983917237,49.07295064388907],[-118.85336242619613,49.07303792743018],[-118.85342893377918,49.07421587299157],[-118.85313566324302,49.07469751790043],[-118.85271949531625,49.07507621631008],[-118.85152237724671,49.07571930296214],[-118.85083783630753,49.0771286997191],[-118.85040176346851,49.07772243253099],[-118.85021021531503,49.07775693267759],[-118.85018191310604,49.077849812696385],[-118.8498978881289,49.07819508806773],[-118.84899733082744,49.07891649417869],[-118.84841037441588,49.07928139240419],[-118.84748094030412,49.08040318152502],[-118.84675678316799,49.080801769037016],[-118.84533612810002,49.08196743723366],[-118.84383918056548,49.08473607048634],[-118.84339228014547,49.08594904323213],[-118.84238523710397,49.087557936773855],[-118.84224249273389,49.08812714558435],[-118.84251420029825,49.089148665381025],[-118.84242866069783,49.08942000344446],[-118.84168165197556,49.090304874283376],[-118.84169184596236,49.09129456668306],[-118.84135775165699,49.09223576874074],[-118.8410609549197,49.09379729752867],[-118.84178171833358,49.09545955575884],[-118.84190894212786,49.097365264594394],[-118.84225393612525,49.09887156244916],[-118.84275614693058,49.09946647649311],[-118.84320286202261,49.100404227015524],[-118.84336343458479,49.10102257932353],[-118.84340651616654,49.102155753336305],[-118.84378822484186,49.10354445069274],[-118.8436800595414,49.10394212963075],[-118.84134904275892,49.10532037949673],[-118.84127786257898,49.1099251017942],[-118.84040162781933,49.11092582127034],[-118.83993528127107,49.11167529804434],[-118.83844424239444,49.11420975104719],[-118.83781904152676,49.1160237602074],[-118.83770396205605,49.12713449046117],[-118.83790273699962,49.154049599793694],[-118.83791241365819,49.1618114136558],[-118.8535535673802,49.16181657082866],[-118.85774882563032,49.161750056285115],[-118.8667123426558,49.16160740425626],[-118.87802358891388,49.161426210046365],[-118.8884924038284,49.16125730225976],[-118.88829401157048,49.17004066392382],[-118.91286870199058,49.16992841501435],[-118.93688838063987,49.16932761795185],[-118.93804572184241,49.169331746139754],[-118.95346318363323,49.1693854075853],[-118.97166022943311,49.16939728815539],[-118.97166301987683,49.16939727628539],[-118.97199690028103,49.16939506804571],[-118.97249958330733,49.169391707306396],[-118.97477668211054,49.169444115229304],[-118.97483215955367,49.169497871766076],[-118.9749460330858,49.16961326829991],[-118.97507385403955,49.16972716666219],[-118.97520350247272,49.16986067960564],[-118.97515957365,49.169926892372466],[-118.97513017614745,49.169971246232244],[-118.97504604008212,49.170098102798065],[-118.97538363198842,49.17039611393253],[-118.97578671372266,49.17066121802951],[-118.97620124730234,49.171060128065314],[-118.97662223526014,49.17157965203481],[-118.9777578416299,49.17298102825518],[-118.97807704780534,49.173323059270146],[-118.9790347400137,49.17434902305722],[-118.9794524374711,49.174811151835875],[-118.97956519081283,49.174935893681045],[-118.97996633058291,49.17537963245798],[-118.9803153362087,49.17589364233241],[-118.98062552769957,49.17664562746788],[-118.98127681730332,49.17879134732146],[-118.98127492190446,49.179212760613275],[-118.98116661622886,49.17960994878792],[-118.9806831354155,49.180584264435645],[-118.98060123471352,49.18116146935917],[-118.9806901390539,49.18169276734284],[-118.98082188136314,49.18203489775129],[-118.9812017634426,49.183021588708186],[-118.98155293698477,49.18393367856363],[-118.98201824162473,49.185034976979615],[-118.98218022079706,49.185418544697484],[-118.9826294374663,49.18648240351521],[-118.98276514852897,49.1866956794781],[-118.98417365495642,49.1880941051707],[-118.98447473681499,49.18839301212212],[-118.98520153918099,49.18915959940579],[-118.98529058232168,49.18928554325116],[-118.9858345403781,49.190054812282334],[-118.98683903002832,49.19208141722996],[-118.9870425238466,49.192409529230304],[-118.98708180512084,49.19247291937849],[-118.98724643288429,49.192738422151066],[-118.98777252699033,49.193421314735446],[-118.98789916719839,49.193535025036375],[-118.98848184434526,49.19405833093005],[-118.99017714959105,49.1952615185326],[-118.99046483398116,49.19552379595661],[-118.99058695293266,49.19563512631253],[-118.99059715144914,49.19564443026002],[-118.99102003912097,49.1962635232675],[-118.99146664649601,49.19728135658068],[-118.99167044891117,49.197609448108466],[-118.99265956779172,49.198638137978676],[-118.99390854298957,49.19975164550239],[-118.99427302616976,49.1999678514245],[-118.9955339384393,49.20071585455984],[-118.99562142343014,49.2007677479999],[-118.99602894990471,49.2010792416669],[-118.996055734325,49.20110792235387],[-118.99683645640671,49.20194325451532],[-118.99737137498573,49.202368865237496],[-118.99793553383405,49.2027347658638],[-118.99898376752557,49.20341455966268],[-118.99965205700444,49.20384795738465],[-118.99994818818469,49.204040011067036],[-119.0006986680668,49.2045266821514],[-119.0020067804986,49.20523318109325],[-119.00507637901931,49.20664599420156],[-119.00609881767198,49.20712291398718],[-119.00650495723116,49.20731239058595],[-119.00735988890085,49.20774608308511],[-119.00768420575362,49.20797069240479],[-119.00803700626908,49.208280388979084],[-119.0084918914494,49.20875309160958],[-119.008872979178,49.20934810224782],[-119.00895129530471,49.20947039989392],[-119.0097091446346,49.21120053965775],[-119.00972288542128,49.21123189333862],[-119.0099282965779,49.21180691315282],[-119.01030588425381,49.21323970484209],[-119.01054028944567,49.213758701345334],[-119.01061124018061,49.21385297544434],[-119.01081238486229,49.21412010726478],[-119.01171078391171,49.21499622086393],[-119.01302449672076,49.21617142983481],[-119.01331081473953,49.21649301657816],[-119.01335991651085,49.21656809790829],[-119.01355937998916,49.21687282344249],[-119.01366398980353,49.217440416879974],[-119.01357873017486,49.21867818874447],[-119.01342422065225,49.22092054832482],[-119.01337754708128,49.221229793672116],[-119.01326518530921,49.221974757920755],[-119.01311216029453,49.222470838436216],[-119.01200582762948,49.22605642373489],[-119.01189371860372,49.226419787451455],[-119.0108793885809,49.22970672706794],[-119.01072095822589,49.23022008741465],[-119.01025109652917,49.23174230716868],[-119.0101256931773,49.23214863455932],[-119.00995746183658,49.23269369446337],[-119.00968826433726,49.23356580302816],[-119.00956897576097,49.23395231528368],[-119.00938847801251,49.23453701210247],[-119.0086533199603,49.23699428296094],[-119.00847305211478,49.23759687343994],[-119.0084557699286,49.23765461430708],[-119.00844422859932,49.23779437007744],[-119.0084225020305,49.238057631482576],[-119.00845949561376,49.23845162406174],[-119.00860049188509,49.23909238133701],[-119.00879058276398,49.23995642412476],[-119.00876250069452,49.24027098450443],[-119.00875069209157,49.24040333576685],[-119.008652467939,49.24077953804996],[-119.00848167901265,49.24115282312052],[-119.00833869443122,49.24136255509842],[-119.0082336908297,49.24151651912918],[-119.00728391866708,49.242526974175064],[-119.00709197161879,49.24273113614677],[-119.00682708413888,49.24307934698588],[-119.00663016403473,49.24344274775256],[-119.00651429664534,49.24379103345996],[-119.00556949037602,49.24662974338556],[-119.00531968267752,49.247214970320144],[-119.0050598973263,49.247673058052364],[-119.00427862807842,49.249050705543844],[-119.00417383491748,49.24923547093116],[-119.0039634233586,49.24960648936416],[-119.00354130174232,49.250350772508284],[-119.00338567549646,49.250969171845256],[-119.00344510804895,49.251382935230374],[-119.00347707966894,49.251605586097156],[-119.00388276157346,49.252460677011115],[-119.00423654711572,49.25320627689896],[-119.00470487969133,49.254193297334595],[-119.00492315571887,49.254506359766864],[-119.00531456833428,49.25506778489944],[-119.00556657864406,49.25535682881105],[-119.00586118961665,49.25569477800791],[-119.007174702274,49.256812973509724],[-119.0078233461646,49.257302750555574],[-119.01098650371804,49.259690871151406],[-119.01255388200317,49.260874081886996],[-119.01261174583503,49.26091909558227],[-119.01285213039989,49.26110609801105],[-119.01672972394381,49.264122393261545],[-119.01755740619221,49.26496289152959],[-119.01777370175914,49.265284482879935],[-119.01789490216736,49.265468684781375],[-119.01799101170293,49.265818593033444],[-119.01794146694753,49.26658492054237],[-119.01791972770772,49.26692179559173],[-119.01799373374313,49.2674646913982],[-119.01828912507051,49.26813050289153],[-119.0185707818184,49.26849833455432],[-119.01858062852304,49.26851119664401],[-119.01899053748222,49.269279188774014],[-119.01902914013084,49.26935149504282],[-119.01943681302785,49.27129339877034],[-119.01943562663979,49.27133610244343],[-119.01942692522752,49.27165178715656],[-119.01936392721352,49.27182228218612],[-119.01875240353692,49.27282988514184],[-119.01872436328226,49.272919428352075],[-119.01864071599061,49.273186193573395],[-119.01862983316434,49.273368186561285],[-119.01871771828827,49.27372748102293],[-119.01875087668242,49.27378437359737],[-119.01902234143965,49.27425010189039],[-119.0197708154594,49.27521868241742],[-119.01994810451801,49.27544810910286],[-119.01995963266529,49.275463014340126],[-119.0203324480238,49.2757629982638],[-119.02047638474347,49.27585133893631],[-119.02076424374098,49.27602799631783],[-119.02181572752458,49.276392699464644],[-119.02324172557589,49.27664431226502],[-119.02376772676823,49.27676980351788],[-119.02446004201968,49.27706509545317],[-119.02465595831895,49.27721170519685],[-119.02493181912469,49.277531591580505],[-119.02549661908645,49.27898349239208],[-119.02554339671576,49.279119006623766],[-119.02561105155628,49.27931515693584],[-119.02576600207347,49.27976413961454],[-119.02596186771514,49.280331877407086],[-119.02604319644277,49.28056755642944],[-119.02616488820699,49.280920204756455],[-119.02618030839616,49.280964919510446],[-119.02642513578041,49.281674394924245],[-119.02669453574808,49.283108990556336],[-119.02671528018419,49.28323861046074],[-119.02675237094122,49.28347022628168],[-119.02683000526416,49.2839550636152],[-119.02691318630355,49.284474700759404],[-119.0271257639412,49.285802416985014],[-119.02714298723048,49.2859098325621],[-119.02719764291172,49.28625133724853],[-119.02734564122291,49.28717532718769],[-119.02735572323004,49.28723844488494],[-119.0274563350426,49.28786677472919],[-119.0275054368978,49.28817340133393],[-119.0276465934822,49.28858156166644],[-119.02773994643874,49.288851509963855],[-119.0279513648349,49.28923678203063],[-119.02835486555102,49.28997200040568],[-119.02850626103674,49.290569601215964],[-119.02848077378664,49.29103191687531],[-119.02831534741547,49.29148781865095],[-119.02802833803138,49.29192681166779],[-119.02739275446716,49.292627212717235],[-119.02705825516333,49.293097512502186],[-119.02684145495763,49.29380240498911],[-119.02682295056485,49.29416300949662],[-119.02691193914818,49.294689618446924],[-119.02742693157488,49.29644571788033],[-119.0277417428173,49.297166791539745],[-119.02775724656333,49.29720230262934],[-119.02781260987184,49.29726424021779],[-119.02822143844362,49.29772162019719],[-119.02863097872795,49.29802662533586],[-119.02977024128356,49.29866381859158],[-119.0321372480995,49.299989660962616],[-119.0338754516705,49.30096322626888],[-119.03429598920053,49.30125981672633],[-119.03464616818239,49.301601708302144],[-119.03472721193208,49.301716845217506],[-119.03491228045792,49.301979700262315],[-119.0351078860234,49.302374101482656],[-119.03516149655628,49.3024822294741],[-119.03565976733641,49.30348672045521],[-119.03582954566063,49.30377241426358],[-119.03596265609723,49.30399642479068],[-119.0360148320814,49.30405151470338],[-119.03625915698935,49.30430951078956],[-119.03669858789398,49.304667432693805],[-119.03689163591797,49.304824687299316],[-119.03703286248658,49.30493971735928],[-119.03738555938148,49.30522703545581],[-119.03768677394201,49.305582806464685],[-119.03790435658962,49.30595321392684],[-119.03804977637377,49.3065368176083],[-119.037961557397,49.307416922572614],[-119.03794546126477,49.307577313128974],[-119.03799587740212,49.30799471368124],[-119.03896592919804,49.31024118306183],[-119.03938201367906,49.31120460712307],[-119.0398670590016,49.31232781712542],[-119.04001277558001,49.31284542503445],[-119.04001877310569,49.31340193588537],[-119.039830459111,49.31396402691083],[-119.0392104196683,49.31525306438048],[-119.03767036624593,49.31845420165673],[-119.03764116232392,49.31851494899639],[-119.03704103513606,49.319821484970454],[-119.03627412504856,49.32149099665485],[-119.03603197804962,49.32201813349645],[-119.03599138989219,49.32219211780847],[-119.03585918575018,49.32275905982439],[-119.03578576008866,49.323073832892995],[-119.03579068436241,49.32393953461071],[-119.0359022643387,49.32457344508372],[-119.03603794544614,49.32498373319704],[-119.03624817185175,49.325421527629395],[-119.03642416702307,49.325788058192224],[-119.03679167344991,49.32655344433595],[-119.03707955410924,49.32709551679282],[-119.038118524068,49.32905169039413],[-119.03857718497243,49.329915207529865],[-119.03988728963303,49.332381537897014],[-119.04025880739269,49.33292274810984],[-119.04074677560352,49.33341543661973],[-119.04308249128944,49.33547154229615],[-119.04299066863729,49.33560394843226],[-119.04232642841559,49.33627743264456],[-119.04196277066443,49.34129709427235],[-119.04132133329374,49.34259137708104],[-119.04006789083643,49.34376182042263],[-119.03832099042997,49.3465666463434],[-119.03654776142412,49.3499409196012],[-119.0357954143728,49.35174298976362],[-119.0339389634439,49.35510973181764],[-119.03334715969781,49.35725195126389],[-119.03332168878428,49.35996223874998],[-119.03364497594792,49.362847062550536],[-119.03369086975987,49.36617934113498],[-119.03270693386074,49.37176101443126],[-119.03280637660116,49.373457415133544],[-119.03326984887569,49.37486740222017],[-119.03384969493086,49.37549893947892],[-119.0345225031097,49.37561489180032],[-119.03709927524014,49.375261827765264],[-119.03945836144474,49.375964865640235],[-119.04106816883386,49.37631883997252],[-119.04549471518453,49.37970427243299],[-119.04650374293955,49.380058340515234],[-119.04812308389063,49.379962041252234],[-119.04872731922106,49.379746278698036],[-119.04951293432221,49.378075308448935],[-119.04994100823359,49.377629076239906],[-119.05063535390107,49.37730420120241],[-119.05208201977726,49.377318407030955],[-119.05368638519865,49.37790656222619],[-119.05511655357158,49.37859658475899],[-119.05551061976284,49.379447851498334],[-119.05545349508418,49.38092119252898],[-119.05558909507997,49.381876260043605],[-119.05580123705741,49.382959819584016],[-119.05577001916441,49.38352214811029],[-119.05560421626654,49.383579940284825],[-119.05604443455385,49.38511259596575],[-119.05865128948359,49.38814991857888],[-119.05942547086406,49.389912488225654],[-119.05998498270479,49.39269337126391],[-119.06095169858771,49.3959293326017],[-119.06062186184064,49.39752084106983],[-119.0596652750799,49.39960447554678],[-119.05835958200525,49.40372389704299],[-119.05789427453033,49.40621494659005],[-119.05762373392253,49.40655535672956],[-119.05708515238798,49.41260845681622],[-119.05672311868759,49.41470801784958],[-119.05633981486226,49.41566645530788],[-119.05578001229806,49.41672357526546],[-119.05539691712293,49.418117970641816],[-119.0554529388814,49.41901222689377],[-119.0564449095626,49.419915807110804],[-119.05712524891487,49.420144188860114],[-119.05994853542116,49.42016599418527],[-119.06114980312783,49.42005979031383],[-119.06329838453968,49.41968162857858],[-119.06520357528251,49.41907419619473],[-119.06759645258576,49.41864576209416],[-119.06810802513645,49.41876087161349],[-119.0686115646897,49.41943196009606],[-119.06883988886734,49.420108226127255],[-119.06888474754054,49.42150406024233],[-119.0695651813791,49.42173235661302],[-119.07231463575542,49.421305376489634],[-119.07281446628419,49.42147455871226],[-119.07332456207298,49.42193048911109],[-119.07355476916355,49.42266042820155],[-119.07326852888072,49.4261840166215],[-119.07383458344738,49.42707778278296],[-119.07381680676204,49.42781222976042],[-119.07327762076685,49.42864519018999],[-119.07324752238868,49.429424618456586],[-119.07392244473104,49.4298772794628],[-119.0754687006757,49.42921400774847],[-119.07667905500173,49.4289994028208],[-119.07717897964467,49.42916854408994],[-119.07760468980385,49.429563403776086],[-119.07808851082527,49.43046765448279],[-119.0785083260053,49.43069229576335],[-119.07894452773661,49.43063807731121],[-119.07929296401618,49.43018860053077],[-119.07931195749313,49.42843468338246],[-119.07983078952188,49.42781927618116],[-119.08061920135603,49.42737899740911],[-119.08197603775923,49.42738629333201],[-119.0822293277777,49.42756047378853],[-119.08220298640863,49.428447293786306],[-119.08191471926476,49.42934765857271],[-119.08198993073256,49.42996405202568],[-119.08239104659705,49.4308609262459],[-119.08210521076903,49.43141205715361],[-119.08131328198016,49.43213274758626],[-119.0812852986548,49.432974784634105],[-119.0815397195274,49.43314855852898],[-119.07844785817855,49.4333290140716],[-119.07838996104155,49.44403661470202],[-119.06991314122972,49.44380610476646],[-119.07100763919313,49.45077164116747],[-119.07571231459863,49.450649699231306],[-119.07605640867996,49.44835243029566],[-119.07608897843778,49.448180097751376],[-119.07610922094955,49.44807288680462],[-119.07622035441459,49.44748458723904],[-119.0762464213981,49.447346627438435],[-119.07628632352322,49.44726505024951],[-119.07655153626702,49.44695664307406],[-119.07656391542994,49.44694897523961],[-119.07747333719743,49.446387338953954],[-119.07781878736809,49.44615702842498],[-119.07840119631402,49.445768732462135],[-119.0784348406811,49.44598784544094],[-119.07856276508346,49.446317456086106],[-119.07861151338858,49.44644304602819],[-119.07964420369264,49.447892344063035],[-119.08013383129764,49.44847703730205],[-119.08014304740098,49.44848643064658],[-119.08069471108884,49.44904815719262],[-119.08151153371185,49.44972244251745],[-119.0822422322232,49.45025105200208],[-119.08335460452037,49.45094811085068],[-119.08356287150461,49.4510786287978],[-119.08584342453456,49.45518262689881],[-119.08594360748293,49.45550266557455],[-119.08611819884212,49.45589332660903],[-119.08735520816735,49.45866135587823],[-119.08800272528264,49.460110182553755],[-119.08822322855524,49.460938875685805],[-119.08840375228563,49.46256049612562],[-119.08823194496905,49.46462128550368],[-119.08815803650981,49.465508199040855],[-119.08821264385381,49.4661779094013],[-119.0885219355495,49.466821517730715],[-119.08933404357302,49.46779821054948],[-119.08959362916727,49.4682008070268],[-119.08981035196658,49.4688339020966],[-119.08981672349302,49.46888151012011],[-119.08991480706182,49.46961533709157],[-119.08997615526101,49.47007401977742],[-119.09021795627342,49.470631805800615],[-119.09030198641747,49.47071191071698],[-119.09071005395758,49.47110080976583],[-119.09138475292268,49.471470322242844],[-119.09192063738845,49.47163831223725],[-119.0942749442098,49.47207802609916],[-119.09449415699366,49.47215824590934],[-119.0950120399599,49.47234784429321],[-119.09504064564632,49.4723583198722],[-119.09545386243857,49.47262421709504],[-119.09563041632211,49.47278572084786],[-119.09579497121777,49.47293622411767],[-119.09585391934071,49.47301829984468],[-119.09594514045935,49.47314534790562],[-119.0960425720657,49.473281016199024],[-119.09617166443779,49.473658106921455],[-119.09620163219635,49.473812676948064],[-119.09632405390606,49.474443524115955],[-119.09663925963193,49.47497441674447],[-119.09674394131396,49.47506835489103],[-119.09705578477624,49.47534813688318],[-119.09904866020126,49.476925322915605],[-119.09944206347456,49.47742502393726],[-119.09961356248623,49.477878405106836],[-119.09991547513113,49.478676534513795],[-119.10027804677212,49.479276421487334],[-119.10029847567725,49.47931023566262],[-119.1008172647627,49.47994443942491],[-119.10315809004912,49.48210604488005],[-119.10493339429757,49.483776224206636],[-119.10639988679196,49.48515576005828],[-119.10757437676781,49.48622405512102],[-119.10793246624469,49.48656109156566],[-119.10900841196778,49.487573857226444],[-119.10942436776706,49.48796535154926],[-119.11015350582812,49.48850084711068],[-119.1103310283363,49.4886044209109],[-119.11069648278962,49.488817554356],[-119.1147946515285,49.49074329206489],[-119.11481291081404,49.490751865896456],[-119.11536563850443,49.49106861102064],[-119.11589539680615,49.491372156568374],[-119.11595494435478,49.49141006871305],[-119.11632518720158,49.491645796902354],[-119.1166382735844,49.49184522180455],[-119.11767652110092,49.49250249717931],[-119.11880419250473,49.493067635362074],[-119.11906255397915,49.49319715401001],[-119.11990841377117,49.493620648374815],[-119.12012023760708,49.49372671912296],[-119.1206177316681,49.49397577193139],[-119.12137931884067,49.49441655692488],[-119.12176790732697,49.494694759238605],[-119.12193901588662,49.49481727352098],[-119.12205076411094,49.494897575664005],[-119.12220862352169,49.49501104434086],[-119.12235945454262,49.49511944540843],[-119.12251852483628,49.495233770620644],[-119.12271841152241,49.4953886386961],[-119.12311721933993,49.49569767214015],[-119.12345658117412,49.496028724233156],[-119.12384669802427,49.49640927583879],[-119.1238808606487,49.49647780361334],[-119.12393879141204,49.49659415468421],[-119.12394364354479,49.496603859807394],[-119.12398852446387,49.496693986333135],[-119.12407352772739,49.49702477998913],[-119.12407040408101,49.49722794721962],[-119.12406843485617,49.49735626534287],[-119.12404652358578,49.497651385402726],[-119.12388740464647,49.49809899211458],[-119.12383601648766,49.498243571471534],[-119.122953044197,49.49998862658664],[-119.12268014473324,49.50052789084035],[-119.12239406105921,49.50109340196726],[-119.12224558213188,49.50138755093959],[-119.12182981412569,49.5022115920041],[-119.12169092199831,49.50248689913374],[-119.12035201054589,49.505132509131435],[-119.11997463238522,49.50587807628559],[-119.11977841920447,49.50626578774259],[-119.1196509055183,49.506500238325906],[-119.11954891714217,49.506687820088175],[-119.11927027864019,49.5071510087275],[-119.11900141689465,49.50746564377794],[-119.11883014657937,49.50758704426084],[-119.1184244786642,49.507874595650755],[-119.11818899085392,49.50798436372236],[-119.11767916665642,49.508130052064004],[-119.11698444516628,49.50825126964834],[-119.11340809609578,49.50861679974317],[-119.11256015305243,49.50875176507867],[-119.112049218304,49.50889551060734],[-119.11182726140171,49.508998008044244],[-119.11145310845194,49.509265249148406],[-119.11100129506659,49.50974541183814],[-119.11051093431624,49.510649775741804],[-119.1101798605042,49.512212410394234],[-119.11008590741245,49.512404399549226],[-119.10977779737004,49.512795194418814],[-119.10938800201555,49.513111151667516],[-119.10807622550676,49.51397827642438],[-119.10660971845371,49.514947640406724],[-119.10621591822536,49.51520791992827],[-119.10521424400254,49.515719944427985],[-119.10435575183314,49.51601688577937],[-119.10064138831505,49.516906004650664],[-119.0997299006283,49.517124163638435],[-119.09807471486772,49.51760079557934],[-119.09742977984263,49.517850752709585],[-119.09702416620473,49.518040014002636],[-119.09473684149363,49.5190963995747],[-119.09294899360002,49.52016518501282],[-119.09292373238655,49.5201802992259],[-119.09087529575204,49.52170381773444],[-119.09056928193132,49.5220051992766],[-119.08981190609366,49.52312295553488],[-119.0890181829375,49.52383613106718],[-119.08854807729347,49.52438014427225],[-119.088255717354,49.524886875864176],[-119.08776594476139,49.52573585545962],[-119.08746962974622,49.52608302722756],[-119.0871079401369,49.52639441014476],[-119.08665895708789,49.526677614681],[-119.0848121124953,49.52757662796236],[-119.08384358373229,49.52816001342597],[-119.08374290235103,49.528220656089495],[-119.08279612399328,49.52904429706663],[-119.08243897719247,49.529354977700045],[-119.08126469307682,49.53003294728308],[-119.08098216263141,49.53027886283629],[-119.08011784520646,49.531367114749685],[-119.07966883763682,49.53227553505246],[-119.07966306254423,49.53228720762502],[-119.07878326069134,49.53348747881111],[-119.0782989283465,49.53432452088322],[-119.0776889470743,49.535378663251876],[-119.07762059585173,49.53549677771596],[-119.07749600810929,49.53570810798494],[-119.07645356204871,49.53747636136268],[-119.07526333023056,49.53949516002139],[-119.07502613043106,49.53989750454151],[-119.07392530859435,49.54176443584176],[-119.07387249359088,49.54186721269163],[-119.07353269098316,49.54252843822267],[-119.07338477140908,49.542892263925026],[-119.07329017257733,49.543124928470206],[-119.07309529817326,49.5439395547582],[-119.07300350812024,49.544539341271374],[-119.07298829852178,49.545975648436205],[-119.07313780162315,49.54745100730715],[-119.0734100690991,49.55013814229137],[-119.0732406852078,49.55097704811597],[-119.07286769076423,49.55177573737809],[-119.07191318604838,49.55302544851778],[-119.07070476937143,49.55437239130937],[-119.06998969482039,49.555169458316705],[-119.06921718635087,49.55578174042165],[-119.06911394823429,49.555843134061455],[-119.06736457646488,49.55688355849977],[-119.06670045512725,49.55732914297907],[-119.0661657779941,49.557837342440116],[-119.06578997200398,49.55841247824451],[-119.06566405726213,49.558605154265855],[-119.06551649003588,49.55893925453592],[-119.06481394350094,49.56021854376485],[-119.06397127793466,49.56124934321486],[-119.06353986290553,49.56129421808049],[-119.06333655399423,49.56131535599249],[-119.06327336435903,49.56132231736592],[-119.05861207207069,49.562732134096194],[-119.05563269351236,49.563756400822726],[-119.0549241720205,49.56414922898993],[-119.0548187088064,49.56431374936825],[-119.0550318615139,49.56492419823627],[-119.05496464371112,49.56541310091289],[-119.05446359354976,49.566614440063695],[-119.0538747143797,49.56725761084552],[-119.05226668318382,49.568543156989],[-119.05149116844034,49.569009472156054],[-119.04985952030381,49.56963703223292],[-119.04553546228777,49.57231991468758],[-119.04251058719265,49.57482392517083],[-119.04169492334371,49.57659088414373],[-119.04058960547516,49.5779840056102],[-119.03901989830459,49.5808665597164],[-119.03783064381813,49.584374235269195],[-119.0360319993416,49.58662902135132],[-119.03548008402574,49.58714501057822],[-119.03325781556282,49.588000394301915],[-119.03115609882065,49.589114847360904],[-119.03018864019546,49.58929640123494],[-119.02924635116412,49.58908163737525],[-119.02902446536856,49.589104111067606],[-119.02876986671954,49.589379725820244],[-119.02874863335298,49.59045491102996],[-119.02864332582686,49.59062840191778],[-119.0264119594746,49.59201590081491],[-119.02556247487583,49.59237523364736],[-119.02419897931763,49.59293250818805],[-119.02101924408224,49.59513673577284],[-119.02035803679087,49.59572586820226],[-119.0194994057898,49.597093968757605],[-119.01872924385528,49.597856379998284],[-119.01775936763352,49.59843317859631],[-119.01705676225978,49.599059112848686],[-119.01656355790293,49.599672184116926],[-119.01546228671702,49.60163979092501],[-119.01491471947234,49.60235300397973],[-119.01316597022024,49.60398072646414],[-119.0128250531828,49.60451888009267],[-119.01242310264517,49.60571643281223],[-119.01176944026274,49.606819275339724],[-119.0112198929514,49.60844332751048],[-119.00914964521297,49.61096032795083],[-119.00762283252756,49.612502770857645],[-119.00560644428103,49.6134143562859],[-119.00512224308916,49.61374776410767],[-119.00408378036877,49.61527225162381],[-119.00347862864488,49.61589632174819],[-119.00252107173168,49.61641872099526],[-119.00084862797716,49.61703554693147],[-118.99891157490767,49.617489771330234],[-118.99604662534229,49.61837413982706],[-118.99413861786184,49.6193806239896],[-118.99259064579546,49.62044294361972],[-118.98700903148291,49.624942122142336],[-118.98529031959269,49.625890296412585],[-118.98379647981308,49.626445395934816],[-118.9826495730188,49.62711963718598],[-118.98162963436296,49.62824374077151],[-118.97957212104154,49.62987685223388],[-118.97905390279526,49.63061110558991],[-118.97836731089676,49.6326437008434],[-118.97753182428353,49.63377332157255],[-118.97526245776584,49.63568192925284],[-118.97387152819888,49.63771836820264],[-118.97316908743893,49.63765101618028],[-118.97309666379526,49.63962754356499],[-118.97291753389327,49.6400725511607],[-118.97229221719417,49.6404625049487],[-118.97090049018455,49.64045268526896],[-118.97020888680063,49.640555631134355],[-118.97019446179047,49.64095272298877],[-118.97061473320242,49.641522943997266],[-118.97154429563966,49.64203997958317],[-118.97204384423662,49.64250072047625],[-118.97219910880936,49.643003284403356],[-118.97199746578947,49.644016864953684],[-118.97154054657445,49.644863667656765],[-118.96973926334216,49.646987694216776],[-118.96813670870067,49.648431985205505],[-118.96591475965249,49.65004966909614],[-118.9634459642701,49.651374529597824],[-118.9614257106879,49.65203331359062],[-118.9602215965881,49.65185800598603],[-118.95650790061389,49.65058777364105],[-118.95391595483902,49.65016836402834],[-118.9516583480774,49.65009337534576],[-118.9484330494137,49.650180256528614],[-118.94590288048319,49.6506051833974],[-118.94362783332957,49.65115135625667],[-118.94117887981369,49.65152055335759],[-118.93602389271169,49.652821835560864],[-118.93417414402053,49.653594205520285],[-118.93337163536259,49.65409524898842],[-118.93299721003999,49.65494046277715],[-118.93304315493901,49.65634667407905],[-118.93373586173118,49.65889673229492],[-118.934812176559,49.66048461445333],[-118.93487401345641,49.661105916842175],[-118.93403873102199,49.66312239651042],[-118.93409237121854,49.66391520004874],[-118.93469030021058,49.664428753202984],[-118.93621421417308,49.66535140035365],[-118.93686878314934,49.66631476114969],[-118.93710625415811,49.66722174634933],[-118.93691463841047,49.667721067980644],[-118.93565844357708,49.66878015201706],[-118.93130321579686,49.66919331288195],[-118.92990743289214,49.66946193254027],[-118.92892759207294,49.67007433706891],[-118.92821117591687,49.67107867225468],[-118.92653160879318,49.67196497757084],[-118.92590113481927,49.6726341732468],[-118.92533935471924,49.67369896534266],[-118.92462098571565,49.674649219404856],[-118.92372841416554,49.675377265257524],[-118.92080200390946,49.677204878119156],[-118.9200855992227,49.67821827040248],[-118.9195188795117,49.679562678301515],[-118.91935988974302,49.681928407651085],[-118.91897470381588,49.68288191951966],[-118.9166298011656,49.68589825600347],[-118.91623793398081,49.687077322747854],[-118.91615389051496,49.689622195693104],[-118.91543937670257,49.69282704714408],[-118.91347149409506,49.6946645832775],[-118.91228175341378,49.695759823688874],[-118.90938573901337,49.696328403862616],[-118.90725176209457,49.69690688302489],[-118.90194827403471,49.6988271955553],[-118.90032319696846,49.69924777033998],[-118.89887571227042,49.699397213126396],[-118.89434092402225,49.699450783736594],[-118.89540730830895,49.700575548562256],[-118.89636732791168,49.70300355967238],[-118.8968111465824,49.70792332936187],[-118.89791066748774,49.71215817099135],[-118.9011000889786,49.71799716990599],[-118.89800155502286,49.72703568111786],[-118.89919988915565,49.73087244042997],[-118.90258961612254,49.73887095076908],[-118.90472952673505,49.744033447520934],[-118.90842064860385,49.745599194859075],[-118.91418684314094,49.74698688531962],[-118.92097818392926,49.746840609093674],[-118.92096920271675,49.75030263753298],[-118.92096565735605,49.75164947079121],[-118.92054478514409,49.75990499646306],[-118.91801155797738,49.762495940295466],[-118.91596249937565,49.7646983812514],[-118.91008244526596,49.7662979315568],[-118.90710943949394,49.76987969339717],[-118.89243521900364,49.771341635962145],[-118.88603936532364,49.77247403106596],[-118.883476734844,49.775564718441636],[-118.88291327558305,49.77745428797555],[-118.86895043850252,49.78966897386333],[-118.86270020789092,49.79870241780908],[-118.8602701828856,49.806557220885146],[-118.8610704654286,49.81057450196811],[-118.86114346770113,49.8108612700211],[-118.86138039183525,49.81132534707809],[-118.86183058652868,49.81184904326205],[-118.86206000085357,49.81193535376703],[-118.86249448284397,49.81218035362916],[-118.86323860011727,49.812429419008176],[-118.86360832970472,49.812504526900085],[-118.86386463230009,49.81260748782508],[-118.83641092835596,49.812654187152546],[-118.77507112345839,49.81273079724897],[-118.76093102304631,49.81274301378355]],[[-118.6836956643053,49.0959382485214],[-118.68363938463884,49.089006218248684],[-118.68366941082402,49.08496805408777],[-118.68365091626382,49.08462483558548],[-118.68363182085007,49.08442008940307],[-118.68348537110303,49.08294560071326],[-118.68348697726687,49.08288496550732],[-118.68348959304025,49.08278668511905],[-118.68352273683905,49.0815356033822],[-118.6835382322419,49.08095065833558],[-118.68354745781622,49.080602011270194],[-118.68355678462733,49.0802506872247],[-118.68341688750726,49.08015248446191],[-118.68364270863313,49.07994799867427],[-118.68353404805002,49.07978778326355],[-118.6834770739704,49.0797037086851],[-118.68341607801193,49.07961380591578],[-118.68319681874105,49.0796143841458],[-118.67791958384844,49.07962898542575],[-118.67669468405356,49.07970218908709],[-118.67325433769082,49.07983688489253],[-118.67336381581923,49.082944797698595],[-118.67353595355989,49.08816227895837],[-118.67354046916296,49.08830019386465],[-118.67314732344128,49.08988768203749],[-118.67306248186947,49.09026736509232],[-118.67304632938897,49.09128269162651],[-118.67305924029503,49.09227180571837],[-118.67422649252329,49.095263693855976],[-118.67324373832132,49.0962219160175],[-118.67311814655137,49.09706294786376],[-118.67310730819773,49.09716147768933],[-118.67300741777545,49.098201818441495],[-118.67298369717315,49.09885615261607],[-118.6731831014376,49.10021997607944],[-118.67311475257841,49.104699886622],[-118.67308945127921,49.10632657168583],[-118.67304695375655,49.108403383058324],[-118.67304975200668,49.108521703103634],[-118.67317553193374,49.108521750354825],[-118.6737853281345,49.1085220299008],[-118.67796389481596,49.10843801620329],[-118.67817057680735,49.108321823669584],[-118.6783231013149,49.10823607990253],[-118.67848890851432,49.10823385704037],[-118.68090448690393,49.108201539983554],[-118.68358422483088,49.10816557497792],[-118.68381501223142,49.103988465380255],[-118.68379797466764,49.10273338942526],[-118.68369356211979,49.096102349911156],[-118.6836956643053,49.0959382485214]]]]}},{"type":"Feature","properties":{"DGUID":"2021S051259350022","DAUID":"59350022","LANDAREA":14.0053,"PRUID":"59","fed_num":"59016","da_code":"59350022","geo_name":"59350022","name_source":{"label":"Statistics Canada Census Profile 2021 DA WDS","url":"https://www12.statcan.gc.ca/wds-sdw/2021profile-profil2021-eng.cfm"},"population":1266,"status":"ok","source":{"label":"Statistics Canada Census Profile 2021 DA WDS","url":"https://www12.statcan.gc.ca/wds-sdw/2021profile-profil2021-eng.cfm"},"community_name":"Kelowna","community_source":{"label":"Statistics Canada 2021 census subdivision boundaries (spatial lookup)","url":"https://geo.statcan.gc.ca/geo_wa/rest/services/2021/Cartographic_boundary_files/MapServer/9"},"community_display":"Kelowna","is_unorganized":false,"panel_title":"Kelowna","display_label":"Kelowna","map_label":"59350022"},"geometry":{"type":"MultiPolygon","coordinates":[[[[-119.4629010965607,50.00435870354019],[-119.44646933308253,50.00553574543375],[-119.44640263533834,50.00593926278518],[-119.440832398912,50.00577542302374],[-119.44016780462921,50.005761529765074],[-119.43804602606183,50.005717090839674],[-119.43794596153602,50.005714521139105],[-119.43628398693396,50.005730948622755],[-119.42378962035802,50.00585359558237],[-119.4197246706123,50.005842185416846],[-119.42050170404117,50.004896584802495],[-119.42058578667819,50.00477899511035],[-119.42180264945,50.0030773349841],[-119.42203244936363,50.00275596508349],[-119.42203831205327,50.002747797014834],[-119.42235226477223,50.002203188912446],[-119.42253978514965,50.00163300570879],[-119.4226588889388,50.00107128741712],[-119.42295238166155,50.00054260348362],[-119.42338704019004,50.000017737288786],[-119.42352939666121,49.99984589308459],[-119.42383637636212,49.999543802005455],[-119.4242512668168,49.99925507291435],[-119.42497337618674,49.998752493752264],[-119.42524120762441,49.998449794413304],[-119.42540074309679,49.99815506786363],[-119.4254991741821,49.99797319069985],[-119.4255906640864,49.997630998856835],[-119.42559860605012,49.99726579483483],[-119.42546292402861,49.99667865086094],[-119.4252926958869,49.995941785569535],[-119.42526991022828,49.9957945778753],[-119.42512528828188,49.99486088127504],[-119.4247340816652,49.993041379592],[-119.42451537380623,49.991763300330106],[-119.42441465494801,49.991587492490154],[-119.42420616400629,49.9906657065899],[-119.4241162476309,49.990504888161624],[-119.42405047382526,49.990387237042405],[-119.42401917303962,49.990331205401745],[-119.42361326113488,49.98986438769443],[-119.42247602258026,49.98901101033485],[-119.42212258631999,49.9887457782383],[-119.42196929344904,49.98863073477923],[-119.42127714349901,49.98811130662466],[-119.42103793546299,49.987779999001916],[-119.42092915306051,49.98741860607948],[-119.42097735008116,49.98705579696435],[-119.42105523685707,49.98687539678053],[-119.42184214986008,49.98567478904268],[-119.42257192873761,49.98382816367855],[-119.42333937180821,49.98188595199821],[-119.42340293500969,49.98172510214885],[-119.42342653612486,49.9809425612631],[-119.42345282221454,49.98007121793134],[-119.42340843173181,49.97992310940315],[-119.42348121500727,49.97920600925146],[-119.42364803363273,49.9785749977262],[-119.42365190877044,49.978563757550134],[-119.42393673996658,49.9777390072183],[-119.42396695570301,49.97752989939034],[-119.4239798566421,49.97744066150602],[-119.42401242969675,49.97721531228592],[-119.42391585068462,49.97686640258627],[-119.42355868386915,49.97601514392708],[-119.42333053657475,49.97547130445855],[-119.42329914045874,49.97512630472309],[-119.42338824315222,49.974221951849444],[-119.4234042989238,49.97405899802219],[-119.42325390463571,49.97273529739008],[-119.42336668923895,49.972178588136494],[-119.42371741850776,49.97044701989024],[-119.42373898881524,49.97035974224113],[-119.42411776276441,49.96882853106293],[-119.42467762303025,49.96658019037323],[-119.4248610197437,49.965843710424686],[-119.42488668953101,49.96530762554627],[-119.42489791588197,49.96507390833829],[-119.42480603372414,49.964508505857545],[-119.42462550723175,49.96396489717898],[-119.42432990439156,49.96341438392284],[-119.42400520461659,49.96294910670032],[-119.42377670247906,49.9626217218241],[-119.42357920596514,49.96205091718878],[-119.42358622705825,49.960433816347134],[-119.42359137289324,49.95924335122537],[-119.42351104890881,49.95878160394703],[-119.42332331948464,49.95773638676623],[-119.42331010594829,49.95757751646627],[-119.42327632117363,49.95717011255929],[-119.42345635445486,49.95662107482026],[-119.4235441441982,49.95649236575491],[-119.42450916491948,49.955077036781724],[-119.42504013807297,49.95408405084559],[-119.4252891832733,49.95347259624416],[-119.42531115977863,49.95341857354261],[-119.42592308731957,49.95156749316444],[-119.42620532125916,49.950713666725655],[-119.42628997340938,49.949098960434874],[-119.4263114823362,49.94868829373703],[-119.42644197359743,49.94822027033549],[-119.42646050333005,49.948189260660854],[-119.42660132675543,49.947953621700094],[-119.42669098411785,49.94780361280828],[-119.42732548044137,49.94687751543897],[-119.42792252811826,49.94600598982865],[-119.42816446806492,49.94565281542598],[-119.42923780411319,49.944085932964484],[-119.42982260153086,49.94323223981125],[-119.4301778508466,49.94271362485906],[-119.43039697924914,49.942393636312644],[-119.43046240733231,49.94229814692148],[-119.43118549180923,49.941242431422545],[-119.43332125609987,49.94647187968832],[-119.43727374659075,49.94610034216408],[-119.45282631364122,49.9475181443127],[-119.45291223209114,49.94755633289506],[-119.4539258693732,49.94797385096833],[-119.45905465373194,49.94984388614142],[-119.46283131382026,49.951220624600595],[-119.46490930690393,49.95195793448506],[-119.480338134771,49.957720114051575],[-119.47998515206991,49.960353027339124],[-119.47998400733725,49.96036124102821],[-119.47979359900111,49.96178137764144],[-119.47955091650087,49.963031903688794],[-119.4793057266064,49.964295086546116],[-119.47898992242207,49.966716450428706],[-119.47428351093096,49.97336556616302],[-119.47047580001404,49.980714688930604],[-119.46739611399882,49.98952904729298],[-119.46551085608587,49.993787493134455],[-119.4640071526123,49.9981353297418],[-119.46386247524642,49.9989493422826],[-119.4629010965607,50.00435870354019]]]]}},{"type":"Feature","properties":{"DGUID":"2021S051259350023","DAUID":"59350023","LANDAREA":2.4501,"PRUID":"59","fed_num":"59016","da_code":"59350023","geo_name":"59350023","name_source":{"label":"Statistics Canada Census Profile 2021 DA WDS","url":"https://www12.statcan.gc.ca/wds-sdw/2021profile-profil2021-eng.cfm"},"population":1815,"status":"ok","source":{"label":"Statistics Canada Census Profile 2021 DA WDS","url":"https://www12.statcan.gc.ca/wds-sdw/2021profile-profil2021-eng.cfm"},"community_name":"Kelowna","community_source":{"label":"Statistics Canada 2021 census subdivision boundaries (spatial lookup)","url":"https://geo.statcan.gc.ca/geo_wa/rest/services/2021/Cartographic_boundary_files/MapServer/9"},"community_display":"Kelowna","is_unorganized":false,"panel_title":"Kelowna","display_label":"Kelowna","map_label":"59350023"},"geometry":{"type":"MultiPolygon","coordinates":[[[[-119.4322110832342,49.93963505106953],[-119.43257103523302,49.938782822478096],[-119.4326540232744,49.938543216668805],[-119.43294573576371,49.93770074094308],[-119.43313954418967,49.93714109685192],[-119.43330532535224,49.936662310369165],[-119.43363168850789,49.93571972357235],[-119.43366866230735,49.93561292969624],[-119.43375375339464,49.935367069612205],[-119.43376296763665,49.93534051476397],[-119.43389604107138,49.93495613974098],[-119.43394171638815,49.93482416527749],[-119.43414801912057,49.93423411325575],[-119.43427444322379,49.933872515038374],[-119.43433597436074,49.93369649270417],[-119.43470039919043,49.932654049893564],[-119.43511945509853,49.931455337495805],[-119.43520306114584,49.93126027868549],[-119.43551973457586,49.93052127560204],[-119.43569187966365,49.93027786677819],[-119.43589434573558,49.92998935435252],[-119.4361048052873,49.929760175198105],[-119.43636204168264,49.929480123586316],[-119.43680617236593,49.92911688184934],[-119.43753883123954,49.92851762954301],[-119.43783800892308,49.92827290058465],[-119.43958465973574,49.929226539818366],[-119.43977240432567,49.92932434116303],[-119.44011212061827,49.929501346874126],[-119.44114205392403,49.930037860874215],[-119.44169692075376,49.93048235199366],[-119.44187318256435,49.930623522165874],[-119.44224586913107,49.930998035939915],[-119.4423462991595,49.93114894146679],[-119.44247933735343,49.93134887475983],[-119.44260444573798,49.931665198364755],[-119.44266979408188,49.932066445606246],[-119.44273487104596,49.93314039665034],[-119.44273723855619,49.934679234744884],[-119.44275196559921,49.934923926944236],[-119.44275248927273,49.93493300244119],[-119.4430247044457,49.9359868613159],[-119.44300808270583,49.93615740755197],[-119.4434589531307,49.936012380002666],[-119.44506002335022,49.93470464195603],[-119.44577274895109,49.93241130793916],[-119.44642225811914,49.92941905792052],[-119.44673366742137,49.9286591197569],[-119.44734282527878,49.92639427650096],[-119.44760402941017,49.92411603615121],[-119.45150489827644,49.92434073290838],[-119.45177156992581,49.92842320968647],[-119.45034025952774,49.931131629818154],[-119.45291223209114,49.94755633289506],[-119.45282631364122,49.9475181443127],[-119.43727374659075,49.94610034216408],[-119.43332125609987,49.94647187968832],[-119.43118549180923,49.941242431422545],[-119.4321633402461,49.939748013758724],[-119.4322110832342,49.93963505106953]]]]}},{"type":"Feature","properties":{"DGUID":"2021S051259350024","DAUID":"59350024","LANDAREA":0.0894,"PRUID":"59","fed_num":"59016","da_code":"59350024","geo_name":"59350024","name_source":{"label":"Statistics Canada Census Profile 2021 DA WDS","url":"https://www12.statcan.gc.ca/wds-sdw/2021profile-profil2021-eng.cfm"},"population":374,"status":"ok","source":{"label":"Statistics Canada Census Profile 2021 DA WDS","url":"https://www12.statcan.gc.ca/wds-sdw/2021profile-profil2021-eng.cfm"},"community_name":"Kelowna","community_source":{"label":"Statistics Canada 2021 census subdivision boundaries (spatial lookup)","url":"https://geo.statcan.gc.ca/geo_wa/rest/services/2021/Cartographic_boundary_files/MapServer/9"},"community_display":"Kelowna","is_unorganized":false,"panel_title":"Kelowna","display_label":"Kelowna","map_label":"59350024"},"geometry":{"type":"MultiPolygon","coordinates":[[[[-119.44010513268245,49.928894745455494],[-119.43999699497444,49.9289171717371],[-119.43958465973574,49.929226539818366],[-119.43783800892308,49.92827290058465],[-119.4371651669328,49.927913338761776],[-119.43684748701982,49.92774358071357],[-119.43683673483379,49.92773778897864],[-119.43777453331907,49.9269552159262],[-119.43781612195328,49.926889929746544],[-119.43777534077785,49.926755719057056],[-119.4374056184944,49.92653570240187],[-119.43735831649151,49.92644621706551],[-119.43745142035239,49.92628561035337],[-119.43803252941427,49.92582382316365],[-119.43862831900064,49.926135039789834],[-119.43893073016451,49.92628773616083],[-119.43928744687621,49.92660803966151],[-119.43964896851176,49.926787753980555],[-119.44022942739191,49.92709804016882],[-119.44183959447503,49.92793474233824],[-119.44244941771012,49.92825161898144],[-119.44319131384025,49.92861949833209],[-119.44338154861636,49.928713823236315],[-119.44202544745988,49.9298217009388],[-119.44196775485376,49.92986882281302],[-119.44169020917678,49.929717725390525],[-119.44058154865627,49.929114072962285],[-119.44027441145087,49.92894684905882],[-119.44021034790929,49.928911936576384],[-119.44010513268245,49.928894745455494]]]]}},{"type":"Feature","properties":{"DGUID":"2021S051259350025","DAUID":"59350025","LANDAREA":0.1241,"PRUID":"59","fed_num":"59016","da_code":"59350025","geo_name":"59350025","name_source":{"label":"Statistics Canada Census Profile 2021 DA WDS","url":"https://www12.statcan.gc.ca/wds-sdw/2021profile-profil2021-eng.cfm"},"population":377,"status":"ok","source":{"label":"Statistics Canada Census Profile 2021 DA WDS","url":"https://www12.statcan.gc.ca/wds-sdw/2021profile-profil2021-eng.cfm"},"community_name":"Kelowna","community_source":{"label":"Statistics Canada 2021 census subdivision boundaries (spatial lookup)","url":"https://geo.statcan.gc.ca/geo_wa/rest/services/2021/Cartographic_boundary_files/MapServer/9"},"community_display":"Kelowna","is_unorganized":false,"panel_title":"Kelowna","display_label":"Kelowna","map_label":"59350025"},"geometry":{"type":"MultiPolygon","coordinates":[[[[-119.44271036354644,49.926520452060814],[-119.44269932097012,49.926514747620516],[-119.44241439735458,49.926726354593534],[-119.44204793057119,49.926998516008425],[-119.44195122512936,49.92703871996507],[-119.44179723422478,49.92700062974494],[-119.44110673800277,49.926648526703886],[-119.44097132131884,49.92660792481733],[-119.44080903532364,49.92666681547576],[-119.44022942739191,49.92709804016882],[-119.43964896851176,49.926787753980555],[-119.43928744687621,49.92660803966151],[-119.43893073016451,49.92628773616083],[-119.43862831900064,49.926135039789834],[-119.43891912893544,49.92585363311488],[-119.43904049162589,49.92578774386126],[-119.44048838783449,49.92414264311103],[-119.44090221134564,49.923783703202126],[-119.44127483179749,49.923964064359104],[-119.44152294143491,49.924037651102346],[-119.44197742443627,49.92408660286713],[-119.44298741362422,49.92419143451631],[-119.4433000394948,49.92428331662659],[-119.44403481343447,49.923763925472734],[-119.44422953957859,49.92362573672607],[-119.44428421641707,49.923605900987795],[-119.44480930702936,49.923415724726055],[-119.4454907408306,49.923169439827376],[-119.44567163043155,49.92304932905073],[-119.44588160503564,49.92318310463439],[-119.44598932605498,49.923251717611016],[-119.44647021166938,49.92345753692402],[-119.44656685213249,49.92356352037473],[-119.44651841840759,49.92414312973725],[-119.44605034402048,49.92508390923687],[-119.44589522705306,49.92509272029042],[-119.4445142223498,49.924776935793865],[-119.4442436214623,49.92474262804932],[-119.44388364418913,49.924766220660764],[-119.44392091880727,49.92481814013428],[-119.44395553997309,49.925258130824595],[-119.44392525359282,49.92540082956824],[-119.44382832322474,49.92583113792941],[-119.44359703829141,49.92630222402804],[-119.44314044323843,49.92674432006604],[-119.44271036354644,49.926520452060814]]]]}},{"type":"Feature","properties":{"DGUID":"2021S051259350026","DAUID":"59350026","LANDAREA":0.4093,"PRUID":"59","fed_num":"59016","da_code":"59350026","geo_name":"59350026","name_source":{"label":"Statistics Canada Census Profile 2021 DA WDS","url":"https://www12.statcan.gc.ca/wds-sdw/2021profile-profil2021-eng.cfm"},"population":792,"status":"ok","source":{"label":"Statistics Canada Census Profile 2021 DA WDS","url":"https://www12.statcan.gc.ca/wds-sdw/2021profile-profil2021-eng.cfm"},"community_name":"Kelowna","community_source":{"label":"Statistics Canada 2021 census subdivision boundaries (spatial lookup)","url":"https://geo.statcan.gc.ca/geo_wa/rest/services/2021/Cartographic_boundary_files/MapServer/9"},"community_display":"Kelowna","is_unorganized":false,"panel_title":"Kelowna","display_label":"Kelowna","map_label":"59350026"},"geometry":{"type":"MultiPolygon","coordinates":[[[[-119.44169692075376,49.93048235199366],[-119.44114205392403,49.930037860874215],[-119.44011212061827,49.929501346874126],[-119.43977240432567,49.92932434116303],[-119.43958465973574,49.929226539818366],[-119.43999699497444,49.9289171717371],[-119.44010513268245,49.928894745455494],[-119.44021034790929,49.928911936576384],[-119.44027441145087,49.92894684905882],[-119.44058154865627,49.929114072962285],[-119.44169020917678,49.929717725390525],[-119.44196775485376,49.92986882281302],[-119.44202544745988,49.9298217009388],[-119.44338154861636,49.928713823236315],[-119.44319131384025,49.92861949833209],[-119.44244941771012,49.92825161898144],[-119.44183959447503,49.92793474233824],[-119.44022942739191,49.92709804016882],[-119.44080903532364,49.92666681547576],[-119.44097132131884,49.92660792481733],[-119.44110673800277,49.926648526703886],[-119.44179723422478,49.92700062974494],[-119.44195122512936,49.92703871996507],[-119.44204793057119,49.926998516008425],[-119.44241439735458,49.926726354593534],[-119.44269932097012,49.926514747620516],[-119.44271036354644,49.926520452060814],[-119.44314044323843,49.92674432006604],[-119.44359703829141,49.92630222402804],[-119.44382832322474,49.92583113792941],[-119.44392525359282,49.92540082956824],[-119.44395553997309,49.925258130824595],[-119.44392091880727,49.92481814013428],[-119.44388364418913,49.924766220660764],[-119.4442436214623,49.92474262804932],[-119.4445142223498,49.924776935793865],[-119.44589522705306,49.92509272029042],[-119.44605034402048,49.92508390923687],[-119.44651841840759,49.92414312973725],[-119.44656685213249,49.92356352037473],[-119.44647021166938,49.92345753692402],[-119.44598932605498,49.923251717611016],[-119.44588160503564,49.92318310463439],[-119.44567163043155,49.92304932905073],[-119.44585451028027,49.922924816442865],[-119.44611001791452,49.922655740182634],[-119.44613763086673,49.92258061976447],[-119.44636732437193,49.92198492504348],[-119.4465185102241,49.92149731679292],[-119.44668750759597,49.920978108641805],[-119.4466987173195,49.92094373895618],[-119.44688130346296,49.920598030619246],[-119.44713980165741,49.92027842913173],[-119.44807642731696,49.91928803353491],[-119.44835951413474,49.91899163854787],[-119.4495165045677,49.91744013628604],[-119.44950542179733,49.91734192786457],[-119.4503389299821,49.917583768615835],[-119.45018871335552,49.91786223551449],[-119.4498340278167,49.91848799580954],[-119.44830883427619,49.920953916534955],[-119.44811748352473,49.92171493108044],[-119.44805175187427,49.921976399932525],[-119.44800896639227,49.92214661543597],[-119.44779950033066,49.92297962789447],[-119.44760402941017,49.92411603615121],[-119.44734282527878,49.92639427650096],[-119.44673366742137,49.9286591197569],[-119.44642225811914,49.92941905792052],[-119.44577274895109,49.93241130793916],[-119.44506002335022,49.93470464195603],[-119.4434589531307,49.936012380002666],[-119.44300808270583,49.93615740755197],[-119.4430247044457,49.9359868613159],[-119.44275248927273,49.93493300244119],[-119.44275196559921,49.934923926944236],[-119.44273723855619,49.934679234744884],[-119.44273487104596,49.93314039665034],[-119.44266979408188,49.932066445606246],[-119.44260444573798,49.931665198364755],[-119.44247933735343,49.93134887475983],[-119.4423462991595,49.93114894146679],[-119.44224586913107,49.930998035939915],[-119.44187318256435,49.930623522165874],[-119.44169692075376,49.93048235199366]]]]}},{"type":"Feature","properties":{"DGUID":"2021S051259350027","DAUID":"59350027","LANDAREA":0.1145,"PRUID":"59","fed_num":"59016","da_code":"59350027","geo_name":"59350027","name_source":{"label":"Statistics Canada Census Profile 2021 DA WDS","url":"https://www12.statcan.gc.ca/wds-sdw/2021profile-profil2021-eng.cfm"},"population":415,"status":"ok","source":{"label":"Statistics Canada Census Profile 2021 DA WDS","url":"https://www12.statcan.gc.ca/wds-sdw/2021profile-profil2021-eng.cfm"},"community_name":"Kelowna","community_source":{"label":"Statistics Canada 2021 census subdivision boundaries (spatial lookup)","url":"https://geo.statcan.gc.ca/geo_wa/rest/services/2021/Cartographic_boundary_files/MapServer/9"},"community_display":"Kelowna","is_unorganized":false,"panel_title":"Kelowna","display_label":"Kelowna","map_label":"59350027"},"geometry":{"type":"MultiPolygon","coordinates":[[[[-119.44223598411286,49.92296974407982],[-119.44254874645468,49.921602374793615],[-119.44327512076885,49.921675716795846],[-119.4434807252509,49.92090783660233],[-119.44375822611921,49.92038811295525],[-119.44394772784518,49.92015933815549],[-119.44518743107145,49.92038713400793],[-119.44542340448851,49.92037962911903],[-119.44552303949463,49.92033862650378],[-119.44581052197704,49.919924214504334],[-119.44680102592673,49.918900036968395],[-119.44807642731696,49.91928803353491],[-119.44713980165741,49.92027842913173],[-119.44688130346296,49.920598030619246],[-119.4466987173195,49.92094373895618],[-119.44668750759597,49.920978108641805],[-119.4465185102241,49.92149731679292],[-119.44636732437193,49.92198492504348],[-119.44613763086673,49.92258061976447],[-119.44611001791452,49.922655740182634],[-119.44585451028027,49.922924816442865],[-119.44567163043155,49.92304932905073],[-119.4454907408306,49.923169439827376],[-119.44480930702936,49.923415724726055],[-119.44428421641707,49.923605900987795],[-119.44422953957859,49.92362573672607],[-119.44403481343447,49.923763925472734],[-119.4433000394948,49.92428331662659],[-119.44298741362422,49.92419143451631],[-119.44197742443627,49.92408660286713],[-119.4420844341983,49.923624375163584],[-119.44223598411286,49.92296974407982]]]]}},{"type":"Feature","properties":{"DGUID":"2021S051259350028","DAUID":"59350028","LANDAREA":0.1211,"PRUID":"59","fed_num":"59016","da_code":"59350028","geo_name":"59350028","name_source":{"label":"Statistics Canada Census Profile 2021 DA WDS","url":"https://www12.statcan.gc.ca/wds-sdw/2021profile-profil2021-eng.cfm"},"population":272,"status":"ok","source":{"label":"Statistics Canada Census Profile 2021 DA WDS","url":"https://www12.statcan.gc.ca/wds-sdw/2021profile-profil2021-eng.cfm"},"community_name":"Kelowna","community_source":{"label":"Statistics Canada 2021 census subdivision boundaries (spatial lookup)","url":"https://geo.statcan.gc.ca/geo_wa/rest/services/2021/Cartographic_boundary_files/MapServer/9"},"community_display":"Kelowna","is_unorganized":false,"panel_title":"Kelowna","display_label":"Kelowna","map_label":"59350028"},"geometry":{"type":"MultiPolygon","coordinates":[[[[-119.44265551979781,49.92069491771824],[-119.44291666117826,49.92025999131718],[-119.4431775985956,49.919776069383424],[-119.44322444575393,49.919732128628496],[-119.44336375614864,49.919601412576064],[-119.4437466114923,49.919169185913454],[-119.44390298704784,49.918992635086006],[-119.44421613447103,49.91854278044224],[-119.44443696989039,49.91822550114429],[-119.4460343146941,49.915936427557995],[-119.446428963734,49.91606031357141],[-119.4472173779138,49.916577145221794],[-119.44738040032888,49.91665915662869],[-119.44831455767887,49.916949939394954],[-119.4493743289054,49.917261818757694],[-119.44950542179733,49.91734192786457],[-119.4495165045677,49.91744013628604],[-119.44835951413474,49.91899163854787],[-119.44807642731696,49.91928803353491],[-119.44680102592673,49.918900036968395],[-119.44581052197704,49.919924214504334],[-119.44552303949463,49.92033862650378],[-119.44542340448851,49.92037962911903],[-119.44518743107145,49.92038713400793],[-119.44394772784518,49.92015933815549],[-119.44375822611921,49.92038811295525],[-119.4434807252509,49.92090783660233],[-119.44327512076885,49.921675716795846],[-119.44254874645468,49.921602374793615],[-119.44272686192532,49.920782271094325],[-119.44265551979781,49.92069491771824]]]]}},{"type":"Feature","properties":{"DGUID":"2021S051259350029","DAUID":"59350029","LANDAREA":0.4986,"PRUID":"59","fed_num":"59016","da_code":"59350029","geo_name":"59350029","name_source":{"label":"Statistics Canada Census Profile 2021 DA WDS","url":"https://www12.statcan.gc.ca/wds-sdw/2021profile-profil2021-eng.cfm"},"population":1859,"status":"ok","source":{"label":"Statistics Canada Census Profile 2021 DA WDS","url":"https://www12.statcan.gc.ca/wds-sdw/2021profile-profil2021-eng.cfm"},"community_name":"Kelowna","community_source":{"label":"Statistics Canada 2021 census subdivision boundaries (spatial lookup)","url":"https://geo.statcan.gc.ca/geo_wa/rest/services/2021/Cartographic_boundary_files/MapServer/9"},"community_display":"Kelowna","is_unorganized":false,"panel_title":"Kelowna","display_label":"Kelowna","map_label":"59350029"},"geometry":{"type":"MultiPolygon","coordinates":[[[[-119.44021614164502,49.914441440738386],[-119.440469966839,49.91432936026329],[-119.4428129561336,49.915021696363745],[-119.44349131322359,49.91521419368579],[-119.44385407905774,49.915317138147955],[-119.44441493492873,49.91547567693025],[-119.44495703853764,49.915628912339265],[-119.44512695825865,49.915676936044434],[-119.44524602003196,49.915710593965805],[-119.44559566088716,49.91580944830298],[-119.44588959911108,49.91589251594011],[-119.4460343146941,49.915936427557995],[-119.44443696989039,49.91822550114429],[-119.44421613447103,49.91854278044224],[-119.44390298704784,49.918992635086006],[-119.4437466114923,49.919169185913454],[-119.44336375614864,49.919601412576064],[-119.44322444575393,49.919732128628496],[-119.4431775985956,49.919776069383424],[-119.44291666117826,49.92025999131718],[-119.44265551979781,49.92069491771824],[-119.44272686192532,49.920782271094325],[-119.44254874645468,49.921602374793615],[-119.44223598411286,49.92296974407982],[-119.4420844341983,49.923624375163584],[-119.44197742443627,49.92408660286713],[-119.44152294143491,49.924037651102346],[-119.44127483179749,49.923964064359104],[-119.44090221134564,49.923783703202126],[-119.4391917355958,49.92289096229936],[-119.43906981234355,49.92282491376045],[-119.43894314126301,49.922762613088196],[-119.43840461592454,49.92248156856405],[-119.43785547646016,49.92219540129439],[-119.43749462527923,49.92200734550854],[-119.43703293283663,49.921766738514805],[-119.4353186574756,49.9208739861181],[-119.4340663961104,49.92022179923917],[-119.43440590187721,49.919709401250294],[-119.43531643702906,49.91858031150003],[-119.43572691847415,49.918071235273544],[-119.43603915005072,49.917551522730285],[-119.43648947495244,49.91680200299554],[-119.43665008695973,49.91653462284574],[-119.43709700989895,49.9161686162516],[-119.43734032151632,49.916044978003164],[-119.43748170845684,49.91597312930374],[-119.43858564383643,49.915523949154114],[-119.43892241101032,49.91538691679773],[-119.43920356385279,49.91521384439628],[-119.43927518994856,49.91516974306752],[-119.43959458328825,49.91489906372555],[-119.43987722627519,49.9146595328688],[-119.44021614164502,49.914441440738386]]]]}},{"type":"Feature","properties":{"DGUID":"2021S051259350030","DAUID":"59350030","LANDAREA":0.2896,"PRUID":"59","fed_num":"59016","da_code":"59350030","geo_name":"59350030","name_source":{"label":"Statistics Canada Census Profile 2021 DA WDS","url":"https://www12.statcan.gc.ca/wds-sdw/2021profile-profil2021-eng.cfm"},"population":1123,"status":"ok","source":{"label":"Statistics Canada Census Profile 2021 DA WDS","url":"https://www12.statcan.gc.ca/wds-sdw/2021profile-profil2021-eng.cfm"},"community_name":"Kelowna","community_source":{"label":"Statistics Canada 2021 census subdivision boundaries (spatial lookup)","url":"https://geo.statcan.gc.ca/geo_wa/rest/services/2021/Cartographic_boundary_files/MapServer/9"},"community_display":"Kelowna","is_unorganized":false,"panel_title":"Kelowna","display_label":"Kelowna","map_label":"59350030"},"geometry":{"type":"MultiPolygon","coordinates":[[[[-119.43528839748102,49.92696292086478],[-119.43403496801368,49.92634237070641],[-119.4334826631921,49.926069895959294],[-119.43321883330327,49.925940287582335],[-119.43208964682995,49.92536879246647],[-119.43125330111297,49.92494556198413],[-119.43103683090398,49.92483603072371],[-119.43077089272083,49.92470142708842],[-119.43068172787467,49.92437910787485],[-119.43080561360564,49.92412110191444],[-119.43118594571254,49.92385948512402],[-119.43163444237838,49.92362527637761],[-119.43167441938247,49.923604387370624],[-119.43303413782685,49.92319392993674],[-119.43338892792852,49.922944331760526],[-119.43341662101,49.9229133644576],[-119.43395916523777,49.92230586015579],[-119.4340263838537,49.922193411186576],[-119.43403839911589,49.922173347723],[-119.43410813515901,49.92185425331236],[-119.43406900729043,49.921290102381136],[-119.43401636012446,49.92053032019597],[-119.4340663961104,49.92022179923917],[-119.4353186574756,49.9208739861181],[-119.43703293283663,49.921766738514805],[-119.43749462527923,49.92200734550854],[-119.43785547646016,49.92219540129439],[-119.43840461592454,49.92248156856405],[-119.43894314126301,49.922762613088196],[-119.43906981234355,49.92282491376045],[-119.4391917355958,49.92289096229936],[-119.44090221134564,49.923783703202126],[-119.44048838783449,49.92414264311103],[-119.43904049162589,49.92578774386126],[-119.43891912893544,49.92585363311488],[-119.43862831900064,49.926135039789834],[-119.43803252941427,49.92582382316365],[-119.43745142035239,49.92628561035337],[-119.43735831649151,49.92644621706551],[-119.4374056184944,49.92653570240187],[-119.43777534077785,49.926755719057056],[-119.43781612195328,49.926889929746544],[-119.43777453331907,49.9269552159262],[-119.43683673483379,49.92773778897864],[-119.43549793542088,49.92707102770041],[-119.43540656234251,49.9270239076975],[-119.43540544589415,49.927023332317766],[-119.43539342730605,49.927017123591234],[-119.43529082293463,49.92696415611692],[-119.43528839748102,49.92696292086478]]]]}},{"type":"Feature","properties":{"DGUID":"2021S051259350031","DAUID":"59350031","LANDAREA":6.0465,"PRUID":"59","fed_num":"59016","da_code":"59350031","geo_name":"59350031","name_source":{"label":"Statistics Canada Census Profile 2021 DA WDS","url":"https://www12.statcan.gc.ca/wds-sdw/2021profile-profil2021-eng.cfm"},"population":823,"status":"ok","source":{"label":"Statistics Canada Census Profile 2021 DA WDS","url":"https://www12.statcan.gc.ca/wds-sdw/2021profile-profil2021-eng.cfm"},"community_name":"Kelowna","community_source":{"label":"Statistics Canada 2021 census subdivision boundaries (spatial lookup)","url":"https://geo.statcan.gc.ca/geo_wa/rest/services/2021/Cartographic_boundary_files/MapServer/9"},"community_display":"Kelowna","is_unorganized":false,"panel_title":"Kelowna","display_label":"Kelowna","map_label":"59350031"},"geometry":{"type":"MultiPolygon","coordinates":[[[[-119.41781781087555,49.964283746301795],[-119.41742620670453,49.964345202766744],[-119.41623995237177,49.96489548787779],[-119.41450477749935,49.965132579596066],[-119.41248928749731,49.96337673941531],[-119.4122625726243,49.96332875658235],[-119.41287350687804,49.962897713243535],[-119.41359206732162,49.962509034252975],[-119.41348132846514,49.96115038929091],[-119.4136817487943,49.96070441955037],[-119.41434478912328,49.95996867358292],[-119.41482972002039,49.95968269153823],[-119.41429854331079,49.95796114351949],[-119.41414294403755,49.957010350914445],[-119.41413001138369,49.95608428973],[-119.41374224830219,49.954322101745035],[-119.41244151821819,49.9526266281968],[-119.41227908782962,49.952122162294614],[-119.41223147731232,49.950370510229796],[-119.41175702923707,49.95003590054003],[-119.41149868306849,49.94984457874279],[-119.41043957853904,49.949176172502675],[-119.41021045651699,49.94878136152457],[-119.40977745891813,49.945406364465455],[-119.40929988944255,49.9422640275802],[-119.40917867160054,49.94015084188613],[-119.41161646945292,49.93885466733259],[-119.41276591009913,49.936827015569826],[-119.41141000004214,49.93441343741948],[-119.4115680213086,49.93438502588848],[-119.41259155140192,49.93393284370738],[-119.41300572246683,49.933234828939895],[-119.41304467875277,49.933169129839904],[-119.41307237744998,49.93310608040426],[-119.41340951508569,49.932337644369625],[-119.41342990834596,49.93229111683565],[-119.41347792105593,49.93218167682308],[-119.41381860780618,49.93140513495552],[-119.41386281347205,49.931358316126925],[-119.41396219293125,49.93125302686618],[-119.41418960560863,49.931131221576734],[-119.41464729134815,49.931032445863615],[-119.414636094499,49.93075184616862],[-119.41482409488083,49.93058835318811],[-119.41491290475304,49.93051112340745],[-119.41530291457825,49.93027838726055],[-119.41600619817585,49.92985867430777],[-119.41630117862525,49.92968264021055],[-119.41634373998446,49.9296361111761],[-119.41650061624362,49.92946443661669],[-119.41664312500922,49.929253115353],[-119.41707863332569,49.928607337082234],[-119.41754529102896,49.92791533518892],[-119.41760821196756,49.92768553855199],[-119.41761337476423,49.927666644829536],[-119.4175687938379,49.92741384437858],[-119.41699103145557,49.926290630500674],[-119.41692020177724,49.92615293479381],[-119.41680677654514,49.925765938720275],[-119.41693027223437,49.92537603372197],[-119.41725767972562,49.92502644121862],[-119.41808181155913,49.92444303733011],[-119.41986547456649,49.923741230160346],[-119.41972349111383,49.923436544967174],[-119.41962862330244,49.92305792529082],[-119.4194980999782,49.92253704691844],[-119.41947759655496,49.92143954647531],[-119.41950119769693,49.92091724033528],[-119.41955089339494,49.92064285525928],[-119.41958521749767,49.92045343165092],[-119.41968316042642,49.91991296093054],[-119.41985364146633,49.91897200564397],[-119.41985888478793,49.918943034191166],[-119.41990137042276,49.91860823784232],[-119.41996066459878,49.918140936194945],[-119.4199767811353,49.917347465512634],[-119.41997968791492,49.91720562189623],[-119.41996624177284,49.916834990122034],[-119.41993885230444,49.91608007467107],[-119.41993276444101,49.91591234794716],[-119.41997773450153,49.91567055863348],[-119.42002679272115,49.915406845309484],[-119.42016376128814,49.915135139572975],[-119.42034027138635,49.91490089764454],[-119.42037136615066,49.914859633706634],[-119.4213440297321,49.91376933229085],[-119.42250136805556,49.91247194157448],[-119.42269147986113,49.91232714764908],[-119.4230860768082,49.91217932425827],[-119.42489197455888,49.91349175368033],[-119.42509896843323,49.91370463899778],[-119.42520776996331,49.913967644527844],[-119.42524918142689,49.914223942056545],[-119.42523156646898,49.915577429391924],[-119.42530215008216,49.915960031497015],[-119.42603198782983,49.917124634162995],[-119.42635348126721,49.91757103325968],[-119.42653875928754,49.91776013803541],[-119.42678159569648,49.91791833262891],[-119.42709676306308,49.918060033920725],[-119.42819956396893,49.918441528363736],[-119.4286064663086,49.918548128209174],[-119.42925329464262,49.918591518548766],[-119.430545495817,49.91855182281475],[-119.4311156844423,49.91867012977802],[-119.43138729645231,49.9187850163123],[-119.43146891343756,49.91881953894286],[-119.43275106467779,49.919511737912465],[-119.43383337758328,49.92009603694453],[-119.4340663961104,49.92022179923917],[-119.43401636012446,49.92053032019597],[-119.43406900729043,49.921290102381136],[-119.43410813515901,49.92185425331236],[-119.43403839911589,49.922173347723],[-119.4340263838537,49.922193411186576],[-119.43395916523777,49.92230586015579],[-119.43341662101,49.9229133644576],[-119.43338892792852,49.922944331760526],[-119.43303413782685,49.92319392993674],[-119.43167441938247,49.923604387370624],[-119.43163444237838,49.92362527637761],[-119.43118594571254,49.92385948512402],[-119.43080561360564,49.92412110191444],[-119.43068172787467,49.92437910787485],[-119.43077089272083,49.92470142708842],[-119.43103683090398,49.92483603072371],[-119.43125330111297,49.92494556198413],[-119.43208964682995,49.92536879246647],[-119.43321883330327,49.925940287582335],[-119.4334826631921,49.926069895959294],[-119.43403496801368,49.92634237070641],[-119.43528839748102,49.92696292086478],[-119.43529082293463,49.92696415611692],[-119.43539342730605,49.927017123591234],[-119.43540544589415,49.927023332317766],[-119.43540656234251,49.9270239076975],[-119.43549793542088,49.92707102770041],[-119.43683673483379,49.92773778897864],[-119.43684748701982,49.92774358071357],[-119.4371651669328,49.927913338761776],[-119.43783800892308,49.92827290058465],[-119.43753883123954,49.92851762954301],[-119.43680617236593,49.92911688184934],[-119.43636204168264,49.929480123586316],[-119.4361048052873,49.929760175198105],[-119.43589434573558,49.92998935435252],[-119.43569187966365,49.93027786677819],[-119.43551973457586,49.93052127560204],[-119.43520306114584,49.93126027868549],[-119.43511945509853,49.931455337495805],[-119.43470039919043,49.932654049893564],[-119.43433597436074,49.93369649270417],[-119.43427444322379,49.933872515038374],[-119.43414801912057,49.93423411325575],[-119.43394171638815,49.93482416527749],[-119.43389604107138,49.93495613974098],[-119.43376296763665,49.93534051476397],[-119.43375375339464,49.935367069612205],[-119.43366866230735,49.93561292969624],[-119.43363168850789,49.93571972357235],[-119.43330532535224,49.936662310369165],[-119.43313954418967,49.93714109685192],[-119.43294573576371,49.93770074094308],[-119.4326540232744,49.938543216668805],[-119.43257103523302,49.938782822478096],[-119.4322110832342,49.93963505106953],[-119.4321633402461,49.939748013758724],[-119.43118549180923,49.941242431422545],[-119.43046240733231,49.94229814692148],[-119.43039697924914,49.942393636312644],[-119.4301778508466,49.94271362485906],[-119.42982260153086,49.94323223981125],[-119.42923780411319,49.944085932964484],[-119.42816446806492,49.94565281542598],[-119.42792252811826,49.94600598982865],[-119.42732548044137,49.94687751543897],[-119.42669098411785,49.94780361280828],[-119.42660132675543,49.947953621700094],[-119.42646050333005,49.948189260660854],[-119.42644197359743,49.94822027033549],[-119.4263114823362,49.94868829373703],[-119.42628997340938,49.949098960434874],[-119.42620532125916,49.950713666725655],[-119.42592308731957,49.95156749316444],[-119.42531115977863,49.95341857354261],[-119.4252891832733,49.95347259624416],[-119.42504013807297,49.95408405084559],[-119.42450916491948,49.955077036781724],[-119.4235441441982,49.95649236575491],[-119.42345635445486,49.95662107482026],[-119.42327632117363,49.95717011255929],[-119.42331010594829,49.95757751646627],[-119.42332331948464,49.95773638676623],[-119.42351104890881,49.95878160394703],[-119.42359137289324,49.95924335122537],[-119.42358622705825,49.960433816347134],[-119.42357920596514,49.96205091718878],[-119.42377670247906,49.9626217218241],[-119.42400520461659,49.96294910670032],[-119.4229688370359,49.9630842731281],[-119.42091625712027,49.963544970317884],[-119.41781781087555,49.964283746301795]]]]}},{"type":"Feature","properties":{"DGUID":"2021S051259350032","DAUID":"59350032","LANDAREA":2.995,"PRUID":"59","fed_num":"59016","da_code":"59350032","geo_name":"59350032","name_source":{"label":"Statistics Canada Census Profile 2021 DA WDS","url":"https://www12.statcan.gc.ca/wds-sdw/2021profile-profil2021-eng.cfm"},"population":1689,"status":"ok","source":{"label":"Statistics Canada Census Profile 2021 DA WDS","url":"https://www12.statcan.gc.ca/wds-sdw/2021profile-profil2021-eng.cfm"},"community_name":"Kelowna","community_source":{"label":"Statistics Canada 2021 census subdivision boundaries (spatial lookup)","url":"https://geo.statcan.gc.ca/geo_wa/rest/services/2021/Cartographic_boundary_files/MapServer/9"},"community_display":"Kelowna","is_unorganized":false,"panel_title":"Kelowna","display_label":"Kelowna","map_label":"59350032"},"geometry":{"type":"MultiPolygon","coordinates":[[[[-119.42549087438492,49.902047233231116],[-119.42531994525092,49.9017976419808],[-119.42513867047498,49.90167842714723],[-119.42492016227159,49.90157493762136],[-119.42553757873975,49.90102513637853],[-119.42604132418266,49.899998391735345],[-119.42610567680501,49.89986724189823],[-119.42629762118466,49.899078979293776],[-119.42640363127579,49.89864349540581],[-119.42676565014419,49.898701395249596],[-119.42703664391972,49.89878990251793],[-119.42730605767056,49.89892801232341],[-119.42753946938052,49.89911272041321],[-119.42804266070364,49.8996848335156],[-119.42826654802874,49.89985733704461],[-119.42853916055937,49.900002840917445],[-119.428552003256,49.90000689817239],[-119.42883274220522,49.900095729994185],[-119.4288599584703,49.90010432417177],[-119.42914018306419,49.900148238797094],[-119.42946644801805,49.9001443424645],[-119.42976206525285,49.900100727838215],[-119.43004052292261,49.90001148961017],[-119.43007277030729,49.90000114236587],[-119.430380948524,49.89980203023242],[-119.43091957227651,49.899274552668935],[-119.43116287513605,49.89912845076349],[-119.43148817531007,49.89903415190064],[-119.43188255964807,49.89901272547205],[-119.43276869500471,49.899236640942604],[-119.43317777876389,49.89931723292089],[-119.43389500574071,49.89935493713729],[-119.43434796231915,49.899315340523835],[-119.43470627004612,49.89922402844169],[-119.4360337917644,49.8987023476762],[-119.43644489074308,49.89850663394541],[-119.43674648405005,49.8982855450748],[-119.4369244662767,49.89808763355913],[-119.43769490704493,49.89698794276847],[-119.4379429845685,49.89674992851273],[-119.43808207173942,49.8966593815151],[-119.43902858738622,49.89604304454474],[-119.4395599850924,49.895749821411606],[-119.44017828722828,49.89554549294824],[-119.44042719498941,49.8954632286977],[-119.44127681069935,49.89527953146122],[-119.44159940841936,49.89525194163849],[-119.44187296462874,49.89526383876639],[-119.4422631918624,49.89536854215436],[-119.44250659448036,49.895474320148644],[-119.44268879611978,49.89561623586524],[-119.44282968061749,49.895783628883095],[-119.44291979846408,49.89598313100482],[-119.4429200278524,49.89603259587949],[-119.44292089275679,49.89619902992969],[-119.44289168666054,49.896279081611894],[-119.44284479477912,49.896407650137384],[-119.4423839160124,49.89703733596262],[-119.4422564743114,49.897320526569196],[-119.44222820338898,49.897633934819254],[-119.44226840634047,49.89783152202839],[-119.44239773870602,49.898466211495276],[-119.44246312499065,49.89878728975475],[-119.44248629711119,49.89890104280381],[-119.44267218969925,49.8993773228983],[-119.44293243609327,49.89973241733163],[-119.44297950466571,49.89979662072934],[-119.44319481222406,49.90001126811287],[-119.44332179828345,49.900137834062356],[-119.44373020401034,49.90042783761576],[-119.44421058502623,49.90068333905943],[-119.44443070119402,49.900767003702846],[-119.4446837477454,49.90086317423673],[-119.44487330409213,49.90093524249871],[-119.44604030300363,49.901286123254785],[-119.44671748138941,49.90140803983247],[-119.44742488863871,49.90144592706777],[-119.44813149717422,49.90141153348851],[-119.44974470518747,49.901138025830654],[-119.45004169377107,49.90111333577947],[-119.45072910058434,49.9011235499101],[-119.45090232573473,49.9011261321739],[-119.45085393331317,49.90138513983433],[-119.45065973758604,49.901666936611456],[-119.45032582599106,49.90195762817078],[-119.44948648170714,49.902498159454666],[-119.44939710445713,49.902555737101885],[-119.44874186720284,49.902883949376395],[-119.44835941706216,49.90308904869316],[-119.44803764660091,49.9032616265771],[-119.44768843395772,49.903619962392],[-119.44724571007498,49.904230053794116],[-119.44711594479448,49.90468551580315],[-119.44714479487598,49.90506832378241],[-119.44724979735442,49.90535908301211],[-119.44759777693606,49.90595336924674],[-119.44769461590298,49.906232795633684],[-119.44771167832273,49.90655167219845],[-119.44757756935113,49.906949980754185],[-119.44736386694977,49.90726389722504],[-119.44709912223607,49.9076527524089],[-119.44660578256895,49.90840121443953],[-119.44654140033867,49.90849883223797],[-119.44619542132774,49.90902893947049],[-119.44589749130243,49.90933073747656],[-119.4455665529439,49.9096122658143],[-119.44544037312485,49.90971958160442],[-119.44498809781929,49.910104332078255],[-119.44472037116334,49.91040834069114],[-119.4445704123748,49.91057863411088],[-119.44412298940027,49.91123983024728],[-119.44407906096268,49.9113493660465],[-119.4438223211752,49.91198942684644],[-119.44364007178287,49.91230630571678],[-119.44335801846098,49.91279682838897],[-119.44317658674765,49.9129891365649],[-119.44287640275878,49.913219442201516],[-119.44231040357198,49.91351963207704],[-119.44068493388595,49.91423474445095],[-119.440469966839,49.91432936026329],[-119.44021614164502,49.914441440738386],[-119.43987722627519,49.9146595328688],[-119.43959458328825,49.91489906372555],[-119.43927518994856,49.91516974306752],[-119.43920356385279,49.91521384439628],[-119.43892241101032,49.91538691679773],[-119.43858564383643,49.915523949154114],[-119.43748170845684,49.91597312930374],[-119.43734032151632,49.916044978003164],[-119.43709700989895,49.9161686162516],[-119.43665008695973,49.91653462284574],[-119.43648947495244,49.91680200299554],[-119.43603915005072,49.917551522730285],[-119.43572691847415,49.918071235273544],[-119.43531643702906,49.91858031150003],[-119.43440590187721,49.919709401250294],[-119.4340663961104,49.92022179923917],[-119.43383337758328,49.92009603694453],[-119.43275106467779,49.919511737912465],[-119.43146891343756,49.91881953894286],[-119.43138729645231,49.9187850163123],[-119.4311156844423,49.91867012977802],[-119.430545495817,49.91855182281475],[-119.42925329464262,49.918591518548766],[-119.4286064663086,49.918548128209174],[-119.42819956396893,49.918441528363736],[-119.42709676306308,49.918060033920725],[-119.42678159569648,49.91791833262891],[-119.42653875928754,49.91776013803541],[-119.42635348126721,49.91757103325968],[-119.42603198782983,49.917124634162995],[-119.42530215008216,49.915960031497015],[-119.42523156646898,49.915577429391924],[-119.42524918142689,49.914223942056545],[-119.42520776996331,49.913967644527844],[-119.42509896843323,49.91370463899778],[-119.42489197455888,49.91349175368033],[-119.4230860768082,49.91217932425827],[-119.42894478163429,49.909362034051775],[-119.4284117765971,49.90937425442655],[-119.42792317238762,49.90934034693674],[-119.42778806655956,49.90930638836296],[-119.427687093614,49.90928103297251],[-119.42756186231287,49.90922126174599],[-119.42747257657551,49.909178640351804],[-119.42729936851039,49.90907086410537],[-119.42707737246694,49.9089327346601],[-119.42691230319211,49.9087882478692],[-119.4267817948744,49.908626932187644],[-119.42672660996932,49.90852601307814],[-119.42649745857572,49.90810684497449],[-119.42625889418812,49.90787122781209],[-119.42601995368564,49.90771200554019],[-119.42590429254967,49.90763494841754],[-119.42601938477756,49.90750996837263],[-119.42614627246421,49.90737223407421],[-119.4262011721892,49.90726120382299],[-119.42628236054153,49.90709693642915],[-119.42626005458628,49.90681562600354],[-119.42613939170106,49.906682838738995],[-119.42554725035563,49.906339237222895],[-119.42508536046876,49.90587805568075],[-119.42500728432893,49.905711644335625],[-119.42498407368652,49.905533243722495],[-119.42502316322796,49.905358637771364],[-119.42526345994516,49.90485562921362],[-119.42577367201052,49.90410972970698],[-119.42584038566939,49.9036468507653],[-119.4258820744458,49.903357642473516],[-119.42590106512708,49.90324504457585],[-119.42567115268643,49.90273544195175],[-119.42564709847619,49.902643657318954],[-119.42549087438492,49.902047233231116]]]]}},{"type":"Feature","properties":{"DGUID":"2021S051259350034","DAUID":"59350034","LANDAREA":0.1413,"PRUID":"59","fed_num":"59016","da_code":"59350034","geo_name":"59350034","name_source":{"label":"Statistics Canada Census Profile 2021 DA WDS","url":"https://www12.statcan.gc.ca/wds-sdw/2021profile-profil2021-eng.cfm"},"population":416,"status":"ok","source":{"label":"Statistics Canada Census Profile 2021 DA WDS","url":"https://www12.statcan.gc.ca/wds-sdw/2021profile-profil2021-eng.cfm"},"community_name":"Kelowna","community_source":{"label":"Statistics Canada 2021 census subdivision boundaries (spatial lookup)","url":"https://geo.statcan.gc.ca/geo_wa/rest/services/2021/Cartographic_boundary_files/MapServer/9"},"community_display":"Kelowna","is_unorganized":false,"panel_title":"Kelowna","display_label":"Kelowna","map_label":"59350034"},"geometry":{"type":"MultiPolygon","coordinates":[[[[-119.45271839292714,49.90590359247273],[-119.4532367853327,49.90430830998999],[-119.45418555371567,49.904447328940364],[-119.45459839759769,49.904570481189964],[-119.45431211104342,49.904929007998156],[-119.45445535934707,49.904982737813135],[-119.45479644393872,49.904641933591144],[-119.45512059340393,49.90479766635704],[-119.45582296144119,49.905135082751634],[-119.45604332373217,49.905284621718124],[-119.45622670866243,49.90546808901233],[-119.45644268384193,49.90583320692531],[-119.45647932581078,49.90625981208994],[-119.45645747937569,49.90632440918689],[-119.45640027838535,49.90649891813186],[-119.45614448095485,49.9069738024666],[-119.45606464132184,49.907121961403604],[-119.45588001094329,49.907464630184435],[-119.45510352449863,49.90832659548218],[-119.45462141630617,49.908568627324996],[-119.45357800058812,49.909088553038366],[-119.45329628917774,49.90922970525232],[-119.45310266614887,49.909429415278716],[-119.45298182387597,49.90955261984898],[-119.45278819335812,49.90975011517067],[-119.45253361631467,49.909887465885596],[-119.45202882407068,49.91007305813779],[-119.452021956314,49.91006519850144],[-119.45188473591213,49.90990819283458],[-119.45157748986176,49.90973085121006],[-119.45112174893546,49.90959797440837],[-119.45054829684582,49.909430790350854],[-119.45064313737561,49.90929045539901],[-119.45093437833533,49.908859259095074],[-119.45136843946469,49.90821676372035],[-119.45153940014974,49.90796367415986],[-119.45172324397093,49.907691505715036],[-119.4520520972435,49.907204655414425],[-119.45225400767738,49.906810420992386],[-119.45268102615735,49.90597660689868],[-119.45271839292714,49.90590359247273]]]]}},{"type":"Feature","properties":{"DGUID":"2021S051259350035","DAUID":"59350035","LANDAREA":0.6364,"PRUID":"59","fed_num":"59016","da_code":"59350035","geo_name":"59350035","name_source":{"label":"Statistics Canada Census Profile 2021 DA WDS","url":"https://www12.statcan.gc.ca/wds-sdw/2021profile-profil2021-eng.cfm"},"population":1356,"status":"ok","source":{"label":"Statistics Canada Census Profile 2021 DA WDS","url":"https://www12.statcan.gc.ca/wds-sdw/2021profile-profil2021-eng.cfm"},"community_name":"Kelowna","community_source":{"label":"Statistics Canada 2021 census subdivision boundaries (spatial lookup)","url":"https://geo.statcan.gc.ca/geo_wa/rest/services/2021/Cartographic_boundary_files/MapServer/9"},"community_display":"Kelowna","is_unorganized":false,"panel_title":"Kelowna","display_label":"Kelowna","map_label":"59350035"},"geometry":{"type":"MultiPolygon","coordinates":[[[[-119.44726396470153,49.91418341479896],[-119.4478351656517,49.913369092854474],[-119.44802957591389,49.91309196354633],[-119.4491555273415,49.911486559700904],[-119.44976859545362,49.91058166371867],[-119.4502617902348,49.909853694146896],[-119.4504145508672,49.90962826457408],[-119.45054829684582,49.909430790350854],[-119.45112174893546,49.90959797440837],[-119.45157748986176,49.90973085121006],[-119.45188473591213,49.90990819283458],[-119.452021956314,49.91006519850144],[-119.45202882407068,49.91007305813779],[-119.45253361631467,49.909887465885596],[-119.45278819335812,49.90975011517067],[-119.45298182387597,49.90955261984898],[-119.45310266614887,49.909429415278716],[-119.45329628917774,49.90922970525232],[-119.45357800058812,49.909088553038366],[-119.45462141630617,49.908568627324996],[-119.45510352449863,49.90832659548218],[-119.45588001094329,49.907464630184435],[-119.45606464132184,49.907121961403604],[-119.45614448095485,49.9069738024666],[-119.45640027838535,49.90649891813186],[-119.45645747937569,49.90632440918689],[-119.45725672686625,49.906356029071695],[-119.45767882631034,49.90637582219373],[-119.45832963224932,49.90652683400596],[-119.45873443364887,49.906696415940694],[-119.45894211367363,49.90682713734384],[-119.45906184851216,49.906953291153734],[-119.4594764295393,49.90739012341645],[-119.45986212150527,49.90765433568487],[-119.46104083368347,49.90817901240965],[-119.46138250659712,49.90829163230604],[-119.4618198241273,49.90835202896929],[-119.46248503362335,49.90839273044568],[-119.46254394765688,49.90808500594974],[-119.46261303287027,49.90772401381252],[-119.4628325453147,49.907333522701485],[-119.46314681465117,49.90702362016729],[-119.4634863258628,49.906800106317306],[-119.46379481856276,49.90664703354375],[-119.46414791119032,49.906524616871664],[-119.46561385669375,49.90619596576292],[-119.4658722523612,49.9066367445752],[-119.4659954338019,49.907092477889655],[-119.46602485234912,49.907201227051736],[-119.46611850414821,49.9076980137297],[-119.46610589611936,49.909522216969485],[-119.4662025765456,49.90979441532251],[-119.46466887814891,49.90976591348249],[-119.46348139985776,49.90966010387631],[-119.46328164302813,49.909642318671644],[-119.45959504532293,49.91048749768476],[-119.45446176141462,49.91248471648298],[-119.45444875804226,49.912489770142884],[-119.4503389299821,49.917583768615835],[-119.44950542179733,49.91734192786457],[-119.4493743289054,49.917261818757694],[-119.44831455767887,49.916949939394954],[-119.44738040032888,49.91665915662869],[-119.4472173779138,49.916577145221794],[-119.446428963734,49.91606031357141],[-119.4460343146941,49.915936427557995],[-119.44726396470153,49.91418341479896]]]]}},{"type":"Feature","properties":{"DGUID":"2021S051259350037","DAUID":"59350037","LANDAREA":0.442,"PRUID":"59","fed_num":"59016","da_code":"59350037","geo_name":"59350037","name_source":{"label":"Statistics Canada Census Profile 2021 DA WDS","url":"https://www12.statcan.gc.ca/wds-sdw/2021profile-profil2021-eng.cfm"},"population":996,"status":"ok","source":{"label":"Statistics Canada Census Profile 2021 DA WDS","url":"https://www12.statcan.gc.ca/wds-sdw/2021profile-profil2021-eng.cfm"},"community_name":"Kelowna","community_source":{"label":"Statistics Canada 2021 census subdivision boundaries (spatial lookup)","url":"https://geo.statcan.gc.ca/geo_wa/rest/services/2021/Cartographic_boundary_files/MapServer/9"},"community_display":"Kelowna","is_unorganized":false,"panel_title":"Kelowna","display_label":"Kelowna","map_label":"59350037"},"geometry":{"type":"MultiPolygon","coordinates":[[[[-119.46104083368347,49.90817901240965],[-119.45986212150527,49.90765433568487],[-119.4594764295393,49.90739012341645],[-119.45906184851216,49.906953291153734],[-119.45894211367363,49.90682713734384],[-119.45873443364887,49.906696415940694],[-119.45832963224932,49.90652683400596],[-119.45767882631034,49.90637582219373],[-119.45725672686625,49.906356029071695],[-119.45645747937569,49.90632440918689],[-119.45647932581078,49.90625981208994],[-119.45644268384193,49.90583320692531],[-119.45622670866243,49.90546808901233],[-119.45604332373217,49.905284621718124],[-119.45582296144119,49.905135082751634],[-119.45512059340393,49.90479766635704],[-119.45479644393872,49.904641933591144],[-119.45445535934707,49.904982737813135],[-119.45431211104342,49.904929007998156],[-119.45459839759769,49.904570481189964],[-119.45418555371567,49.904447328940364],[-119.4532367853327,49.90430830998999],[-119.45326839291496,49.90418230931341],[-119.45355720121903,49.90303075670901],[-119.45357545610092,49.902963969575644],[-119.45385374039297,49.90194588638284],[-119.45385598115871,49.90193760353254],[-119.45406351849643,49.90117831903679],[-119.45441552062869,49.90114073720051],[-119.45463327128404,49.90106244585549],[-119.45477674191049,49.901010891294156],[-119.45521873715145,49.900852021967815],[-119.45547001155109,49.900756824900135],[-119.45591590993942,49.900640016249895],[-119.4564017224349,49.900566114506226],[-119.45742840195851,49.90046656714772],[-119.4580714287777,49.90040424823864],[-119.45925860205983,49.90028387258183],[-119.45979868962417,49.900172633912966],[-119.4604526580022,49.90092424380413],[-119.4610164292374,49.90157385374947],[-119.46128376134297,49.901877775602536],[-119.46154880620925,49.902179115874965],[-119.46181577392198,49.90249110221772],[-119.46214096901062,49.902871199023856],[-119.46235334073612,49.90311944489916],[-119.46282994023309,49.903685273086126],[-119.4630389670623,49.903933442128924],[-119.46314568229566,49.90406013481248],[-119.46338660723036,49.9043461428833],[-119.46363849188981,49.90445496225972],[-119.46387406938616,49.90472927673994],[-119.46520410113254,49.905738923650624],[-119.46561385669375,49.90619596576292],[-119.46414791119032,49.906524616871664],[-119.46379481856276,49.90664703354375],[-119.4634863258628,49.906800106317306],[-119.46314681465117,49.90702362016729],[-119.4628325453147,49.907333522701485],[-119.46261303287027,49.90772401381252],[-119.46254394765688,49.90808500594974],[-119.46248503362335,49.90839273044568],[-119.4618198241273,49.90835202896929],[-119.46138250659712,49.90829163230604],[-119.46104083368347,49.90817901240965]]]]}},{"type":"Feature","properties":{"DGUID":"2021S051259350038","DAUID":"59350038","LANDAREA":0.1861,"PRUID":"59","fed_num":"59016","da_code":"59350038","geo_name":"59350038","name_source":{"label":"Statistics Canada Census Profile 2021 DA WDS","url":"https://www12.statcan.gc.ca/wds-sdw/2021profile-profil2021-eng.cfm"},"population":410,"status":"ok","source":{"label":"Statistics Canada Census Profile 2021 DA WDS","url":"https://www12.statcan.gc.ca/wds-sdw/2021profile-profil2021-eng.cfm"},"community_name":"Kelowna","community_source":{"label":"Statistics Canada 2021 census subdivision boundaries (spatial lookup)","url":"https://geo.statcan.gc.ca/geo_wa/rest/services/2021/Cartographic_boundary_files/MapServer/9"},"community_display":"Kelowna","is_unorganized":false,"panel_title":"Kelowna","display_label":"Kelowna","map_label":"59350038"},"geometry":{"type":"MultiPolygon","coordinates":[[[[-119.45979868962417,49.900172633912966],[-119.46032890343905,49.89998404155414],[-119.46071659011798,49.89979503001394],[-119.4610463998586,49.89954206451988],[-119.4618463414239,49.8986417541605],[-119.46248779988224,49.89826205358855],[-119.462885929288,49.89811699972199],[-119.46376266814366,49.89785069231028],[-119.46460267756494,49.89766524776249],[-119.46522081317087,49.89735999391878],[-119.46531151702172,49.89727830445424],[-119.46572951215806,49.89690187793903],[-119.46573088894772,49.89764334475202],[-119.46775493177148,49.89771922595255],[-119.4677824356832,49.89842521621522],[-119.46571812520423,49.89839569309359],[-119.46571356973388,49.899159364064175],[-119.46569337317669,49.900057568195216],[-119.46567589304222,49.90083670182774],[-119.46567011672168,49.90085047534959],[-119.4655633017695,49.90110541333062],[-119.46532873862314,49.90142548540617],[-119.46478914700694,49.90179948723639],[-119.46404535749286,49.90231495598154],[-119.46365545363206,49.90267539871538],[-119.46342074921071,49.903083963041325],[-119.4633319815213,49.90349922161886],[-119.46331477105635,49.903579707574345],[-119.46334620359593,49.9037932414177],[-119.4633629470724,49.90390677445187],[-119.4634094791431,49.90402559725388],[-119.46341208354353,49.90403223220738],[-119.46352667086131,49.904324712119816],[-119.46363849188981,49.90445496225972],[-119.46338660723036,49.9043461428833],[-119.46314568229566,49.90406013481248],[-119.4630389670623,49.903933442128924],[-119.46282994023309,49.903685273086126],[-119.46235334073612,49.90311944489916],[-119.46214096901062,49.902871199023856],[-119.46181577392198,49.90249110221772],[-119.46154880620925,49.902179115874965],[-119.46128376134297,49.901877775602536],[-119.4610164292374,49.90157385374947],[-119.4604526580022,49.90092424380413],[-119.45979868962417,49.900172633912966]]]]}},{"type":"Feature","properties":{"DGUID":"2021S051259350039","DAUID":"59350039","LANDAREA":0.2566,"PRUID":"59","fed_num":"59016","da_code":"59350039","geo_name":"59350039","name_source":{"label":"Statistics Canada Census Profile 2021 DA WDS","url":"https://www12.statcan.gc.ca/wds-sdw/2021profile-profil2021-eng.cfm"},"population":602,"status":"ok","source":{"label":"Statistics Canada Census Profile 2021 DA WDS","url":"https://www12.statcan.gc.ca/wds-sdw/2021profile-profil2021-eng.cfm"},"community_name":"Kelowna","community_source":{"label":"Statistics Canada 2021 census subdivision boundaries (spatial lookup)","url":"https://geo.statcan.gc.ca/geo_wa/rest/services/2021/Cartographic_boundary_files/MapServer/9"},"community_display":"Kelowna","is_unorganized":false,"panel_title":"Kelowna","display_label":"Kelowna","map_label":"59350039"},"geometry":{"type":"MultiPolygon","coordinates":[[[[-119.45591590993942,49.900640016249895],[-119.45547001155109,49.900756824900135],[-119.45521873715145,49.900852021967815],[-119.45523063061981,49.900000426548104],[-119.45525220304542,49.89845643373507],[-119.4544310140999,49.89845242859073],[-119.45444447953936,49.89678774414388],[-119.45444772580854,49.896388227138914],[-119.4566084180087,49.8963975239196],[-119.45743620523429,49.896404637298026],[-119.45812350182932,49.896407026509905],[-119.45889973989159,49.89641282156475],[-119.46050402823097,49.896423120004535],[-119.46385211647495,49.89644642605258],[-119.46572596697301,49.896458284210034],[-119.46572951215806,49.89690187793903],[-119.46531151702172,49.89727830445424],[-119.46522081317087,49.89735999391878],[-119.46460267756494,49.89766524776249],[-119.46376266814366,49.89785069231028],[-119.462885929288,49.89811699972199],[-119.46248779988224,49.89826205358855],[-119.4618463414239,49.8986417541605],[-119.4610463998586,49.89954206451988],[-119.46071659011798,49.89979503001394],[-119.46032890343905,49.89998404155414],[-119.45979868962417,49.900172633912966],[-119.45925860205983,49.90028387258183],[-119.4580714287777,49.90040424823864],[-119.45742840195851,49.90046656714772],[-119.4564017224349,49.900566114506226],[-119.45591590993942,49.900640016249895]]]]}},{"type":"Feature","properties":{"DGUID":"2021S051259350040","DAUID":"59350040","LANDAREA":0.1892,"PRUID":"59","fed_num":"59016","da_code":"59350040","geo_name":"59350040","name_source":{"label":"Statistics Canada Census Profile 2021 DA WDS","url":"https://www12.statcan.gc.ca/wds-sdw/2021profile-profil2021-eng.cfm"},"population":495,"status":"ok","source":{"label":"Statistics Canada Census Profile 2021 DA WDS","url":"https://www12.statcan.gc.ca/wds-sdw/2021profile-profil2021-eng.cfm"},"community_name":"Kelowna","community_source":{"label":"Statistics Canada 2021 census subdivision boundaries (spatial lookup)","url":"https://geo.statcan.gc.ca/geo_wa/rest/services/2021/Cartographic_boundary_files/MapServer/9"},"community_display":"Kelowna","is_unorganized":false,"panel_title":"Kelowna","display_label":"Kelowna","map_label":"59350040"},"geometry":{"type":"MultiPolygon","coordinates":[[[[-119.46209463930738,49.89564231129133],[-119.46092450871946,49.89564452086116],[-119.46050402823097,49.896423120004535],[-119.45889973989159,49.89641282156475],[-119.45865560804181,49.89582482057829],[-119.45867192408234,49.8955846275618],[-119.4586979116756,49.89520780794008],[-119.45864111686885,49.89497051803616],[-119.4582397093423,49.89433971161559],[-119.45767510468261,49.89364753125384],[-119.45868753452633,49.89266881142512],[-119.4593055342268,49.89284217496938],[-119.45976677422212,49.89287068402744],[-119.46096841749083,49.89272589631315],[-119.46128588377013,49.89273405368681],[-119.46205916543437,49.89281826432503],[-119.4626518035458,49.892758916162975],[-119.46313828495319,49.89260200461317],[-119.46330415352635,49.89246836186427],[-119.46342162088747,49.89230199476507],[-119.4634938782632,49.891797918259726],[-119.46415597336971,49.89200458381955],[-119.46453544823756,49.89219434770246],[-119.46480898326757,49.89243104812461],[-119.46500607973923,49.89260629057427],[-119.46521559276614,49.892704612995296],[-119.4654642259708,49.8927736700108],[-119.46581553359017,49.89278926692585],[-119.46581586144785,49.89292091879671],[-119.46581670801126,49.893268845908715],[-119.46580255464595,49.89372852722513],[-119.46577169942597,49.89472452922467],[-119.46576796531039,49.89494554421921],[-119.46574890036077,49.895615346669366],[-119.46350214618423,49.895573019847376],[-119.46209463930738,49.89564231129133]]]]}},{"type":"Feature","properties":{"DGUID":"2021S051259350041","DAUID":"59350041","LANDAREA":0.2436,"PRUID":"59","fed_num":"59016","da_code":"59350041","geo_name":"59350041","name_source":{"label":"Statistics Canada Census Profile 2021 DA WDS","url":"https://www12.statcan.gc.ca/wds-sdw/2021profile-profil2021-eng.cfm"},"population":591,"status":"ok","source":{"label":"Statistics Canada Census Profile 2021 DA WDS","url":"https://www12.statcan.gc.ca/wds-sdw/2021profile-profil2021-eng.cfm"},"community_name":"Kelowna","community_source":{"label":"Statistics Canada 2021 census subdivision boundaries (spatial lookup)","url":"https://geo.statcan.gc.ca/geo_wa/rest/services/2021/Cartographic_boundary_files/MapServer/9"},"community_display":"Kelowna","is_unorganized":false,"panel_title":"Kelowna","display_label":"Kelowna","map_label":"59350041"},"geometry":{"type":"MultiPolygon","coordinates":[[[[-119.45426133228914,49.8943470289931],[-119.45429452149858,49.89003522746815],[-119.45453294865983,49.89002873255211],[-119.45453814368469,49.88942759811011],[-119.45453951085045,49.88926514442944],[-119.45453985728437,49.889220673798064],[-119.45454460644807,49.88865228207554],[-119.4550512917192,49.8886465211511],[-119.45541177340655,49.88856878904962],[-119.45567913718367,49.888487987937964],[-119.4556973114946,49.88848249262151],[-119.45579902574214,49.88845174296451],[-119.45662120191253,49.88820326486231],[-119.45685680355675,49.88871592922861],[-119.45686612456873,49.88873628944324],[-119.45689534096651,49.88942885146507],[-119.4573275875139,49.889464757756144],[-119.45770645796938,49.88955063607587],[-119.45796536865984,49.88966542540607],[-119.45821088686196,49.889833646726004],[-119.45839398661433,49.890037817973464],[-119.45846239022669,49.89022342430115],[-119.45843160767821,49.89055571342425],[-119.45827403735677,49.89119653028294],[-119.45806763285897,49.89168082078176],[-119.4582736184548,49.89163801158785],[-119.45916320977145,49.89174909788213],[-119.45868753452633,49.89266881142512],[-119.45767510468261,49.89364753125384],[-119.4582397093423,49.89433971161559],[-119.45864111686885,49.89497051803616],[-119.4586979116756,49.89520780794008],[-119.45867192408234,49.8955846275618],[-119.45865560804181,49.89582482057829],[-119.45889973989159,49.89641282156475],[-119.45812350182932,49.896407026509905],[-119.45743620523429,49.896404637298026],[-119.4566084180087,49.8963975239196],[-119.45444772580854,49.896388227138914],[-119.45447127029483,49.89545578971141],[-119.45449939150558,49.89434323644034],[-119.45426133228914,49.8943470289931]]]]}},{"type":"Feature","properties":{"DGUID":"2021S051259350042","DAUID":"59350042","LANDAREA":0.3812,"PRUID":"59","fed_num":"59016","da_code":"59350042","geo_name":"59350042","name_source":{"label":"Statistics Canada Census Profile 2021 DA WDS","url":"https://www12.statcan.gc.ca/wds-sdw/2021profile-profil2021-eng.cfm"},"population":892,"status":"ok","source":{"label":"Statistics Canada Census Profile 2021 DA WDS","url":"https://www12.statcan.gc.ca/wds-sdw/2021profile-profil2021-eng.cfm"},"community_name":"Kelowna","community_source":{"label":"Statistics Canada 2021 census subdivision boundaries (spatial lookup)","url":"https://geo.statcan.gc.ca/geo_wa/rest/services/2021/Cartographic_boundary_files/MapServer/9"},"community_display":"Kelowna","is_unorganized":false,"panel_title":"Kelowna","display_label":"Kelowna","map_label":"59350042"},"geometry":{"type":"MultiPolygon","coordinates":[[[[-119.47112512218591,49.89243741737147],[-119.47109550891736,49.89243352873928],[-119.47104265189056,49.89247906892212],[-119.47088533994642,49.89261468717505],[-119.46893753249383,49.89216415627744],[-119.46715275147254,49.891813733337244],[-119.46685202406634,49.89198267310952],[-119.4668494354582,49.89198268104574],[-119.46617992902219,49.89224959954418],[-119.46596659334745,49.89243433091163],[-119.46581553359017,49.89278926692585],[-119.4654642259708,49.8927736700108],[-119.46521559276614,49.892704612995296],[-119.46500607973923,49.89260629057427],[-119.46480898326757,49.89243104812461],[-119.46453544823756,49.89219434770246],[-119.46415597336971,49.89200458381955],[-119.4634938782632,49.891797918259726],[-119.46342162088747,49.89230199476507],[-119.46330415352635,49.89246836186427],[-119.46313828495319,49.89260200461317],[-119.4626518035458,49.892758916162975],[-119.46205916543437,49.89281826432503],[-119.46128588377013,49.89273405368681],[-119.46096841749083,49.89272589631315],[-119.45976677422212,49.89287068402744],[-119.4593055342268,49.89284217496938],[-119.45868753452633,49.89266881142512],[-119.45916320977145,49.89174909788213],[-119.4582736184548,49.89163801158785],[-119.45806763285897,49.89168082078176],[-119.45827403735677,49.89119653028294],[-119.45843160767821,49.89055571342425],[-119.45846239022669,49.89022342430115],[-119.45839398661433,49.890037817973464],[-119.45821088686196,49.889833646726004],[-119.45796536865984,49.88966542540607],[-119.45770645796938,49.88955063607587],[-119.4573275875139,49.889464757756144],[-119.45689534096651,49.88942885146507],[-119.45686612456873,49.88873628944324],[-119.45685680355675,49.88871592922861],[-119.45662120191253,49.88820326486231],[-119.45690403966215,49.888101922001766],[-119.45707779892075,49.888040066471],[-119.45722640796178,49.88798673119292],[-119.45747783254077,49.88789651938822],[-119.45767978047594,49.88782406760673],[-119.4578541237557,49.88776149559876],[-119.45836178731207,49.88766094778978],[-119.45884255694175,49.887640991186665],[-119.45919604222891,49.887640152759055],[-119.45964068776632,49.887639099061566],[-119.45992903394145,49.8875967685282],[-119.4602083876467,49.88751957710395],[-119.46037385220657,49.88881179367436],[-119.46037693472977,49.88926799497126],[-119.46073417280725,49.88944325231839],[-119.46124331514025,49.88969300001886],[-119.46141481762292,49.88977710572647],[-119.46184253162168,49.889942715698105],[-119.46193500886639,49.88997982948767],[-119.46222949263118,49.88999201577401],[-119.46272369695325,49.88993672336817],[-119.46465243072993,49.890246313413805],[-119.4648830154242,49.89024651543368],[-119.46535860761578,49.89017482299536],[-119.46556565028389,49.890114918071056],[-119.46581621731877,49.89000443003295],[-119.46621084430868,49.88970741934499],[-119.46660803249824,49.88912972176127],[-119.46678344219593,49.88873391679218],[-119.46708763513344,49.88790771725756],[-119.46714613858319,49.887528418132355],[-119.46836671248104,49.88826507452888],[-119.46946663534779,49.88892681177668],[-119.4693400246207,49.88899150781282],[-119.46864503695254,49.889210013730974],[-119.46854885751213,49.88929641858401],[-119.46824352505223,49.889935516625144],[-119.46882095060268,49.89026533031004],[-119.4698274474684,49.89078975525871],[-119.4700250399182,49.890892716016225],[-119.47033770698269,49.89099261285061],[-119.47082544122304,49.89108051600315],[-119.47089625096345,49.89109371618026],[-119.47331653557507,49.89099961054036],[-119.47451185015949,49.890953110938824],[-119.47536684559451,49.89095450730143],[-119.47536035318912,49.891466326548695],[-119.47534338064912,49.89280879831855],[-119.47478956876049,49.8928070288323],[-119.4740406291176,49.89280462474536],[-119.47392144301604,49.892804235285126],[-119.47112512218591,49.89243741737147]]]]}},{"type":"Feature","properties":{"DGUID":"2021S051259350043","DAUID":"59350043","LANDAREA":0.1818,"PRUID":"59","fed_num":"59016","da_code":"59350043","geo_name":"59350043","name_source":{"label":"Statistics Canada Census Profile 2021 DA WDS","url":"https://www12.statcan.gc.ca/wds-sdw/2021profile-profil2021-eng.cfm"},"population":630,"status":"ok","source":{"label":"Statistics Canada Census Profile 2021 DA WDS","url":"https://www12.statcan.gc.ca/wds-sdw/2021profile-profil2021-eng.cfm"},"community_name":"Kelowna","community_source":{"label":"Statistics Canada 2021 census subdivision boundaries (spatial lookup)","url":"https://geo.statcan.gc.ca/geo_wa/rest/services/2021/Cartographic_boundary_files/MapServer/9"},"community_display":"Kelowna","is_unorganized":false,"panel_title":"Kelowna","display_label":"Kelowna","map_label":"59350043"},"geometry":{"type":"MultiPolygon","coordinates":[[[[-119.46171263106945,49.88652960895768],[-119.46205545094567,49.88636049589588],[-119.46250775149025,49.886275582038586],[-119.46283610770102,49.88627563069216],[-119.46311275985387,49.88627567475465],[-119.46318768842524,49.88627557175821],[-119.46338242327859,49.88627516840733],[-119.46508351985926,49.886271718086476],[-119.46681631682526,49.88626971221981],[-119.46714613858319,49.887528418132355],[-119.46708763513344,49.88790771725756],[-119.46678344219593,49.88873391679218],[-119.46660803249824,49.88912972176127],[-119.46621084430868,49.88970741934499],[-119.46581621731877,49.89000443003295],[-119.46556565028389,49.890114918071056],[-119.46535860761578,49.89017482299536],[-119.4648830154242,49.89024651543368],[-119.46465243072993,49.890246313413805],[-119.46272369695325,49.88993672336817],[-119.46222949263118,49.88999201577401],[-119.46193500886639,49.88997982948767],[-119.46184253162168,49.889942715698105],[-119.46141481762292,49.88977710572647],[-119.46124331514025,49.88969300001886],[-119.46073417280725,49.88944325231839],[-119.46037693472977,49.88926799497126],[-119.46037385220657,49.88881179367436],[-119.4602083876467,49.88751957710395],[-119.46052675222352,49.8873941511024],[-119.46084416383175,49.88717836825185],[-119.46171263106945,49.88652960895768]]]]}},{"type":"Feature","properties":{"DGUID":"2021S051259350044","DAUID":"59350044","LANDAREA":0.1715,"PRUID":"59","fed_num":"59016","da_code":"59350044","geo_name":"59350044","name_source":{"label":"Statistics Canada Census Profile 2021 DA WDS","url":"https://www12.statcan.gc.ca/wds-sdw/2021profile-profil2021-eng.cfm"},"population":554,"status":"ok","source":{"label":"Statistics Canada Census Profile 2021 DA WDS","url":"https://www12.statcan.gc.ca/wds-sdw/2021profile-profil2021-eng.cfm"},"community_name":"Kelowna","community_source":{"label":"Statistics Canada 2021 census subdivision boundaries (spatial lookup)","url":"https://geo.statcan.gc.ca/geo_wa/rest/services/2021/Cartographic_boundary_files/MapServer/9"},"community_display":"Kelowna","is_unorganized":false,"panel_title":"Kelowna","display_label":"Kelowna","map_label":"59350044"},"geometry":{"type":"MultiPolygon","coordinates":[[[[-119.46882095060268,49.89026533031004],[-119.46824352505223,49.889935516625144],[-119.46854885751213,49.88929641858401],[-119.46864503695254,49.889210013730974],[-119.4693400246207,49.88899150781282],[-119.46946663534779,49.88892681177668],[-119.46836671248104,49.88826507452888],[-119.46714613858319,49.887528418132355],[-119.46681631682526,49.88626971221981],[-119.46774434239293,49.88626831291019],[-119.47043633987121,49.88626220478392],[-119.47080674527518,49.886261822291914],[-119.47395769908884,49.886260448219446],[-119.47394883112668,49.88728930458713],[-119.47454362872978,49.88729241781024],[-119.474517646689,49.88930091703362],[-119.47329984388377,49.88929590052994],[-119.47327124590493,49.888197015440845],[-119.4731558627758,49.88809532469538],[-119.47232582337628,49.887919304145704],[-119.4721579372893,49.88792100071893],[-119.47209796085099,49.88794992581074],[-119.47207882279868,49.88930421843713],[-119.4708088252835,49.88932221444922],[-119.47081460423993,49.88969191013791],[-119.47082544122304,49.89108051600315],[-119.47033770698269,49.89099261285061],[-119.4700250399182,49.890892716016225],[-119.4698274474684,49.89078975525871],[-119.46882095060268,49.89026533031004]]]]}},{"type":"Feature","properties":{"DGUID":"2021S051259350045","DAUID":"59350045","LANDAREA":0.1598,"PRUID":"59","fed_num":"59016","da_code":"59350045","geo_name":"59350045","name_source":{"label":"Statistics Canada Census Profile 2021 DA WDS","url":"https://www12.statcan.gc.ca/wds-sdw/2021profile-profil2021-eng.cfm"},"population":558,"status":"ok","source":{"label":"Statistics Canada Census Profile 2021 DA WDS","url":"https://www12.statcan.gc.ca/wds-sdw/2021profile-profil2021-eng.cfm"},"community_name":"Kelowna","community_source":{"label":"Statistics Canada 2021 census subdivision boundaries (spatial lookup)","url":"https://geo.statcan.gc.ca/geo_wa/rest/services/2021/Cartographic_boundary_files/MapServer/9"},"community_display":"Kelowna","is_unorganized":false,"panel_title":"Kelowna","display_label":"Kelowna","map_label":"59350045"},"geometry":{"type":"MultiPolygon","coordinates":[[[[-119.47360043699408,49.88524130819799],[-119.47037012059148,49.88525052260124],[-119.47042522407679,49.885412729720414],[-119.47043633987121,49.88626220478392],[-119.46774434239293,49.88626831291019],[-119.46775092597738,49.88525641120137],[-119.46693622077812,49.885257323313596],[-119.46567422739268,49.88525951404383],[-119.46530384194654,49.88519221137498],[-119.46517904538186,49.885149809602815],[-119.46451372079866,49.88492373061565],[-119.46432980504362,49.88489010759594],[-119.46386590611503,49.884802308257555],[-119.46352720041659,49.88473821451505],[-119.4625347898905,49.88431221561342],[-119.4626593101526,49.88419409910389],[-119.46464462973348,49.8831119218625],[-119.46484420912418,49.88323808424],[-119.46510843831554,49.883405110948566],[-119.4654529292225,49.88351700377813],[-119.46584806653786,49.88354834264465],[-119.46617583177039,49.883574314625896],[-119.46675150751972,49.88361991258937],[-119.46714993839716,49.88369684656275],[-119.46759582799338,49.88379232165988],[-119.46884824163783,49.88395482081553],[-119.46942590695441,49.8840295231533],[-119.47032985108264,49.88414642229916],[-119.4704417448872,49.88365730048693],[-119.47066723636433,49.88335022204936],[-119.47078483096293,49.883280521502996],[-119.4727029489651,49.88375090881671],[-119.47421834538282,49.88401852454115],[-119.47449925096335,49.88410569091484],[-119.47464567102685,49.88420560869936],[-119.47471824152815,49.884332814855334],[-119.47474494615535,49.885240112511255],[-119.47360043699408,49.88524130819799]]]]}},{"type":"Feature","properties":{"DGUID":"2021S051259350046","DAUID":"59350046","LANDAREA":0.054,"PRUID":"59","fed_num":"59016","da_code":"59350046","geo_name":"59350046","name_source":{"label":"Statistics Canada Census Profile 2021 DA WDS","url":"https://www12.statcan.gc.ca/wds-sdw/2021profile-profil2021-eng.cfm"},"population":526,"status":"ok","source":{"label":"Statistics Canada Census Profile 2021 DA WDS","url":"https://www12.statcan.gc.ca/wds-sdw/2021profile-profil2021-eng.cfm"},"community_name":"Kelowna","community_source":{"label":"Statistics Canada 2021 census subdivision boundaries (spatial lookup)","url":"https://geo.statcan.gc.ca/geo_wa/rest/services/2021/Cartographic_boundary_files/MapServer/9"},"community_display":"Kelowna","is_unorganized":false,"panel_title":"Kelowna","display_label":"Kelowna","map_label":"59350046"},"geometry":{"type":"MultiPolygon","coordinates":[[[[-119.47042522407679,49.885412729720414],[-119.47037012059148,49.88525052260124],[-119.47360043699408,49.88524130819799],[-119.47474494615535,49.885240112511255],[-119.47502417237367,49.885239492126516],[-119.47602802163216,49.88523728605029],[-119.47672696716006,49.88528355589163],[-119.47693877958989,49.88531698521658],[-119.47707665350222,49.88532972104652],[-119.47708192677614,49.88627007473221],[-119.4769422628518,49.886269862361395],[-119.47395769908884,49.886260448219446],[-119.47080674527518,49.886261822291914],[-119.47043633987121,49.88626220478392],[-119.47042522407679,49.885412729720414]]]]}},{"type":"Feature","properties":{"DGUID":"2021S051259350047","DAUID":"59350047","LANDAREA":0.1229,"PRUID":"59","fed_num":"59016","da_code":"59350047","geo_name":"59350047","name_source":{"label":"Statistics Canada Census Profile 2021 DA WDS","url":"https://www12.statcan.gc.ca/wds-sdw/2021profile-profil2021-eng.cfm"},"population":746,"status":"ok","source":{"label":"Statistics Canada Census Profile 2021 DA WDS","url":"https://www12.statcan.gc.ca/wds-sdw/2021profile-profil2021-eng.cfm"},"community_name":"Kelowna","community_source":{"label":"Statistics Canada 2021 census subdivision boundaries (spatial lookup)","url":"https://geo.statcan.gc.ca/geo_wa/rest/services/2021/Cartographic_boundary_files/MapServer/9"},"community_display":"Kelowna","is_unorganized":false,"panel_title":"Kelowna","display_label":"Kelowna","map_label":"59350047"},"geometry":{"type":"MultiPolygon","coordinates":[[[[-119.4727029489651,49.88375090881671],[-119.47078483096293,49.883280521502996],[-119.47066723636433,49.88335022204936],[-119.4704417448872,49.88365730048693],[-119.47032985108264,49.88414642229916],[-119.46942590695441,49.8840295231533],[-119.46884824163783,49.88395482081553],[-119.46759582799338,49.88379232165988],[-119.46714993839716,49.88369684656275],[-119.46675150751972,49.88361991258937],[-119.46617583177039,49.883574314625896],[-119.46584806653786,49.88354834264465],[-119.4654529292225,49.88351700377813],[-119.46510843831554,49.883405110948566],[-119.46484420912418,49.88323808424],[-119.46464462973348,49.8831119218625],[-119.46548193401242,49.88266081038163],[-119.46571304569378,49.88238391378556],[-119.46577183695331,49.88197289429874],[-119.46690563088559,49.881987440945046],[-119.46884764178537,49.88218702084421],[-119.46886078564133,49.8821883685605],[-119.46996373359248,49.88240871985722],[-119.47057886972615,49.88257558826892],[-119.47252180361235,49.88310256544603],[-119.47316589209458,49.88322382420223],[-119.4733267601131,49.88325410645116],[-119.47358980693093,49.88330364135373],[-119.47481122956958,49.8834579064435],[-119.47691444500968,49.88358172076238],[-119.47703896841968,49.883590073378876],[-119.4770335016438,49.8844394650123],[-119.47707284519409,49.88525032442038],[-119.47707665350222,49.88532972104652],[-119.47693877958989,49.88531698521658],[-119.47672696716006,49.88528355589163],[-119.47602802163216,49.88523728605029],[-119.47502417237367,49.885239492126516],[-119.47474494615535,49.885240112511255],[-119.47471824152815,49.884332814855334],[-119.47464567102685,49.88420560869936],[-119.47449925096335,49.88410569091484],[-119.47421834538282,49.88401852454115],[-119.4727029489651,49.88375090881671]]]]}},{"type":"Feature","properties":{"DGUID":"2021S051259350048","DAUID":"59350048","LANDAREA":0.2315,"PRUID":"59","fed_num":"59016","da_code":"59350048","geo_name":"59350048","name_source":{"label":"Statistics Canada Census Profile 2021 DA WDS","url":"https://www12.statcan.gc.ca/wds-sdw/2021profile-profil2021-eng.cfm"},"population":466,"status":"ok","source":{"label":"Statistics Canada Census Profile 2021 DA WDS","url":"https://www12.statcan.gc.ca/wds-sdw/2021profile-profil2021-eng.cfm"},"community_name":"Kelowna","community_source":{"label":"Statistics Canada 2021 census subdivision boundaries (spatial lookup)","url":"https://geo.statcan.gc.ca/geo_wa/rest/services/2021/Cartographic_boundary_files/MapServer/9"},"community_display":"Kelowna","is_unorganized":false,"panel_title":"Kelowna","display_label":"Kelowna","map_label":"59350048"},"geometry":{"type":"MultiPolygon","coordinates":[[[[-119.46996373359248,49.88240871985722],[-119.46886078564133,49.8821883685605],[-119.46884764178537,49.88218702084421],[-119.46690563088559,49.881987440945046],[-119.46577183695331,49.88197289429874],[-119.46578259148771,49.88189783668285],[-119.46578724105386,49.881865454118504],[-119.46578204812323,49.88124566673478],[-119.46577858982063,49.8808320108702],[-119.46577428896498,49.8803168881878],[-119.46740893942365,49.88027061291945],[-119.46761013503861,49.88026490620236],[-119.4676878612276,49.88026270892384],[-119.46796678292435,49.880254804138055],[-119.46798073818577,49.8802544032887],[-119.4685641324793,49.8802378709609],[-119.46890945135608,49.88022808999171],[-119.46937605119759,49.88021891675886],[-119.47162482655729,49.88019270144029],[-119.47362173720812,49.880199147274624],[-119.47628587033071,49.88020931566319],[-119.47695637756604,49.880014571465765],[-119.47708243508202,49.87996342993966],[-119.47708436359258,49.88120066339827],[-119.47705666033103,49.88214718830909],[-119.47703836284965,49.883467219548024],[-119.47703866647396,49.88352843314502],[-119.47703896841968,49.883590073378876],[-119.47691444500968,49.88358172076238],[-119.47481122956958,49.8834579064435],[-119.47358980693093,49.88330364135373],[-119.4733267601131,49.88325410645116],[-119.47316589209458,49.88322382420223],[-119.47252180361235,49.88310256544603],[-119.47057886972615,49.88257558826892],[-119.46996373359248,49.88240871985722]]]]}},{"type":"Feature","properties":{"DGUID":"2021S051259350049","DAUID":"59350049","LANDAREA":0.1109,"PRUID":"59","fed_num":"59016","da_code":"59350049","geo_name":"59350049","name_source":{"label":"Statistics Canada Census Profile 2021 DA WDS","url":"https://www12.statcan.gc.ca/wds-sdw/2021profile-profil2021-eng.cfm"},"population":669,"status":"ok","source":{"label":"Statistics Canada Census Profile 2021 DA WDS","url":"https://www12.statcan.gc.ca/wds-sdw/2021profile-profil2021-eng.cfm"},"community_name":"Kelowna","community_source":{"label":"Statistics Canada 2021 census subdivision boundaries (spatial lookup)","url":"https://geo.statcan.gc.ca/geo_wa/rest/services/2021/Cartographic_boundary_files/MapServer/9"},"community_display":"Kelowna","is_unorganized":false,"panel_title":"Kelowna","display_label":"Kelowna","map_label":"59350049"},"geometry":{"type":"MultiPolygon","coordinates":[[[[-119.46577481484516,49.88013647019554],[-119.46577552603684,49.87988342116452],[-119.46577730221362,49.879281264763314],[-119.46577999613552,49.876813412909],[-119.4666417265107,49.8769417113728],[-119.46866872464312,49.87696181116858],[-119.46866780108716,49.87757312240651],[-119.46863371515246,49.877616309133394],[-119.4681169172722,49.87769372372114],[-119.46739610251669,49.87770301219742],[-119.46724384034907,49.87776161712338],[-119.46719050501314,49.87784152904941],[-119.46717561906179,49.87872561901447],[-119.47008681580458,49.878737105020015],[-119.47011142880564,49.87798913030882],[-119.47014853903954,49.87789561037118],[-119.47033301226932,49.87780732670129],[-119.47156482832575,49.8777807252816],[-119.47157446093216,49.87802767411005],[-119.47160462556359,49.87880081007998],[-119.47163903194462,49.878902228008165],[-119.47163274626435,49.879434601695095],[-119.47162482655729,49.88019270144029],[-119.46937605119759,49.88021891675886],[-119.46890945135608,49.88022808999171],[-119.4685641324793,49.8802378709609],[-119.46798073818577,49.8802544032887],[-119.46796678292435,49.880254804138055],[-119.4676878612276,49.88026270892384],[-119.46761013503861,49.88026490620236],[-119.46740893942365,49.88027061291945],[-119.46577428896498,49.8803168881878],[-119.46577481484516,49.88013647019554]]]]}},{"type":"Feature","properties":{"DGUID":"2021S051259350050","DAUID":"59350050","LANDAREA":0.1448,"PRUID":"59","fed_num":"59016","da_code":"59350050","geo_name":"59350050","name_source":{"label":"Statistics Canada Census Profile 2021 DA WDS","url":"https://www12.statcan.gc.ca/wds-sdw/2021profile-profil2021-eng.cfm"},"population":973,"status":"ok","source":{"label":"Statistics Canada Census Profile 2021 DA WDS","url":"https://www12.statcan.gc.ca/wds-sdw/2021profile-profil2021-eng.cfm"},"community_name":"Kelowna","community_source":{"label":"Statistics Canada 2021 census subdivision boundaries (spatial lookup)","url":"https://geo.statcan.gc.ca/geo_wa/rest/services/2021/Cartographic_boundary_files/MapServer/9"},"community_display":"Kelowna","is_unorganized":false,"panel_title":"Kelowna","display_label":"Kelowna","map_label":"59350050"},"geometry":{"type":"MultiPolygon","coordinates":[[[[-119.47156482832575,49.8777807252816],[-119.47155092155636,49.87695002954171],[-119.47428118729542,49.876887402371935],[-119.4770206790546,49.87679915036887],[-119.47703505027445,49.8782132285371],[-119.47713959024414,49.87821494947932],[-119.4771064804435,49.879472699910956],[-119.47708243508202,49.87996342993966],[-119.47695637756604,49.880014571465765],[-119.47628587033071,49.88020931566319],[-119.47362173720812,49.880199147274624],[-119.47162482655729,49.88019270144029],[-119.47163274626435,49.879434601695095],[-119.47163903194462,49.878902228008165],[-119.47160462556359,49.87880081007998],[-119.47157446093216,49.87802767411005],[-119.47156482832575,49.8777807252816]]]]}},{"type":"Feature","properties":{"DGUID":"2021S051259350051","DAUID":"59350051","LANDAREA":0.1752,"PRUID":"59","fed_num":"59016","da_code":"59350051","geo_name":"59350051","name_source":{"label":"Statistics Canada Census Profile 2021 DA WDS","url":"https://www12.statcan.gc.ca/wds-sdw/2021profile-profil2021-eng.cfm"},"population":607,"status":"ok","source":{"label":"Statistics Canada Census Profile 2021 DA WDS","url":"https://www12.statcan.gc.ca/wds-sdw/2021profile-profil2021-eng.cfm"},"community_name":"Kelowna","community_source":{"label":"Statistics Canada 2021 census subdivision boundaries (spatial lookup)","url":"https://geo.statcan.gc.ca/geo_wa/rest/services/2021/Cartographic_boundary_files/MapServer/9"},"community_display":"Kelowna","is_unorganized":false,"panel_title":"Kelowna","display_label":"Kelowna","map_label":"59350051"},"geometry":{"type":"MultiPolygon","coordinates":[[[[-119.47153483319785,49.874845805802465],[-119.47155120178948,49.87277888771497],[-119.47339892177561,49.872780974409146],[-119.47419352955293,49.87278101254198],[-119.47468401114112,49.872781025007434],[-119.47537117661417,49.872781453634076],[-119.47607220318874,49.87278269599095],[-119.47683171312093,49.87424130316196],[-119.47687563673276,49.874325211026736],[-119.47704727727626,49.87486372008476],[-119.47706636767103,49.87510315488275],[-119.47708730034594,49.875365502397685],[-119.47709664657302,49.87646322936805],[-119.47714835270598,49.87659003168066],[-119.47715417057522,49.876793560513015],[-119.4771534726985,49.87686379381629],[-119.47713959024414,49.87821494947932],[-119.47703505027445,49.8782132285371],[-119.4770206790546,49.87679915036887],[-119.47428118729542,49.876887402371935],[-119.47155092155636,49.87695002954171],[-119.47152902118295,49.87596072450316],[-119.47153483319785,49.874845805802465]]]]}},{"type":"Feature","properties":{"DGUID":"2021S051259350052","DAUID":"59350052","LANDAREA":0.2642,"PRUID":"59","fed_num":"59016","da_code":"59350052","geo_name":"59350052","name_source":{"label":"Statistics Canada Census Profile 2021 DA WDS","url":"https://www12.statcan.gc.ca/wds-sdw/2021profile-profil2021-eng.cfm"},"population":1070,"status":"ok","source":{"label":"Statistics Canada Census Profile 2021 DA WDS","url":"https://www12.statcan.gc.ca/wds-sdw/2021profile-profil2021-eng.cfm"},"community_name":"Kelowna","community_source":{"label":"Statistics Canada 2021 census subdivision boundaries (spatial lookup)","url":"https://geo.statcan.gc.ca/geo_wa/rest/services/2021/Cartographic_boundary_files/MapServer/9"},"community_display":"Kelowna","is_unorganized":false,"panel_title":"Kelowna","display_label":"Kelowna","map_label":"59350052"},"geometry":{"type":"MultiPolygon","coordinates":[[[[-119.47709664657302,49.87646322936805],[-119.47708730034594,49.875365502397685],[-119.47988118989048,49.875377228574685],[-119.48277904791406,49.875389311193956],[-119.48278351944532,49.87630701354023],[-119.48277616656782,49.87721951218577],[-119.48277137013152,49.87804116369346],[-119.4827704164571,49.8782028676264],[-119.4827691993086,49.87840984886208],[-119.48276868713418,49.878499688665066],[-119.4827677878682,49.878652768699666],[-119.48276085086906,49.87984009079995],[-119.48275774183716,49.880771811691446],[-119.4827611387422,49.88123709880056],[-119.47989980825403,49.88121798270365],[-119.47708436359258,49.88120066339827],[-119.47708243508202,49.87996342993966],[-119.4771064804435,49.879472699910956],[-119.47713959024414,49.87821494947932],[-119.4771534726985,49.87686379381629],[-119.47715417057522,49.876793560513015],[-119.47714835270598,49.87659003168066],[-119.47709664657302,49.87646322936805]]]]}},{"type":"Feature","properties":{"DGUID":"2021S051259350053","DAUID":"59350053","LANDAREA":0.2294,"PRUID":"59","fed_num":"59016","da_code":"59350053","geo_name":"59350053","name_source":{"label":"Statistics Canada Census Profile 2021 DA WDS","url":"https://www12.statcan.gc.ca/wds-sdw/2021profile-profil2021-eng.cfm"},"population":643,"status":"ok","source":{"label":"Statistics Canada Census Profile 2021 DA WDS","url":"https://www12.statcan.gc.ca/wds-sdw/2021profile-profil2021-eng.cfm"},"community_name":"Kelowna","community_source":{"label":"Statistics Canada 2021 census subdivision boundaries (spatial lookup)","url":"https://geo.statcan.gc.ca/geo_wa/rest/services/2021/Cartographic_boundary_files/MapServer/9"},"community_display":"Kelowna","is_unorganized":false,"panel_title":"Kelowna","display_label":"Kelowna","map_label":"59350053"},"geometry":{"type":"MultiPolygon","coordinates":[[[[-119.47683171312093,49.87424130316196],[-119.47607220318874,49.87278269599095],[-119.47715736648563,49.872782188962205],[-119.47892195054183,49.87278132627951],[-119.47891842260243,49.87227499993783],[-119.47891546877521,49.87184900867942],[-119.47890933499868,49.87092391899262],[-119.47890523484477,49.870092903839144],[-119.48024802551913,49.87007920277059],[-119.48024813137127,49.86908130724044],[-119.48150715407373,49.86908700008582],[-119.48276645885055,49.86909080270075],[-119.48276684527966,49.86953092274526],[-119.48276727158097,49.86999480891613],[-119.48276666610725,49.870947508166076],[-119.48276755869756,49.87182161106127],[-119.48276828392862,49.87225626466596],[-119.48276915993685,49.872788910290744],[-119.48277335048597,49.87389344422693],[-119.48277393304319,49.87404650389921],[-119.48277685176113,49.87481089266626],[-119.48277904791406,49.875389311193956],[-119.47988118989048,49.875377228574685],[-119.47708730034594,49.875365502397685],[-119.47706636767103,49.87510315488275],[-119.47704727727626,49.87486372008476],[-119.47687563673276,49.874325211026736],[-119.47683171312093,49.87424130316196]]]]}},{"type":"Feature","properties":{"DGUID":"2021S051259350062","DAUID":"59350062","LANDAREA":0.4944,"PRUID":"59","fed_num":"59016","da_code":"59350062","geo_name":"59350062","name_source":{"label":"Statistics Canada Census Profile 2021 DA WDS","url":"https://www12.statcan.gc.ca/wds-sdw/2021profile-profil2021-eng.cfm"},"population":1689,"status":"ok","source":{"label":"Statistics Canada Census Profile 2021 DA WDS","url":"https://www12.statcan.gc.ca/wds-sdw/2021profile-profil2021-eng.cfm"},"community_name":"Kelowna","community_source":{"label":"Statistics Canada 2021 census subdivision boundaries (spatial lookup)","url":"https://geo.statcan.gc.ca/geo_wa/rest/services/2021/Cartographic_boundary_files/MapServer/9"},"community_display":"Kelowna","is_unorganized":false,"panel_title":"Kelowna","display_label":"Kelowna","map_label":"59350062"},"geometry":{"type":"MultiPolygon","coordinates":[[[[-119.47442339771167,49.854645812688965],[-119.47455664499583,49.85408485455081],[-119.47459023622301,49.85393782067129],[-119.47459975211761,49.853920454104625],[-119.47490184392302,49.85336950894527],[-119.47498235531066,49.85324888937848],[-119.47656293213358,49.85088063121028],[-119.47682100093931,49.85094916556015],[-119.4789276324282,49.85150870050541],[-119.48039531812438,49.85191570123132],[-119.48052983708735,49.85195300827284],[-119.48144343176676,49.85200846531509],[-119.48184864810817,49.85199654706823],[-119.48230294217723,49.851924350499544],[-119.48262692681895,49.85183665055755],[-119.48283593469257,49.85178006801995],[-119.48381894462543,49.85137820084757],[-119.48517810869691,49.850825412008135],[-119.4855827374267,49.85066082358835],[-119.48592403333421,49.85051954091216],[-119.48660136273217,49.850243916972815],[-119.48684128777916,49.851331907365505],[-119.48694186946327,49.851605303187426],[-119.48678955663226,49.851668956719905],[-119.48528195708744,49.85229911165064],[-119.48407496689751,49.85279319985253],[-119.4826541219981,49.853376602706646],[-119.48373577420172,49.8544752019165],[-119.48498820356807,49.855731316059256],[-119.48527235879945,49.85601629505651],[-119.48535092766733,49.8561699991977],[-119.48539445879392,49.85625660008116],[-119.48539894168648,49.85720499077077],[-119.48540046845503,49.8575380331931],[-119.48540108090009,49.85765852332762],[-119.48357196948645,49.85765770718084],[-119.48251024336957,49.85766112244819],[-119.48159570439363,49.857660715133655],[-119.47917980404449,49.857661803625206],[-119.47777810882559,49.8576503157861],[-119.47723558435688,49.85763594549062],[-119.47624741726882,49.85761301529404],[-119.47581480769897,49.857591688106446],[-119.47438601668004,49.85742770009811],[-119.47440795478465,49.85665871119559],[-119.47441425867005,49.85583973018859],[-119.4744170729528,49.85547070480951],[-119.47441988889052,49.855101253326914],[-119.47442339771167,49.854645812688965]]]]}},{"type":"Feature","properties":{"DGUID":"2021S051259350066","DAUID":"59350066","LANDAREA":0.5085,"PRUID":"59","fed_num":"59016","da_code":"59350066","geo_name":"59350066","name_source":{"label":"Statistics Canada Census Profile 2021 DA WDS","url":"https://www12.statcan.gc.ca/wds-sdw/2021profile-profil2021-eng.cfm"},"population":720,"status":"ok","source":{"label":"Statistics Canada Census Profile 2021 DA WDS","url":"https://www12.statcan.gc.ca/wds-sdw/2021profile-profil2021-eng.cfm"},"community_name":"Kelowna","community_source":{"label":"Statistics Canada 2021 census subdivision boundaries (spatial lookup)","url":"https://geo.statcan.gc.ca/geo_wa/rest/services/2021/Cartographic_boundary_files/MapServer/9"},"community_display":"Kelowna","is_unorganized":false,"panel_title":"Kelowna","display_label":"Kelowna","map_label":"59350066"},"geometry":{"type":"MultiPolygon","coordinates":[[[[-119.48276838192442,49.86682329373111],[-119.48277114450205,49.866152616167206],[-119.48277054807825,49.865394060072305],[-119.480448704212,49.86539901000528],[-119.48007061534318,49.8653276742567],[-119.47927833431244,49.86496879291693],[-119.47899043241667,49.86490193062596],[-119.47834004554193,49.864889267089715],[-119.47678104004676,49.8648917948817],[-119.47563595332853,49.86489111295575],[-119.47421390173933,49.864873896772856],[-119.47431121330985,49.86096953070378],[-119.47431382355502,49.860882964780544],[-119.47568520106287,49.86088277023313],[-119.47611804599485,49.86088256343669],[-119.47677154845645,49.86088227299183],[-119.47812917564741,49.860881620059956],[-119.47993339798651,49.86088114875447],[-119.48083842573664,49.86088089292136],[-119.48357696883733,49.86089991633388],[-119.48421851010907,49.86090569021818],[-119.48539457998038,49.860913597687905],[-119.48602753551772,49.861134593522586],[-119.48671413642397,49.86137430456538],[-119.4882524721409,49.86186793108841],[-119.48824943277795,49.86198693525718],[-119.48824933107068,49.86370089552064],[-119.48825032613514,49.864367001972255],[-119.48825056577986,49.86452451187449],[-119.48824784994225,49.86540479685614],[-119.4859659049245,49.86540098407924],[-119.48544417570254,49.865400108717346],[-119.48544027396059,49.865839045524524],[-119.48543553871761,49.86637030336716],[-119.48543099953731,49.86682832407661],[-119.48542642726743,49.86728550316432],[-119.48276646349905,49.867281088811026],[-119.48276838192442,49.86682329373111]]]]}},{"type":"Feature","properties":{"DGUID":"2021S051259350067","DAUID":"59350067","LANDAREA":0.397,"PRUID":"59","fed_num":"59016","da_code":"59350067","geo_name":"59350067","name_source":{"label":"Statistics Canada Census Profile 2021 DA WDS","url":"https://www12.statcan.gc.ca/wds-sdw/2021profile-profil2021-eng.cfm"},"population":1131,"status":"ok","source":{"label":"Statistics Canada Census Profile 2021 DA WDS","url":"https://www12.statcan.gc.ca/wds-sdw/2021profile-profil2021-eng.cfm"},"community_name":"Kelowna","community_source":{"label":"Statistics Canada 2021 census subdivision boundaries (spatial lookup)","url":"https://geo.statcan.gc.ca/geo_wa/rest/services/2021/Cartographic_boundary_files/MapServer/9"},"community_display":"Kelowna","is_unorganized":false,"panel_title":"Kelowna","display_label":"Kelowna","map_label":"59350067"},"geometry":{"type":"MultiPolygon","coordinates":[[[[-119.47529510924538,49.87128148127741],[-119.474717452749,49.870173245199226],[-119.47436648357875,49.86938467793645],[-119.47423424888439,49.868843987445416],[-119.47420553561956,49.86821464866232],[-119.47420697547201,49.86763428242362],[-119.4742087097256,49.86694548939495],[-119.47421390173933,49.864873896772856],[-119.47563595332853,49.86489111295575],[-119.47678104004676,49.8648917948817],[-119.47834004554193,49.864889267089715],[-119.47899043241667,49.86490193062596],[-119.47927833431244,49.86496879291693],[-119.48007061534318,49.8653276742567],[-119.480448704212,49.86539901000528],[-119.48277054807825,49.865394060072305],[-119.48277114450205,49.866152616167206],[-119.48276838192442,49.86682329373111],[-119.48276646349905,49.867281088811026],[-119.48276625176173,49.86774996343293],[-119.48276605259822,49.86824281115764],[-119.48276621447762,49.86862214779595],[-119.48276645885055,49.86909080270075],[-119.48150715407373,49.86908700008582],[-119.48024813137127,49.86908130724044],[-119.48024802551913,49.87007920277059],[-119.47890523484477,49.870092903839144],[-119.47890933499868,49.87092391899262],[-119.47891546877521,49.87184900867942],[-119.47891842260243,49.87227499993783],[-119.47892195054183,49.87278132627951],[-119.47715736648563,49.872782188962205],[-119.47607220318874,49.87278269599095],[-119.47587114961172,49.87239140486294],[-119.47574940187731,49.872158356942755],[-119.47529510924538,49.87128148127741]]]]}},{"type":"Feature","properties":{"DGUID":"2021S051259350068","DAUID":"59350068","LANDAREA":0.2937,"PRUID":"59","fed_num":"59016","da_code":"59350068","geo_name":"59350068","name_source":{"label":"Statistics Canada Census Profile 2021 DA WDS","url":"https://www12.statcan.gc.ca/wds-sdw/2021profile-profil2021-eng.cfm"},"population":685,"status":"ok","source":{"label":"Statistics Canada Census Profile 2021 DA WDS","url":"https://www12.statcan.gc.ca/wds-sdw/2021profile-profil2021-eng.cfm"},"community_name":"Kelowna","community_source":{"label":"Statistics Canada 2021 census subdivision boundaries (spatial lookup)","url":"https://geo.statcan.gc.ca/geo_wa/rest/services/2021/Cartographic_boundary_files/MapServer/9"},"community_display":"Kelowna","is_unorganized":false,"panel_title":"Kelowna","display_label":"Kelowna","map_label":"59350068"},"geometry":{"type":"MultiPolygon","coordinates":[[[[-119.4736380597964,49.86724823043249],[-119.46781798436457,49.86728715511656],[-119.46740846571694,49.86761265054794],[-119.46652781912982,49.8676655111991],[-119.4665268984992,49.86760642198416],[-119.46590101186365,49.86760780005393],[-119.46590008157641,49.867370250832124],[-119.46570552228945,49.86661457445538],[-119.46518632312598,49.865979053886115],[-119.46435410276766,49.86484876265913],[-119.46571019205317,49.864820206718754],[-119.46924409518208,49.864856634278475],[-119.46924143654408,49.864535919578444],[-119.46924053061896,49.86432809941025],[-119.46934752506908,49.86416572816148],[-119.469718517522,49.86393500873678],[-119.46972533717835,49.863770207618465],[-119.46975364282551,49.86291851148498],[-119.47000980711132,49.86291690068644],[-119.47003151507923,49.86249154446983],[-119.47223124478512,49.86247787325153],[-119.47223181073173,49.86096980254952],[-119.47223327920099,49.86088139292128],[-119.47431382355502,49.860882964780544],[-119.47431121330985,49.86096953070378],[-119.47421390173933,49.864873896772856],[-119.4742087097256,49.86694548939495],[-119.47420697547201,49.86763428242362],[-119.4736380597964,49.86724823043249]]]]}},{"type":"Feature","properties":{"DGUID":"2021S051259350069","DAUID":"59350069","LANDAREA":1.1981,"PRUID":"59","fed_num":"59016","da_code":"59350069","geo_name":"59350069","name_source":{"label":"Statistics Canada Census Profile 2021 DA WDS","url":"https://www12.statcan.gc.ca/wds-sdw/2021profile-profil2021-eng.cfm"},"population":937,"status":"ok","source":{"label":"Statistics Canada Census Profile 2021 DA WDS","url":"https://www12.statcan.gc.ca/wds-sdw/2021profile-profil2021-eng.cfm"},"community_name":"Kelowna","community_source":{"label":"Statistics Canada 2021 census subdivision boundaries (spatial lookup)","url":"https://geo.statcan.gc.ca/geo_wa/rest/services/2021/Cartographic_boundary_files/MapServer/9"},"community_display":"Kelowna","is_unorganized":false,"panel_title":"Kelowna","display_label":"Kelowna","map_label":"59350069"},"geometry":{"type":"MultiPolygon","coordinates":[[[[-119.46582116182071,49.87277026805069],[-119.46581498753598,49.87113538924147],[-119.46593575757062,49.87110737365991],[-119.46594499061459,49.87110523347995],[-119.46598868683733,49.87101483039732],[-119.46594418949572,49.87093541566745],[-119.46592380236022,49.87092794380994],[-119.4658114420523,49.870886832545914],[-119.46569423860541,49.870924971367494],[-119.46563498518795,49.87100722269083],[-119.462408869749,49.87101195706724],[-119.46071126777048,49.87101439012564],[-119.45898558132365,49.87101685158775],[-119.45863789183716,49.87101736017765],[-119.45716283337094,49.87101942601861],[-119.45582836905845,49.87102130459331],[-119.45571557223454,49.871021442054094],[-119.4553271849194,49.87102199402458],[-119.4523889386172,49.87100583613],[-119.45135926055114,49.871000156435684],[-119.44947850082232,49.87098976077192],[-119.44793449331723,49.87098119561425],[-119.44580839577,49.870969369411874],[-119.44703698228238,49.869806061665045],[-119.44870529178871,49.86822632174238],[-119.44966501431016,49.86731597447422],[-119.44970418322751,49.867278832552344],[-119.4519228126158,49.86517411693117],[-119.45225893669519,49.86485521003929],[-119.45316201013303,49.864860392620606],[-119.45330154103833,49.86486116793366],[-119.45778509967123,49.86488670478561],[-119.45871794495773,49.864863296552244],[-119.45896804120962,49.8648570310195],[-119.45972922508187,49.86483792192059],[-119.46172522299184,49.86482653695387],[-119.46435410276766,49.86484876265913],[-119.46518632312598,49.865979053886115],[-119.46570552228945,49.86661457445538],[-119.46590008157641,49.867370250832124],[-119.46590101186365,49.86760780005393],[-119.4665268984992,49.86760642198416],[-119.46652781912982,49.8676655111991],[-119.46740846571694,49.86761265054794],[-119.46781798436457,49.86728715511656],[-119.4736380597964,49.86724823043249],[-119.47420697547201,49.86763428242362],[-119.47420553561956,49.86821464866232],[-119.47423424888439,49.868843987445416],[-119.47436648357875,49.86938467793645],[-119.474717452749,49.870173245199226],[-119.47529510924538,49.87128148127741],[-119.47574940187731,49.872158356942755],[-119.47587114961172,49.87239140486294],[-119.47607220318874,49.87278269599095],[-119.47537117661417,49.872781453634076],[-119.47468401114112,49.872781025007434],[-119.47419352955293,49.87278101254198],[-119.47339892177561,49.872780974409146],[-119.47155120178948,49.87277888771497],[-119.47055273216696,49.87277697130721],[-119.47031368965361,49.87274824111237],[-119.47006472938116,49.87271830536921],[-119.469710664375,49.872775382065],[-119.46937265318417,49.87277504218558],[-119.46892574710077,49.87277447902593],[-119.46582116182071,49.87277026805069]]]]}},{"type":"Feature","properties":{"DGUID":"2021S051259350070","DAUID":"59350070","LANDAREA":0.2339,"PRUID":"59","fed_num":"59016","da_code":"59350070","geo_name":"59350070","name_source":{"label":"Statistics Canada Census Profile 2021 DA WDS","url":"https://www12.statcan.gc.ca/wds-sdw/2021profile-profil2021-eng.cfm"},"population":602,"status":"ok","source":{"label":"Statistics Canada Census Profile 2021 DA WDS","url":"https://www12.statcan.gc.ca/wds-sdw/2021profile-profil2021-eng.cfm"},"community_name":"Kelowna","community_source":{"label":"Statistics Canada 2021 census subdivision boundaries (spatial lookup)","url":"https://geo.statcan.gc.ca/geo_wa/rest/services/2021/Cartographic_boundary_files/MapServer/9"},"community_display":"Kelowna","is_unorganized":false,"panel_title":"Kelowna","display_label":"Kelowna","map_label":"59350070"},"geometry":{"type":"MultiPolygon","coordinates":[[[[-119.47008681580458,49.878737105020015],[-119.46717561906179,49.87872561901447],[-119.46719050501314,49.87784152904941],[-119.46724384034907,49.87776161712338],[-119.46739610251669,49.87770301219742],[-119.4681169172722,49.87769372372114],[-119.46863371515246,49.877616309133394],[-119.46866780108716,49.87757312240651],[-119.46866872464312,49.87696181116858],[-119.4666417265107,49.8769417113728],[-119.46577999613552,49.876813412909],[-119.46579910891421,49.87549705568021],[-119.46581180232947,49.874620912638974],[-119.4658138457926,49.87421953726424],[-119.46581490169464,49.874003571988254],[-119.46581572691042,49.87384184381034],[-119.46581714380837,49.87356299626235],[-119.46582116182071,49.87277026805069],[-119.46892574710077,49.87277447902593],[-119.46937265318417,49.87277504218558],[-119.469710664375,49.872775382065],[-119.47006472938116,49.87271830536921],[-119.47031368965361,49.87274824111237],[-119.47055273216696,49.87277697130721],[-119.47155120178948,49.87277888771497],[-119.47153483319785,49.874845805802465],[-119.47152902118295,49.87596072450316],[-119.47155092155636,49.87695002954171],[-119.47156482832575,49.8777807252816],[-119.47033301226932,49.87780732670129],[-119.47014853903954,49.87789561037118],[-119.47011142880564,49.87798913030882],[-119.47008681580458,49.878737105020015]]]]}},{"type":"Feature","properties":{"DGUID":"2021S051259350071","DAUID":"59350071","LANDAREA":2.0121,"PRUID":"59","fed_num":"59016","da_code":"59350071","geo_name":"59350071","name_source":{"label":"Statistics Canada Census Profile 2021 DA WDS","url":"https://www12.statcan.gc.ca/wds-sdw/2021profile-profil2021-eng.cfm"},"population":1117,"status":"ok","source":{"label":"Statistics Canada Census Profile 2021 DA WDS","url":"https://www12.statcan.gc.ca/wds-sdw/2021profile-profil2021-eng.cfm"},"community_name":"Kelowna","community_source":{"label":"Statistics Canada 2021 census subdivision boundaries (spatial lookup)","url":"https://geo.statcan.gc.ca/geo_wa/rest/services/2021/Cartographic_boundary_files/MapServer/9"},"community_display":"Kelowna","is_unorganized":false,"panel_title":"Kelowna","display_label":"Kelowna","map_label":"59350071"},"geometry":{"type":"MultiPolygon","coordinates":[[[[-119.4502327133878,49.88570012227015],[-119.44916406460699,49.88601601052963],[-119.44908354775194,49.886071483995636],[-119.44880394797742,49.88611451721499],[-119.44842024594642,49.88617361175757],[-119.44421766098112,49.88677706668734],[-119.44387584669379,49.88681750447452],[-119.44323537799606,49.88689327726713],[-119.44291979827703,49.8869666487854],[-119.4417764191441,49.88722926401316],[-119.4416360730243,49.887261553500906],[-119.44145007993427,49.88730437041132],[-119.44126679349307,49.887346547787565],[-119.43914277464846,49.88783806876291],[-119.43756047095712,49.88820336086835],[-119.43753822313276,49.888208508183816],[-119.43754980014593,49.888189937455145],[-119.4376161719479,49.88808352672046],[-119.43773339309892,49.88770593854353],[-119.43773288239957,49.887263103383894],[-119.43773135108017,49.88592312815251],[-119.43771900146307,49.883240293958195],[-119.44317812033242,49.883219583716766],[-119.44756751470791,49.8832337662272],[-119.44759225190545,49.882740380742916],[-119.44762452776403,49.88196117683455],[-119.44865314608585,49.881968715036415],[-119.44981623818498,49.8819780421729],[-119.4498046997003,49.881859876194845],[-119.44978289877542,49.87884867796915],[-119.44979461040401,49.87727807266791],[-119.44979322132875,49.877151560813125],[-119.4483613081414,49.87715145267092],[-119.44333838636403,49.877175085919674],[-119.44317780345024,49.877174475777586],[-119.44318935313522,49.87689974008894],[-119.44326192430346,49.87676411576137],[-119.44324220383238,49.87641523812092],[-119.44310959627877,49.87604514985808],[-119.44259232482068,49.87538799365035],[-119.4424575095004,49.87521671619054],[-119.44221298749116,49.874750494679276],[-119.44211218207256,49.87464509875769],[-119.44183924440051,49.874366810498074],[-119.44174906240637,49.87428464864823],[-119.44253467436403,49.87390197077608],[-119.44296816201387,49.873558629621655],[-119.44316057302217,49.87347357305957],[-119.44580839577,49.870969369411874],[-119.44793449331723,49.87098119561425],[-119.44947850082232,49.87098976077192],[-119.45135926055114,49.871000156435684],[-119.4523889386172,49.87100583613],[-119.4553271849194,49.87102199402458],[-119.45571557223454,49.871021442054094],[-119.45582836905845,49.87102130459331],[-119.45716283337094,49.87101942601861],[-119.45863789183716,49.87101736017765],[-119.45898558132365,49.87101685158775],[-119.46071126777048,49.87101439012564],[-119.462408869749,49.87101195706724],[-119.46563498518795,49.87100722269083],[-119.46569423860541,49.870924971367494],[-119.4658114420523,49.870886832545914],[-119.46592380236022,49.87092794380994],[-119.46594418949572,49.87093541566745],[-119.46598868683733,49.87101483039732],[-119.46594499061459,49.87110523347995],[-119.46593575757062,49.87110737365991],[-119.46581498753598,49.87113538924147],[-119.46582116182071,49.87277026805069],[-119.46581714380837,49.87356299626235],[-119.46581572691042,49.87384184381034],[-119.46581490169464,49.874003571988254],[-119.4658138457926,49.87421953726424],[-119.46581180232947,49.874620912638974],[-119.46579910891421,49.87549705568021],[-119.46577999613552,49.876813412909],[-119.4650399417127,49.87679172211934],[-119.46383404422721,49.87678992404721],[-119.46104820610472,49.876785728777946],[-119.4610308773598,49.87925637089662],[-119.46099566574998,49.879667838905846],[-119.46085419914384,49.8800991573626],[-119.46081250651436,49.880633966246705],[-119.45821632098101,49.880636521956646],[-119.45821069445294,49.88186431790838],[-119.45466448198773,49.881875816754224],[-119.45466576070127,49.88201313303274],[-119.45466450802961,49.88314188635071],[-119.4546552539159,49.88415093204686],[-119.45465154614195,49.884985883426715],[-119.45465038474924,49.8852552695267],[-119.45464926477452,49.885506806019656],[-119.45464505930035,49.886451150811276],[-119.45464492235436,49.88648493538234],[-119.45445313074568,49.88634739277639],[-119.45336956762142,49.885570259283575],[-119.45330769474924,49.88555747307261],[-119.45136666931258,49.88552418825248],[-119.4502327133878,49.88570012227015]]]]}},{"type":"Feature","properties":{"DGUID":"2021S051259350072","DAUID":"59350072","LANDAREA":0.1993,"PRUID":"59","fed_num":"59016","da_code":"59350072","geo_name":"59350072","name_source":{"label":"Statistics Canada Census Profile 2021 DA WDS","url":"https://www12.statcan.gc.ca/wds-sdw/2021profile-profil2021-eng.cfm"},"population":695,"status":"ok","source":{"label":"Statistics Canada Census Profile 2021 DA WDS","url":"https://www12.statcan.gc.ca/wds-sdw/2021profile-profil2021-eng.cfm"},"community_name":"Kelowna","community_source":{"label":"Statistics Canada 2021 census subdivision boundaries (spatial lookup)","url":"https://geo.statcan.gc.ca/geo_wa/rest/services/2021/Cartographic_boundary_files/MapServer/9"},"community_display":"Kelowna","is_unorganized":false,"panel_title":"Kelowna","display_label":"Kelowna","map_label":"59350072"},"geometry":{"type":"MultiPolygon","coordinates":[[[[-119.45821069445294,49.88186431790838],[-119.45821632098101,49.880636521956646],[-119.46081250651436,49.880633966246705],[-119.46085419914384,49.8800991573626],[-119.46099566574998,49.879667838905846],[-119.4610308773598,49.87925637089662],[-119.46104820610472,49.876785728777946],[-119.46383404422721,49.87678992404721],[-119.4650399417127,49.87679172211934],[-119.46577999613552,49.876813412909],[-119.46577730221362,49.879281264763314],[-119.46577552603684,49.87988342116452],[-119.46577481484516,49.88013647019554],[-119.46577428896498,49.8803168881878],[-119.46278657225542,49.881619064527946],[-119.46223625700975,49.88186155526374],[-119.45821069445294,49.88186431790838]]]]}},{"type":"Feature","properties":{"DGUID":"2021S051259350073","DAUID":"59350073","LANDAREA":0.4799,"PRUID":"59","fed_num":"59016","da_code":"59350073","geo_name":"59350073","name_source":{"label":"Statistics Canada Census Profile 2021 DA WDS","url":"https://www12.statcan.gc.ca/wds-sdw/2021profile-profil2021-eng.cfm"},"population":806,"status":"ok","source":{"label":"Statistics Canada Census Profile 2021 DA WDS","url":"https://www12.statcan.gc.ca/wds-sdw/2021profile-profil2021-eng.cfm"},"community_name":"Kelowna","community_source":{"label":"Statistics Canada 2021 census subdivision boundaries (spatial lookup)","url":"https://geo.statcan.gc.ca/geo_wa/rest/services/2021/Cartographic_boundary_files/MapServer/9"},"community_display":"Kelowna","is_unorganized":false,"panel_title":"Kelowna","display_label":"Kelowna","map_label":"59350073"},"geometry":{"type":"MultiPolygon","coordinates":[[[[-119.46250775149025,49.886275582038586],[-119.46205545094567,49.88636049589588],[-119.46171263106945,49.88652960895768],[-119.46084416383175,49.88717836825185],[-119.46052675222352,49.8873941511024],[-119.4602083876467,49.88751957710395],[-119.45992903394145,49.8875967685282],[-119.45964068776632,49.887639099061566],[-119.45919604222891,49.887640152759055],[-119.45884255694175,49.887640991186665],[-119.45836178731207,49.88766094778978],[-119.4578541237557,49.88776149559876],[-119.45767978047594,49.88782406760673],[-119.45747783254077,49.88789651938822],[-119.45722640796178,49.88798673119292],[-119.45707779892075,49.888040066471],[-119.45690403966215,49.888101922001766],[-119.45662120191253,49.88820326486231],[-119.45579902574214,49.88845174296451],[-119.4556973114946,49.88848249262151],[-119.45567913718367,49.888487987937964],[-119.45541177340655,49.88856878904962],[-119.4550512917192,49.8886465211511],[-119.45454460644807,49.88865228207554],[-119.45455721433675,49.88841823917848],[-119.45460160516814,49.88759280520277],[-119.45463298284373,49.88694541039018],[-119.45464301629919,49.88675806776462],[-119.4546437671414,49.886743783239574],[-119.45464471933305,49.886528624217966],[-119.45464492235436,49.88648493538234],[-119.45464505930035,49.886451150811276],[-119.45464926477452,49.885506806019656],[-119.45465038474924,49.8852552695267],[-119.45465154614195,49.884985883426715],[-119.4546552539159,49.88415093204686],[-119.45466450802961,49.88314188635071],[-119.45466576070127,49.88201313303274],[-119.45466448198773,49.881875816754224],[-119.45821069445294,49.88186431790838],[-119.46223625700975,49.88186155526374],[-119.46278657225542,49.881619064527946],[-119.46577428896498,49.8803168881878],[-119.46577858982063,49.8808320108702],[-119.46578204812323,49.88124566673478],[-119.46578724105386,49.881865454118504],[-119.46578259148771,49.88189783668285],[-119.46577183695331,49.88197289429874],[-119.46571304569378,49.88238391378556],[-119.46548193401242,49.88266081038163],[-119.46464462973348,49.8831119218625],[-119.4626593101526,49.88419409910389],[-119.4625347898905,49.88431221561342],[-119.46352720041659,49.88473821451505],[-119.46386590611503,49.884802308257555],[-119.46432980504362,49.88489010759594],[-119.46451372079866,49.88492373061565],[-119.46517904538186,49.885149809602815],[-119.46530384194654,49.88519221137498],[-119.46567422739268,49.88525951404383],[-119.46693622077812,49.885257323313596],[-119.46775092597738,49.88525641120137],[-119.46774434239293,49.88626831291019],[-119.46681631682526,49.88626971221981],[-119.46508351985926,49.886271718086476],[-119.46338242327859,49.88627516840733],[-119.46318768842524,49.88627557175821],[-119.46311275985387,49.88627567475465],[-119.46283610770102,49.88627563069216],[-119.46250775149025,49.886275582038586]]]]}},{"type":"Feature","properties":{"DGUID":"2021S051259350074","DAUID":"59350074","LANDAREA":1.3867,"PRUID":"59","fed_num":"59016","da_code":"59350074","geo_name":"59350074","name_source":{"label":"Statistics Canada Census Profile 2021 DA WDS","url":"https://www12.statcan.gc.ca/wds-sdw/2021profile-profil2021-eng.cfm"},"population":1156,"status":"ok","source":{"label":"Statistics Canada Census Profile 2021 DA WDS","url":"https://www12.statcan.gc.ca/wds-sdw/2021profile-profil2021-eng.cfm"},"community_name":"Kelowna","community_source":{"label":"Statistics Canada 2021 census subdivision boundaries (spatial lookup)","url":"https://geo.statcan.gc.ca/geo_wa/rest/services/2021/Cartographic_boundary_files/MapServer/9"},"community_display":"Kelowna","is_unorganized":false,"panel_title":"Kelowna","display_label":"Kelowna","map_label":"59350074"},"geometry":{"type":"MultiPolygon","coordinates":[[[[-119.44127681069935,49.89527953146122],[-119.44042719498941,49.8954632286977],[-119.44017828722828,49.89554549294824],[-119.4395599850924,49.895749821411606],[-119.43902858738622,49.89604304454474],[-119.43808207173942,49.8966593815151],[-119.4379429845685,49.89674992851273],[-119.43769490704493,49.89698794276847],[-119.4369244662767,49.89808763355913],[-119.43674648405005,49.8982855450748],[-119.43644489074308,49.89850663394541],[-119.4360337917644,49.8987023476762],[-119.43470627004612,49.89922402844169],[-119.43434796231915,49.899315340523835],[-119.43389500574071,49.89935493713729],[-119.43317777876389,49.89931723292089],[-119.43276869500471,49.899236640942604],[-119.43188255964807,49.89901272547205],[-119.43148817531007,49.89903415190064],[-119.43116287513605,49.89912845076349],[-119.43091957227651,49.899274552668935],[-119.430380948524,49.89980203023242],[-119.43007277030729,49.90000114236587],[-119.43004052292261,49.90001148961017],[-119.42976206525285,49.900100727838215],[-119.42946644801805,49.9001443424645],[-119.42914018306419,49.900148238797094],[-119.4288599584703,49.90010432417177],[-119.42883274220522,49.900095729994185],[-119.428552003256,49.90000689817239],[-119.42853916055937,49.900002840917445],[-119.42826654802874,49.89985733704461],[-119.42804266070364,49.8996848335156],[-119.42753946938052,49.89911272041321],[-119.42730605767056,49.89892801232341],[-119.42703664391972,49.89878990251793],[-119.42676565014419,49.898701395249596],[-119.42640363127579,49.89864349540581],[-119.42652051306816,49.89784227749003],[-119.42640011772995,49.89738803138842],[-119.42599660757897,49.89640559908162],[-119.42597171085532,49.89620993103281],[-119.42604053741667,49.89597478291606],[-119.42615367214955,49.895723298558366],[-119.42704023716465,49.89372217011049],[-119.4272662590566,49.89338537344306],[-119.42769773088918,49.89305825552737],[-119.42790143718538,49.892956167310935],[-119.42845236782834,49.89268009911972],[-119.42882907858626,49.892558220558996],[-119.4292431550459,49.8924974188438],[-119.4309275018469,49.89236511500243],[-119.43103408666518,49.8923567417529],[-119.43155696043871,49.892248242251064],[-119.4317639703688,49.892169436335664],[-119.43212306118758,49.891956249487485],[-119.43285595351199,49.891360043207676],[-119.43411407632986,49.890473949748696],[-119.43451266240162,49.890257630031265],[-119.43603907536634,49.88960433617294],[-119.43639295789684,49.88940804409039],[-119.43667486455048,49.889187432841936],[-119.43733108246703,49.8885405338731],[-119.43749706980863,49.888274462028534],[-119.43753822313276,49.888208508183816],[-119.43756047095712,49.88820336086835],[-119.43914277464846,49.88783806876291],[-119.44126679349307,49.887346547787565],[-119.44145007993427,49.88730437041132],[-119.4416360730243,49.887261553500906],[-119.4417764191441,49.88722926401316],[-119.44291979827703,49.8869666487854],[-119.44323537799606,49.88689327726713],[-119.44387584669379,49.88681750447452],[-119.44421766098112,49.88677706668734],[-119.44842024594642,49.88617361175757],[-119.44880394797742,49.88611451721499],[-119.44908354775194,49.886071483995636],[-119.44916406460699,49.88601601052963],[-119.4502327133878,49.88570012227015],[-119.45136666931258,49.88552418825248],[-119.45330769474924,49.88555747307261],[-119.45336956762142,49.885570259283575],[-119.45445313074568,49.88634739277639],[-119.45464492235436,49.88648493538234],[-119.45464471933305,49.886528624217966],[-119.4546437671414,49.886743783239574],[-119.45464301629919,49.88675806776462],[-119.45463298284373,49.88694541039018],[-119.45460160516814,49.88759280520277],[-119.45455721433675,49.88841823917848],[-119.45454460644807,49.88865228207554],[-119.45430990371872,49.888651756942856],[-119.4541648859443,49.88862050428961],[-119.45380164392316,49.88842533019034],[-119.45355184427528,49.88833541840997],[-119.45278235599311,49.88837901801193],[-119.45256179311164,49.88839152776122],[-119.45236837871968,49.888402475313185],[-119.4521965634089,49.888412214662075],[-119.45178108974858,49.88846406586004],[-119.45148571015946,49.888545709305205],[-119.45093876121746,49.88874601691593],[-119.44991787410773,49.88911994782045],[-119.44947487573305,49.88917891312871],[-119.44945485033338,49.88918158079663],[-119.44892438790635,49.88918144367528],[-119.44814366778306,49.88918126941476],[-119.4480041087881,49.88918123730934],[-119.44650151743225,49.88918084593205],[-119.44569438067184,49.88918065826354],[-119.44520696903199,49.88918051858232],[-119.44487953202922,49.890405022596354],[-119.44480678215798,49.890598529045185],[-119.4438546362778,49.89427360231052],[-119.44268173628474,49.89885660594944],[-119.44266024690184,49.89892196671213],[-119.44293243609327,49.89973241733163],[-119.44267218969925,49.8993773228983],[-119.44248629711119,49.89890104280381],[-119.44246312499065,49.89878728975475],[-119.44239773870602,49.898466211495276],[-119.44226840634047,49.89783152202839],[-119.44222820338898,49.897633934819254],[-119.4422564743114,49.897320526569196],[-119.4423839160124,49.89703733596262],[-119.44284479477912,49.896407650137384],[-119.44289168666054,49.896279081611894],[-119.44292089275679,49.89619902992969],[-119.4429200278524,49.89603259587949],[-119.44291979846408,49.89598313100482],[-119.44282968061749,49.895783628883095],[-119.44268879611978,49.89561623586524],[-119.44250659448036,49.895474320148644],[-119.4422631918624,49.89536854215436],[-119.44187296462874,49.89526383876639],[-119.44159940841936,49.89525194163849],[-119.44127681069935,49.89527953146122]]]]}},{"type":"Feature","properties":{"DGUID":"2021S051259350075","DAUID":"59350075","LANDAREA":1.0292,"PRUID":"59","fed_num":"59016","da_code":"59350075","geo_name":"59350075","name_source":{"label":"Statistics Canada Census Profile 2021 DA WDS","url":"https://www12.statcan.gc.ca/wds-sdw/2021profile-profil2021-eng.cfm"},"population":512,"status":"ok","source":{"label":"Statistics Canada Census Profile 2021 DA WDS","url":"https://www12.statcan.gc.ca/wds-sdw/2021profile-profil2021-eng.cfm"},"community_name":"Kelowna","community_source":{"label":"Statistics Canada 2021 census subdivision boundaries (spatial lookup)","url":"https://geo.statcan.gc.ca/geo_wa/rest/services/2021/Cartographic_boundary_files/MapServer/9"},"community_display":"Kelowna","is_unorganized":false,"panel_title":"Kelowna","display_label":"Kelowna","map_label":"59350075"},"geometry":{"type":"MultiPolygon","coordinates":[[[[-119.4438546362778,49.89427360231052],[-119.44480678215798,49.890598529045185],[-119.44487953202922,49.890405022596354],[-119.44520696903199,49.88918051858232],[-119.44569438067184,49.88918065826354],[-119.44650151743225,49.88918084593205],[-119.4480041087881,49.88918123730934],[-119.44814366778306,49.88918126941476],[-119.44892438790635,49.88918144367528],[-119.44945485033338,49.88918158079663],[-119.44947487573305,49.88917891312871],[-119.44991787410773,49.88911994782045],[-119.45093876121746,49.88874601691593],[-119.45148571015946,49.888545709305205],[-119.45178108974858,49.88846406586004],[-119.4521965634089,49.888412214662075],[-119.45236837871968,49.888402475313185],[-119.45256179311164,49.88839152776122],[-119.45278235599311,49.88837901801193],[-119.45355184427528,49.88833541840997],[-119.45380164392316,49.88842533019034],[-119.4541648859443,49.88862050428961],[-119.45430990371872,49.888651756942856],[-119.45454460644807,49.88865228207554],[-119.45453985728437,49.889220673798064],[-119.45453951085045,49.88926514442944],[-119.45453814368469,49.88942759811011],[-119.45453294865983,49.89002873255211],[-119.45429452149858,49.89003522746815],[-119.45426133228914,49.8943470289931],[-119.45449939150558,49.89434323644034],[-119.45447127029483,49.89545578971141],[-119.45444772580854,49.896388227138914],[-119.45444447953936,49.89678774414388],[-119.4544310140999,49.89845242859073],[-119.45525220304542,49.89845643373507],[-119.45523063061981,49.900000426548104],[-119.45521873715145,49.900852021967815],[-119.45477674191049,49.901010891294156],[-119.45463327128404,49.90106244585549],[-119.45441552062869,49.90114073720051],[-119.45406351849643,49.90117831903679],[-119.45382122851325,49.90113848447172],[-119.45329084884563,49.90115366694637],[-119.45090232573473,49.9011261321739],[-119.45072910058434,49.9011235499101],[-119.45004169377107,49.90111333577947],[-119.44974470518747,49.901138025830654],[-119.44813149717422,49.90141153348851],[-119.44742488863871,49.90144592706777],[-119.44671748138941,49.90140803983247],[-119.44604030300363,49.901286123254785],[-119.44487330409213,49.90093524249871],[-119.4446837477454,49.90086317423673],[-119.44443070119402,49.900767003702846],[-119.44421058502623,49.90068333905943],[-119.44373020401034,49.90042783761576],[-119.44332179828345,49.900137834062356],[-119.44319481222406,49.90001126811287],[-119.44297950466571,49.89979662072934],[-119.44293243609327,49.89973241733163],[-119.44266024690184,49.89892196671213],[-119.44268173628474,49.89885660594944],[-119.4438546362778,49.89427360231052]]]]}},{"type":"Feature","properties":{"DGUID":"2021S051259350076","DAUID":"59350076","LANDAREA":3.8259,"PRUID":"59","fed_num":"59016","da_code":"59350076","geo_name":"59350076","name_source":{"label":"Statistics Canada Census Profile 2021 DA WDS","url":"https://www12.statcan.gc.ca/wds-sdw/2021profile-profil2021-eng.cfm"},"population":1008,"status":"ok","source":{"label":"Statistics Canada Census Profile 2021 DA WDS","url":"https://www12.statcan.gc.ca/wds-sdw/2021profile-profil2021-eng.cfm"},"community_name":"Kelowna","community_source":{"label":"Statistics Canada 2021 census subdivision boundaries (spatial lookup)","url":"https://geo.statcan.gc.ca/geo_wa/rest/services/2021/Cartographic_boundary_files/MapServer/9"},"community_display":"Kelowna","is_unorganized":false,"panel_title":"Kelowna","display_label":"Kelowna","map_label":"59350076"},"geometry":{"type":"MultiPolygon","coordinates":[[[[-119.39804883375349,49.91818776549815],[-119.39604212092742,49.918188437803344],[-119.3946642157717,49.91818131729097],[-119.3940787756675,49.91817826237746],[-119.39379994810069,49.91817682033303],[-119.39345154819563,49.91817500493423],[-119.39232236389665,49.918169132591665],[-119.38942164598119,49.91815394837117],[-119.38778971536401,49.91815369539208],[-119.38806161967838,49.91777368534006],[-119.38852990322383,49.917263783353],[-119.38885461020209,49.916981763645275],[-119.38961367476332,49.91654004142839],[-119.39245550287029,49.914887667669795],[-119.39345334196122,49.91437001212133],[-119.39580664052033,49.91315637438273],[-119.39593769111639,49.9130887959621],[-119.39808297217606,49.911965837066965],[-119.39864898517467,49.911648724940214],[-119.39976179161324,49.910944717750645],[-119.4013046712574,49.90950988357471],[-119.40522630300809,49.905305285752206],[-119.40588033737227,49.90460273089345],[-119.40596672250224,49.90450995772098],[-119.40606210184966,49.90440751406142],[-119.40862251574602,49.90163603471849],[-119.40895689128322,49.901276006181895],[-119.40923206873664,49.90097743750807],[-119.41239336675129,49.897575543061336],[-119.4140928951234,49.89574642129956],[-119.41442707819905,49.89538729075592],[-119.41499397357076,49.89542182031401],[-119.41747986747912,49.895679528963164],[-119.41812035514796,49.89540627063604],[-119.41887264803887,49.89508668385148],[-119.42041177997778,49.894430772876916],[-119.4212301643288,49.89408036548608],[-119.42286625457311,49.89338508898367],[-119.4235016657558,49.89311156107516],[-119.4237007547569,49.8930205765499],[-119.42444156353478,49.89271136988524],[-119.42640078812737,49.891878375906664],[-119.42775898730999,49.891296778711094],[-119.42916226636417,49.890700456934624],[-119.43044546152248,49.89015028024092],[-119.43068057976079,49.89005236603828],[-119.43111638357905,49.88987247943475],[-119.43139238881417,49.8897658617786],[-119.43164389004559,49.889672475177036],[-119.43222298025935,49.88947845907688],[-119.4322461701492,49.88947075976851],[-119.43247770202144,49.88940196980507],[-119.43288308528578,49.88929046374108],[-119.43354668939406,49.88912785621936],[-119.43434497299017,49.88894357884124],[-119.43569927401442,49.888630366730595],[-119.43715077894237,49.88829797658121],[-119.43753822313276,49.888208508183816],[-119.43749706980863,49.888274462028534],[-119.43733108246703,49.8885405338731],[-119.43667486455048,49.889187432841936],[-119.43639295789684,49.88940804409039],[-119.43603907536634,49.88960433617294],[-119.43451266240162,49.890257630031265],[-119.43411407632986,49.890473949748696],[-119.43285595351199,49.891360043207676],[-119.43212306118758,49.891956249487485],[-119.4317639703688,49.892169436335664],[-119.43155696043871,49.892248242251064],[-119.43103408666518,49.8923567417529],[-119.4309275018469,49.89236511500243],[-119.4292431550459,49.8924974188438],[-119.42882907858626,49.892558220558996],[-119.42845236782834,49.89268009911972],[-119.42790143718538,49.892956167310935],[-119.42769773088918,49.89305825552737],[-119.4272662590566,49.89338537344306],[-119.42704023716465,49.89372217011049],[-119.42615367214955,49.895723298558366],[-119.42604053741667,49.89597478291606],[-119.42597171085532,49.89620993103281],[-119.42599660757897,49.89640559908162],[-119.42640011772995,49.89738803138842],[-119.42652051306816,49.89784227749003],[-119.42640363127579,49.89864349540581],[-119.42629762118466,49.899078979293776],[-119.42610567680501,49.89986724189823],[-119.42604132418266,49.899998391735345],[-119.42553757873975,49.90102513637853],[-119.42492016227159,49.90157493762136],[-119.42513867047498,49.90167842714723],[-119.42531994525092,49.9017976419808],[-119.42549087438492,49.902047233231116],[-119.42564709847619,49.902643657318954],[-119.42567115268643,49.90273544195175],[-119.42590106512708,49.90324504457585],[-119.4258820744458,49.903357642473516],[-119.42584038566939,49.9036468507653],[-119.42577367201052,49.90410972970698],[-119.42526345994516,49.90485562921362],[-119.42502316322796,49.905358637771364],[-119.42498407368652,49.905533243722495],[-119.42500728432893,49.905711644335625],[-119.42508536046876,49.90587805568075],[-119.42554725035563,49.906339237222895],[-119.42613939170106,49.906682838738995],[-119.42626005458628,49.90681562600354],[-119.42628236054153,49.90709693642915],[-119.4262011721892,49.90726120382299],[-119.42614627246421,49.90737223407421],[-119.42601938477756,49.90750996837263],[-119.42590429254967,49.90763494841754],[-119.42601995368564,49.90771200554019],[-119.42625889418812,49.90787122781209],[-119.42649745857572,49.90810684497449],[-119.42672660996932,49.90852601307814],[-119.4267817948744,49.908626932187644],[-119.42691230319211,49.9087882478692],[-119.42707737246694,49.9089327346601],[-119.42729936851039,49.90907086410537],[-119.42747257657551,49.909178640351804],[-119.42756186231287,49.90922126174599],[-119.427687093614,49.90928103297251],[-119.42778806655956,49.90930638836296],[-119.42792317238762,49.90934034693674],[-119.4284117765971,49.90937425442655],[-119.42894478163429,49.909362034051775],[-119.4230860768082,49.91217932425827],[-119.42264017656674,49.91185893917966],[-119.42236437271481,49.9115127406829],[-119.42224625515033,49.91114895142119],[-119.42179158377044,49.91117033372665],[-119.41946072943763,49.911892919059824],[-119.41881315051648,49.91209364169261],[-119.41669048731089,49.91259810934403],[-119.41629685658769,49.9126916538586],[-119.4160810625698,49.91276265071765],[-119.41503449218192,49.91326797437454],[-119.41464264926122,49.9134571316269],[-119.4139158636663,49.91388617921639],[-119.41375155227082,49.91398314457062],[-119.4122502677401,49.914967339422354],[-119.41191786542343,49.915226339891106],[-119.41187688686485,49.91527886978422],[-119.41134284763231,49.915963738589824],[-119.41104466728565,49.9162853568601],[-119.41080657135795,49.916481438643586],[-119.41066860299095,49.91657166661303],[-119.4100467518923,49.91697833976654],[-119.4099685489211,49.91704700583193],[-119.40971366309182,49.9172707556167],[-119.40958117853542,49.91749113655642],[-119.40940834026654,49.91807674159557],[-119.4091960466397,49.918123552377],[-119.40918202292289,49.918124728097574],[-119.40845145631742,49.918186459239095],[-119.40841036924984,49.918189947891456],[-119.40621793834926,49.91818875479269],[-119.40538007516943,49.91818911524083],[-119.40260712627504,49.918190253353735],[-119.40000107117227,49.91818885280091],[-119.39917905296316,49.918188379813444],[-119.39804883375349,49.91818776549815]]]]}},{"type":"Feature","properties":{"DGUID":"2021S051259350077","DAUID":"59350077","LANDAREA":19.0941,"PRUID":"59","fed_num":"59016","da_code":"59350077","geo_name":"59350077","name_source":{"label":"Statistics Canada Census Profile 2021 DA WDS","url":"https://www12.statcan.gc.ca/wds-sdw/2021profile-profil2021-eng.cfm"},"population":4622,"status":"ok","source":{"label":"Statistics Canada Census Profile 2021 DA WDS","url":"https://www12.statcan.gc.ca/wds-sdw/2021profile-profil2021-eng.cfm"},"community_name":"Kelowna","community_source":{"label":"Statistics Canada 2021 census subdivision boundaries (spatial lookup)","url":"https://geo.statcan.gc.ca/geo_wa/rest/services/2021/Cartographic_boundary_files/MapServer/9"},"community_display":"Kelowna","is_unorganized":false,"panel_title":"Kelowna","display_label":"Kelowna","map_label":"59350077"},"geometry":{"type":"MultiPolygon","coordinates":[[[[-119.40379628460587,49.99775408855846],[-119.40393396573093,49.99738716019506],[-119.40412108753753,49.99739248077903],[-119.40415792022043,49.99729930539468],[-119.40430520451685,49.99673750197477],[-119.40439946057316,49.996135484341],[-119.4044068767569,49.995562550051936],[-119.40432155058956,49.994933457040865],[-119.40413416205983,49.99432259003264],[-119.40376678818599,49.993571779758575],[-119.40001596757749,49.98792342257329],[-119.39666309392993,49.982873033073886],[-119.39594578712253,49.98197258736569],[-119.39523568290907,49.981081164368895],[-119.3951068638516,49.98095589673651],[-119.39436438770028,49.98023396384073],[-119.39374145153799,49.97969581543046],[-119.39359129922822,49.979566083955845],[-119.39232607093552,49.97847306729501],[-119.39137293595857,49.97764958117256],[-119.3904638243559,49.97686413291828],[-119.39009241070735,49.97651694600261],[-119.38934445129718,49.97581771381765],[-119.38927008251618,49.975733739503866],[-119.38892463380593,49.97534352126909],[-119.38844885754965,49.97473412263761],[-119.38788180936905,49.9739149284228],[-119.38749646947616,49.973358228064996],[-119.38728676328387,49.973115325577346],[-119.38661073029313,49.972034117295095],[-119.38576957718341,49.97033623078704],[-119.38507225660156,49.968506100646536],[-119.38476785543382,49.967228872836294],[-119.38461191790647,49.96637513153224],[-119.38452690594407,49.96467681018393],[-119.38452751234247,49.964492446827286],[-119.38453498416403,49.96226413537909],[-119.38453611251357,49.96192616222823],[-119.38454217443541,49.96012012055482],[-119.38464974748548,49.95951437760871],[-119.38489383948503,49.958710986130264],[-119.3862047988144,49.95538941951983],[-119.3862810291233,49.95511673170665],[-119.38637362002464,49.954785556396494],[-119.3864450368634,49.95431308609501],[-119.3864981036858,49.952405457671766],[-119.38650693215313,49.952026691473534],[-119.38650709214566,49.951688076928505],[-119.38648617303,49.94882507019082],[-119.38654923759873,49.947359626270284],[-119.38661917199511,49.94654893076646],[-119.38672969397777,49.94526823384093],[-119.38685748276578,49.94458062917735],[-119.38717046781149,49.943677534462196],[-119.38767829171842,49.94264775958905],[-119.38798736183413,49.9420210624429],[-119.388494045643,49.94101680370239],[-119.3885158481581,49.94097324860323],[-119.38883121541059,49.940342538118614],[-119.3898638196912,49.938277571846214],[-119.39086141970645,49.93617644646274],[-119.39090125036218,49.936092560225944],[-119.39101525876076,49.93527766591382],[-119.39097897525595,49.93504064903766],[-119.39091827515861,49.934644175034435],[-119.3906224477836,49.93401221720575],[-119.39022558842298,49.93353671547806],[-119.38952610145128,49.933006772228936],[-119.3889109145474,49.93263223029271],[-119.38878195593885,49.93255369228702],[-119.38835212912477,49.93229198308379],[-119.38790407855376,49.93201918145614],[-119.38737145566922,49.93161218784792],[-119.38711145130254,49.93131200277815],[-119.38690633403252,49.931009708905826],[-119.38669714517006,49.930427216308985],[-119.3866519634683,49.92972640717795],[-119.38665378915401,49.92909707950214],[-119.38656107375655,49.929100898945705],[-119.38647646579993,49.92910443071995],[-119.38648308364458,49.92511252420356],[-119.3864842583659,49.92442425803412],[-119.38667285629735,49.924425748361564],[-119.38669223119425,49.9228157468813],[-119.38669237543029,49.92280678838524],[-119.3866967270897,49.92191198425058],[-119.38670353549935,49.92051275715297],[-119.38674182014775,49.920281578808876],[-119.38678261622451,49.92003528474373],[-119.38693570038627,49.91960655682796],[-119.38712128890351,49.91924300775378],[-119.38778458018966,49.918162069525096],[-119.38778971536401,49.91815369539208],[-119.38942164598119,49.91815394837117],[-119.39232236389665,49.918169132591665],[-119.39345154819563,49.91817500493423],[-119.39379994810069,49.91817682033303],[-119.3940787756675,49.91817826237746],[-119.3946642157717,49.91818131729097],[-119.39604212092742,49.918188437803344],[-119.39804883375349,49.91818776549815],[-119.39917905296316,49.918188379813444],[-119.40000107117227,49.91818885280091],[-119.40260712627504,49.918190253353735],[-119.40538007516943,49.91818911524083],[-119.40621793834926,49.91818875479269],[-119.40841036924984,49.918189947891456],[-119.40845145631742,49.918186459239095],[-119.40918202292289,49.918124728097574],[-119.4091960466397,49.918123552377],[-119.40940834026654,49.91807674159557],[-119.40958117853542,49.91749113655642],[-119.40971366309182,49.9172707556167],[-119.4099685489211,49.91704700583193],[-119.4100467518923,49.91697833976654],[-119.41066860299095,49.91657166661303],[-119.41080657135795,49.916481438643586],[-119.41104466728565,49.9162853568601],[-119.41134284763231,49.915963738589824],[-119.41187688686485,49.91527886978422],[-119.41191786542343,49.915226339891106],[-119.4122502677401,49.914967339422354],[-119.41375155227082,49.91398314457062],[-119.4139158636663,49.91388617921639],[-119.41464264926122,49.9134571316269],[-119.41503449218192,49.91326797437454],[-119.4160810625698,49.91276265071765],[-119.41629685658769,49.9126916538586],[-119.41669048731089,49.91259810934403],[-119.41881315051648,49.91209364169261],[-119.41946072943763,49.911892919059824],[-119.42179158377044,49.91117033372665],[-119.42224625515033,49.91114895142119],[-119.42236437271481,49.9115127406829],[-119.42264017656674,49.91185893917966],[-119.4230860768082,49.91217932425827],[-119.42269147986113,49.91232714764908],[-119.42250136805556,49.91247194157448],[-119.4213440297321,49.91376933229085],[-119.42037136615066,49.914859633706634],[-119.42034027138635,49.91490089764454],[-119.42016376128814,49.915135139572975],[-119.42002679272115,49.915406845309484],[-119.41997773450153,49.91567055863348],[-119.41993276444101,49.91591234794716],[-119.41993885230444,49.91608007467107],[-119.41996624177284,49.916834990122034],[-119.41997968791492,49.91720562189623],[-119.4199767811353,49.917347465512634],[-119.41996066459878,49.918140936194945],[-119.41990137042276,49.91860823784232],[-119.41985888478793,49.918943034191166],[-119.41985364146633,49.91897200564397],[-119.41968316042642,49.91991296093054],[-119.41958521749767,49.92045343165092],[-119.41955089339494,49.92064285525928],[-119.41950119769693,49.92091724033528],[-119.41947759655496,49.92143954647531],[-119.4194980999782,49.92253704691844],[-119.41962862330244,49.92305792529082],[-119.41972349111383,49.923436544967174],[-119.41986547456649,49.923741230160346],[-119.41808181155913,49.92444303733011],[-119.41725767972562,49.92502644121862],[-119.41693027223437,49.92537603372197],[-119.41680677654514,49.925765938720275],[-119.41692020177724,49.92615293479381],[-119.41699103145557,49.926290630500674],[-119.4175687938379,49.92741384437858],[-119.41761337476423,49.927666644829536],[-119.41760821196756,49.92768553855199],[-119.41754529102896,49.92791533518892],[-119.41707863332569,49.928607337082234],[-119.41664312500922,49.929253115353],[-119.41650061624362,49.92946443661669],[-119.41634373998446,49.9296361111761],[-119.41630117862525,49.92968264021055],[-119.41600619817585,49.92985867430777],[-119.41530291457825,49.93027838726055],[-119.41491290475304,49.93051112340745],[-119.41482409488083,49.93058835318811],[-119.414636094499,49.93075184616862],[-119.41464729134815,49.931032445863615],[-119.41418960560863,49.931131221576734],[-119.41396219293125,49.93125302686618],[-119.41386281347205,49.931358316126925],[-119.41381860780618,49.93140513495552],[-119.41347792105593,49.93218167682308],[-119.41342990834596,49.93229111683565],[-119.41340951508569,49.932337644369625],[-119.41307237744998,49.93310608040426],[-119.41304467875277,49.933169129839904],[-119.41300572246683,49.933234828939895],[-119.41259155140192,49.93393284370738],[-119.4115680213086,49.93438502588848],[-119.41141000004214,49.93441343741948],[-119.41276591009913,49.936827015569826],[-119.41161646945292,49.93885466733259],[-119.40917867160054,49.94015084188613],[-119.40929988944255,49.9422640275802],[-119.40977745891813,49.945406364465455],[-119.41021045651699,49.94878136152457],[-119.41043957853904,49.949176172502675],[-119.41149868306849,49.94984457874279],[-119.41175702923707,49.95003590054003],[-119.41223147731232,49.950370510229796],[-119.41227908782962,49.952122162294614],[-119.41244151821819,49.9526266281968],[-119.41374224830219,49.954322101745035],[-119.41413001138369,49.95608428973],[-119.41414294403755,49.957010350914445],[-119.41429854331079,49.95796114351949],[-119.41482972002039,49.95968269153823],[-119.41434478912328,49.95996867358292],[-119.4136817487943,49.96070441955037],[-119.41348132846514,49.96115038929091],[-119.41359206732162,49.962509034252975],[-119.41287350687804,49.962897713243535],[-119.4122625726243,49.96332875658235],[-119.41248928749731,49.96337673941531],[-119.41450477749935,49.965132579596066],[-119.41623995237177,49.96489548787779],[-119.41742620670453,49.964345202766744],[-119.41781781087555,49.964283746301795],[-119.42091625712027,49.963544970317884],[-119.4229688370359,49.9630842731281],[-119.42400520461659,49.96294910670032],[-119.42432990439156,49.96341438392284],[-119.42462550723175,49.96396489717898],[-119.42480603372414,49.964508505857545],[-119.42489791588197,49.96507390833829],[-119.42488668953101,49.96530762554627],[-119.4248610197437,49.965843710424686],[-119.42467762303025,49.96658019037323],[-119.42411776276441,49.96882853106293],[-119.42373898881524,49.97035974224113],[-119.42371741850776,49.97044701989024],[-119.42336668923895,49.972178588136494],[-119.42325390463571,49.97273529739008],[-119.4234042989238,49.97405899802219],[-119.42338824315222,49.974221951849444],[-119.42329914045874,49.97512630472309],[-119.42333053657475,49.97547130445855],[-119.42355868386915,49.97601514392708],[-119.42391585068462,49.97686640258627],[-119.42401242969675,49.97721531228592],[-119.4239798566421,49.97744066150602],[-119.42396695570301,49.97752989939034],[-119.42393673996658,49.9777390072183],[-119.42365190877044,49.978563757550134],[-119.42364803363273,49.9785749977262],[-119.42348121500727,49.97920600925146],[-119.42340843173181,49.97992310940315],[-119.42345282221454,49.98007121793134],[-119.42342653612486,49.9809425612631],[-119.42340293500969,49.98172510214885],[-119.42333937180821,49.98188595199821],[-119.42257192873761,49.98382816367855],[-119.42184214986008,49.98567478904268],[-119.42105523685707,49.98687539678053],[-119.42097735008116,49.98705579696435],[-119.42092915306051,49.98741860607948],[-119.42103793546299,49.987779999001916],[-119.42127714349901,49.98811130662466],[-119.42196929344904,49.98863073477923],[-119.42212258631999,49.9887457782383],[-119.42247602258026,49.98901101033485],[-119.42361326113488,49.98986438769443],[-119.42401917303962,49.990331205401745],[-119.42405047382526,49.990387237042405],[-119.4241162476309,49.990504888161624],[-119.42420616400629,49.9906657065899],[-119.42441465494801,49.991587492490154],[-119.42451537380623,49.991763300330106],[-119.4247340816652,49.993041379592],[-119.42512528828188,49.99486088127504],[-119.42526991022828,49.9957945778753],[-119.4252926958869,49.995941785569535],[-119.42546292402861,49.99667865086094],[-119.42559860605012,49.99726579483483],[-119.4255906640864,49.997630998856835],[-119.4254991741821,49.99797319069985],[-119.42540074309679,49.99815506786363],[-119.42524120762441,49.998449794413304],[-119.42497337618674,49.998752493752264],[-119.4242512668168,49.99925507291435],[-119.42383637636212,49.999543802005455],[-119.42352939666121,49.99984589308459],[-119.42338704019004,50.000017737288786],[-119.42295238166155,50.00054260348362],[-119.4226588889388,50.00107128741712],[-119.42253978514965,50.00163300570879],[-119.42235226477223,50.002203188912446],[-119.42203831205327,50.002747797014834],[-119.42203244936363,50.00275596508349],[-119.42180264945,50.0030773349841],[-119.42058578667819,50.00477899511035],[-119.42050170404117,50.004896584802495],[-119.4197246706123,50.005842185416846],[-119.40883766029306,50.00575281880191],[-119.40303789341367,50.005410345772034],[-119.40288797433175,50.00540299196708],[-119.40287773563693,50.00462647342688],[-119.40287193137033,50.00418821375485],[-119.40291786003974,50.00087458237755],[-119.4029190345057,50.000791405453704],[-119.4029585190604,50.000519260818564],[-119.4029995339685,50.00023640643052],[-119.40301116852928,50.00018158556822],[-119.40304977133374,49.99999997259688],[-119.40311466229902,49.999694553729896],[-119.40317571973605,49.999407205812275],[-119.40323324358422,49.99925401285329],[-119.40327777306887,49.999135367506064],[-119.40357076978336,49.99835479003422],[-119.40379266065534,49.99776366107143],[-119.40379628460587,49.99775408855846]]]]}},{"type":"Feature","properties":{"DGUID":"2021S051259350078","DAUID":"59350078","LANDAREA":1.2463,"PRUID":"59","fed_num":"59016","da_code":"59350078","geo_name":"59350078","name_source":{"label":"Statistics Canada Census Profile 2021 DA WDS","url":"https://www12.statcan.gc.ca/wds-sdw/2021profile-profil2021-eng.cfm"},"population":525,"status":"ok","source":{"label":"Statistics Canada Census Profile 2021 DA WDS","url":"https://www12.statcan.gc.ca/wds-sdw/2021profile-profil2021-eng.cfm"},"community_name":"Kelowna","community_source":{"label":"Statistics Canada 2021 census subdivision boundaries (spatial lookup)","url":"https://geo.statcan.gc.ca/geo_wa/rest/services/2021/Cartographic_boundary_files/MapServer/9"},"community_display":"Kelowna","is_unorganized":false,"panel_title":"Kelowna","display_label":"Kelowna","map_label":"59350078"},"geometry":{"type":"MultiPolygon","coordinates":[[[[-119.38675586312876,49.911047390337494],[-119.38675949275571,49.910444111584304],[-119.38676180626486,49.910057658912834],[-119.38677030790296,49.909179457803155],[-119.3867770972375,49.90873471766018],[-119.38679281590137,49.90770426034256],[-119.38679890593713,49.90724766443585],[-119.38781202240465,49.90724909285669],[-119.3884107716203,49.90724992857181],[-119.38870962776838,49.90725035776232],[-119.39147546049726,49.90725526156123],[-119.39208860744814,49.90725635087383],[-119.39238554871723,49.90725685754318],[-119.39446952863288,49.90726004840046],[-119.39476384965127,49.90726044952617],[-119.39523737351233,49.90726110000138],[-119.39804643006168,49.907264904643554],[-119.398050169628,49.90670337547274],[-119.39805309850324,49.9062628772337],[-119.39805666785297,49.905842263030735],[-119.39806155965478,49.90443735136908],[-119.39808451636424,49.90362235725131],[-119.39808658465604,49.90352735929669],[-119.39809069672339,49.903338250994416],[-119.39809934793337,49.90296941914794],[-119.39809421189311,49.90258979579731],[-119.39551858863072,49.90226986358628],[-119.39438862685171,49.90228905094488],[-119.39439421430697,49.901169560383074],[-119.39614693742183,49.901170763355616],[-119.39792067452002,49.90117083114252],[-119.39830102801668,49.901170859180986],[-119.40000889655357,49.90117283060012],[-119.40031545944662,49.901173182641095],[-119.40098301986737,49.901173962387965],[-119.40227499551436,49.901177569102344],[-119.40234663002119,49.90117864582201],[-119.40321237377871,49.90117831807765],[-119.40409963379425,49.901177948361415],[-119.40602440749875,49.90118264294078],[-119.4066096633283,49.90118404794393],[-119.4067657460671,49.901184442300895],[-119.40825309431132,49.9011938137289],[-119.40876608391243,49.90125185177237],[-119.40895689128322,49.901276006181895],[-119.40862251574602,49.90163603471849],[-119.40606210184966,49.90440751406142],[-119.40596672250224,49.90450995772098],[-119.40588033737227,49.90460273089345],[-119.40522630300809,49.905305285752206],[-119.4013046712574,49.90950988357471],[-119.39976179161324,49.910944717750645],[-119.39864898517467,49.911648724940214],[-119.39808297217606,49.911965837066965],[-119.39593769111639,49.9130887959621],[-119.39580664052033,49.91315637438273],[-119.39345334196122,49.91437001212133],[-119.39245550287029,49.914887667669795],[-119.38961367476332,49.91654004142839],[-119.38885461020209,49.916981763645275],[-119.38852990322383,49.917263783353],[-119.38806161967838,49.91777368534006],[-119.38778971536401,49.91815369539208],[-119.3876695499638,49.918151995431955],[-119.38759436746659,49.9181509067918],[-119.38748559745935,49.91814884635715],[-119.38668042232864,49.91813714205857],[-119.3867570405164,49.917829968413685],[-119.38678670886176,49.91576503555847],[-119.38677739961332,49.915590216180355],[-119.3866889594954,49.91556216250131],[-119.38654133907966,49.91551007737491],[-119.38639734470769,49.9154539011886],[-119.38625727477115,49.915393743730355],[-119.38634701427938,49.91533035545042],[-119.38642888677114,49.91526266929237],[-119.38650239057152,49.91519109042578],[-119.38656706025708,49.91511601321178],[-119.38662251410169,49.91503794901509],[-119.38666840939445,49.914957340780916],[-119.3867044731472,49.914874667446156],[-119.38673048535628,49.91479042053798],[-119.38675185996607,49.914619341255964],[-119.38674705003024,49.91453349727509],[-119.38674020522605,49.91364796323942],[-119.3867467759422,49.91255883327737],[-119.38675211775038,49.911668336396296],[-119.38675586312876,49.911047390337494]]]]}},{"type":"Feature","properties":{"DGUID":"2021S051259350079","DAUID":"59350079","LANDAREA":0.3266,"PRUID":"59","fed_num":"59016","da_code":"59350079","geo_name":"59350079","name_source":{"label":"Statistics Canada Census Profile 2021 DA WDS","url":"https://www12.statcan.gc.ca/wds-sdw/2021profile-profil2021-eng.cfm"},"population":776,"status":"ok","source":{"label":"Statistics Canada Census Profile 2021 DA WDS","url":"https://www12.statcan.gc.ca/wds-sdw/2021profile-profil2021-eng.cfm"},"community_name":"Kelowna","community_source":{"label":"Statistics Canada 2021 census subdivision boundaries (spatial lookup)","url":"https://geo.statcan.gc.ca/geo_wa/rest/services/2021/Cartographic_boundary_files/MapServer/9"},"community_display":"Kelowna","is_unorganized":false,"panel_title":"Kelowna","display_label":"Kelowna","map_label":"59350079"},"geometry":{"type":"MultiPolygon","coordinates":[[[[-119.38890171210743,49.90590647028428],[-119.38890300737468,49.90391447365137],[-119.38890321483,49.903600965877956],[-119.38958465388382,49.903591362839805],[-119.39108280636921,49.903570254696284],[-119.39158340462627,49.90355985112079],[-119.39310023179075,49.903588363615754],[-119.3931003086501,49.9034952978669],[-119.39310082956231,49.90280275946698],[-119.39310209934882,49.9022248471307],[-119.39307290869398,49.90212736905758],[-119.39297162820695,49.90205435434471],[-119.39271052277269,49.90202326484778],[-119.39230072962063,49.90203455225919],[-119.39226141031625,49.90116705932077],[-119.39347740488874,49.90116835361254],[-119.39439421430697,49.901169560383074],[-119.39438862685171,49.90228905094488],[-119.39551858863072,49.90226986358628],[-119.39809421189311,49.90258979579731],[-119.39809934793337,49.90296941914794],[-119.39809069672339,49.903338250994416],[-119.39808658465604,49.90352735929669],[-119.39808451636424,49.90362235725131],[-119.39806155965478,49.90443735136908],[-119.39805666785297,49.905842263030735],[-119.39805309850324,49.9062628772337],[-119.398050169628,49.90670337547274],[-119.39804643006168,49.907264904643554],[-119.39523737351233,49.90726110000138],[-119.39476384965127,49.90726044952617],[-119.39446952863288,49.90726004840046],[-119.39238554871723,49.90725685754318],[-119.39208860744814,49.90725635087383],[-119.39147546049726,49.90725526156123],[-119.38870962776838,49.90725035776232],[-119.38869852249722,49.90639177148768],[-119.38882351280137,49.906127463277876],[-119.38890171210743,49.90590647028428]]]]}},{"type":"Feature","properties":{"DGUID":"2021S051259350080","DAUID":"59350080","LANDAREA":0.2869,"PRUID":"59","fed_num":"59016","da_code":"59350080","geo_name":"59350080","name_source":{"label":"Statistics Canada Census Profile 2021 DA WDS","url":"https://www12.statcan.gc.ca/wds-sdw/2021profile-profil2021-eng.cfm"},"population":1203,"status":"ok","source":{"label":"Statistics Canada Census Profile 2021 DA WDS","url":"https://www12.statcan.gc.ca/wds-sdw/2021profile-profil2021-eng.cfm"},"community_name":"Kelowna","community_source":{"label":"Statistics Canada 2021 census subdivision boundaries (spatial lookup)","url":"https://geo.statcan.gc.ca/geo_wa/rest/services/2021/Cartographic_boundary_files/MapServer/9"},"community_display":"Kelowna","is_unorganized":false,"panel_title":"Kelowna","display_label":"Kelowna","map_label":"59350080"},"geometry":{"type":"MultiPolygon","coordinates":[[[[-119.38682397851694,49.90456952796778],[-119.3868328080218,49.90361115302693],[-119.3868307887272,49.902769838167536],[-119.38682950638383,49.902245464557296],[-119.38682912852495,49.90115896065303],[-119.38682926478147,49.899998859890985],[-119.38682927169063,49.89995331861054],[-119.3868432165639,49.89869407884341],[-119.3868464738733,49.89839957361892],[-119.38686621886313,49.89661531196335],[-119.38687382209433,49.89592806176614],[-119.38687580093068,49.895747645117204],[-119.38725109427321,49.89574236838857],[-119.38762111224601,49.89569707166009],[-119.38808380450654,49.89556157768073],[-119.38831429036665,49.89549834486918],[-119.38868793849521,49.89539585949458],[-119.38867518912544,49.89681384917788],[-119.38880299215634,49.89742666973312],[-119.3888218117562,49.89826135001856],[-119.39001251571025,49.898262967236995],[-119.38996872208288,49.899316953889844],[-119.38995987928331,49.899997613209756],[-119.38995771219793,49.90016435116474],[-119.38994590944874,49.90116246383986],[-119.39226141031625,49.90116705932077],[-119.39230072962063,49.90203455225919],[-119.39271052277269,49.90202326484778],[-119.39297162820695,49.90205435434471],[-119.39307290869398,49.90212736905758],[-119.39310209934882,49.9022248471307],[-119.39310082956231,49.90280275946698],[-119.3931003086501,49.9034952978669],[-119.39310023179075,49.903588363615754],[-119.39158340462627,49.90355985112079],[-119.39108280636921,49.903570254696284],[-119.38958465388382,49.903591362839805],[-119.38890321483,49.903600965877956],[-119.38890300737468,49.90391447365137],[-119.38890171210743,49.90590647028428],[-119.38882351280137,49.906127463277876],[-119.38869852249722,49.90639177148768],[-119.38870962776838,49.90725035776232],[-119.3884107716203,49.90724992857181],[-119.38781202240465,49.90724909285669],[-119.38679890593713,49.90724766443585],[-119.38680281366902,49.906883056283206],[-119.38681592043426,49.90544335290312],[-119.38681641142313,49.90538846749688],[-119.38682397851694,49.90456952796778]]]]}},{"type":"Feature","properties":{"DGUID":"2021S051259350081","DAUID":"59350081","LANDAREA":0.2067,"PRUID":"59","fed_num":"59016","da_code":"59350081","geo_name":"59350081","name_source":{"label":"Statistics Canada Census Profile 2021 DA WDS","url":"https://www12.statcan.gc.ca/wds-sdw/2021profile-profil2021-eng.cfm"},"population":633,"status":"ok","source":{"label":"Statistics Canada Census Profile 2021 DA WDS","url":"https://www12.statcan.gc.ca/wds-sdw/2021profile-profil2021-eng.cfm"},"community_name":"Kelowna","community_source":{"label":"Statistics Canada 2021 census subdivision boundaries (spatial lookup)","url":"https://geo.statcan.gc.ca/geo_wa/rest/services/2021/Cartographic_boundary_files/MapServer/9"},"community_display":"Kelowna","is_unorganized":false,"panel_title":"Kelowna","display_label":"Kelowna","map_label":"59350081"},"geometry":{"type":"MultiPolygon","coordinates":[[[[-119.38995771219793,49.90016435116474],[-119.38995987928331,49.899997613209756],[-119.38996872208288,49.899316953889844],[-119.39001251571025,49.898262967236995],[-119.3935128256023,49.898270647665164],[-119.39445361159561,49.89826976183184],[-119.39528093385248,49.8982716104018],[-119.39602140827701,49.898273278422934],[-119.39602532486725,49.897840965789726],[-119.39601662739629,49.89696435402474],[-119.3970896446867,49.8969759845574],[-119.3979634215948,49.89698545952594],[-119.39795327432554,49.89824934034677],[-119.3979393159438,49.89999500586289],[-119.39793852829673,49.90009234613488],[-119.39826113112605,49.900837956005816],[-119.39830102801668,49.901170859180986],[-119.39792067452002,49.90117083114252],[-119.39614693742183,49.901170763355616],[-119.39439421430697,49.901169560383074],[-119.39347740488874,49.90116835361254],[-119.39226141031625,49.90116705932077],[-119.38994590944874,49.90116246383986],[-119.38995771219793,49.90016435116474]]]]}},{"type":"Feature","properties":{"DGUID":"2021S051259350082","DAUID":"59350082","LANDAREA":0.1952,"PRUID":"59","fed_num":"59016","da_code":"59350082","geo_name":"59350082","name_source":{"label":"Statistics Canada Census Profile 2021 DA WDS","url":"https://www12.statcan.gc.ca/wds-sdw/2021profile-profil2021-eng.cfm"},"population":505,"status":"ok","source":{"label":"Statistics Canada Census Profile 2021 DA WDS","url":"https://www12.statcan.gc.ca/wds-sdw/2021profile-profil2021-eng.cfm"},"community_name":"Kelowna","community_source":{"label":"Statistics Canada 2021 census subdivision boundaries (spatial lookup)","url":"https://geo.statcan.gc.ca/geo_wa/rest/services/2021/Cartographic_boundary_files/MapServer/9"},"community_display":"Kelowna","is_unorganized":false,"panel_title":"Kelowna","display_label":"Kelowna","map_label":"59350082"},"geometry":{"type":"MultiPolygon","coordinates":[[[[-119.3935128256023,49.898270647665164],[-119.39001251571025,49.898262967236995],[-119.3888218117562,49.89826135001856],[-119.38880299215634,49.89742666973312],[-119.38867518912544,49.89681384917788],[-119.38868793849521,49.89539585949458],[-119.3890586209081,49.89534516220527],[-119.38925431064516,49.895345258174444],[-119.38990451670732,49.89534305784813],[-119.39047522388617,49.895340556226536],[-119.39119143137997,49.895336056727864],[-119.39276731223353,49.89534106891946],[-119.39351712375804,49.895345745507186],[-119.39435942252055,49.8953497584818],[-119.39520452715664,49.895352955271214],[-119.3979457273496,49.89536964542793],[-119.39796994566284,49.89618745786575],[-119.3979634215948,49.89698545952594],[-119.3970896446867,49.8969759845574],[-119.39601662739629,49.89696435402474],[-119.39602532486725,49.897840965789726],[-119.39602140827701,49.898273278422934],[-119.39528093385248,49.8982716104018],[-119.39445361159561,49.89826976183184],[-119.3935128256023,49.898270647665164]]]]}},{"type":"Feature","properties":{"DGUID":"2021S051259350083","DAUID":"59350083","LANDAREA":0.1014,"PRUID":"59","fed_num":"59016","da_code":"59350083","geo_name":"59350083","name_source":{"label":"Statistics Canada Census Profile 2021 DA WDS","url":"https://www12.statcan.gc.ca/wds-sdw/2021profile-profil2021-eng.cfm"},"population":368,"status":"ok","source":{"label":"Statistics Canada Census Profile 2021 DA WDS","url":"https://www12.statcan.gc.ca/wds-sdw/2021profile-profil2021-eng.cfm"},"community_name":"Kelowna","community_source":{"label":"Statistics Canada 2021 census subdivision boundaries (spatial lookup)","url":"https://geo.statcan.gc.ca/geo_wa/rest/services/2021/Cartographic_boundary_files/MapServer/9"},"community_display":"Kelowna","is_unorganized":false,"panel_title":"Kelowna","display_label":"Kelowna","map_label":"59350083"},"geometry":{"type":"MultiPolygon","coordinates":[[[[-119.39520452715664,49.895352955271214],[-119.39435942252055,49.8953497584818],[-119.39438512949798,49.89215156683875],[-119.39596913398556,49.89214796246745],[-119.3978461255945,49.89216666861944],[-119.39853774868249,49.89216776242817],[-119.39851941464336,49.8937425593048],[-119.39841730252668,49.89440026627345],[-119.39830181429882,49.89445467101708],[-119.39779234093429,49.89448885857226],[-119.39791881105995,49.894966153705916],[-119.3979457273496,49.89536964542793],[-119.39520452715664,49.895352955271214]]]]}},{"type":"Feature","properties":{"DGUID":"2021S051259350086","DAUID":"59350086","LANDAREA":0.0902,"PRUID":"59","fed_num":"59016","da_code":"59350086","geo_name":"59350086","name_source":{"label":"Statistics Canada Census Profile 2021 DA WDS","url":"https://www12.statcan.gc.ca/wds-sdw/2021profile-profil2021-eng.cfm"},"population":655,"status":"ok","source":{"label":"Statistics Canada Census Profile 2021 DA WDS","url":"https://www12.statcan.gc.ca/wds-sdw/2021profile-profil2021-eng.cfm"},"community_name":"Kelowna","community_source":{"label":"Statistics Canada 2021 census subdivision boundaries (spatial lookup)","url":"https://geo.statcan.gc.ca/geo_wa/rest/services/2021/Cartographic_boundary_files/MapServer/9"},"community_display":"Kelowna","is_unorganized":false,"panel_title":"Kelowna","display_label":"Kelowna","map_label":"59350086"},"geometry":{"type":"MultiPolygon","coordinates":[[[[-119.39954622237249,49.8898535523152],[-119.39958431658653,49.8890205541066],[-119.40000393089048,49.889017622518836],[-119.40070012182359,49.889012750339965],[-119.4012867351499,49.88900864750441],[-119.40238372774347,49.88900905351837],[-119.40237891747738,49.8908781405389],[-119.40235851359412,49.8921593515276],[-119.40109231144912,49.89216213393195],[-119.40073061941207,49.89216295880596],[-119.40000682841364,49.89216452728398],[-119.39853774868249,49.89216776242817],[-119.3978461255945,49.89216666861944],[-119.3979031411415,49.89156044777741],[-119.39799889654364,49.89135225290283],[-119.39814373300118,49.89117225062999],[-119.39822840671386,49.89106986015401],[-119.39849663167395,49.890858559657175],[-119.39909252810523,49.89050716190737],[-119.39937262075749,49.890213354149545],[-119.39954622237249,49.8898535523152]]]]}},{"type":"Feature","properties":{"DGUID":"2021S051259350087","DAUID":"59350087","LANDAREA":0.1107,"PRUID":"59","fed_num":"59016","da_code":"59350087","geo_name":"59350087","name_source":{"label":"Statistics Canada Census Profile 2021 DA WDS","url":"https://www12.statcan.gc.ca/wds-sdw/2021profile-profil2021-eng.cfm"},"population":345,"status":"ok","source":{"label":"Statistics Canada Census Profile 2021 DA WDS","url":"https://www12.statcan.gc.ca/wds-sdw/2021profile-profil2021-eng.cfm"},"community_name":"Kelowna","community_source":{"label":"Statistics Canada 2021 census subdivision boundaries (spatial lookup)","url":"https://geo.statcan.gc.ca/geo_wa/rest/services/2021/Cartographic_boundary_files/MapServer/9"},"community_display":"Kelowna","is_unorganized":false,"panel_title":"Kelowna","display_label":"Kelowna","map_label":"59350087"},"geometry":{"type":"MultiPolygon","coordinates":[[[[-119.40237891747738,49.8908781405389],[-119.40238372774347,49.88900905351837],[-119.40276382955386,49.889009361410444],[-119.40277271001051,49.88849336067005],[-119.40264271080859,49.888184758400214],[-119.40409856373148,49.888072618812],[-119.40455471846325,49.88803745842332],[-119.40573921902842,49.88803136484456],[-119.40577663063378,49.88878764845002],[-119.40589044188285,49.889034760827485],[-119.4058933032798,49.89213706170662],[-119.4053664120934,49.892140382386586],[-119.40235851359412,49.8921593515276],[-119.40237891747738,49.8908781405389]]]]}},{"type":"Feature","properties":{"DGUID":"2021S051259350088","DAUID":"59350088","LANDAREA":0.1848,"PRUID":"59","fed_num":"59016","da_code":"59350088","geo_name":"59350088","name_source":{"label":"Statistics Canada Census Profile 2021 DA WDS","url":"https://www12.statcan.gc.ca/wds-sdw/2021profile-profil2021-eng.cfm"},"population":730,"status":"ok","source":{"label":"Statistics Canada Census Profile 2021 DA WDS","url":"https://www12.statcan.gc.ca/wds-sdw/2021profile-profil2021-eng.cfm"},"community_name":"Kelowna","community_source":{"label":"Statistics Canada 2021 census subdivision boundaries (spatial lookup)","url":"https://geo.statcan.gc.ca/geo_wa/rest/services/2021/Cartographic_boundary_files/MapServer/9"},"community_display":"Kelowna","is_unorganized":false,"panel_title":"Kelowna","display_label":"Kelowna","map_label":"59350088"},"geometry":{"type":"MultiPolygon","coordinates":[[[[-119.40263771651752,49.88664376905512],[-119.40265932072536,49.88582775038328],[-119.40421494509762,49.88583505553364],[-119.40442623570495,49.88580446922007],[-119.40458929984896,49.88571045816798],[-119.40467123745869,49.88553025204055],[-119.40469612391705,49.884904159627496],[-119.40627052092889,49.88493594126564],[-119.40943371387567,49.88492814841612],[-119.40942321629772,49.88605555445654],[-119.40943026599334,49.88622682452703],[-119.40943979478112,49.88645911196394],[-119.40944719872648,49.88663947628491],[-119.40945090688724,49.886730281323345],[-119.40946834796239,49.88715555958985],[-119.40944763567816,49.88790065500008],[-119.40943816653923,49.88824225813327],[-119.40941615851756,49.88903536078749],[-119.40824948452804,49.88903610940404],[-119.40791562368793,49.88903632352684],[-119.40771381486276,49.889036454182516],[-119.40700753592942,49.88903581372497],[-119.40613398363071,49.88903497700422],[-119.4059664232849,49.88903481442923],[-119.40589044188285,49.889034760827485],[-119.40577663063378,49.88878764845002],[-119.40573921902842,49.88803136484456],[-119.40455471846325,49.88803745842332],[-119.40409856373148,49.888072618812],[-119.40264271080859,49.888184758400214],[-119.40263771651752,49.88664376905512]]]]}},{"type":"Feature","properties":{"DGUID":"2021S051259350089","DAUID":"59350089","LANDAREA":0.1677,"PRUID":"59","fed_num":"59016","da_code":"59350089","geo_name":"59350089","name_source":{"label":"Statistics Canada Census Profile 2021 DA WDS","url":"https://www12.statcan.gc.ca/wds-sdw/2021profile-profil2021-eng.cfm"},"population":763,"status":"ok","source":{"label":"Statistics Canada Census Profile 2021 DA WDS","url":"https://www12.statcan.gc.ca/wds-sdw/2021profile-profil2021-eng.cfm"},"community_name":"Kelowna","community_source":{"label":"Statistics Canada 2021 census subdivision boundaries (spatial lookup)","url":"https://geo.statcan.gc.ca/geo_wa/rest/services/2021/Cartographic_boundary_files/MapServer/9"},"community_display":"Kelowna","is_unorganized":false,"panel_title":"Kelowna","display_label":"Kelowna","map_label":"59350089"},"geometry":{"type":"MultiPolygon","coordinates":[[[[-119.4058933032798,49.89213706170662],[-119.40589044188285,49.889034760827485],[-119.4059664232849,49.88903481442923],[-119.40613398363071,49.88903497700422],[-119.40700753592942,49.88903581372497],[-119.40771381486276,49.889036454182516],[-119.40791562368793,49.88903632352684],[-119.40824948452804,49.88903610940404],[-119.40941615851756,49.88903536078749],[-119.41026883080399,49.88903346045184],[-119.41062972647278,49.88903300049559],[-119.41261424154182,49.88903045626513],[-119.41258889872596,49.890416335551],[-119.41255675495484,49.89217694395684],[-119.41128754058525,49.892188054820544],[-119.41108774151128,49.89218764431293],[-119.41027075681683,49.892183559034144],[-119.41016118329794,49.89218257904258],[-119.40996594446604,49.892180861113545],[-119.40878143201564,49.89217044789818],[-119.40772392594418,49.89215815424745],[-119.407068341587,49.89214925933318],[-119.4058933032798,49.89213706170662]]]]}},{"type":"Feature","properties":{"DGUID":"2021S051259350090","DAUID":"59350090","LANDAREA":0.1323,"PRUID":"59","fed_num":"59016","da_code":"59350090","geo_name":"59350090","name_source":{"label":"Statistics Canada Census Profile 2021 DA WDS","url":"https://www12.statcan.gc.ca/wds-sdw/2021profile-profil2021-eng.cfm"},"population":570,"status":"ok","source":{"label":"Statistics Canada Census Profile 2021 DA WDS","url":"https://www12.statcan.gc.ca/wds-sdw/2021profile-profil2021-eng.cfm"},"community_name":"Kelowna","community_source":{"label":"Statistics Canada 2021 census subdivision boundaries (spatial lookup)","url":"https://geo.statcan.gc.ca/geo_wa/rest/services/2021/Cartographic_boundary_files/MapServer/9"},"community_display":"Kelowna","is_unorganized":false,"panel_title":"Kelowna","display_label":"Kelowna","map_label":"59350090"},"geometry":{"type":"MultiPolygon","coordinates":[[[[-119.40942321629772,49.88605555445654],[-119.40943371387567,49.88492814841612],[-119.41007683965297,49.88492634697312],[-119.4106684307672,49.885038861463215],[-119.4110270330352,49.88504236840603],[-119.4135684400555,49.885053843049306],[-119.41356964695906,49.886110547562225],[-119.41356404251546,49.88782346184987],[-119.41355772355,49.88902866129594],[-119.41261424154182,49.88903045626513],[-119.41062972647278,49.88903300049559],[-119.41026883080399,49.88903346045184],[-119.40941615851756,49.88903536078749],[-119.40943816653923,49.88824225813327],[-119.40944763567816,49.88790065500008],[-119.40946834796239,49.88715555958985],[-119.40945090688724,49.886730281323345],[-119.40944719872648,49.88663947628491],[-119.40943979478112,49.88645911196394],[-119.40943026599334,49.88622682452703],[-119.40942321629772,49.88605555445654]]]]}},{"type":"Feature","properties":{"DGUID":"2021S051259350091","DAUID":"59350091","LANDAREA":0.2861,"PRUID":"59","fed_num":"59016","da_code":"59350091","geo_name":"59350091","name_source":{"label":"Statistics Canada Census Profile 2021 DA WDS","url":"https://www12.statcan.gc.ca/wds-sdw/2021profile-profil2021-eng.cfm"},"population":1001,"status":"ok","source":{"label":"Statistics Canada Census Profile 2021 DA WDS","url":"https://www12.statcan.gc.ca/wds-sdw/2021profile-profil2021-eng.cfm"},"community_name":"Kelowna","community_source":{"label":"Statistics Canada 2021 census subdivision boundaries (spatial lookup)","url":"https://geo.statcan.gc.ca/geo_wa/rest/services/2021/Cartographic_boundary_files/MapServer/9"},"community_display":"Kelowna","is_unorganized":false,"panel_title":"Kelowna","display_label":"Kelowna","map_label":"59350091"},"geometry":{"type":"MultiPolygon","coordinates":[[[[-119.41258889872596,49.890416335551],[-119.41261424154182,49.88903045626513],[-119.41355772355,49.88902866129594],[-119.41356404251546,49.88782346184987],[-119.41479751024634,49.88781654297216],[-119.41560518638265,49.88780801206654],[-119.41605085551603,49.88780330082229],[-119.4162642519859,49.887801052345644],[-119.41761066762147,49.88778647767391],[-119.4175931932948,49.88858557136645],[-119.41758060936283,49.8889631962863],[-119.41844368804243,49.888957405529965],[-119.41914696423366,49.888954629662095],[-119.41951419031537,49.8890246285823],[-119.41984556568923,49.88914935355302],[-119.42049875529538,49.889397285875205],[-119.4206672127364,49.88945982821847],[-119.4205318125092,49.889555518211154],[-119.4198820823492,49.89001036684441],[-119.41977649861012,49.890083487150925],[-119.41976783042728,49.890090535409506],[-119.41910826399064,49.890627512216426],[-119.41884562939354,49.89086906329053],[-119.41751883391333,49.89210310159331],[-119.41731572955861,49.89231933467944],[-119.41693568060079,49.89272541196119],[-119.41657790958254,49.893102994118244],[-119.41613174376617,49.893577061475995],[-119.41478186696399,49.89501132593416],[-119.41442707819905,49.89538729075592],[-119.41422877873669,49.89538617847977],[-119.41353018115387,49.89538467767845],[-119.41279211792433,49.89538533290834],[-119.4127960367114,49.89516983006551],[-119.41280365160814,49.89474729651564],[-119.41282314209806,49.893670441628366],[-119.41282712963985,49.893313962988195],[-119.41277732848192,49.893068051503725],[-119.4126148315549,49.892674437867775],[-119.4125736317119,49.892572650023],[-119.41255675495484,49.89217694395684],[-119.41258889872596,49.890416335551]]]]}},{"type":"Feature","properties":{"DGUID":"2021S051259350092","DAUID":"59350092","LANDAREA":0.1838,"PRUID":"59","fed_num":"59016","da_code":"59350092","geo_name":"59350092","name_source":{"label":"Statistics Canada Census Profile 2021 DA WDS","url":"https://www12.statcan.gc.ca/wds-sdw/2021profile-profil2021-eng.cfm"},"population":610,"status":"ok","source":{"label":"Statistics Canada Census Profile 2021 DA WDS","url":"https://www12.statcan.gc.ca/wds-sdw/2021profile-profil2021-eng.cfm"},"community_name":"Kelowna","community_source":{"label":"Statistics Canada 2021 census subdivision boundaries (spatial lookup)","url":"https://geo.statcan.gc.ca/geo_wa/rest/services/2021/Cartographic_boundary_files/MapServer/9"},"community_display":"Kelowna","is_unorganized":false,"panel_title":"Kelowna","display_label":"Kelowna","map_label":"59350092"},"geometry":{"type":"MultiPolygon","coordinates":[[[[-119.4135684400555,49.885053843049306],[-119.41357123253448,49.8822472493363],[-119.41467625252838,49.882142247882854],[-119.41541984394141,49.882072445693474],[-119.41762452562871,49.88204455038063],[-119.4176188137591,49.88274234780243],[-119.41761400423569,49.88328722178956],[-119.41761042651324,49.88369185114552],[-119.41759705799768,49.884607748634615],[-119.41758884643306,49.88583247584841],[-119.41758564326217,49.886313836377965],[-119.41758787376425,49.886713383727276],[-119.4175889361276,49.886901048292266],[-119.41761066762147,49.88778647767391],[-119.4162642519859,49.887801052345644],[-119.41605085551603,49.88780330082229],[-119.41560518638265,49.88780801206654],[-119.41479751024634,49.88781654297216],[-119.41356404251546,49.88782346184987],[-119.41356964695906,49.886110547562225],[-119.4135684400555,49.885053843049306]]]]}},{"type":"Feature","properties":{"DGUID":"2021S051259350093","DAUID":"59350093","LANDAREA":0.5467,"PRUID":"59","fed_num":"59016","da_code":"59350093","geo_name":"59350093","name_source":{"label":"Statistics Canada Census Profile 2021 DA WDS","url":"https://www12.statcan.gc.ca/wds-sdw/2021profile-profil2021-eng.cfm"},"population":700,"status":"ok","source":{"label":"Statistics Canada Census Profile 2021 DA WDS","url":"https://www12.statcan.gc.ca/wds-sdw/2021profile-profil2021-eng.cfm"},"community_name":"Kelowna","community_source":{"label":"Statistics Canada 2021 census subdivision boundaries (spatial lookup)","url":"https://geo.statcan.gc.ca/geo_wa/rest/services/2021/Cartographic_boundary_files/MapServer/9"},"community_display":"Kelowna","is_unorganized":false,"panel_title":"Kelowna","display_label":"Kelowna","map_label":"59350093"},"geometry":{"type":"MultiPolygon","coordinates":[[[[-119.41762452562871,49.88204455038063],[-119.41758594335974,49.88045283994127],[-119.41817505428287,49.88045321997679],[-119.42246155954986,49.88045584497037],[-119.42245833286782,49.881495950729146],[-119.42248184274752,49.88155605366157],[-119.42251630799761,49.88157792615768],[-119.42260596189708,49.88163484389772],[-119.4236974909171,49.88164379931979],[-119.4246293248235,49.88165146269272],[-119.42586258483897,49.881661563373626],[-119.42614174659008,49.88166384838289],[-119.42729153929496,49.88167323856306],[-119.4275364498478,49.881675251395635],[-119.42770325982488,49.88291344881214],[-119.42773358327156,49.883058924932534],[-119.42777343423411,49.88325005659358],[-119.42790104206901,49.88347984446345],[-119.4289623092457,49.88428965624186],[-119.42900554131135,49.884316887546625],[-119.42908912793375,49.884369540927025],[-119.42872888737838,49.88453984787987],[-119.42703195288937,49.88534209505687],[-119.42609635684573,49.885842083541604],[-119.42588337332873,49.8859918159167],[-119.4254690959006,49.886277532760715],[-119.42496168785355,49.88661814372209],[-119.42270075670329,49.88813831769987],[-119.42199071793866,49.88861570076682],[-119.42198081800127,49.88862200998003],[-119.42115190584818,49.88915126119151],[-119.4206672127364,49.88945982821847],[-119.42049875529538,49.889397285875205],[-119.41984556568923,49.88914935355302],[-119.41951419031537,49.8890246285823],[-119.41914696423366,49.888954629662095],[-119.41844368804243,49.888957405529965],[-119.41758060936283,49.8889631962863],[-119.4175931932948,49.88858557136645],[-119.41761066762147,49.88778647767391],[-119.4175889361276,49.886901048292266],[-119.41758787376425,49.886713383727276],[-119.41758564326217,49.886313836377965],[-119.41758884643306,49.88583247584841],[-119.41759705799768,49.884607748634615],[-119.41761042651324,49.88369185114552],[-119.41761400423569,49.88328722178956],[-119.4176188137591,49.88274234780243],[-119.41762452562871,49.88204455038063]]]]}},{"type":"Feature","properties":{"DGUID":"2021S051259350094","DAUID":"59350094","LANDAREA":0.1828,"PRUID":"59","fed_num":"59016","da_code":"59350094","geo_name":"59350094","name_source":{"label":"Statistics Canada Census Profile 2021 DA WDS","url":"https://www12.statcan.gc.ca/wds-sdw/2021profile-profil2021-eng.cfm"},"population":476,"status":"ok","source":{"label":"Statistics Canada Census Profile 2021 DA WDS","url":"https://www12.statcan.gc.ca/wds-sdw/2021profile-profil2021-eng.cfm"},"community_name":"Kelowna","community_source":{"label":"Statistics Canada 2021 census subdivision boundaries (spatial lookup)","url":"https://geo.statcan.gc.ca/geo_wa/rest/services/2021/Cartographic_boundary_files/MapServer/9"},"community_display":"Kelowna","is_unorganized":false,"panel_title":"Kelowna","display_label":"Kelowna","map_label":"59350094"},"geometry":{"type":"MultiPolygon","coordinates":[[[[-119.4094816764837,49.878067521224246],[-119.40952826349735,49.87713561403934],[-119.40979898482972,49.87714744224501],[-119.41269665909309,49.878153141123846],[-119.41517876164859,49.879657473842336],[-119.4155389000882,49.87967920363375],[-119.4155323178013,49.88045092979887],[-119.41758594335974,49.88045283994127],[-119.41762452562871,49.88204455038063],[-119.41541984394141,49.882072445693474],[-119.41467625252838,49.882142247882854],[-119.41357123253448,49.8822472493363],[-119.41187101887938,49.882410250060694],[-119.41170784349441,49.88155685049741],[-119.41080542664706,49.88164244047986],[-119.41081714174338,49.88006176326011],[-119.41090232448505,49.8798781610482],[-119.41114822834237,49.87962655446867],[-119.41046422370846,49.87938034151799],[-119.4102142396371,49.879321854435446],[-119.40946873613761,49.87928864839663],[-119.4094816764837,49.878067521224246]]]]}},{"type":"Feature","properties":{"DGUID":"2021S051259350095","DAUID":"59350095","LANDAREA":0.1661,"PRUID":"59","fed_num":"59016","da_code":"59350095","geo_name":"59350095","name_source":{"label":"Statistics Canada Census Profile 2021 DA WDS","url":"https://www12.statcan.gc.ca/wds-sdw/2021profile-profil2021-eng.cfm"},"population":469,"status":"ok","source":{"label":"Statistics Canada Census Profile 2021 DA WDS","url":"https://www12.statcan.gc.ca/wds-sdw/2021profile-profil2021-eng.cfm"},"community_name":"Kelowna","community_source":{"label":"Statistics Canada 2021 census subdivision boundaries (spatial lookup)","url":"https://geo.statcan.gc.ca/geo_wa/rest/services/2021/Cartographic_boundary_files/MapServer/9"},"community_display":"Kelowna","is_unorganized":false,"panel_title":"Kelowna","display_label":"Kelowna","map_label":"59350095"},"geometry":{"type":"MultiPolygon","coordinates":[[[[-119.40369543403067,49.88284760142837],[-119.40341022071404,49.88292545029619],[-119.40279312381477,49.88329905432052],[-119.40234800894488,49.883023773775406],[-119.40216200259559,49.882831962811316],[-119.40212281232687,49.88264895006828],[-119.40210942541623,49.8817947583288],[-119.40320210027458,49.88177495070626],[-119.40458512436851,49.88177625354502],[-119.40493533701381,49.88177583437406],[-119.40654860495492,49.88177384789722],[-119.40792882731705,49.88177585541775],[-119.40902540757759,49.88177704798227],[-119.4094582243264,49.881750745570734],[-119.41080542664706,49.88164244047986],[-119.41170784349441,49.88155685049741],[-119.41187101887938,49.882410250060694],[-119.41357123253448,49.8822472493363],[-119.4135684400555,49.885053843049306],[-119.4110270330352,49.88504236840603],[-119.4106684307672,49.885038861463215],[-119.41007683965297,49.88492634697312],[-119.40943371387567,49.88492814841612],[-119.40944172260659,49.88387656405492],[-119.40944712509926,49.88282385954526],[-119.4037084159767,49.88284406527301],[-119.40369543403067,49.88284760142837]]]]}},{"type":"Feature","properties":{"DGUID":"2021S051259350096","DAUID":"59350096","LANDAREA":0.2434,"PRUID":"59","fed_num":"59016","da_code":"59350096","geo_name":"59350096","name_source":{"label":"Statistics Canada Census Profile 2021 DA WDS","url":"https://www12.statcan.gc.ca/wds-sdw/2021profile-profil2021-eng.cfm"},"population":670,"status":"ok","source":{"label":"Statistics Canada Census Profile 2021 DA WDS","url":"https://www12.statcan.gc.ca/wds-sdw/2021profile-profil2021-eng.cfm"},"community_name":"Kelowna","community_source":{"label":"Statistics Canada 2021 census subdivision boundaries (spatial lookup)","url":"https://geo.statcan.gc.ca/geo_wa/rest/services/2021/Cartographic_boundary_files/MapServer/9"},"community_display":"Kelowna","is_unorganized":false,"panel_title":"Kelowna","display_label":"Kelowna","map_label":"59350096"},"geometry":{"type":"MultiPolygon","coordinates":[[[[-119.40309032007731,49.88008385719199],[-119.40248801591183,49.87951465662334],[-119.40355121452889,49.878973742268414],[-119.40201182812002,49.87771575672482],[-119.40189092661814,49.877566662926945],[-119.402907228384,49.87705005864729],[-119.40397456873148,49.876460727208475],[-119.40558445067157,49.87779160391422],[-119.40598160515374,49.878040464508466],[-119.40632261953537,49.878174833651876],[-119.40670087551844,49.87826451776398],[-119.40791754748173,49.87844995551476],[-119.4081234597212,49.87844611294894],[-119.40812507243965,49.877786964526756],[-119.40820141527692,49.87761796252315],[-119.40850006095907,49.877722817509564],[-119.4094816764837,49.878067521224246],[-119.40946873613761,49.87928864839663],[-119.4102142396371,49.879321854435446],[-119.41046422370846,49.87938034151799],[-119.41114822834237,49.87962655446867],[-119.41090232448505,49.8798781610482],[-119.41081714174338,49.88006176326011],[-119.41080542664706,49.88164244047986],[-119.4094582243264,49.881750745570734],[-119.40902540757759,49.88177704798227],[-119.40792882731705,49.88177585541775],[-119.40654860495492,49.88177384789722],[-119.40493533701381,49.88177583437406],[-119.40458512436851,49.88177625354502],[-119.40320210027458,49.88177495070626],[-119.40319870648766,49.88092855991489],[-119.40319599075043,49.88041535330258],[-119.40309032007731,49.88008385719199]]]]}},{"type":"Feature","properties":{"DGUID":"2021S051259350097","DAUID":"59350097","LANDAREA":0.2049,"PRUID":"59","fed_num":"59016","da_code":"59350097","geo_name":"59350097","name_source":{"label":"Statistics Canada Census Profile 2021 DA WDS","url":"https://www12.statcan.gc.ca/wds-sdw/2021profile-profil2021-eng.cfm"},"population":423,"status":"ok","source":{"label":"Statistics Canada Census Profile 2021 DA WDS","url":"https://www12.statcan.gc.ca/wds-sdw/2021profile-profil2021-eng.cfm"},"community_name":"Kelowna","community_source":{"label":"Statistics Canada 2021 census subdivision boundaries (spatial lookup)","url":"https://geo.statcan.gc.ca/geo_wa/rest/services/2021/Cartographic_boundary_files/MapServer/9"},"community_display":"Kelowna","is_unorganized":false,"panel_title":"Kelowna","display_label":"Kelowna","map_label":"59350097"},"geometry":{"type":"MultiPolygon","coordinates":[[[[-119.40091383744506,49.88267075835183],[-119.40058029849688,49.882754453401624],[-119.40007500381256,49.88296325115636],[-119.40005950754806,49.88295362536456],[-119.39911350499186,49.88236596045546],[-119.39867340102418,49.88220115527968],[-119.39821309448452,49.8821670487638],[-119.39821711428998,49.881800193224464],[-119.39822162971389,49.88138364692152],[-119.3966655922639,49.881379856449],[-119.39669439527981,49.880505553336235],[-119.39665280423314,49.88032965262165],[-119.3965407987754,49.88023445336288],[-119.396364389039,49.88016955534481],[-119.39544589942642,49.88014385411873],[-119.39543731701181,49.87948945316195],[-119.3953917962814,49.87935935793768],[-119.39674332617079,49.879366117909235],[-119.39823947526992,49.87938702826298],[-119.39824305935974,49.87910976725914],[-119.39825774378639,49.877976574507706],[-119.39838444244668,49.878037515445804],[-119.39956540552198,49.87806375432674],[-119.40000657851277,49.878063664134636],[-119.4006230747399,49.87806354173539],[-119.40084508008185,49.878006528649024],[-119.40106557001788,49.87795022296622],[-119.40143558339786,49.877806448411825],[-119.40189092661814,49.877566662926945],[-119.40201182812002,49.87771575672482],[-119.40355121452889,49.878973742268414],[-119.40248801591183,49.87951465662334],[-119.40309032007731,49.88008385719199],[-119.40319599075043,49.88041535330258],[-119.40319870648766,49.88092855991489],[-119.40320210027458,49.88177495070626],[-119.40210942541623,49.8817947583288],[-119.40212281232687,49.88264895006828],[-119.40091383744506,49.88267075835183]]]]}},{"type":"Feature","properties":{"DGUID":"2021S051259350098","DAUID":"59350098","LANDAREA":0.1717,"PRUID":"59","fed_num":"59016","da_code":"59350098","geo_name":"59350098","name_source":{"label":"Statistics Canada Census Profile 2021 DA WDS","url":"https://www12.statcan.gc.ca/wds-sdw/2021profile-profil2021-eng.cfm"},"population":547,"status":"ok","source":{"label":"Statistics Canada Census Profile 2021 DA WDS","url":"https://www12.statcan.gc.ca/wds-sdw/2021profile-profil2021-eng.cfm"},"community_name":"Kelowna","community_source":{"label":"Statistics Canada 2021 census subdivision boundaries (spatial lookup)","url":"https://geo.statcan.gc.ca/geo_wa/rest/services/2021/Cartographic_boundary_files/MapServer/9"},"community_display":"Kelowna","is_unorganized":false,"panel_title":"Kelowna","display_label":"Kelowna","map_label":"59350098"},"geometry":{"type":"MultiPolygon","coordinates":[[[[-119.40313462955477,49.884782754076525],[-119.40284621675156,49.88465144602846],[-119.40242630177057,49.88486905675951],[-119.4020706005273,49.88496135837336],[-119.40143013683317,49.88495515743909],[-119.40111330831307,49.88489445301101],[-119.40087063522145,49.88478505903692],[-119.40017963252004,49.88436484894847],[-119.39994405904011,49.88422193300195],[-119.39900429821215,49.883651755834016],[-119.39878272721045,49.8835705566621],[-119.39822182196349,49.88355475525951],[-119.39822021032707,49.882967669755836],[-119.39821309448452,49.8821670487638],[-119.39867340102418,49.88220115527968],[-119.39911350499186,49.88236596045546],[-119.40005950754806,49.88295362536456],[-119.40007500381256,49.88296325115636],[-119.40058029849688,49.882754453401624],[-119.40091383744506,49.88267075835183],[-119.40212281232687,49.88264895006828],[-119.40216200259559,49.882831962811316],[-119.40234800894488,49.883023773775406],[-119.40279312381477,49.88329905432052],[-119.40341022071404,49.88292545029619],[-119.40369543403067,49.88284760142837],[-119.4037084159767,49.88284406527301],[-119.40944712509926,49.88282385954526],[-119.40944172260659,49.88387656405492],[-119.40943371387567,49.88492814841612],[-119.40627052092889,49.88493594126564],[-119.40469612391705,49.884904159627496],[-119.40352480383375,49.8848676602543],[-119.40313462955477,49.884782754076525]]]]}},{"type":"Feature","properties":{"DGUID":"2021S051259350099","DAUID":"59350099","LANDAREA":0.2101,"PRUID":"59","fed_num":"59016","da_code":"59350099","geo_name":"59350099","name_source":{"label":"Statistics Canada Census Profile 2021 DA WDS","url":"https://www12.statcan.gc.ca/wds-sdw/2021profile-profil2021-eng.cfm"},"population":636,"status":"ok","source":{"label":"Statistics Canada Census Profile 2021 DA WDS","url":"https://www12.statcan.gc.ca/wds-sdw/2021profile-profil2021-eng.cfm"},"community_name":"Kelowna","community_source":{"label":"Statistics Canada 2021 census subdivision boundaries (spatial lookup)","url":"https://geo.statcan.gc.ca/geo_wa/rest/services/2021/Cartographic_boundary_files/MapServer/9"},"community_display":"Kelowna","is_unorganized":false,"panel_title":"Kelowna","display_label":"Kelowna","map_label":"59350099"},"geometry":{"type":"MultiPolygon","coordinates":[[[[-119.39707452550792,49.88800636834867],[-119.39640552424204,49.88741505260972],[-119.39581750405598,49.88682406731404],[-119.39572060192758,49.88667276425504],[-119.39757241599288,49.88599545055529],[-119.39819880118155,49.88591585339887],[-119.3983956063459,49.885733648777446],[-119.39824181324343,49.88529985342775],[-119.39823916812485,49.884948129171555],[-119.39823442615389,49.88431776921989],[-119.39822996791152,49.88404898053614],[-119.39822182196349,49.88355475525951],[-119.39878272721045,49.8835705566621],[-119.39900429821215,49.883651755834016],[-119.39994405904011,49.88422193300195],[-119.40017963252004,49.88436484894847],[-119.40087063522145,49.88478505903692],[-119.40111330831307,49.88489445301101],[-119.40143013683317,49.88495515743909],[-119.4020706005273,49.88496135837336],[-119.40242630177057,49.88486905675951],[-119.40284621675156,49.88465144602846],[-119.40313462955477,49.884782754076525],[-119.40352480383375,49.8848676602543],[-119.40469612391705,49.884904159627496],[-119.40467123745869,49.88553025204055],[-119.40458929984896,49.88571045816798],[-119.40442623570495,49.88580446922007],[-119.40421494509762,49.88583505553364],[-119.40265932072536,49.88582775038328],[-119.40263771651752,49.88664376905512],[-119.40264271080859,49.888184758400214],[-119.40277271001051,49.88849336067005],[-119.40276382955386,49.889009361410444],[-119.40238372774347,49.88900905351837],[-119.4012867351499,49.88900864750441],[-119.40070012182359,49.889012750339965],[-119.40000393089048,49.889017622518836],[-119.39958431658653,49.8890205541066],[-119.39816402974381,49.8890098182201],[-119.39812104590233,49.889009504501104],[-119.3980848306549,49.888074656124765],[-119.39788509385149,49.88811225170831],[-119.39756012827999,49.88810796033881],[-119.3972510062354,49.888071256056236],[-119.39707452550792,49.88800636834867]]]]}},{"type":"Feature","properties":{"DGUID":"2021S051259350100","DAUID":"59350100","LANDAREA":0.1933,"PRUID":"59","fed_num":"59016","da_code":"59350100","geo_name":"59350100","name_source":{"label":"Statistics Canada Census Profile 2021 DA WDS","url":"https://www12.statcan.gc.ca/wds-sdw/2021profile-profil2021-eng.cfm"},"population":517,"status":"ok","source":{"label":"Statistics Canada Census Profile 2021 DA WDS","url":"https://www12.statcan.gc.ca/wds-sdw/2021profile-profil2021-eng.cfm"},"community_name":"Kelowna","community_source":{"label":"Statistics Canada 2021 census subdivision boundaries (spatial lookup)","url":"https://geo.statcan.gc.ca/geo_wa/rest/services/2021/Cartographic_boundary_files/MapServer/9"},"community_display":"Kelowna","is_unorganized":false,"panel_title":"Kelowna","display_label":"Kelowna","map_label":"59350100"},"geometry":{"type":"MultiPolygon","coordinates":[[[[-119.3961227058728,49.888994390801706],[-119.39458766228911,49.885038527524],[-119.39420382391201,49.88440528575094],[-119.39342677738158,49.88312349617972],[-119.39310663434865,49.88218376835483],[-119.39306726066444,49.88208905718532],[-119.39362551183078,49.881863870456726],[-119.39356187007508,49.881431940665784],[-119.39356153344546,49.88142778256936],[-119.39374834257359,49.881427463071994],[-119.39383022367592,49.88139265717026],[-119.39416420068636,49.88137307517229],[-119.3966655922639,49.881379856449],[-119.39822162971389,49.88138364692152],[-119.39821711428998,49.881800193224464],[-119.39821309448452,49.8821670487638],[-119.39822021032707,49.882967669755836],[-119.39822182196349,49.88355475525951],[-119.39822996791152,49.88404898053614],[-119.39823442615389,49.88431776921989],[-119.39823916812485,49.884948129171555],[-119.39824181324343,49.88529985342775],[-119.3983956063459,49.885733648777446],[-119.39819880118155,49.88591585339887],[-119.39757241599288,49.88599545055529],[-119.39572060192758,49.88667276425504],[-119.39581750405598,49.88682406731404],[-119.39640552424204,49.88741505260972],[-119.39707452550792,49.88800636834867],[-119.3972510062354,49.888071256056236],[-119.39756012827999,49.88810796033881],[-119.39788509385149,49.88811225170831],[-119.3980848306549,49.888074656124765],[-119.39812104590233,49.889009504501104],[-119.39743927260787,49.88900434759824],[-119.39716497516467,49.88900227494596],[-119.39710563033263,49.889001819416784],[-119.3968857349066,49.889000172256225],[-119.39675746327019,49.88899919678456],[-119.3961227058728,49.888994390801706]]]]}},{"type":"Feature","properties":{"DGUID":"2021S051259350101","DAUID":"59350101","LANDAREA":0.2256,"PRUID":"59","fed_num":"59016","da_code":"59350101","geo_name":"59350101","name_source":{"label":"Statistics Canada Census Profile 2021 DA WDS","url":"https://www12.statcan.gc.ca/wds-sdw/2021profile-profil2021-eng.cfm"},"population":321,"status":"ok","source":{"label":"Statistics Canada Census Profile 2021 DA WDS","url":"https://www12.statcan.gc.ca/wds-sdw/2021profile-profil2021-eng.cfm"},"community_name":"Kelowna","community_source":{"label":"Statistics Canada 2021 census subdivision boundaries (spatial lookup)","url":"https://geo.statcan.gc.ca/geo_wa/rest/services/2021/Cartographic_boundary_files/MapServer/9"},"community_display":"Kelowna","is_unorganized":false,"panel_title":"Kelowna","display_label":"Kelowna","map_label":"59350101"},"geometry":{"type":"MultiPolygon","coordinates":[[[[-119.39122779122638,49.88896947581382],[-119.38976001211941,49.8889727650855],[-119.38860123497047,49.88896496274127],[-119.38686351524028,49.88896907016419],[-119.38688898982893,49.88802235910365],[-119.38690930970915,49.88709155422387],[-119.38693360030132,49.886095065852494],[-119.38695858574992,49.88513207168155],[-119.3869627755457,49.884833355445785],[-119.38825310735572,49.88484915106211],[-119.39288270988352,49.88486746291917],[-119.39336599932707,49.884887672773246],[-119.3935160246671,49.88493286155483],[-119.39366011824467,49.88509505973403],[-119.39378751758557,49.88545047377198],[-119.39375982824703,49.88699316416945],[-119.39402322246129,49.88700724124905],[-119.39417789863712,49.88706807841166],[-119.39416770919303,49.88834535107753],[-119.39404821087938,49.888446546568325],[-119.39295900452112,49.88842127084051],[-119.39284812563035,49.88896546217915],[-119.39203663778049,49.8889674690197],[-119.39122779122638,49.88896947581382]]]]}},{"type":"Feature","properties":{"DGUID":"2021S051259350102","DAUID":"59350102","LANDAREA":0.1488,"PRUID":"59","fed_num":"59016","da_code":"59350102","geo_name":"59350102","name_source":{"label":"Statistics Canada Census Profile 2021 DA WDS","url":"https://www12.statcan.gc.ca/wds-sdw/2021profile-profil2021-eng.cfm"},"population":359,"status":"ok","source":{"label":"Statistics Canada Census Profile 2021 DA WDS","url":"https://www12.statcan.gc.ca/wds-sdw/2021profile-profil2021-eng.cfm"},"community_name":"Kelowna","community_source":{"label":"Statistics Canada 2021 census subdivision boundaries (spatial lookup)","url":"https://geo.statcan.gc.ca/geo_wa/rest/services/2021/Cartographic_boundary_files/MapServer/9"},"community_display":"Kelowna","is_unorganized":false,"panel_title":"Kelowna","display_label":"Kelowna","map_label":"59350102"},"geometry":{"type":"MultiPolygon","coordinates":[[[[-119.3870911861939,49.881807558767655],[-119.38750739805529,49.881326973093],[-119.38772959196078,49.88137475688904],[-119.38828161139546,49.881373869864234],[-119.39154897961689,49.88138916438814],[-119.39234791934399,49.88299264928833],[-119.39284338514787,49.884038664910044],[-119.39300560522706,49.88446215389847],[-119.39299390301751,49.88467815187856],[-119.39288270988352,49.88486746291917],[-119.38825310735572,49.88484915106211],[-119.3869627755457,49.884833355445785],[-119.38697780811063,49.88366927185522],[-119.38698329034129,49.88314935857173],[-119.38699720585498,49.882098973275745],[-119.3870911861939,49.881807558767655]]]]}},{"type":"Feature","properties":{"DGUID":"2021S051259350103","DAUID":"59350103","LANDAREA":0.2433,"PRUID":"59","fed_num":"59016","da_code":"59350103","geo_name":"59350103","name_source":{"label":"Statistics Canada Census Profile 2021 DA WDS","url":"https://www12.statcan.gc.ca/wds-sdw/2021profile-profil2021-eng.cfm"},"population":759,"status":"ok","source":{"label":"Statistics Canada Census Profile 2021 DA WDS","url":"https://www12.statcan.gc.ca/wds-sdw/2021profile-profil2021-eng.cfm"},"community_name":"Kelowna","community_source":{"label":"Statistics Canada 2021 census subdivision boundaries (spatial lookup)","url":"https://geo.statcan.gc.ca/geo_wa/rest/services/2021/Cartographic_boundary_files/MapServer/9"},"community_display":"Kelowna","is_unorganized":false,"panel_title":"Kelowna","display_label":"Kelowna","map_label":"59350103"},"geometry":{"type":"MultiPolygon","coordinates":[[[[-119.3797550128683,49.889003567670045],[-119.37978031121435,49.88712477144803],[-119.3811819945814,49.88712477943207],[-119.38119364881776,49.88656008900013],[-119.3812175155315,49.885406471257596],[-119.38122210519168,49.884603867999544],[-119.38139517928074,49.884537668337636],[-119.38298459702791,49.88454367068374],[-119.38356289678758,49.88450636561637],[-119.384181393722,49.88438495471231],[-119.38438870181906,49.884188873678454],[-119.38442099425066,49.883666959482234],[-119.38564339369786,49.883668754576235],[-119.38697780811063,49.88366927185522],[-119.3869627755457,49.884833355445785],[-119.38695858574992,49.88513207168155],[-119.38693360030132,49.886095065852494],[-119.38690930970915,49.88709155422387],[-119.38688898982893,49.88802235910365],[-119.38686351524028,49.88896907016419],[-119.38535601354279,49.88897616886945],[-119.38392361832105,49.888985165751805],[-119.38193308867744,49.88899826612067],[-119.38113899718697,49.88900067073471],[-119.38080058683418,49.889001866275315],[-119.3797550128683,49.889003567670045]]]]}},{"type":"Feature","properties":{"DGUID":"2021S051259350104","DAUID":"59350104","LANDAREA":0.1968,"PRUID":"59","fed_num":"59016","da_code":"59350104","geo_name":"59350104","name_source":{"label":"Statistics Canada Census Profile 2021 DA WDS","url":"https://www12.statcan.gc.ca/wds-sdw/2021profile-profil2021-eng.cfm"},"population":609,"status":"ok","source":{"label":"Statistics Canada Census Profile 2021 DA WDS","url":"https://www12.statcan.gc.ca/wds-sdw/2021profile-profil2021-eng.cfm"},"community_name":"Kelowna","community_source":{"label":"Statistics Canada 2021 census subdivision boundaries (spatial lookup)","url":"https://geo.statcan.gc.ca/geo_wa/rest/services/2021/Cartographic_boundary_files/MapServer/9"},"community_display":"Kelowna","is_unorganized":false,"panel_title":"Kelowna","display_label":"Kelowna","map_label":"59350104"},"geometry":{"type":"MultiPolygon","coordinates":[[[[-119.37830339681935,49.88629557419145],[-119.3783133867673,49.88538946230289],[-119.37841379778959,49.88539096268796],[-119.37979817717996,49.885393664936075],[-119.37973498408029,49.8841344580303],[-119.37959328693313,49.88376277754877],[-119.37922687446185,49.882802266181095],[-119.37901417490407,49.88226455517291],[-119.3789303979234,49.881889254739285],[-119.38204930609817,49.881839872879965],[-119.38344708571854,49.88181705649942],[-119.38531348968901,49.88178116114191],[-119.38656068193835,49.88177535915492],[-119.3870911861939,49.881807558767655],[-119.38699720585498,49.882098973275745],[-119.38698329034129,49.88314935857173],[-119.38697780811063,49.88366927185522],[-119.38564339369786,49.883668754576235],[-119.38442099425066,49.883666959482234],[-119.38438870181906,49.884188873678454],[-119.384181393722,49.88438495471231],[-119.38356289678758,49.88450636561637],[-119.38298459702791,49.88454367068374],[-119.38139517928074,49.884537668337636],[-119.38122210519168,49.884603867999544],[-119.3812175155315,49.885406471257596],[-119.38119364881776,49.88656008900013],[-119.3811819945814,49.88712477943207],[-119.37978031121435,49.88712477144803],[-119.37828047100065,49.88717565496189],[-119.37830339681935,49.88629557419145]]]]}},{"type":"Feature","properties":{"DGUID":"2021S051259350105","DAUID":"59350105","LANDAREA":0.3774,"PRUID":"59","fed_num":"59016","da_code":"59350105","geo_name":"59350105","name_source":{"label":"Statistics Canada Census Profile 2021 DA WDS","url":"https://www12.statcan.gc.ca/wds-sdw/2021profile-profil2021-eng.cfm"},"population":908,"status":"ok","source":{"label":"Statistics Canada Census Profile 2021 DA WDS","url":"https://www12.statcan.gc.ca/wds-sdw/2021profile-profil2021-eng.cfm"},"community_name":"Kelowna","community_source":{"label":"Statistics Canada 2021 census subdivision boundaries (spatial lookup)","url":"https://geo.statcan.gc.ca/geo_wa/rest/services/2021/Cartographic_boundary_files/MapServer/9"},"community_display":"Kelowna","is_unorganized":false,"panel_title":"Kelowna","display_label":"Kelowna","map_label":"59350105"},"geometry":{"type":"MultiPolygon","coordinates":[[[[-119.37857268799304,49.88901317552268],[-119.37740358940563,49.88900905849611],[-119.37739776103037,49.88935735788256],[-119.37726158774919,49.889361779547905],[-119.37711360178376,49.88932206094031],[-119.37676609979391,49.889087864277236],[-119.37630779823705,49.88902936351239],[-119.3757933874374,49.88902804823625],[-119.37560788370597,49.889027564950865],[-119.37531549558078,49.88906855434678],[-119.37499647827896,49.889157567846766],[-119.37483792406775,49.88877878768018],[-119.37473191168276,49.88852556567243],[-119.37462667501553,49.887970071482876],[-119.37474687964315,49.88786447321289],[-119.37453328186739,49.88738189310187],[-119.37419168591647,49.88542769572561],[-119.37409289366714,49.88486251141351],[-119.37393330455733,49.884306435183206],[-119.37365272929202,49.88365989847382],[-119.37318679861863,49.88294255602578],[-119.37275011811292,49.882418406255894],[-119.37247350415595,49.88209095241151],[-119.37293428301075,49.88192022397993],[-119.37355713236204,49.881691585363505],[-119.37516803497054,49.880470727010675],[-119.37598231891727,49.88004958173676],[-119.37610331728517,49.87999469438291],[-119.37751692884235,49.879353322338126],[-119.37803668175124,49.87913194786584],[-119.37829735532483,49.879049124545205],[-119.37868120385507,49.87892719479332],[-119.37873179989083,49.8791560880944],[-119.37875857850216,49.87955866451981],[-119.37880810710385,49.88023035148447],[-119.37883989889676,49.88066152490508],[-119.3789303979234,49.881889254739285],[-119.37901417490407,49.88226455517291],[-119.37922687446185,49.882802266181095],[-119.37959328693313,49.88376277754877],[-119.37973498408029,49.8841344580303],[-119.37979817717996,49.885393664936075],[-119.37841379778959,49.88539096268796],[-119.3783133867673,49.88538946230289],[-119.37830339681935,49.88629557419145],[-119.37828047100065,49.88717565496189],[-119.37978031121435,49.88712477144803],[-119.3797550128683,49.889003567670045],[-119.37857268799304,49.88901317552268]]]]}},{"type":"Feature","properties":{"DGUID":"2021S051259350106","DAUID":"59350106","LANDAREA":0.2202,"PRUID":"59","fed_num":"59016","da_code":"59350106","geo_name":"59350106","name_source":{"label":"Statistics Canada Census Profile 2021 DA WDS","url":"https://www12.statcan.gc.ca/wds-sdw/2021profile-profil2021-eng.cfm"},"population":385,"status":"ok","source":{"label":"Statistics Canada Census Profile 2021 DA WDS","url":"https://www12.statcan.gc.ca/wds-sdw/2021profile-profil2021-eng.cfm"},"community_name":"Kelowna","community_source":{"label":"Statistics Canada 2021 census subdivision boundaries (spatial lookup)","url":"https://geo.statcan.gc.ca/geo_wa/rest/services/2021/Cartographic_boundary_files/MapServer/9"},"community_display":"Kelowna","is_unorganized":false,"panel_title":"Kelowna","display_label":"Kelowna","map_label":"59350106"},"geometry":{"type":"MultiPolygon","coordinates":[[[[-119.3789303979234,49.881889254739285],[-119.37883989889676,49.88066152490508],[-119.37880810710385,49.88023035148447],[-119.37875857850216,49.87955866451981],[-119.37873179989083,49.8791560880944],[-119.37868120385507,49.87892719479332],[-119.37903726741514,49.87886118668584],[-119.37987734185012,49.87877212186328],[-119.38153027687382,49.878679473042716],[-119.38218230173246,49.87864292094083],[-119.38261008926621,49.87861894254248],[-119.38268467663882,49.87862348382921],[-119.38334552877286,49.878663520812516],[-119.38469851318253,49.878871931996954],[-119.3848867403048,49.87886526950356],[-119.38539257140869,49.878855262961615],[-119.38606379363469,49.87874510657925],[-119.38687201266164,49.878470735988444],[-119.38713690784758,49.87830869525669],[-119.3875128565916,49.878078731210174],[-119.38765154769251,49.878278558201714],[-119.38769452617758,49.878637968109594],[-119.38768000077238,49.87976957962512],[-119.38767239807419,49.88054497284851],[-119.38767022578834,49.88096476076546],[-119.38750739805529,49.881326973093],[-119.3870911861939,49.881807558767655],[-119.38656068193835,49.88177535915492],[-119.38531348968901,49.88178116114191],[-119.38344708571854,49.88181705649942],[-119.38204930609817,49.881839872879965],[-119.3789303979234,49.881889254739285]]]]}},{"type":"Feature","properties":{"DGUID":"2021S051259350107","DAUID":"59350107","LANDAREA":0.5376,"PRUID":"59","fed_num":"59016","da_code":"59350107","geo_name":"59350107","name_source":{"label":"Statistics Canada Census Profile 2021 DA WDS","url":"https://www12.statcan.gc.ca/wds-sdw/2021profile-profil2021-eng.cfm"},"population":860,"status":"ok","source":{"label":"Statistics Canada Census Profile 2021 DA WDS","url":"https://www12.statcan.gc.ca/wds-sdw/2021profile-profil2021-eng.cfm"},"community_name":"Kelowna","community_source":{"label":"Statistics Canada 2021 census subdivision boundaries (spatial lookup)","url":"https://geo.statcan.gc.ca/geo_wa/rest/services/2021/Cartographic_boundary_files/MapServer/9"},"community_display":"Kelowna","is_unorganized":false,"panel_title":"Kelowna","display_label":"Kelowna","map_label":"59350107"},"geometry":{"type":"MultiPolygon","coordinates":[[[[-119.39284812563035,49.88896546217915],[-119.39295900452112,49.88842127084051],[-119.39404821087938,49.888446546568325],[-119.39416770919303,49.88834535107753],[-119.39417789863712,49.88706807841166],[-119.39402322246129,49.88700724124905],[-119.39375982824703,49.88699316416945],[-119.39378751758557,49.88545047377198],[-119.39366011824467,49.88509505973403],[-119.3935160246671,49.88493286155483],[-119.39336599932707,49.884887672773246],[-119.39288270988352,49.88486746291917],[-119.39299390301751,49.88467815187856],[-119.39300560522706,49.88446215389847],[-119.39284338514787,49.884038664910044],[-119.39234791934399,49.88299264928833],[-119.39154897961689,49.88138916438814],[-119.38828161139546,49.881373869864234],[-119.38772959196078,49.88137475688904],[-119.38750739805529,49.881326973093],[-119.38767022578834,49.88096476076546],[-119.38767239807419,49.88054497284851],[-119.38768000077238,49.87976957962512],[-119.38769452617758,49.878637968109594],[-119.38765154769251,49.878278558201714],[-119.3875128565916,49.878078731210174],[-119.38713690784758,49.87830869525669],[-119.38709328831082,49.87731004753911],[-119.38709547741202,49.87667717547361],[-119.38710089163808,49.87508877333349],[-119.38715056294417,49.875008483310644],[-119.38721400388745,49.87490597130633],[-119.38731770614703,49.87481744586396],[-119.38773061453513,49.87457065074412],[-119.38780359124243,49.87425984259893],[-119.38803890019166,49.87417316710742],[-119.38850904170792,49.87400001260647],[-119.38937195960115,49.87354018082422],[-119.38955349608541,49.87337686178024],[-119.38961182213684,49.87317046501016],[-119.38963656662739,49.873082964634044],[-119.38959009847413,49.87287333044505],[-119.38948313199805,49.87267627766421],[-119.388918254934,49.87196210023363],[-119.38889042987509,49.87192691514001],[-119.38878651931266,49.871718334387126],[-119.38875573848856,49.87125584650085],[-119.38860299507643,49.870632468396394],[-119.38859458077935,49.86955272823563],[-119.38854910024703,49.86928804297744],[-119.38832233700214,49.86878030867076],[-119.38811764333549,49.8677536674583],[-119.38809123692633,49.86771947959679],[-119.38795887116336,49.86754807230663],[-119.38743392017966,49.867228182428995],[-119.38721889056319,49.867044464185604],[-119.38695414246435,49.866580213960326],[-119.38691483050292,49.866511243436506],[-119.38634381805893,49.865979027457044],[-119.38666210901518,49.86592244535774],[-119.38718310226011,49.86563337529998],[-119.38723507938604,49.864927555168954],[-119.38744368920446,49.86430708947682],[-119.38754198045714,49.86375399319894],[-119.38736690455725,49.86279328322993],[-119.38742421295554,49.86266759127936],[-119.38754182010312,49.86257896800036],[-119.38777718952052,49.86253543623863],[-119.3880197259403,49.86257722599391],[-119.38817430819248,49.862666963921974],[-119.3885235443089,49.86336095406387],[-119.38854405089411,49.8641352968171],[-119.3886951447727,49.86458700155345],[-119.38890206341864,49.86499058664696],[-119.38934560529204,49.86586278652854],[-119.38933488963814,49.86648629619147],[-119.38928269246608,49.86702047649421],[-119.38930098279265,49.867250979179246],[-119.38959751353966,49.867887061247735],[-119.38986897534596,49.86846936856092],[-119.39010849721696,49.86911157584328],[-119.3901243062737,49.86924346218939],[-119.3901477825377,49.86945706166968],[-119.39010058620937,49.870149670751964],[-119.39014878475561,49.870414456347866],[-119.3913269168484,49.872610870494704],[-119.39172550773681,49.873465853627664],[-119.39200263087797,49.87415727222042],[-119.39227089988914,49.87453294799267],[-119.39209135939564,49.8746464509466],[-119.3919673181191,49.87565398195543],[-119.39237757376864,49.87686071601754],[-119.39283433180947,49.87823964699123],[-119.39259653864063,49.878919858171685],[-119.39229283935347,49.879701846325],[-119.39212825976243,49.88010463140387],[-119.39288702549315,49.881324049230194],[-119.39292990816595,49.8813934953511],[-119.39293729406016,49.88142564301756],[-119.3930115811874,49.88142501577411],[-119.39356153344546,49.88142778256936],[-119.39356187007508,49.881431940665784],[-119.39362551183078,49.881863870456726],[-119.39306726066444,49.88208905718532],[-119.39310663434865,49.88218376835483],[-119.39342677738158,49.88312349617972],[-119.39420382391201,49.88440528575094],[-119.39458766228911,49.885038527524],[-119.3961227058728,49.888994390801706],[-119.39589554948927,49.88899266591956],[-119.39565752666864,49.88899086229383],[-119.39558908741131,49.88899022456871],[-119.39550567752734,49.888989484404355],[-119.3953782890927,49.888988328698524],[-119.3939146572753,49.88897511052186],[-119.39372118413738,49.88897334917748],[-119.39369226264323,49.888973095000175],[-119.39284812563035,49.88896546217915]]]]}},{"type":"Feature","properties":{"DGUID":"2021S051259350109","DAUID":"59350109","LANDAREA":0.2931,"PRUID":"59","fed_num":"59016","da_code":"59350109","geo_name":"59350109","name_source":{"label":"Statistics Canada Census Profile 2021 DA WDS","url":"https://www12.statcan.gc.ca/wds-sdw/2021profile-profil2021-eng.cfm"},"population":840,"status":"ok","source":{"label":"Statistics Canada Census Profile 2021 DA WDS","url":"https://www12.statcan.gc.ca/wds-sdw/2021profile-profil2021-eng.cfm"},"community_name":"Kelowna","community_source":{"label":"Statistics Canada 2021 census subdivision boundaries (spatial lookup)","url":"https://geo.statcan.gc.ca/geo_wa/rest/services/2021/Cartographic_boundary_files/MapServer/9"},"community_display":"Kelowna","is_unorganized":false,"panel_title":"Kelowna","display_label":"Kelowna","map_label":"59350109"},"geometry":{"type":"MultiPolygon","coordinates":[[[[-119.39416420068636,49.88137307517229],[-119.39383022367592,49.88139265717026],[-119.39374834257359,49.881427463071994],[-119.39356153344546,49.88142778256936],[-119.3930115811874,49.88142501577411],[-119.39293729406016,49.88142564301756],[-119.39292990816595,49.8813934953511],[-119.39288702549315,49.881324049230194],[-119.39212825976243,49.88010463140387],[-119.39229283935347,49.879701846325],[-119.39259653864063,49.878919858171685],[-119.39283433180947,49.87823964699123],[-119.39237757376864,49.87686071601754],[-119.3919673181191,49.87565398195543],[-119.39209135939564,49.8746464509466],[-119.39227089988914,49.87453294799267],[-119.39233457776709,49.8744979538103],[-119.39307868512041,49.87442475987781],[-119.39699063576053,49.87442296644756],[-119.39700892111179,49.87442304251243],[-119.39827789694166,49.87442852012694],[-119.39827345349867,49.8751508336889],[-119.39827245120775,49.87531594236184],[-119.39826807452864,49.87610421889803],[-119.39825980201836,49.87759770415889],[-119.39825774378639,49.877976574507706],[-119.39824305935974,49.87910976725914],[-119.39823947526992,49.87938702826298],[-119.39674332617079,49.879366117909235],[-119.3953917962814,49.87935935793768],[-119.39543731701181,49.87948945316195],[-119.39544589942642,49.88014385411873],[-119.396364389039,49.88016955534481],[-119.3965407987754,49.88023445336288],[-119.39665280423314,49.88032965262165],[-119.39669439527981,49.880505553336235],[-119.3966655922639,49.881379856449],[-119.39416420068636,49.88137307517229]]]]}},{"type":"Feature","properties":{"DGUID":"2021S051259350110","DAUID":"59350110","LANDAREA":0.2328,"PRUID":"59","fed_num":"59016","da_code":"59350110","geo_name":"59350110","name_source":{"label":"Statistics Canada Census Profile 2021 DA WDS","url":"https://www12.statcan.gc.ca/wds-sdw/2021profile-profil2021-eng.cfm"},"population":617,"status":"ok","source":{"label":"Statistics Canada Census Profile 2021 DA WDS","url":"https://www12.statcan.gc.ca/wds-sdw/2021profile-profil2021-eng.cfm"},"community_name":"Kelowna","community_source":{"label":"Statistics Canada 2021 census subdivision boundaries (spatial lookup)","url":"https://geo.statcan.gc.ca/geo_wa/rest/services/2021/Cartographic_boundary_files/MapServer/9"},"community_display":"Kelowna","is_unorganized":false,"panel_title":"Kelowna","display_label":"Kelowna","map_label":"59350110"},"geometry":{"type":"MultiPolygon","coordinates":[[[[-119.40558445067157,49.87779160391422],[-119.40397456873148,49.876460727208475],[-119.402907228384,49.87705005864729],[-119.40189092661814,49.877566662926945],[-119.40143558339786,49.877806448411825],[-119.40106557001788,49.87795022296622],[-119.40084508008185,49.878006528649024],[-119.4006230747399,49.87806354173539],[-119.40000657851277,49.878063664134636],[-119.39956540552198,49.87806375432674],[-119.39838444244668,49.878037515445804],[-119.39825774378639,49.877976574507706],[-119.39825980201836,49.87759770415889],[-119.39826807452864,49.87610421889803],[-119.39827245120775,49.87531594236184],[-119.39827345349867,49.8751508336889],[-119.39827789694166,49.87442852012694],[-119.4000015272661,49.874442232167794],[-119.40135471803137,49.87445301246728],[-119.40139432387295,49.87423758846146],[-119.40147419718888,49.87355965094938],[-119.40239694624984,49.873670518007216],[-119.40318844927809,49.873858312028794],[-119.40371221941008,49.874042570855],[-119.40452745313405,49.87444313882883],[-119.4049806592897,49.87473873157792],[-119.4065432991916,49.875748849990856],[-119.40733741394546,49.87619865401341],[-119.40743872928243,49.87636824667745],[-119.40744714519093,49.8767932738531],[-119.40741020096196,49.87697165803757],[-119.40722391156521,49.877274665288866],[-119.40813849310372,49.8775958442121],[-119.40820141527692,49.87761796252315],[-119.40812507243965,49.877786964526756],[-119.4081234597212,49.87844611294894],[-119.40791754748173,49.87844995551476],[-119.40670087551844,49.87826451776398],[-119.40632261953537,49.878174833651876],[-119.40598160515374,49.878040464508466],[-119.40558445067157,49.87779160391422]]]]}},{"type":"Feature","properties":{"DGUID":"2021S051259350111","DAUID":"59350111","LANDAREA":0.4303,"PRUID":"59","fed_num":"59016","da_code":"59350111","geo_name":"59350111","name_source":{"label":"Statistics Canada Census Profile 2021 DA WDS","url":"https://www12.statcan.gc.ca/wds-sdw/2021profile-profil2021-eng.cfm"},"population":653,"status":"ok","source":{"label":"Statistics Canada Census Profile 2021 DA WDS","url":"https://www12.statcan.gc.ca/wds-sdw/2021profile-profil2021-eng.cfm"},"community_name":"Kelowna","community_source":{"label":"Statistics Canada 2021 census subdivision boundaries (spatial lookup)","url":"https://geo.statcan.gc.ca/geo_wa/rest/services/2021/Cartographic_boundary_files/MapServer/9"},"community_display":"Kelowna","is_unorganized":false,"panel_title":"Kelowna","display_label":"Kelowna","map_label":"59350111"},"geometry":{"type":"MultiPolygon","coordinates":[[[[-119.40979898482972,49.87714744224501],[-119.40952826349735,49.87713561403934],[-119.4094816764837,49.878067521224246],[-119.40850006095907,49.877722817509564],[-119.40820141527692,49.87761796252315],[-119.40813849310372,49.8775958442121],[-119.40722391156521,49.877274665288866],[-119.40741020096196,49.87697165803757],[-119.40744714519093,49.8767932738531],[-119.40743872928243,49.87636824667745],[-119.40733741394546,49.87619865401341],[-119.4065432991916,49.875748849990856],[-119.4049806592897,49.87473873157792],[-119.40452745313405,49.87444313882883],[-119.40371221941008,49.874042570855],[-119.40318844927809,49.873858312028794],[-119.40239694624984,49.873670518007216],[-119.40147419718888,49.87355965094938],[-119.40139432387295,49.87423758846146],[-119.40135471803137,49.87445301246728],[-119.4000015272661,49.874442232167794],[-119.39827789694166,49.87442852012694],[-119.39700892111179,49.87442304251243],[-119.39699063576053,49.87442296644756],[-119.39307868512041,49.87442475987781],[-119.39233457776709,49.8744979538103],[-119.39227089988914,49.87453294799267],[-119.39200263087797,49.87415727222042],[-119.39172550773681,49.873465853627664],[-119.3913269168484,49.872610870494704],[-119.39014878475561,49.870414456347866],[-119.39010058620937,49.870149670751964],[-119.3901477825377,49.86945706166968],[-119.3901243062737,49.86924346218939],[-119.39010849721696,49.86911157584328],[-119.38986897534596,49.86846936856092],[-119.38959751353966,49.867887061247735],[-119.38930098279265,49.867250979179246],[-119.38928269246608,49.86702047649421],[-119.38933488963814,49.86648629619147],[-119.38934560529204,49.86586278652854],[-119.38958814715521,49.86584677921247],[-119.38981860692901,49.865779447322744],[-119.38995491598733,49.86570641510553],[-119.39006802637478,49.865600366784875],[-119.39008055707897,49.86546567029811],[-119.38995323502353,49.86511025292971],[-119.39001771423793,49.86495428329277],[-119.39028145356951,49.86477294091761],[-119.39037141402282,49.86471107753612],[-119.39040221908543,49.864697337514684],[-119.39062430842787,49.86485583184031],[-119.39065070584999,49.864871199977294],[-119.3909669248964,49.86505521405414],[-119.39106771433403,49.865126437701115],[-119.39125710318179,49.86527462563645],[-119.39135662865105,49.86534432473126],[-119.391700211848,49.86553521404184],[-119.39194410071998,49.86565622742657],[-119.39220043760012,49.86578592959592],[-119.3923154153599,49.86585561362678],[-119.39253000064083,49.8659952277862],[-119.39264629857512,49.8660735168853],[-119.39279312260983,49.866233109429565],[-119.39289813885308,49.86640972841987],[-119.39297712020795,49.86658912534827],[-119.39301013437415,49.866687429235895],[-119.39302111947872,49.866893915443754],[-119.39299700158244,49.86700212525597],[-119.39293871330969,49.867210134149204],[-119.39291372431236,49.86727423198177],[-119.3928353033069,49.86737381614979],[-119.3927412221922,49.86745652895449],[-119.39263360282067,49.86752202065985],[-119.39251272742959,49.86758752423775],[-119.39243002152668,49.86763453326956],[-119.39218412031987,49.8677299297642],[-119.39189631194445,49.86782531862582],[-119.3916776065939,49.86790223107789],[-119.39140610967783,49.86804183183041],[-119.39120690655395,49.868199931390095],[-119.39116773527937,49.868272520761735],[-119.3911430132621,49.86835371286536],[-119.39112450328273,49.8685161158236],[-119.39118830566169,49.868667030172176],[-119.39124601784165,49.86872971363375],[-119.39136132010977,49.8688166217954],[-119.3914051278951,49.868852229001085],[-119.3915781176216,49.868956122009074],[-119.39193281443994,49.86910143277529],[-119.39215893542735,49.86915982366111],[-119.39219991992908,49.86916831059754],[-119.39252560721559,49.86925102536839],[-119.39272054059359,49.86929232559584],[-119.39307550596406,49.869401925748384],[-119.39328962383337,49.869514432079875],[-119.3934216335488,49.869655429632225],[-119.39352611570756,49.86979791854333],[-119.39360481661686,49.8699673253434],[-119.39363533400916,49.870055617349195],[-119.39368650711832,49.870226515728184],[-119.393680645223,49.87041452953554],[-119.39363710150566,49.870641020327135],[-119.3935920373456,49.870848915740495],[-119.39355870406499,49.87103831882021],[-119.3935247342384,49.87120071478977],[-119.39350663342663,49.871373021589505],[-119.39350100730637,49.87157101536288],[-119.39353364791093,49.871659327198834],[-119.3936407130084,49.871818819327615],[-119.39384091890196,49.871949820258884],[-119.39404110550836,49.872035318219964],[-119.39430543551491,49.87207523282474],[-119.39492243954871,49.87216201124304],[-119.3951469300837,49.872201924511984],[-119.39540021920936,49.8722418119717],[-119.39561121738127,49.87226463104151],[-119.39589004386863,49.87231301759937],[-119.39621271669967,49.872351518795426],[-119.39652184798246,49.87237992442329],[-119.39682872758046,49.87240130781245],[-119.39716182863866,49.872412730821445],[-119.39767791052431,49.87242842045897],[-119.39798613365897,49.87245831396272],[-119.39830883181355,49.87249671649798],[-119.3987705162756,49.87254942781445],[-119.39905063279694,49.872606421792476],[-119.39915032239301,49.87262352354554],[-119.39934551183603,49.87263632213745],[-119.39999894608641,49.872623529640066],[-119.40013893177712,49.872629220547466],[-119.40069413173353,49.872617824655286],[-119.40099954482547,49.87262061209617],[-119.40157021314376,49.8726092190563],[-119.40165412118522,49.87261641055286],[-119.401963841619,49.8726719090391],[-119.40221742932951,49.872721828442025],[-119.40242682823433,49.87277163017526],[-119.40254223011942,49.872812910283585],[-119.40268325687282,49.872855621885655],[-119.40281004734464,49.87290692948328],[-119.40302502501098,49.87301091062627],[-119.40308214109811,49.87305361524106],[-119.403254249001,49.87315901596935],[-119.40348221122004,49.87325301433842],[-119.4037796473323,49.873345624273995],[-119.40411803981645,49.873446726251345],[-119.40423093848908,49.87347092308853],[-119.40452835711446,49.87360902111035],[-119.40465893044392,49.87367881682981],[-119.40503184928629,49.87390392751281],[-119.40518984062372,49.87401783167172],[-119.40534595596438,49.87409612449624],[-119.40560574569922,49.87427981688893],[-119.4058213241562,49.87441802881454],[-119.4060648165432,49.87455761265712],[-119.40632523967979,49.87472283127201],[-119.40635464809243,49.87474982104938],[-119.40643935758851,49.87480111986435],[-119.40664245308163,49.874959216199784],[-119.40684733922481,49.87515292166077],[-119.4069189388144,49.875197006838285],[-119.40722722839187,49.875531713489416],[-119.40729825335576,49.87554882687915],[-119.40758515138819,49.8757140022137],[-119.40794055326354,49.875886311286074],[-119.40819632503177,49.87598892203488],[-119.4082263452809,49.875997415708014],[-119.40842436719089,49.87608292246201],[-119.40876935580313,49.87628230543952],[-119.40899613105046,49.87636771172158],[-119.40908224398501,49.87642040843829],[-119.40920875990759,49.87646171649532],[-119.40940462755869,49.876494515144394],[-119.40955983658813,49.87653582579447],[-119.40968812802393,49.876560021314354],[-119.40992633728479,49.87660981246929],[-119.4101805324345,49.87669392528065],[-119.41071682867546,49.87681780962878],[-119.41084202427746,49.876850510159],[-119.4111120455363,49.87694451619933],[-119.41134006346935,49.87703852099808],[-119.41159306614843,49.8771140157503],[-119.41189364983333,49.877243610127444],[-119.4121768474287,49.87734472342395],[-119.41247495935805,49.877464407898216],[-119.41280144083272,49.87761962673687],[-119.41308626688219,49.87773921979174],[-119.41334484898981,49.87786892542049],[-119.41364516918395,49.878034118188225],[-119.41387315235173,49.87817361929652],[-119.41408927425331,49.87832171867729],[-119.41432075731272,49.87846991341483],[-119.41450832712778,49.87862790707918],[-119.41502774501319,49.87898542952799],[-119.41527096451067,49.87911501162156],[-119.41558575991608,49.87928879869633],[-119.41568516362526,49.8793414984801],[-119.41580925229317,49.87938540248623],[-119.41597063301109,49.87944261136498],[-119.41620916422883,49.87950950628164],[-119.41636525667992,49.87954231352618],[-119.41670067309965,49.879599310247436],[-119.4170218530751,49.879619216750335],[-119.41710675456261,49.87961781204718],[-119.4173729468692,49.87964770324458],[-119.41746917485798,49.87966341504039],[-119.41757378881344,49.8796825554482],[-119.41757416321319,49.87968596459219],[-119.41761922379459,49.880088860856894],[-119.41758594335974,49.88045283994127],[-119.4155323178013,49.88045092979887],[-119.4155389000882,49.87967920363375],[-119.41517876164859,49.879657473842336],[-119.41269665909309,49.878153141123846],[-119.40979898482972,49.87714744224501]]]]}},{"type":"Feature","properties":{"DGUID":"2021S051259350189","DAUID":"59350189","LANDAREA":0.9341,"PRUID":"59","fed_num":"59016","da_code":"59350189","geo_name":"59350189","name_source":{"label":"Statistics Canada Census Profile 2021 DA WDS","url":"https://www12.statcan.gc.ca/wds-sdw/2021profile-profil2021-eng.cfm"},"population":2150,"status":"ok","source":{"label":"Statistics Canada Census Profile 2021 DA WDS","url":"https://www12.statcan.gc.ca/wds-sdw/2021profile-profil2021-eng.cfm"},"community_name":"Kelowna","community_source":{"label":"Statistics Canada 2021 census subdivision boundaries (spatial lookup)","url":"https://geo.statcan.gc.ca/geo_wa/rest/services/2021/Cartographic_boundary_files/MapServer/9"},"community_display":"Kelowna","is_unorganized":false,"panel_title":"Kelowna","display_label":"Kelowna","map_label":"59350189"},"geometry":{"type":"MultiPolygon","coordinates":[[[[-119.49058897164478,49.89357025392854],[-119.48915474167397,49.893585950782644],[-119.48849026720713,49.89359320531021],[-119.48847784755137,49.89264250347146],[-119.48847586176348,49.89173672208687],[-119.48928047012463,49.89173713278873],[-119.49015815066775,49.89173763167711],[-119.49181557171842,49.89173701486917],[-119.49354836917398,49.8917364253228],[-119.49432993145749,49.891733302498395],[-119.49553180183742,49.891712767434996],[-119.49628542145649,49.89159239058071],[-119.49661436844507,49.8915884969719],[-119.49662215631156,49.889896765131944],[-119.49662043392487,49.88900722556163],[-119.49661939992674,49.88869039375489],[-119.49661518967906,49.88736797213382],[-119.49661652649867,49.88724073813968],[-119.4966114832299,49.88631577771219],[-119.49661239280157,49.88535869157466],[-119.49660692797241,49.88449506356398],[-119.49656893418434,49.88434018495061],[-119.4966062913303,49.88422502618969],[-119.49637381129612,49.88360166099242],[-119.49942864452554,49.88366521856313],[-119.49942998699638,49.88354792627612],[-119.49986127797303,49.883541077677535],[-119.5002349254092,49.88343871102693],[-119.50062855162251,49.88322553706149],[-119.50090025996022,49.8829951867402],[-119.50111691749309,49.88264146431907],[-119.50140305341209,49.881868388117745],[-119.50170839338239,49.88149011699869],[-119.50200200169786,49.88124387349901],[-119.50242705694092,49.881053253699214],[-119.50417431615872,49.88075475094054],[-119.50408547690327,49.880555932695266],[-119.51096794680123,49.87929018866156],[-119.51158632916304,49.879179470590856],[-119.51164073974263,49.87939984317109],[-119.51164379514985,49.87949945817099],[-119.5124123793349,49.88352593351817],[-119.51251468409333,49.884066963061784],[-119.5128060716197,49.8856073413456],[-119.5128323917088,49.88574655419246],[-119.51296517957418,49.88644843018544],[-119.51296684878193,49.88645736352661],[-119.51410778540584,49.89277047394921],[-119.51560911833344,49.894652084304106],[-119.51651253648718,49.89578424128734],[-119.51759768055487,49.897157132793666],[-119.51864727089625,49.90052134411502],[-119.5185656071535,49.90118295005824],[-119.51409062306175,49.90208838942635],[-119.49953636035457,49.90457840714739],[-119.49882241809281,49.90405022587797],[-119.49693083900117,49.90458131725068],[-119.49379173266026,49.904499954917554],[-119.49377779173369,49.904386158562865],[-119.49374498861725,49.90426937590131],[-119.49364919516799,49.904055766130554],[-119.49360229598206,49.90394036576411],[-119.49356500641204,49.90377807385424],[-119.49356999314396,49.90358007221214],[-119.4935687189465,49.90357156056792],[-119.49357060639078,49.903528005502665],[-119.49357499941678,49.90342766841315],[-119.49357171476666,49.90333795684587],[-119.49359022615593,49.90315707125482],[-119.49360089168594,49.90309437797188],[-119.493605660811,49.90308607300841],[-119.49304396952802,49.902609893563266],[-119.49316723314814,49.90221898955002],[-119.49333239454174,49.9016952016761],[-119.49344505382292,49.90129235843198],[-119.49354057039035,49.90095090957063],[-119.4935466963054,49.900810417710716],[-119.49354521144042,49.90054178994741],[-119.49354450933748,49.90040698105512],[-119.49354232432448,49.90000232263269],[-119.49354166223706,49.89988551590619],[-119.49354010349667,49.8994898764091],[-119.49353829169185,49.89902742908742],[-119.49353750910298,49.89762844041563],[-119.4935374794907,49.89759250702234],[-119.49353746826876,49.897563642923515],[-119.49350594535598,49.8961386981577],[-119.49351059883453,49.89545000113779],[-119.49352578022665,49.89412960858896],[-119.4935320623139,49.893584791845406],[-119.49181996004029,49.89355679599336],[-119.49058897164478,49.89357025392854]]]]}},{"type":"Feature","properties":{"DGUID":"2021S051259350190","DAUID":"59350190","LANDAREA":0.5211,"PRUID":"59","fed_num":"59016","da_code":"59350190","geo_name":"59350190","name_source":{"label":"Statistics Canada Census Profile 2021 DA WDS","url":"https://www12.statcan.gc.ca/wds-sdw/2021profile-profil2021-eng.cfm"},"population":1600,"status":"ok","source":{"label":"Statistics Canada Census Profile 2021 DA WDS","url":"https://www12.statcan.gc.ca/wds-sdw/2021profile-profil2021-eng.cfm"},"community_name":"Kelowna","community_source":{"label":"Statistics Canada 2021 census subdivision boundaries (spatial lookup)","url":"https://geo.statcan.gc.ca/geo_wa/rest/services/2021/Cartographic_boundary_files/MapServer/9"},"community_display":"Kelowna","is_unorganized":false,"panel_title":"Kelowna","display_label":"Kelowna","map_label":"59350190"},"geometry":{"type":"MultiPolygon","coordinates":[[[[-119.48860209035202,49.884488614553085],[-119.48859509271102,49.88372516243946],[-119.48990064388916,49.8837307469738],[-119.49350436189556,49.88368811541168],[-119.49504529591458,49.883630009757994],[-119.49621599728849,49.8836012939956],[-119.49637381129612,49.88360166099242],[-119.4966062913303,49.88422502618969],[-119.49656893418434,49.88434018495061],[-119.49660692797241,49.88449506356398],[-119.49661239280157,49.88535869157466],[-119.4966114832299,49.88631577771219],[-119.49661652649867,49.88724073813968],[-119.49661518967906,49.88736797213382],[-119.49661939992674,49.88869039375489],[-119.49662043392487,49.88900722556163],[-119.49662215631156,49.889896765131944],[-119.49661436844507,49.8915884969719],[-119.49628542145649,49.89159239058071],[-119.49553180183742,49.891712767434996],[-119.49432993145749,49.891733302498395],[-119.49354836917398,49.8917364253228],[-119.49181557171842,49.89173701486917],[-119.49015815066775,49.89173763167711],[-119.48928047012463,49.89173713278873],[-119.48847586176348,49.89173672208687],[-119.48847898089318,49.891655611045174],[-119.48847965768137,49.89116170694222],[-119.48848046089972,49.89020639799103],[-119.48848043997376,49.890030312474515],[-119.48847604514431,49.8897651905631],[-119.48847284578835,49.88957383501916],[-119.48846921399388,49.88935510735087],[-119.4884663602973,49.88896391949075],[-119.48846847172862,49.888381601645754],[-119.48847337613626,49.887338903186986],[-119.48847775098307,49.88630980540201],[-119.48847994134853,49.88583560009932],[-119.48848203119529,49.885369096550995],[-119.48851805519594,49.884754519946135],[-119.48860139105898,49.88466013966599],[-119.48860209035202,49.884488614553085]]]]}},{"type":"Feature","properties":{"DGUID":"2021S051259350191","DAUID":"59350191","LANDAREA":0.1782,"PRUID":"59","fed_num":"59016","da_code":"59350191","geo_name":"59350191","name_source":{"label":"Statistics Canada Census Profile 2021 DA WDS","url":"https://www12.statcan.gc.ca/wds-sdw/2021profile-profil2021-eng.cfm"},"population":829,"status":"ok","source":{"label":"Statistics Canada Census Profile 2021 DA WDS","url":"https://www12.statcan.gc.ca/wds-sdw/2021profile-profil2021-eng.cfm"},"community_name":"Kelowna","community_source":{"label":"Statistics Canada 2021 census subdivision boundaries (spatial lookup)","url":"https://geo.statcan.gc.ca/geo_wa/rest/services/2021/Cartographic_boundary_files/MapServer/9"},"community_display":"Kelowna","is_unorganized":false,"panel_title":"Kelowna","display_label":"Kelowna","map_label":"59350191"},"geometry":{"type":"MultiPolygon","coordinates":[[[[-119.48275608690561,49.88674915865299],[-119.48275774651479,49.88629820006712],[-119.48847775098307,49.88630980540201],[-119.48847337613626,49.887338903186986],[-119.48846847172862,49.888381601645754],[-119.4884663602973,49.88896391949075],[-119.48846921399388,49.88935510735087],[-119.48847284578835,49.88957383501916],[-119.48847604514431,49.8897651905631],[-119.48848043997376,49.890030312474515],[-119.48848046089972,49.89020639799103],[-119.4877424521183,49.89020535420263],[-119.48360454049107,49.8901992757654],[-119.48275253921652,49.890197996152246],[-119.4827523110232,49.88976376290052],[-119.48275201819008,49.88932116878342],[-119.48275153987589,49.88880050410205],[-119.48275116146289,49.88836839189062],[-119.48275253066882,49.887854959718304],[-119.48275395233557,49.8873219953455],[-119.48275608690561,49.88674915865299]]]]}},{"type":"Feature","properties":{"DGUID":"2021S051259350192","DAUID":"59350192","LANDAREA":0.1193,"PRUID":"59","fed_num":"59016","da_code":"59350192","geo_name":"59350192","name_source":{"label":"Statistics Canada Census Profile 2021 DA WDS","url":"https://www12.statcan.gc.ca/wds-sdw/2021profile-profil2021-eng.cfm"},"population":567,"status":"ok","source":{"label":"Statistics Canada Census Profile 2021 DA WDS","url":"https://www12.statcan.gc.ca/wds-sdw/2021profile-profil2021-eng.cfm"},"community_name":"Kelowna","community_source":{"label":"Statistics Canada 2021 census subdivision boundaries (spatial lookup)","url":"https://geo.statcan.gc.ca/geo_wa/rest/services/2021/Cartographic_boundary_files/MapServer/9"},"community_display":"Kelowna","is_unorganized":false,"panel_title":"Kelowna","display_label":"Kelowna","map_label":"59350192"},"geometry":{"type":"MultiPolygon","coordinates":[[[[-119.48276663662506,49.88444580001759],[-119.4827676191964,49.883705387047],[-119.48847607865278,49.88372707656094],[-119.48859509271102,49.88372516243946],[-119.48860209035202,49.884488614553085],[-119.48860139105898,49.88466013966599],[-119.48851805519594,49.884754519946135],[-119.48848203119529,49.885369096550995],[-119.48847994134853,49.88583560009932],[-119.48847775098307,49.88630980540201],[-119.48275774651479,49.88629820006712],[-119.48275887246443,49.88576819651131],[-119.48275976795894,49.885354713108065],[-119.48276291862892,49.88494069669944],[-119.48276663662506,49.88444580001759]]]]}},{"type":"Feature","properties":{"DGUID":"2021S051259350193","DAUID":"59350193","LANDAREA":0.1201,"PRUID":"59","fed_num":"59016","da_code":"59350193","geo_name":"59350193","name_source":{"label":"Statistics Canada Census Profile 2021 DA WDS","url":"https://www12.statcan.gc.ca/wds-sdw/2021profile-profil2021-eng.cfm"},"population":822,"status":"ok","source":{"label":"Statistics Canada Census Profile 2021 DA WDS","url":"https://www12.statcan.gc.ca/wds-sdw/2021profile-profil2021-eng.cfm"},"community_name":"Kelowna","community_source":{"label":"Statistics Canada 2021 census subdivision boundaries (spatial lookup)","url":"https://geo.statcan.gc.ca/geo_wa/rest/services/2021/Cartographic_boundary_files/MapServer/9"},"community_display":"Kelowna","is_unorganized":false,"panel_title":"Kelowna","display_label":"Kelowna","map_label":"59350193"},"geometry":{"type":"MultiPolygon","coordinates":[[[[-119.4770335016438,49.8844394650123],[-119.47703896841968,49.883590073378876],[-119.4782727183506,49.88361493125436],[-119.47925544389119,49.883634717906666],[-119.4827676191964,49.883705387047],[-119.48276663662506,49.88444580001759],[-119.48276291862892,49.88494069669944],[-119.48275976795894,49.885354713108065],[-119.48275887246443,49.88576819651131],[-119.48275774651479,49.88629820006712],[-119.48074807197759,49.8862831453982],[-119.48046885651817,49.88628104943246],[-119.47981547420137,49.88627615065482],[-119.47708192677614,49.88627007473221],[-119.47707665350222,49.88532972104652],[-119.47707284519409,49.88525032442038],[-119.4770335016438,49.8844394650123]]]]}},{"type":"Feature","properties":{"DGUID":"2021S051259350203","DAUID":"59350203","LANDAREA":0.1391,"PRUID":"59","fed_num":"59016","da_code":"59350203","geo_name":"59350203","name_source":{"label":"Statistics Canada Census Profile 2021 DA WDS","url":"https://www12.statcan.gc.ca/wds-sdw/2021profile-profil2021-eng.cfm"},"population":656,"status":"ok","source":{"label":"Statistics Canada Census Profile 2021 DA WDS","url":"https://www12.statcan.gc.ca/wds-sdw/2021profile-profil2021-eng.cfm"},"community_name":"Kelowna","community_source":{"label":"Statistics Canada 2021 census subdivision boundaries (spatial lookup)","url":"https://geo.statcan.gc.ca/geo_wa/rest/services/2021/Cartographic_boundary_files/MapServer/9"},"community_display":"Kelowna","is_unorganized":false,"panel_title":"Kelowna","display_label":"Kelowna","map_label":"59350203"},"geometry":{"type":"MultiPolygon","coordinates":[[[[-119.47707144844166,49.88702504036469],[-119.47708192677614,49.88627007473221],[-119.47981547420137,49.88627615065482],[-119.48046885651817,49.88628104943246],[-119.48074807197759,49.8862831453982],[-119.48275774651479,49.88629820006712],[-119.48275608690561,49.88674915865299],[-119.48275395233557,49.8873219953455],[-119.48275253066882,49.887854959718304],[-119.48275116146289,49.88836839189062],[-119.48275153987589,49.88880050410205],[-119.48275201819008,49.88932116878342],[-119.48205418273065,49.88931543899897],[-119.47983506022511,49.88929701138256],[-119.47696625556345,49.88930720951442],[-119.47697474497132,49.88840741109675],[-119.47697796512433,49.887915945690786],[-119.47698192621601,49.88731159143392],[-119.47698366396386,49.88717263683567],[-119.4770714031321,49.88702798000018],[-119.47707144844166,49.88702504036469]]]]}},{"type":"Feature","properties":{"DGUID":"2021S051259350204","DAUID":"59350204","LANDAREA":0.1968,"PRUID":"59","fed_num":"59016","da_code":"59350204","geo_name":"59350204","name_source":{"label":"Statistics Canada Census Profile 2021 DA WDS","url":"https://www12.statcan.gc.ca/wds-sdw/2021profile-profil2021-eng.cfm"},"population":642,"status":"ok","source":{"label":"Statistics Canada Census Profile 2021 DA WDS","url":"https://www12.statcan.gc.ca/wds-sdw/2021profile-profil2021-eng.cfm"},"community_name":"Kelowna","community_source":{"label":"Statistics Canada 2021 census subdivision boundaries (spatial lookup)","url":"https://geo.statcan.gc.ca/geo_wa/rest/services/2021/Cartographic_boundary_files/MapServer/9"},"community_display":"Kelowna","is_unorganized":false,"panel_title":"Kelowna","display_label":"Kelowna","map_label":"59350204"},"geometry":{"type":"MultiPolygon","coordinates":[[[[-119.47696483711154,49.88973279775362],[-119.47696625556345,49.88930720951442],[-119.47983506022511,49.88929701138256],[-119.48205418273065,49.88931543899897],[-119.48275201819008,49.88932116878342],[-119.4827523110232,49.88976376290052],[-119.48275253921652,49.890197996152246],[-119.48276289995444,49.89065308749229],[-119.482773657123,49.89112570346961],[-119.482773452368,49.89163592333483],[-119.48277154157907,49.89263724091889],[-119.48277549420223,49.893082181595034],[-119.48277944021571,49.89353078988813],[-119.48203780741163,49.89353466320563],[-119.4799125016992,49.893545739287426],[-119.47829628345916,49.89359012968098],[-119.47756381824784,49.89358162098544],[-119.47732973882658,49.89364530215469],[-119.47699941010684,49.893639141966226],[-119.47699932471137,49.893512718943356],[-119.47700110067797,49.89307034186633],[-119.47700150473067,49.892998346149234],[-119.47700250949326,49.89283563118793],[-119.47700033370282,49.892635942889406],[-119.47699198601717,49.892098872426864],[-119.47698443911462,49.891613721828],[-119.47698205553085,49.89147784604195],[-119.47697604428589,49.89113462144087],[-119.47697544956598,49.89097292635111],[-119.47696945553623,49.89057824903043],[-119.47696332886638,49.89017750414646],[-119.47696483711154,49.88973279775362]]]]}},{"type":"Feature","properties":{"DGUID":"2021S051259350205","DAUID":"59350205","LANDAREA":0.1847,"PRUID":"59","fed_num":"59016","da_code":"59350205","geo_name":"59350205","name_source":{"label":"Statistics Canada Census Profile 2021 DA WDS","url":"https://www12.statcan.gc.ca/wds-sdw/2021profile-profil2021-eng.cfm"},"population":955,"status":"ok","source":{"label":"Statistics Canada Census Profile 2021 DA WDS","url":"https://www12.statcan.gc.ca/wds-sdw/2021profile-profil2021-eng.cfm"},"community_name":"Kelowna","community_source":{"label":"Statistics Canada 2021 census subdivision boundaries (spatial lookup)","url":"https://geo.statcan.gc.ca/geo_wa/rest/services/2021/Cartographic_boundary_files/MapServer/9"},"community_display":"Kelowna","is_unorganized":false,"panel_title":"Kelowna","display_label":"Kelowna","map_label":"59350205"},"geometry":{"type":"MultiPolygon","coordinates":[[[[-119.47082544122304,49.89108051600315],[-119.47081460423993,49.88969191013791],[-119.4708088252835,49.88932221444922],[-119.47207882279868,49.88930421843713],[-119.47209796085099,49.88794992581074],[-119.4721579372893,49.88792100071893],[-119.47232582337628,49.887919304145704],[-119.4731558627758,49.88809532469538],[-119.47327124590493,49.888197015440845],[-119.47329984388377,49.88929590052994],[-119.474517646689,49.88930091703362],[-119.47454362872978,49.88729241781024],[-119.47394883112668,49.88728930458713],[-119.47395769908884,49.886260448219446],[-119.4769422628518,49.886269862361395],[-119.47708192677614,49.88627007473221],[-119.47707144844166,49.88702504036469],[-119.4770714031321,49.88702798000018],[-119.47698366396386,49.88717263683567],[-119.47698192621601,49.88731159143392],[-119.47697796512433,49.887915945690786],[-119.47697474497132,49.88840741109675],[-119.47696625556345,49.88930720951442],[-119.47696483711154,49.88973279775362],[-119.47696332886638,49.89017750414646],[-119.47696945553623,49.89057824903043],[-119.47697544956598,49.89097292635111],[-119.47697604428589,49.89113462144087],[-119.47698205553085,49.89147784604195],[-119.47698443911462,49.891613721828],[-119.47699198601717,49.892098872426864],[-119.47700033370282,49.892635942889406],[-119.47700250949326,49.89283563118793],[-119.47534338064912,49.89280879831855],[-119.47536035318912,49.891466326548695],[-119.47536684559451,49.89095450730143],[-119.47451185015949,49.890953110938824],[-119.47331653557507,49.89099961054036],[-119.47089625096345,49.89109371618026],[-119.47082544122304,49.89108051600315]]]]}},{"type":"Feature","properties":{"DGUID":"2021S051259350206","DAUID":"59350206","LANDAREA":0.1533,"PRUID":"59","fed_num":"59016","da_code":"59350206","geo_name":"59350206","name_source":{"label":"Statistics Canada Census Profile 2021 DA WDS","url":"https://www12.statcan.gc.ca/wds-sdw/2021profile-profil2021-eng.cfm"},"population":669,"status":"ok","source":{"label":"Statistics Canada Census Profile 2021 DA WDS","url":"https://www12.statcan.gc.ca/wds-sdw/2021profile-profil2021-eng.cfm"},"community_name":"Kelowna","community_source":{"label":"Statistics Canada 2021 census subdivision boundaries (spatial lookup)","url":"https://geo.statcan.gc.ca/geo_wa/rest/services/2021/Cartographic_boundary_files/MapServer/9"},"community_display":"Kelowna","is_unorganized":false,"panel_title":"Kelowna","display_label":"Kelowna","map_label":"59350206"},"geometry":{"type":"MultiPolygon","coordinates":[[[[-119.48276289995444,49.89065308749229],[-119.48275253921652,49.890197996152246],[-119.48360454049107,49.8901992757654],[-119.4877424521183,49.89020535420263],[-119.48848046089972,49.89020639799103],[-119.48847965768137,49.89116170694222],[-119.48847898089318,49.891655611045174],[-119.48847586176348,49.89173672208687],[-119.48847784755137,49.89264250347146],[-119.48849026720713,49.89359320531021],[-119.48774748489026,49.89358510697096],[-119.4834849658511,49.893538550862075],[-119.48277944021571,49.89353078988813],[-119.48277549420223,49.893082181595034],[-119.48277154157907,49.89263724091889],[-119.482773452368,49.89163592333483],[-119.482773657123,49.89112570346961],[-119.48276289995444,49.89065308749229]]]]}},{"type":"Feature","properties":{"DGUID":"2021S051259350207","DAUID":"59350207","LANDAREA":1.0459,"PRUID":"59","fed_num":"59016","da_code":"59350207","geo_name":"59350207","name_source":{"label":"Statistics Canada Census Profile 2021 DA WDS","url":"https://www12.statcan.gc.ca/wds-sdw/2021profile-profil2021-eng.cfm"},"population":1332,"status":"ok","source":{"label":"Statistics Canada Census Profile 2021 DA WDS","url":"https://www12.statcan.gc.ca/wds-sdw/2021profile-profil2021-eng.cfm"},"community_name":"Kelowna","community_source":{"label":"Statistics Canada 2021 census subdivision boundaries (spatial lookup)","url":"https://geo.statcan.gc.ca/geo_wa/rest/services/2021/Cartographic_boundary_files/MapServer/9"},"community_display":"Kelowna","is_unorganized":false,"panel_title":"Kelowna","display_label":"Kelowna","map_label":"59350207"},"geometry":{"type":"MultiPolygon","coordinates":[[[[-119.47699939510562,49.893665595273504],[-119.47699941010684,49.893639141966226],[-119.47732973882658,49.89364530215469],[-119.47756381824784,49.89358162098544],[-119.47829628345916,49.89359012968098],[-119.4799125016992,49.893545739287426],[-119.48203780741163,49.89353466320563],[-119.48277944021571,49.89353078988813],[-119.4834849658511,49.893538550862075],[-119.48774748489026,49.89358510697096],[-119.48849026720713,49.89359320531021],[-119.48915474167397,49.893585950782644],[-119.49058897164478,49.89357025392854],[-119.49181996004029,49.89355679599336],[-119.4935320623139,49.893584791845406],[-119.49352578022665,49.89412960858896],[-119.49351059883453,49.89545000113779],[-119.49350594535598,49.8961386981577],[-119.49353746826876,49.897563642923515],[-119.4935374794907,49.89759250702234],[-119.49353750910298,49.89762844041563],[-119.49353829169185,49.89902742908742],[-119.49354010349667,49.8994898764091],[-119.49354166223706,49.89988551590619],[-119.49354232432448,49.90000232263269],[-119.49354450933748,49.90040698105512],[-119.49354521144042,49.90054178994741],[-119.4935466963054,49.900810417710716],[-119.49354057039035,49.90095090957063],[-119.49344505382292,49.90129235843198],[-119.49333239454174,49.9016952016761],[-119.49316723314814,49.90221898955002],[-119.49304396952802,49.902609893563266],[-119.493605660811,49.90308607300841],[-119.49360089168594,49.90309437797188],[-119.49359022615593,49.90315707125482],[-119.49357171476666,49.90333795684587],[-119.49357499941678,49.90342766841315],[-119.49357060639078,49.903528005502665],[-119.4935687189465,49.90357156056792],[-119.49356999314396,49.90358007221214],[-119.49356500641204,49.90377807385424],[-119.49360229598206,49.90394036576411],[-119.49364919516799,49.904055766130554],[-119.49374498861725,49.90426937590131],[-119.49377779173369,49.904386158562865],[-119.49379173266026,49.904499954917554],[-119.49377464784546,49.90449950466125],[-119.49350027157656,49.904483285903986],[-119.49271756456142,49.90443706277166],[-119.4909454115614,49.90443534480455],[-119.48996063563382,49.90443085465899],[-119.48963656871865,49.904351063726644],[-119.48900344682936,49.903987185825954],[-119.4886199351395,49.9037667723938],[-119.48846913460723,49.903628627994166],[-119.48845674408372,49.90351954236933],[-119.48804911194001,49.903457337535784],[-119.48701086950898,49.90287804028844],[-119.48651212444854,49.902621652631694],[-119.4862469131821,49.902550764734535],[-119.48579838962833,49.90251049128514],[-119.48560295316034,49.902460013514435],[-119.48543612298838,49.90239497244907],[-119.48438285636895,49.90165947410333],[-119.48425415727408,49.90156960184579],[-119.4841673673907,49.90151053297096],[-119.48370889960799,49.90119855316287],[-119.4835662844219,49.90110148455128],[-119.48277076690718,49.899871096947436],[-119.48151420489975,49.89955441218974],[-119.47992083484529,49.89837644467927],[-119.47987305964301,49.89814332882632],[-119.4793362366599,49.898036301936706],[-119.47902074387046,49.897877508848254],[-119.47719383925558,49.89653041741235],[-119.47706386302943,49.8963646218933],[-119.47700936363081,49.89604170665758],[-119.47700984376513,49.89566701520007],[-119.47700821437425,49.894799119197806],[-119.47699933365841,49.89427484618304],[-119.47699936530898,49.89381637101075],[-119.47699938908887,49.89380727299199],[-119.47699937575925,49.8937892372352],[-119.47699938756605,49.89377767121539],[-119.47699939510562,49.893665595273504]]]]}},{"type":"Feature","properties":{"DGUID":"2021S051259350208","DAUID":"59350208","LANDAREA":3.1759,"PRUID":"59","fed_num":"59016","da_code":"59350208","geo_name":"59350208","name_source":{"label":"Statistics Canada Census Profile 2021 DA WDS","url":"https://www12.statcan.gc.ca/wds-sdw/2021profile-profil2021-eng.cfm"},"population":1301,"status":"ok","source":{"label":"Statistics Canada Census Profile 2021 DA WDS","url":"https://www12.statcan.gc.ca/wds-sdw/2021profile-profil2021-eng.cfm"},"community_name":"Kelowna","community_source":{"label":"Statistics Canada 2021 census subdivision boundaries (spatial lookup)","url":"https://geo.statcan.gc.ca/geo_wa/rest/services/2021/Cartographic_boundary_files/MapServer/9"},"community_display":"Kelowna","is_unorganized":false,"panel_title":"Kelowna","display_label":"Kelowna","map_label":"59350208"},"geometry":{"type":"MultiPolygon","coordinates":[[[[-119.47046348756213,49.90096039095223],[-119.47019046549781,49.90100277289224],[-119.46997695258148,49.9010785038813],[-119.46981457653182,49.90116813079106],[-119.46916534250954,49.90170001355447],[-119.46873482635824,49.90186421634976],[-119.46856358186292,49.90192953488564],[-119.46836523509181,49.902035975250556],[-119.46816613955897,49.902186614729224],[-119.46801261559054,49.90236074287423],[-119.4679297048084,49.90252012746149],[-119.46789597660378,49.90267382512771],[-119.46786125277814,49.9028320819897],[-119.4677627056456,49.90303208240263],[-119.46769218384382,49.903114636129935],[-119.46759311301062,49.90323053459732],[-119.46736423206958,49.90339386338562],[-119.46709779406552,49.90351698474915],[-119.46699463802896,49.903546636544256],[-119.46679603534945,49.90360368920219],[-119.46602734710685,49.90365164745807],[-119.46559255414857,49.90368276777092],[-119.46543716784223,49.90369387395946],[-119.46488620053057,49.90373331038531],[-119.46438227482882,49.903790681243834],[-119.46409180006015,49.90382377418466],[-119.46370222671173,49.9038681413615],[-119.4634209241336,49.90390016331246],[-119.4633629470724,49.90390677445187],[-119.46334620359593,49.9037932414177],[-119.46331477105635,49.903579707574345],[-119.4633319815213,49.90349922161886],[-119.46342074921071,49.903083963041325],[-119.46365545363206,49.90267539871538],[-119.46404535749286,49.90231495598154],[-119.46478914700694,49.90179948723639],[-119.46532873862314,49.90142548540617],[-119.4655633017695,49.90110541333062],[-119.46567011672168,49.90085047534959],[-119.46567589304222,49.90083670182774],[-119.46569337317669,49.900057568195216],[-119.46571356973388,49.899159364064175],[-119.46571812520423,49.89839569309359],[-119.4677824356832,49.89842521621522],[-119.46775493177148,49.89771922595255],[-119.46573088894772,49.89764334475202],[-119.46572951215806,49.89690187793903],[-119.46572596697301,49.896458284210034],[-119.46712264934109,49.89647411389694],[-119.4683328275636,49.8964850185447],[-119.4695004672583,49.896499751305534],[-119.47086045828827,49.89652776287496],[-119.47154011869726,49.89656385009511],[-119.4721945951805,49.89658039977494],[-119.47407495234896,49.89661506796264],[-119.47440848068341,49.896608809874365],[-119.47496406720416,49.89663296308063],[-119.47583943081378,49.89694013872086],[-119.47674727829859,49.89725866338083],[-119.476788614596,49.89729824606513],[-119.47696856640955,49.897470555477014],[-119.47706386302943,49.8963646218933],[-119.47719383925558,49.89653041741235],[-119.47902074387046,49.897877508848254],[-119.4793362366599,49.898036301936706],[-119.47987305964301,49.89814332882632],[-119.47992083484529,49.89837644467927],[-119.48151420489975,49.89955441218974],[-119.48277076690718,49.899871096947436],[-119.4835662844219,49.90110148455128],[-119.48370889960799,49.90119855316287],[-119.4841673673907,49.90151053297096],[-119.48425415727408,49.90156960184579],[-119.48438285636895,49.90165947410333],[-119.48543612298838,49.90239497244907],[-119.48560295316034,49.902460013514435],[-119.48579838962833,49.90251049128514],[-119.4862469131821,49.902550764734535],[-119.48651212444854,49.902621652631694],[-119.48701086950898,49.90287804028844],[-119.48804911194001,49.903457337535784],[-119.48845674408372,49.90351954236933],[-119.48846913460723,49.903628627994166],[-119.4886199351395,49.9037667723938],[-119.48900344682936,49.903987185825954],[-119.48963656871865,49.904351063726644],[-119.48996063563382,49.90443085465899],[-119.4909454115614,49.90443534480455],[-119.49271756456142,49.90443706277166],[-119.49350027157656,49.904483285903986],[-119.49377464784546,49.90449950466125],[-119.49379173266026,49.904499954917554],[-119.49693083900117,49.90458131725068],[-119.49882241809281,49.90405022587797],[-119.49953636035457,49.90457840714739],[-119.51409062306175,49.90208838942635],[-119.5185656071535,49.90118295005824],[-119.51845648245765,49.902250850601924],[-119.51845332236923,49.90228195042431],[-119.51832875846543,49.90350072575593],[-119.51828025182361,49.90397548469416],[-119.51816723323053,49.90417557284663],[-119.51815836774468,49.904191332716245],[-119.51804094683632,49.90439919185444],[-119.51800314880361,49.90446614313034],[-119.51780175323769,49.90482269366255],[-119.51660072519037,49.906949059014806],[-119.51490396380562,49.909952681776865],[-119.51012836055449,49.91477785776169],[-119.5089205791615,49.91599795502257],[-119.50889503791394,49.91602376942386],[-119.50886972166909,49.916049345864984],[-119.50869858949575,49.916222209866],[-119.50856145328085,49.91636075725303],[-119.50698743186565,49.91795068100888],[-119.50484728795055,49.9201122440629],[-119.50484279675636,49.92011677260382],[-119.50474918510596,49.92021132007362],[-119.5024286187805,49.92255479938747],[-119.49750703497965,49.92760764775003],[-119.4953783662655,49.92979267781789],[-119.49352058946161,49.93169942944878],[-119.49318537708155,49.93204347295017],[-119.48451856296157,49.94093590078871],[-119.48412106887673,49.94188111654262],[-119.48310890767046,49.944287785594426],[-119.48168476373206,49.94767359266505],[-119.48150072243638,49.94904690363311],[-119.48149767588829,49.94906975184723],[-119.48149567888824,49.94908450021745],[-119.4812406939525,49.95098716546228],[-119.48119806128122,49.95130535915972],[-119.4809296599996,49.953307691069746],[-119.48024142179835,49.951320347711395],[-119.47722044490926,49.92882166471172],[-119.47658516060585,49.92576995861818],[-119.4764253659746,49.924255174407755],[-119.47637413663733,49.923769688986134],[-119.47634572537997,49.919319576116216],[-119.47634512241105,49.919303107476026],[-119.47632851808338,49.91884838034536],[-119.47629520099852,49.918667996064066],[-119.47624786122181,49.91861161976788],[-119.47608324331867,49.91856031477953],[-119.4756516724185,49.91849841938124],[-119.47572737398272,49.91775431607993],[-119.47565456233141,49.91756941791601],[-119.47558516371197,49.91749751225295],[-119.47590345357031,49.91722763049984],[-119.47597045203828,49.916938750729884],[-119.47599475990826,49.91683391118626],[-119.47601384246721,49.91551634666489],[-119.47603564381969,49.914007308668914],[-119.47575592521262,49.912021856856384],[-119.47631643251474,49.903348969923954],[-119.4761599109512,49.90319241848268],[-119.47591965215649,49.90236086602519],[-119.47583384786816,49.90224737724918],[-119.47570577193714,49.90216569294502],[-119.47563399112104,49.902140507331836],[-119.4751534183725,49.90197197105699],[-119.47502544846897,49.901899317478865],[-119.47495195435945,49.901797399376164],[-119.47496394261059,49.901635569680295],[-119.47472727042647,49.90159892725575],[-119.47432870686394,49.90153717315469],[-119.47420503600885,49.901518005382535],[-119.47390976093294,49.90153018491916],[-119.47374417653393,49.90157041158382],[-119.47245950002689,49.901882510110724],[-119.47227780724243,49.90192664669667],[-119.47202389932525,49.901509792193615],[-119.47201410462569,49.901493690464804],[-119.47145384931562,49.90114056287254],[-119.47115400663758,49.90100887744847],[-119.47089178850135,49.9009660971375],[-119.47065186855936,49.90096260623878],[-119.47046348756213,49.90096039095223]]]]}},{"type":"Feature","properties":{"DGUID":"2021S051259350209","DAUID":"59350209","LANDAREA":0.4042,"PRUID":"59","fed_num":"59016","da_code":"59350209","geo_name":"59350209","name_source":{"label":"Statistics Canada Census Profile 2021 DA WDS","url":"https://www12.statcan.gc.ca/wds-sdw/2021profile-profil2021-eng.cfm"},"population":864,"status":"ok","source":{"label":"Statistics Canada Census Profile 2021 DA WDS","url":"https://www12.statcan.gc.ca/wds-sdw/2021profile-profil2021-eng.cfm"},"community_name":"Kelowna","community_source":{"label":"Statistics Canada 2021 census subdivision boundaries (spatial lookup)","url":"https://geo.statcan.gc.ca/geo_wa/rest/services/2021/Cartographic_boundary_files/MapServer/9"},"community_display":"Kelowna","is_unorganized":false,"panel_title":"Kelowna","display_label":"Kelowna","map_label":"59350209"},"geometry":{"type":"MultiPolygon","coordinates":[[[[-119.46385211647495,49.89644642605258],[-119.46050402823097,49.896423120004535],[-119.46092450871946,49.89564452086116],[-119.46209463930738,49.89564231129133],[-119.46350214618423,49.895573019847376],[-119.46574890036077,49.895615346669366],[-119.46576796531039,49.89494554421921],[-119.46577169942597,49.89472452922467],[-119.46580255464595,49.89372852722513],[-119.46581670801126,49.893268845908715],[-119.46581586144785,49.89292091879671],[-119.46581553359017,49.89278926692585],[-119.46596659334745,49.89243433091163],[-119.46617992902219,49.89224959954418],[-119.4668494354582,49.89198268104574],[-119.46685202406634,49.89198267310952],[-119.46715275147254,49.891813733337244],[-119.46893753249383,49.89216415627744],[-119.47088533994642,49.89261468717505],[-119.47104265189056,49.89247906892212],[-119.47109550891736,49.89243352873928],[-119.47112512218591,49.89243741737147],[-119.47392144301604,49.892804235285126],[-119.4740406291176,49.89280462474536],[-119.47478956876049,49.8928070288323],[-119.47534338064912,49.89280879831855],[-119.47700250949326,49.89283563118793],[-119.47700150473067,49.892998346149234],[-119.47700110067797,49.89307034186633],[-119.47699932471137,49.893512718943356],[-119.47699941010684,49.893639141966226],[-119.47699939510562,49.893665595273504],[-119.47699938756605,49.89377767121539],[-119.47699937575925,49.8937892372352],[-119.47699938908887,49.89380727299199],[-119.47699936530898,49.89381637101075],[-119.47699933365841,49.89427484618304],[-119.47700821437425,49.894799119197806],[-119.47700984376513,49.89566701520007],[-119.47700936363081,49.89604170665758],[-119.47706386302943,49.8963646218933],[-119.47696856640955,49.897470555477014],[-119.476788614596,49.89729824606513],[-119.47674727829859,49.89725866338083],[-119.47583943081378,49.89694013872086],[-119.47496406720416,49.89663296308063],[-119.47440848068341,49.896608809874365],[-119.47407495234896,49.89661506796264],[-119.4721945951805,49.89658039977494],[-119.47154011869726,49.89656385009511],[-119.47086045828827,49.89652776287496],[-119.4695004672583,49.896499751305534],[-119.4683328275636,49.8964850185447],[-119.46712264934109,49.89647411389694],[-119.46572596697301,49.896458284210034],[-119.46385211647495,49.89644642605258]]]]}},{"type":"Feature","properties":{"DGUID":"2021S051259350215","DAUID":"59350215","LANDAREA":1.0377,"PRUID":"59","fed_num":"59016","da_code":"59350215","geo_name":"59350215","name_source":{"label":"Statistics Canada Census Profile 2021 DA WDS","url":"https://www12.statcan.gc.ca/wds-sdw/2021profile-profil2021-eng.cfm"},"population":1145,"status":"ok","source":{"label":"Statistics Canada Census Profile 2021 DA WDS","url":"https://www12.statcan.gc.ca/wds-sdw/2021profile-profil2021-eng.cfm"},"community_name":"Kelowna","community_source":{"label":"Statistics Canada 2021 census subdivision boundaries (spatial lookup)","url":"https://geo.statcan.gc.ca/geo_wa/rest/services/2021/Cartographic_boundary_files/MapServer/9"},"community_display":"Kelowna","is_unorganized":false,"panel_title":"Kelowna","display_label":"Kelowna","map_label":"59350215"},"geometry":{"type":"MultiPolygon","coordinates":[[[[-119.47431382355502,49.860882964780544],[-119.47223327920099,49.86088139292128],[-119.47223181073173,49.86096980254952],[-119.46940080546696,49.86097606174201],[-119.46894161303113,49.860977059160035],[-119.46873310132209,49.86097751799305],[-119.46759191537757,49.86098000921603],[-119.4669798480562,49.860981346388165],[-119.46589428209677,49.860983687703644],[-119.4654768297814,49.86098460682614],[-119.46440030724857,49.86098692111808],[-119.46433564344514,49.86098706028222],[-119.46412124548895,49.860987511362296],[-119.46337888588506,49.86098371232298],[-119.45646755235322,49.86097420181057],[-119.45657922462748,49.86087705982564],[-119.45717848891368,49.860418093797875],[-119.45794204975694,49.85979307812914],[-119.45841721057282,49.8594041208497],[-119.45985179688627,49.85833867425037],[-119.46134594630347,49.85752962889229],[-119.4623147913232,49.85700521459094],[-119.4626437203181,49.85674903140065],[-119.46267095113106,49.8567278099753],[-119.46288934711457,49.856557703054754],[-119.46366170885658,49.855956126519324],[-119.463826439866,49.85574289964621],[-119.46432390094623,49.85509902680038],[-119.4644098273506,49.85498782356308],[-119.46480833951757,49.85447194411789],[-119.4661381816917,49.85275038364549],[-119.46859402289115,49.84957348844518],[-119.46894450208302,49.84912004970599],[-119.4691761768878,49.84888648704683],[-119.46932332579337,49.84893140796771],[-119.46948143657877,49.84890925074806],[-119.4695928949933,49.84883284897436],[-119.47121438046987,49.84940487598586],[-119.47125660538292,49.849416535489304],[-119.47394667486755,49.85015880350298],[-119.47656293213358,49.85088063121028],[-119.47498235531066,49.85324888937848],[-119.47490184392302,49.85336950894527],[-119.47459975211761,49.853920454104625],[-119.47459023622301,49.85393782067129],[-119.47455664499583,49.85408485455081],[-119.47442339771167,49.854645812688965],[-119.47441988889052,49.855101253326914],[-119.4744170729528,49.85547070480951],[-119.47441425867005,49.85583973018859],[-119.47440795478465,49.85665871119559],[-119.47438601668004,49.85742770009811],[-119.47437762685016,49.8578292748324],[-119.4743717942221,49.85810805606802],[-119.47434762527246,49.8592652185881],[-119.47434676014616,49.859306295911026],[-119.4743385028775,49.85970223752935],[-119.47431382355502,49.860882964780544]]]]}},{"type":"Feature","properties":{"DGUID":"2021S051259350216","DAUID":"59350216","LANDAREA":2.7413,"PRUID":"59","fed_num":"59016","da_code":"59350216","geo_name":"59350216","name_source":{"label":"Statistics Canada Census Profile 2021 DA WDS","url":"https://www12.statcan.gc.ca/wds-sdw/2021profile-profil2021-eng.cfm"},"population":963,"status":"ok","source":{"label":"Statistics Canada Census Profile 2021 DA WDS","url":"https://www12.statcan.gc.ca/wds-sdw/2021profile-profil2021-eng.cfm"},"community_name":"Kelowna","community_source":{"label":"Statistics Canada 2021 census subdivision boundaries (spatial lookup)","url":"https://geo.statcan.gc.ca/geo_wa/rest/services/2021/Cartographic_boundary_files/MapServer/9"},"community_display":"Kelowna","is_unorganized":false,"panel_title":"Kelowna","display_label":"Kelowna","map_label":"59350216"},"geometry":{"type":"MultiPolygon","coordinates":[[[[-119.43837857277447,49.86915979060522],[-119.43838487983612,49.869005999726475],[-119.43839549620583,49.86864568330003],[-119.43839928242623,49.868474812484095],[-119.43843409465572,49.8683038897219],[-119.43846700489523,49.86815000710037],[-119.43847830245862,49.868068900602175],[-119.43853957617647,49.86790511289906],[-119.43858568311704,49.86775131491155],[-119.43863217323182,49.86756179052567],[-119.4386769866342,49.8673539111268],[-119.43868716927469,49.86726419266321],[-119.4387495968229,49.86710889142541],[-119.43881030302472,49.866963703748574],[-119.4389560686761,49.86678139699016],[-119.43909688942523,49.86657200023455],[-119.43921578365631,49.86642530674687],[-119.4394139930681,49.86622310556285],[-119.43957180607666,49.86603940752436],[-119.43967686597654,49.865911193061116],[-119.439971476039,49.86568900823211],[-119.44018458525473,49.86550529203206],[-119.44044007240745,49.865310201881734],[-119.44050699543573,49.86524610389953],[-119.44067767459953,49.865045290388466],[-119.44072918388912,49.86498120332326],[-119.44094177048396,49.864787501860675],[-119.44112739565153,49.86461228895666],[-119.4413526881725,49.864391610571964],[-119.44152647669355,49.86423490396774],[-119.44176658314133,49.86403270887593],[-119.44199380199744,49.86384748919963],[-119.44207458571671,49.86376490013916],[-119.4422316940797,49.8635996927466],[-119.44236266637562,49.863444492317626],[-119.44249429008057,49.86327069410651],[-119.44259657712209,49.86311550016091],[-119.44264738181622,49.8630243020226],[-119.44272350042473,49.86283348808573],[-119.44279650220362,49.862644089478216],[-119.44284199387737,49.86246320700277],[-119.44288969872466,49.862282286990705],[-119.44294909029895,49.86208290351153],[-119.44297598114349,49.86181230915403],[-119.4429953041072,49.86164138757287],[-119.44301367342155,49.861433492198195],[-119.44304719103602,49.861261105995155],[-119.44306967922826,49.861179999852894],[-119.44317159737282,49.86096209651595],[-119.44321095065318,49.8609033764962],[-119.44321817330069,49.86088923076144],[-119.44327140947928,49.86074419839886],[-119.44330839879127,49.8606715035532],[-119.44336198670982,49.86060738754328],[-119.44360240803198,49.86042229695327],[-119.44369710415246,49.86036669455192],[-119.44399419284848,49.860207184909086],[-119.44461948618215,49.859888191919005],[-119.44471538414945,49.85984120224998],[-119.4449743810366,49.8597457965764],[-119.44527659022907,49.8596588980832],[-119.44556359108903,49.85958910253369],[-119.4457673733727,49.8594865912707],[-119.446001089021,49.85939968548423],[-119.44631148445224,49.859240186140205],[-119.44654398243853,49.85913759722769],[-119.44688399260612,49.85897669994019],[-119.4469776751495,49.85892968833489],[-119.44709978804799,49.85887269004335],[-119.44738369803184,49.85870608951219],[-119.44746601783892,49.858649102145385],[-119.44777929836094,49.8585167051051],[-119.44790069204937,49.858478209771626],[-119.44836310371248,49.85827029960562],[-119.4486189883233,49.858085187779736],[-119.44869912001683,49.85802110051936],[-119.44890202246633,49.85788149647541],[-119.44919730096197,49.857686378546155],[-119.44939950063626,49.85756530084631],[-119.44947928806874,49.857491290347],[-119.44966291005645,49.85728049184121],[-119.44974411609584,49.85720778860201],[-119.45004059124545,49.8570212820618],[-119.45032381684807,49.856834679318794],[-119.45043051748704,49.85677058733082],[-119.45068600765138,49.856575501642915],[-119.4507132080444,49.85655699245233],[-119.45095350562187,49.8563717929747],[-119.4511372041518,49.85616099426884],[-119.45128210316676,49.85598728577555],[-119.45142630246657,49.855832104284914],[-119.45147992435099,49.85576799749333],[-119.45149160853524,49.85574947572944],[-119.45165221214015,49.85559279018016],[-119.45179729932208,49.85543609209679],[-119.45194251885466,49.855272282320165],[-119.45210090303031,49.85511569173223],[-119.452260201524,49.85495050564024],[-119.45243059270814,49.854785292134736],[-119.45260570467268,49.854637096217395],[-119.45288639045712,49.854433489625464],[-119.45291360519448,49.85441500334971],[-119.45298069797589,49.854367991066475],[-119.45329551866583,49.85425398834153],[-119.45357941669543,49.854094487604286],[-119.4536737223338,49.85402898845833],[-119.45369960503164,49.85400189777454],[-119.45384691504316,49.853890877202666],[-119.45401792308644,49.85370709862934],[-119.45437889475062,49.853393788161185],[-119.45456782644298,49.85327268775218],[-119.45486341912247,49.85308758287377],[-119.45511800876525,49.852900980839095],[-119.45532109641971,49.852771378679336],[-119.45558711931673,49.85254917282471],[-119.45578963276303,49.85239258993126],[-119.45596250675955,49.85224448479556],[-119.45610609266825,49.85206218000183],[-119.4562644178014,49.85190548010075],[-119.45643699062704,49.85174028108306],[-119.45669073187042,49.85150959190071],[-119.45687781674629,49.85135288227221],[-119.45704943418674,49.85119628859484],[-119.45724791552674,49.85100398644493],[-119.45747561343177,49.85080029188715],[-119.45767533392828,49.85061659148296],[-119.4579302174669,49.85043999804053],[-119.45809020301489,49.85030188017503],[-119.45827501404385,49.850099581400215],[-119.45844323978284,49.84988878744182],[-119.45864201072493,49.849660976903465],[-119.45875841281,49.84950427229773],[-119.458849014314,49.84936759286416],[-119.45893621671698,49.849176691652],[-119.45902994177337,49.849076991398654],[-119.459258311627,49.848945992121955],[-119.4595049233722,49.848841990128584],[-119.45980261132412,49.84870959495621],[-119.459911821293,49.84866259636553],[-119.46014582096024,49.84858568699694],[-119.46047312109157,49.84845177438904],[-119.46058132689451,49.84841336859312],[-119.46070651340007,49.84839339215337],[-119.4609793281073,49.848324989198005],[-119.46130822610144,49.848209679495255],[-119.46143182302613,49.848171177571594],[-119.4617308019792,49.84804727644104],[-119.46203072330857,49.847914883604744],[-119.4623165500988,49.84778378639241],[-119.46252020640148,49.84768838114517],[-119.46282041482804,49.847565895845925],[-119.46313541491058,49.8474690833883],[-119.46340884008475,49.847382168934054],[-119.46369613107754,49.847276784799256],[-119.46398094615414,49.847154276532684],[-119.46421212370609,49.84705039324254],[-119.46445871156921,49.846946379515984],[-119.46473214722906,49.84685948492335],[-119.46499233012783,49.84677266893942],[-119.4652253466567,49.84670427305137],[-119.46547132694535,49.846618785236224],[-119.46570153758465,49.84652336609911],[-119.46601445217588,49.8463738829574],[-119.4664347187773,49.84616587439186],[-119.46676333547555,49.84603346693458],[-119.46703393574336,49.84591957837164],[-119.46704077409561,49.84591588195028],[-119.46711482629685,49.845991026863665],[-119.46728942276347,49.84616817133016],[-119.46922353837415,49.84861388481572],[-119.46911320613658,49.84869216404788],[-119.46909558735172,49.84879585976809],[-119.4691761768878,49.84888648704683],[-119.46894450208302,49.84912004970599],[-119.46859402289115,49.84957348844518],[-119.4661381816917,49.85275038364549],[-119.46480833951757,49.85447194411789],[-119.4644098273506,49.85498782356308],[-119.46432390094623,49.85509902680038],[-119.463826439866,49.85574289964621],[-119.46366170885658,49.855956126519324],[-119.46288934711457,49.856557703054754],[-119.46267095113106,49.8567278099753],[-119.4626437203181,49.85674903140065],[-119.4623147913232,49.85700521459094],[-119.46134594630347,49.85752962889229],[-119.45985179688627,49.85833867425037],[-119.45841721057282,49.8594041208497],[-119.45794204975694,49.85979307812914],[-119.45717848891368,49.860418093797875],[-119.45657922462748,49.86087705982564],[-119.45646755235322,49.86097420181057],[-119.46337888588506,49.86098371232298],[-119.46412124548895,49.860987511362296],[-119.46433564344514,49.86098706028222],[-119.46440030724857,49.86098692111808],[-119.4654768297814,49.86098460682614],[-119.46589428209677,49.860983687703644],[-119.4669798480562,49.860981346388165],[-119.46759191537757,49.86098000921603],[-119.46873310132209,49.86097751799305],[-119.46894161303113,49.860977059160035],[-119.46940080546696,49.86097606174201],[-119.47223181073173,49.86096980254952],[-119.47223124478512,49.86247787325153],[-119.47003151507923,49.86249154446983],[-119.47000980711132,49.86291690068644],[-119.46975364282551,49.86291851148498],[-119.46972533717835,49.863770207618465],[-119.469718517522,49.86393500873678],[-119.46934752506908,49.86416572816148],[-119.46924053061896,49.86432809941025],[-119.46924143654408,49.864535919578444],[-119.46924409518208,49.864856634278475],[-119.46571019205317,49.864820206718754],[-119.46435410276766,49.86484876265913],[-119.46172522299184,49.86482653695387],[-119.45972922508187,49.86483792192059],[-119.45896804120962,49.8648570310195],[-119.45871794495773,49.864863296552244],[-119.45778509967123,49.86488670478561],[-119.45330154103833,49.86486116793366],[-119.45316201013303,49.864860392620606],[-119.45225893669519,49.86485521003929],[-119.4519228126158,49.86517411693117],[-119.44970418322751,49.867278832552344],[-119.44966501431016,49.86731597447422],[-119.44870529178871,49.86822632174238],[-119.44703698228238,49.869806061665045],[-119.44580839577,49.870969369411874],[-119.44316057302217,49.87347357305957],[-119.44296816201387,49.873558629621655],[-119.44253467436403,49.87390197077608],[-119.44174906240637,49.87428464864823],[-119.44111795120489,49.874515848590896],[-119.44041342039651,49.874664977548356],[-119.43924985723109,49.87481000826709],[-119.43863054466388,49.874958848943145],[-119.43845385969308,49.87463305152628],[-119.43847653938936,49.87415464298117],[-119.43714434033235,49.87422510875436],[-119.43677773218512,49.8732909367242],[-119.43677183122591,49.87327594649195],[-119.43703909946055,49.872965294039986],[-119.4372403857881,49.87280009721532],[-119.43735959428302,49.87267049738338],[-119.43747450215064,49.87248819759104],[-119.43754651267152,49.87226170418845],[-119.43761997319595,49.872053804104794],[-119.43766988114277,49.87191849329458],[-119.4377566926595,49.87171770329158],[-119.43785738933562,49.871491205030125],[-119.43793346754227,49.87134599253391],[-119.43804968102248,49.87093009012796],[-119.43808437762925,49.87076630133982],[-119.43820466555066,49.87038609813236],[-119.43823847498041,49.8702237106173],[-119.43825778539762,49.87005279575819],[-119.4382774024014,49.86989899882562],[-119.43834498074247,49.869574292807265],[-119.43837437727059,49.86932070270981],[-119.43837857277447,49.86915979060522]]]]}},{"type":"Feature","properties":{"DGUID":"2021S051259350217","DAUID":"59350217","LANDAREA":1.7528,"PRUID":"59","fed_num":"59016","da_code":"59350217","geo_name":"59350217","name_source":{"label":"Statistics Canada Census Profile 2021 DA WDS","url":"https://www12.statcan.gc.ca/wds-sdw/2021profile-profil2021-eng.cfm"},"population":1553,"status":"ok","source":{"label":"Statistics Canada Census Profile 2021 DA WDS","url":"https://www12.statcan.gc.ca/wds-sdw/2021profile-profil2021-eng.cfm"},"community_name":"Kelowna","community_source":{"label":"Statistics Canada 2021 census subdivision boundaries (spatial lookup)","url":"https://geo.statcan.gc.ca/geo_wa/rest/services/2021/Cartographic_boundary_files/MapServer/9"},"community_display":"Kelowna","is_unorganized":false,"panel_title":"Kelowna","display_label":"Kelowna","map_label":"59350217"},"geometry":{"type":"MultiPolygon","coordinates":[[[[-119.41478186696399,49.89501132593416],[-119.41613174376617,49.893577061475995],[-119.41657790958254,49.893102994118244],[-119.41693568060079,49.89272541196119],[-119.41731572955861,49.89231933467944],[-119.41751883391333,49.89210310159331],[-119.41884562939354,49.89086906329053],[-119.41910826399064,49.890627512216426],[-119.41976783042728,49.890090535409506],[-119.41977649861012,49.890083487150925],[-119.4198820823492,49.89001036684441],[-119.4205318125092,49.889555518211154],[-119.4206672127364,49.88945982821847],[-119.42115190584818,49.88915126119151],[-119.42198081800127,49.88862200998003],[-119.42199071793866,49.88861570076682],[-119.42270075670329,49.88813831769987],[-119.42496168785355,49.88661814372209],[-119.4254690959006,49.886277532760715],[-119.42588337332873,49.8859918159167],[-119.42609635684573,49.885842083541604],[-119.42703195288937,49.88534209505687],[-119.42872888737838,49.88453984787987],[-119.42908912793375,49.884369540927025],[-119.42900554131135,49.884316887546625],[-119.4289623092457,49.88428965624186],[-119.42790104206901,49.88347984446345],[-119.42777343423411,49.88325005659358],[-119.42773358327156,49.883058924932534],[-119.42770325982488,49.88291344881214],[-119.4275364498478,49.881675251395635],[-119.42729153929496,49.88167323856306],[-119.42614174659008,49.88166384838289],[-119.42586258483897,49.881661563373626],[-119.4246293248235,49.88165146269272],[-119.4236974909171,49.88164379931979],[-119.42260596189708,49.88163484389772],[-119.42251630799761,49.88157792615768],[-119.42248184274752,49.88155605366157],[-119.42245833286782,49.881495950729146],[-119.42246155954986,49.88045584497037],[-119.41817505428287,49.88045321997679],[-119.41758594335974,49.88045283994127],[-119.41761922379459,49.880088860856894],[-119.41757416321319,49.87968596459219],[-119.41757378881344,49.8796825554482],[-119.41778027536044,49.879720320635315],[-119.41808816928365,49.87978582212685],[-119.41842606721221,49.879859905151456],[-119.4187778699487,49.8799154071142],[-119.41910054904201,49.87995391341321],[-119.41936555655052,49.87997532333018],[-119.4196996513753,49.87998520092533],[-119.41996567137272,49.879998015201174],[-119.42060545189179,49.880020803794906],[-119.42095386092852,49.880022310319305],[-119.4211765484454,49.8800265194491],[-119.42130186706363,49.88000661437505],[-119.4215353741448,49.87994821256102],[-119.42178467144808,49.87990689899507],[-119.42215596340688,49.8798086206328],[-119.42241505196239,49.87971320836645],[-119.42255196987078,49.87967469911578],[-119.42278168690781,49.87955231311828],[-119.42315396783376,49.879445413677004],[-119.4233430501645,49.87937001368674],[-119.42356327452886,49.87931159993066],[-119.42381185943387,49.87924320335985],[-119.42406936490345,49.879129317345594],[-119.42430226484689,49.87904379874582],[-119.42454675271746,49.878939907225316],[-119.42482128729702,49.87884441200553],[-119.42512258213168,49.87876610434501],[-119.42520435409885,49.87872760417367],[-119.42550697239388,49.87865071667686],[-119.42560315105914,49.87862080160194],[-119.42586319322501,49.87851691263562],[-119.42603857282936,49.878431402702574],[-119.4262181965808,49.87837441198001],[-119.42629858191464,49.87832740826844],[-119.42664247742778,49.878230594308256],[-119.42694387018142,49.87815230637931],[-119.4270391767282,49.878123814296664],[-119.4272444833588,49.8780469037659],[-119.427519255098,49.87796850709191],[-119.4276426847535,49.877913006300425],[-119.42794366928744,49.87782469833149],[-119.4282699729587,49.87767520518066],[-119.42835165067162,49.87763670079284],[-119.42861198785886,49.87754980802931],[-119.42878926175018,49.87749291677734],[-119.42907667893239,49.87738750403126],[-119.42934998547851,49.877283497575824],[-119.42965317342451,49.87719520484774],[-119.42991256559174,49.877109697180835],[-119.43022588443522,49.87697730982115],[-119.43038897729635,49.876883307426255],[-119.43067638611713,49.87677789023182],[-119.43097578895988,49.87666400103479],[-119.43108617151881,49.876625514638725],[-119.43135787231714,49.876503010197744],[-119.43164279381313,49.87638049863166],[-119.43173996673067,49.87634209896079],[-119.43202768413728,49.87624669326628],[-119.43232837623628,49.87614130095724],[-119.43254736546861,49.876074311108205],[-119.43282029689728,49.8759604062843],[-119.43310650189959,49.87584650669118],[-119.43343359049629,49.875695502893834],[-119.43360940061297,49.875620009839594],[-119.43385290442909,49.87547900543264],[-119.43413716515796,49.875329503122764],[-119.43432808957176,49.875244007078976],[-119.43496226683979,49.87482670462349],[-119.43527149946902,49.87461310177356],[-119.43557940059908,49.87439089303558],[-119.43578167516979,49.87422429910214],[-119.43584637224804,49.874160192986224],[-119.43607390139213,49.873984993843095],[-119.4362482674619,49.87385539940057],[-119.43638307661827,49.87372579343771],[-119.43656769167848,49.87355209640286],[-119.43668377787931,49.87337830670715],[-119.43677183122591,49.87327594649195],[-119.43677773218512,49.8732909367242],[-119.43714434033235,49.87422510875436],[-119.43847653938936,49.87415464298117],[-119.43845385969308,49.87463305152628],[-119.43863054466388,49.874958848943145],[-119.43924985723109,49.87481000826709],[-119.44041342039651,49.874664977548356],[-119.44111795120489,49.874515848590896],[-119.44174906240637,49.87428464864823],[-119.4416284214585,49.87444708997645],[-119.44069593990103,49.87570242225221],[-119.4398871359988,49.87645632016048],[-119.43972806592663,49.876604577939446],[-119.43912309531048,49.877168444372884],[-119.4389956413546,49.87728722141711],[-119.43906801079237,49.87728732935463],[-119.43723477302075,49.87937411442193],[-119.43713333790575,49.879492602279456],[-119.43716084154931,49.87956542865431],[-119.43716187387635,49.87956815865289],[-119.4373235488786,49.87999620727449],[-119.43737721394699,49.88035162319222],[-119.43737655559119,49.88059903798265],[-119.43737958267464,49.881792165514256],[-119.43738037431217,49.88184205417445],[-119.43738138115032,49.88190604992278],[-119.43739931180384,49.88201459875897],[-119.43746569579858,49.882087215613375],[-119.43771900146307,49.883240293958195],[-119.43773135108017,49.88592312815251],[-119.43773288239957,49.887263103383894],[-119.43773339309892,49.88770593854353],[-119.4376161719479,49.88808352672046],[-119.43754980014593,49.888189937455145],[-119.43753822313276,49.888208508183816],[-119.43715077894237,49.88829797658121],[-119.43569927401442,49.888630366730595],[-119.43434497299017,49.88894357884124],[-119.43354668939406,49.88912785621936],[-119.43288308528578,49.88929046374108],[-119.43247770202144,49.88940196980507],[-119.4322461701492,49.88947075976851],[-119.43222298025935,49.88947845907688],[-119.43164389004559,49.889672475177036],[-119.43139238881417,49.8897658617786],[-119.43111638357905,49.88987247943475],[-119.43068057976079,49.89005236603828],[-119.43044546152248,49.89015028024092],[-119.42916226636417,49.890700456934624],[-119.42775898730999,49.891296778711094],[-119.42640078812737,49.891878375906664],[-119.42444156353478,49.89271136988524],[-119.4237007547569,49.8930205765499],[-119.4235016657558,49.89311156107516],[-119.42286625457311,49.89338508898367],[-119.4212301643288,49.89408036548608],[-119.42041177997778,49.894430772876916],[-119.41887264803887,49.89508668385148],[-119.41812035514796,49.89540627063604],[-119.41747986747912,49.895679528963164],[-119.41499397357076,49.89542182031401],[-119.41442707819905,49.89538729075592],[-119.41478186696399,49.89501132593416]]]]}},{"type":"Feature","properties":{"DGUID":"2021S051259350218","DAUID":"59350218","LANDAREA":0.6147,"PRUID":"59","fed_num":"59016","da_code":"59350218","geo_name":"59350218","name_source":{"label":"Statistics Canada Census Profile 2021 DA WDS","url":"https://www12.statcan.gc.ca/wds-sdw/2021profile-profil2021-eng.cfm"},"population":883,"status":"ok","source":{"label":"Statistics Canada Census Profile 2021 DA WDS","url":"https://www12.statcan.gc.ca/wds-sdw/2021profile-profil2021-eng.cfm"},"community_name":"Kelowna","community_source":{"label":"Statistics Canada 2021 census subdivision boundaries (spatial lookup)","url":"https://geo.statcan.gc.ca/geo_wa/rest/services/2021/Cartographic_boundary_files/MapServer/9"},"community_display":"Kelowna","is_unorganized":false,"panel_title":"Kelowna","display_label":"Kelowna","map_label":"59350218"},"geometry":{"type":"MultiPolygon","coordinates":[[[[-119.44756751470791,49.8832337662272],[-119.44317812033242,49.883219583716766],[-119.43771900146307,49.883240293958195],[-119.43746569579858,49.882087215613375],[-119.43739931180384,49.88201459875897],[-119.43738138115032,49.88190604992278],[-119.43738037431217,49.88184205417445],[-119.43737958267464,49.881792165514256],[-119.43737655559119,49.88059903798265],[-119.43737721394699,49.88035162319222],[-119.4373235488786,49.87999620727449],[-119.43716187387635,49.87956815865289],[-119.43716084154931,49.87956542865431],[-119.43713333790575,49.879492602279456],[-119.43723477302075,49.87937411442193],[-119.43906801079237,49.87728732935463],[-119.4389956413546,49.87728722141711],[-119.43912309531048,49.877168444372884],[-119.43972806592663,49.876604577939446],[-119.4398871359988,49.87645632016048],[-119.44069593990103,49.87570242225221],[-119.4416284214585,49.87444708997645],[-119.44174906240637,49.87428464864823],[-119.44183924440051,49.874366810498074],[-119.44211218207256,49.87464509875769],[-119.44221298749116,49.874750494679276],[-119.4424575095004,49.87521671619054],[-119.44259232482068,49.87538799365035],[-119.44310959627877,49.87604514985808],[-119.44324220383238,49.87641523812092],[-119.44326192430346,49.87676411576137],[-119.44318935313522,49.87689974008894],[-119.44317780345024,49.877174475777586],[-119.44333838636403,49.877175085919674],[-119.4483613081414,49.87715145267092],[-119.44979322132875,49.877151560813125],[-119.44979461040401,49.87727807266791],[-119.44978289877542,49.87884867796915],[-119.4498046997003,49.881859876194845],[-119.44981623818498,49.8819780421729],[-119.44865314608585,49.881968715036415],[-119.44762452776403,49.88196117683455],[-119.44759225190545,49.882740380742916],[-119.44756751470791,49.8832337662272]]]]}},{"type":"Feature","properties":{"DGUID":"2021S051259350220","DAUID":"59350220","LANDAREA":8.5495,"PRUID":"59","fed_num":"59016","da_code":"59350220","geo_name":"59350220","name_source":{"label":"Statistics Canada Census Profile 2021 DA WDS","url":"https://www12.statcan.gc.ca/wds-sdw/2021profile-profil2021-eng.cfm"},"population":2261,"status":"ok","source":{"label":"Statistics Canada Census Profile 2021 DA WDS","url":"https://www12.statcan.gc.ca/wds-sdw/2021profile-profil2021-eng.cfm"},"community_name":"Kelowna","community_source":{"label":"Statistics Canada 2021 census subdivision boundaries (spatial lookup)","url":"https://geo.statcan.gc.ca/geo_wa/rest/services/2021/Cartographic_boundary_files/MapServer/9"},"community_display":"Kelowna","is_unorganized":false,"panel_title":"Kelowna","display_label":"Kelowna","map_label":"59350220"},"geometry":{"type":"MultiPolygon","coordinates":[[[[-119.38777718952052,49.86253543623863],[-119.38754182010312,49.86257896800036],[-119.38742421295554,49.86266759127936],[-119.38736690455725,49.86279328322993],[-119.38754198045714,49.86375399319894],[-119.38744368920446,49.86430708947682],[-119.38723507938604,49.864927555168954],[-119.38718310226011,49.86563337529998],[-119.38666210901518,49.86592244535774],[-119.38634381805893,49.865979027457044],[-119.38631015128796,49.865972414373566],[-119.38539895257259,49.8657936051603],[-119.38417944477496,49.86555426917577],[-119.38335452467881,49.865392357965206],[-119.38298447744955,49.86525704057941],[-119.38264015425264,49.86527139188761],[-119.38224001214257,49.865449445606956],[-119.38171527453852,49.86529208317345],[-119.38145273817962,49.86512805071527],[-119.38098428833375,49.86463610139797],[-119.3809096910207,49.86455773687924],[-119.38050121597806,49.86420917961076],[-119.38039012734245,49.86411439924375],[-119.38028822777501,49.86397100437896],[-119.38024863192143,49.86391526339665],[-119.38021127298617,49.86371067950118],[-119.38027952927314,49.862902878666134],[-119.38019096642235,49.86264732579532],[-119.37998216933569,49.86204490470946],[-119.37997698177735,49.86193620242479],[-119.38013964216684,49.86165256084993],[-119.3802341491297,49.8613198576796],[-119.38024230610375,49.86129119447735],[-119.38009444214241,49.8604875311979],[-119.37994084393308,49.8596526559762],[-119.37968926005288,49.859182179973146],[-119.37965473348876,49.8591483462244],[-119.37931873047103,49.85881922311415],[-119.37667865864512,49.8591482092393],[-119.37612414595328,49.85921730638729],[-119.375019082473,49.85935496019318],[-119.3746083659703,49.85937517375503],[-119.37428777589396,49.859342177782224],[-119.37372537352118,49.85898288243576],[-119.37316975587606,49.858721559865224],[-119.37274986075705,49.8586120663361],[-119.37241596665717,49.85863236785281],[-119.37212967403399,49.85879565409848],[-119.37132075615683,49.85950967393581],[-119.37098556610334,49.85982716398922],[-119.37060435522974,49.860278162263235],[-119.37036115927674,49.86039525767403],[-119.36951356428173,49.86054934117492],[-119.3692851839885,49.86059088328815],[-119.36907808885029,49.86065147759155],[-119.3682176928329,49.86090178222471],[-119.36772915131777,49.86096692087342],[-119.36745594057783,49.860944005051856],[-119.36720037455429,49.860886391482985],[-119.36655123038953,49.860740014374045],[-119.36581678344626,49.86065200490212],[-119.36511145657337,49.8607482213403],[-119.36500296079375,49.86077712253879],[-119.36466686655145,49.860866620129755],[-119.36426635253808,49.86124871212571],[-119.3640392431821,49.86183100148675],[-119.36409080864516,49.86202380681088],[-119.36416649471126,49.862098839145986],[-119.36519906957504,49.86314336628356],[-119.36535442154403,49.863468020949895],[-119.36539666248885,49.8645372408829],[-119.36540522376804,49.86475295336395],[-119.36541336576067,49.864959651724476],[-119.36543572698915,49.86552592471195],[-119.36547144806597,49.866429409642485],[-119.36517569979212,49.86689940406383],[-119.36507184565107,49.867064433691795],[-119.36483899327074,49.86723453022004],[-119.36447511329885,49.86733525233486],[-119.3640600162377,49.86736490632152],[-119.36379597590516,49.86738379413781],[-119.3637580410084,49.86738650775344],[-119.36336703896791,49.867453051206965],[-119.36257642143192,49.86771205286595],[-119.36238662597654,49.86780708420371],[-119.36222900271112,49.86793026975375],[-119.36213527671167,49.868094372531004],[-119.3618690459242,49.8688684625902],[-119.36036837251729,49.868799679493016],[-119.35918274861929,49.86874529921404],[-119.35903265076662,49.8687383987562],[-119.35758556412107,49.86866404265683],[-119.3561246727635,49.86858895769152],[-119.3556868873394,49.86856644352857],[-119.35521267137507,49.86854210199726],[-119.35525890638682,49.86881948310999],[-119.35527343737039,49.868911591200806],[-119.35505304621441,49.86891897119574],[-119.35460270403543,49.868837386916255],[-119.35445963472011,49.86881146904482],[-119.35283765777352,49.86889876048221],[-119.35247416247746,49.868872164663465],[-119.35151405402306,49.86852018994335],[-119.35096789051155,49.86835621553664],[-119.35088877429068,49.86835277986791],[-119.35053234490863,49.86833724108995],[-119.34994353565831,49.86831158554973],[-119.34741354329056,49.8681782011755],[-119.34743178556299,49.867971551930104],[-119.3474969874706,49.867232239555534],[-119.34750155751284,49.86717198966422],[-119.34730724808335,49.86651167028715],[-119.3471288374016,49.86603741062909],[-119.346980051039,49.86564178867987],[-119.34695808942624,49.86560570830803],[-119.34678054482892,49.86531446751174],[-119.34634534401033,49.864898668847715],[-119.34575596060195,49.86367137996157],[-119.34554515167149,49.86344088470121],[-119.34548550474493,49.863389757849234],[-119.34520374520119,49.86314817070636],[-119.3449543346123,49.86299028048032],[-119.34470473681316,49.86292987006826],[-119.34437224032392,49.862930376547084],[-119.34337253041537,49.863013968614275],[-119.34276356254423,49.863023787224044],[-119.34237845023354,49.86298227368029],[-119.34197516086591,49.8628934774343],[-119.34184220879798,49.86284296802501],[-119.34177405150028,49.86281707918094],[-119.34164944098136,49.86268488083167],[-119.34153824696354,49.86180015927275],[-119.34106076269994,49.8618179544125],[-119.34048995782472,49.86180577846212],[-119.34012003934758,49.86172718365121],[-119.33957745747924,49.8615016790357],[-119.33802035231382,49.86080147168831],[-119.3376118501744,49.86056708590658],[-119.33722813386319,49.860152584885654],[-119.33718019377389,49.86009402557001],[-119.33661295035539,49.85940146370462],[-119.33655695642254,49.85933369838975],[-119.33632453255584,49.85905238520955],[-119.33614373234951,49.858903078939],[-119.33588704120245,49.85877729252644],[-119.33561383996664,49.85872537971832],[-119.33518674495517,49.858761570085846],[-119.33499147514276,49.85882851687261],[-119.3349250547454,49.85885128548891],[-119.33463234867494,49.85908627612561],[-119.3342286200293,49.85965325632296],[-119.33319682909345,49.86110218443643],[-119.3331167432529,49.86124513670642],[-119.33304952776066,49.86136507249966],[-119.33298955353014,49.86164147363155],[-119.33312102946344,49.86291218261724],[-119.33319898842915,49.8632547302878],[-119.33326735503599,49.863555187929336],[-119.33336725563906,49.8637097903175],[-119.33342232125548,49.86379497460423],[-119.33365253066728,49.86402576980764],[-119.33390734696097,49.864169156539354],[-119.33398552665453,49.86421317674892],[-119.33506786196772,49.86459807037188],[-119.33534765847342,49.86478466735058],[-119.3354331227423,49.86484167049928],[-119.33556913907148,49.864990878914995],[-119.33577053164963,49.86530486373976],[-119.33598530970565,49.865775845421894],[-119.33603508802216,49.86607605972575],[-119.3359696213602,49.86666824342259],[-119.33311180805653,49.866252994664535],[-119.3312844433189,49.8659873989987],[-119.32693705220457,49.86535538270572],[-119.32643983106713,49.86528309100444],[-119.32507683334047,49.86495587507585],[-119.32459733053885,49.8648111658358],[-119.32440120619133,49.86475198134724],[-119.32371500764695,49.86450589041241],[-119.32315652384878,49.86426960848757],[-119.32281918614444,49.864126884996146],[-119.32209608595164,49.863758560398324],[-119.32183781835974,49.863626994532424],[-119.32147433390446,49.863394334884525],[-119.32009677193574,49.86251254404913],[-119.32000638113776,49.86245467600295],[-119.31995486010605,49.86182897260765],[-119.31997899021731,49.85948319841825],[-119.3200004393947,49.857548089608756],[-119.31997308886,49.854097692019295],[-119.31997301921076,49.85408866186346],[-119.31996280115415,49.85279933048051],[-119.32118529732493,49.852797252818],[-119.32148290395259,49.85279674954497],[-119.33441063062098,49.85289099676966],[-119.33457988812198,49.85289220694801],[-119.3349286681923,49.85289332701184],[-119.34177054773565,49.85287921941274],[-119.34230244849152,49.85287811666006],[-119.34229937938461,49.85275808791335],[-119.34228435930058,49.85217495940805],[-119.34221612713436,49.84953044460029],[-119.34221648132826,49.849525401451366],[-119.34228687701662,49.8494986286834],[-119.34257464438245,49.849403229070276],[-119.34275175831489,49.849336244569464],[-119.34303986280045,49.849257938944355],[-119.34321725265617,49.84920094481309],[-119.34328459023298,49.84915394174355],[-119.34337876230416,49.849071328345715],[-119.34343927300257,49.8488990324458],[-119.34348678040733,49.84873662873715],[-119.3435244817292,49.84864553684294],[-119.34355645567906,49.84842053856781],[-119.34365795914816,49.84821113546553],[-119.3436950574854,49.84813852633842],[-119.34374378214486,49.847984726628034],[-119.34377809085362,49.84782234131588],[-119.34378768527195,49.84775824355004],[-119.34378354876958,49.84765993027068],[-119.3437324497139,49.84747192793202],[-119.34372857495345,49.84739084669603],[-119.34373235267257,49.84719284139968],[-119.34372994956371,49.84713013541399],[-119.34374828446143,49.84694073037665],[-119.34375476382058,49.84676984278227],[-119.34373576606878,49.84669863345911],[-119.34364246126631,49.84649353240406],[-119.34360735097206,49.846332631941145],[-119.3436123482396,49.84614323101872],[-119.34363267983348,49.8459993436816],[-119.34373808210643,49.845871127461606],[-119.34399817101387,49.84576722569479],[-119.34427027793745,49.84566183980079],[-119.34447756025418,49.845613435561596],[-119.34471136542038,49.84557213464593],[-119.34490567153108,49.84554073650679],[-119.34530716602409,49.84550653299375],[-119.34579118148922,49.84547814407994],[-119.34637546589495,49.84544814851094],[-119.34669337817272,49.84542393322457],[-119.34690096115676,49.845392629758365],[-119.34714717614585,49.84530712717278],[-119.34737797948792,49.84517613282988],[-119.34751287392535,49.84509212409656],[-119.3477395819609,49.844908432154604],[-119.34806864969069,49.84479302767165],[-119.34814838708036,49.84474742870506],[-119.34820217484926,49.84468334661164],[-119.3482475678732,49.84447542450073],[-119.34825128737423,49.84427743185363],[-119.34825766473199,49.84424982011797],[-119.34828677848078,49.84412362720071],[-119.3482816750779,49.84403394358689],[-119.34828787613458,49.84385303227896],[-119.34827875116255,49.8436650280703],[-119.34828427418124,49.84350273615823],[-119.34834146773485,49.84327622702155],[-119.34844478637666,49.84309532896415],[-119.3485498820106,49.842957233149704],[-119.34876387948306,49.842800538488646],[-119.34887245753727,49.84272652985795],[-119.34900896770071,49.842661047622194],[-119.34917327308837,49.84262113063395],[-119.34926887900836,49.84260973133511],[-119.34950591034927,49.8426118050964],[-119.34958945911217,49.84261254278145],[-119.34986696361376,49.84260694436619],[-119.35011974834731,49.842629631613065],[-119.350245479771,49.842643924781804],[-119.35053887689111,49.84266522621724],[-119.35077626884689,49.842688047251436],[-119.35099937124377,49.84271944288971],[-119.35122316732154,49.842732242294275],[-119.3513766855567,49.842747838927494],[-119.35150368623499,49.84276354000821],[-119.35178165794434,49.842784926564136],[-119.3520608729798,49.842814823977],[-119.35218786024659,49.84283044318279],[-119.35278717436306,49.84283612669263],[-119.35315863090516,49.8428285487934],[-119.35320335619296,49.842827638729666],[-119.3533131756746,49.84280773917271],[-119.35375506781237,49.84271654745833],[-119.35413758304914,49.84261113789187],[-119.354371370901,49.842524235539415],[-119.35460155515781,49.84241173129348],[-119.35484726782526,49.84229922001866],[-119.35510476047206,49.84218532234526],[-119.35543427745807,49.842079935651014],[-119.35553076295727,49.842059923645614],[-119.35576588884132,49.84202012343558],[-119.35592869432767,49.84196173960301],[-119.35616106422935,49.84184923045507],[-119.356487484922,49.8416996397896],[-119.35678368828718,49.841531619123295],[-119.35703026408022,49.8414176216117],[-119.35712438160108,49.84138063363117],[-119.35728969250962,49.84133222623755],[-119.35762267034261,49.841298021384674],[-119.35782979300922,49.841302326352825],[-119.35806659094446,49.84129803327059],[-119.35837396708308,49.84130083601016],[-119.3585276808645,49.84133361693872],[-119.35907555867821,49.84146613262924],[-119.35918957831107,49.84149174104452],[-119.35942897188289,49.841567240191516],[-119.35965715262726,49.84168822813012],[-119.3598024730919,49.84179363816161],[-119.35989128019463,49.841936030210384],[-119.35994528364232,49.84215112799651],[-119.36002197780451,49.842302129194806],[-119.3601559885524,49.84250573107118],[-119.36016127122443,49.84251553530109],[-119.36021777826669,49.8426211354777],[-119.3602544765267,49.842800530330734],[-119.36021616752181,49.84286463279303],[-119.36004498469863,49.843065436660595],[-119.35996768162556,49.84321212217392],[-119.35997757992448,49.843381633543494],[-119.36002239681164,49.84347133855006],[-119.36015348917819,49.843585337835336],[-119.36016798186337,49.84359384178285],[-119.36038177231602,49.843706326756106],[-119.36059467273415,49.84377474756762],[-119.36088775769942,49.84383173238275],[-119.36107106313781,49.84386303482688],[-119.36135166683131,49.84389434057728],[-119.36178618279978,49.84397553635875],[-119.36202478081724,49.84400682929434],[-119.36215048440482,49.844021118107285],[-119.36241620564893,49.8440795377767],[-119.36255787729638,49.84412081958535],[-119.36285548976521,49.8442404190465],[-119.36308348415457,49.84434443483647],[-119.36333888652244,49.8444469420515],[-119.3635795738443,49.84452384124216],[-119.36370617804825,49.8445751239381],[-119.36382048475589,49.84461784379528],[-119.36394768251857,49.844650643637564],[-119.36416029608579,49.84475462186549],[-119.36450286957415,49.84491833188457],[-119.36474527696411,49.84503084561215],[-119.36504628531732,49.84520463062486],[-119.3652635648639,49.84538832941309],[-119.3653355740042,49.845459535204505],[-119.3654685646587,49.84560912572714],[-119.36593679646569,49.846094732077354],[-119.36610078026762,49.846306936825236],[-119.36617519274385,49.84639522116118],[-119.36629248736268,49.84652772794397],[-119.36640918696568,49.846633137781794],[-119.3666096889639,49.84674564046017],[-119.36684939587707,49.84683103295476],[-119.36718669506783,49.84688804080592],[-119.36767579925011,49.84694933016449],[-119.36794187466191,49.84697922754505],[-119.36822090260573,49.846992033042525],[-119.36838859691552,49.84700621777739],[-119.36847269970859,49.847023323558524],[-119.36875527405277,49.84710733004795],[-119.36904029126384,49.84725404111713],[-119.36913916569105,49.84729682336494],[-119.36977338911727,49.84771552624286],[-119.37002036893873,49.84793622874816],[-119.37022208378377,49.84810291853373],[-119.37030949060558,49.8481812236647],[-119.3704138965412,49.84832362381021],[-119.37051970057261,49.84849171883321],[-119.37062560286026,49.84865263236261],[-119.37071568707822,49.848803621429134],[-119.37080830235246,49.8489716228667],[-119.3710264909865,49.8491924337108],[-119.37118488569514,49.84928784211097],[-119.37145518701794,49.84940891720236],[-119.37175406921807,49.84953712952881],[-119.3720652846511,49.84966662771285],[-119.37239261021837,49.849784931220945],[-119.37249030797327,49.84981903869569],[-119.37274488292923,49.849877424670176],[-119.37298077723307,49.849881724171524],[-119.37327368197683,49.84987604656433],[-119.37340968965975,49.84984612500178],[-119.37364109103292,49.8497421190867],[-119.37387008934269,49.84957553468523],[-119.37405798120365,49.84944594058149],[-119.37438469498312,49.84926792772087],[-119.3745766030915,49.84921953025777],[-119.37474309971472,49.84922512432418],[-119.37495689810524,49.849337740012295],[-119.37507699377863,49.84949722846967],[-119.3751972816484,49.84967383187778],[-119.37527208000208,49.84977202226949],[-119.37543341492413,49.84995723594861],[-119.37550637366869,49.85002702427782],[-119.37565090796814,49.85014092922798],[-119.37574978228896,49.850183624267125],[-119.37596117215472,49.850233521481165],[-119.3762687026122,49.85023632775711],[-119.37654618532264,49.8502306179122],[-119.37672589465959,49.85023632481309],[-119.37680918619363,49.850216428992496],[-119.3768780014297,49.850187939628874],[-119.37696929259201,49.850078232813686],[-119.37705657576053,49.84987032132377],[-119.37708980761661,49.849670937786684],[-119.37709810210077,49.84959832485093],[-119.37708829414015,49.84938323510794],[-119.377095502572,49.849256534328916],[-119.37706569740863,49.849195238070216],[-119.37686057849112,49.8489745315672],[-119.37681299514276,49.848857715839024],[-119.37680357717183,49.84866973083235],[-119.37678067587099,49.84851733381385],[-119.37676028981465,49.84806731978784],[-119.37678169621634,49.84793203874891],[-119.3768562985392,49.84775113137113],[-119.37722638424897,49.84737512070156],[-119.37728787373518,49.84721132552365],[-119.37736369867419,49.84703902146023],[-119.37749130292828,49.84681972485888],[-119.3777195795538,49.84667153319632],[-119.37792320584428,49.84655902690167],[-119.37804849892758,49.84653913428662],[-119.37811659527387,49.846529136198924],[-119.37842370100701,49.846522034731954],[-119.37860727941948,49.84660892031763],[-119.37891768781363,49.84670142469528],[-119.37925398158856,49.84672142755806],[-119.3793385679769,49.84675561003176],[-119.37941229561977,49.846862433883736],[-119.37942318766203,49.84706894146242],[-119.37941947607038,49.84726692278422],[-119.37942839190869,49.84729471721682],[-119.37946770709404,49.84741783311184],[-119.37970029190053,49.84763002243939],[-119.37974648970766,49.84768273426634],[-119.37979158376754,49.847789535687056],[-119.3798238882506,49.8478608432231],[-119.37988811599307,49.84803882570526],[-119.37991919966166,49.848101414839796],[-119.379949081801,49.848155620318074],[-119.37999428321865,49.84821683299123],[-119.38014087465424,49.84837632825884],[-119.38035720102638,49.848505920579655],[-119.38038490743268,49.84851453735268],[-119.38042590510582,49.84852301778004],[-119.3809964800091,49.848528733998045],[-119.38108200181888,49.848554320715685],[-119.38111071102362,49.84855432120618],[-119.38118240819767,49.84861562773472],[-119.38121368803753,49.84869533152356],[-119.38122039411766,49.84880363255606],[-119.3811678849718,49.84887622166853],[-119.3811289814277,49.84895882737702],[-119.38117698446142,49.849047134641864],[-119.38119080352908,49.8490742320026],[-119.38135159290209,49.84923232769122],[-119.38141201182937,49.84932203744965],[-119.38141891742617,49.84934123592996],[-119.3814924916792,49.84954421930507],[-119.38156158403253,49.84979483700195],[-119.38165119412744,49.84991872135269],[-119.38178169015139,49.850051233185965],[-119.38204092274395,49.85021783211994],[-119.38232650669164,49.850391635807924],[-119.38242671047101,49.85044281404807],[-119.38266869319092,49.85052832900318],[-119.38300621968853,49.850602432582015],[-119.38311779902443,49.85061802504059],[-119.38321550212464,49.85065223715334],[-119.38338317481893,49.85066652249911],[-119.38367919056866,49.85070493399147],[-119.38380521210367,49.85072912896866],[-119.38409778525804,49.85075902983278],[-119.38443351142462,49.8507975325406],[-119.3847566013957,49.850863026993906],[-119.38506699732656,49.85095561593777],[-119.38539310919234,49.85106522665118],[-119.38573161636504,49.85117633010428],[-119.38605590329315,49.851250434443195],[-119.38640821097314,49.85135012036976],[-119.38657961231048,49.851428434259475],[-119.38666700446275,49.85150671316725],[-119.38678770552191,49.851693330751],[-119.38692271266316,49.85187133344153],[-119.38704481987557,49.85212912199966],[-119.38709381192737,49.85225443656682],[-119.38714119055388,49.85236132773719],[-119.38721988607607,49.85254783007911],[-119.38724978659468,49.852601918987844],[-119.38731039743504,49.8527088331437],[-119.38746471011459,49.85302073390114],[-119.3875576190788,49.853198734825575],[-119.38765242563159,49.853412333846514],[-119.38772718283538,49.85351772105817],[-119.38797321850828,49.85372993259334],[-119.38803009728699,49.853772616100834],[-119.38804459381105,49.85378123143645],[-119.38830510395475,49.85395641934568],[-119.38840459149925,49.85402623386173],[-119.38853621261198,49.85415012409628],[-119.3887371145454,49.8542797250446],[-119.38900839016635,49.85439222768117],[-119.38914801665368,49.854433534259776],[-119.38930343004259,49.85448483069842],[-119.38941779090017,49.85452752227688],[-119.38963130158345,49.85463002333721],[-119.38979350437671,49.854789519157585],[-119.38984149032518,49.85492342648781],[-119.38984841674252,49.85509432111227],[-119.38981260594815,49.855175529315844],[-119.38976010383642,49.85524812463558],[-119.38967868477417,49.85530372184352],[-119.38957040880041,49.85534213146664],[-119.38941502122914,49.855336416243105],[-119.38919361069827,49.8553407370888],[-119.38892913326151,49.85532933251412],[-119.38879000641266,49.85532222371476],[-119.3884980133425,49.85531931869156],[-119.3881908046815,49.8553265202504],[-119.38787129010133,49.85533222910493],[-119.38784391862711,49.85533361808285],[-119.387745831356,49.855335032117765],[-119.38751550800559,49.85543043528607],[-119.38731341688593,49.85556861703443],[-119.38724790989818,49.855651224461646],[-119.38719699429524,49.855742333978185],[-119.38713460237977,49.85591473499751],[-119.3870601083757,49.8560955185366],[-119.38693049804843,49.85626934030857],[-119.38686509773933,49.85635191526766],[-119.38680079336241,49.85648863697326],[-119.38675289448084,49.85662392324747],[-119.38673090153266,49.85673222807055],[-119.38674520505003,49.85703842289209],[-119.38681069158264,49.85722492900957],[-119.38688989174722,49.857421534089696],[-119.38692310512333,49.857529734615795],[-119.3869868126323,49.85772622542742],[-119.38703972519204,49.857939934464596],[-119.38709141246443,49.85813791426014],[-119.38715690231966,49.85832442086563],[-119.38718989592829,49.85842272386148],[-119.38729550273702,49.85861922414486],[-119.38735621718587,49.85872602711521],[-119.38750442501549,49.85891122726247],[-119.38752040934611,49.85893833329521],[-119.38759380404645,49.85901801621939],[-119.38778362302689,49.85919323362678],[-119.38793032002681,49.85935271260476],[-119.38801660314242,49.859422529380915],[-119.38813101259252,49.85946521238571],[-119.38822941225636,49.85948093869418],[-119.38864960566156,49.859553530699486],[-119.38888859789385,49.859601935106014],[-119.38894630115391,49.85961902548221],[-119.3892540205247,49.85968452087748],[-119.3895348897749,49.859733023714846],[-119.38983151559246,49.85979853748216],[-119.38992870701588,49.859805624437364],[-119.39024160679283,49.859960837384605],[-119.39036151729233,49.860103334306345],[-119.39039169746391,49.86017451768465],[-119.39040982302885,49.86025421184704],[-119.3904208100683,49.86046071708689],[-119.39042571227549,49.86057893642057],[-119.39040799569443,49.86078552512189],[-119.39034041757553,49.86107462285614],[-119.39027742454446,49.8612198157909],[-119.39016222176605,49.86144773592926],[-119.39006161538154,49.86163862280667],[-119.389827596273,49.86198462903194],[-119.38973721858358,49.86213132683944],[-119.38967333022123,49.86223962642181],[-119.38955921151978,49.86245893186618],[-119.38944490836069,49.86268541741404],[-119.38939282664543,49.86276802033705],[-119.38933460356877,49.86299303361432],[-119.38930400942742,49.863209513524566],[-119.38929572683406,49.8633277239819],[-119.38930092213563,49.86341741149853],[-119.38933752333052,49.863632422664196],[-119.38947282816555,49.863827615315024],[-119.38964822981465,49.86399422922964],[-119.38992570311333,49.86424062611546],[-119.39011771371786,49.864461328806016],[-119.39017512953222,49.864514020401046],[-119.39039281776755,49.864690634532074],[-119.39040221908543,49.864697337514684],[-119.39037141402282,49.86471107753612],[-119.39028145356951,49.86477294091761],[-119.39001771423793,49.86495428329277],[-119.38995323502353,49.86511025292971],[-119.39008055707897,49.86546567029811],[-119.39006802637478,49.865600366784875],[-119.38995491598733,49.86570641510553],[-119.38981860692901,49.865779447322744],[-119.38958814715521,49.86584677921247],[-119.38934560529204,49.86586278652854],[-119.38890206341864,49.86499058664696],[-119.3886951447727,49.86458700155345],[-119.38854405089411,49.8641352968171],[-119.3885235443089,49.86336095406387],[-119.38817430819248,49.862666963921974],[-119.3880197259403,49.86257722599391],[-119.38777718952052,49.86253543623863]]]]}},{"type":"Feature","properties":{"DGUID":"2021S051259350221","DAUID":"59350221","LANDAREA":4.2631,"PRUID":"59","fed_num":"59016","da_code":"59350221","geo_name":"59350221","name_source":{"label":"Statistics Canada Census Profile 2021 DA WDS","url":"https://www12.statcan.gc.ca/wds-sdw/2021profile-profil2021-eng.cfm"},"population":1555,"status":"ok","source":{"label":"Statistics Canada Census Profile 2021 DA WDS","url":"https://www12.statcan.gc.ca/wds-sdw/2021profile-profil2021-eng.cfm"},"community_name":"Kelowna","community_source":{"label":"Statistics Canada 2021 census subdivision boundaries (spatial lookup)","url":"https://geo.statcan.gc.ca/geo_wa/rest/services/2021/Cartographic_boundary_files/MapServer/9"},"community_display":"Kelowna","is_unorganized":false,"panel_title":"Kelowna","display_label":"Kelowna","map_label":"59350221"},"geometry":{"type":"MultiPolygon","coordinates":[[[[-119.34291707963342,49.88201899189493],[-119.3424660103789,49.88213823356235],[-119.34237361633481,49.8821673739915],[-119.34234759833099,49.882169505070365],[-119.34225064617978,49.882195150129114],[-119.34067996678996,49.882605682941424],[-119.34068730116827,49.88264896278106],[-119.3402744636585,49.88270969265874],[-119.3401063570541,49.882752697256485],[-119.3377732632464,49.88332168572014],[-119.33566789743671,49.88383504547604],[-119.33367128271415,49.884321837814895],[-119.33157056182036,49.88482748361802],[-119.33085073365635,49.88500186975939],[-119.33084754257607,49.88483825569715],[-119.33079230434576,49.87849665303546],[-119.33075862176297,49.874709305912376],[-119.32601771595388,49.874636547532496],[-119.32008276769388,49.874545150185064],[-119.32004394451467,49.86840483959957],[-119.32000638113776,49.86245467600295],[-119.32009677193574,49.86251254404913],[-119.32147433390446,49.863394334884525],[-119.32183781835974,49.863626994532424],[-119.32209608595164,49.863758560398324],[-119.32281918614444,49.864126884996146],[-119.32315652384878,49.86426960848757],[-119.32371500764695,49.86450589041241],[-119.32440120619133,49.86475198134724],[-119.32459733053885,49.8648111658358],[-119.32507683334047,49.86495587507585],[-119.32643983106713,49.86528309100444],[-119.32693705220457,49.86535538270572],[-119.3312844433189,49.8659873989987],[-119.33311180805653,49.866252994664535],[-119.3359696213602,49.86666824342259],[-119.33603508802216,49.86607605972575],[-119.33598530970565,49.865775845421894],[-119.33577053164963,49.86530486373976],[-119.33556913907148,49.864990878914995],[-119.3354331227423,49.86484167049928],[-119.33534765847342,49.86478466735058],[-119.33506786196772,49.86459807037188],[-119.33398552665453,49.86421317674892],[-119.33390734696097,49.864169156539354],[-119.33365253066728,49.86402576980764],[-119.33342232125548,49.86379497460423],[-119.33336725563906,49.8637097903175],[-119.33326735503599,49.863555187929336],[-119.33319898842915,49.8632547302878],[-119.33312102946344,49.86291218261724],[-119.33298955353014,49.86164147363155],[-119.33304952776066,49.86136507249966],[-119.3331167432529,49.86124513670642],[-119.33319682909345,49.86110218443643],[-119.3342286200293,49.85965325632296],[-119.33463234867494,49.85908627612561],[-119.3349250547454,49.85885128548891],[-119.33499147514276,49.85882851687261],[-119.33518674495517,49.858761570085846],[-119.33561383996664,49.85872537971832],[-119.33588704120245,49.85877729252644],[-119.33614373234951,49.858903078939],[-119.33632453255584,49.85905238520955],[-119.33655695642254,49.85933369838975],[-119.33661295035539,49.85940146370462],[-119.33718019377389,49.86009402557001],[-119.33722813386319,49.860152584885654],[-119.3376118501744,49.86056708590658],[-119.33802035231382,49.86080147168831],[-119.33957745747924,49.8615016790357],[-119.34012003934758,49.86172718365121],[-119.34048995782472,49.86180577846212],[-119.34106076269994,49.8618179544125],[-119.34153824696354,49.86180015927275],[-119.34164944098136,49.86268488083167],[-119.34177405150028,49.86281707918094],[-119.34184220879798,49.86284296802501],[-119.34197516086591,49.8628934774343],[-119.34237845023354,49.86298227368029],[-119.34276356254423,49.863023787224044],[-119.34337253041537,49.863013968614275],[-119.34437224032392,49.862930376547084],[-119.34470473681316,49.86292987006826],[-119.3449543346123,49.86299028048032],[-119.34520374520119,49.86314817070636],[-119.34548550474493,49.863389757849234],[-119.34554515167149,49.86344088470121],[-119.34575596060195,49.86367137996157],[-119.34634534401033,49.864898668847715],[-119.34678054482892,49.86531446751174],[-119.34695808942624,49.86560570830803],[-119.346980051039,49.86564178867987],[-119.3471288374016,49.86603741062909],[-119.34730724808335,49.86651167028715],[-119.34750155751284,49.86717198966422],[-119.3474969874706,49.867232239555534],[-119.34743178556299,49.867971551930104],[-119.34741354329056,49.8681782011755],[-119.34994353565831,49.86831158554973],[-119.34993528333857,49.86839688734538],[-119.34992222219816,49.86848640375153],[-119.34987905718194,49.86883060975955],[-119.34982665148343,49.869257319002635],[-119.349609414094,49.86926215667722],[-119.34861641275855,49.869490685618345],[-119.34897371059812,49.87044181436939],[-119.34932667528132,49.8713267809815],[-119.34967596359247,49.87220879086013],[-119.35175904971531,49.87187227547875],[-119.3519863588386,49.872757787245476],[-119.35209256481612,49.872958374580136],[-119.35231446214391,49.87308477371372],[-119.35252082543694,49.87319752539116],[-119.35292155065821,49.873221777222746],[-119.35305850328486,49.87325633676465],[-119.35376938232707,49.87355667156552],[-119.35391075229927,49.87358886367359],[-119.35402110464781,49.87361131406933],[-119.35416471491628,49.873627937756744],[-119.35429744680849,49.873636025524],[-119.35449274773816,49.87363216028285],[-119.35465376287613,49.87361311313611],[-119.35517865772795,49.87351917147373],[-119.35536049300012,49.873496130344165],[-119.35549474921442,49.87349379997406],[-119.35559088315327,49.87350229443886],[-119.35569569276709,49.873534881663446],[-119.35580125360856,49.87356230641504],[-119.35590642096084,49.873592317636565],[-119.35600546573393,49.873608827648866],[-119.35611764813065,49.87361827076734],[-119.35685830058743,49.873603017851664],[-119.3571213522032,49.873579687623184],[-119.35847062256916,49.87409044247184],[-119.35913462325365,49.874230858482925],[-119.3625438751422,49.874263593021446],[-119.36143126334309,49.87603313160814],[-119.35979598628585,49.87766807219509],[-119.34817192430914,49.880748614855165],[-119.34752806319193,49.880837833586284],[-119.34746619901468,49.88084641812396],[-119.34298410633953,49.882001267211514],[-119.34291707963342,49.88201899189493]]]]}},{"type":"Feature","properties":{"DGUID":"2021S051259350223","DAUID":"59350223","LANDAREA":2.9768,"PRUID":"59","fed_num":"59016","da_code":"59350223","geo_name":"59350223","name_source":{"label":"Statistics Canada Census Profile 2021 DA WDS","url":"https://www12.statcan.gc.ca/wds-sdw/2021profile-profil2021-eng.cfm"},"population":338,"status":"ok","source":{"label":"Statistics Canada Census Profile 2021 DA WDS","url":"https://www12.statcan.gc.ca/wds-sdw/2021profile-profil2021-eng.cfm"},"community_name":"Kelowna","community_source":{"label":"Statistics Canada 2021 census subdivision boundaries (spatial lookup)","url":"https://geo.statcan.gc.ca/geo_wa/rest/services/2021/Cartographic_boundary_files/MapServer/9"},"community_display":"Kelowna","is_unorganized":false,"panel_title":"Kelowna","display_label":"Kelowna","map_label":"59350223"},"geometry":{"type":"MultiPolygon","coordinates":[[[[-119.37903726741514,49.87886118668584],[-119.37868120385507,49.87892719479332],[-119.37829735532483,49.879049124545205],[-119.37803668175124,49.87913194786584],[-119.37751692884235,49.879353322338126],[-119.37610331728517,49.87999469438291],[-119.37598231891727,49.88004958173676],[-119.37516803497054,49.880470727010675],[-119.37355713236204,49.881691585363505],[-119.37293428301075,49.88192022397993],[-119.37247350415595,49.88209095241151],[-119.37221123172532,49.8817995588743],[-119.37197699448637,49.8815415037176],[-119.37036598278767,49.87976655569226],[-119.36882435538173,49.87799032801785],[-119.36855879029835,49.87768434304213],[-119.36831970662348,49.8769165574376],[-119.36831658868435,49.87650545197378],[-119.36842957914138,49.87604535597484],[-119.3685268102244,49.875827115467914],[-119.36891060440986,49.8749655590958],[-119.36905929811373,49.87413466615257],[-119.36905315714237,49.87387217859184],[-119.36904479413732,49.87351327821995],[-119.36895626470006,49.87309427073743],[-119.36886150949846,49.872819441804864],[-119.36878227534925,49.87258965701346],[-119.36850664210661,49.87196526521814],[-119.36831687899205,49.871535356516766],[-119.36799617908176,49.87080877447743],[-119.36794671333747,49.87073193265982],[-119.36778186783779,49.87047597083913],[-119.3674665861903,49.8701271602877],[-119.36698418745661,49.8697456553924],[-119.36639692727469,49.86943266680833],[-119.36586411933949,49.86923505213332],[-119.36522890078224,49.869088047097264],[-119.36459149999423,49.869004162022996],[-119.36411150057427,49.86898008079604],[-119.36306180265065,49.86892744065376],[-119.3618690459242,49.8688684625902],[-119.36213527671167,49.868094372531004],[-119.36222900271112,49.86793026975375],[-119.36238662597654,49.86780708420371],[-119.36257642143192,49.86771205286595],[-119.36336703896791,49.867453051206965],[-119.3637580410084,49.86738650775344],[-119.36379597590516,49.86738379413781],[-119.3640600162377,49.86736490632152],[-119.36447511329885,49.86733525233486],[-119.36483899327074,49.86723453022004],[-119.36507184565107,49.867064433691795],[-119.36517569979212,49.86689940406383],[-119.36547144806597,49.866429409642485],[-119.36543572698915,49.86552592471195],[-119.36541336576067,49.864959651724476],[-119.36540522376804,49.86475295336395],[-119.36539666248885,49.8645372408829],[-119.36535442154403,49.863468020949895],[-119.36519906957504,49.86314336628356],[-119.36416649471126,49.862098839145986],[-119.36409080864516,49.86202380681088],[-119.3640392431821,49.86183100148675],[-119.36426635253808,49.86124871212571],[-119.36466686655145,49.860866620129755],[-119.36500296079375,49.86077712253879],[-119.36511145657337,49.8607482213403],[-119.36581678344626,49.86065200490212],[-119.36655123038953,49.860740014374045],[-119.36720037455429,49.860886391482985],[-119.36745594057783,49.860944005051856],[-119.36772915131777,49.86096692087342],[-119.3682176928329,49.86090178222471],[-119.36907808885029,49.86065147759155],[-119.3692851839885,49.86059088328815],[-119.36951356428173,49.86054934117492],[-119.37036115927674,49.86039525767403],[-119.37060435522974,49.860278162263235],[-119.37098556610334,49.85982716398922],[-119.37132075615683,49.85950967393581],[-119.37212967403399,49.85879565409848],[-119.37241596665717,49.85863236785281],[-119.37274986075705,49.8586120663361],[-119.37316975587606,49.858721559865224],[-119.37372537352118,49.85898288243576],[-119.37428777589396,49.859342177782224],[-119.3746083659703,49.85937517375503],[-119.375019082473,49.85935496019318],[-119.37612414595328,49.85921730638729],[-119.37667865864512,49.8591482092393],[-119.37931873047103,49.85881922311415],[-119.37965473348876,49.8591483462244],[-119.37968926005288,49.859182179973146],[-119.37994084393308,49.8596526559762],[-119.38009444214241,49.8604875311979],[-119.38024230610375,49.86129119447735],[-119.3802341491297,49.8613198576796],[-119.38013964216684,49.86165256084993],[-119.37997698177735,49.86193620242479],[-119.37998216933569,49.86204490470946],[-119.38019096642235,49.86264732579532],[-119.38027952927314,49.862902878666134],[-119.38021127298617,49.86371067950118],[-119.38024863192143,49.86391526339665],[-119.38028822777501,49.86397100437896],[-119.38039012734245,49.86411439924375],[-119.38050121597806,49.86420917961076],[-119.3809096910207,49.86455773687924],[-119.38098428833375,49.86463610139797],[-119.38145273817962,49.86512805071527],[-119.38171527453852,49.86529208317345],[-119.38224001214257,49.865449445606956],[-119.38264015425264,49.86527139188761],[-119.38298447744955,49.86525704057941],[-119.38335452467881,49.865392357965206],[-119.38417944477496,49.86555426917577],[-119.38539895257259,49.8657936051603],[-119.38631015128796,49.865972414373566],[-119.38634381805893,49.865979027457044],[-119.38691483050292,49.866511243436506],[-119.38695414246435,49.866580213960326],[-119.38721889056319,49.867044464185604],[-119.38743392017966,49.867228182428995],[-119.38795887116336,49.86754807230663],[-119.38809123692633,49.86771947959679],[-119.38811764333549,49.8677536674583],[-119.38832233700214,49.86878030867076],[-119.38854910024703,49.86928804297744],[-119.38859458077935,49.86955272823563],[-119.38860299507643,49.870632468396394],[-119.38875573848856,49.87125584650085],[-119.38878651931266,49.871718334387126],[-119.38889042987509,49.87192691514001],[-119.388918254934,49.87196210023363],[-119.38948313199805,49.87267627766421],[-119.38959009847413,49.87287333044505],[-119.38963656662739,49.873082964634044],[-119.38961182213684,49.87317046501016],[-119.38955349608541,49.87337686178024],[-119.38937195960115,49.87354018082422],[-119.38850904170792,49.87400001260647],[-119.38803890019166,49.87417316710742],[-119.38780359124243,49.87425984259893],[-119.38773061453513,49.87457065074412],[-119.38731770614703,49.87481744586396],[-119.38721400388745,49.87490597130633],[-119.38715056294417,49.875008483310644],[-119.38710089163808,49.87508877333349],[-119.38709547741202,49.87667717547361],[-119.38709328831082,49.87731004753911],[-119.38713690784758,49.87830869525669],[-119.38687201266164,49.878470735988444],[-119.38606379363469,49.87874510657925],[-119.38539257140869,49.878855262961615],[-119.3848867403048,49.87886526950356],[-119.38469851318253,49.878871931996954],[-119.38334552877286,49.878663520812516],[-119.38268467663882,49.87862348382921],[-119.38261008926621,49.87861894254248],[-119.38218230173246,49.87864292094083],[-119.38153027687382,49.878679473042716],[-119.37987734185012,49.87877212186328],[-119.37903726741514,49.87886118668584]]]]}},{"type":"Feature","properties":{"DGUID":"2021S051259350224","DAUID":"59350224","LANDAREA":0.2773,"PRUID":"59","fed_num":"59016","da_code":"59350224","geo_name":"59350224","name_source":{"label":"Statistics Canada Census Profile 2021 DA WDS","url":"https://www12.statcan.gc.ca/wds-sdw/2021profile-profil2021-eng.cfm"},"population":848,"status":"ok","source":{"label":"Statistics Canada Census Profile 2021 DA WDS","url":"https://www12.statcan.gc.ca/wds-sdw/2021profile-profil2021-eng.cfm"},"community_name":"Kelowna","community_source":{"label":"Statistics Canada 2021 census subdivision boundaries (spatial lookup)","url":"https://geo.statcan.gc.ca/geo_wa/rest/services/2021/Cartographic_boundary_files/MapServer/9"},"community_display":"Kelowna","is_unorganized":false,"panel_title":"Kelowna","display_label":"Kelowna","map_label":"59350224"},"geometry":{"type":"MultiPolygon","coordinates":[[[[-119.37818348694395,49.89393775465362],[-119.37616531888715,49.89387956452766],[-119.3761535755341,49.89261266786526],[-119.37553940404105,49.89260506550145],[-119.37490082576682,49.89259718679855],[-119.37427006741987,49.892597418708675],[-119.37399185461857,49.89259752100576],[-119.37359814405903,49.892597658716724],[-119.3693242312533,49.8925866456679],[-119.36939295036487,49.8925403250432],[-119.36957389425052,49.89241847489494],[-119.36958404561082,49.89241011150618],[-119.36990156122746,49.892149634575794],[-119.37033237031648,49.89179618870413],[-119.37172390190422,49.89068396487023],[-119.37246796775713,49.890198965796486],[-119.37282397915735,49.89001916428289],[-119.37376718575548,49.889654680801314],[-119.37379016076427,49.889644280678716],[-119.37441487538926,49.8893615689746],[-119.37473930389342,49.889247780131335],[-119.37499647827896,49.889157567846766],[-119.37531549558078,49.88906855434678],[-119.37560788370597,49.889027564950865],[-119.3757933874374,49.88902804823625],[-119.37630779823705,49.88902936351239],[-119.37676609979391,49.889087864277236],[-119.37711360178376,49.88932206094031],[-119.37726158774919,49.889361779547905],[-119.37739776103037,49.88935735788256],[-119.37740358940563,49.88900905849611],[-119.37857268799304,49.88901317552268],[-119.37858177235734,49.89011556554586],[-119.37856310229472,49.89117826188618],[-119.37855350694612,49.8916490512269],[-119.37859119510271,49.891755281615],[-119.37874417603658,49.891807876127835],[-119.37910930214235,49.89182546796294],[-119.38074281179173,49.89182695556175],[-119.38399120818566,49.89183404275224],[-119.38399269537483,49.892642449480654],[-119.38089029458513,49.8926215739851],[-119.38089009735172,49.89334686118284],[-119.38088988343975,49.89403947919898],[-119.37898189268793,49.894041254976436],[-119.37818348694395,49.89393775465362]]]]}},{"type":"Feature","properties":{"DGUID":"2021S051259350225","DAUID":"59350225","LANDAREA":0.2069,"PRUID":"59","fed_num":"59016","da_code":"59350225","geo_name":"59350225","name_source":{"label":"Statistics Canada Census Profile 2021 DA WDS","url":"https://www12.statcan.gc.ca/wds-sdw/2021profile-profil2021-eng.cfm"},"population":593,"status":"ok","source":{"label":"Statistics Canada Census Profile 2021 DA WDS","url":"https://www12.statcan.gc.ca/wds-sdw/2021profile-profil2021-eng.cfm"},"community_name":"Kelowna","community_source":{"label":"Statistics Canada 2021 census subdivision boundaries (spatial lookup)","url":"https://geo.statcan.gc.ca/geo_wa/rest/services/2021/Cartographic_boundary_files/MapServer/9"},"community_display":"Kelowna","is_unorganized":false,"panel_title":"Kelowna","display_label":"Kelowna","map_label":"59350225"},"geometry":{"type":"MultiPolygon","coordinates":[[[[-119.37858177235734,49.89011556554586],[-119.37857268799304,49.88901317552268],[-119.3797550128683,49.889003567670045],[-119.38080058683418,49.889001866275315],[-119.38113899718697,49.88900067073471],[-119.38193308867744,49.88899826612067],[-119.38392361832105,49.888985165751805],[-119.38535601354279,49.88897616886945],[-119.38686351524028,49.88896907016419],[-119.38686879451559,49.89010295314915],[-119.38687092838792,49.89056155445383],[-119.38687640688931,49.89173967318602],[-119.38687830757755,49.892144348451104],[-119.38688040683806,49.89264126195671],[-119.38528040549684,49.892639152875574],[-119.38462828708583,49.89264485840659],[-119.38399269537483,49.892642449480654],[-119.38399120818566,49.89183404275224],[-119.38074281179173,49.89182695556175],[-119.37910930214235,49.89182546796294],[-119.37874417603658,49.891807876127835],[-119.37859119510271,49.891755281615],[-119.37855350694612,49.8916490512269],[-119.37856310229472,49.89117826188618],[-119.37858177235734,49.89011556554586]]]]}},{"type":"Feature","properties":{"DGUID":"2021S051259350226","DAUID":"59350226","LANDAREA":0.1401,"PRUID":"59","fed_num":"59016","da_code":"59350226","geo_name":"59350226","name_source":{"label":"Statistics Canada Census Profile 2021 DA WDS","url":"https://www12.statcan.gc.ca/wds-sdw/2021profile-profil2021-eng.cfm"},"population":604,"status":"ok","source":{"label":"Statistics Canada Census Profile 2021 DA WDS","url":"https://www12.statcan.gc.ca/wds-sdw/2021profile-profil2021-eng.cfm"},"community_name":"Kelowna","community_source":{"label":"Statistics Canada 2021 census subdivision boundaries (spatial lookup)","url":"https://geo.statcan.gc.ca/geo_wa/rest/services/2021/Cartographic_boundary_files/MapServer/9"},"community_display":"Kelowna","is_unorganized":false,"panel_title":"Kelowna","display_label":"Kelowna","map_label":"59350226"},"geometry":{"type":"MultiPolygon","coordinates":[[[[-119.38089009735172,49.89334686118284],[-119.38089029458513,49.8926215739851],[-119.38399269537483,49.892642449480654],[-119.38462828708583,49.89264485840659],[-119.38528040549684,49.892639152875574],[-119.38688040683806,49.89264126195671],[-119.38688042530472,49.893334861109885],[-119.38688124489214,49.89374644780428],[-119.38688189525358,49.89407634944215],[-119.38688102075878,49.89506616152269],[-119.38687580093068,49.895747645117204],[-119.38535861167136,49.89580037268557],[-119.3823481787199,49.89578956664953],[-119.38234209587601,49.89484907193302],[-119.38087429425309,49.89486946175983],[-119.38088988343975,49.89403947919898],[-119.38089009735172,49.89334686118284]]]]}},{"type":"Feature","properties":{"DGUID":"2021S051259350227","DAUID":"59350227","LANDAREA":0.1927,"PRUID":"59","fed_num":"59016","da_code":"59350227","geo_name":"59350227","name_source":{"label":"Statistics Canada Census Profile 2021 DA WDS","url":"https://www12.statcan.gc.ca/wds-sdw/2021profile-profil2021-eng.cfm"},"population":619,"status":"ok","source":{"label":"Statistics Canada Census Profile 2021 DA WDS","url":"https://www12.statcan.gc.ca/wds-sdw/2021profile-profil2021-eng.cfm"},"community_name":"Kelowna","community_source":{"label":"Statistics Canada 2021 census subdivision boundaries (spatial lookup)","url":"https://geo.statcan.gc.ca/geo_wa/rest/services/2021/Cartographic_boundary_files/MapServer/9"},"community_display":"Kelowna","is_unorganized":false,"panel_title":"Kelowna","display_label":"Kelowna","map_label":"59350227"},"geometry":{"type":"MultiPolygon","coordinates":[[[[-119.39121013139912,49.89335486254771],[-119.38688042530472,49.893334861109885],[-119.38688040683806,49.89264126195671],[-119.38687830757755,49.892144348451104],[-119.38687640688931,49.89173967318602],[-119.38687092838792,49.89056155445383],[-119.38686879451559,49.89010295314915],[-119.38686351524028,49.88896907016419],[-119.38860123497047,49.88896496274127],[-119.38976001211941,49.8889727650855],[-119.39122779122638,49.88896947581382],[-119.39203663778049,49.8889674690197],[-119.39284812563035,49.88896546217915],[-119.39283550591858,49.890016865125546],[-119.39281030858794,49.89214936697729],[-119.3920460012251,49.89214369096477],[-119.39119368581653,49.89213735797502],[-119.39121013139912,49.89335486254771]]]]}},{"type":"Feature","properties":{"DGUID":"2021S051259350228","DAUID":"59350228","LANDAREA":0.3049,"PRUID":"59","fed_num":"59016","da_code":"59350228","geo_name":"59350228","name_source":{"label":"Statistics Canada Census Profile 2021 DA WDS","url":"https://www12.statcan.gc.ca/wds-sdw/2021profile-profil2021-eng.cfm"},"population":951,"status":"ok","source":{"label":"Statistics Canada Census Profile 2021 DA WDS","url":"https://www12.statcan.gc.ca/wds-sdw/2021profile-profil2021-eng.cfm"},"community_name":"Kelowna","community_source":{"label":"Statistics Canada 2021 census subdivision boundaries (spatial lookup)","url":"https://geo.statcan.gc.ca/geo_wa/rest/services/2021/Cartographic_boundary_files/MapServer/9"},"community_display":"Kelowna","is_unorganized":false,"panel_title":"Kelowna","display_label":"Kelowna","map_label":"59350228"},"geometry":{"type":"MultiPolygon","coordinates":[[[[-119.38688102075878,49.89506616152269],[-119.38688189525358,49.89407634944215],[-119.38688124489214,49.89374644780428],[-119.38688042530472,49.893334861109885],[-119.39121013139912,49.89335486254771],[-119.39119368581653,49.89213735797502],[-119.3920460012251,49.89214369096477],[-119.39281030858794,49.89214936697729],[-119.39283550591858,49.890016865125546],[-119.39284812563035,49.88896546217915],[-119.39369226264323,49.888973095000175],[-119.39372118413738,49.88897334917748],[-119.3939146572753,49.88897511052186],[-119.3953782890927,49.888988328698524],[-119.39550567752734,49.888989484404355],[-119.39558908741131,49.88899022456871],[-119.39565752666864,49.88899086229383],[-119.39589554948927,49.88899266591956],[-119.3961227058728,49.888994390801706],[-119.39675746327019,49.88899919678456],[-119.3968857349066,49.889000172256225],[-119.39710563033263,49.889001819416784],[-119.39716497516467,49.88900227494596],[-119.39743927260787,49.88900434759824],[-119.39812104590233,49.889009504501104],[-119.39816402974381,49.8890098182201],[-119.39958431658653,49.8890205541066],[-119.39954622237249,49.8898535523152],[-119.39937262075749,49.890213354149545],[-119.39909252810523,49.89050716190737],[-119.39849663167395,49.890858559657175],[-119.39822840671386,49.89106986015401],[-119.39814373300118,49.89117225062999],[-119.39799889654364,49.89135225290283],[-119.3979031411415,49.89156044777741],[-119.3978461255945,49.89216666861944],[-119.39596913398556,49.89214796246745],[-119.39438512949798,49.89215156683875],[-119.39435942252055,49.8953497584818],[-119.39351712375804,49.895345745507186],[-119.39276731223353,49.89534106891946],[-119.39119143137997,49.895336056727864],[-119.39047522388617,49.895340556226536],[-119.38990451670732,49.89534305784813],[-119.38925431064516,49.895345258174444],[-119.3890586209081,49.89534516220527],[-119.38868793849521,49.89539585949458],[-119.38831429036665,49.89549834486918],[-119.38808380450654,49.89556157768073],[-119.38762111224601,49.89569707166009],[-119.38725109427321,49.89574236838857],[-119.38687580093068,49.895747645117204],[-119.38688102075878,49.89506616152269]]]]}},{"type":"Feature","properties":{"DGUID":"2021S051259350229","DAUID":"59350229","LANDAREA":0.5228,"PRUID":"59","fed_num":"59016","da_code":"59350229","geo_name":"59350229","name_source":{"label":"Statistics Canada Census Profile 2021 DA WDS","url":"https://www12.statcan.gc.ca/wds-sdw/2021profile-profil2021-eng.cfm"},"population":1162,"status":"ok","source":{"label":"Statistics Canada Census Profile 2021 DA WDS","url":"https://www12.statcan.gc.ca/wds-sdw/2021profile-profil2021-eng.cfm"},"community_name":"Kelowna","community_source":{"label":"Statistics Canada 2021 census subdivision boundaries (spatial lookup)","url":"https://geo.statcan.gc.ca/geo_wa/rest/services/2021/Cartographic_boundary_files/MapServer/9"},"community_display":"Kelowna","is_unorganized":false,"panel_title":"Kelowna","display_label":"Kelowna","map_label":"59350229"},"geometry":{"type":"MultiPolygon","coordinates":[[[[-119.37465696796494,49.898028242485694],[-119.37472917698965,49.896838646431924],[-119.37479780680938,49.89670284016975],[-119.37505767832535,49.89666534687817],[-119.3770101975574,49.896675357856],[-119.37702460980837,49.89628684760398],[-119.3770438027909,49.89577066792396],[-119.3823481787199,49.89578956664953],[-119.38535861167136,49.89580037268557],[-119.38687580093068,49.895747645117204],[-119.38687382209433,49.89592806176614],[-119.38686621886313,49.89661531196335],[-119.3868464738733,49.89839957361892],[-119.3868432165639,49.89869407884341],[-119.38682927169063,49.89995331861054],[-119.38682926478147,49.899998859890985],[-119.38682912852495,49.90115896065303],[-119.38682950638383,49.902245464557296],[-119.3868307887272,49.902769838167536],[-119.3868328080218,49.90361115302693],[-119.3855198013805,49.90360385629814],[-119.38404551232476,49.903600470990355],[-119.38403342945716,49.903355854056606],[-119.38394719153375,49.90307336567814],[-119.38393251028145,49.90279886244103],[-119.38392052035331,49.90212986338407],[-119.3839164767119,49.901273588024594],[-119.38391591486105,49.90114966048778],[-119.38345702011402,49.90116255596523],[-119.3805913875228,49.901489268534235],[-119.37997001455497,49.90159066060527],[-119.3786710014719,49.90176668859306],[-119.37703264850998,49.90176669172727],[-119.37702760790609,49.900002477594406],[-119.37702724806587,49.8998788655867],[-119.37700229348529,49.89804855099022],[-119.37590369022985,49.89803887396833],[-119.37510220733135,49.89803205488659],[-119.37465696796494,49.898028242485694]]]]}},{"type":"Feature","properties":{"DGUID":"2021S051259350230","DAUID":"59350230","LANDAREA":0.2108,"PRUID":"59","fed_num":"59016","da_code":"59350230","geo_name":"59350230","name_source":{"label":"Statistics Canada Census Profile 2021 DA WDS","url":"https://www12.statcan.gc.ca/wds-sdw/2021profile-profil2021-eng.cfm"},"population":935,"status":"ok","source":{"label":"Statistics Canada Census Profile 2021 DA WDS","url":"https://www12.statcan.gc.ca/wds-sdw/2021profile-profil2021-eng.cfm"},"community_name":"Kelowna","community_source":{"label":"Statistics Canada 2021 census subdivision boundaries (spatial lookup)","url":"https://geo.statcan.gc.ca/geo_wa/rest/services/2021/Cartographic_boundary_files/MapServer/9"},"community_display":"Kelowna","is_unorganized":false,"panel_title":"Kelowna","display_label":"Kelowna","map_label":"59350230"},"geometry":{"type":"MultiPolygon","coordinates":[[[[-119.37774409524755,49.90541597015378],[-119.37776461069102,49.90454294619262],[-119.37777300786206,49.90364756171431],[-119.37702882641129,49.90368916171101],[-119.37621912482075,49.90368164647123],[-119.37621932334132,49.90279479469792],[-119.37615604586573,49.902576017088414],[-119.37593250562827,49.90220059646752],[-119.37592115658441,49.90218158151765],[-119.3759405085377,49.901750146793695],[-119.37703264850998,49.90176669172727],[-119.3786710014719,49.90176668859306],[-119.37997001455497,49.90159066060527],[-119.3805913875228,49.901489268534235],[-119.38345702011402,49.90116255596523],[-119.38391591486105,49.90114966048778],[-119.3839164767119,49.901273588024594],[-119.38392052035331,49.90212986338407],[-119.38393251028145,49.90279886244103],[-119.38394719153375,49.90307336567814],[-119.38403342945716,49.903355854056606],[-119.38404551232476,49.903600470990355],[-119.38329900601813,49.90360036987699],[-119.38329592028859,49.904507748843706],[-119.38330961479332,49.90542525837149],[-119.38141875421704,49.90542079286258],[-119.38120532213351,49.905420280017815],[-119.37967879971397,49.90541665861381],[-119.37836392059256,49.90541619569015],[-119.37774409524755,49.90541597015378]]]]}},{"type":"Feature","properties":{"DGUID":"2021S051259350231","DAUID":"59350231","LANDAREA":0.5569,"PRUID":"59","fed_num":"59016","da_code":"59350231","geo_name":"59350231","name_source":{"label":"Statistics Canada Census Profile 2021 DA WDS","url":"https://www12.statcan.gc.ca/wds-sdw/2021profile-profil2021-eng.cfm"},"population":1057,"status":"ok","source":{"label":"Statistics Canada Census Profile 2021 DA WDS","url":"https://www12.statcan.gc.ca/wds-sdw/2021profile-profil2021-eng.cfm"},"community_name":"Kelowna","community_source":{"label":"Statistics Canada 2021 census subdivision boundaries (spatial lookup)","url":"https://geo.statcan.gc.ca/geo_wa/rest/services/2021/Cartographic_boundary_files/MapServer/9"},"community_display":"Kelowna","is_unorganized":false,"panel_title":"Kelowna","display_label":"Kelowna","map_label":"59350231"},"geometry":{"type":"MultiPolygon","coordinates":[[[[-119.37282188424042,49.90915550439499],[-119.36989921388255,49.90915056932222],[-119.36991223871463,49.907119729942764],[-119.36991422465393,49.90680493691649],[-119.36992320116622,49.905408572934135],[-119.37244375513754,49.90541103389395],[-119.37277812277851,49.905411339666664],[-119.3732098923766,49.905411762200075],[-119.373529921784,49.90541205322506],[-119.37542445449944,49.90541381484931],[-119.37774409524755,49.90541597015378],[-119.37836392059256,49.90541619569015],[-119.37967879971397,49.90541665861381],[-119.38120532213351,49.905420280017815],[-119.38141875421704,49.90542079286258],[-119.38330961479332,49.90542525837149],[-119.38329592028859,49.904507748843706],[-119.38329900601813,49.90360036987699],[-119.38404551232476,49.903600470990355],[-119.3855198013805,49.90360385629814],[-119.3868328080218,49.90361115302693],[-119.38682397851694,49.90456952796778],[-119.38681641142313,49.90538846749688],[-119.38681592043426,49.90544335290312],[-119.38680281366902,49.906883056283206],[-119.38679890593713,49.90724766443585],[-119.38679281590137,49.90770426034256],[-119.3867770972375,49.90873471766018],[-119.38677030790296,49.909179457803155],[-119.38462752932972,49.9091761503282],[-119.38400912153493,49.90917501348721],[-119.38109679591707,49.9091695109394],[-119.37965582876852,49.909166767352794],[-119.37861677933539,49.909165080768105],[-119.37831023222738,49.90916458196214],[-119.37282188424042,49.90915550439499]]]]}},{"type":"Feature","properties":{"DGUID":"2021S051259350233","DAUID":"59350233","LANDAREA":0.6751,"PRUID":"59","fed_num":"59016","da_code":"59350233","geo_name":"59350233","name_source":{"label":"Statistics Canada Census Profile 2021 DA WDS","url":"https://www12.statcan.gc.ca/wds-sdw/2021profile-profil2021-eng.cfm"},"population":782,"status":"ok","source":{"label":"Statistics Canada Census Profile 2021 DA WDS","url":"https://www12.statcan.gc.ca/wds-sdw/2021profile-profil2021-eng.cfm"},"community_name":"Kelowna","community_source":{"label":"Statistics Canada 2021 census subdivision boundaries (spatial lookup)","url":"https://geo.statcan.gc.ca/geo_wa/rest/services/2021/Cartographic_boundary_files/MapServer/9"},"community_display":"Kelowna","is_unorganized":false,"panel_title":"Kelowna","display_label":"Kelowna","map_label":"59350233"},"geometry":{"type":"MultiPolygon","coordinates":[[[[-119.3823481787199,49.89578956664953],[-119.3770438027909,49.89577066792396],[-119.37702460980837,49.89628684760398],[-119.3770101975574,49.896675357856],[-119.37505767832535,49.89666534687817],[-119.37479780680938,49.89670284016975],[-119.37472917698965,49.896838646431924],[-119.37465696796494,49.898028242485694],[-119.3741798577923,49.898021894640706],[-119.3740184078064,49.89797868194648],[-119.37389681342235,49.89787285553602],[-119.37381673024586,49.897670140170085],[-119.37358103997346,49.89707341110426],[-119.37316527505635,49.89629859165646],[-119.37291762958013,49.89601173774454],[-119.37268660537903,49.89588934634513],[-119.37247082466033,49.89585458445516],[-119.37165813014224,49.89587337739619],[-119.3714470386174,49.89587826368432],[-119.37118021955897,49.895964204307354],[-119.37112149787022,49.895983131708974],[-119.37099532217387,49.896129929054375],[-119.37099322271646,49.89625971766279],[-119.37099234840545,49.8963139711835],[-119.37118938424709,49.89683347774012],[-119.37116768143181,49.89703085436432],[-119.37108182044118,49.89723696962749],[-119.37088075080548,49.89742798209087],[-119.3707166516764,49.897518267016316],[-119.37061510783141,49.89754805841298],[-119.37046406955442,49.89759235017778],[-119.36969084492667,49.89767097030336],[-119.36905019658967,49.89790482478331],[-119.3687927317908,49.8979162880226],[-119.36865795178129,49.89789131901306],[-119.36850280573815,49.89786257085048],[-119.36761035749548,49.8971877295019],[-119.36758729781923,49.897170276141665],[-119.36733417539497,49.89660399334823],[-119.3672151051837,49.896529035806424],[-119.36706185702585,49.89650619373227],[-119.36685880561114,49.896528173896456],[-119.36639782002779,49.89665099987763],[-119.36482659340558,49.897074896463025],[-119.3642961669816,49.897146533490975],[-119.36433398446286,49.89168935132658],[-119.3642989818177,49.88998927598928],[-119.36432836338737,49.889691270022084],[-119.3652556017902,49.88933474304805],[-119.36604850146345,49.889029863672356],[-119.36730833314776,49.888717527202466],[-119.36735046466546,49.88870706621606],[-119.36801817625843,49.88860307734493],[-119.36946788762316,49.888542052743915],[-119.36978658304417,49.888647261602195],[-119.36995272451229,49.888792253365416],[-119.3703360663638,49.889126766007465],[-119.37040780430338,49.88923856460568],[-119.37040277085279,49.890802467380546],[-119.37020259315283,49.89150659089349],[-119.37021138065471,49.891666996],[-119.37033237031648,49.89179618870413],[-119.36990156122746,49.892149634575794],[-119.36958404561082,49.89241011150618],[-119.36957389425052,49.89241847489494],[-119.36939295036487,49.8925403250432],[-119.3693242312533,49.8925866456679],[-119.37359814405903,49.892597658716724],[-119.37399185461857,49.89259752100576],[-119.37427006741987,49.892597418708675],[-119.37490082576682,49.89259718679855],[-119.37553940404105,49.89260506550145],[-119.3761535755341,49.89261266786526],[-119.37616531888715,49.89387956452766],[-119.37818348694395,49.89393775465362],[-119.37898189268793,49.894041254976436],[-119.38088988343975,49.89403947919898],[-119.38087429425309,49.89486946175983],[-119.38234209587601,49.89484907193302],[-119.3823481787199,49.89578956664953]]]]}},{"type":"Feature","properties":{"DGUID":"2021S051259350241","DAUID":"59350241","LANDAREA":0.1447,"PRUID":"59","fed_num":"59016","da_code":"59350241","geo_name":"59350241","name_source":{"label":"Statistics Canada Census Profile 2021 DA WDS","url":"https://www12.statcan.gc.ca/wds-sdw/2021profile-profil2021-eng.cfm"},"population":549,"status":"ok","source":{"label":"Statistics Canada Census Profile 2021 DA WDS","url":"https://www12.statcan.gc.ca/wds-sdw/2021profile-profil2021-eng.cfm"},"community_name":"Kelowna","community_source":{"label":"Statistics Canada 2021 census subdivision boundaries (spatial lookup)","url":"https://geo.statcan.gc.ca/geo_wa/rest/services/2021/Cartographic_boundary_files/MapServer/9"},"community_display":"Kelowna","is_unorganized":false,"panel_title":"Kelowna","display_label":"Kelowna","map_label":"59350241"},"geometry":{"type":"MultiPolygon","coordinates":[[[[-119.40711344909815,49.89271736482061],[-119.407068341587,49.89214925933318],[-119.40772392594418,49.89215815424745],[-119.40878143201564,49.89217044789818],[-119.40996594446604,49.892180861113545],[-119.41016118329794,49.89218257904258],[-119.41027075681683,49.892183559034144],[-119.41108774151128,49.89218764431293],[-119.41128754058525,49.892188054820544],[-119.41255675495484,49.89217694395684],[-119.4125736317119,49.892572650023],[-119.4126148315549,49.892674437867775],[-119.41277732848192,49.893068051503725],[-119.41282712963985,49.893313962988195],[-119.41282314209806,49.893670441628366],[-119.41280365160814,49.89474729651564],[-119.4127960367114,49.89516983006551],[-119.41279211792433,49.89538533290834],[-119.41110134533923,49.895382751733266],[-119.40994355994775,49.89538163556581],[-119.40942866235092,49.89538115685278],[-119.40873374619933,49.89538255482961],[-119.40712714130801,49.895377743028234],[-119.40711344909815,49.89271736482061]]]]}},{"type":"Feature","properties":{"DGUID":"2021S051259350242","DAUID":"59350242","LANDAREA":0.6375,"PRUID":"59","fed_num":"59016","da_code":"59350242","geo_name":"59350242","name_source":{"label":"Statistics Canada Census Profile 2021 DA WDS","url":"https://www12.statcan.gc.ca/wds-sdw/2021profile-profil2021-eng.cfm"},"population":651,"status":"ok","source":{"label":"Statistics Canada Census Profile 2021 DA WDS","url":"https://www12.statcan.gc.ca/wds-sdw/2021profile-profil2021-eng.cfm"},"community_name":"Kelowna","community_source":{"label":"Statistics Canada 2021 census subdivision boundaries (spatial lookup)","url":"https://geo.statcan.gc.ca/geo_wa/rest/services/2021/Cartographic_boundary_files/MapServer/9"},"community_display":"Kelowna","is_unorganized":false,"panel_title":"Kelowna","display_label":"Kelowna","map_label":"59350242"},"geometry":{"type":"MultiPolygon","coordinates":[[[[-119.39796994566284,49.89618745786575],[-119.3979457273496,49.89536964542793],[-119.3993110257845,49.895370856397726],[-119.40000916901451,49.89537336010198],[-119.40098038101257,49.89537688157506],[-119.40190243081294,49.895377352522715],[-119.40268188276356,49.89537773925468],[-119.40369447505549,49.89537825011826],[-119.40542546910523,49.89537979568349],[-119.4055922360136,49.895379919865896],[-119.40712714130801,49.895377743028234],[-119.40873374619933,49.89538255482961],[-119.40942866235092,49.89538115685278],[-119.40994355994775,49.89538163556581],[-119.41110134533923,49.895382751733266],[-119.41279211792433,49.89538533290834],[-119.41353018115387,49.89538467767845],[-119.41422877873669,49.89538617847977],[-119.41442707819905,49.89538729075592],[-119.4140928951234,49.89574642129956],[-119.41239336675129,49.897575543061336],[-119.40923206873664,49.90097743750807],[-119.40895689128322,49.901276006181895],[-119.40876608391243,49.90125185177237],[-119.40825309431132,49.9011938137289],[-119.4067657460671,49.901184442300895],[-119.4066096633283,49.90118404794393],[-119.40602440749875,49.90118264294078],[-119.40409963379425,49.901177948361415],[-119.40321237377871,49.90117831807765],[-119.40234663002119,49.90117864582201],[-119.40227499551436,49.901177569102344],[-119.40098301986737,49.901173962387965],[-119.40031545944662,49.901173182641095],[-119.40000889655357,49.90117283060012],[-119.39830102801668,49.901170859180986],[-119.39826113112605,49.900837956005816],[-119.39793852829673,49.90009234613488],[-119.3979393159438,49.89999500586289],[-119.39795327432554,49.89824934034677],[-119.3979634215948,49.89698545952594],[-119.39796994566284,49.89618745786575]]]]}},{"type":"Feature","properties":{"DGUID":"2021S051259350247","DAUID":"59350247","LANDAREA":0.2876,"PRUID":"59","fed_num":"59016","da_code":"59350247","geo_name":"59350247","name_source":{"label":"Statistics Canada Census Profile 2021 DA WDS","url":"https://www12.statcan.gc.ca/wds-sdw/2021profile-profil2021-eng.cfm"},"population":1665,"status":"ok","source":{"label":"Statistics Canada Census Profile 2021 DA WDS","url":"https://www12.statcan.gc.ca/wds-sdw/2021profile-profil2021-eng.cfm"},"community_name":"Kelowna","community_source":{"label":"Statistics Canada 2021 census subdivision boundaries (spatial lookup)","url":"https://geo.statcan.gc.ca/geo_wa/rest/services/2021/Cartographic_boundary_files/MapServer/9"},"community_display":"Kelowna","is_unorganized":false,"panel_title":"Kelowna","display_label":"Kelowna","map_label":"59350247"},"geometry":{"type":"MultiPolygon","coordinates":[[[[-119.47437762685016,49.8578292748324],[-119.47438601668004,49.85742770009811],[-119.47581480769897,49.857591688106446],[-119.47624741726882,49.85761301529404],[-119.47723558435688,49.85763594549062],[-119.47777810882559,49.8576503157861],[-119.47917980404449,49.857661803625206],[-119.48159570439363,49.857660715133655],[-119.48251024336957,49.85766112244819],[-119.48357196948645,49.85765770718084],[-119.48540108090009,49.85765852332762],[-119.48540121771569,49.85848930880595],[-119.48540044462615,49.85885914792723],[-119.48539995740917,49.85908524587409],[-119.48539915585832,49.85935427653655],[-119.48539802973981,49.85974126704474],[-119.4853971786647,49.86003840811515],[-119.48539663106847,49.86022001060892],[-119.48539660447871,49.86022842718577],[-119.4853961023909,49.86040041443168],[-119.48539607580089,49.860408831013864],[-119.48539457998038,49.860913597687905],[-119.48421851010907,49.86090569021818],[-119.48357696883733,49.86089991633388],[-119.48083842573664,49.86088089292136],[-119.47993339798651,49.86088114875447],[-119.47812917564741,49.860881620059956],[-119.47677154845645,49.86088227299183],[-119.47611804599485,49.86088256343669],[-119.47568520106287,49.86088277023313],[-119.47431382355502,49.860882964780544],[-119.4743385028775,49.85970223752935],[-119.47434676014616,49.859306295911026],[-119.47434762527246,49.8592652185881],[-119.4743717942221,49.85810805606802],[-119.47437762685016,49.8578292748324]]]]}},{"type":"Feature","properties":{"DGUID":"2021S051259350250","DAUID":"59350250","LANDAREA":0.2261,"PRUID":"59","fed_num":"59016","da_code":"59350250","geo_name":"59350250","name_source":{"label":"Statistics Canada Census Profile 2021 DA WDS","url":"https://www12.statcan.gc.ca/wds-sdw/2021profile-profil2021-eng.cfm"},"population":1330,"status":"ok","source":{"label":"Statistics Canada Census Profile 2021 DA WDS","url":"https://www12.statcan.gc.ca/wds-sdw/2021profile-profil2021-eng.cfm"},"community_name":"Kelowna","community_source":{"label":"Statistics Canada 2021 census subdivision boundaries (spatial lookup)","url":"https://geo.statcan.gc.ca/geo_wa/rest/services/2021/Cartographic_boundary_files/MapServer/9"},"community_display":"Kelowna","is_unorganized":false,"panel_title":"Kelowna","display_label":"Kelowna","map_label":"59350250"},"geometry":{"type":"MultiPolygon","coordinates":[[[[-119.39791881105995,49.894966153705916],[-119.39779234093429,49.89448885857226],[-119.39830181429882,49.89445467101708],[-119.39841730252668,49.89440026627345],[-119.39851941464336,49.8937425593048],[-119.39853774868249,49.89216776242817],[-119.40000682841364,49.89216452728398],[-119.40073061941207,49.89216295880596],[-119.40109231144912,49.89216213393195],[-119.40235851359412,49.8921593515276],[-119.4053664120934,49.892140382386586],[-119.4058933032798,49.89213706170662],[-119.407068341587,49.89214925933318],[-119.40711344909815,49.89271736482061],[-119.40712714130801,49.895377743028234],[-119.4055922360136,49.895379919865896],[-119.40542546910523,49.89537979568349],[-119.40369447505549,49.89537825011826],[-119.40268188276356,49.89537773925468],[-119.40190243081294,49.895377352522715],[-119.40098038101257,49.89537688157506],[-119.40000916901451,49.89537336010198],[-119.3993110257845,49.895370856397726],[-119.3979457273496,49.89536964542793],[-119.39791881105995,49.894966153705916]]]]}},{"type":"Feature","properties":{"DGUID":"2021S051259350253","DAUID":"59350253","LANDAREA":0.2649,"PRUID":"59","fed_num":"59016","da_code":"59350253","geo_name":"59350253","name_source":{"label":"Statistics Canada Census Profile 2021 DA WDS","url":"https://www12.statcan.gc.ca/wds-sdw/2021profile-profil2021-eng.cfm"},"population":1144,"status":"ok","source":{"label":"Statistics Canada Census Profile 2021 DA WDS","url":"https://www12.statcan.gc.ca/wds-sdw/2021profile-profil2021-eng.cfm"},"community_name":"Kelowna","community_source":{"label":"Statistics Canada 2021 census subdivision boundaries (spatial lookup)","url":"https://geo.statcan.gc.ca/geo_wa/rest/services/2021/Cartographic_boundary_files/MapServer/9"},"community_display":"Kelowna","is_unorganized":false,"panel_title":"Kelowna","display_label":"Kelowna","map_label":"59350253"},"geometry":{"type":"MultiPolygon","coordinates":[[[[-119.44619542132774,49.90902893947049],[-119.44654140033867,49.90849883223797],[-119.44683817657996,49.90858813233701],[-119.44772599709523,49.908855217500104],[-119.4485148681337,49.908960836885655],[-119.44881364026882,49.909000822521136],[-119.44918885420518,49.909035957478494],[-119.44934293144563,49.909080863814395],[-119.44951563245102,49.90913119352211],[-119.44997830801147,49.90926603420136],[-119.45036696885474,49.909379292036114],[-119.45054829684582,49.909430790350854],[-119.4504145508672,49.90962826457408],[-119.4502617902348,49.909853694146896],[-119.44976859545362,49.91058166371867],[-119.4491555273415,49.911486559700904],[-119.44802957591389,49.91309196354633],[-119.4478351656517,49.913369092854474],[-119.44726396470153,49.91418341479896],[-119.4460343146941,49.915936427557995],[-119.44588959911108,49.91589251594011],[-119.44559566088716,49.91580944830298],[-119.44524602003196,49.915710593965805],[-119.44512695825865,49.915676936044434],[-119.44495703853764,49.915628912339265],[-119.44441493492873,49.91547567693025],[-119.44385407905774,49.915317138147955],[-119.44349131322359,49.91521419368579],[-119.4428129561336,49.915021696363745],[-119.440469966839,49.91432936026329],[-119.44068493388595,49.91423474445095],[-119.44231040357198,49.91351963207704],[-119.44287640275878,49.913219442201516],[-119.44317658674765,49.9129891365649],[-119.44335801846098,49.91279682838897],[-119.44364007178287,49.91230630571678],[-119.4438223211752,49.91198942684644],[-119.44407906096268,49.9113493660465],[-119.44412298940027,49.91123983024728],[-119.4445704123748,49.91057863411088],[-119.44472037116334,49.91040834069114],[-119.44498809781929,49.910104332078255],[-119.44544037312485,49.90971958160442],[-119.4455665529439,49.9096122658143],[-119.44589749130243,49.90933073747656],[-119.44619542132774,49.90902893947049]]]]}},{"type":"Feature","properties":{"DGUID":"2021S051259350254","DAUID":"59350254","LANDAREA":0.3037,"PRUID":"59","fed_num":"59016","da_code":"59350254","geo_name":"59350254","name_source":{"label":"Statistics Canada Census Profile 2021 DA WDS","url":"https://www12.statcan.gc.ca/wds-sdw/2021profile-profil2021-eng.cfm"},"population":1918,"status":"ok","source":{"label":"Statistics Canada Census Profile 2021 DA WDS","url":"https://www12.statcan.gc.ca/wds-sdw/2021profile-profil2021-eng.cfm"},"community_name":"Kelowna","community_source":{"label":"Statistics Canada 2021 census subdivision boundaries (spatial lookup)","url":"https://geo.statcan.gc.ca/geo_wa/rest/services/2021/Cartographic_boundary_files/MapServer/9"},"community_display":"Kelowna","is_unorganized":false,"panel_title":"Kelowna","display_label":"Kelowna","map_label":"59350254"},"geometry":{"type":"MultiPolygon","coordinates":[[[[-119.45085393331317,49.90138513983433],[-119.45090232573473,49.9011261321739],[-119.45329084884563,49.90115366694637],[-119.45382122851325,49.90113848447172],[-119.45406351849643,49.90117831903679],[-119.45385598115871,49.90193760353254],[-119.45385374039297,49.90194588638284],[-119.45357545610092,49.902963969575644],[-119.45355720121903,49.90303075670901],[-119.45326839291496,49.90418230931341],[-119.4532367853327,49.90430830998999],[-119.45271839292714,49.90590359247273],[-119.45268102615735,49.90597660689868],[-119.45225400767738,49.906810420992386],[-119.4520520972435,49.907204655414425],[-119.45172324397093,49.907691505715036],[-119.45153940014974,49.90796367415986],[-119.45136843946469,49.90821676372035],[-119.45093437833533,49.908859259095074],[-119.45064313737561,49.90929045539901],[-119.45054829684582,49.909430790350854],[-119.45036696885474,49.909379292036114],[-119.44997830801147,49.90926603420136],[-119.44951563245102,49.90913119352211],[-119.44934293144563,49.909080863814395],[-119.44918885420518,49.909035957478494],[-119.44881364026882,49.909000822521136],[-119.4485148681337,49.908960836885655],[-119.44772599709523,49.908855217500104],[-119.44683817657996,49.90858813233701],[-119.44654140033867,49.90849883223797],[-119.44660578256895,49.90840121443953],[-119.44709912223607,49.9076527524089],[-119.44736386694977,49.90726389722504],[-119.44757756935113,49.906949980754185],[-119.44771167832273,49.90655167219845],[-119.44769461590298,49.906232795633684],[-119.44759777693606,49.90595336924674],[-119.44724979735442,49.90535908301211],[-119.44714479487598,49.90506832378241],[-119.44711594479448,49.90468551580315],[-119.44724571007498,49.904230053794116],[-119.44768843395772,49.903619962392],[-119.44803764660091,49.9032616265771],[-119.44835941706216,49.90308904869316],[-119.44874186720284,49.902883949376395],[-119.44939710445713,49.902555737101885],[-119.44948648170714,49.902498159454666],[-119.45032582599106,49.90195762817078],[-119.45065973758604,49.901666936611456],[-119.45085393331317,49.90138513983433]]]]}},{"type":"Feature","properties":{"DGUID":"2021S051259350276","DAUID":"59350276","LANDAREA":6.8893,"PRUID":"59","fed_num":"59016","da_code":"59350276","geo_name":"59350276","name_source":{"label":"Statistics Canada Census Profile 2021 DA WDS","url":"https://www12.statcan.gc.ca/wds-sdw/2021profile-profil2021-eng.cfm"},"population":1136,"status":"ok","source":{"label":"Statistics Canada Census Profile 2021 DA WDS","url":"https://www12.statcan.gc.ca/wds-sdw/2021profile-profil2021-eng.cfm"},"community_name":"Kelowna","community_source":{"label":"Statistics Canada 2021 census subdivision boundaries (spatial lookup)","url":"https://geo.statcan.gc.ca/geo_wa/rest/services/2021/Cartographic_boundary_files/MapServer/9"},"community_display":"Kelowna","is_unorganized":false,"panel_title":"Kelowna","display_label":"Kelowna","map_label":"59350276"},"geometry":{"type":"MultiPolygon","coordinates":[[[[-119.35986278638404,49.920124170076505],[-119.35384426919201,49.92016812698576],[-119.35377956645675,49.92019196492405],[-119.35341138043005,49.92023347869329],[-119.35297335527397,49.920282900170285],[-119.35292962907135,49.92010320790126],[-119.35247536169926,49.919247837268834],[-119.35210736799854,49.91855489443307],[-119.35186208665586,49.91809294892016],[-119.35185537371402,49.91805960777942],[-119.346505919395,49.91806582568385],[-119.33584087477624,49.918077358693935],[-119.33126693558273,49.91808191971413],[-119.33133038338492,49.91675647916603],[-119.33149356995774,49.913347854075326],[-119.3315945816331,49.91123801751126],[-119.33163932813567,49.91030283883669],[-119.33163962854874,49.91028878613617],[-119.33167550068947,49.90867662103173],[-119.33164125484045,49.90765316635763],[-119.33149062300816,49.90315049415585],[-119.33143913556967,49.90161170752276],[-119.33139275091682,49.900300009560986],[-119.3309993056617,49.889171268788985],[-119.33091419344859,49.88676194415929],[-119.33085073365635,49.88500186975939],[-119.33281792567028,49.88557241171465],[-119.3361736819192,49.88657058349486],[-119.34004197472066,49.88772099476724],[-119.34349971772417,49.88874913480909],[-119.34514625125158,49.88861180433009],[-119.34538277928408,49.88888723133157],[-119.34539613621405,49.88889696079515],[-119.34580346151355,49.88919374200906],[-119.34597818061803,49.88938501113111],[-119.3460143766025,49.88947512546419],[-119.3461770879255,49.88988033678537],[-119.34629558567651,49.88997786453793],[-119.34652403333347,49.89002158061648],[-119.34664431954099,49.89007858567916],[-119.3466645127804,49.890101463019064],[-119.3471396458912,49.890638422929776],[-119.34803970731197,49.891655612238296],[-119.34806103575633,49.89179690297836],[-119.3480496399336,49.89191308876579],[-119.3480235559818,49.89217845637108],[-119.3476716667246,49.89348918611621],[-119.34762208220644,49.89389620021256],[-119.34746807801167,49.894425113481056],[-119.34759176010661,49.894554564646405],[-119.34777951482224,49.89457053040187],[-119.34792280662842,49.89448893503223],[-119.34803438621324,49.894085249942094],[-119.34810328952338,49.89383610426891],[-119.34822353634897,49.893624852775964],[-119.34838799927101,49.89346508474648],[-119.34931445852277,49.892853160954154],[-119.34965939773572,49.89270164022731],[-119.34973231537828,49.8926845721756],[-119.35014073673965,49.89258881190972],[-119.3510296598485,49.89238040805019],[-119.35160146136478,49.89224635238848],[-119.35242663577733,49.89217556655294],[-119.35270843287196,49.892102391393855],[-119.3528035012403,49.89205788730009],[-119.3529647889373,49.89198244142465],[-119.35305340760382,49.89194096560489],[-119.3533444466129,49.8919099082452],[-119.35363900804944,49.89193141658668],[-119.35443419482499,49.89205659402826],[-119.35470603352884,49.892138146487646],[-119.35489232211995,49.892221717128315],[-119.35503901501998,49.89236613336723],[-119.35558996503343,49.893429223635906],[-119.35567630168676,49.893466083913104],[-119.3556886470424,49.893471374607884],[-119.35579588482601,49.89346434119632],[-119.35588557954578,49.89341470808403],[-119.35600386874872,49.89308230782582],[-119.35613361200234,49.892988155516655],[-119.35630102296389,49.89294232806776],[-119.35652683283111,49.89295607552109],[-119.35804754382242,49.89345497042853],[-119.35836110251142,49.89348034466672],[-119.35871944144608,49.89344795095502],[-119.35916119370346,49.89336100651957],[-119.3587988689751,49.89301747233277],[-119.35877524145343,49.8929211939729],[-119.35872164917957,49.892702964678655],[-119.35874180106775,49.892478483387755],[-119.35887376886194,49.89233220113049],[-119.35891178834125,49.89229007319116],[-119.35941789529463,49.892016390367175],[-119.36008297549733,49.891656776092965],[-119.36058768145159,49.891338879911025],[-119.3611764134378,49.89087748436204],[-119.3620108390551,49.89022354538604],[-119.36204218206903,49.890198960061035],[-119.36241213165107,49.890048123666645],[-119.36250278367994,49.89001116712034],[-119.36266691424453,49.8899861709734],[-119.36277858777956,49.889969175675624],[-119.36338758499615,49.89000978159338],[-119.3636426939937,49.88998556613272],[-119.36432836338737,49.889691270022084],[-119.3642989818177,49.88998927598928],[-119.36433398446286,49.89168935132658],[-119.3642961669816,49.897146533490975],[-119.361090747467,49.896391845831566],[-119.35915181609711,49.89561491376962],[-119.3586522450676,49.89650099906858],[-119.35856085560093,49.89731100330931],[-119.3584875608439,49.89750704272991],[-119.3582681183648,49.89773754853676],[-119.35749399993293,49.89834976715098],[-119.35744772933052,49.89843726977293],[-119.35755937999738,49.89858222982122],[-119.35861111747187,49.89922146908068],[-119.35879687150107,49.8993953570186],[-119.35875857872246,49.89960072358226],[-119.35653613924693,49.90308268810679],[-119.3562885430773,49.90456143247249],[-119.35624188954377,49.90468078231685],[-119.35622165237166,49.90473256821679],[-119.35595999255632,49.90489726503116],[-119.35492442708754,49.90519193948779],[-119.35480873348133,49.90524723857686],[-119.35467413873728,49.90540339944336],[-119.35458432822224,49.9064320296154],[-119.35485582967593,49.906574089753434],[-119.35599229549375,49.907438855522166],[-119.3566112139465,49.90779709858423],[-119.35767111542913,49.908218269777926],[-119.35791650198327,49.90828170224765],[-119.35844320372955,49.90841781763122],[-119.3594746408842,49.90858346844332],[-119.36062710757744,49.908619176947646],[-119.3613421073996,49.908557869539614],[-119.3619459643793,49.9084148198774],[-119.36209949227963,49.908541552309785],[-119.36230228245374,49.908589083134956],[-119.36395625953769,49.90832018197476],[-119.36414435816066,49.90836320199088],[-119.36424482554166,49.90848942179508],[-119.36419031090787,49.90937298258503],[-119.36419718525649,49.91215946115546],[-119.364185538491,49.913965889183395],[-119.36418118098274,49.914642078890374],[-119.36417209575652,49.91553116862417],[-119.3640275757881,49.91569757291537],[-119.36319458781048,49.916117468081175],[-119.36311477758913,49.91618487784819],[-119.36304628798011,49.916338762019855],[-119.36342867181027,49.91806346740288],[-119.36341277696799,49.91884455904243],[-119.36339711147392,49.91898063448601],[-119.36334879919697,49.91939975660044],[-119.36337239766232,49.91957367234342],[-119.36347509029646,49.91973257013713],[-119.3637438077255,49.919961976129905],[-119.36389060976519,49.92002958070263],[-119.36420990594478,49.920026378725794],[-119.36420842965383,49.920127057870836],[-119.35986278638404,49.920124170076505]]]]}},{"type":"Feature","properties":{"DGUID":"2021S051259350277","DAUID":"59350277","LANDAREA":2.14,"PRUID":"59","fed_num":"59016","da_code":"59350277","geo_name":"59350277","name_source":{"label":"Statistics Canada Census Profile 2021 DA WDS","url":"https://www12.statcan.gc.ca/wds-sdw/2021profile-profil2021-eng.cfm"},"population":728,"status":"ok","source":{"label":"Statistics Canada Census Profile 2021 DA WDS","url":"https://www12.statcan.gc.ca/wds-sdw/2021profile-profil2021-eng.cfm"},"community_name":"Kelowna","community_source":{"label":"Statistics Canada 2021 census subdivision boundaries (spatial lookup)","url":"https://geo.statcan.gc.ca/geo_wa/rest/services/2021/Cartographic_boundary_files/MapServer/9"},"community_display":"Kelowna","is_unorganized":false,"panel_title":"Kelowna","display_label":"Kelowna","map_label":"59350277"},"geometry":{"type":"MultiPolygon","coordinates":[[[[-119.36341277696799,49.91884455904243],[-119.36342867181027,49.91806346740288],[-119.36304628798011,49.916338762019855],[-119.36311477758913,49.91618487784819],[-119.36319458781048,49.916117468081175],[-119.3640275757881,49.91569757291537],[-119.36417209575652,49.91553116862417],[-119.36418118098274,49.914642078890374],[-119.364185538491,49.913965889183395],[-119.36419718525649,49.91215946115546],[-119.36419031090787,49.90937298258503],[-119.36424482554166,49.90848942179508],[-119.36414435816066,49.90836320199088],[-119.36395625953769,49.90832018197476],[-119.36230228245374,49.908589083134956],[-119.36209949227963,49.908541552309785],[-119.3619459643793,49.9084148198774],[-119.3613421073996,49.908557869539614],[-119.36062710757744,49.908619176947646],[-119.3594746408842,49.90858346844332],[-119.35844320372955,49.90841781763122],[-119.35791650198327,49.90828170224765],[-119.35767111542913,49.908218269777926],[-119.3566112139465,49.90779709858423],[-119.35599229549375,49.907438855522166],[-119.35485582967593,49.906574089753434],[-119.35458432822224,49.9064320296154],[-119.35467413873728,49.90540339944336],[-119.35480873348133,49.90524723857686],[-119.35492442708754,49.90519193948779],[-119.35595999255632,49.90489726503116],[-119.35622165237166,49.90473256821679],[-119.35624188954377,49.90468078231685],[-119.3562885430773,49.90456143247249],[-119.35653613924693,49.90308268810679],[-119.35875857872246,49.89960072358226],[-119.35879687150107,49.8993953570186],[-119.35861111747187,49.89922146908068],[-119.35755937999738,49.89858222982122],[-119.35744772933052,49.89843726977293],[-119.35749399993293,49.89834976715098],[-119.3582681183648,49.89773754853676],[-119.3584875608439,49.89750704272991],[-119.35856085560093,49.89731100330931],[-119.3586522450676,49.89650099906858],[-119.35915181609711,49.89561491376962],[-119.361090747467,49.896391845831566],[-119.3642961669816,49.897146533490975],[-119.36482659340558,49.897074896463025],[-119.36639782002779,49.89665099987763],[-119.36685880561114,49.896528173896456],[-119.36706185702585,49.89650619373227],[-119.3672151051837,49.896529035806424],[-119.36733417539497,49.89660399334823],[-119.36758729781923,49.897170276141665],[-119.36761035749548,49.8971877295019],[-119.36850280573815,49.89786257085048],[-119.36865795178129,49.89789131901306],[-119.3687927317908,49.8979162880226],[-119.36905019658967,49.89790482478331],[-119.36969084492667,49.89767097030336],[-119.37046406955442,49.89759235017778],[-119.37061510783141,49.89754805841298],[-119.3707166516764,49.897518267016316],[-119.37088075080548,49.89742798209087],[-119.37108182044118,49.89723696962749],[-119.37116768143181,49.89703085436432],[-119.37118938424709,49.89683347774012],[-119.37099234840545,49.8963139711835],[-119.37099322271646,49.89625971766279],[-119.37099532217387,49.896129929054375],[-119.37112149787022,49.895983131708974],[-119.37118021955897,49.895964204307354],[-119.3714470386174,49.89587826368432],[-119.37165813014224,49.89587337739619],[-119.37247082466033,49.89585458445516],[-119.37268660537903,49.89588934634513],[-119.37291762958013,49.89601173774454],[-119.37316527505635,49.89629859165646],[-119.37358103997346,49.89707341110426],[-119.37381673024586,49.897670140170085],[-119.37389681342235,49.89787285553602],[-119.3740184078064,49.89797868194648],[-119.3741798577923,49.898021894640706],[-119.37465696796494,49.898028242485694],[-119.37510220733135,49.89803205488659],[-119.37590369022985,49.89803887396833],[-119.37700229348529,49.89804855099022],[-119.37702724806587,49.8998788655867],[-119.37702760790609,49.900002477594406],[-119.37703264850998,49.90176669172727],[-119.3759405085377,49.901750146793695],[-119.37592115658441,49.90218158151765],[-119.37593250562827,49.90220059646752],[-119.37615604586573,49.902576017088414],[-119.37621932334132,49.90279479469792],[-119.37621912482075,49.90368164647123],[-119.37702882641129,49.90368916171101],[-119.37777300786206,49.90364756171431],[-119.37776461069102,49.90454294619262],[-119.37774409524755,49.90541597015378],[-119.37542445449944,49.90541381484931],[-119.373529921784,49.90541205322506],[-119.3732098923766,49.905411762200075],[-119.37277812277851,49.905411339666664],[-119.37244375513754,49.90541103389395],[-119.36992320116622,49.905408572934135],[-119.36991422465393,49.90680493691649],[-119.36991223871463,49.907119729942764],[-119.36989921388255,49.90915056932222],[-119.36987669589033,49.91358347255569],[-119.3698644307077,49.91813886853394],[-119.36756518471091,49.91812583627409],[-119.3662417660728,49.91811832336351],[-119.36528418915938,49.91811287732175],[-119.3649727891159,49.91816716149582],[-119.36485449234083,49.918230369086764],[-119.36431537188014,49.91881176149033],[-119.36422588076965,49.919042080600825],[-119.36419260401924,49.91927126557781],[-119.36420990594478,49.920026378725794],[-119.36389060976519,49.92002958070263],[-119.3637438077255,49.919961976129905],[-119.36347509029646,49.91973257013713],[-119.36337239766232,49.91957367234342],[-119.36334879919697,49.91939975660044],[-119.36339711147392,49.91898063448601],[-119.36341277696799,49.91884455904243]]]]}},{"type":"Feature","properties":{"DGUID":"2021S051259350344","DAUID":"59350344","LANDAREA":0.1591,"PRUID":"59","fed_num":"59016","da_code":"59350344","geo_name":"59350344","name_source":{"label":"Statistics Canada Census Profile 2021 DA WDS","url":"https://www12.statcan.gc.ca/wds-sdw/2021profile-profil2021-eng.cfm"},"population":406,"status":"ok","source":{"label":"Statistics Canada Census Profile 2021 DA WDS","url":"https://www12.statcan.gc.ca/wds-sdw/2021profile-profil2021-eng.cfm"},"community_name":"Kelowna","community_source":{"label":"Statistics Canada 2021 census subdivision boundaries (spatial lookup)","url":"https://geo.statcan.gc.ca/geo_wa/rest/services/2021/Cartographic_boundary_files/MapServer/9"},"community_display":"Kelowna","is_unorganized":false,"panel_title":"Kelowna","display_label":"Kelowna","map_label":"59350344"},"geometry":{"type":"MultiPolygon","coordinates":[[[[-119.36380894302525,49.97313836093934],[-119.36328003971798,49.969163597614774],[-119.3632475949702,49.96845672751145],[-119.36437588349669,49.96845495167927],[-119.36497086985602,49.96845495913111],[-119.36570867788858,49.96864684249431],[-119.36574958711698,49.968646307839805],[-119.36617157131633,49.96864064400312],[-119.36717395573592,49.968484880993955],[-119.36771857253159,49.968400258955384],[-119.36925609316269,49.968416652600226],[-119.36978719106001,49.969595757693675],[-119.37012319059853,49.97042244933097],[-119.36646526627263,49.970852866167476],[-119.36635941636735,49.97088871440581],[-119.36626194762647,49.97092175569074],[-119.3661242461161,49.97103085593164],[-119.36600828531635,49.971231443899974],[-119.36600588791116,49.97208374567027],[-119.36600376457632,49.9721757207628],[-119.36599469294232,49.97257210225832],[-119.36597799396766,49.973300493595616],[-119.36516920658646,49.973155971582614],[-119.36380894302525,49.97313836093934]]]]}},{"type":"Feature","properties":{"DGUID":"2021S051259350348","DAUID":"59350348","LANDAREA":3.254,"PRUID":"59","fed_num":"59016","da_code":"59350348","geo_name":"59350348","name_source":{"label":"Statistics Canada Census Profile 2021 DA WDS","url":"https://www12.statcan.gc.ca/wds-sdw/2021profile-profil2021-eng.cfm"},"population":791,"status":"ok","source":{"label":"Statistics Canada Census Profile 2021 DA WDS","url":"https://www12.statcan.gc.ca/wds-sdw/2021profile-profil2021-eng.cfm"},"community_name":"Kelowna","community_source":{"label":"Statistics Canada 2021 census subdivision boundaries (spatial lookup)","url":"https://geo.statcan.gc.ca/geo_wa/rest/services/2021/Cartographic_boundary_files/MapServer/9"},"community_display":"Kelowna","is_unorganized":false,"panel_title":"Kelowna","display_label":"Kelowna","map_label":"59350348"},"geometry":{"type":"MultiPolygon","coordinates":[[[[-119.36730833314776,49.888717527202466],[-119.36604850146345,49.889029863672356],[-119.3652556017902,49.88933474304805],[-119.36432836338737,49.889691270022084],[-119.3636426939937,49.88998556613272],[-119.36338758499615,49.89000978159338],[-119.36277858777956,49.889969175675624],[-119.36266691424453,49.8899861709734],[-119.36250278367994,49.89001116712034],[-119.36241213165107,49.890048123666645],[-119.36204218206903,49.890198960061035],[-119.3620108390551,49.89022354538604],[-119.3611764134378,49.89087748436204],[-119.36058768145159,49.891338879911025],[-119.36008297549733,49.891656776092965],[-119.35941789529463,49.892016390367175],[-119.35891178834125,49.89229007319116],[-119.35887376886194,49.89233220113049],[-119.35874180106775,49.892478483387755],[-119.35872164917957,49.892702964678655],[-119.35877524145343,49.8929211939729],[-119.3587988689751,49.89301747233277],[-119.35916119370346,49.89336100651957],[-119.35871944144608,49.89344795095502],[-119.35836110251142,49.89348034466672],[-119.35804754382242,49.89345497042853],[-119.35652683283111,49.89295607552109],[-119.35630102296389,49.89294232806776],[-119.35613361200234,49.892988155516655],[-119.35600386874872,49.89308230782582],[-119.35588557954578,49.89341470808403],[-119.35579588482601,49.89346434119632],[-119.3556886470424,49.893471374607884],[-119.35567630168676,49.893466083913104],[-119.35558996503343,49.893429223635906],[-119.35503901501998,49.89236613336723],[-119.35489232211995,49.892221717128315],[-119.35470603352884,49.892138146487646],[-119.35443419482499,49.89205659402826],[-119.35363900804944,49.89193141658668],[-119.3533444466129,49.8919099082452],[-119.35305340760382,49.89194096560489],[-119.3529647889373,49.89198244142465],[-119.3528035012403,49.89205788730009],[-119.35270843287196,49.892102391393855],[-119.35242663577733,49.89217556655294],[-119.35160146136478,49.89224635238848],[-119.3510296598485,49.89238040805019],[-119.35014073673965,49.89258881190972],[-119.34973231537828,49.8926845721756],[-119.34965939773572,49.89270164022731],[-119.34931445852277,49.892853160954154],[-119.34838799927101,49.89346508474648],[-119.34822353634897,49.893624852775964],[-119.34810328952338,49.89383610426891],[-119.34803438621324,49.894085249942094],[-119.34792280662842,49.89448893503223],[-119.34777951482224,49.89457053040187],[-119.34759176010661,49.894554564646405],[-119.34746807801167,49.894425113481056],[-119.34762208220644,49.89389620021256],[-119.3476716667246,49.89348918611621],[-119.3480235559818,49.89217845637108],[-119.3480496399336,49.89191308876579],[-119.34806103575633,49.89179690297836],[-119.34803970731197,49.891655612238296],[-119.3471396458912,49.890638422929776],[-119.3466645127804,49.890101463019064],[-119.34664431954099,49.89007858567916],[-119.34652403333347,49.89002158061648],[-119.34629558567651,49.88997786453793],[-119.3461770879255,49.88988033678537],[-119.3460143766025,49.88947512546419],[-119.34597818061803,49.88938501113111],[-119.34580346151355,49.88919374200906],[-119.34539613621405,49.88889696079515],[-119.34538277928408,49.88888723133157],[-119.34514625125158,49.88861180433009],[-119.34349971772417,49.88874913480909],[-119.34004197472066,49.88772099476724],[-119.3361736819192,49.88657058349486],[-119.33281792567028,49.88557241171465],[-119.33085073365635,49.88500186975939],[-119.33157056182036,49.88482748361802],[-119.33367128271415,49.884321837814895],[-119.33566789743671,49.88383504547604],[-119.3377732632464,49.88332168572014],[-119.3401063570541,49.882752697256485],[-119.3402744636585,49.88270969265874],[-119.34068730116827,49.88264896278106],[-119.34067996678996,49.882605682941424],[-119.34225064617978,49.882195150129114],[-119.34234759833099,49.882169505070365],[-119.34237361633481,49.8821673739915],[-119.3424660103789,49.88213823356235],[-119.34291707963342,49.88201899189493],[-119.34298410633953,49.882001267211514],[-119.34746619901468,49.88084641812396],[-119.34752806319193,49.880837833586284],[-119.34817192430914,49.880748614855165],[-119.35979598628585,49.87766807219509],[-119.36143126334309,49.87603313160814],[-119.3625438751422,49.874263593021446],[-119.36419775739203,49.872096176509665],[-119.36487475827995,49.872724364393896],[-119.36492832657429,49.87281772372272],[-119.36501966163863,49.872977081167704],[-119.36502126713368,49.87315777661097],[-119.36485216364076,49.87414816731439],[-119.36484821973802,49.87429131993474],[-119.36482505404223,49.87513186601673],[-119.3647526829484,49.875917773280854],[-119.36475373875433,49.875997189381046],[-119.36479719704388,49.8791953713072],[-119.3647548939624,49.880370471640916],[-119.36478566401895,49.8804752608746],[-119.36487885218277,49.88054596933481],[-119.36603575819572,49.879613779881],[-119.36680008223611,49.87896025865326],[-119.3669898009038,49.878712568228686],[-119.36710290083049,49.87832837317098],[-119.367044184336,49.87718506030264],[-119.36727707216048,49.87716846077653],[-119.3674081891793,49.878074175525285],[-119.36761118617034,49.87828247138193],[-119.36775630556888,49.87834427496603],[-119.36779669473863,49.8783614665955],[-119.3679966858031,49.87835107280785],[-119.36812598448182,49.87825866641687],[-119.36815548013227,49.87786394745982],[-119.36824817257539,49.87777385688325],[-119.36855879029835,49.87768434304213],[-119.36882435538173,49.87799032801785],[-119.37036598278767,49.87976655569226],[-119.37197699448637,49.8815415037176],[-119.37221123172532,49.8817995588743],[-119.37247350415595,49.88209095241151],[-119.37275011811292,49.882418406255894],[-119.37318679861863,49.88294255602578],[-119.37365272929202,49.88365989847382],[-119.37393330455733,49.884306435183206],[-119.37409289366714,49.88486251141351],[-119.37419168591647,49.88542769572561],[-119.37453328186739,49.88738189310187],[-119.37474687964315,49.88786447321289],[-119.37462667501553,49.887970071482876],[-119.37473191168276,49.88852556567243],[-119.37483792406775,49.88877878768018],[-119.37499647827896,49.889157567846766],[-119.37473930389342,49.889247780131335],[-119.37441487538926,49.8893615689746],[-119.37379016076427,49.889644280678716],[-119.37376718575548,49.889654680801314],[-119.37282397915735,49.89001916428289],[-119.37246796775713,49.890198965796486],[-119.37172390190422,49.89068396487023],[-119.37033237031648,49.89179618870413],[-119.37021138065471,49.891666996],[-119.37020259315283,49.89150659089349],[-119.37040277085279,49.890802467380546],[-119.37040780430338,49.88923856460568],[-119.3703360663638,49.889126766007465],[-119.36995272451229,49.888792253365416],[-119.36978658304417,49.888647261602195],[-119.36946788762316,49.888542052743915],[-119.36801817625843,49.88860307734493],[-119.36735046466546,49.88870706621606],[-119.36730833314776,49.888717527202466]]]]}},{"type":"Feature","properties":{"DGUID":"2021S051259350349","DAUID":"59350349","LANDAREA":0.3698,"PRUID":"59","fed_num":"59016","da_code":"59350349","geo_name":"59350349","name_source":{"label":"Statistics Canada Census Profile 2021 DA WDS","url":"https://www12.statcan.gc.ca/wds-sdw/2021profile-profil2021-eng.cfm"},"population":662,"status":"ok","source":{"label":"Statistics Canada Census Profile 2021 DA WDS","url":"https://www12.statcan.gc.ca/wds-sdw/2021profile-profil2021-eng.cfm"},"community_name":"Kelowna","community_source":{"label":"Statistics Canada 2021 census subdivision boundaries (spatial lookup)","url":"https://geo.statcan.gc.ca/geo_wa/rest/services/2021/Cartographic_boundary_files/MapServer/9"},"community_display":"Kelowna","is_unorganized":false,"panel_title":"Kelowna","display_label":"Kelowna","map_label":"59350349"},"geometry":{"type":"MultiPolygon","coordinates":[[[[-119.36479719704388,49.8791953713072],[-119.36475373875433,49.875997189381046],[-119.3647526829484,49.875917773280854],[-119.36482505404223,49.87513186601673],[-119.36484821973802,49.87429131993474],[-119.36485216364076,49.87414816731439],[-119.36502126713368,49.87315777661097],[-119.36501966163863,49.872977081167704],[-119.36492832657429,49.87281772372272],[-119.36487475827995,49.872724364393896],[-119.36419775739203,49.872096176509665],[-119.36390667302324,49.87156007698293],[-119.35937663247023,49.86976893950294],[-119.35934343203716,49.86966945323426],[-119.35903265076662,49.8687383987562],[-119.35918274861929,49.86874529921404],[-119.36036837251729,49.868799679493016],[-119.3618690459242,49.8688684625902],[-119.36306180265065,49.86892744065376],[-119.36411150057427,49.86898008079604],[-119.36459149999423,49.869004162022996],[-119.36522890078224,49.869088047097264],[-119.36586411933949,49.86923505213332],[-119.36639692727469,49.86943266680833],[-119.36698418745661,49.8697456553924],[-119.3674665861903,49.8701271602877],[-119.36778186783779,49.87047597083913],[-119.36794671333747,49.87073193265982],[-119.36799617908176,49.87080877447743],[-119.36831687899205,49.871535356516766],[-119.36850664210661,49.87196526521814],[-119.36878227534925,49.87258965701346],[-119.36886150949846,49.872819441804864],[-119.36895626470006,49.87309427073743],[-119.36904479413732,49.87351327821995],[-119.36905315714237,49.87387217859184],[-119.36905929811373,49.87413466615257],[-119.36891060440986,49.8749655590958],[-119.3685268102244,49.875827115467914],[-119.36842957914138,49.87604535597484],[-119.36831658868435,49.87650545197378],[-119.36831970662348,49.8769165574376],[-119.36855879029835,49.87768434304213],[-119.36824817257539,49.87777385688325],[-119.36815548013227,49.87786394745982],[-119.36812598448182,49.87825866641687],[-119.3679966858031,49.87835107280785],[-119.36779669473863,49.8783614665955],[-119.36775630556888,49.87834427496603],[-119.36761118617034,49.87828247138193],[-119.3674081891793,49.878074175525285],[-119.36727707216048,49.87716846077653],[-119.367044184336,49.87718506030264],[-119.36710290083049,49.87832837317098],[-119.3669898009038,49.878712568228686],[-119.36680008223611,49.87896025865326],[-119.36603575819572,49.879613779881],[-119.36487885218277,49.88054596933481],[-119.36478566401895,49.8804752608746],[-119.3647548939624,49.880370471640916],[-119.36479719704388,49.8791953713072]]]]}},{"type":"Feature","properties":{"DGUID":"2021S051259350350","DAUID":"59350350","LANDAREA":0.4869,"PRUID":"59","fed_num":"59016","da_code":"59350350","geo_name":"59350350","name_source":{"label":"Statistics Canada Census Profile 2021 DA WDS","url":"https://www12.statcan.gc.ca/wds-sdw/2021profile-profil2021-eng.cfm"},"population":1395,"status":"ok","source":{"label":"Statistics Canada Census Profile 2021 DA WDS","url":"https://www12.statcan.gc.ca/wds-sdw/2021profile-profil2021-eng.cfm"},"community_name":"Kelowna","community_source":{"label":"Statistics Canada 2021 census subdivision boundaries (spatial lookup)","url":"https://geo.statcan.gc.ca/geo_wa/rest/services/2021/Cartographic_boundary_files/MapServer/9"},"community_display":"Kelowna","is_unorganized":false,"panel_title":"Kelowna","display_label":"Kelowna","map_label":"59350350"},"geometry":{"type":"MultiPolygon","coordinates":[[[[-119.34932667528132,49.8713267809815],[-119.34897371059812,49.87044181436939],[-119.34861641275855,49.869490685618345],[-119.349609414094,49.86926215667722],[-119.34982665148343,49.869257319002635],[-119.34987905718194,49.86883060975955],[-119.34992222219816,49.86848640375153],[-119.34993528333857,49.86839688734538],[-119.34994353565831,49.86831158554973],[-119.35053234490863,49.86833724108995],[-119.35088877429068,49.86835277986791],[-119.35096789051155,49.86835621553664],[-119.35151405402306,49.86852018994335],[-119.35247416247746,49.868872164663465],[-119.35283765777352,49.86889876048221],[-119.35445963472011,49.86881146904482],[-119.35460270403543,49.868837386916255],[-119.35505304621441,49.86891897119574],[-119.35527343737039,49.868911591200806],[-119.35525890638682,49.86881948310999],[-119.35521267137507,49.86854210199726],[-119.3556868873394,49.86856644352857],[-119.3561246727635,49.86858895769152],[-119.35758556412107,49.86866404265683],[-119.35903265076662,49.8687383987562],[-119.35934343203716,49.86966945323426],[-119.35937663247023,49.86976893950294],[-119.36390667302324,49.87156007698293],[-119.36419775739203,49.872096176509665],[-119.3625438751422,49.874263593021446],[-119.35913462325365,49.874230858482925],[-119.35847062256916,49.87409044247184],[-119.3571213522032,49.873579687623184],[-119.35685830058743,49.873603017851664],[-119.35611764813065,49.87361827076734],[-119.35600546573393,49.873608827648866],[-119.35590642096084,49.873592317636565],[-119.35580125360856,49.87356230641504],[-119.35569569276709,49.873534881663446],[-119.35559088315327,49.87350229443886],[-119.35549474921442,49.87349379997406],[-119.35536049300012,49.873496130344165],[-119.35517865772795,49.87351917147373],[-119.35465376287613,49.87361311313611],[-119.35449274773816,49.87363216028285],[-119.35429744680849,49.873636025524],[-119.35416471491628,49.873627937756744],[-119.35402110464781,49.87361131406933],[-119.35391075229927,49.87358886367359],[-119.35376938232707,49.87355667156552],[-119.35305850328486,49.87325633676465],[-119.35292155065821,49.873221777222746],[-119.35252082543694,49.87319752539116],[-119.35231446214391,49.87308477371372],[-119.35209256481612,49.872958374580136],[-119.3519863588386,49.872757787245476],[-119.35175904971531,49.87187227547875],[-119.34967596359247,49.87220879086013],[-119.34932667528132,49.8713267809815]]]]}},{"type":"Feature","properties":{"DGUID":"2021S051259350351","DAUID":"59350351","LANDAREA":4.3523,"PRUID":"59","fed_num":"59016","da_code":"59350351","geo_name":"59350351","name_source":{"label":"Statistics Canada Census Profile 2021 DA WDS","url":"https://www12.statcan.gc.ca/wds-sdw/2021profile-profil2021-eng.cfm"},"population":2259,"status":"ok","source":{"label":"Statistics Canada Census Profile 2021 DA WDS","url":"https://www12.statcan.gc.ca/wds-sdw/2021profile-profil2021-eng.cfm"},"community_name":"Kelowna","community_source":{"label":"Statistics Canada 2021 census subdivision boundaries (spatial lookup)","url":"https://geo.statcan.gc.ca/geo_wa/rest/services/2021/Cartographic_boundary_files/MapServer/9"},"community_display":"Kelowna","is_unorganized":false,"panel_title":"Kelowna","display_label":"Kelowna","map_label":"59350351"},"geometry":{"type":"MultiPolygon","coordinates":[[[[-119.45177156992581,49.92842320968647],[-119.45150489827644,49.92434073290838],[-119.4616273622938,49.918273542820856],[-119.46190809973791,49.918314732801576],[-119.46203153878923,49.918389822399355],[-119.46210145660378,49.918506887309604],[-119.46206014399985,49.91906789755502],[-119.46218704598748,49.91932379494873],[-119.4624072756282,49.91951396395672],[-119.46272758660483,49.91964959366771],[-119.46306288839294,49.919716648594395],[-119.46346841988382,49.91979775058157],[-119.46385482471783,49.91983349383302],[-119.46424162004779,49.919817783894615],[-119.46458079312255,49.91977305182961],[-119.46465651534206,49.91975318312334],[-119.46513581557818,49.91962743754229],[-119.4655860478789,49.91956805584011],[-119.46591840755558,49.91952419174028],[-119.46652543547704,49.91944411743023],[-119.4673232709155,49.919174874607926],[-119.46790812475379,49.918899175414786],[-119.46906022327607,49.918294391452015],[-119.46948394199403,49.91816712190576],[-119.46979856856625,49.91811817687886],[-119.47016435293614,49.91812199290045],[-119.47055744406117,49.91820866240501],[-119.47125891310779,49.91849439768901],[-119.4716089366878,49.91855949085885],[-119.47194691577783,49.91856250248585],[-119.47223812361989,49.91853033102473],[-119.4725932292484,49.918443125377266],[-119.4729470560024,49.918247544788116],[-119.47306542788753,49.91812367730808],[-119.47362522849474,49.917534044779224],[-119.4742074336637,49.91689522585769],[-119.47452086602085,49.91655182816841],[-119.47472935245604,49.916218417305316],[-119.47480796792877,49.91576710593325],[-119.47481355279064,49.91401831860624],[-119.47603564381969,49.914007308668914],[-119.47601384246721,49.91551634666489],[-119.47599475990826,49.91683391118626],[-119.47597045203828,49.916938750729884],[-119.47590345357031,49.91722763049984],[-119.47558516371197,49.91749751225295],[-119.47565456233141,49.91756941791601],[-119.47572737398272,49.91775431607993],[-119.4756516724185,49.91849841938124],[-119.47608324331867,49.91856031477953],[-119.47624786122181,49.91861161976788],[-119.47629520099852,49.918667996064066],[-119.47632851808338,49.91884838034536],[-119.47634512241105,49.919303107476026],[-119.47634572537997,49.919319576116216],[-119.47637413663733,49.923769688986134],[-119.4764253659746,49.924255174407755],[-119.47658516060585,49.92576995861818],[-119.47722044490926,49.92882166471172],[-119.48024142179835,49.951320347711395],[-119.4809296599996,49.953307691069746],[-119.4807923227851,49.95433227426202],[-119.48079033681111,49.95434716151695],[-119.48077442589543,49.95446598232606],[-119.48075821304568,49.95458671208953],[-119.48074412121699,49.954691945895334],[-119.48069514672501,49.955057162684106],[-119.48056681533677,49.95601437966973],[-119.48056614571368,49.95601963801382],[-119.480338134771,49.957720114051575],[-119.46490930690393,49.95195793448506],[-119.46283131382026,49.951220624600595],[-119.45905465373194,49.94984388614142],[-119.4539258693732,49.94797385096833],[-119.45291223209114,49.94755633289506],[-119.45034025952774,49.931131629818154],[-119.45177156992581,49.92842320968647]]]]}},{"type":"Feature","properties":{"DGUID":"2021S051259350352","DAUID":"59350352","LANDAREA":2.5179,"PRUID":"59","fed_num":"59016","da_code":"59350352","geo_name":"59350352","name_source":{"label":"Statistics Canada Census Profile 2021 DA WDS","url":"https://www12.statcan.gc.ca/wds-sdw/2021profile-profil2021-eng.cfm"},"population":1004,"status":"ok","source":{"label":"Statistics Canada Census Profile 2021 DA WDS","url":"https://www12.statcan.gc.ca/wds-sdw/2021profile-profil2021-eng.cfm"},"community_name":"Kelowna","community_source":{"label":"Statistics Canada 2021 census subdivision boundaries (spatial lookup)","url":"https://geo.statcan.gc.ca/geo_wa/rest/services/2021/Cartographic_boundary_files/MapServer/9"},"community_display":"Kelowna","is_unorganized":false,"panel_title":"Kelowna","display_label":"Kelowna","map_label":"59350352"},"geometry":{"type":"MultiPolygon","coordinates":[[[[-119.46979856856625,49.91811817687886],[-119.46948394199403,49.91816712190576],[-119.46906022327607,49.918294391452015],[-119.46790812475379,49.918899175414786],[-119.4673232709155,49.919174874607926],[-119.46652543547704,49.91944411743023],[-119.46591840755558,49.91952419174028],[-119.4655860478789,49.91956805584011],[-119.46513581557818,49.91962743754229],[-119.46465651534206,49.91975318312334],[-119.46458079312255,49.91977305182961],[-119.46424162004779,49.919817783894615],[-119.46385482471783,49.91983349383302],[-119.46346841988382,49.91979775058157],[-119.46306288839294,49.919716648594395],[-119.46272758660483,49.91964959366771],[-119.4624072756282,49.91951396395672],[-119.46218704598748,49.91932379494873],[-119.46206014399985,49.91906789755502],[-119.46210145660378,49.918506887309604],[-119.46203153878923,49.918389822399355],[-119.46190809973791,49.918314732801576],[-119.4616273622938,49.918273542820856],[-119.45150489827644,49.92434073290838],[-119.44760402941017,49.92411603615121],[-119.44779950033066,49.92297962789447],[-119.44800896639227,49.92214661543597],[-119.44805175187427,49.921976399932525],[-119.44811748352473,49.92171493108044],[-119.44830883427619,49.920953916534955],[-119.4498340278167,49.91848799580954],[-119.45018871335552,49.91786223551449],[-119.4503389299821,49.917583768615835],[-119.45444875804226,49.912489770142884],[-119.45446176141462,49.91248471648298],[-119.45959504532293,49.91048749768476],[-119.46328164302813,49.909642318671644],[-119.46348139985776,49.90966010387631],[-119.46466887814891,49.90976591348249],[-119.4662025765456,49.90979441532251],[-119.46610589611936,49.909522216969485],[-119.46611850414821,49.9076980137297],[-119.46602485234912,49.907201227051736],[-119.4659954338019,49.907092477889655],[-119.4658722523612,49.9066367445752],[-119.46561385669375,49.90619596576292],[-119.46520410113254,49.905738923650624],[-119.46387406938616,49.90472927673994],[-119.46363849188981,49.90445496225972],[-119.46352667086131,49.904324712119816],[-119.46341208354353,49.90403223220738],[-119.4634094791431,49.90402559725388],[-119.4633629470724,49.90390677445187],[-119.4634209241336,49.90390016331246],[-119.46370222671173,49.9038681413615],[-119.46409180006015,49.90382377418466],[-119.46438227482882,49.903790681243834],[-119.46488620053057,49.90373331038531],[-119.46543716784223,49.90369387395946],[-119.46559255414857,49.90368276777092],[-119.46602734710685,49.90365164745807],[-119.46679603534945,49.90360368920219],[-119.46699463802896,49.903546636544256],[-119.46709779406552,49.90351698474915],[-119.46736423206958,49.90339386338562],[-119.46759311301062,49.90323053459732],[-119.46769218384382,49.903114636129935],[-119.4677627056456,49.90303208240263],[-119.46786125277814,49.9028320819897],[-119.46789597660378,49.90267382512771],[-119.4679297048084,49.90252012746149],[-119.46801261559054,49.90236074287423],[-119.46816613955897,49.902186614729224],[-119.46836523509181,49.902035975250556],[-119.46856358186292,49.90192953488564],[-119.46873482635824,49.90186421634976],[-119.46916534250954,49.90170001355447],[-119.46981457653182,49.90116813079106],[-119.46997695258148,49.9010785038813],[-119.47019046549781,49.90100277289224],[-119.47046348756213,49.90096039095223],[-119.47065186855936,49.90096260623878],[-119.47089178850135,49.9009660971375],[-119.47115400663758,49.90100887744847],[-119.47145384931562,49.90114056287254],[-119.47201410462569,49.901493690464804],[-119.47202389932525,49.901509792193615],[-119.47227780724243,49.90192664669667],[-119.47245950002689,49.901882510110724],[-119.47374417653393,49.90157041158382],[-119.47390976093294,49.90153018491916],[-119.47420503600885,49.901518005382535],[-119.47432870686394,49.90153717315469],[-119.47472727042647,49.90159892725575],[-119.47496394261059,49.901635569680295],[-119.47495195435945,49.901797399376164],[-119.47502544846897,49.901899317478865],[-119.4751534183725,49.90197197105699],[-119.47563399112104,49.902140507331836],[-119.47570577193714,49.90216569294502],[-119.47583384786816,49.90224737724918],[-119.47591965215649,49.90236086602519],[-119.4761599109512,49.90319241848268],[-119.47631643251474,49.903348969923954],[-119.47575592521262,49.912021856856384],[-119.47603564381969,49.914007308668914],[-119.47481355279064,49.91401831860624],[-119.47480796792877,49.91576710593325],[-119.47472935245604,49.916218417305316],[-119.47452086602085,49.91655182816841],[-119.4742074336637,49.91689522585769],[-119.47362522849474,49.917534044779224],[-119.47306542788753,49.91812367730808],[-119.4729470560024,49.918247544788116],[-119.4725932292484,49.918443125377266],[-119.47223812361989,49.91853033102473],[-119.47194691577783,49.91856250248585],[-119.4716089366878,49.91855949085885],[-119.47125891310779,49.91849439768901],[-119.47055744406117,49.91820866240501],[-119.47016435293614,49.91812199290045],[-119.46979856856625,49.91811817687886]]]]}},{"type":"Feature","properties":{"DGUID":"2021S051259350382","DAUID":"59350382","LANDAREA":13.7159,"PRUID":"59","fed_num":"59016","da_code":"59350382","geo_name":"59350382","name_source":{"label":"Statistics Canada Census Profile 2021 DA WDS","url":"https://www12.statcan.gc.ca/wds-sdw/2021profile-profil2021-eng.cfm"},"population":351,"status":"ok","source":{"label":"Statistics Canada Census Profile 2021 DA WDS","url":"https://www12.statcan.gc.ca/wds-sdw/2021profile-profil2021-eng.cfm"},"community_name":"Kelowna","community_source":{"label":"Statistics Canada 2021 census subdivision boundaries (spatial lookup)","url":"https://geo.statcan.gc.ca/geo_wa/rest/services/2021/Cartographic_boundary_files/MapServer/9"},"community_display":"Kelowna","is_unorganized":false,"panel_title":"Kelowna","display_label":"Kelowna","map_label":"59350382"},"geometry":{"type":"MultiPolygon","coordinates":[[[[-119.39542639385962,50.02321333763345],[-119.3954290427885,50.02218250034976],[-119.3954386923574,50.02191296288626],[-119.39226133744803,50.021875048301204],[-119.39200757258274,50.02186090368969],[-119.3920117093315,50.0225753163149],[-119.39202401833093,50.024721066392374],[-119.39117954771646,50.0247392973346],[-119.38531093063283,50.024865880419455],[-119.38535902323311,50.02008960611344],[-119.38368781679962,50.02006457298072],[-119.37465890092119,50.019993120282884],[-119.37501870181791,50.01747923311545],[-119.37514260296183,50.01677062893617],[-119.37533898984032,50.01078071815079],[-119.37542114414843,50.00803222495564],[-119.37553095421148,50.0050525648383],[-119.37553982864392,50.00483204654991],[-119.37578649517766,50.0000625564365],[-119.37580689100706,49.99966810742575],[-119.37583607402634,49.996251521922616],[-119.37585585956128,49.993935469508784],[-119.37580341552349,49.99092218327739],[-119.37564689212347,49.98192669957727],[-119.37565019141644,49.98102122244921],[-119.37583115274744,49.97706631420147],[-119.36656931552082,49.977329167547154],[-119.36597799396766,49.973300493595616],[-119.36599469294232,49.97257210225832],[-119.36600376457632,49.9721757207628],[-119.36600588791116,49.97208374567027],[-119.36600828531635,49.971231443899974],[-119.3661242461161,49.97103085593164],[-119.36626194762647,49.97092175569074],[-119.36635941636735,49.97088871440581],[-119.36646526627263,49.970852866167476],[-119.37012319059853,49.97042244933097],[-119.37278199470536,49.970433236943286],[-119.37301931680638,49.970434196028066],[-119.37556278774227,49.9704444327142],[-119.37547907766924,49.96735115878553],[-119.37563083897045,49.964898475941396],[-119.37591514352958,49.96030437872074],[-119.37373221098548,49.96032128165526],[-119.37117772457503,49.960340984839895],[-119.36887755598535,49.96035867064746],[-119.36881014369494,49.955137355513344],[-119.36879652526906,49.9541259726049],[-119.36878367822182,49.95317282410587],[-119.36875202916009,49.950826269537274],[-119.36871762148542,49.948271562474],[-119.36871019973081,49.94771955958284],[-119.36870428851397,49.94728243621339],[-119.36869133175063,49.94631986150217],[-119.36868293991007,49.94569717189711],[-119.36863622636301,49.94527805206109],[-119.36858800979763,49.94517796447393],[-119.36938288583211,49.94516164011049],[-119.36933672820784,49.94467815986157],[-119.36836465100176,49.94471460962979],[-119.36791625805444,49.94378406022644],[-119.36706193397144,49.942876062299426],[-119.36620323158576,49.94185686167481],[-119.36612784523247,49.9417673667958],[-119.36605534976273,49.941701540793034],[-119.36587203389708,49.94153505353898],[-119.36563001588762,49.94137137012523],[-119.3653613178655,49.941255151965365],[-119.36524076286157,49.94120301364865],[-119.36474564389557,49.94098890387316],[-119.36469838211401,49.94096845523831],[-119.3646980668864,49.94096832198677],[-119.36465863003315,49.94095124963043],[-119.36440012743093,49.940785661292864],[-119.3642231373873,49.94058887214693],[-119.3641112168994,49.94033917726771],[-119.364107194528,49.939954351672064],[-119.3641066198207,49.93989995662916],[-119.36884594597436,49.939963468541166],[-119.36894161104897,49.93996387689991],[-119.36934637431924,49.939965597866085],[-119.37575894091168,49.93999273428634],[-119.37581325962492,49.93999296177258],[-119.37753703893809,49.94000165432339],[-119.37799764315429,49.93562747248731],[-119.37548339406837,49.93539879244027],[-119.37552311538356,49.931268865713605],[-119.38207292039574,49.93120403358866],[-119.38241845572274,49.92906834818407],[-119.37914119067348,49.9292153538225],[-119.37124674617527,49.92945791380158],[-119.37076749181912,49.9235713284444],[-119.37026016911804,49.923572569451345],[-119.37024787340175,49.923018371028924],[-119.37088864713027,49.922999903893526],[-119.37141074935711,49.922952236010346],[-119.37196976341443,49.92263592407438],[-119.37221988004501,49.92234701476685],[-119.3722064504455,49.9218389992469],[-119.36418610663583,49.92166960839278],[-119.36419098151163,49.92133373952114],[-119.36420842965383,49.920127057870836],[-119.36420990594478,49.920026378725794],[-119.36419260401924,49.91927126557781],[-119.36422588076965,49.919042080600825],[-119.36431537188014,49.91881176149033],[-119.36485449234083,49.918230369086764],[-119.3649727891159,49.91816716149582],[-119.36528418915938,49.91811287732175],[-119.3662417660728,49.91811832336351],[-119.36756518471091,49.91812583627409],[-119.3698644307077,49.91813886853394],[-119.36987669589033,49.91358347255569],[-119.36989921388255,49.90915056932222],[-119.37282188424042,49.90915550439499],[-119.37831023222738,49.90916458196214],[-119.37861677933539,49.909165080768105],[-119.37965582876852,49.909166767352794],[-119.38109679591707,49.9091695109394],[-119.38400912153493,49.90917501348721],[-119.38462752932972,49.9091761503282],[-119.38677030790296,49.909179457803155],[-119.38676180626486,49.910057658912834],[-119.38675949275571,49.910444111584304],[-119.38675586312876,49.911047390337494],[-119.38675211775038,49.911668336396296],[-119.3867467759422,49.91255883327737],[-119.38674020522605,49.91364796323942],[-119.38674705003024,49.91453349727509],[-119.38675185996607,49.914619341255964],[-119.38673048535628,49.91479042053798],[-119.3867044731472,49.914874667446156],[-119.38666840939445,49.914957340780916],[-119.38662251410169,49.91503794901509],[-119.38656706025708,49.91511601321178],[-119.38650239057152,49.91519109042578],[-119.38642888677114,49.91526266929237],[-119.38634701427938,49.91533035545042],[-119.38625727477115,49.915393743730355],[-119.38639734470769,49.9154539011886],[-119.38654133907966,49.91551007737491],[-119.3866889594954,49.91556216250131],[-119.38677739961332,49.915590216180355],[-119.38678670886176,49.91576503555847],[-119.3867570405164,49.917829968413685],[-119.38668042232864,49.91813714205857],[-119.38748559745935,49.91814884635715],[-119.38759436746659,49.9181509067918],[-119.3876695499638,49.918151995431955],[-119.38778971536401,49.91815369539208],[-119.38778458018966,49.918162069525096],[-119.38712128890351,49.91924300775378],[-119.38693570038627,49.91960655682796],[-119.38678261622451,49.92003528474373],[-119.38674182014775,49.920281578808876],[-119.38670353549935,49.92051275715297],[-119.3866967270897,49.92191198425058],[-119.38669237543029,49.92280678838524],[-119.38669223119425,49.9228157468813],[-119.38667285629735,49.924425748361564],[-119.3864842583659,49.92442425803412],[-119.38648308364458,49.92511252420356],[-119.38647646579993,49.92910443071995],[-119.38656107375655,49.929100898945705],[-119.38665378915401,49.92909707950214],[-119.3866519634683,49.92972640717795],[-119.38669714517006,49.930427216308985],[-119.38690633403252,49.931009708905826],[-119.38711145130254,49.93131200277815],[-119.38737145566922,49.93161218784792],[-119.38790407855376,49.93201918145614],[-119.38835212912477,49.93229198308379],[-119.38878195593885,49.93255369228702],[-119.3889109145474,49.93263223029271],[-119.38952610145128,49.933006772228936],[-119.39022558842298,49.93353671547806],[-119.3906224477836,49.93401221720575],[-119.39091827515861,49.934644175034435],[-119.39097897525595,49.93504064903766],[-119.39101525876076,49.93527766591382],[-119.39090125036218,49.936092560225944],[-119.39086141970645,49.93617644646274],[-119.3898638196912,49.938277571846214],[-119.38883121541059,49.940342538118614],[-119.3885158481581,49.94097324860323],[-119.388494045643,49.94101680370239],[-119.38798736183413,49.9420210624429],[-119.38767829171842,49.94264775958905],[-119.38717046781149,49.943677534462196],[-119.38685748276578,49.94458062917735],[-119.38672969397777,49.94526823384093],[-119.38661917199511,49.94654893076646],[-119.38654923759873,49.947359626270284],[-119.38648617303,49.94882507019082],[-119.38650709214566,49.951688076928505],[-119.38650693215313,49.952026691473534],[-119.3864981036858,49.952405457671766],[-119.3864450368634,49.95431308609501],[-119.38637362002464,49.954785556396494],[-119.3862810291233,49.95511673170665],[-119.3862047988144,49.95538941951983],[-119.38489383948503,49.958710986130264],[-119.38464974748548,49.95951437760871],[-119.38454217443541,49.96012012055482],[-119.38453611251357,49.96192616222823],[-119.38453498416403,49.96226413537909],[-119.38452751234247,49.964492446827286],[-119.38452690594407,49.96467681018393],[-119.38461191790647,49.96637513153224],[-119.38476785543382,49.967228872836294],[-119.38507225660156,49.968506100646536],[-119.38576957718341,49.97033623078704],[-119.38661073029313,49.972034117295095],[-119.38728676328387,49.973115325577346],[-119.38749646947616,49.973358228064996],[-119.38788180936905,49.9739149284228],[-119.38844885754965,49.97473412263761],[-119.38892463380593,49.97534352126909],[-119.38927008251618,49.975733739503866],[-119.38934445129718,49.97581771381765],[-119.39009241070735,49.97651694600261],[-119.3904638243559,49.97686413291828],[-119.39137293595857,49.97764958117256],[-119.39232607093552,49.97847306729501],[-119.39359129922822,49.979566083955845],[-119.39374145153799,49.97969581543046],[-119.39436438770028,49.98023396384073],[-119.3951068638516,49.98095589673651],[-119.39523568290907,49.981081164368895],[-119.39594578712253,49.98197258736569],[-119.39666309392993,49.982873033073886],[-119.40001596757749,49.98792342257329],[-119.40376678818599,49.993571779758575],[-119.40413416205983,49.99432259003264],[-119.40432155058956,49.994933457040865],[-119.4044068767569,49.995562550051936],[-119.40439946057316,49.996135484341],[-119.40430520451685,49.99673750197477],[-119.40415792022043,49.99729930539468],[-119.40412108753753,49.99739248077903],[-119.40393396573093,49.99738716019506],[-119.40370731039248,49.997380721714435],[-119.40374409530921,49.99739933139528],[-119.40374378544784,49.99743737168768],[-119.40359589810663,49.99739513870831],[-119.40357456857853,49.99741910378527],[-119.40355372470493,49.997428750501406],[-119.40345210068365,49.99737335947334],[-119.40341755148691,49.99742836040235],[-119.40337914346266,49.99748246581991],[-119.40312292235909,49.997650571709556],[-119.40294392455245,49.99773457372129],[-119.40269995737091,49.997865567182956],[-119.40239795908288,49.9979794784813],[-119.40230413949806,49.99802648655932],[-119.40198874849584,49.99816898343845],[-119.40166262931143,49.99832847882516],[-119.40131853198825,49.99844237152949],[-119.40107343842097,49.99852927058093],[-119.40097745092397,49.99857626915733],[-119.40075692782936,49.99863468720291],[-119.40047112799115,49.99877569014716],[-119.40019734179683,49.99886258326454],[-119.40011383203264,49.998882487646874],[-119.40000423546681,49.99891947871206],[-119.39982485591968,49.99898648666958],[-119.39971595473071,49.99904337981961],[-119.39959812317875,49.999188682914756],[-119.39955065651588,49.999352479353],[-119.39948452293098,49.99944358418653],[-119.39937896202203,49.99954478517961],[-119.39912104183449,49.999694263716],[-119.39882043416195,49.99981677589799],[-119.3986555516416,49.99989227222385],[-119.39854664642083,49.99994916426313],[-119.39845442592446,49.99999847359489],[-119.39845332278925,49.99999908618777],[-119.39827603259165,50.000080265250176],[-119.39808684908238,50.000236874772305],[-119.39795281737459,50.000347972632454],[-119.39791443570176,50.000402065660964],[-119.39789094921434,50.000474785849995],[-119.39788792338575,50.00069118271505],[-119.39790404131708,50.000753868536584],[-119.39792305513627,50.000843583952815],[-119.39792682597704,50.00095039349228],[-119.3979458371821,50.00104016659266],[-119.39795153555583,50.001129871405745],[-119.39797433822108,50.00131929053239],[-119.39799175024872,50.0013904814303],[-119.39801074777586,50.001480173622035],[-119.39808224470022,50.00151438014249],[-119.39822424966823,50.001574282595534],[-119.3983107432562,50.00162688741518],[-119.39850022263255,50.001812083290794],[-119.39854752497016,50.00192748692742],[-119.39856745402236,50.002008579936216],[-119.39858794324375,50.00215247687829],[-119.39859104348625,50.002232162901834],[-119.39859705208191,50.00233188780674],[-119.39860185831226,50.002430181425474],[-119.39859132625949,50.00249288053636],[-119.39855645913921,50.00262957578643],[-119.39850692792578,50.00276487241814],[-119.39854073906926,50.00290866510238],[-119.39856204634548,50.00305118282341],[-119.39860855551814,50.0031322847522],[-119.39865475070106,50.00320348214929],[-119.39879082756056,50.0034242694023],[-119.39890734224201,50.00352107786848],[-119.39903713488306,50.003617965212804],[-119.39918274331194,50.00373187117896],[-119.39927333594332,50.00385577158175],[-119.39933104840563,50.003908485197684],[-119.39940276580579,50.0039426837836],[-119.39947592701489,50.003995369374174],[-119.39981923313641,50.004186166217785],[-119.39986446545517,50.00426597344754],[-119.39992525273396,50.00434577782288],[-119.40000195322072,50.0044881604872],[-119.40001824009269,50.00451517913008],[-119.40004886212068,50.004586470937205],[-119.40006497085879,50.00464907622027],[-119.40008313340338,50.0047117799428],[-119.40010055053429,50.00478297130777],[-119.40011654772832,50.00484566670137],[-119.40016447651769,50.00493537964707],[-119.40019574186014,50.005033691299694],[-119.40019984236187,50.00510487234332],[-119.40003074641409,50.005063573936],[-119.40000156308597,50.00504647460726],[-119.39991623411852,50.00500226946531],[-119.39977234801722,50.0049068799142],[-119.39972693116671,50.00486277438508],[-119.39970925881349,50.00478157568496],[-119.3997027375955,50.00466478890066],[-119.39969654020126,50.00451237227426],[-119.39958193849257,50.00447958399406],[-119.39940063882145,50.00448248102701],[-119.39921974285772,50.00449528407659],[-119.39908185562524,50.00450666783022],[-119.39884633997508,50.00453948629662],[-119.39866615794975,50.004579286455765],[-119.39851575165564,50.00461777398979],[-119.39841943629739,50.00464767930116],[-119.39827934655965,50.004659064366116],[-119.39801554304958,50.00467326447418],[-119.39780474987032,50.00464196689995],[-119.39758105671729,50.00462777510206],[-119.39739685011058,50.00459637028154],[-119.39706103300409,50.00456648653478],[-119.39678143193622,50.00456368759581],[-119.3965143508462,50.00453378357502],[-119.39624692574274,50.004493869808755],[-119.3960370291661,50.00445397999846],[-119.39581002994467,50.00439557963954],[-119.39549883225095,50.00433007068815],[-119.39525944307988,50.0042631740447],[-119.39511713658187,50.00419338559447],[-119.39498813043122,50.004123584635245],[-119.39492614934008,50.00403527398733],[-119.39485183591046,50.00393836555152],[-119.39471874014612,50.003797383342345],[-119.39456273523389,50.003710570608206],[-119.39450413730864,50.003666385052945],[-119.3944308405714,50.00361368146503],[-119.39424774546696,50.003545387549806],[-119.39403534644521,50.00349547613535],[-119.39390830813564,50.00345417358653],[-119.39380662801376,50.00341148361633],[-119.39362354037507,50.00334307333584],[-119.39353601461067,50.00329898051417],[-119.3934499482492,50.00325618568657],[-119.39310093647391,50.003219172969246],[-119.39298621351084,50.00319357336528],[-119.39285893981615,50.003142285706254],[-119.39266073358456,50.0030838862144],[-119.39242162815394,50.00303408548628],[-119.39211120932211,50.00299557677638],[-119.3919429240141,50.00298137987115],[-119.39183213485711,50.00297417725795],[-119.39173213015937,50.002949988475905],[-119.39164893319457,50.00293437156601],[-119.39153652532588,50.00290867796061],[-119.3914377016533,50.00289308403415],[-119.3912823369655,50.0028688759904],[-119.39114192417101,50.00286319338246],[-119.39101732010411,50.002874588219846],[-119.39091952333403,50.002850281106475],[-119.39092971859147,50.00277768900731],[-119.39095441610684,50.00271358845123],[-119.39094873282419,50.002623882741226],[-119.3908445081597,50.00248288272793],[-119.39065922796121,50.002414469426405],[-119.39051763913915,50.002371788020696],[-119.39033199409337,50.002286385131605],[-119.39017511701094,50.00220798139496],[-119.39001700153341,50.00212108494561],[-119.38989972740592,50.0020256928703],[-119.38978251577157,50.00190179530066],[-119.38966530484568,50.00177789764516],[-119.38961963168154,50.001716685504974],[-119.38953101459394,50.001628382804654],[-119.38938910601405,50.001568584869275],[-119.38917723434972,50.001500192133044],[-119.3890198093635,50.00144038404318],[-119.38886211450067,50.001363473293374],[-119.38870590965578,50.00131219142565],[-119.38846730987144,50.00127228948936],[-119.3882432956309,50.001240995901156],[-119.38814448276904,50.001225283513385],[-119.38807381265627,50.00118969024702],[-119.38789991838941,50.001085678482745],[-119.38771280335249,50.000946181690395],[-119.38758118662528,50.00085929146803],[-119.38746540256577,50.00074388769345],[-119.38737310985717,50.00060149623639],[-119.38733650945052,50.000423496535426],[-119.38730111154648,50.00026107203308],[-119.38727708952294,50.00005598241691],[-119.3872743055421,49.999998475493385],[-119.387275288971,49.99999849513399],[-119.38736661965117,49.99960308621924],[-119.38739631437787,49.99938669131475],[-119.38741520666368,49.99918018670611],[-119.38744739433255,49.99898080036047],[-119.38747941197013,49.99880989402541],[-119.38751298249959,49.99861188529612],[-119.38753259215933,49.99843958929086],[-119.38756419416127,49.99825869603307],[-119.38759920852468,49.998114787285374],[-119.38766172020281,49.99796959340928],[-119.3877379935157,49.99780578941139],[-119.38780011419111,49.99764338717422],[-119.38784831065752,49.99750668673876],[-119.38799218344762,49.99730588591037],[-119.38808347507462,49.99716058618735],[-119.38817049348293,49.996986879580305],[-119.38826178376665,49.99684157985365],[-119.38840561588279,49.996640789698745],[-119.38845921598464,49.996576691251704],[-119.38864498504276,49.996411496808804],[-119.38883058122781,49.99620068436285],[-119.38887152216303,49.996160547750016],[-119.3886156709241,49.99620136721206],[-119.3854863773223,49.99670043264575],[-119.38523089885149,49.99853802225296],[-119.38433935115688,50.004949482426056],[-119.3842949647167,50.00573568199083],[-119.38729673932428,50.005875330336174],[-119.3897464125043,50.00598927212129],[-119.39012708846136,50.00600699273611],[-119.39048122463693,50.00602346749935],[-119.39075685302623,50.006402068612616],[-119.39163593496555,50.0075844565467],[-119.39128575401577,50.007871791532885],[-119.39145861541033,50.00808989957023],[-119.39164654402724,50.00845519315673],[-119.39172019640077,50.00881630658824],[-119.39172187996466,50.009436152025174],[-119.39172747568375,50.01153139333178],[-119.39173117978937,50.012907389316794],[-119.39173110988914,50.0130790224587],[-119.39173077543518,50.014132429750326],[-119.3917306953449,50.014483036295495],[-119.39172819236803,50.01520434758767],[-119.39172616832258,50.01580968856522],[-119.39172578871985,50.015917990546704],[-119.39172478014365,50.01621928301994],[-119.39172347917112,50.01660317524715],[-119.39172106925201,50.01731582936127],[-119.39172026886948,50.01755008542167],[-119.39171974762742,50.01770313761945],[-119.39171907647746,50.01790111238259],[-119.39171874937225,50.018008320171745],[-119.39171943078665,50.01906482307603],[-119.39171786965053,50.01916938778475],[-119.39170353452324,50.02013842081558],[-119.39211466078129,50.0201377944476],[-119.39431885013805,50.020134500150434],[-119.39550246049977,50.02013271297776],[-119.39684562739268,50.020125451711394],[-119.39739033645863,50.02012253068654],[-119.39843720064007,50.02011685020981],[-119.39871652203695,50.02011535666803],[-119.3991463856816,50.02011304236623],[-119.3991242566013,50.02253671838433],[-119.3986227494781,50.02255339418309],[-119.39793145700058,50.02247388622916],[-119.39779031772089,50.02245764303793],[-119.39778201307726,50.02247065368431],[-119.39714501206232,50.02341444349302],[-119.39661999679092,50.02419325872813],[-119.39628448972368,50.02469034752301],[-119.3961333835839,50.02491504614786],[-119.39595970968487,50.02517455446101],[-119.39585939497924,50.02531834709701],[-119.39557549726811,50.02574595642195],[-119.39543478819986,50.02595645139524],[-119.39541925897173,50.02597967900834],[-119.39542055696421,50.02547322474422],[-119.39542432663546,50.02400693651559],[-119.39542639385962,50.02321333763345]]]]}}]}