{"type":"FeatureCollection","features":[{"type":"Feature","properties":{"DGUID":"2021S051246110051","DAUID":"46110051","LANDAREA":0.1138,"PRUID":"46","fed_num":"46010","da_code":"46110051","geo_name":"46110051","name_source":{"label":"Statistics Canada Census Profile 2021 DA WDS","url":"https://www12.statcan.gc.ca/wds-sdw/2021profile-profil2021-eng.cfm"},"population":608,"status":"ok","source":{"label":"Statistics Canada Census Profile 2021 DA WDS","url":"https://www12.statcan.gc.ca/wds-sdw/2021profile-profil2021-eng.cfm"},"community_name":"Winnipeg","community_source":{"label":"Statistics Canada 2021 census subdivision boundaries (spatial lookup)","url":"https://geo.statcan.gc.ca/geo_wa/rest/services/2021/Cartographic_boundary_files/MapServer/9"},"community_display":"Winnipeg","is_unorganized":false,"panel_title":"Winnipeg","display_label":"Winnipeg","map_label":"46110051"},"geometry":{"type":"MultiPolygon","coordinates":[[[[-97.15450101609818,49.917798595673396],[-97.15523450213853,49.91682990225948],[-97.1577660160561,49.91766170069928],[-97.15703290595462,49.91862150007308],[-97.1564754004587,49.91935920002869],[-97.15594738469215,49.920052398930345],[-97.15537591182459,49.92078988884786],[-97.15481899040687,49.921509599313396],[-97.15440860914279,49.92204279240688],[-97.15432059452988,49.922158312029886],[-97.15178891300164,49.92132640983941],[-97.15187689316647,49.92121089495331],[-97.15230159929335,49.920669004082704],[-97.152843888331,49.91996698914063],[-97.15340150709356,49.919229306031326],[-97.15392951215036,49.91853609922154],[-97.15450101609818,49.917798595673396]]]]}},{"type":"Feature","properties":{"DGUID":"2021S051246110052","DAUID":"46110052","LANDAREA":0.0954,"PRUID":"46","fed_num":"46010","da_code":"46110052","geo_name":"46110052","name_source":{"label":"Statistics Canada Census Profile 2021 DA WDS","url":"https://www12.statcan.gc.ca/wds-sdw/2021profile-profil2021-eng.cfm"},"population":603,"status":"ok","source":{"label":"Statistics Canada Census Profile 2021 DA WDS","url":"https://www12.statcan.gc.ca/wds-sdw/2021profile-profil2021-eng.cfm"},"community_name":"Winnipeg","community_source":{"label":"Statistics Canada 2021 census subdivision boundaries (spatial lookup)","url":"https://geo.statcan.gc.ca/geo_wa/rest/services/2021/Cartographic_boundary_files/MapServer/9"},"community_display":"Winnipeg","is_unorganized":false,"panel_title":"Winnipeg","display_label":"Winnipeg","map_label":"46110052"},"geometry":{"type":"MultiPolygon","coordinates":[[[[-97.15200990320344,49.91700339352351],[-97.15275812074627,49.916016911852964],[-97.15523450213853,49.91682990225948],[-97.15450101609818,49.917798595673396],[-97.15392951215036,49.91853609922154],[-97.15340150709356,49.919229306031326],[-97.152843888331,49.91996698914063],[-97.15230159929335,49.920669004082704],[-97.14979718826585,49.91985551230007],[-97.15033918676814,49.919162505900616],[-97.15089679318729,49.918424789806245],[-97.15145269489538,49.91773209170785],[-97.15200990320344,49.91700339352351]]]]}},{"type":"Feature","properties":{"DGUID":"2021S051246110053","DAUID":"46110053","LANDAREA":0.0915,"PRUID":"46","fed_num":"46010","da_code":"46110053","geo_name":"46110053","name_source":{"label":"Statistics Canada Census Profile 2021 DA WDS","url":"https://www12.statcan.gc.ca/wds-sdw/2021profile-profil2021-eng.cfm"},"population":545,"status":"ok","source":{"label":"Statistics Canada Census Profile 2021 DA WDS","url":"https://www12.statcan.gc.ca/wds-sdw/2021profile-profil2021-eng.cfm"},"community_name":"Winnipeg","community_source":{"label":"Statistics Canada 2021 census subdivision boundaries (spatial lookup)","url":"https://geo.statcan.gc.ca/geo_wa/rest/services/2021/Cartographic_boundary_files/MapServer/9"},"community_display":"Winnipeg","is_unorganized":false,"panel_title":"Winnipeg","display_label":"Winnipeg","map_label":"46110053"},"geometry":{"type":"MultiPolygon","coordinates":[[[[-97.14949101980366,49.916207611019665],[-97.15025389815546,49.915203397803936],[-97.15101528379407,49.914235109819],[-97.15349227973147,49.91503009589958],[-97.15598218512054,49.9158522930459],[-97.15523450213853,49.91682990225948],[-97.15275812074627,49.916016911852964],[-97.15200990320344,49.91700339352351],[-97.15145269489538,49.91773209170785],[-97.14893410049419,49.91692730024254],[-97.14949101980366,49.916207611019665]]]]}},{"type":"Feature","properties":{"DGUID":"2021S051246110054","DAUID":"46110054","LANDAREA":0.1022,"PRUID":"46","fed_num":"46010","da_code":"46110054","geo_name":"46110054","name_source":{"label":"Statistics Canada Census Profile 2021 DA WDS","url":"https://www12.statcan.gc.ca/wds-sdw/2021profile-profil2021-eng.cfm"},"population":562,"status":"ok","source":{"label":"Statistics Canada Census Profile 2021 DA WDS","url":"https://www12.statcan.gc.ca/wds-sdw/2021profile-profil2021-eng.cfm"},"community_name":"Winnipeg","community_source":{"label":"Statistics Canada 2021 census subdivision boundaries (spatial lookup)","url":"https://geo.statcan.gc.ca/geo_wa/rest/services/2021/Cartographic_boundary_files/MapServer/9"},"community_display":"Winnipeg","is_unorganized":false,"panel_title":"Winnipeg","display_label":"Winnipeg","map_label":"46110054"},"geometry":{"type":"MultiPolygon","coordinates":[[[[-97.14776329500648,49.914399002253646],[-97.1484965894336,49.91343930958301],[-97.15101528379407,49.914235109819],[-97.15025389815546,49.915203397803936],[-97.14949101980366,49.916207611019665],[-97.14893410049419,49.91692730024254],[-97.15145269489538,49.91773209170785],[-97.15089679318729,49.918424789806245],[-97.14837790051895,49.91762910118672],[-97.14588690985724,49.916833693295274],[-97.14642961780295,49.91612270259526],[-97.14698650045503,49.91540311089266],[-97.14776329500648,49.914399002253646]]]]}},{"type":"Feature","properties":{"DGUID":"2021S051246110055","DAUID":"46110055","LANDAREA":0.5813,"PRUID":"46","fed_num":"46010","da_code":"46110055","geo_name":"46110055","name_source":{"label":"Statistics Canada Census Profile 2021 DA WDS","url":"https://www12.statcan.gc.ca/wds-sdw/2021profile-profil2021-eng.cfm"},"population":494,"status":"ok","source":{"label":"Statistics Canada Census Profile 2021 DA WDS","url":"https://www12.statcan.gc.ca/wds-sdw/2021profile-profil2021-eng.cfm"},"community_name":"Winnipeg","community_source":{"label":"Statistics Canada 2021 census subdivision boundaries (spatial lookup)","url":"https://geo.statcan.gc.ca/geo_wa/rest/services/2021/Cartographic_boundary_files/MapServer/9"},"community_display":"Winnipeg","is_unorganized":false,"panel_title":"Winnipeg","display_label":"Winnipeg","map_label":"46110055"},"geometry":{"type":"MultiPolygon","coordinates":[[[[-97.15101528379407,49.914235109819],[-97.1484965894336,49.91343930958301],[-97.14776329500648,49.914399002253646],[-97.14698650045503,49.91540311089266],[-97.14446748868438,49.914616196992505],[-97.14293979235336,49.91413299787777],[-97.14198829573802,49.91388388813349],[-97.1418646863049,49.91383690513728],[-97.14256110638078,49.912750696096005],[-97.14295098577284,49.91202830822967],[-97.14308460415239,49.911814603151186],[-97.1431297937546,49.91172540023629],[-97.14326478283382,49.911475695193516],[-97.14372502200017,49.91072914669902],[-97.14374648753497,49.91069429219393],[-97.14417091575454,49.910005999165875],[-97.14434900855704,49.909721001063936],[-97.14490462999609,49.9088026548431],[-97.14493606120276,49.908750659807694],[-97.14497759907438,49.908681982355354],[-97.14499004755554,49.90868565893926],[-97.14501115297809,49.908691870806784],[-97.14510707142394,49.90872264442479],[-97.14511935082999,49.90872656285804],[-97.14521757947179,49.90875816927676],[-97.14910486595336,49.90999866292104],[-97.15081915767371,49.91053979812186],[-97.15159586646031,49.91078497580384],[-97.1605270544124,49.91363907446196],[-97.1606578773774,49.913681559762324],[-97.16071977647518,49.91370057313408],[-97.16074334995872,49.91370755434677],[-97.16072814720133,49.91372785014263],[-97.1607115457891,49.913750031876496],[-97.16066221870686,49.91381593058657],[-97.1592474985301,49.91570629728822],[-97.15850021009373,49.91667488670198],[-97.1577660160561,49.91766170069928],[-97.15523450213853,49.91682990225948],[-97.15598218512054,49.9158522930459],[-97.15349227973147,49.91503009589958],[-97.15101528379407,49.914235109819]]]]}},{"type":"Feature","properties":{"DGUID":"2021S051246110056","DAUID":"46110056","LANDAREA":0.1072,"PRUID":"46","fed_num":"46010","da_code":"46110056","geo_name":"46110056","name_source":{"label":"Statistics Canada Census Profile 2021 DA WDS","url":"https://www12.statcan.gc.ca/wds-sdw/2021profile-profil2021-eng.cfm"},"population":575,"status":"ok","source":{"label":"Statistics Canada Census Profile 2021 DA WDS","url":"https://www12.statcan.gc.ca/wds-sdw/2021profile-profil2021-eng.cfm"},"community_name":"Winnipeg","community_source":{"label":"Statistics Canada 2021 census subdivision boundaries (spatial lookup)","url":"https://geo.statcan.gc.ca/geo_wa/rest/services/2021/Cartographic_boundary_files/MapServer/9"},"community_display":"Winnipeg","is_unorganized":false,"panel_title":"Winnipeg","display_label":"Winnipeg","map_label":"46110056"},"geometry":{"type":"MultiPolygon","coordinates":[[[[-97.13975000041643,49.91666340492653],[-97.14030710693885,49.91594368909956],[-97.14083557892833,49.91524159565995],[-97.14137868441867,49.91452169553557],[-97.14169840853988,49.914175997156],[-97.1418646863049,49.91383690513728],[-97.14198829573802,49.91388388813349],[-97.14293979235336,49.91413299787777],[-97.14446748868438,49.914616196992505],[-97.14698650045503,49.91540311089266],[-97.14642961780295,49.91612270259526],[-97.14588690985724,49.916833693295274],[-97.14338168524272,49.9160470122646],[-97.1428393160952,49.916748886299985],[-97.14229620675569,49.917468800080066],[-97.13975000041643,49.91666340492653]]]]}},{"type":"Feature","properties":{"DGUID":"2021S051246110057","DAUID":"46110057","LANDAREA":0.1181,"PRUID":"46","fed_num":"46010","da_code":"46110057","geo_name":"46110057","name_source":{"label":"Statistics Canada Census Profile 2021 DA WDS","url":"https://www12.statcan.gc.ca/wds-sdw/2021profile-profil2021-eng.cfm"},"population":628,"status":"ok","source":{"label":"Statistics Canada Census Profile 2021 DA WDS","url":"https://www12.statcan.gc.ca/wds-sdw/2021profile-profil2021-eng.cfm"},"community_name":"Winnipeg","community_source":{"label":"Statistics Canada 2021 census subdivision boundaries (spatial lookup)","url":"https://geo.statcan.gc.ca/geo_wa/rest/services/2021/Cartographic_boundary_files/MapServer/9"},"community_display":"Winnipeg","is_unorganized":false,"panel_title":"Winnipeg","display_label":"Winnipeg","map_label":"46110057"},"geometry":{"type":"MultiPolygon","coordinates":[[[[-97.1417972945671,49.91812640942333],[-97.13925178684224,49.917303009920815],[-97.1393537174864,49.9171876920156],[-97.13975000041643,49.91666340492653],[-97.14229620675569,49.917468800080066],[-97.1428393160952,49.916748886299985],[-97.14338168524272,49.9160470122646],[-97.14588690985724,49.916833693295274],[-97.14532990897406,49.917553286651746],[-97.14478680279858,49.91827329538617],[-97.14729250678228,49.919050902674776],[-97.14979718826585,49.91985551230007],[-97.15230159929335,49.920669004082704],[-97.15187689316647,49.92121089495331],[-97.15178891300164,49.92132640983941],[-97.14928370699162,49.920530895171396],[-97.14677899768822,49.91972629627996],[-97.14426038913061,49.91892150815431],[-97.1417972945671,49.91812640942333]]]]}},{"type":"Feature","properties":{"DGUID":"2021S051246110058","DAUID":"46110058","LANDAREA":0.0711,"PRUID":"46","fed_num":"46010","da_code":"46110058","geo_name":"46110058","name_source":{"label":"Statistics Canada Census Profile 2021 DA WDS","url":"https://www12.statcan.gc.ca/wds-sdw/2021profile-profil2021-eng.cfm"},"population":536,"status":"ok","source":{"label":"Statistics Canada Census Profile 2021 DA WDS","url":"https://www12.statcan.gc.ca/wds-sdw/2021profile-profil2021-eng.cfm"},"community_name":"Winnipeg","community_source":{"label":"Statistics Canada 2021 census subdivision boundaries (spatial lookup)","url":"https://geo.statcan.gc.ca/geo_wa/rest/services/2021/Cartographic_boundary_files/MapServer/9"},"community_display":"Winnipeg","is_unorganized":false,"panel_title":"Winnipeg","display_label":"Winnipeg","map_label":"46110058"},"geometry":{"type":"MultiPolygon","coordinates":[[[[-97.14532990897406,49.917553286651746],[-97.14588690985724,49.916833693295274],[-97.14837790051895,49.91762910118672],[-97.15089679318729,49.918424789806245],[-97.15033918676814,49.919162505900616],[-97.14979718826585,49.91985551230007],[-97.14729250678228,49.919050902674776],[-97.14478680279858,49.91827329538617],[-97.14532990897406,49.917553286651746]]]]}},{"type":"Feature","properties":{"DGUID":"2021S051246110066","DAUID":"46110066","LANDAREA":0.1125,"PRUID":"46","fed_num":"46010","da_code":"46110066","geo_name":"46110066","name_source":{"label":"Statistics Canada Census Profile 2021 DA WDS","url":"https://www12.statcan.gc.ca/wds-sdw/2021profile-profil2021-eng.cfm"},"population":624,"status":"ok","source":{"label":"Statistics Canada Census Profile 2021 DA WDS","url":"https://www12.statcan.gc.ca/wds-sdw/2021profile-profil2021-eng.cfm"},"community_name":"Winnipeg","community_source":{"label":"Statistics Canada 2021 census subdivision boundaries (spatial lookup)","url":"https://geo.statcan.gc.ca/geo_wa/rest/services/2021/Cartographic_boundary_files/MapServer/9"},"community_display":"Winnipeg","is_unorganized":false,"panel_title":"Winnipeg","display_label":"Winnipeg","map_label":"46110066"},"geometry":{"type":"MultiPolygon","coordinates":[[[[-97.13217830786456,49.913127095502624],[-97.13230298973305,49.9125220121673],[-97.13259351975762,49.91259950542569],[-97.13579890781665,49.91364059411477],[-97.13831739171313,49.914436589007664],[-97.13777460209965,49.915147502998266],[-97.13724571707337,49.9158586002199],[-97.1368350845871,49.91639171383175],[-97.13674711222528,49.91650721120368],[-97.13425630546313,49.915711595800396],[-97.13204129702729,49.914992296417445],[-97.13178000399789,49.91490710376536],[-97.13181301784367,49.91477280415013],[-97.13196330430661,49.91412749780383],[-97.13213279449319,49.91334770205606],[-97.13217830786456,49.913127095502624]]]]}},{"type":"Feature","properties":{"DGUID":"2021S051246110067","DAUID":"46110067","LANDAREA":0.1124,"PRUID":"46","fed_num":"46010","da_code":"46110067","geo_name":"46110067","name_source":{"label":"Statistics Canada Census Profile 2021 DA WDS","url":"https://www12.statcan.gc.ca/wds-sdw/2021profile-profil2021-eng.cfm"},"population":582,"status":"ok","source":{"label":"Statistics Canada Census Profile 2021 DA WDS","url":"https://www12.statcan.gc.ca/wds-sdw/2021profile-profil2021-eng.cfm"},"community_name":"Winnipeg","community_source":{"label":"Statistics Canada 2021 census subdivision boundaries (spatial lookup)","url":"https://geo.statcan.gc.ca/geo_wa/rest/services/2021/Cartographic_boundary_files/MapServer/9"},"community_display":"Winnipeg","is_unorganized":false,"panel_title":"Winnipeg","display_label":"Winnipeg","map_label":"46110067"},"geometry":{"type":"MultiPolygon","coordinates":[[[[-97.13939002000417,49.91298769622338],[-97.14015368535432,49.91196551261438],[-97.14256110638078,49.912750696096005],[-97.1418646863049,49.91383690513728],[-97.14169840853988,49.914175997156],[-97.14137868441867,49.91452169553557],[-97.14083557892833,49.91524159565995],[-97.14030710693885,49.91594368909956],[-97.13975000041643,49.91666340492653],[-97.1393537174864,49.9171876920156],[-97.13925178684224,49.917303009920815],[-97.13674711222528,49.91650721120368],[-97.1368350845871,49.91639171383175],[-97.13724571707337,49.9158586002199],[-97.13777460209965,49.915147502998266],[-97.13831739171313,49.914436589007664],[-97.13888798791089,49.91372619849889],[-97.13939002000417,49.91298769622338]]]]}},{"type":"Feature","properties":{"DGUID":"2021S051246110068","DAUID":"46110068","LANDAREA":0.1879,"PRUID":"46","fed_num":"46010","da_code":"46110068","geo_name":"46110068","name_source":{"label":"Statistics Canada Census Profile 2021 DA WDS","url":"https://www12.statcan.gc.ca/wds-sdw/2021profile-profil2021-eng.cfm"},"population":514,"status":"ok","source":{"label":"Statistics Canada Census Profile 2021 DA WDS","url":"https://www12.statcan.gc.ca/wds-sdw/2021profile-profil2021-eng.cfm"},"community_name":"Winnipeg","community_source":{"label":"Statistics Canada 2021 census subdivision boundaries (spatial lookup)","url":"https://geo.statcan.gc.ca/geo_wa/rest/services/2021/Cartographic_boundary_files/MapServer/9"},"community_display":"Winnipeg","is_unorganized":false,"panel_title":"Winnipeg","display_label":"Winnipeg","map_label":"46110068"},"geometry":{"type":"MultiPolygon","coordinates":[[[[-97.13311169882982,49.909279712679584],[-97.13329220951572,49.908571987878645],[-97.13353930111732,49.90866600345957],[-97.1342945137919,49.908947998219084],[-97.13522430642813,49.9090348962389],[-97.13510176010998,49.909975196219065],[-97.13533458119427,49.91000047579428],[-97.13559762451213,49.91005584418988],[-97.13588428364147,49.91015065629063],[-97.13607945841133,49.910226396961654],[-97.13625897517406,49.91032457380044],[-97.1363628455654,49.910400399324935],[-97.13647161647108,49.91043708763382],[-97.13774570553812,49.9108666215034],[-97.13758873423085,49.91114899890804],[-97.13881196214729,49.91157861167188],[-97.14015368535432,49.91196551261438],[-97.13939002000417,49.91298769622338],[-97.13888798791089,49.91372619849889],[-97.13831739171313,49.914436589007664],[-97.13579890781665,49.91364059411477],[-97.13259351975762,49.91259950542569],[-97.13230298973305,49.9125220121673],[-97.13232129682221,49.9124331952438],[-97.13244128172778,49.911850504655945],[-97.13249000098222,49.91167139482604],[-97.13265278200784,49.91106240985582],[-97.13296421132398,49.90985301063999],[-97.13311169882982,49.909279712679584]]]]}},{"type":"Feature","properties":{"DGUID":"2021S051246110069","DAUID":"46110069","LANDAREA":0.3603,"PRUID":"46","fed_num":"46010","da_code":"46110069","geo_name":"46110069","name_source":{"label":"Statistics Canada Census Profile 2021 DA WDS","url":"https://www12.statcan.gc.ca/wds-sdw/2021profile-profil2021-eng.cfm"},"population":973,"status":"ok","source":{"label":"Statistics Canada Census Profile 2021 DA WDS","url":"https://www12.statcan.gc.ca/wds-sdw/2021profile-profil2021-eng.cfm"},"community_name":"Winnipeg","community_source":{"label":"Statistics Canada 2021 census subdivision boundaries (spatial lookup)","url":"https://geo.statcan.gc.ca/geo_wa/rest/services/2021/Cartographic_boundary_files/MapServer/9"},"community_display":"Winnipeg","is_unorganized":false,"panel_title":"Winnipeg","display_label":"Winnipeg","map_label":"46110069"},"geometry":{"type":"MultiPolygon","coordinates":[[[[-97.1341716159016,49.90563580304342],[-97.13418056546057,49.905581422720424],[-97.13419116363737,49.90558318232786],[-97.13437727806357,49.90561417340901],[-97.13438804194992,49.905615975840625],[-97.13451326834661,49.90563685920794],[-97.1345683439047,49.905645984988745],[-97.13545854854196,49.90581147819695],[-97.13567307508018,49.905863781432956],[-97.13600676025037,49.905947378198356],[-97.13678867818403,49.90612086564505],[-97.13746275564358,49.90632206489568],[-97.13757548029479,49.90635967687626],[-97.13838856463917,49.90662278150354],[-97.13914472522215,49.90683337817894],[-97.13938426336,49.90690008333572],[-97.13950745014495,49.90694147716202],[-97.14456396926003,49.90854986556862],[-97.14491476677122,49.908663372454626],[-97.14497759907438,49.908681982355354],[-97.14493606120276,49.908750659807694],[-97.14490462999609,49.9088026548431],[-97.14434900855704,49.909721001063936],[-97.14417091575454,49.910005999165875],[-97.14374648753497,49.91069429219393],[-97.14372502200017,49.91072914669902],[-97.14326478283382,49.911475695193516],[-97.1431297937546,49.91172540023629],[-97.14308460415239,49.911814603151186],[-97.14295098577284,49.91202830822967],[-97.14256110638078,49.912750696096005],[-97.14015368535432,49.91196551261438],[-97.13881196214729,49.91157861167188],[-97.13758873423085,49.91114899890804],[-97.13774570553812,49.9108666215034],[-97.13647161647108,49.91043708763382],[-97.1363628455654,49.910400399324935],[-97.13625897517406,49.91032457380044],[-97.13607945841133,49.910226396961654],[-97.13588428364147,49.91015065629063],[-97.13559762451213,49.91005584418988],[-97.13533458119427,49.91000047579428],[-97.13510176010998,49.909975196219065],[-97.13522430642813,49.9090348962389],[-97.1342945137919,49.908947998219084],[-97.13353930111732,49.90866600345957],[-97.13329220951572,49.908571987878645],[-97.13350791246792,49.907676000754805],[-97.13357536893287,49.90741340745538],[-97.13377018787465,49.90665479402022],[-97.13396940430552,49.906149206571264],[-97.1341716159016,49.90563580304342]]]]}},{"type":"Feature","properties":{"DGUID":"2021S051246110070","DAUID":"46110070","LANDAREA":0.1959,"PRUID":"46","fed_num":"46010","da_code":"46110070","geo_name":"46110070","name_source":{"label":"Statistics Canada Census Profile 2021 DA WDS","url":"https://www12.statcan.gc.ca/wds-sdw/2021profile-profil2021-eng.cfm"},"population":581,"status":"ok","source":{"label":"Statistics Canada Census Profile 2021 DA WDS","url":"https://www12.statcan.gc.ca/wds-sdw/2021profile-profil2021-eng.cfm"},"community_name":"Winnipeg","community_source":{"label":"Statistics Canada 2021 census subdivision boundaries (spatial lookup)","url":"https://geo.statcan.gc.ca/geo_wa/rest/services/2021/Cartographic_boundary_files/MapServer/9"},"community_display":"Winnipeg","is_unorganized":false,"panel_title":"Winnipeg","display_label":"Winnipeg","map_label":"46110070"},"geometry":{"type":"MultiPolygon","coordinates":[[[[-97.14005099667442,49.90594620047854],[-97.14013149924543,49.90529980149507],[-97.1411093871209,49.90558541071013],[-97.14191460425431,49.90456389647769],[-97.14266249694563,49.90358639820363],[-97.14352899373921,49.90387009904493],[-97.14392481081234,49.90335480967521],[-97.1476253903032,49.90454729683851],[-97.14724322129973,49.90507190700675],[-97.14678382042216,49.905793201147304],[-97.1466223940918,49.90600648912912],[-97.14656329825388,49.906095508732065],[-97.14626731949997,49.90654950478347],[-97.14582119162618,49.907288912572376],[-97.14558328940251,49.90768089377238],[-97.14498219153579,49.908674415979256],[-97.14497759907438,49.908681982355354],[-97.14491476677122,49.908663372454626],[-97.14456396926003,49.90854986556862],[-97.13950745014495,49.90694147716202],[-97.13938426336,49.90690008333572],[-97.13914472522215,49.90683337817894],[-97.13925414218049,49.90675715624751],[-97.13964009528557,49.90648830390976],[-97.14005099667442,49.90594620047854]]]]}},{"type":"Feature","properties":{"DGUID":"2021S051246110071","DAUID":"46110071","LANDAREA":0.3278,"PRUID":"46","fed_num":"46010","da_code":"46110071","geo_name":"46110071","name_source":{"label":"Statistics Canada Census Profile 2021 DA WDS","url":"https://www12.statcan.gc.ca/wds-sdw/2021profile-profil2021-eng.cfm"},"population":1028,"status":"ok","source":{"label":"Statistics Canada Census Profile 2021 DA WDS","url":"https://www12.statcan.gc.ca/wds-sdw/2021profile-profil2021-eng.cfm"},"community_name":"Winnipeg","community_source":{"label":"Statistics Canada 2021 census subdivision boundaries (spatial lookup)","url":"https://geo.statcan.gc.ca/geo_wa/rest/services/2021/Cartographic_boundary_files/MapServer/9"},"community_display":"Winnipeg","is_unorganized":false,"panel_title":"Winnipeg","display_label":"Winnipeg","map_label":"46110071"},"geometry":{"type":"MultiPolygon","coordinates":[[[[-97.13437727806357,49.90561417340901],[-97.13419116363737,49.90558318232786],[-97.13418056546057,49.905581422720424],[-97.13418559201193,49.90555104757638],[-97.13435341762943,49.904532399816915],[-97.13439898392723,49.904434208801085],[-97.13483419624907,49.903622596343396],[-97.13572441638378,49.90256650871736],[-97.1364560207831,49.901651809858166],[-97.13673510220048,49.901638289012155],[-97.13798358145196,49.90212609199189],[-97.13913881241922,49.90250448958946],[-97.13953538408018,49.901971103254084],[-97.13982929657655,49.9015710962812],[-97.14009469067773,49.901188499742844],[-97.14033420964243,49.90086719210902],[-97.14063799433953,49.90045969616839],[-97.14126889489728,49.89962420707555],[-97.14217670501228,49.89991759019561],[-97.14239700417453,49.89998410197582],[-97.14319519493586,49.900230807992166],[-97.14421299979756,49.900561899301735],[-97.14525831425611,49.90090249552893],[-97.14461350026897,49.90173770421676],[-97.14505368047953,49.90187969016738],[-97.14449691412953,49.90259929043436],[-97.14392481081234,49.90335480967521],[-97.14352899373921,49.90387009904493],[-97.14266249694563,49.90358639820363],[-97.14191460425431,49.90456389647769],[-97.1411093871209,49.90558541071013],[-97.14013149924543,49.90529980149507],[-97.14005099667442,49.90594620047854],[-97.13964009528557,49.90648830390976],[-97.13925414218049,49.90675715624751],[-97.13914472522215,49.90683337817894],[-97.13838856463917,49.90662278150354],[-97.13757548029479,49.90635967687626],[-97.13746275564358,49.90632206489568],[-97.13678867818403,49.90612086564505],[-97.13600676025037,49.905947378198356],[-97.13567307508018,49.905863781432956],[-97.13545854854196,49.90581147819695],[-97.1345683439047,49.905645984988745],[-97.13451326834661,49.90563685920794],[-97.13438804194992,49.905615975840625],[-97.13437727806357,49.90561417340901]]]]}},{"type":"Feature","properties":{"DGUID":"2021S051246110072","DAUID":"46110072","LANDAREA":0.0717,"PRUID":"46","fed_num":"46010","da_code":"46110072","geo_name":"46110072","name_source":{"label":"Statistics Canada Census Profile 2021 DA WDS","url":"https://www12.statcan.gc.ca/wds-sdw/2021profile-profil2021-eng.cfm"},"population":745,"status":"ok","source":{"label":"Statistics Canada Census Profile 2021 DA WDS","url":"https://www12.statcan.gc.ca/wds-sdw/2021profile-profil2021-eng.cfm"},"community_name":"Winnipeg","community_source":{"label":"Statistics Canada 2021 census subdivision boundaries (spatial lookup)","url":"https://geo.statcan.gc.ca/geo_wa/rest/services/2021/Cartographic_boundary_files/MapServer/9"},"community_display":"Winnipeg","is_unorganized":false,"panel_title":"Winnipeg","display_label":"Winnipeg","map_label":"46110072"},"geometry":{"type":"MultiPolygon","coordinates":[[[[-97.14461350026897,49.90173770421676],[-97.14525831425611,49.90090249552893],[-97.14726680610595,49.901546199408244],[-97.14663599470508,49.90238170685588],[-97.14866930431378,49.90304136001019],[-97.14846209231361,49.90352007348851],[-97.1482672179457,49.90383259227863],[-97.1476253903032,49.90454729683851],[-97.14392481081234,49.90335480967521],[-97.14449691412953,49.90259929043436],[-97.14505368047953,49.90187969016738],[-97.14461350026897,49.90173770421676]]]]}},{"type":"Feature","properties":{"DGUID":"2021S051246110073","DAUID":"46110073","LANDAREA":0.0927,"PRUID":"46","fed_num":"46010","da_code":"46110073","geo_name":"46110073","name_source":{"label":"Statistics Canada Census Profile 2021 DA WDS","url":"https://www12.statcan.gc.ca/wds-sdw/2021profile-profil2021-eng.cfm"},"population":410,"status":"ok","source":{"label":"Statistics Canada Census Profile 2021 DA WDS","url":"https://www12.statcan.gc.ca/wds-sdw/2021profile-profil2021-eng.cfm"},"community_name":"Winnipeg","community_source":{"label":"Statistics Canada 2021 census subdivision boundaries (spatial lookup)","url":"https://geo.statcan.gc.ca/geo_wa/rest/services/2021/Cartographic_boundary_files/MapServer/9"},"community_display":"Winnipeg","is_unorganized":false,"panel_title":"Winnipeg","display_label":"Winnipeg","map_label":"46110073"},"geometry":{"type":"MultiPolygon","coordinates":[[[[-97.14777391729349,49.89921560046212],[-97.14863728830841,49.898123097398184],[-97.14968301264967,49.89845459386006],[-97.15068750647998,49.898767400034686],[-97.15167750655573,49.89909809877507],[-97.15072340042335,49.90037809001082],[-97.15008048074546,49.901168389102594],[-97.14930460191967,49.90215451294816],[-97.148863706727,49.90275910157635],[-97.14866930431378,49.90304136001019],[-97.14663599470508,49.90238170685588],[-97.14726680610595,49.901546199408244],[-97.14802949973426,49.900542001379335],[-97.14868738516519,49.89972499872203],[-97.14765530424488,49.89940260967184],[-97.14777391729349,49.89921560046212]]]]}},{"type":"Feature","properties":{"DGUID":"2021S051246110074","DAUID":"46110074","LANDAREA":0.1162,"PRUID":"46","fed_num":"46010","da_code":"46110074","geo_name":"46110074","name_source":{"label":"Statistics Canada Census Profile 2021 DA WDS","url":"https://www12.statcan.gc.ca/wds-sdw/2021profile-profil2021-eng.cfm"},"population":899,"status":"ok","source":{"label":"Statistics Canada Census Profile 2021 DA WDS","url":"https://www12.statcan.gc.ca/wds-sdw/2021profile-profil2021-eng.cfm"},"community_name":"Winnipeg","community_source":{"label":"Statistics Canada 2021 census subdivision boundaries (spatial lookup)","url":"https://geo.statcan.gc.ca/geo_wa/rest/services/2021/Cartographic_boundary_files/MapServer/9"},"community_display":"Winnipeg","is_unorganized":false,"panel_title":"Winnipeg","display_label":"Winnipeg","map_label":"46110074"},"geometry":{"type":"MultiPolygon","coordinates":[[[[-97.14930460191967,49.90215451294816],[-97.15008048074546,49.901168389102594],[-97.15134541766245,49.901593406737106],[-97.15254179271741,49.90199020815803],[-97.15386292018364,49.90240710493997],[-97.1551150061274,49.90280481223331],[-97.15635150184733,49.90324721103973],[-97.15598220864486,49.90375119874479],[-97.15575380470645,49.90406290242323],[-97.15560228468566,49.904269698722466],[-97.15500141254391,49.90505170093885],[-97.1511756844699,49.90384841124734],[-97.15002193466594,49.9034762728814],[-97.14900432853749,49.90314801449614],[-97.14880419740852,49.90308348301202],[-97.14866930431378,49.90304136001019],[-97.148863706727,49.90275910157635],[-97.14930460191967,49.90215451294816]]]]}},{"type":"Feature","properties":{"DGUID":"2021S051246110075","DAUID":"46110075","LANDAREA":0.131,"PRUID":"46","fed_num":"46010","da_code":"46110075","geo_name":"46110075","name_source":{"label":"Statistics Canada Census Profile 2021 DA WDS","url":"https://www12.statcan.gc.ca/wds-sdw/2021profile-profil2021-eng.cfm"},"population":519,"status":"ok","source":{"label":"Statistics Canada Census Profile 2021 DA WDS","url":"https://www12.statcan.gc.ca/wds-sdw/2021profile-profil2021-eng.cfm"},"community_name":"Winnipeg","community_source":{"label":"Statistics Canada 2021 census subdivision boundaries (spatial lookup)","url":"https://geo.statcan.gc.ca/geo_wa/rest/services/2021/Cartographic_boundary_files/MapServer/9"},"community_display":"Winnipeg","is_unorganized":false,"panel_title":"Winnipeg","display_label":"Winnipeg","map_label":"46110075"},"geometry":{"type":"MultiPolygon","coordinates":[[[[-97.15072340042335,49.90037809001082],[-97.15167750655573,49.89909809877507],[-97.15294250561175,49.899523009341614],[-97.15335520325455,49.8996554955887],[-97.15416701008685,49.899911288857055],[-97.15444261308191,49.899987601078514],[-97.15544731981227,49.900300508069186],[-97.15678221482901,49.90071750014512],[-97.15796570386794,49.90108709967045],[-97.1569822184257,49.9024117116142],[-97.15635150184733,49.90324721103973],[-97.1551150061274,49.90280481223331],[-97.15386292018364,49.90240710493997],[-97.15254179271741,49.90199020815803],[-97.15134541766245,49.901593406737106],[-97.15008048074546,49.901168389102594],[-97.15072340042335,49.90037809001082]]]]}},{"type":"Feature","properties":{"DGUID":"2021S051246110076","DAUID":"46110076","LANDAREA":0.0787,"PRUID":"46","fed_num":"46010","da_code":"46110076","geo_name":"46110076","name_source":{"label":"Statistics Canada Census Profile 2021 DA WDS","url":"https://www12.statcan.gc.ca/wds-sdw/2021profile-profil2021-eng.cfm"},"population":381,"status":"ok","source":{"label":"Statistics Canada Census Profile 2021 DA WDS","url":"https://www12.statcan.gc.ca/wds-sdw/2021profile-profil2021-eng.cfm"},"community_name":"Winnipeg","community_source":{"label":"Statistics Canada 2021 census subdivision boundaries (spatial lookup)","url":"https://geo.statcan.gc.ca/geo_wa/rest/services/2021/Cartographic_boundary_files/MapServer/9"},"community_display":"Winnipeg","is_unorganized":false,"panel_title":"Winnipeg","display_label":"Winnipeg","map_label":"46110076"},"geometry":{"type":"MultiPolygon","coordinates":[[[[-97.15335520325455,49.8996554955887],[-97.15342559023162,49.89854120909027],[-97.15452758490864,49.89885561083954],[-97.15471830481013,49.896412012124124],[-97.15569172069834,49.896445503574895],[-97.15625499728958,49.896472904195114],[-97.15613911826972,49.89932170437521],[-97.15684168410284,49.89952211086531],[-97.15761419083903,49.89971429759285],[-97.15794308302398,49.89985440844922],[-97.15820060104163,49.90003840058001],[-97.15811481027583,49.900828598562576],[-97.15796570386794,49.90108709967045],[-97.15678221482901,49.90071750014512],[-97.15544731981227,49.900300508069186],[-97.15444261308191,49.899987601078514],[-97.15416701008685,49.899911288857055],[-97.15335520325455,49.8996554955887]]]]}},{"type":"Feature","properties":{"DGUID":"2021S051246110077","DAUID":"46110077","LANDAREA":0.057,"PRUID":"46","fed_num":"46010","da_code":"46110077","geo_name":"46110077","name_source":{"label":"Statistics Canada Census Profile 2021 DA WDS","url":"https://www12.statcan.gc.ca/wds-sdw/2021profile-profil2021-eng.cfm"},"population":562,"status":"ok","source":{"label":"Statistics Canada Census Profile 2021 DA WDS","url":"https://www12.statcan.gc.ca/wds-sdw/2021profile-profil2021-eng.cfm"},"community_name":"Winnipeg","community_source":{"label":"Statistics Canada 2021 census subdivision boundaries (spatial lookup)","url":"https://geo.statcan.gc.ca/geo_wa/rest/services/2021/Cartographic_boundary_files/MapServer/9"},"community_display":"Winnipeg","is_unorganized":false,"panel_title":"Winnipeg","display_label":"Winnipeg","map_label":"46110077"},"geometry":{"type":"MultiPolygon","coordinates":[[[[-97.15197131342272,49.89869800607967],[-97.15203470878721,49.8981322875612],[-97.15205989929818,49.897851602160515],[-97.15220430011402,49.89624599215707],[-97.1535653179928,49.896339706471856],[-97.15471830481013,49.896412012124124],[-97.15452758490864,49.89885561083954],[-97.15342559023162,49.89854120909027],[-97.15335520325455,49.8996554955887],[-97.15294250561175,49.899523009341614],[-97.15167750655573,49.89909809877507],[-97.15197131342272,49.89869800607967]]]]}},{"type":"Feature","properties":{"DGUID":"2021S051246110078","DAUID":"46110078","LANDAREA":0.0299,"PRUID":"46","fed_num":"46010","da_code":"46110078","geo_name":"46110078","name_source":{"label":"Statistics Canada Census Profile 2021 DA WDS","url":"https://www12.statcan.gc.ca/wds-sdw/2021profile-profil2021-eng.cfm"},"population":645,"status":"ok","source":{"label":"Statistics Canada Census Profile 2021 DA WDS","url":"https://www12.statcan.gc.ca/wds-sdw/2021profile-profil2021-eng.cfm"},"community_name":"Winnipeg","community_source":{"label":"Statistics Canada 2021 census subdivision boundaries (spatial lookup)","url":"https://geo.statcan.gc.ca/geo_wa/rest/services/2021/Cartographic_boundary_files/MapServer/9"},"community_display":"Winnipeg","is_unorganized":false,"panel_title":"Winnipeg","display_label":"Winnipeg","map_label":"46110078"},"geometry":{"type":"MultiPolygon","coordinates":[[[[-97.15030067977712,49.896503498815115],[-97.15083359099428,49.896404098328084],[-97.1512635924905,49.89717550300998],[-97.15130550068562,49.89753598874929],[-97.15124970900617,49.897903902999694],[-97.15160080946539,49.89800600740622],[-97.15203470878721,49.8981322875612],[-97.15197131342272,49.89869800607967],[-97.15167750655573,49.89909809877507],[-97.15068750647998,49.898767400034686],[-97.14968301264967,49.89845459386006],[-97.1503419183695,49.89761060345322],[-97.14983391941891,49.897439910429284],[-97.1496957141729,49.89739339083645],[-97.14971580869957,49.89723179971157],[-97.14958025271494,49.89697623615533],[-97.14945600145707,49.896741893791386],[-97.15030067977712,49.896503498815115]]]]}},{"type":"Feature","properties":{"DGUID":"2021S051246110079","DAUID":"46110079","LANDAREA":0.018,"PRUID":"46","fed_num":"46010","da_code":"46110079","geo_name":"46110079","name_source":{"label":"Statistics Canada Census Profile 2021 DA WDS","url":"https://www12.statcan.gc.ca/wds-sdw/2021profile-profil2021-eng.cfm"},"population":876,"status":"ok","source":{"label":"Statistics Canada Census Profile 2021 DA WDS","url":"https://www12.statcan.gc.ca/wds-sdw/2021profile-profil2021-eng.cfm"},"community_name":"Winnipeg","community_source":{"label":"Statistics Canada 2021 census subdivision boundaries (spatial lookup)","url":"https://geo.statcan.gc.ca/geo_wa/rest/services/2021/Cartographic_boundary_files/MapServer/9"},"community_display":"Winnipeg","is_unorganized":false,"panel_title":"Winnipeg","display_label":"Winnipeg","map_label":"46110079"},"geometry":{"type":"MultiPolygon","coordinates":[[[[-97.14790990355853,49.897481804533285],[-97.14801721720745,49.8968628073649],[-97.14845489552259,49.89700120950834],[-97.14892809360461,49.89715081299734],[-97.1496957141729,49.89739339083645],[-97.14983391941891,49.897439910429284],[-97.1503419183695,49.89761060345322],[-97.14968301264967,49.89845459386006],[-97.14863728830841,49.898123097398184],[-97.1476876899864,49.89782899561395],[-97.14790990355853,49.897481804533285]]]]}},{"type":"Feature","properties":{"DGUID":"2021S051246110080","DAUID":"46110080","LANDAREA":0.0413,"PRUID":"46","fed_num":"46010","da_code":"46110080","geo_name":"46110080","name_source":{"label":"Statistics Canada Census Profile 2021 DA WDS","url":"https://www12.statcan.gc.ca/wds-sdw/2021profile-profil2021-eng.cfm"},"population":769,"status":"ok","source":{"label":"Statistics Canada Census Profile 2021 DA WDS","url":"https://www12.statcan.gc.ca/wds-sdw/2021profile-profil2021-eng.cfm"},"community_name":"Winnipeg","community_source":{"label":"Statistics Canada 2021 census subdivision boundaries (spatial lookup)","url":"https://geo.statcan.gc.ca/geo_wa/rest/services/2021/Cartographic_boundary_files/MapServer/9"},"community_display":"Winnipeg","is_unorganized":false,"panel_title":"Winnipeg","display_label":"Winnipeg","map_label":"46110080"},"geometry":{"type":"MultiPolygon","coordinates":[[[[-97.15010521834469,49.89506119887138],[-97.15081108457954,49.894902889459196],[-97.15124111721961,49.89573770536287],[-97.15116981598288,49.895827511756444],[-97.1506050014673,49.89598250432616],[-97.15083359099428,49.896404098328084],[-97.15030067977712,49.896503498815115],[-97.14945600145707,49.896741893791386],[-97.14958025271494,49.89697623615533],[-97.14971580869957,49.89723179971157],[-97.1496957141729,49.89739339083645],[-97.14892809360461,49.89715081299734],[-97.14845489552259,49.89700120950834],[-97.14801721720745,49.8968628073649],[-97.14740679652904,49.895710706713025],[-97.14836311544495,49.89547594865853],[-97.14871411388074,49.89538980559069],[-97.15010521834469,49.89506119887138]]]]}},{"type":"Feature","properties":{"DGUID":"2021S051246110081","DAUID":"46110081","LANDAREA":0.0692,"PRUID":"46","fed_num":"46010","da_code":"46110081","geo_name":"46110081","name_source":{"label":"Statistics Canada Census Profile 2021 DA WDS","url":"https://www12.statcan.gc.ca/wds-sdw/2021profile-profil2021-eng.cfm"},"population":571,"status":"ok","source":{"label":"Statistics Canada Census Profile 2021 DA WDS","url":"https://www12.statcan.gc.ca/wds-sdw/2021profile-profil2021-eng.cfm"},"community_name":"Winnipeg","community_source":{"label":"Statistics Canada 2021 census subdivision boundaries (spatial lookup)","url":"https://geo.statcan.gc.ca/geo_wa/rest/services/2021/Cartographic_boundary_files/MapServer/9"},"community_display":"Winnipeg","is_unorganized":false,"panel_title":"Winnipeg","display_label":"Winnipeg","map_label":"46110081"},"geometry":{"type":"MultiPolygon","coordinates":[[[[-97.15124111721961,49.89573770536287],[-97.15081108457954,49.894902889459196],[-97.15010521834469,49.89506119887138],[-97.14871411388074,49.89538980559069],[-97.14809049814686,49.89421949270277],[-97.14945409504773,49.89388151092543],[-97.15021030421916,49.89376759552666],[-97.15077177921903,49.89365059688957],[-97.15148799602291,49.893491104466904],[-97.15206569322073,49.893311489289616],[-97.15216231876535,49.89369980348487],[-97.15219409958543,49.89390500173408],[-97.1523185896056,49.89470969560623],[-97.15228691556987,49.89513600314061],[-97.15220430011402,49.89624599215707],[-97.15205989929818,49.897851602160515],[-97.15203470878721,49.8981322875612],[-97.15160080946539,49.89800600740622],[-97.15124970900617,49.897903902999694],[-97.15130550068562,49.89753598874929],[-97.1512635924905,49.89717550300998],[-97.15083359099428,49.896404098328084],[-97.1506050014673,49.89598250432616],[-97.15116981598288,49.895827511756444],[-97.15124111721961,49.89573770536287]]]]}},{"type":"Feature","properties":{"DGUID":"2021S051246110082","DAUID":"46110082","LANDAREA":0.0387,"PRUID":"46","fed_num":"46010","da_code":"46110082","geo_name":"46110082","name_source":{"label":"Statistics Canada Census Profile 2021 DA WDS","url":"https://www12.statcan.gc.ca/wds-sdw/2021profile-profil2021-eng.cfm"},"population":530,"status":"ok","source":{"label":"Statistics Canada Census Profile 2021 DA WDS","url":"https://www12.statcan.gc.ca/wds-sdw/2021profile-profil2021-eng.cfm"},"community_name":"Winnipeg","community_source":{"label":"Statistics Canada 2021 census subdivision boundaries (spatial lookup)","url":"https://geo.statcan.gc.ca/geo_wa/rest/services/2021/Cartographic_boundary_files/MapServer/9"},"community_display":"Winnipeg","is_unorganized":false,"panel_title":"Winnipeg","display_label":"Winnipeg","map_label":"46110082"},"geometry":{"type":"MultiPolygon","coordinates":[[[[-97.15327369025329,49.892874102878885],[-97.15382539864014,49.89280879553908],[-97.1535653179928,49.896339706471856],[-97.15220430011402,49.89624599215707],[-97.15228691556987,49.89513600314061],[-97.1523185896056,49.89470969560623],[-97.15219409958543,49.89390500173408],[-97.15216231876535,49.89369980348487],[-97.15206569322073,49.893311489289616],[-97.15226360775293,49.893233698699056],[-97.1524479906802,49.89314660078525],[-97.15298802111516,49.89295002294684],[-97.15301169145809,49.89294140390072],[-97.15327369025329,49.892874102878885]]]]}},{"type":"Feature","properties":{"DGUID":"2021S051246110083","DAUID":"46110083","LANDAREA":0.0611,"PRUID":"46","fed_num":"46010","da_code":"46110083","geo_name":"46110083","name_source":{"label":"Statistics Canada Census Profile 2021 DA WDS","url":"https://www12.statcan.gc.ca/wds-sdw/2021profile-profil2021-eng.cfm"},"population":638,"status":"ok","source":{"label":"Statistics Canada Census Profile 2021 DA WDS","url":"https://www12.statcan.gc.ca/wds-sdw/2021profile-profil2021-eng.cfm"},"community_name":"Winnipeg","community_source":{"label":"Statistics Canada 2021 census subdivision boundaries (spatial lookup)","url":"https://geo.statcan.gc.ca/geo_wa/rest/services/2021/Cartographic_boundary_files/MapServer/9"},"community_display":"Winnipeg","is_unorganized":false,"panel_title":"Winnipeg","display_label":"Winnipeg","map_label":"46110083"},"geometry":{"type":"MultiPolygon","coordinates":[[[[-97.1535653179928,49.896339706471856],[-97.15382539864014,49.89280879553908],[-97.1550220946183,49.89282778766784],[-97.15596799187708,49.89285189019194],[-97.15569172069834,49.896445503574895],[-97.15471830481013,49.896412012124124],[-97.1535653179928,49.896339706471856]]]]}},{"type":"Feature","properties":{"DGUID":"2021S051246110084","DAUID":"46110084","LANDAREA":0.0793,"PRUID":"46","fed_num":"46010","da_code":"46110084","geo_name":"46110084","name_source":{"label":"Statistics Canada Census Profile 2021 DA WDS","url":"https://www12.statcan.gc.ca/wds-sdw/2021profile-profil2021-eng.cfm"},"population":815,"status":"ok","source":{"label":"Statistics Canada Census Profile 2021 DA WDS","url":"https://www12.statcan.gc.ca/wds-sdw/2021profile-profil2021-eng.cfm"},"community_name":"Winnipeg","community_source":{"label":"Statistics Canada 2021 census subdivision boundaries (spatial lookup)","url":"https://geo.statcan.gc.ca/geo_wa/rest/services/2021/Cartographic_boundary_files/MapServer/9"},"community_display":"Winnipeg","is_unorganized":false,"panel_title":"Winnipeg","display_label":"Winnipeg","map_label":"46110084"},"geometry":{"type":"MultiPolygon","coordinates":[[[[-97.15569172069834,49.896445503574895],[-97.15596799187708,49.89285189019194],[-97.1565999957388,49.89287429199973],[-97.15734458829301,49.89290079029564],[-97.15869398112221,49.89293119599308],[-97.1584443864123,49.8965612070191],[-97.15706771575587,49.89651239658019],[-97.15625499728958,49.896472904195114],[-97.15569172069834,49.896445503574895]]]]}},{"type":"Feature","properties":{"DGUID":"2021S051246110085","DAUID":"46110085","LANDAREA":0.0948,"PRUID":"46","fed_num":"46010","da_code":"46110085","geo_name":"46110085","name_source":{"label":"Statistics Canada Census Profile 2021 DA WDS","url":"https://www12.statcan.gc.ca/wds-sdw/2021profile-profil2021-eng.cfm"},"population":555,"status":"ok","source":{"label":"Statistics Canada Census Profile 2021 DA WDS","url":"https://www12.statcan.gc.ca/wds-sdw/2021profile-profil2021-eng.cfm"},"community_name":"Winnipeg","community_source":{"label":"Statistics Canada 2021 census subdivision boundaries (spatial lookup)","url":"https://geo.statcan.gc.ca/geo_wa/rest/services/2021/Cartographic_boundary_files/MapServer/9"},"community_display":"Winnipeg","is_unorganized":false,"panel_title":"Winnipeg","display_label":"Winnipeg","map_label":"46110085"},"geometry":{"type":"MultiPolygon","coordinates":[[[[-97.1584443864123,49.8965612070191],[-97.15869398112221,49.89293119599308],[-97.1601541109704,49.89298140209728],[-97.16082171311554,49.89300100521281],[-97.16198990364424,49.893037510850384],[-97.16171411151352,49.89663109422143],[-97.16053158190847,49.89660339578694],[-97.15986388160661,49.89658379259928],[-97.1584443864123,49.8965612070191]]]]}},{"type":"Feature","properties":{"DGUID":"2021S051246110086","DAUID":"46110086","LANDAREA":0.0629,"PRUID":"46","fed_num":"46010","da_code":"46110086","geo_name":"46110086","name_source":{"label":"Statistics Canada Census Profile 2021 DA WDS","url":"https://www12.statcan.gc.ca/wds-sdw/2021profile-profil2021-eng.cfm"},"population":504,"status":"ok","source":{"label":"Statistics Canada Census Profile 2021 DA WDS","url":"https://www12.statcan.gc.ca/wds-sdw/2021profile-profil2021-eng.cfm"},"community_name":"Winnipeg","community_source":{"label":"Statistics Canada 2021 census subdivision boundaries (spatial lookup)","url":"https://geo.statcan.gc.ca/geo_wa/rest/services/2021/Cartographic_boundary_files/MapServer/9"},"community_display":"Winnipeg","is_unorganized":false,"panel_title":"Winnipeg","display_label":"Winnipeg","map_label":"46110086"},"geometry":{"type":"MultiPolygon","coordinates":[[[[-97.16171411151352,49.89663109422143],[-97.16198990364424,49.893037510850384],[-97.16303288735683,49.89307201167458],[-97.16417328672898,49.893108101991885],[-97.16389760556314,49.89670169665252],[-97.16279891732812,49.89666629715749],[-97.16171411151352,49.89663109422143]]]]}},{"type":"Feature","properties":{"DGUID":"2021S051246110087","DAUID":"46110087","LANDAREA":0.0643,"PRUID":"46","fed_num":"46010","da_code":"46110087","geo_name":"46110087","name_source":{"label":"Statistics Canada Census Profile 2021 DA WDS","url":"https://www12.statcan.gc.ca/wds-sdw/2021profile-profil2021-eng.cfm"},"population":628,"status":"ok","source":{"label":"Statistics Canada Census Profile 2021 DA WDS","url":"https://www12.statcan.gc.ca/wds-sdw/2021profile-profil2021-eng.cfm"},"community_name":"Winnipeg","community_source":{"label":"Statistics Canada 2021 census subdivision boundaries (spatial lookup)","url":"https://geo.statcan.gc.ca/geo_wa/rest/services/2021/Cartographic_boundary_files/MapServer/9"},"community_display":"Winnipeg","is_unorganized":false,"panel_title":"Winnipeg","display_label":"Winnipeg","map_label":"46110087"},"geometry":{"type":"MultiPolygon","coordinates":[[[[-97.16389760556314,49.89670169665252],[-97.16417328672898,49.893108101991885],[-97.16531399726671,49.893135110058516],[-97.1663705102977,49.89317880366312],[-97.16616460279067,49.89677359184595],[-97.16505199033813,49.896738011440405],[-97.16389760556314,49.89670169665252]]]]}},{"type":"Feature","properties":{"DGUID":"2021S051246110088","DAUID":"46110088","LANDAREA":0.0687,"PRUID":"46","fed_num":"46010","da_code":"46110088","geo_name":"46110088","name_source":{"label":"Statistics Canada Census Profile 2021 DA WDS","url":"https://www12.statcan.gc.ca/wds-sdw/2021profile-profil2021-eng.cfm"},"population":539,"status":"ok","source":{"label":"Statistics Canada Census Profile 2021 DA WDS","url":"https://www12.statcan.gc.ca/wds-sdw/2021profile-profil2021-eng.cfm"},"community_name":"Winnipeg","community_source":{"label":"Statistics Canada 2021 census subdivision boundaries (spatial lookup)","url":"https://geo.statcan.gc.ca/geo_wa/rest/services/2021/Cartographic_boundary_files/MapServer/9"},"community_display":"Winnipeg","is_unorganized":false,"panel_title":"Winnipeg","display_label":"Winnipeg","map_label":"46110088"},"geometry":{"type":"MultiPolygon","coordinates":[[[[-97.16616460279067,49.89677359184595],[-97.1663705102977,49.89317880366312],[-97.1675529950003,49.89320650655312],[-97.16876189045952,49.89327060888523],[-97.1685430142022,49.896847104100964],[-97.16736079248493,49.89681049554314],[-97.16616460279067,49.89677359184595]]]]}},{"type":"Feature","properties":{"DGUID":"2021S051246110089","DAUID":"46110089","LANDAREA":0.0907,"PRUID":"46","fed_num":"46010","da_code":"46110089","geo_name":"46110089","name_source":{"label":"Statistics Canada Census Profile 2021 DA WDS","url":"https://www12.statcan.gc.ca/wds-sdw/2021profile-profil2021-eng.cfm"},"population":515,"status":"ok","source":{"label":"Statistics Canada Census Profile 2021 DA WDS","url":"https://www12.statcan.gc.ca/wds-sdw/2021profile-profil2021-eng.cfm"},"community_name":"Winnipeg","community_source":{"label":"Statistics Canada 2021 census subdivision boundaries (spatial lookup)","url":"https://geo.statcan.gc.ca/geo_wa/rest/services/2021/Cartographic_boundary_files/MapServer/9"},"community_display":"Winnipeg","is_unorganized":false,"panel_title":"Winnipeg","display_label":"Winnipeg","map_label":"46110089"},"geometry":{"type":"MultiPolygon","coordinates":[[[[-97.1685430142022,49.896847104100964],[-97.16876189045952,49.89327060888523],[-97.17037549392538,49.89331408782593],[-97.17189161313199,49.893356003186476],[-97.1718780065434,49.89445309591638],[-97.17178831859391,49.89571998865073],[-97.17168709693642,49.89655500396011],[-97.17170001541653,49.89695091194469],[-97.17058739337216,49.896915394064145],[-97.1698919152487,49.89689539235759],[-97.1685430142022,49.896847104100964]]]]}},{"type":"Feature","properties":{"DGUID":"2021S051246110090","DAUID":"46110090","LANDAREA":0.0632,"PRUID":"46","fed_num":"46010","da_code":"46110090","geo_name":"46110090","name_source":{"label":"Statistics Canada Census Profile 2021 DA WDS","url":"https://www12.statcan.gc.ca/wds-sdw/2021profile-profil2021-eng.cfm"},"population":476,"status":"ok","source":{"label":"Statistics Canada Census Profile 2021 DA WDS","url":"https://www12.statcan.gc.ca/wds-sdw/2021profile-profil2021-eng.cfm"},"community_name":"Winnipeg","community_source":{"label":"Statistics Canada 2021 census subdivision boundaries (spatial lookup)","url":"https://geo.statcan.gc.ca/geo_wa/rest/services/2021/Cartographic_boundary_files/MapServer/9"},"community_display":"Winnipeg","is_unorganized":false,"panel_title":"Winnipeg","display_label":"Winnipeg","map_label":"46110090"},"geometry":{"type":"MultiPolygon","coordinates":[[[[-97.1718780065434,49.89445309591638],[-97.17189161313199,49.893356003186476],[-97.17301841304504,49.893382691101486],[-97.1741449171818,49.893418512260205],[-97.17387029742734,49.89700310163347],[-97.172743116584,49.89698538743352],[-97.17170001541653,49.89695091194469],[-97.17168709693642,49.89655500396011],[-97.17178831859391,49.89571998865073],[-97.1718780065434,49.89445309591638]]]]}},{"type":"Feature","properties":{"DGUID":"2021S051246110091","DAUID":"46110091","LANDAREA":0.1005,"PRUID":"46","fed_num":"46010","da_code":"46110091","geo_name":"46110091","name_source":{"label":"Statistics Canada Census Profile 2021 DA WDS","url":"https://www12.statcan.gc.ca/wds-sdw/2021profile-profil2021-eng.cfm"},"population":617,"status":"ok","source":{"label":"Statistics Canada Census Profile 2021 DA WDS","url":"https://www12.statcan.gc.ca/wds-sdw/2021profile-profil2021-eng.cfm"},"community_name":"Winnipeg","community_source":{"label":"Statistics Canada 2021 census subdivision boundaries (spatial lookup)","url":"https://geo.statcan.gc.ca/geo_wa/rest/services/2021/Cartographic_boundary_files/MapServer/9"},"community_display":"Winnipeg","is_unorganized":false,"panel_title":"Winnipeg","display_label":"Winnipeg","map_label":"46110091"},"geometry":{"type":"MultiPolygon","coordinates":[[[[-97.17387029742734,49.89700310163347],[-97.1741449171818,49.893418512260205],[-97.17529888851648,49.893463595792554],[-97.17650880337692,49.89350070186084],[-97.17766381172402,49.89351880295315],[-97.17736139713061,49.897112112912275],[-97.17620698433112,49.8970758910192],[-97.17499689824305,49.89703888781374],[-97.17387029742734,49.89700310163347]]]]}},{"type":"Feature","properties":{"DGUID":"2021S051246110092","DAUID":"46110092","LANDAREA":0.09,"PRUID":"46","fed_num":"46010","da_code":"46110092","geo_name":"46110092","name_source":{"label":"Statistics Canada Census Profile 2021 DA WDS","url":"https://www12.statcan.gc.ca/wds-sdw/2021profile-profil2021-eng.cfm"},"population":482,"status":"ok","source":{"label":"Statistics Canada Census Profile 2021 DA WDS","url":"https://www12.statcan.gc.ca/wds-sdw/2021profile-profil2021-eng.cfm"},"community_name":"Winnipeg","community_source":{"label":"Statistics Canada 2021 census subdivision boundaries (spatial lookup)","url":"https://geo.statcan.gc.ca/geo_wa/rest/services/2021/Cartographic_boundary_files/MapServer/9"},"community_display":"Winnipeg","is_unorganized":false,"panel_title":"Winnipeg","display_label":"Winnipeg","map_label":"46110092"},"geometry":{"type":"MultiPolygon","coordinates":[[[[-97.1741449171818,49.893418512260205],[-97.17439160522792,49.89020209521134],[-97.17555938158085,49.8902475106241],[-97.17674139200452,49.890284099111],[-97.17779859919737,49.89030970500703],[-97.17781130402238,49.891452290399656],[-97.17766381172402,49.89351880295315],[-97.17650880337692,49.89350070186084],[-97.17529888851648,49.893463595792554],[-97.1741449171818,49.893418512260205]]]]}},{"type":"Feature","properties":{"DGUID":"2021S051246110093","DAUID":"46110093","LANDAREA":0.0581,"PRUID":"46","fed_num":"46010","da_code":"46110093","geo_name":"46110093","name_source":{"label":"Statistics Canada Census Profile 2021 DA WDS","url":"https://www12.statcan.gc.ca/wds-sdw/2021profile-profil2021-eng.cfm"},"population":404,"status":"ok","source":{"label":"Statistics Canada Census Profile 2021 DA WDS","url":"https://www12.statcan.gc.ca/wds-sdw/2021profile-profil2021-eng.cfm"},"community_name":"Winnipeg","community_source":{"label":"Statistics Canada 2021 census subdivision boundaries (spatial lookup)","url":"https://geo.statcan.gc.ca/geo_wa/rest/services/2021/Cartographic_boundary_files/MapServer/9"},"community_display":"Winnipeg","is_unorganized":false,"panel_title":"Winnipeg","display_label":"Winnipeg","map_label":"46110093"},"geometry":{"type":"MultiPolygon","coordinates":[[[[-97.17189161313199,49.893356003186476],[-97.17213868880435,49.890130709748625],[-97.17325120800277,49.890166204962966],[-97.17439160522792,49.89020209521134],[-97.1741449171818,49.893418512260205],[-97.17301841304504,49.893382691101486],[-97.17189161313199,49.893356003186476]]]]}},{"type":"Feature","properties":{"DGUID":"2021S051246110094","DAUID":"46110094","LANDAREA":0.0805,"PRUID":"46","fed_num":"46010","da_code":"46110094","geo_name":"46110094","name_source":{"label":"Statistics Canada Census Profile 2021 DA WDS","url":"https://www12.statcan.gc.ca/wds-sdw/2021profile-profil2021-eng.cfm"},"population":678,"status":"ok","source":{"label":"Statistics Canada Census Profile 2021 DA WDS","url":"https://www12.statcan.gc.ca/wds-sdw/2021profile-profil2021-eng.cfm"},"community_name":"Winnipeg","community_source":{"label":"Statistics Canada 2021 census subdivision boundaries (spatial lookup)","url":"https://geo.statcan.gc.ca/geo_wa/rest/services/2021/Cartographic_boundary_files/MapServer/9"},"community_display":"Winnipeg","is_unorganized":false,"panel_title":"Winnipeg","display_label":"Winnipeg","map_label":"46110094"},"geometry":{"type":"MultiPolygon","coordinates":[[[[-97.16890141408213,49.89163338888864],[-97.16903748167772,49.89003671150271],[-97.17060879668752,49.89008848837592],[-97.17213868880435,49.890130709748625],[-97.17189161313199,49.893356003186476],[-97.17037549392538,49.89331408782593],[-97.16876189045952,49.89327060888523],[-97.16890141408213,49.89163338888864]]]]}},{"type":"Feature","properties":{"DGUID":"2021S051246110095","DAUID":"46110095","LANDAREA":0.0614,"PRUID":"46","fed_num":"46010","da_code":"46110095","geo_name":"46110095","name_source":{"label":"Statistics Canada Census Profile 2021 DA WDS","url":"https://www12.statcan.gc.ca/wds-sdw/2021profile-profil2021-eng.cfm"},"population":442,"status":"ok","source":{"label":"Statistics Canada Census Profile 2021 DA WDS","url":"https://www12.statcan.gc.ca/wds-sdw/2021profile-profil2021-eng.cfm"},"community_name":"Winnipeg","community_source":{"label":"Statistics Canada 2021 census subdivision boundaries (spatial lookup)","url":"https://geo.statcan.gc.ca/geo_wa/rest/services/2021/Cartographic_boundary_files/MapServer/9"},"community_display":"Winnipeg","is_unorganized":false,"panel_title":"Winnipeg","display_label":"Winnipeg","map_label":"46110095"},"geometry":{"type":"MultiPolygon","coordinates":[[[[-97.1663705102977,49.89317880366312],[-97.16665910499151,49.88997220698948],[-97.16782760601515,49.88999959542007],[-97.16903748167772,49.89003671150271],[-97.16890141408213,49.89163338888864],[-97.16876189045952,49.89327060888523],[-97.1675529950003,49.89320650655312],[-97.1663705102977,49.89317880366312]]]]}},{"type":"Feature","properties":{"DGUID":"2021S051246110096","DAUID":"46110096","LANDAREA":0.0566,"PRUID":"46","fed_num":"46010","da_code":"46110096","geo_name":"46110096","name_source":{"label":"Statistics Canada Census Profile 2021 DA WDS","url":"https://www12.statcan.gc.ca/wds-sdw/2021profile-profil2021-eng.cfm"},"population":489,"status":"ok","source":{"label":"Statistics Canada Census Profile 2021 DA WDS","url":"https://www12.statcan.gc.ca/wds-sdw/2021profile-profil2021-eng.cfm"},"community_name":"Winnipeg","community_source":{"label":"Statistics Canada 2021 census subdivision boundaries (spatial lookup)","url":"https://geo.statcan.gc.ca/geo_wa/rest/services/2021/Cartographic_boundary_files/MapServer/9"},"community_display":"Winnipeg","is_unorganized":false,"panel_title":"Winnipeg","display_label":"Winnipeg","map_label":"46110096"},"geometry":{"type":"MultiPolygon","coordinates":[[[[-97.16417328672898,49.893108101991885],[-97.1644480813238,49.88990120568251],[-97.16553271514145,49.88993640335543],[-97.16665910499151,49.88997220698948],[-97.1663705102977,49.89317880366312],[-97.16531399726671,49.893135110058516],[-97.16417328672898,49.893108101991885]]]]}},{"type":"Feature","properties":{"DGUID":"2021S051246110097","DAUID":"46110097","LANDAREA":0.0571,"PRUID":"46","fed_num":"46010","da_code":"46110097","geo_name":"46110097","name_source":{"label":"Statistics Canada Census Profile 2021 DA WDS","url":"https://www12.statcan.gc.ca/wds-sdw/2021profile-profil2021-eng.cfm"},"population":498,"status":"ok","source":{"label":"Statistics Canada Census Profile 2021 DA WDS","url":"https://www12.statcan.gc.ca/wds-sdw/2021profile-profil2021-eng.cfm"},"community_name":"Winnipeg","community_source":{"label":"Statistics Canada 2021 census subdivision boundaries (spatial lookup)","url":"https://geo.statcan.gc.ca/geo_wa/rest/services/2021/Cartographic_boundary_files/MapServer/9"},"community_display":"Winnipeg","is_unorganized":false,"panel_title":"Winnipeg","display_label":"Winnipeg","map_label":"46110097"},"geometry":{"type":"MultiPolygon","coordinates":[[[[-97.16198990364424,49.893037510850384],[-97.16218139003033,49.88982930267516],[-97.16271138601682,49.889850411743524],[-97.16330740809603,49.88987408729531],[-97.1644480813238,49.88990120568251],[-97.16417328672898,49.893108101991885],[-97.16303288735683,49.89307201167458],[-97.16198990364424,49.893037510850384]]]]}},{"type":"Feature","properties":{"DGUID":"2021S051246110098","DAUID":"46110098","LANDAREA":0.0463,"PRUID":"46","fed_num":"46010","da_code":"46110098","geo_name":"46110098","name_source":{"label":"Statistics Canada Census Profile 2021 DA WDS","url":"https://www12.statcan.gc.ca/wds-sdw/2021profile-profil2021-eng.cfm"},"population":431,"status":"ok","source":{"label":"Statistics Canada Census Profile 2021 DA WDS","url":"https://www12.statcan.gc.ca/wds-sdw/2021profile-profil2021-eng.cfm"},"community_name":"Winnipeg","community_source":{"label":"Statistics Canada 2021 census subdivision boundaries (spatial lookup)","url":"https://geo.statcan.gc.ca/geo_wa/rest/services/2021/Cartographic_boundary_files/MapServer/9"},"community_display":"Winnipeg","is_unorganized":false,"panel_title":"Winnipeg","display_label":"Winnipeg","map_label":"46110098"},"geometry":{"type":"MultiPolygon","coordinates":[[[[-97.1601541109704,49.89298140209728],[-97.16039338298363,49.88978501055599],[-97.16109608875227,49.88981210535346],[-97.16147139525103,49.88982699774797],[-97.16218139003033,49.88982930267516],[-97.16198990364424,49.893037510850384],[-97.16082171311554,49.89300100521281],[-97.1601541109704,49.89298140209728]]]]}},{"type":"Feature","properties":{"DGUID":"2021S051246110099","DAUID":"46110099","LANDAREA":0.0547,"PRUID":"46","fed_num":"46010","da_code":"46110099","geo_name":"46110099","name_source":{"label":"Statistics Canada Census Profile 2021 DA WDS","url":"https://www12.statcan.gc.ca/wds-sdw/2021profile-profil2021-eng.cfm"},"population":433,"status":"ok","source":{"label":"Statistics Canada Census Profile 2021 DA WDS","url":"https://www12.statcan.gc.ca/wds-sdw/2021profile-profil2021-eng.cfm"},"community_name":"Winnipeg","community_source":{"label":"Statistics Canada 2021 census subdivision boundaries (spatial lookup)","url":"https://geo.statcan.gc.ca/geo_wa/rest/services/2021/Cartographic_boundary_files/MapServer/9"},"community_display":"Winnipeg","is_unorganized":false,"panel_title":"Winnipeg","display_label":"Winnipeg","map_label":"46110099"},"geometry":{"type":"MultiPolygon","coordinates":[[[[-97.15903031344945,49.888484006799416],[-97.16052201970146,49.888066905400436],[-97.16039338298363,49.88978501055599],[-97.1601541109704,49.89298140209728],[-97.15869398112221,49.89293119599308],[-97.15886307960244,49.89069567181162],[-97.15901561673334,49.88867841125827],[-97.15903031344945,49.888484006799416]]]]}},{"type":"Feature","properties":{"DGUID":"2021S051246110100","DAUID":"46110100","LANDAREA":0.103,"PRUID":"46","fed_num":"46010","da_code":"46110100","geo_name":"46110100","name_source":{"label":"Statistics Canada Census Profile 2021 DA WDS","url":"https://www12.statcan.gc.ca/wds-sdw/2021profile-profil2021-eng.cfm"},"population":645,"status":"ok","source":{"label":"Statistics Canada Census Profile 2021 DA WDS","url":"https://www12.statcan.gc.ca/wds-sdw/2021profile-profil2021-eng.cfm"},"community_name":"Winnipeg","community_source":{"label":"Statistics Canada 2021 census subdivision boundaries (spatial lookup)","url":"https://geo.statcan.gc.ca/geo_wa/rest/services/2021/Cartographic_boundary_files/MapServer/9"},"community_display":"Winnipeg","is_unorganized":false,"panel_title":"Winnipeg","display_label":"Winnipeg","map_label":"46110100"},"geometry":{"type":"MultiPolygon","coordinates":[[[[-97.16515039363483,49.886800002041944],[-97.16574129551844,49.88663849629699],[-97.16566422376347,49.88785717356067],[-97.16553271514145,49.88993640335543],[-97.1644480813238,49.88990120568251],[-97.16330740809603,49.88987408729531],[-97.16271138601682,49.889850411743524],[-97.16218139003033,49.88982930267516],[-97.16147139525103,49.88982699774797],[-97.16109608875227,49.88981210535346],[-97.16039338298363,49.88978501055599],[-97.16052201970146,49.888066905400436],[-97.16166160456592,49.88775219868574],[-97.16222468612258,49.88759019742777],[-97.16237119981605,49.88755643467812],[-97.16277241183228,49.88746398800604],[-97.16289279634593,49.887429693608055],[-97.1634901975038,49.88725949767548],[-97.16405111283241,49.88710220599172],[-97.16464408279276,49.886935888461736],[-97.16499569791428,49.88684259020254],[-97.16515039363483,49.886800002041944]]]]}},{"type":"Feature","properties":{"DGUID":"2021S051246110101","DAUID":"46110101","LANDAREA":0.0684,"PRUID":"46","fed_num":"46010","da_code":"46110101","geo_name":"46110101","name_source":{"label":"Statistics Canada Census Profile 2021 DA WDS","url":"https://www12.statcan.gc.ca/wds-sdw/2021profile-profil2021-eng.cfm"},"population":402,"status":"ok","source":{"label":"Statistics Canada Census Profile 2021 DA WDS","url":"https://www12.statcan.gc.ca/wds-sdw/2021profile-profil2021-eng.cfm"},"community_name":"Winnipeg","community_source":{"label":"Statistics Canada 2021 census subdivision boundaries (spatial lookup)","url":"https://geo.statcan.gc.ca/geo_wa/rest/services/2021/Cartographic_boundary_files/MapServer/9"},"community_display":"Winnipeg","is_unorganized":false,"panel_title":"Winnipeg","display_label":"Winnipeg","map_label":"46110101"},"geometry":{"type":"MultiPolygon","coordinates":[[[[-97.16696470327962,49.88631599590824],[-97.16817451016612,49.885984411576764],[-97.16782760601515,49.88999959542007],[-97.16665910499151,49.88997220698948],[-97.16553271514145,49.88993640335543],[-97.16566422376347,49.88785717356067],[-97.16574129551844,49.88663849629699],[-97.1661450115066,49.88653208916296],[-97.16696470327962,49.88631599590824]]]]}},{"type":"Feature","properties":{"DGUID":"2021S051246110102","DAUID":"46110102","LANDAREA":0.0714,"PRUID":"46","fed_num":"46010","da_code":"46110102","geo_name":"46110102","name_source":{"label":"Statistics Canada Census Profile 2021 DA WDS","url":"https://www12.statcan.gc.ca/wds-sdw/2021profile-profil2021-eng.cfm"},"population":408,"status":"ok","source":{"label":"Statistics Canada Census Profile 2021 DA WDS","url":"https://www12.statcan.gc.ca/wds-sdw/2021profile-profil2021-eng.cfm"},"community_name":"Winnipeg","community_source":{"label":"Statistics Canada 2021 census subdivision boundaries (spatial lookup)","url":"https://geo.statcan.gc.ca/geo_wa/rest/services/2021/Cartographic_boundary_files/MapServer/9"},"community_display":"Winnipeg","is_unorganized":false,"panel_title":"Winnipeg","display_label":"Winnipeg","map_label":"46110102"},"geometry":{"type":"MultiPolygon","coordinates":[[[[-97.16782760601515,49.88999959542007],[-97.16817451016612,49.885984411576764],[-97.16941179929475,49.885662112947315],[-97.17043500880148,49.885391886926556],[-97.17098680990271,49.88524619325089],[-97.17084611362846,49.88722099379623],[-97.17079440562304,49.887947010009896],[-97.16922030498108,49.88789999499821],[-97.16903748167772,49.89003671150271],[-97.16782760601515,49.88999959542007]]]]}},{"type":"Feature","properties":{"DGUID":"2021S051246110103","DAUID":"46110103","LANDAREA":0.0886,"PRUID":"46","fed_num":"46010","da_code":"46110103","geo_name":"46110103","name_source":{"label":"Statistics Canada Census Profile 2021 DA WDS","url":"https://www12.statcan.gc.ca/wds-sdw/2021profile-profil2021-eng.cfm"},"population":220,"status":"ok","source":{"label":"Statistics Canada Census Profile 2021 DA WDS","url":"https://www12.statcan.gc.ca/wds-sdw/2021profile-profil2021-eng.cfm"},"community_name":"Winnipeg","community_source":{"label":"Statistics Canada 2021 census subdivision boundaries (spatial lookup)","url":"https://geo.statcan.gc.ca/geo_wa/rest/services/2021/Cartographic_boundary_files/MapServer/9"},"community_display":"Winnipeg","is_unorganized":false,"panel_title":"Winnipeg","display_label":"Winnipeg","map_label":"46110103"},"geometry":{"type":"MultiPolygon","coordinates":[[[[-97.16903748167772,49.89003671150271],[-97.16922030498108,49.88789999499821],[-97.17079440562304,49.887947010009896],[-97.17084611362846,49.88722099379623],[-97.17098680990271,49.88524619325089],[-97.17136621909803,49.885153206436094],[-97.17151501076806,49.885132212291154],[-97.17256978458806,49.884983290496606],[-97.17237809968825,49.88727279104983],[-97.17213868880435,49.890130709748625],[-97.17060879668752,49.89008848837592],[-97.16903748167772,49.89003671150271]]]]}},{"type":"Feature","properties":{"DGUID":"2021S051246110104","DAUID":"46110104","LANDAREA":0.0961,"PRUID":"46","fed_num":"46010","da_code":"46110104","geo_name":"46110104","name_source":{"label":"Statistics Canada Census Profile 2021 DA WDS","url":"https://www12.statcan.gc.ca/wds-sdw/2021profile-profil2021-eng.cfm"},"population":649,"status":"ok","source":{"label":"Statistics Canada Census Profile 2021 DA WDS","url":"https://www12.statcan.gc.ca/wds-sdw/2021profile-profil2021-eng.cfm"},"community_name":"Winnipeg","community_source":{"label":"Statistics Canada 2021 census subdivision boundaries (spatial lookup)","url":"https://geo.statcan.gc.ca/geo_wa/rest/services/2021/Cartographic_boundary_files/MapServer/9"},"community_display":"Winnipeg","is_unorganized":false,"panel_title":"Winnipeg","display_label":"Winnipeg","map_label":"46110104"},"geometry":{"type":"MultiPolygon","coordinates":[[[[-97.17368868242497,49.88484801370531],[-97.1748498829402,49.88469541083153],[-97.17471406920588,49.88632739552962],[-97.1745944280169,49.88776528670242],[-97.17439160522792,49.89020209521134],[-97.17325120800277,49.890166204962966],[-97.17213868880435,49.890130709748625],[-97.17237809968825,49.88727279104983],[-97.17256978458806,49.884983290496606],[-97.17368868242497,49.88484801370531]]]]}},{"type":"Feature","properties":{"DGUID":"2021S051246110105","DAUID":"46110105","LANDAREA":0.0841,"PRUID":"46","fed_num":"46010","da_code":"46110105","geo_name":"46110105","name_source":{"label":"Statistics Canada Census Profile 2021 DA WDS","url":"https://www12.statcan.gc.ca/wds-sdw/2021profile-profil2021-eng.cfm"},"population":499,"status":"ok","source":{"label":"Statistics Canada Census Profile 2021 DA WDS","url":"https://www12.statcan.gc.ca/wds-sdw/2021profile-profil2021-eng.cfm"},"community_name":"Winnipeg","community_source":{"label":"Statistics Canada 2021 census subdivision boundaries (spatial lookup)","url":"https://geo.statcan.gc.ca/geo_wa/rest/services/2021/Cartographic_boundary_files/MapServer/9"},"community_display":"Winnipeg","is_unorganized":false,"panel_title":"Winnipeg","display_label":"Winnipeg","map_label":"46110105"},"geometry":{"type":"MultiPolygon","coordinates":[[[[-97.1748498829402,49.88469541083153],[-97.17602471413628,49.88455198858817],[-97.17582700291209,49.88684260458729],[-97.17699539460115,49.88686998879319],[-97.17674139200452,49.890284099111],[-97.17555938158085,49.8902475106241],[-97.17439160522792,49.89020209521134],[-97.1745944280169,49.88776528670242],[-97.17471406920588,49.88632739552962],[-97.1748498829402,49.88469541083153]]]]}},{"type":"Feature","properties":{"DGUID":"2021S051246110106","DAUID":"46110106","LANDAREA":0.1861,"PRUID":"46","fed_num":"46010","da_code":"46110106","geo_name":"46110106","name_source":{"label":"Statistics Canada Census Profile 2021 DA WDS","url":"https://www12.statcan.gc.ca/wds-sdw/2021profile-profil2021-eng.cfm"},"population":680,"status":"ok","source":{"label":"Statistics Canada Census Profile 2021 DA WDS","url":"https://www12.statcan.gc.ca/wds-sdw/2021profile-profil2021-eng.cfm"},"community_name":"Winnipeg","community_source":{"label":"Statistics Canada 2021 census subdivision boundaries (spatial lookup)","url":"https://geo.statcan.gc.ca/geo_wa/rest/services/2021/Cartographic_boundary_files/MapServer/9"},"community_display":"Winnipeg","is_unorganized":false,"panel_title":"Winnipeg","display_label":"Winnipeg","map_label":"46110106"},"geometry":{"type":"MultiPolygon","coordinates":[[[[-97.17674139200452,49.890284099111],[-97.17699539460115,49.88686998879319],[-97.17805251412369,49.88689559165619],[-97.17930371644458,49.88694229094796],[-97.18019419932791,49.8869561932691],[-97.18155711153267,49.886995605006945],[-97.18269728233048,49.88703150999063],[-97.183681316838,49.887062638000316],[-97.18367736794865,49.887109975966965],[-97.18366765962116,49.887225880826236],[-97.18365780498254,49.887336336342244],[-97.18369655591766,49.8887874636341],[-97.18359497476447,49.890085060446545],[-97.18359395329122,49.89011206630011],[-97.1835844652614,49.890179361429105],[-97.18355909468117,49.89049925338803],[-97.18242920012806,49.890463391442566],[-97.18126098183531,49.89042710725964],[-97.17987018909774,49.89038720140177],[-97.17779859919737,49.89030970500703],[-97.17674139200452,49.890284099111]]]]}},{"type":"Feature","properties":{"DGUID":"2021S051246110107","DAUID":"46110107","LANDAREA":0.1821,"PRUID":"46","fed_num":"46010","da_code":"46110107","geo_name":"46110107","name_source":{"label":"Statistics Canada Census Profile 2021 DA WDS","url":"https://www12.statcan.gc.ca/wds-sdw/2021profile-profil2021-eng.cfm"},"population":530,"status":"ok","source":{"label":"Statistics Canada Census Profile 2021 DA WDS","url":"https://www12.statcan.gc.ca/wds-sdw/2021profile-profil2021-eng.cfm"},"community_name":"Winnipeg","community_source":{"label":"Statistics Canada 2021 census subdivision boundaries (spatial lookup)","url":"https://geo.statcan.gc.ca/geo_wa/rest/services/2021/Cartographic_boundary_files/MapServer/9"},"community_display":"Winnipeg","is_unorganized":false,"panel_title":"Winnipeg","display_label":"Winnipeg","map_label":"46110107"},"geometry":{"type":"MultiPolygon","coordinates":[[[[-97.18355701486676,49.88358799234162],[-97.18391598774173,49.88354080587394],[-97.18378839071639,49.88578001659803],[-97.18370129126019,49.886823401156136],[-97.18369238180351,49.88693033958899],[-97.18368264090405,49.88704691860839],[-97.183681316838,49.887062638000316],[-97.18269728233048,49.88703150999063],[-97.18155711153267,49.886995605006945],[-97.18019419932791,49.8869561932691],[-97.17930371644458,49.88694229094796],[-97.17805251412369,49.88689559165619],[-97.17699539460115,49.88686998879319],[-97.17582700291209,49.88684260458729],[-97.17602471413628,49.88455198858817],[-97.1771290171538,49.88441109821743],[-97.17822089796883,49.88427169457883],[-97.17959179187112,49.884095408032415],[-97.1804170982485,49.88399140106548],[-97.18098900451618,49.88391780704581],[-97.18178800314078,49.883815004906225],[-97.18227761114878,49.88375069360966],[-97.18286500796482,49.88367899151383],[-97.18355701486676,49.88358799234162]]]]}},{"type":"Feature","properties":{"DGUID":"2021S051246110108","DAUID":"46110108","LANDAREA":0.1167,"PRUID":"46","fed_num":"46010","da_code":"46110108","geo_name":"46110108","name_source":{"label":"Statistics Canada Census Profile 2021 DA WDS","url":"https://www12.statcan.gc.ca/wds-sdw/2021profile-profil2021-eng.cfm"},"population":564,"status":"ok","source":{"label":"Statistics Canada Census Profile 2021 DA WDS","url":"https://www12.statcan.gc.ca/wds-sdw/2021profile-profil2021-eng.cfm"},"community_name":"Winnipeg","community_source":{"label":"Statistics Canada 2021 census subdivision boundaries (spatial lookup)","url":"https://geo.statcan.gc.ca/geo_wa/rest/services/2021/Cartographic_boundary_files/MapServer/9"},"community_display":"Winnipeg","is_unorganized":false,"panel_title":"Winnipeg","display_label":"Winnipeg","map_label":"46110108"},"geometry":{"type":"MultiPolygon","coordinates":[[[[-97.1748682113606,49.88457881051189],[-97.17510018630433,49.881749004300836],[-97.1762539138696,49.881794096183405],[-97.17733870331105,49.88182019465785],[-97.178465006891,49.88185590712435],[-97.17864078580621,49.879771804617086],[-97.17993430216241,49.880169899588374],[-97.1796100932589,49.88397870434098],[-97.17959179187112,49.884095408032415],[-97.17822089796883,49.88427169457883],[-97.1771290171538,49.88441109821743],[-97.17602471413628,49.88455198858817],[-97.1748498829402,49.88469541083153],[-97.1748682113606,49.88457881051189]]]]}},{"type":"Feature","properties":{"DGUID":"2021S051246110109","DAUID":"46110109","LANDAREA":0.1271,"PRUID":"46","fed_num":"46010","da_code":"46110109","geo_name":"46110109","name_source":{"label":"Statistics Canada Census Profile 2021 DA WDS","url":"https://www12.statcan.gc.ca/wds-sdw/2021profile-profil2021-eng.cfm"},"population":603,"status":"ok","source":{"label":"Statistics Canada Census Profile 2021 DA WDS","url":"https://www12.statcan.gc.ca/wds-sdw/2021profile-profil2021-eng.cfm"},"community_name":"Winnipeg","community_source":{"label":"Statistics Canada 2021 census subdivision boundaries (spatial lookup)","url":"https://geo.statcan.gc.ca/geo_wa/rest/services/2021/Cartographic_boundary_files/MapServer/9"},"community_display":"Winnipeg","is_unorganized":false,"panel_title":"Winnipeg","display_label":"Winnipeg","map_label":"46110109"},"geometry":{"type":"MultiPolygon","coordinates":[[[[-97.1796100932589,49.88397870434098],[-97.17993430216241,49.880169899588374],[-97.18129640887842,49.88059610525137],[-97.18256038568043,49.88066988959649],[-97.18374150023702,49.88072440181149],[-97.18487549545979,49.880553206823755],[-97.18464569824977,49.88333809544402],[-97.18468910233719,49.883430483825926],[-97.18451578884111,49.88346200787599],[-97.18391598774173,49.88354080587394],[-97.18355701486676,49.88358799234162],[-97.18286500796482,49.88367899151383],[-97.18227761114878,49.88375069360966],[-97.18178800314078,49.883815004906225],[-97.18098900451618,49.88391780704581],[-97.1804170982485,49.88399140106548],[-97.17959179187112,49.884095408032415],[-97.1796100932589,49.88397870434098]]]]}},{"type":"Feature","properties":{"DGUID":"2021S051246110110","DAUID":"46110110","LANDAREA":0.1538,"PRUID":"46","fed_num":"46010","da_code":"46110110","geo_name":"46110110","name_source":{"label":"Statistics Canada Census Profile 2021 DA WDS","url":"https://www12.statcan.gc.ca/wds-sdw/2021profile-profil2021-eng.cfm"},"population":427,"status":"ok","source":{"label":"Statistics Canada Census Profile 2021 DA WDS","url":"https://www12.statcan.gc.ca/wds-sdw/2021profile-profil2021-eng.cfm"},"community_name":"Winnipeg","community_source":{"label":"Statistics Canada 2021 census subdivision boundaries (spatial lookup)","url":"https://geo.statcan.gc.ca/geo_wa/rest/services/2021/Cartographic_boundary_files/MapServer/9"},"community_display":"Winnipeg","is_unorganized":false,"panel_title":"Winnipeg","display_label":"Winnipeg","map_label":"46110110"},"geometry":{"type":"MultiPolygon","coordinates":[[[[-97.18378839071639,49.88578001659803],[-97.18391598774173,49.88354080587394],[-97.18451578884111,49.88346200787599],[-97.18468910233719,49.883430483825926],[-97.18524471529621,49.88332950350242],[-97.18632401633636,49.88313050384435],[-97.18748791315456,49.88290580383535],[-97.18806298312748,49.88278890707343],[-97.18861899072297,49.88268491129655],[-97.18912838373505,49.88258969763832],[-97.18964891739235,49.882490592708244],[-97.19026409845677,49.88237350002202],[-97.19013071769511,49.8840805032547],[-97.18903150454769,49.884063289627306],[-97.18884281865779,49.886875804120116],[-97.18774492053113,49.886822704752085],[-97.18786531031391,49.88546631174219],[-97.18612748192957,49.88540319898663],[-97.18599319757602,49.887128100028185],[-97.18494998764179,49.88710281147456],[-97.1838759871321,49.88706880739993],[-97.18379406671392,49.887066207313076],[-97.183681316838,49.887062638000316],[-97.18368264090405,49.88704691860839],[-97.18369238180351,49.88693033958899],[-97.18370129126019,49.886823401156136],[-97.18378839071639,49.88578001659803]]]]}},{"type":"Feature","properties":{"DGUID":"2021S051246110111","DAUID":"46110111","LANDAREA":0.1482,"PRUID":"46","fed_num":"46010","da_code":"46110111","geo_name":"46110111","name_source":{"label":"Statistics Canada Census Profile 2021 DA WDS","url":"https://www12.statcan.gc.ca/wds-sdw/2021profile-profil2021-eng.cfm"},"population":674,"status":"ok","source":{"label":"Statistics Canada Census Profile 2021 DA WDS","url":"https://www12.statcan.gc.ca/wds-sdw/2021profile-profil2021-eng.cfm"},"community_name":"Winnipeg","community_source":{"label":"Statistics Canada 2021 census subdivision boundaries (spatial lookup)","url":"https://geo.statcan.gc.ca/geo_wa/rest/services/2021/Cartographic_boundary_files/MapServer/9"},"community_display":"Winnipeg","is_unorganized":false,"panel_title":"Winnipeg","display_label":"Winnipeg","map_label":"46110111"},"geometry":{"type":"MultiPolygon","coordinates":[[[[-97.18988881013374,49.87938129766761],[-97.19037769584494,49.8793350095584],[-97.19079542044378,49.87933251042053],[-97.1909887955459,49.87937150298821],[-97.19104179450525,49.87944430617207],[-97.19082928054517,49.88214849455915],[-97.19082500689181,49.882265397821826],[-97.19026409845677,49.88237350002202],[-97.18964891739235,49.882490592708244],[-97.18912838373505,49.88258969763832],[-97.18861899072297,49.88268491129655],[-97.18806298312748,49.88278890707343],[-97.18748791315456,49.88290580383535],[-97.18632401633636,49.88313050384435],[-97.18524471529621,49.88332950350242],[-97.18468910233719,49.883430483825926],[-97.18464569824977,49.88333809544402],[-97.18487549545979,49.880553206823755],[-97.1850577151604,49.880520087322935],[-97.18597239136135,49.88025559584151],[-97.1865508936075,49.880048800979445],[-97.18763080993833,49.8798318016898],[-97.18876681996355,49.879606706693096],[-97.18988881013374,49.87938129766761]]]]}},{"type":"Feature","properties":{"DGUID":"2021S051246110112","DAUID":"46110112","LANDAREA":0.3543,"PRUID":"46","fed_num":"46010","da_code":"46110112","geo_name":"46110112","name_source":{"label":"Statistics Canada Census Profile 2021 DA WDS","url":"https://www12.statcan.gc.ca/wds-sdw/2021profile-profil2021-eng.cfm"},"population":525,"status":"ok","source":{"label":"Statistics Canada Census Profile 2021 DA WDS","url":"https://www12.statcan.gc.ca/wds-sdw/2021profile-profil2021-eng.cfm"},"community_name":"Winnipeg","community_source":{"label":"Statistics Canada 2021 census subdivision boundaries (spatial lookup)","url":"https://geo.statcan.gc.ca/geo_wa/rest/services/2021/Cartographic_boundary_files/MapServer/9"},"community_display":"Winnipeg","is_unorganized":false,"panel_title":"Winnipeg","display_label":"Winnipeg","map_label":"46110112"},"geometry":{"type":"MultiPolygon","coordinates":[[[[-97.19079542044378,49.87933251042053],[-97.19037769584494,49.8793350095584],[-97.18988881013374,49.87938129766761],[-97.18876681996355,49.879606706693096],[-97.18763080993833,49.8798318016898],[-97.1865508936075,49.880048800979445],[-97.18597239136135,49.88025559584151],[-97.1850577151604,49.880520087322935],[-97.18487549545979,49.880553206823755],[-97.18374150023702,49.88072440181149],[-97.18256038568043,49.88066988959649],[-97.18129640887842,49.88059610525137],[-97.17993430216241,49.880169899588374],[-97.17864078580621,49.879771804617086],[-97.17846200721687,49.87971500665352],[-97.17781050762959,49.879641800173665],[-97.1774905938886,49.87963680775725],[-97.1775482120964,49.8788461870452],[-97.17749520139178,49.878773404582624],[-97.17647688819426,49.878091712789335],[-97.17559439434383,49.8775020879091],[-97.17534598437356,49.877444291225494],[-97.17524207398088,49.87699588701854],[-97.17529555013293,49.87667659084374],[-97.17547883401096,49.87645887484143],[-97.17548731060377,49.87646159768592],[-97.17562574623184,49.87648173469822],[-97.17571856542317,49.876512432868935],[-97.175749778504,49.87651519369944],[-97.17579774815376,49.87653393693763],[-97.17593540627809,49.87657434026768],[-97.17599395004032,49.87659098579762],[-97.17604555859361,49.87660754074649],[-97.17613482249075,49.87664044809913],[-97.17625162910277,49.87668053015889],[-97.17632020317768,49.87670633171621],[-97.17639604694682,49.87672553306943],[-97.17650278089685,49.876756435105584],[-97.17660175242526,49.876807438392404],[-97.17680383116664,49.8768937809793],[-97.17686907290357,49.87691733130556],[-97.17691686044428,49.8769405323345],[-97.17697861478963,49.876964038423424],[-97.17707777047997,49.877010582957595],[-97.1771626245919,49.877068142534526],[-97.1772161572225,49.87712519760274],[-97.177257052919,49.877148331551666],[-97.17736307307823,49.877197194373124],[-97.17744090979465,49.87725464190833],[-97.17751612244014,49.877291825499285],[-97.17757431513073,49.8773174894967],[-97.17765912750251,49.87737502517386],[-97.17779220278061,49.87744458887923],[-97.17781277885773,49.877453898756514],[-97.17786698181895,49.87749294263511],[-97.1779105822296,49.877536335943994],[-97.17797757307694,49.87760489603492],[-97.17802491589892,49.877641647031666],[-97.1780829297633,49.87767179476615],[-97.1781439321528,49.8777154364666],[-97.17824219619138,49.87778442567408],[-97.17837542819072,49.87785178198582],[-97.17841910111224,49.877892947035114],[-97.17848391457787,49.877927692484576],[-97.17858225918143,49.87799667710419],[-97.17879980107665,49.87813279395379],[-97.17883756682401,49.87814688951194],[-97.17891637006497,49.87817963653378],[-97.17894035491406,49.87818899459709],[-97.17900496125476,49.878230475381066],[-97.17907984984939,49.8782743999971],[-97.17914725782043,49.8783316349236],[-97.17921901148075,49.87836649595468],[-97.17933110305874,49.87844024518284],[-97.17940866204395,49.87850662947221],[-97.17945209564623,49.87855458332419],[-97.17955114336976,49.878603330188206],[-97.1797181139834,49.8786981368075],[-97.17982376369406,49.87875829397495],[-97.17990245430659,49.87879324484164],[-97.18005504867656,49.878899096537985],[-97.18015143250895,49.87892758106451],[-97.18026066108416,49.87898322508643],[-97.18036022389957,49.87902079642898],[-97.18048042120866,49.879063173784125],[-97.18058356868988,49.87909628353874],[-97.1807109179187,49.87913423898413],[-97.18081477982602,49.8791493866832],[-97.18084914934714,49.87915888070642],[-97.18122119761428,49.87925919138218],[-97.18125889711374,49.87927553985165],[-97.18142404360049,49.87932533743692],[-97.1814961594747,49.87935122885124],[-97.18154802107568,49.87936104324998],[-97.18162094391798,49.87936444163133],[-97.18173511572992,49.87938192709955],[-97.1818110781224,49.87939889420575],[-97.18193226391787,49.87941429285222],[-97.18206035722496,49.8794320331104],[-97.18236968201917,49.87944363580215],[-97.18249699422877,49.879481591134265],[-97.18271951005043,49.879487339628426],[-97.1828032116571,49.87948187740644],[-97.18292542304793,49.87947029567588],[-97.18320705521047,49.87947698084135],[-97.1833775049104,49.87947967568218],[-97.18343697272879,49.87947159372925],[-97.18357605909014,49.879473787896394],[-97.1836741725081,49.879455078517786],[-97.18391187757585,49.87942733655425],[-97.18404461969128,49.879413631411225],[-97.18414622382723,49.87939499116532],[-97.18421280942353,49.879382540361924],[-97.18437694941349,49.879367134575816],[-97.18449606991618,49.879346536754404],[-97.18463247824747,49.879328390678545],[-97.18474820687156,49.87930324323685],[-97.18485946190857,49.87930717553443],[-97.18498527425253,49.87929343056692],[-97.18499926335642,49.87929143151168],[-97.18512954379256,49.87925072755167],[-97.1852673674969,49.879194433089076],[-97.18535160139547,49.879175490892905],[-97.18540384953093,49.879174083532945],[-97.1855543137966,49.87915168329011],[-97.18567014897451,49.879124278840784],[-97.18578620254696,49.87909238806213],[-97.18588097367699,49.87907137456239],[-97.18599962740895,49.87906199896659],[-97.18620752136381,49.8789932950292],[-97.18642957227105,49.87891803032349],[-97.18650316322692,49.878903439705304],[-97.1865869740378,49.87889574402133],[-97.18673092619194,49.878862030329316],[-97.18715777514319,49.878801273313705],[-97.1872915031707,49.878760638204085],[-97.18747431327408,49.87871178285122],[-97.18763267112351,49.87866479522906],[-97.18772106182284,49.87862793514405],[-97.18786842870695,49.87859649170704],[-97.18803716920537,49.878549639101955],[-97.1882306072815,49.87849418019066],[-97.18838931713132,49.87843819763015],[-97.18846664375837,49.878416937193506],[-97.18875767543193,49.87835854172326],[-97.18889527809687,49.87830892665555],[-97.18896555455204,49.87828978076453],[-97.18914801036931,49.878249941819725],[-97.18933359998788,49.87821914002467],[-97.18948860148762,49.87816759820563],[-97.18971515850698,49.87815764516694],[-97.18989964927738,49.87815599815181],[-97.19004352182579,49.87812448211894],[-97.19022227536314,49.87809128179861],[-97.1904551039016,49.87809942764209],[-97.19057755490326,49.878081098649794],[-97.19070349676862,49.87806283886918],[-97.19109486834543,49.878113933094696],[-97.19139065747329,49.87811224878265],[-97.19147116343414,49.878111788747574],[-97.19234155929416,49.87818283530703],[-97.19271102266609,49.87826058701259],[-97.1928323197428,49.8782737419198],[-97.19296446030445,49.87827578208101],[-97.19314824948948,49.87829214219626],[-97.19353915985911,49.87835442509152],[-97.19400130264887,49.87837288293547],[-97.19424780585979,49.87838798542237],[-97.19430709208825,49.87838438098017],[-97.19436900878169,49.87838839285761],[-97.19448246475515,49.87839571221646],[-97.19453556496448,49.87841719470394],[-97.19463721937964,49.878410075730486],[-97.19477063425728,49.878424381285505],[-97.19495522053072,49.878455178473835],[-97.19548035102507,49.87846338372194],[-97.19606229991378,49.87844098365995],[-97.1961183158014,49.87843284842771],[-97.19624387007515,49.87842577558633],[-97.19644375226979,49.878383942407694],[-97.19687466291565,49.878307429530835],[-97.19745134902112,49.878239941909406],[-97.19767675930592,49.878166977098736],[-97.19788027312008,49.87812292637179],[-97.19836391715307,49.87803154305336],[-97.19844852155613,49.87800134431873],[-97.19854330777696,49.87797804139726],[-97.19871961149764,49.877915577139284],[-97.19891789565813,49.877824244847794],[-97.19913326902778,49.877742148550794],[-97.19922660179424,49.8776648946586],[-97.19943508964431,49.87757817989894],[-97.19958617580367,49.877540024578416],[-97.19972512206705,49.877452223502495],[-97.20010025418233,49.8773771475499],[-97.20039889618225,49.87730079351589],[-97.20057027758973,49.877278681848196],[-97.20073820521371,49.877254326300395],[-97.2013440286326,49.877151299030814],[-97.20143104621059,49.877126449610316],[-97.20145483433221,49.877168711709295],[-97.201485802142,49.87723078330303],[-97.20156305534749,49.87750035370042],[-97.20188669024493,49.87828180596198],[-97.20184739651862,49.87896480656292],[-97.20184739353124,49.878965091227855],[-97.20166359801576,49.88016730019414],[-97.20164597975008,49.88026599733168],[-97.20081918921414,49.880415013182215],[-97.20058100469048,49.88045629754996],[-97.19948780194454,49.88065520544798],[-97.1974976177046,49.881020089168274],[-97.19710500139588,49.8810948875262],[-97.19588588609011,49.881309795915016],[-97.19458271357811,49.88154140509211],[-97.1944899962483,49.881556987706084],[-97.19438661474669,49.881574286782886],[-97.19321804439083,49.881800100804426],[-97.19141400368528,49.88214860508478],[-97.19082500689181,49.882265397821826],[-97.19082928054517,49.88214849455915],[-97.19104179450525,49.87944430617207],[-97.1909887955459,49.87937150298821],[-97.19079542044378,49.87933251042053]]]]}},{"type":"Feature","properties":{"DGUID":"2021S051246110113","DAUID":"46110113","LANDAREA":0.7956,"PRUID":"46","fed_num":"46010","da_code":"46110113","geo_name":"46110113","name_source":{"label":"Statistics Canada Census Profile 2021 DA WDS","url":"https://www12.statcan.gc.ca/wds-sdw/2021profile-profil2021-eng.cfm"},"population":775,"status":"ok","source":{"label":"Statistics Canada Census Profile 2021 DA WDS","url":"https://www12.statcan.gc.ca/wds-sdw/2021profile-profil2021-eng.cfm"},"community_name":"Winnipeg","community_source":{"label":"Statistics Canada 2021 census subdivision boundaries (spatial lookup)","url":"https://geo.statcan.gc.ca/geo_wa/rest/services/2021/Cartographic_boundary_files/MapServer/9"},"community_display":"Winnipeg","is_unorganized":false,"panel_title":"Winnipeg","display_label":"Winnipeg","map_label":"46110113"},"geometry":{"type":"MultiPolygon","coordinates":[[[[-97.20081918921414,49.880415013182215],[-97.20164597975008,49.88026599733168],[-97.20161139304265,49.88082309903554],[-97.20151124788869,49.88229857729315],[-97.2014881905083,49.88263821092003],[-97.20138741308537,49.8831044046],[-97.2013805946778,49.883287971416955],[-97.20137438691052,49.883455003775396],[-97.20136969934845,49.88358080358188],[-97.20132378383893,49.88420841209112],[-97.2012566188164,49.885126210785664],[-97.20115038696943,49.886482804727564],[-97.20109768742722,49.88718170832708],[-97.20109248316041,49.88724970450416],[-97.20107574434921,49.88747180778634],[-97.20104060161334,49.88793829714465],[-97.20101178121763,49.888318004013904],[-97.20090420932672,49.8897352084087],[-97.20094361563734,49.889798687358805],[-97.20091030306605,49.8903198885463],[-97.2008651929558,49.890409192621476],[-97.20084733151789,49.89088915470792],[-97.20084279335983,49.891011509479966],[-97.19839480373412,49.890946502411815],[-97.19608590440994,49.89088358754196],[-97.19416199006851,49.89082431018775],[-97.19323398018935,49.89079570052152],[-97.19323196907814,49.89079562852921],[-97.19309879902396,49.890791521379356],[-97.19307082251537,49.8907906589234],[-97.19077341644392,49.89071980682493],[-97.19102739843686,49.88727869441862],[-97.19127120463436,49.88410728679209],[-97.19013071769511,49.8840805032547],[-97.19026409845677,49.88237350002202],[-97.19082500689181,49.882265397821826],[-97.19141400368528,49.88214860508478],[-97.19321804439083,49.881800100804426],[-97.19438661474669,49.881574286782886],[-97.1944899962483,49.881556987706084],[-97.19458271357811,49.88154140509211],[-97.19588588609011,49.881309795915016],[-97.19710500139588,49.8810948875262],[-97.1974976177046,49.881020089168274],[-97.19948780194454,49.88065520544798],[-97.20058100469048,49.88045629754996],[-97.20081918921414,49.880415013182215]]]]}},{"type":"Feature","properties":{"DGUID":"2021S051246110114","DAUID":"46110114","LANDAREA":0.0776,"PRUID":"46","fed_num":"46010","da_code":"46110114","geo_name":"46110114","name_source":{"label":"Statistics Canada Census Profile 2021 DA WDS","url":"https://www12.statcan.gc.ca/wds-sdw/2021profile-profil2021-eng.cfm"},"population":455,"status":"ok","source":{"label":"Statistics Canada Census Profile 2021 DA WDS","url":"https://www12.statcan.gc.ca/wds-sdw/2021profile-profil2021-eng.cfm"},"community_name":"Winnipeg","community_source":{"label":"Statistics Canada 2021 census subdivision boundaries (spatial lookup)","url":"https://geo.statcan.gc.ca/geo_wa/rest/services/2021/Cartographic_boundary_files/MapServer/9"},"community_display":"Winnipeg","is_unorganized":false,"panel_title":"Winnipeg","display_label":"Winnipeg","map_label":"46110114"},"geometry":{"type":"MultiPolygon","coordinates":[[[[-97.18765289680437,49.88761178753088],[-97.18774492053113,49.886822704752085],[-97.18884281865779,49.886875804120116],[-97.18903150454769,49.884063289627306],[-97.19013071769511,49.8840805032547],[-97.19127120463436,49.88410728679209],[-97.19102739843686,49.88727869441862],[-97.18990098509266,49.88724319991165],[-97.18881670549266,49.887199202100945],[-97.18864258400868,49.88924738779834],[-97.18752979527761,49.88922100504074],[-97.1876423152725,49.88770298886902],[-97.18764230502586,49.887702601461406],[-97.18765289680437,49.88761178753088]]]]}},{"type":"Feature","properties":{"DGUID":"2021S051246110115","DAUID":"46110115","LANDAREA":0.0739,"PRUID":"46","fed_num":"46010","da_code":"46110115","geo_name":"46110115","name_source":{"label":"Statistics Canada Census Profile 2021 DA WDS","url":"https://www12.statcan.gc.ca/wds-sdw/2021profile-profil2021-eng.cfm"},"population":437,"status":"ok","source":{"label":"Statistics Canada Census Profile 2021 DA WDS","url":"https://www12.statcan.gc.ca/wds-sdw/2021profile-profil2021-eng.cfm"},"community_name":"Winnipeg","community_source":{"label":"Statistics Canada 2021 census subdivision boundaries (spatial lookup)","url":"https://geo.statcan.gc.ca/geo_wa/rest/services/2021/Cartographic_boundary_files/MapServer/9"},"community_display":"Winnipeg","is_unorganized":false,"panel_title":"Winnipeg","display_label":"Winnipeg","map_label":"46110115"},"geometry":{"type":"MultiPolygon","coordinates":[[[[-97.18742191213055,49.890613490157605],[-97.18752979527761,49.88922100504074],[-97.18864258400868,49.88924738779834],[-97.18881670549266,49.887199202100945],[-97.18990098509266,49.88724319991165],[-97.19102739843686,49.88727869441862],[-97.19077341644392,49.89071980682493],[-97.18961909858128,49.89068379865729],[-97.18853438805834,49.890648894089026],[-97.18742191213055,49.890613490157605]]]]}},{"type":"Feature","properties":{"DGUID":"2021S051246110116","DAUID":"46110116","LANDAREA":0.2298,"PRUID":"46","fed_num":"46010","da_code":"46110116","geo_name":"46110116","name_source":{"label":"Statistics Canada Census Profile 2021 DA WDS","url":"https://www12.statcan.gc.ca/wds-sdw/2021profile-profil2021-eng.cfm"},"population":500,"status":"ok","source":{"label":"Statistics Canada Census Profile 2021 DA WDS","url":"https://www12.statcan.gc.ca/wds-sdw/2021profile-profil2021-eng.cfm"},"community_name":"Winnipeg","community_source":{"label":"Statistics Canada 2021 census subdivision boundaries (spatial lookup)","url":"https://geo.statcan.gc.ca/geo_wa/rest/services/2021/Cartographic_boundary_files/MapServer/9"},"community_display":"Winnipeg","is_unorganized":false,"panel_title":"Winnipeg","display_label":"Winnipeg","map_label":"46110116"},"geometry":{"type":"MultiPolygon","coordinates":[[[[-97.18365780498254,49.887336336342244],[-97.18366765962116,49.887225880826236],[-97.18367736794865,49.887109975966965],[-97.183681316838,49.887062638000316],[-97.18379406671392,49.887066207313076],[-97.1838759871321,49.88706880739993],[-97.18494998764179,49.88710281147456],[-97.18599319757602,49.887128100028185],[-97.18612748192957,49.88540319898663],[-97.18786531031391,49.88546631174219],[-97.18774492053113,49.886822704752085],[-97.18765289680437,49.88761178753088],[-97.18764230502586,49.887702601461406],[-97.1876423152725,49.88770298886902],[-97.18752979527761,49.88922100504074],[-97.18742191213055,49.890613490157605],[-97.18731071965,49.8920959108424],[-97.18720489427275,49.89380330370815],[-97.18662079658733,49.893785201082785],[-97.18546648243371,49.893749190903705],[-97.18440988139062,49.893705601538564],[-97.18331510885467,49.89367976676774],[-97.18344607470196,49.89201217707367],[-97.18355807634596,49.890511775101814],[-97.18355845088918,49.89050725443999],[-97.18355909468117,49.89049925338803],[-97.1835844652614,49.890179361429105],[-97.18359395329122,49.89011206630011],[-97.18359497476447,49.890085060446545],[-97.18369655591766,49.8887874636341],[-97.18365780498254,49.887336336342244]]]]}},{"type":"Feature","properties":{"DGUID":"2021S051246110117","DAUID":"46110117","LANDAREA":0.3425,"PRUID":"46","fed_num":"46010","da_code":"46110117","geo_name":"46110117","name_source":{"label":"Statistics Canada Census Profile 2021 DA WDS","url":"https://www12.statcan.gc.ca/wds-sdw/2021profile-profil2021-eng.cfm"},"population":591,"status":"ok","source":{"label":"Statistics Canada Census Profile 2021 DA WDS","url":"https://www12.statcan.gc.ca/wds-sdw/2021profile-profil2021-eng.cfm"},"community_name":"Winnipeg","community_source":{"label":"Statistics Canada 2021 census subdivision boundaries (spatial lookup)","url":"https://geo.statcan.gc.ca/geo_wa/rest/services/2021/Cartographic_boundary_files/MapServer/9"},"community_display":"Winnipeg","is_unorganized":false,"panel_title":"Winnipeg","display_label":"Winnipeg","map_label":"46110117"},"geometry":{"type":"MultiPolygon","coordinates":[[[[-97.18731071965,49.8920959108424],[-97.18742191213055,49.890613490157605],[-97.18853438805834,49.890648894089026],[-97.18961909858128,49.89068379865729],[-97.19077341644392,49.89071980682493],[-97.19307082251537,49.8907906589234],[-97.19309879902396,49.890791521379356],[-97.19323196907814,49.89079562852921],[-97.19323398018935,49.89079570052152],[-97.19416199006851,49.89082431018775],[-97.19608590440994,49.89088358754196],[-97.19839480373412,49.890946502411815],[-97.20084279335983,49.891011509479966],[-97.20057038785792,49.894218491689884],[-97.1981224831335,49.89414451282931],[-97.19578598705311,49.89407211152691],[-97.19282696644655,49.89398010354403],[-97.19268159924212,49.89397557024204],[-97.1905705048694,49.893909887212494],[-97.1893886950495,49.89386449788532],[-97.18833177946048,49.89382999404882],[-97.18720489427275,49.89380330370815],[-97.18731071965,49.8920959108424]]]]}},{"type":"Feature","properties":{"DGUID":"2021S051246110118","DAUID":"46110118","LANDAREA":0.1749,"PRUID":"46","fed_num":"46010","da_code":"46110118","geo_name":"46110118","name_source":{"label":"Statistics Canada Census Profile 2021 DA WDS","url":"https://www12.statcan.gc.ca/wds-sdw/2021profile-profil2021-eng.cfm"},"population":677,"status":"ok","source":{"label":"Statistics Canada Census Profile 2021 DA WDS","url":"https://www12.statcan.gc.ca/wds-sdw/2021profile-profil2021-eng.cfm"},"community_name":"Winnipeg","community_source":{"label":"Statistics Canada 2021 census subdivision boundaries (spatial lookup)","url":"https://geo.statcan.gc.ca/geo_wa/rest/services/2021/Cartographic_boundary_files/MapServer/9"},"community_display":"Winnipeg","is_unorganized":false,"panel_title":"Winnipeg","display_label":"Winnipeg","map_label":"46110118"},"geometry":{"type":"MultiPolygon","coordinates":[[[[-97.18331447828953,49.8936878706443],[-97.18331510885467,49.89367976676774],[-97.18440988139062,49.893705601538564],[-97.18546648243371,49.893749190903705],[-97.18662079658733,49.893785201082785],[-97.18720489427275,49.89380330370815],[-97.18833177946048,49.89382999404882],[-97.1893886950495,49.89386449788532],[-97.18911458556353,49.89746720750074],[-97.18807189191872,49.897423906723475],[-97.1869453122749,49.897388293623436],[-97.18522058021786,49.89733430615528],[-97.18413541592078,49.897308290974514],[-97.18374477651972,49.89729749171923],[-97.18304005412614,49.89727803076768],[-97.18305287957153,49.89710616288134],[-97.18309716055852,49.89651306501021],[-97.18320688292955,49.89504426771252],[-97.18328157820409,49.89407415436703],[-97.1833019579509,49.8938089737882],[-97.18331268459643,49.89371015953391],[-97.18331447828953,49.8936878706443]]]]}},{"type":"Feature","properties":{"DGUID":"2021S051246110119","DAUID":"46110119","LANDAREA":0.6292,"PRUID":"46","fed_num":"46010","da_code":"46110119","geo_name":"46110119","name_source":{"label":"Statistics Canada Census Profile 2021 DA WDS","url":"https://www12.statcan.gc.ca/wds-sdw/2021profile-profil2021-eng.cfm"},"population":446,"status":"ok","source":{"label":"Statistics Canada Census Profile 2021 DA WDS","url":"https://www12.statcan.gc.ca/wds-sdw/2021profile-profil2021-eng.cfm"},"community_name":"Winnipeg","community_source":{"label":"Statistics Canada 2021 census subdivision boundaries (spatial lookup)","url":"https://geo.statcan.gc.ca/geo_wa/rest/services/2021/Cartographic_boundary_files/MapServer/9"},"community_display":"Winnipeg","is_unorganized":false,"panel_title":"Winnipeg","display_label":"Winnipeg","map_label":"46110119"},"geometry":{"type":"MultiPolygon","coordinates":[[[[-97.18911458556353,49.89746720750074],[-97.1893886950495,49.89386449788532],[-97.1905705048694,49.893909887212494],[-97.19268159924212,49.89397557024204],[-97.19282696644655,49.89398010354403],[-97.19578598705311,49.89407211152691],[-97.1981224831335,49.89414451282931],[-97.20057038785792,49.894218491689884],[-97.20036780529406,49.89667089321753],[-97.2002699912984,49.89780280069459],[-97.2002642985211,49.89787198967952],[-97.19998939460645,49.90122550092618],[-97.19575969641251,49.901123812819534],[-97.19512009562354,49.90109580625126],[-97.19449318316812,49.90110409533661],[-97.19342210865616,49.90106939401813],[-97.19154674643188,49.901005517147745],[-97.19026480575744,49.900966199771084],[-97.19002790897126,49.90097150935918],[-97.18884619397228,49.9009169916603],[-97.18911458556353,49.89746720750074]]]]}},{"type":"Feature","properties":{"DGUID":"2021S051246110120","DAUID":"46110120","LANDAREA":0.1679,"PRUID":"46","fed_num":"46010","da_code":"46110120","geo_name":"46110120","name_source":{"label":"Statistics Canada Census Profile 2021 DA WDS","url":"https://www12.statcan.gc.ca/wds-sdw/2021profile-profil2021-eng.cfm"},"population":725,"status":"ok","source":{"label":"Statistics Canada Census Profile 2021 DA WDS","url":"https://www12.statcan.gc.ca/wds-sdw/2021profile-profil2021-eng.cfm"},"community_name":"Winnipeg","community_source":{"label":"Statistics Canada 2021 census subdivision boundaries (spatial lookup)","url":"https://geo.statcan.gc.ca/geo_wa/rest/services/2021/Cartographic_boundary_files/MapServer/9"},"community_display":"Winnipeg","is_unorganized":false,"panel_title":"Winnipeg","display_label":"Winnipeg","map_label":"46110120"},"geometry":{"type":"MultiPolygon","coordinates":[[[[-97.18303945321976,49.89728605553888],[-97.18304005412614,49.89727803076768],[-97.18374477651972,49.89729749171923],[-97.18413541592078,49.897308290974514],[-97.18522058021786,49.89733430615528],[-97.1869453122749,49.897388293623436],[-97.18807189191872,49.897423906723475],[-97.18911458556353,49.89746720750074],[-97.18884619397228,49.9009169916603],[-97.18776129678677,49.90088209870236],[-97.18664850466008,49.9008466869192],[-97.18492410175703,49.900783692691604],[-97.1838669788168,49.90074919361497],[-97.18278100961528,49.90072351230739],[-97.18277867991485,49.900723457312836],[-97.18283135441604,49.90003507669752],[-97.18298465628003,49.89799567655055],[-97.18303875343886,49.89729486160789],[-97.18303945321976,49.89728605553888]]]]}},{"type":"Feature","properties":{"DGUID":"2021S051246110121","DAUID":"46110121","LANDAREA":0.3039,"PRUID":"46","fed_num":"46010","da_code":"46110121","geo_name":"46110121","name_source":{"label":"Statistics Canada Census Profile 2021 DA WDS","url":"https://www12.statcan.gc.ca/wds-sdw/2021profile-profil2021-eng.cfm"},"population":808,"status":"ok","source":{"label":"Statistics Canada Census Profile 2021 DA WDS","url":"https://www12.statcan.gc.ca/wds-sdw/2021profile-profil2021-eng.cfm"},"community_name":"Winnipeg","community_source":{"label":"Statistics Canada 2021 census subdivision boundaries (spatial lookup)","url":"https://geo.statcan.gc.ca/geo_wa/rest/services/2021/Cartographic_boundary_files/MapServer/9"},"community_display":"Winnipeg","is_unorganized":false,"panel_title":"Winnipeg","display_label":"Winnipeg","map_label":"46110121"},"geometry":{"type":"MultiPolygon","coordinates":[[[[-97.17736139713061,49.897112112912275],[-97.17766381172402,49.89351880295315],[-97.17892948719532,49.89355669261748],[-97.17997250825687,49.89359109111301],[-97.18101548131723,49.89362540366146],[-97.18214230785212,49.89365208992212],[-97.1831087254539,49.89367490084248],[-97.18331510885467,49.89367976676774],[-97.18331447828953,49.8936878706443],[-97.18331268459643,49.89371015953391],[-97.1833019579509,49.8938089737882],[-97.18328157820409,49.89407415436703],[-97.18320688292955,49.89504426771252],[-97.18309716055852,49.89651306501021],[-97.18305287957153,49.89710616288134],[-97.18304005412614,49.89727803076768],[-97.18303945321976,49.89728605553888],[-97.18303875343886,49.89729486160789],[-97.18298465628003,49.89799567655055],[-97.18283135441604,49.90003507669752],[-97.18277867991485,49.900723457312836],[-97.18161298208327,49.900695895565924],[-97.17835791954026,49.90059981000909],[-97.17844640829017,49.89899108766559],[-97.17722130343029,49.898980811140625],[-97.17736139713061,49.897112112912275]]]]}},{"type":"Feature","properties":{"DGUID":"2021S051246110122","DAUID":"46110122","LANDAREA":0.1453,"PRUID":"46","fed_num":"46010","da_code":"46110122","geo_name":"46110122","name_source":{"label":"Statistics Canada Census Profile 2021 DA WDS","url":"https://www12.statcan.gc.ca/wds-sdw/2021profile-profil2021-eng.cfm"},"population":454,"status":"ok","source":{"label":"Statistics Canada Census Profile 2021 DA WDS","url":"https://www12.statcan.gc.ca/wds-sdw/2021profile-profil2021-eng.cfm"},"community_name":"Winnipeg","community_source":{"label":"Statistics Canada 2021 census subdivision boundaries (spatial lookup)","url":"https://geo.statcan.gc.ca/geo_wa/rest/services/2021/Cartographic_boundary_files/MapServer/9"},"community_display":"Winnipeg","is_unorganized":false,"panel_title":"Winnipeg","display_label":"Winnipeg","map_label":"46110122"},"geometry":{"type":"MultiPolygon","coordinates":[[[[-97.17781130402238,49.891452290399656],[-97.17779859919737,49.89030970500703],[-97.17987018909774,49.89038720140177],[-97.18126098183531,49.89042710725964],[-97.18242920012806,49.890463391442566],[-97.18355909468117,49.89049925338803],[-97.18355845088918,49.89050725443999],[-97.18355807634596,49.890511775101814],[-97.18344607470196,49.89201217707367],[-97.18331510885467,49.89367976676774],[-97.1831087254539,49.89367490084248],[-97.18214230785212,49.89365208992212],[-97.18101548131723,49.89362540366146],[-97.17997250825687,49.89359109111301],[-97.17892948719532,49.89355669261748],[-97.17766381172402,49.89351880295315],[-97.17781130402238,49.891452290399656]]]]}},{"type":"Feature","properties":{"DGUID":"2021S051246110123","DAUID":"46110123","LANDAREA":0.0966,"PRUID":"46","fed_num":"46010","da_code":"46110123","geo_name":"46110123","name_source":{"label":"Statistics Canada Census Profile 2021 DA WDS","url":"https://www12.statcan.gc.ca/wds-sdw/2021profile-profil2021-eng.cfm"},"population":618,"status":"ok","source":{"label":"Statistics Canada Census Profile 2021 DA WDS","url":"https://www12.statcan.gc.ca/wds-sdw/2021profile-profil2021-eng.cfm"},"community_name":"Winnipeg","community_source":{"label":"Statistics Canada 2021 census subdivision boundaries (spatial lookup)","url":"https://geo.statcan.gc.ca/geo_wa/rest/services/2021/Cartographic_boundary_files/MapServer/9"},"community_display":"Winnipeg","is_unorganized":false,"panel_title":"Winnipeg","display_label":"Winnipeg","map_label":"46110123"},"geometry":{"type":"MultiPolygon","coordinates":[[[[-97.17358720357309,49.90044378681941],[-97.17387029742734,49.89700310163347],[-97.17499689824305,49.89703888781374],[-97.17620698433112,49.8970758910192],[-97.17736139713061,49.897112112912275],[-97.17722130343029,49.898980811140625],[-97.17710638188261,49.90055309216273],[-97.17593800734396,49.900516788459534],[-97.17472781017172,49.90047970444691],[-97.17358720357309,49.90044378681941]]]]}},{"type":"Feature","properties":{"DGUID":"2021S051246110124","DAUID":"46110124","LANDAREA":0.0594,"PRUID":"46","fed_num":"46010","da_code":"46110124","geo_name":"46110124","name_source":{"label":"Statistics Canada Census Profile 2021 DA WDS","url":"https://www12.statcan.gc.ca/wds-sdw/2021profile-profil2021-eng.cfm"},"population":448,"status":"ok","source":{"label":"Statistics Canada Census Profile 2021 DA WDS","url":"https://www12.statcan.gc.ca/wds-sdw/2021profile-profil2021-eng.cfm"},"community_name":"Winnipeg","community_source":{"label":"Statistics Canada 2021 census subdivision boundaries (spatial lookup)","url":"https://geo.statcan.gc.ca/geo_wa/rest/services/2021/Cartographic_boundary_files/MapServer/9"},"community_display":"Winnipeg","is_unorganized":false,"panel_title":"Winnipeg","display_label":"Winnipeg","map_label":"46110124"},"geometry":{"type":"MultiPolygon","coordinates":[[[[-97.17159811051775,49.898172694387256],[-97.17170001541653,49.89695091194469],[-97.172743116584,49.89698538743352],[-97.17387029742734,49.89700310163347],[-97.17358720357309,49.90044378681941],[-97.17248840692804,49.900408494978954],[-97.17143169150364,49.90036478886216],[-97.17159811051775,49.898172694387256]]]]}},{"type":"Feature","properties":{"DGUID":"2021S051246110125","DAUID":"46110125","LANDAREA":0.1072,"PRUID":"46","fed_num":"46010","da_code":"46110125","geo_name":"46110125","name_source":{"label":"Statistics Canada Census Profile 2021 DA WDS","url":"https://www12.statcan.gc.ca/wds-sdw/2021profile-profil2021-eng.cfm"},"population":475,"status":"ok","source":{"label":"Statistics Canada Census Profile 2021 DA WDS","url":"https://www12.statcan.gc.ca/wds-sdw/2021profile-profil2021-eng.cfm"},"community_name":"Winnipeg","community_source":{"label":"Statistics Canada 2021 census subdivision boundaries (spatial lookup)","url":"https://geo.statcan.gc.ca/geo_wa/rest/services/2021/Cartographic_boundary_files/MapServer/9"},"community_display":"Winnipeg","is_unorganized":false,"panel_title":"Winnipeg","display_label":"Winnipeg","map_label":"46110125"},"geometry":{"type":"MultiPolygon","coordinates":[[[[-97.16819830462289,49.902271795508156],[-97.16827451149169,49.90026099256515],[-97.1685430142022,49.896847104100964],[-97.1698919152487,49.89689539235759],[-97.17058739337216,49.896915394064145],[-97.17170001541653,49.89695091194469],[-97.17159811051775,49.898172694387256],[-97.17143169150364,49.90036478886216],[-97.17031898056194,49.90032929321029],[-97.16962340501291,49.90030929151521],[-97.16945399781703,49.90232039644022],[-97.16819830462289,49.902271795508156]]]]}},{"type":"Feature","properties":{"DGUID":"2021S051246110126","DAUID":"46110126","LANDAREA":0.0645,"PRUID":"46","fed_num":"46010","da_code":"46110126","geo_name":"46110126","name_source":{"label":"Statistics Canada Census Profile 2021 DA WDS","url":"https://www12.statcan.gc.ca/wds-sdw/2021profile-profil2021-eng.cfm"},"population":607,"status":"ok","source":{"label":"Statistics Canada Census Profile 2021 DA WDS","url":"https://www12.statcan.gc.ca/wds-sdw/2021profile-profil2021-eng.cfm"},"community_name":"Winnipeg","community_source":{"label":"Statistics Canada 2021 census subdivision boundaries (spatial lookup)","url":"https://geo.statcan.gc.ca/geo_wa/rest/services/2021/Cartographic_boundary_files/MapServer/9"},"community_display":"Winnipeg","is_unorganized":false,"panel_title":"Winnipeg","display_label":"Winnipeg","map_label":"46110126"},"geometry":{"type":"MultiPolygon","coordinates":[[[[-97.16592450334115,49.900169894236534],[-97.16616460279067,49.89677359184595],[-97.16736079248493,49.89681049554314],[-97.1685430142022,49.896847104100964],[-97.16827451149169,49.90026099256515],[-97.16709250060075,49.900215311069],[-97.16592450334115,49.900169894236534]]]]}},{"type":"Feature","properties":{"DGUID":"2021S051246110127","DAUID":"46110127","LANDAREA":0.0617,"PRUID":"46","fed_num":"46010","da_code":"46110127","geo_name":"46110127","name_source":{"label":"Statistics Canada Census Profile 2021 DA WDS","url":"https://www12.statcan.gc.ca/wds-sdw/2021profile-profil2021-eng.cfm"},"population":532,"status":"ok","source":{"label":"Statistics Canada Census Profile 2021 DA WDS","url":"https://www12.statcan.gc.ca/wds-sdw/2021profile-profil2021-eng.cfm"},"community_name":"Winnipeg","community_source":{"label":"Statistics Canada 2021 census subdivision boundaries (spatial lookup)","url":"https://geo.statcan.gc.ca/geo_wa/rest/services/2021/Cartographic_boundary_files/MapServer/9"},"community_display":"Winnipeg","is_unorganized":false,"panel_title":"Winnipeg","display_label":"Winnipeg","map_label":"46110127"},"geometry":{"type":"MultiPolygon","coordinates":[[[[-97.16365688029417,49.90010699129659],[-97.16389760556314,49.89670169665252],[-97.16505199033813,49.896738011440405],[-97.16616460279067,49.89677359184595],[-97.16592450334115,49.900169894236534],[-97.16478390309213,49.90013379762487],[-97.16365688029417,49.90010699129659]]]]}},{"type":"Feature","properties":{"DGUID":"2021S051246110128","DAUID":"46110128","LANDAREA":0.0298,"PRUID":"46","fed_num":"46010","da_code":"46110128","geo_name":"46110128","name_source":{"label":"Statistics Canada Census Profile 2021 DA WDS","url":"https://www12.statcan.gc.ca/wds-sdw/2021profile-profil2021-eng.cfm"},"population":303,"status":"ok","source":{"label":"Statistics Canada Census Profile 2021 DA WDS","url":"https://www12.statcan.gc.ca/wds-sdw/2021profile-profil2021-eng.cfm"},"community_name":"Winnipeg","community_source":{"label":"Statistics Canada 2021 census subdivision boundaries (spatial lookup)","url":"https://geo.statcan.gc.ca/geo_wa/rest/services/2021/Cartographic_boundary_files/MapServer/9"},"community_display":"Winnipeg","is_unorganized":false,"panel_title":"Winnipeg","display_label":"Winnipeg","map_label":"46110128"},"geometry":{"type":"MultiPolygon","coordinates":[[[[-97.16257210219216,49.90007179095797],[-97.16279891732812,49.89666629715749],[-97.16389760556314,49.89670169665252],[-97.16365688029417,49.90010699129659],[-97.16257210219216,49.90007179095797]]]]}},{"type":"Feature","properties":{"DGUID":"2021S051246110129","DAUID":"46110129","LANDAREA":0.0622,"PRUID":"46","fed_num":"46010","da_code":"46110129","geo_name":"46110129","name_source":{"label":"Statistics Canada Census Profile 2021 DA WDS","url":"https://www12.statcan.gc.ca/wds-sdw/2021profile-profil2021-eng.cfm"},"population":589,"status":"ok","source":{"label":"Statistics Canada Census Profile 2021 DA WDS","url":"https://www12.statcan.gc.ca/wds-sdw/2021profile-profil2021-eng.cfm"},"community_name":"Winnipeg","community_source":{"label":"Statistics Canada 2021 census subdivision boundaries (spatial lookup)","url":"https://geo.statcan.gc.ca/geo_wa/rest/services/2021/Cartographic_boundary_files/MapServer/9"},"community_display":"Winnipeg","is_unorganized":false,"panel_title":"Winnipeg","display_label":"Winnipeg","map_label":"46110129"},"geometry":{"type":"MultiPolygon","coordinates":[[[[-97.1602766866106,49.900008394952245],[-97.16053158190847,49.89660339578694],[-97.16171411151352,49.89663109422143],[-97.16279891732812,49.89666629715749],[-97.16257210219216,49.90007179095797],[-97.16148720997022,49.90003661078878],[-97.16080561151567,49.90001680276048],[-97.1602766866106,49.900008394952245]]]]}},{"type":"Feature","properties":{"DGUID":"2021S051246110130","DAUID":"46110130","LANDAREA":0.0887,"PRUID":"46","fed_num":"46010","da_code":"46110130","geo_name":"46110130","name_source":{"label":"Statistics Canada Census Profile 2021 DA WDS","url":"https://www12.statcan.gc.ca/wds-sdw/2021profile-profil2021-eng.cfm"},"population":588,"status":"ok","source":{"label":"Statistics Canada Census Profile 2021 DA WDS","url":"https://www12.statcan.gc.ca/wds-sdw/2021profile-profil2021-eng.cfm"},"community_name":"Winnipeg","community_source":{"label":"Statistics Canada 2021 census subdivision boundaries (spatial lookup)","url":"https://geo.statcan.gc.ca/geo_wa/rest/services/2021/Cartographic_boundary_files/MapServer/9"},"community_display":"Winnipeg","is_unorganized":false,"panel_title":"Winnipeg","display_label":"Winnipeg","map_label":"46110130"},"geometry":{"type":"MultiPolygon","coordinates":[[[[-97.15823619744715,49.89953000909729],[-97.1584443864123,49.8965612070191],[-97.15986388160661,49.89658379259928],[-97.16053158190847,49.89660339578694],[-97.1602766866106,49.900008394952245],[-97.16080561151567,49.90001680276048],[-97.1606727940723,49.90130999138367],[-97.16062960299453,49.90171409803445],[-97.16061158650217,49.90182170829912],[-97.16055288036135,49.901901689224566],[-97.15913799310671,49.901455996687304],[-97.15892899932977,49.901390204380604],[-97.15830989910764,49.901191495376175],[-97.15796570386794,49.90108709967045],[-97.15811481027583,49.900828598562576],[-97.15820060104163,49.90003840058001],[-97.15823619744715,49.89953000909729]]]]}},{"type":"Feature","properties":{"DGUID":"2021S051246110131","DAUID":"46110131","LANDAREA":0.0532,"PRUID":"46","fed_num":"46010","da_code":"46110131","geo_name":"46110131","name_source":{"label":"Statistics Canada Census Profile 2021 DA WDS","url":"https://www12.statcan.gc.ca/wds-sdw/2021profile-profil2021-eng.cfm"},"population":415,"status":"ok","source":{"label":"Statistics Canada Census Profile 2021 DA WDS","url":"https://www12.statcan.gc.ca/wds-sdw/2021profile-profil2021-eng.cfm"},"community_name":"Winnipeg","community_source":{"label":"Statistics Canada 2021 census subdivision boundaries (spatial lookup)","url":"https://geo.statcan.gc.ca/geo_wa/rest/services/2021/Cartographic_boundary_files/MapServer/9"},"community_display":"Winnipeg","is_unorganized":false,"panel_title":"Winnipeg","display_label":"Winnipeg","map_label":"46110131"},"geometry":{"type":"MultiPolygon","coordinates":[[[[-97.15613911826972,49.89932170437521],[-97.15625499728958,49.896472904195114],[-97.15706771575587,49.89651239658019],[-97.1584443864123,49.8965612070191],[-97.15823619744715,49.89953000909729],[-97.15820060104163,49.90003840058001],[-97.15794308302398,49.89985440844922],[-97.15761419083903,49.89971429759285],[-97.15684168410284,49.89952211086531],[-97.15613911826972,49.89932170437521]]]]}},{"type":"Feature","properties":{"DGUID":"2021S051246110132","DAUID":"46110132","LANDAREA":0.0789,"PRUID":"46","fed_num":"46010","da_code":"46110132","geo_name":"46110132","name_source":{"label":"Statistics Canada Census Profile 2021 DA WDS","url":"https://www12.statcan.gc.ca/wds-sdw/2021profile-profil2021-eng.cfm"},"population":558,"status":"ok","source":{"label":"Statistics Canada Census Profile 2021 DA WDS","url":"https://www12.statcan.gc.ca/wds-sdw/2021profile-profil2021-eng.cfm"},"community_name":"Winnipeg","community_source":{"label":"Statistics Canada 2021 census subdivision boundaries (spatial lookup)","url":"https://geo.statcan.gc.ca/geo_wa/rest/services/2021/Cartographic_boundary_files/MapServer/9"},"community_display":"Winnipeg","is_unorganized":false,"panel_title":"Winnipeg","display_label":"Winnipeg","map_label":"46110132"},"geometry":{"type":"MultiPolygon","coordinates":[[[[-97.1606727940723,49.90130999138367],[-97.16080561151567,49.90001680276048],[-97.16148720997022,49.90003661078878],[-97.16257210219216,49.90007179095797],[-97.16365688029417,49.90010699129659],[-97.16478390309213,49.90013379762487],[-97.16455048484248,49.90298151284201],[-97.16443341702696,49.90313259046451],[-97.16330498190243,49.90277289484675],[-97.1624318931476,49.90249129605285],[-97.16175040603848,49.902271500860714],[-97.16055288036135,49.901901689224566],[-97.16061158650217,49.90182170829912],[-97.16062960299453,49.90171409803445],[-97.1606727940723,49.90130999138367]]]]}},{"type":"Feature","properties":{"DGUID":"2021S051246110133","DAUID":"46110133","LANDAREA":0.0297,"PRUID":"46","fed_num":"46010","da_code":"46110133","geo_name":"46110133","name_source":{"label":"Statistics Canada Census Profile 2021 DA WDS","url":"https://www12.statcan.gc.ca/wds-sdw/2021profile-profil2021-eng.cfm"},"population":310,"status":"ok","source":{"label":"Statistics Canada Census Profile 2021 DA WDS","url":"https://www12.statcan.gc.ca/wds-sdw/2021profile-profil2021-eng.cfm"},"community_name":"Winnipeg","community_source":{"label":"Statistics Canada 2021 census subdivision boundaries (spatial lookup)","url":"https://geo.statcan.gc.ca/geo_wa/rest/services/2021/Cartographic_boundary_files/MapServer/9"},"community_display":"Winnipeg","is_unorganized":false,"panel_title":"Winnipeg","display_label":"Winnipeg","map_label":"46110133"},"geometry":{"type":"MultiPolygon","coordinates":[[[[-97.16455048484248,49.90298151284201],[-97.16478390309213,49.90013379762487],[-97.16592450334115,49.900169894236534],[-97.16569238099213,49.90335040145691],[-97.1656717113895,49.90353000962084],[-97.16485972165829,49.903274310108934],[-97.16443341702696,49.90313259046451],[-97.16455048484248,49.90298151284201]]]]}},{"type":"Feature","properties":{"DGUID":"2021S051246110134","DAUID":"46110134","LANDAREA":0.0718,"PRUID":"46","fed_num":"46010","da_code":"46110134","geo_name":"46110134","name_source":{"label":"Statistics Canada Census Profile 2021 DA WDS","url":"https://www12.statcan.gc.ca/wds-sdw/2021profile-profil2021-eng.cfm"},"population":510,"status":"ok","source":{"label":"Statistics Canada Census Profile 2021 DA WDS","url":"https://www12.statcan.gc.ca/wds-sdw/2021profile-profil2021-eng.cfm"},"community_name":"Winnipeg","community_source":{"label":"Statistics Canada 2021 census subdivision boundaries (spatial lookup)","url":"https://geo.statcan.gc.ca/geo_wa/rest/services/2021/Cartographic_boundary_files/MapServer/9"},"community_display":"Winnipeg","is_unorganized":false,"panel_title":"Winnipeg","display_label":"Winnipeg","map_label":"46110134"},"geometry":{"type":"MultiPolygon","coordinates":[[[[-97.16569238099213,49.90335040145691],[-97.16592450334115,49.900169894236534],[-97.16709250060075,49.900215311069],[-97.16827451149169,49.90026099256515],[-97.16819830462289,49.902271795508156],[-97.16815173342684,49.90350185630309],[-97.16814266655133,49.903741053242],[-97.16813554854299,49.903929372245194],[-97.1681320616118,49.90402099313342],[-97.1681274116696,49.90414449075833],[-97.16807112373063,49.90422698517765],[-97.16802420039613,49.904295809008474],[-97.16679970011074,49.90389860292997],[-97.1656717113895,49.90353000962084],[-97.16569238099213,49.90335040145691]]]]}},{"type":"Feature","properties":{"DGUID":"2021S051246110135","DAUID":"46110135","LANDAREA":0.0802,"PRUID":"46","fed_num":"46010","da_code":"46110135","geo_name":"46110135","name_source":{"label":"Statistics Canada Census Profile 2021 DA WDS","url":"https://www12.statcan.gc.ca/wds-sdw/2021profile-profil2021-eng.cfm"},"population":393,"status":"ok","source":{"label":"Statistics Canada Census Profile 2021 DA WDS","url":"https://www12.statcan.gc.ca/wds-sdw/2021profile-profil2021-eng.cfm"},"community_name":"Winnipeg","community_source":{"label":"Statistics Canada 2021 census subdivision boundaries (spatial lookup)","url":"https://geo.statcan.gc.ca/geo_wa/rest/services/2021/Cartographic_boundary_files/MapServer/9"},"community_display":"Winnipeg","is_unorganized":false,"panel_title":"Winnipeg","display_label":"Winnipeg","map_label":"46110135"},"geometry":{"type":"MultiPolygon","coordinates":[[[[-97.16161270828023,49.902472803067134],[-97.16175040603848,49.902271500860714],[-97.1624318931476,49.90249129605285],[-97.16330498190243,49.90277289484675],[-97.16443341702696,49.90313259046451],[-97.16485972165829,49.903274310108934],[-97.1656717113895,49.90353000962084],[-97.16679970011074,49.90389860292997],[-97.16802420039613,49.904295809008474],[-97.16755590094658,49.90489101126321],[-97.16698689642567,49.90557469708477],[-97.16389128439862,49.90457220466959],[-97.160795793643,49.903569697669596],[-97.16097821786302,49.90333419847395],[-97.16136699263329,49.90283208798889],[-97.16161270828023,49.902472803067134]]]]}},{"type":"Feature","properties":{"DGUID":"2021S051246110136","DAUID":"46110136","LANDAREA":0.352,"PRUID":"46","fed_num":"46010","da_code":"46110136","geo_name":"46110136","name_source":{"label":"Statistics Canada Census Profile 2021 DA WDS","url":"https://www12.statcan.gc.ca/wds-sdw/2021profile-profil2021-eng.cfm"},"population":589,"status":"ok","source":{"label":"Statistics Canada Census Profile 2021 DA WDS","url":"https://www12.statcan.gc.ca/wds-sdw/2021profile-profil2021-eng.cfm"},"community_name":"Winnipeg","community_source":{"label":"Statistics Canada 2021 census subdivision boundaries (spatial lookup)","url":"https://geo.statcan.gc.ca/geo_wa/rest/services/2021/Cartographic_boundary_files/MapServer/9"},"community_display":"Winnipeg","is_unorganized":false,"panel_title":"Winnipeg","display_label":"Winnipeg","map_label":"46110136"},"geometry":{"type":"MultiPolygon","coordinates":[[[[-97.16337193016778,49.907325961467194],[-97.16207704945795,49.90690692919181],[-97.16187674420263,49.90720032546964],[-97.16131552965543,49.908022453120815],[-97.16082379973362,49.90785415769659],[-97.1597701196989,49.907466198830505],[-97.15850391948062,49.9070683114257],[-97.1545953883857,49.905836793462726],[-97.15481899226533,49.90545360126642],[-97.15500141254391,49.90505170093885],[-97.15560228468566,49.904269698722466],[-97.15575380470645,49.90406290242323],[-97.15598220864486,49.90375119874479],[-97.15635150184733,49.90324721103973],[-97.1569822184257,49.9024117116142],[-97.15796570386794,49.90108709967045],[-97.15830989910764,49.901191495376175],[-97.15892899932977,49.901390204380604],[-97.15913799310671,49.901455996687304],[-97.16055288036135,49.901901689224566],[-97.16175040603848,49.902271500860714],[-97.16161270828023,49.902472803067134],[-97.16136699263329,49.90283208798889],[-97.16097821786302,49.90333419847395],[-97.160795793643,49.903569697669596],[-97.16389128439862,49.90457220466959],[-97.16698689642567,49.90557469708477],[-97.16635700257609,49.90639220579003],[-97.16560958291643,49.907369895677455],[-97.16520631674534,49.90788719385508],[-97.16450846408314,49.90769374181634],[-97.16337193016778,49.907325961467194]]]]}},{"type":"Feature","properties":{"DGUID":"2021S051246110137","DAUID":"46110137","LANDAREA":0.1565,"PRUID":"46","fed_num":"46010","da_code":"46110137","geo_name":"46110137","name_source":{"label":"Statistics Canada Census Profile 2021 DA WDS","url":"https://www12.statcan.gc.ca/wds-sdw/2021profile-profil2021-eng.cfm"},"population":483,"status":"ok","source":{"label":"Statistics Canada Census Profile 2021 DA WDS","url":"https://www12.statcan.gc.ca/wds-sdw/2021profile-profil2021-eng.cfm"},"community_name":"Winnipeg","community_source":{"label":"Statistics Canada 2021 census subdivision boundaries (spatial lookup)","url":"https://geo.statcan.gc.ca/geo_wa/rest/services/2021/Cartographic_boundary_files/MapServer/9"},"community_display":"Winnipeg","is_unorganized":false,"panel_title":"Winnipeg","display_label":"Winnipeg","map_label":"46110137"},"geometry":{"type":"MultiPolygon","coordinates":[[[[-97.16755590094658,49.90489101126321],[-97.16802420039613,49.904295809008474],[-97.16923498705312,49.904683706129866],[-97.16990921570897,49.904901209227326],[-97.17107870878688,49.90527949479893],[-97.17123021885506,49.9053268996146],[-97.17116121764565,49.90604541093666],[-97.17108819295109,49.90687179267065],[-97.17104059020197,49.90739270457926],[-97.1710212022978,49.907905110577325],[-97.17096958925416,49.908533996356695],[-97.17093459578639,49.909091088803386],[-97.1708954942499,49.90957900663109],[-97.16520631674534,49.90788719385508],[-97.16560958291643,49.907369895677455],[-97.16635700257609,49.90639220579003],[-97.16698689642567,49.90557469708477],[-97.16755590094658,49.90489101126321]]]]}},{"type":"Feature","properties":{"DGUID":"2021S051246110138","DAUID":"46110138","LANDAREA":0.0894,"PRUID":"46","fed_num":"46010","da_code":"46110138","geo_name":"46110138","name_source":{"label":"Statistics Canada Census Profile 2021 DA WDS","url":"https://www12.statcan.gc.ca/wds-sdw/2021profile-profil2021-eng.cfm"},"population":744,"status":"ok","source":{"label":"Statistics Canada Census Profile 2021 DA WDS","url":"https://www12.statcan.gc.ca/wds-sdw/2021profile-profil2021-eng.cfm"},"community_name":"Winnipeg","community_source":{"label":"Statistics Canada 2021 census subdivision boundaries (spatial lookup)","url":"https://geo.statcan.gc.ca/geo_wa/rest/services/2021/Cartographic_boundary_files/MapServer/9"},"community_display":"Winnipeg","is_unorganized":false,"panel_title":"Winnipeg","display_label":"Winnipeg","map_label":"46110138"},"geometry":{"type":"MultiPolygon","coordinates":[[[[-97.16815173342684,49.90350185630309],[-97.16819830462289,49.902271795508156],[-97.16945399781703,49.90232039644022],[-97.16962340501291,49.90030929151521],[-97.17031898056194,49.90032929321029],[-97.17143169150364,49.90036478886216],[-97.17125101448917,49.902565686846856],[-97.17125101461228,49.90256599721983],[-97.17124620310729,49.90306040766038],[-97.1711949904565,49.90331139925815],[-97.1710990807755,49.905108900327846],[-97.17107870878688,49.90527949479893],[-97.16990921570897,49.904901209227326],[-97.16923498705312,49.904683706129866],[-97.16802420039613,49.904295809008474],[-97.16807112373063,49.90422698517765],[-97.1681274116696,49.90414449075833],[-97.1681320616118,49.90402099313342],[-97.16813554854299,49.903929372245194],[-97.16814266655133,49.903741053242],[-97.16815173342684,49.90350185630309]]]]}},{"type":"Feature","properties":{"DGUID":"2021S051246110139","DAUID":"46110139","LANDAREA":0.045,"PRUID":"46","fed_num":"46010","da_code":"46110139","geo_name":"46110139","name_source":{"label":"Statistics Canada Census Profile 2021 DA WDS","url":"https://www12.statcan.gc.ca/wds-sdw/2021profile-profil2021-eng.cfm"},"population":366,"status":"ok","source":{"label":"Statistics Canada Census Profile 2021 DA WDS","url":"https://www12.statcan.gc.ca/wds-sdw/2021profile-profil2021-eng.cfm"},"community_name":"Winnipeg","community_source":{"label":"Statistics Canada 2021 census subdivision boundaries (spatial lookup)","url":"https://geo.statcan.gc.ca/geo_wa/rest/services/2021/Cartographic_boundary_files/MapServer/9"},"community_display":"Winnipeg","is_unorganized":false,"panel_title":"Winnipeg","display_label":"Winnipeg","map_label":"46110139"},"geometry":{"type":"MultiPolygon","coordinates":[[[[-97.17125101448917,49.902565686846856],[-97.17143169150364,49.90036478886216],[-97.17248840692804,49.900408494978954],[-97.17239880256167,49.902412898102334],[-97.17227000842361,49.90434480993291],[-97.1721582962718,49.90545839059997],[-97.17212468034464,49.9056107933345],[-97.17195129418019,49.90555590606463],[-97.17143658454634,49.90539309527009],[-97.17123021885506,49.9053268996146],[-97.17107870878688,49.90527949479893],[-97.1710990807755,49.905108900327846],[-97.1711949904565,49.90331139925815],[-97.17124620310729,49.90306040766038],[-97.17125101461228,49.90256599721983],[-97.17125101448917,49.902565686846856]]]]}},{"type":"Feature","properties":{"DGUID":"2021S051246110140","DAUID":"46110140","LANDAREA":0.0428,"PRUID":"46","fed_num":"46010","da_code":"46110140","geo_name":"46110140","name_source":{"label":"Statistics Canada Census Profile 2021 DA WDS","url":"https://www12.statcan.gc.ca/wds-sdw/2021profile-profil2021-eng.cfm"},"population":337,"status":"ok","source":{"label":"Statistics Canada Census Profile 2021 DA WDS","url":"https://www12.statcan.gc.ca/wds-sdw/2021profile-profil2021-eng.cfm"},"community_name":"Winnipeg","community_source":{"label":"Statistics Canada 2021 census subdivision boundaries (spatial lookup)","url":"https://geo.statcan.gc.ca/geo_wa/rest/services/2021/Cartographic_boundary_files/MapServer/9"},"community_display":"Winnipeg","is_unorganized":false,"panel_title":"Winnipeg","display_label":"Winnipeg","map_label":"46110140"},"geometry":{"type":"MultiPolygon","coordinates":[[[[-97.17239880256167,49.902412898102334],[-97.17248840692804,49.900408494978954],[-97.17358720357309,49.90044378681941],[-97.17340018985655,49.90244670471526],[-97.1732592874514,49.903964603968525],[-97.17309391893392,49.905761004488376],[-97.1730739121993,49.90592260519384],[-97.17212468034464,49.9056107933345],[-97.1721582962718,49.90545839059997],[-97.17227000842361,49.90434480993291],[-97.17239880256167,49.902412898102334]]]]}},{"type":"Feature","properties":{"DGUID":"2021S051246110141","DAUID":"46110141","LANDAREA":0.098,"PRUID":"46","fed_num":"46010","da_code":"46110141","geo_name":"46110141","name_source":{"label":"Statistics Canada Census Profile 2021 DA WDS","url":"https://www12.statcan.gc.ca/wds-sdw/2021profile-profil2021-eng.cfm"},"population":603,"status":"ok","source":{"label":"Statistics Canada Census Profile 2021 DA WDS","url":"https://www12.statcan.gc.ca/wds-sdw/2021profile-profil2021-eng.cfm"},"community_name":"Winnipeg","community_source":{"label":"Statistics Canada 2021 census subdivision boundaries (spatial lookup)","url":"https://geo.statcan.gc.ca/geo_wa/rest/services/2021/Cartographic_boundary_files/MapServer/9"},"community_display":"Winnipeg","is_unorganized":false,"panel_title":"Winnipeg","display_label":"Winnipeg","map_label":"46110141"},"geometry":{"type":"MultiPolygon","coordinates":[[[[-97.17340018985655,49.90244670471526],[-97.17358720357309,49.90044378681941],[-97.17472781017172,49.90047970444691],[-97.17593800734396,49.900516788459534],[-97.17710638188261,49.90055309216273],[-97.17722130343029,49.898980811140625],[-97.17844640829017,49.89899108766559],[-97.17835791954026,49.90059981000909],[-97.17814600232946,49.90289919320768],[-97.17690788470267,49.902861701287435],[-97.17573951090976,49.90282528789636],[-97.1757656209799,49.90250190784067],[-97.17454109619301,49.902473688112146],[-97.17340018985655,49.90244670471526]]]]}},{"type":"Feature","properties":{"DGUID":"2021S051246110142","DAUID":"46110142","LANDAREA":0.1109,"PRUID":"46","fed_num":"46010","da_code":"46110142","geo_name":"46110142","name_source":{"label":"Statistics Canada Census Profile 2021 DA WDS","url":"https://www12.statcan.gc.ca/wds-sdw/2021profile-profil2021-eng.cfm"},"population":685,"status":"ok","source":{"label":"Statistics Canada Census Profile 2021 DA WDS","url":"https://www12.statcan.gc.ca/wds-sdw/2021profile-profil2021-eng.cfm"},"community_name":"Winnipeg","community_source":{"label":"Statistics Canada 2021 census subdivision boundaries (spatial lookup)","url":"https://geo.statcan.gc.ca/geo_wa/rest/services/2021/Cartographic_boundary_files/MapServer/9"},"community_display":"Winnipeg","is_unorganized":false,"panel_title":"Winnipeg","display_label":"Winnipeg","map_label":"46110142"},"geometry":{"type":"MultiPolygon","coordinates":[[[[-97.1732592874514,49.903964603968525],[-97.17340018985655,49.90244670471526],[-97.17454109619301,49.902473688112146],[-97.1757656209799,49.90250190784067],[-97.17573951090976,49.90282528789636],[-97.17690788470267,49.902861701287435],[-97.17660301715969,49.90688668854499],[-97.17658330067277,49.90703930028261],[-97.17538588908407,49.90666058906166],[-97.17446408646269,49.906358307910466],[-97.17424381388379,49.90629180858015],[-97.1730739121993,49.90592260519384],[-97.17309391893392,49.905761004488376],[-97.1732592874514,49.903964603968525]]]]}},{"type":"Feature","properties":{"DGUID":"2021S051246110143","DAUID":"46110143","LANDAREA":0.3012,"PRUID":"46","fed_num":"46010","da_code":"46110143","geo_name":"46110143","name_source":{"label":"Statistics Canada Census Profile 2021 DA WDS","url":"https://www12.statcan.gc.ca/wds-sdw/2021profile-profil2021-eng.cfm"},"population":516,"status":"ok","source":{"label":"Statistics Canada Census Profile 2021 DA WDS","url":"https://www12.statcan.gc.ca/wds-sdw/2021profile-profil2021-eng.cfm"},"community_name":"Winnipeg","community_source":{"label":"Statistics Canada 2021 census subdivision boundaries (spatial lookup)","url":"https://geo.statcan.gc.ca/geo_wa/rest/services/2021/Cartographic_boundary_files/MapServer/9"},"community_display":"Winnipeg","is_unorganized":false,"panel_title":"Winnipeg","display_label":"Winnipeg","map_label":"46110143"},"geometry":{"type":"MultiPolygon","coordinates":[[[[-97.17660301715969,49.90688668854499],[-97.17690788470267,49.902861701287435],[-97.17814600232946,49.90289919320768],[-97.17835791954026,49.90059981000909],[-97.18161298208327,49.900695895565924],[-97.18277867991485,49.900723457312836],[-97.18277808890096,49.900731559233954],[-97.1827766759944,49.90074937921205],[-97.18275347678575,49.90099627641124],[-97.18258868484958,49.902788269004034],[-97.18250315368486,49.9039517712641],[-97.1825022009056,49.903964186512056],[-97.18250155336538,49.90397216224877],[-97.18248397264519,49.9042009625326],[-97.1823539595151,49.9058833614426],[-97.18232319044088,49.906332553824626],[-97.18226638626273,49.906916363851515],[-97.18225949218882,49.907100668128535],[-97.1822048616115,49.90744155978622],[-97.18209775835595,49.90769626023045],[-97.18202417831749,49.907803057155384],[-97.1818870637131,49.90793137107729],[-97.18175857967528,49.90801475462765],[-97.1815246546671,49.908123576942344],[-97.18129868912963,49.90820545570317],[-97.1809724899915,49.90827850291236],[-97.1809623689437,49.90828075743978],[-97.18069452891221,49.90834087012186],[-97.18016139765197,49.90818390687449],[-97.17840028584388,49.90760749527275],[-97.17776719305036,49.90740869351612],[-97.17725788706841,49.90724779022244],[-97.17658330067277,49.90703930028261],[-97.17660301715969,49.90688668854499]]]]}},{"type":"Feature","properties":{"DGUID":"2021S051246110144","DAUID":"46110144","LANDAREA":0.9456,"PRUID":"46","fed_num":"46010","da_code":"46110144","geo_name":"46110144","name_source":{"label":"Statistics Canada Census Profile 2021 DA WDS","url":"https://www12.statcan.gc.ca/wds-sdw/2021profile-profil2021-eng.cfm"},"population":677,"status":"ok","source":{"label":"Statistics Canada Census Profile 2021 DA WDS","url":"https://www12.statcan.gc.ca/wds-sdw/2021profile-profil2021-eng.cfm"},"community_name":"Winnipeg","community_source":{"label":"Statistics Canada 2021 census subdivision boundaries (spatial lookup)","url":"https://geo.statcan.gc.ca/geo_wa/rest/services/2021/Cartographic_boundary_files/MapServer/9"},"community_display":"Winnipeg","is_unorganized":false,"panel_title":"Winnipeg","display_label":"Winnipeg","map_label":"46110144"},"geometry":{"type":"MultiPolygon","coordinates":[[[[-97.1762240924355,49.91471529957619],[-97.17355420272882,49.91385469061879],[-97.1707330195904,49.912946701572025],[-97.1705405031443,49.912880710275566],[-97.17059650357955,49.91250379676479],[-97.1706613901527,49.91189319796057],[-97.17076571876942,49.91097740267095],[-97.17085538891897,49.910079291450636],[-97.1708954942499,49.90957900663109],[-97.17093459578639,49.909091088803386],[-97.17096958925416,49.908533996356695],[-97.1710212022978,49.907905110577325],[-97.17104059020197,49.90739270457926],[-97.17108819295109,49.90687179267065],[-97.17116121764565,49.90604541093666],[-97.17123021885506,49.9053268996146],[-97.17143658454634,49.90539309527009],[-97.17195129418019,49.90555590606463],[-97.17212468034464,49.9056107933345],[-97.1730739121993,49.90592260519384],[-97.17424381388379,49.90629180858015],[-97.17446408646269,49.906358307910466],[-97.17538588908407,49.90666058906166],[-97.17658330067277,49.90703930028261],[-97.17725788706841,49.90724779022244],[-97.17776719305036,49.90740869351612],[-97.17840028584388,49.90760749527275],[-97.18016139765197,49.90818390687449],[-97.18069452891221,49.90834087012186],[-97.18072288640099,49.90834921726246],[-97.18138748730254,49.908544901279264],[-97.18138799455599,49.908545106635806],[-97.18319041866226,49.90912190012695],[-97.18369969490301,49.90928280378525],[-97.18422258476832,49.90945290096415],[-97.18592908513823,49.91000129296607],[-97.18613589557354,49.91005848768871],[-97.18705878416145,49.91033379058477],[-97.18825538150371,49.910739295532956],[-97.18775780301499,49.91137919455835],[-97.18723068584637,49.912063499836606],[-97.1867043096301,49.91272988917349],[-97.18613400773046,49.913449610986035],[-97.18560791079835,49.91410700497343],[-97.18414909848207,49.913634401616946],[-97.18375432091379,49.91413191134214],[-97.18373189660225,49.91435640381771],[-97.18372768837982,49.915210898491836],[-97.18373870447864,49.916029600362755],[-97.18373841558054,49.916407398106806],[-97.18459178142938,49.91668160960696],[-97.18418041513593,49.917250897519395],[-97.18368169860412,49.917917694100886],[-97.18127300900102,49.91714230603499],[-97.18082601616315,49.916995886678095],[-97.18006201100064,49.91674549802821],[-97.179676590317,49.916622491194424],[-97.17920828490871,49.91648029567066],[-97.17864330172856,49.91631849192145],[-97.17839539157391,49.91624260036595],[-97.1789219940603,49.91557629647966],[-97.1762240924355,49.91471529957619]]]]}},{"type":"Feature","properties":{"DGUID":"2021S051246110145","DAUID":"46110145","LANDAREA":1.6259,"PRUID":"46","fed_num":"46010","da_code":"46110145","geo_name":"46110145","name_source":{"label":"Statistics Canada Census Profile 2021 DA WDS","url":"https://www12.statcan.gc.ca/wds-sdw/2021profile-profil2021-eng.cfm"},"population":547,"status":"ok","source":{"label":"Statistics Canada Census Profile 2021 DA WDS","url":"https://www12.statcan.gc.ca/wds-sdw/2021profile-profil2021-eng.cfm"},"community_name":"Winnipeg","community_source":{"label":"Statistics Canada 2021 census subdivision boundaries (spatial lookup)","url":"https://geo.statcan.gc.ca/geo_wa/rest/services/2021/Cartographic_boundary_files/MapServer/9"},"community_display":"Winnipeg","is_unorganized":false,"panel_title":"Winnipeg","display_label":"Winnipeg","map_label":"46110145"},"geometry":{"type":"MultiPolygon","coordinates":[[[[-97.18277808890096,49.900731559233954],[-97.18277867991485,49.900723457312836],[-97.18278100961528,49.90072351230739],[-97.1838669788168,49.90074919361497],[-97.18492410175703,49.900783692691604],[-97.18664850466008,49.9008466869192],[-97.18776129678677,49.90088209870236],[-97.18884619397228,49.9009169916603],[-97.19002790897126,49.90097150935918],[-97.19026480575744,49.900966199771084],[-97.19154674643188,49.901005517147745],[-97.19342210865616,49.90106939401813],[-97.19449318316812,49.90110409533661],[-97.19512009562354,49.90109580625126],[-97.19575969641251,49.901123812819534],[-97.19998939460645,49.90122550092618],[-97.19964549825839,49.90560070437289],[-97.19964861867636,49.9062664096676],[-97.19923340783008,49.91143200570814],[-97.1991440025043,49.91270789923663],[-97.19912307971039,49.91289649162571],[-97.1990667978504,49.91366018735028],[-97.19888178581391,49.91638279920497],[-97.19886319942611,49.91650840979367],[-97.19674560636814,49.916511509967336],[-97.19535419516593,49.91651370867073],[-97.19517139739574,49.91651399752194],[-97.19496249586534,49.916510708978585],[-97.19491192035454,49.9163750106953],[-97.19478141279832,49.91613909166462],[-97.19452661190539,49.91587429240318],[-97.19408159765828,49.91548058868761],[-97.19296371966136,49.914455706227464],[-97.19222390629231,49.9137515891686],[-97.19163288064898,49.91316669698048],[-97.19063800011662,49.91220671063873],[-97.19041110157198,49.91194230955043],[-97.18971008608784,49.91131970869041],[-97.18951678772225,49.91121830731218],[-97.18940959178829,49.911162112134704],[-97.1892021679244,49.91106512256312],[-97.18919060827953,49.911059695961946],[-97.18825538150371,49.910739295532956],[-97.18705878416145,49.91033379058477],[-97.18613589557354,49.91005848768871],[-97.18592908513823,49.91000129296607],[-97.18422258476832,49.90945290096415],[-97.18369969490301,49.90928280378525],[-97.18319041866226,49.90912190012695],[-97.18138799455599,49.908545106635806],[-97.18138748730254,49.908544901279264],[-97.18072288640099,49.90834921726246],[-97.18069452891221,49.90834087012186],[-97.1809623689437,49.90828075743978],[-97.1809724899915,49.90827850291236],[-97.18129868912963,49.90820545570317],[-97.1815246546671,49.908123576942344],[-97.18175857967528,49.90801475462765],[-97.1818870637131,49.90793137107729],[-97.18202417831749,49.907803057155384],[-97.18209775835595,49.90769626023045],[-97.1822048616115,49.90744155978622],[-97.18225949218882,49.907100668128535],[-97.18226638626273,49.906916363851515],[-97.18232319044088,49.906332553824626],[-97.1823539595151,49.9058833614426],[-97.18248397264519,49.9042009625326],[-97.18250155336538,49.90397216224877],[-97.1825022009056,49.903964186512056],[-97.18250315368486,49.9039517712641],[-97.18258868484958,49.902788269004034],[-97.18275347678575,49.90099627641124],[-97.1827766759944,49.90074937921205],[-97.18277808890096,49.900731559233954]]]]}},{"type":"Feature","properties":{"DGUID":"2021S051246110146","DAUID":"46110146","LANDAREA":0.0973,"PRUID":"46","fed_num":"46010","da_code":"46110146","geo_name":"46110146","name_source":{"label":"Statistics Canada Census Profile 2021 DA WDS","url":"https://www12.statcan.gc.ca/wds-sdw/2021profile-profil2021-eng.cfm"},"population":744,"status":"ok","source":{"label":"Statistics Canada Census Profile 2021 DA WDS","url":"https://www12.statcan.gc.ca/wds-sdw/2021profile-profil2021-eng.cfm"},"community_name":"Winnipeg","community_source":{"label":"Statistics Canada 2021 census subdivision boundaries (spatial lookup)","url":"https://geo.statcan.gc.ca/geo_wa/rest/services/2021/Cartographic_boundary_files/MapServer/9"},"community_display":"Winnipeg","is_unorganized":false,"panel_title":"Winnipeg","display_label":"Winnipeg","map_label":"46110146"},"geometry":{"type":"MultiPolygon","coordinates":[[[[-97.18613400773046,49.913449610986035],[-97.1867043096301,49.91272988917349],[-97.18723068584637,49.912063499836606],[-97.18775780301499,49.91137919455835],[-97.18825538150371,49.910739295532956],[-97.18919060827953,49.911059695961946],[-97.1892021679244,49.91106512256312],[-97.18940959178829,49.911162112134704],[-97.18951678772225,49.91121830731218],[-97.18971008608784,49.91131970869041],[-97.19041110157198,49.91194230955043],[-97.19063800011662,49.91220671063873],[-97.19163288064898,49.91316669698048],[-97.19130660197196,49.91332348724066],[-97.19008008798433,49.91297159652348],[-97.1900087892221,49.91301539681732],[-97.18953968749054,49.91363770417538],[-97.1889556122362,49.91435720970836],[-97.18845700503017,49.915023998035025],[-97.1871221083912,49.91458939477216],[-97.18560791079835,49.91410700497343],[-97.18613400773046,49.913449610986035]]]]}},{"type":"Feature","properties":{"DGUID":"2021S051246110147","DAUID":"46110147","LANDAREA":0.0974,"PRUID":"46","fed_num":"46010","da_code":"46110147","geo_name":"46110147","name_source":{"label":"Statistics Canada Census Profile 2021 DA WDS","url":"https://www12.statcan.gc.ca/wds-sdw/2021profile-profil2021-eng.cfm"},"population":589,"status":"ok","source":{"label":"Statistics Canada Census Profile 2021 DA WDS","url":"https://www12.statcan.gc.ca/wds-sdw/2021profile-profil2021-eng.cfm"},"community_name":"Winnipeg","community_source":{"label":"Statistics Canada 2021 census subdivision boundaries (spatial lookup)","url":"https://geo.statcan.gc.ca/geo_wa/rest/services/2021/Cartographic_boundary_files/MapServer/9"},"community_display":"Winnipeg","is_unorganized":false,"panel_title":"Winnipeg","display_label":"Winnipeg","map_label":"46110147"},"geometry":{"type":"MultiPolygon","coordinates":[[[[-97.18953968749054,49.91363770417538],[-97.1900087892221,49.91301539681732],[-97.19008008798433,49.91297159652348],[-97.19130660197196,49.91332348724066],[-97.19163288064898,49.91316669698048],[-97.19222390629231,49.9137515891686],[-97.19296371966136,49.914455706227464],[-97.19408159765828,49.91548058868761],[-97.19452661190539,49.91587429240318],[-97.19478141279832,49.91613909166462],[-97.19491192035454,49.9163750106953],[-97.19496249586534,49.916510708978585],[-97.19500971534616,49.917114110754135],[-97.19301409387243,49.91646239252203],[-97.18932430372632,49.91529839579849],[-97.18845700503017,49.915023998035025],[-97.1889556122362,49.91435720970836],[-97.18953968749054,49.91363770417538]]]]}},{"type":"Feature","properties":{"DGUID":"2021S051246110148","DAUID":"46110148","LANDAREA":0.1131,"PRUID":"46","fed_num":"46010","da_code":"46110148","geo_name":"46110148","name_source":{"label":"Statistics Canada Census Profile 2021 DA WDS","url":"https://www12.statcan.gc.ca/wds-sdw/2021profile-profil2021-eng.cfm"},"population":655,"status":"ok","source":{"label":"Statistics Canada Census Profile 2021 DA WDS","url":"https://www12.statcan.gc.ca/wds-sdw/2021profile-profil2021-eng.cfm"},"community_name":"Winnipeg","community_source":{"label":"Statistics Canada 2021 census subdivision boundaries (spatial lookup)","url":"https://geo.statcan.gc.ca/geo_wa/rest/services/2021/Cartographic_boundary_files/MapServer/9"},"community_display":"Winnipeg","is_unorganized":false,"panel_title":"Winnipeg","display_label":"Winnipeg","map_label":"46110148"},"geometry":{"type":"MultiPolygon","coordinates":[[[[-97.18659491299108,49.91527380922342],[-97.1871221083912,49.91458939477216],[-97.18845700503017,49.915023998035025],[-97.18932430372632,49.91529839579849],[-97.19301409387243,49.91646239252203],[-97.19500971534616,49.917114110754135],[-97.19500698606282,49.9179325912887],[-97.19498900454316,49.91878689944206],[-97.19196060652675,49.91781319518837],[-97.18828461898245,49.916649409962936],[-97.18606809100051,49.915949199721204],[-97.18659491299108,49.91527380922342]]]]}},{"type":"Feature","properties":{"DGUID":"2021S051246110149","DAUID":"46110149","LANDAREA":0.0802,"PRUID":"46","fed_num":"46010","da_code":"46110149","geo_name":"46110149","name_source":{"label":"Statistics Canada Census Profile 2021 DA WDS","url":"https://www12.statcan.gc.ca/wds-sdw/2021profile-profil2021-eng.cfm"},"population":598,"status":"ok","source":{"label":"Statistics Canada Census Profile 2021 DA WDS","url":"https://www12.statcan.gc.ca/wds-sdw/2021profile-profil2021-eng.cfm"},"community_name":"Winnipeg","community_source":{"label":"Statistics Canada 2021 census subdivision boundaries (spatial lookup)","url":"https://geo.statcan.gc.ca/geo_wa/rest/services/2021/Cartographic_boundary_files/MapServer/9"},"community_display":"Winnipeg","is_unorganized":false,"panel_title":"Winnipeg","display_label":"Winnipeg","map_label":"46110149"},"geometry":{"type":"MultiPolygon","coordinates":[[[[-97.18774360508282,49.917333600411276],[-97.18828461898245,49.916649409962936],[-97.19196060652675,49.91781319518837],[-97.19143309365924,49.91850661258606],[-97.19121380601301,49.91878200133673],[-97.19075969189417,49.919377593608324],[-97.19027601256892,49.920017699408724],[-97.18979399738706,49.91986620284549],[-97.18876161089462,49.919535295415585],[-97.18774339061383,49.919195489234575],[-97.1866145189412,49.91883610684864],[-97.1870983176462,49.918195991675],[-97.18752390828489,49.91761800264684],[-97.18774360508282,49.917333600411276]]]]}},{"type":"Feature","properties":{"DGUID":"2021S051246110150","DAUID":"46110150","LANDAREA":0.0854,"PRUID":"46","fed_num":"46010","da_code":"46110150","geo_name":"46110150","name_source":{"label":"Statistics Canada Census Profile 2021 DA WDS","url":"https://www12.statcan.gc.ca/wds-sdw/2021profile-profil2021-eng.cfm"},"population":703,"status":"ok","source":{"label":"Statistics Canada Census Profile 2021 DA WDS","url":"https://www12.statcan.gc.ca/wds-sdw/2021profile-profil2021-eng.cfm"},"community_name":"Winnipeg","community_source":{"label":"Statistics Canada 2021 census subdivision boundaries (spatial lookup)","url":"https://geo.statcan.gc.ca/geo_wa/rest/services/2021/Cartographic_boundary_files/MapServer/9"},"community_display":"Winnipeg","is_unorganized":false,"panel_title":"Winnipeg","display_label":"Winnipeg","map_label":"46110150"},"geometry":{"type":"MultiPolygon","coordinates":[[[[-97.19143309365924,49.91850661258606],[-97.19196060652675,49.91781319518837],[-97.19498900454316,49.91878689944206],[-97.19499819998452,49.91965949936016],[-97.19499923623741,49.919814414359855],[-97.19499940743971,49.91983698726515],[-97.19500041005173,49.91997439198707],[-97.19500017217932,49.92044451853144],[-97.19500010222907,49.92056320195594],[-97.19499998625679,49.92072989785331],[-97.19499650671615,49.921197588763185],[-97.19501159121204,49.92153969615897],[-97.19444710209837,49.92135999424946],[-97.19367609026463,49.92111408773442],[-97.1918998014088,49.92055569444316],[-97.19086761144722,49.920215793982614],[-97.19027601256892,49.920017699408724],[-97.19075969189417,49.919377593608324],[-97.19121380601301,49.91878200133673],[-97.19143309365924,49.91850661258606]]]]}},{"type":"Feature","properties":{"DGUID":"2021S051246110152","DAUID":"46110152","LANDAREA":0.0915,"PRUID":"46","fed_num":"46010","da_code":"46110152","geo_name":"46110152","name_source":{"label":"Statistics Canada Census Profile 2021 DA WDS","url":"https://www12.statcan.gc.ca/wds-sdw/2021profile-profil2021-eng.cfm"},"population":652,"status":"ok","source":{"label":"Statistics Canada Census Profile 2021 DA WDS","url":"https://www12.statcan.gc.ca/wds-sdw/2021profile-profil2021-eng.cfm"},"community_name":"Winnipeg","community_source":{"label":"Statistics Canada 2021 census subdivision boundaries (spatial lookup)","url":"https://geo.statcan.gc.ca/geo_wa/rest/services/2021/Cartographic_boundary_files/MapServer/9"},"community_display":"Winnipeg","is_unorganized":false,"panel_title":"Winnipeg","display_label":"Winnipeg","map_label":"46110152"},"geometry":{"type":"MultiPolygon","coordinates":[[[[-97.18368169860412,49.917917694100886],[-97.18418041513593,49.917250897519395],[-97.1870983176462,49.918195991675],[-97.1866145189412,49.91883610684864],[-97.18774339061383,49.919195489234575],[-97.18725798112052,49.91988060216514],[-97.18677249897004,49.92056558806415],[-97.18624569491868,49.92124101337847],[-97.18369480870551,49.920535387568144],[-97.18365740749,49.9204179052916],[-97.18363209855077,49.91960790524829],[-97.18361850017357,49.919229897539765],[-97.18288971589918,49.91897570614179],[-97.18316839722114,49.918602194699965],[-97.18368169860412,49.917917694100886]]]]}},{"type":"Feature","properties":{"DGUID":"2021S051246110153","DAUID":"46110153","LANDAREA":0.0944,"PRUID":"46","fed_num":"46010","da_code":"46110153","geo_name":"46110153","name_source":{"label":"Statistics Canada Census Profile 2021 DA WDS","url":"https://www12.statcan.gc.ca/wds-sdw/2021profile-profil2021-eng.cfm"},"population":643,"status":"ok","source":{"label":"Statistics Canada Census Profile 2021 DA WDS","url":"https://www12.statcan.gc.ca/wds-sdw/2021profile-profil2021-eng.cfm"},"community_name":"Winnipeg","community_source":{"label":"Statistics Canada 2021 census subdivision boundaries (spatial lookup)","url":"https://geo.statcan.gc.ca/geo_wa/rest/services/2021/Cartographic_boundary_files/MapServer/9"},"community_display":"Winnipeg","is_unorganized":false,"panel_title":"Winnipeg","display_label":"Winnipeg","map_label":"46110153"},"geometry":{"type":"MultiPolygon","coordinates":[[[[-97.18375432091379,49.91413191134214],[-97.18414909848207,49.913634401616946],[-97.18560791079835,49.91410700497343],[-97.1871221083912,49.91458939477216],[-97.18659491299108,49.91527380922342],[-97.18606809100051,49.915949199721204],[-97.18828461898245,49.916649409962936],[-97.18774360508282,49.917333600411276],[-97.18752390828489,49.91761800264684],[-97.1870983176462,49.918195991675],[-97.18418041513593,49.917250897519395],[-97.18459178142938,49.91668160960696],[-97.18373841558054,49.916407398106806],[-97.18373870447864,49.916029600362755],[-97.18372768837982,49.915210898491836],[-97.18373189660225,49.91435640381771],[-97.18375432091379,49.91413191134214]]]]}},{"type":"Feature","properties":{"DGUID":"2021S051246110174","DAUID":"46110174","LANDAREA":0.8444,"PRUID":"46","fed_num":"46010","da_code":"46110174","geo_name":"46110174","name_source":{"label":"Statistics Canada Census Profile 2021 DA WDS","url":"https://www12.statcan.gc.ca/wds-sdw/2021profile-profil2021-eng.cfm"},"population":442,"status":"ok","source":{"label":"Statistics Canada Census Profile 2021 DA WDS","url":"https://www12.statcan.gc.ca/wds-sdw/2021profile-profil2021-eng.cfm"},"community_name":"Winnipeg","community_source":{"label":"Statistics Canada 2021 census subdivision boundaries (spatial lookup)","url":"https://geo.statcan.gc.ca/geo_wa/rest/services/2021/Cartographic_boundary_files/MapServer/9"},"community_display":"Winnipeg","is_unorganized":false,"panel_title":"Winnipeg","display_label":"Winnipeg","map_label":"46110174"},"geometry":{"type":"MultiPolygon","coordinates":[[[[-97.15144420331379,49.90957349465623],[-97.15185050621962,49.909148201587854],[-97.15189711836993,49.90902299144564],[-97.1517870846118,49.90898530141118],[-97.15257958618274,49.90792750369509],[-97.15355689002966,49.90823090400136],[-97.15456178832318,49.90854380336161],[-97.15559409677364,49.908866004033136],[-97.15631181439063,49.9079419868158],[-97.15734448551694,49.90825519957011],[-97.15836288753584,49.90857718928546],[-97.1593260145199,49.90888939540405],[-97.15964241970595,49.90899329820479],[-97.15996440211869,49.90858469204229],[-97.15995930614211,49.908571904664775],[-97.15991350228839,49.90845790139497],[-97.15935059560411,49.90824209035265],[-97.15980809495474,49.90756580273869],[-97.1597701196989,49.907466198830505],[-97.16082379973362,49.90785415769659],[-97.16131552965543,49.908022453120815],[-97.16187674420263,49.90720032546964],[-97.16207704945795,49.90690692919181],[-97.16337193016778,49.907325961467194],[-97.16450846408314,49.90769374181634],[-97.16520631674534,49.90788719385508],[-97.1708954942499,49.90957900663109],[-97.17085538891897,49.910079291450636],[-97.17076571876942,49.91097740267095],[-97.1706613901527,49.91189319796057],[-97.17059650357955,49.91250379676479],[-97.1705405031443,49.912880710275566],[-97.17045380274058,49.91369788965445],[-97.17040078556582,49.91399388991292],[-97.17033608623407,49.91442432571491],[-97.17030768430143,49.91461310261374],[-97.17026799478633,49.91492729245369],[-97.17020238488422,49.915555912878375],[-97.17007089757627,49.91655300955242],[-97.17005729028128,49.91665617398613],[-97.1700550388821,49.916673134376154],[-97.17002646526805,49.916663760742644],[-97.17001035821569,49.916658473760236],[-97.16948726471303,49.91649285850816],[-97.1693708832269,49.91645656233678],[-97.16796586063744,49.91601907462857],[-97.16620865782927,49.91545286627278],[-97.1642226668821,49.914812959481665],[-97.16081618546652,49.913729056519564],[-97.16075625885352,49.91371135955133],[-97.16074334995872,49.91370755434677],[-97.16071977647518,49.91370057313408],[-97.1606578773774,49.913681559762324],[-97.1605270544124,49.91363907446196],[-97.15159586646031,49.91078497580384],[-97.15081915767371,49.91053979812186],[-97.15087308917703,49.91045640618806],[-97.15092381800427,49.91037799734594],[-97.15098289751487,49.91028669837674],[-97.1509867364654,49.91028074991208],[-97.15102708182866,49.91021841839661],[-97.15108024006611,49.910136180174106],[-97.15112926744455,49.91006042340018],[-97.15119351760686,49.909961086808615],[-97.15124758681935,49.909877532161374],[-97.1512850837449,49.90981951802558],[-97.15133170031784,49.90974743434091],[-97.15136789750044,49.909691455821566],[-97.15144420331379,49.90957349465623]]]]}},{"type":"Feature","properties":{"DGUID":"2021S051246110175","DAUID":"46110175","LANDAREA":0.0971,"PRUID":"46","fed_num":"46010","da_code":"46110175","geo_name":"46110175","name_source":{"label":"Statistics Canada Census Profile 2021 DA WDS","url":"https://www12.statcan.gc.ca/wds-sdw/2021profile-profil2021-eng.cfm"},"population":599,"status":"ok","source":{"label":"Statistics Canada Census Profile 2021 DA WDS","url":"https://www12.statcan.gc.ca/wds-sdw/2021profile-profil2021-eng.cfm"},"community_name":"Winnipeg","community_source":{"label":"Statistics Canada 2021 census subdivision boundaries (spatial lookup)","url":"https://geo.statcan.gc.ca/geo_wa/rest/services/2021/Cartographic_boundary_files/MapServer/9"},"community_display":"Winnipeg","is_unorganized":false,"panel_title":"Winnipeg","display_label":"Winnipeg","map_label":"46110175"},"geometry":{"type":"MultiPolygon","coordinates":[[[[-97.15734448551694,49.90825519957011],[-97.15631181439063,49.9079419868158],[-97.15559409677364,49.908866004033136],[-97.15456178832318,49.90854380336161],[-97.15355689002966,49.90823090400136],[-97.15257958618274,49.90792750369509],[-97.15297439616008,49.90743909433401],[-97.15355911684254,49.90707959237021],[-97.15398231483069,49.90657358991218],[-97.1545953883857,49.905836793462726],[-97.15850391948062,49.9070683114257],[-97.1597701196989,49.907466198830505],[-97.15980809495474,49.90756580273869],[-97.15935059560411,49.90824209035265],[-97.15991350228839,49.90845790139497],[-97.15995930614211,49.908571904664775],[-97.15996440211869,49.90858469204229],[-97.15964241970595,49.90899329820479],[-97.1593260145199,49.90888939540405],[-97.15836288753584,49.90857718928546],[-97.15734448551694,49.90825519957011]]]]}},{"type":"Feature","properties":{"DGUID":"2021S051246110176","DAUID":"46110176","LANDAREA":0.3315,"PRUID":"46","fed_num":"46010","da_code":"46110176","geo_name":"46110176","name_source":{"label":"Statistics Canada Census Profile 2021 DA WDS","url":"https://www12.statcan.gc.ca/wds-sdw/2021profile-profil2021-eng.cfm"},"population":722,"status":"ok","source":{"label":"Statistics Canada Census Profile 2021 DA WDS","url":"https://www12.statcan.gc.ca/wds-sdw/2021profile-profil2021-eng.cfm"},"community_name":"Winnipeg","community_source":{"label":"Statistics Canada 2021 census subdivision boundaries (spatial lookup)","url":"https://geo.statcan.gc.ca/geo_wa/rest/services/2021/Cartographic_boundary_files/MapServer/9"},"community_display":"Winnipeg","is_unorganized":false,"panel_title":"Winnipeg","display_label":"Winnipeg","map_label":"46110176"},"geometry":{"type":"MultiPolygon","coordinates":[[[[-97.14846209231361,49.90352007348851],[-97.14866930431378,49.90304136001019],[-97.14880419740852,49.90308348301202],[-97.14900432853749,49.90314801449614],[-97.15002193466594,49.9034762728814],[-97.1511756844699,49.90384841124734],[-97.15500141254391,49.90505170093885],[-97.15481899226533,49.90545360126642],[-97.1545953883857,49.905836793462726],[-97.15398231483069,49.90657358991218],[-97.15355911684254,49.90707959237021],[-97.15297439616008,49.90743909433401],[-97.15257958618274,49.90792750369509],[-97.1517870846118,49.90898530141118],[-97.15189711836993,49.90902299144564],[-97.15185050621962,49.909148201587854],[-97.15144420331379,49.90957349465623],[-97.15136789750044,49.909691455821566],[-97.15133170031784,49.90974743434091],[-97.1512850837449,49.90981951802558],[-97.15124758681935,49.909877532161374],[-97.15119351760686,49.909961086808615],[-97.15112926744455,49.91006042340018],[-97.15108024006611,49.910136180174106],[-97.15102708182866,49.91021841839661],[-97.1509867364654,49.91028074991208],[-97.15098289751487,49.91028669837674],[-97.15092381800427,49.91037799734594],[-97.15087308917703,49.91045640618806],[-97.15081915767371,49.91053979812186],[-97.14910486595336,49.90999866292104],[-97.14521757947179,49.90875816927676],[-97.14511935082999,49.90872656285804],[-97.14510707142394,49.90872264442479],[-97.14501115297809,49.908691870806784],[-97.14499004755554,49.90868565893926],[-97.14497759907438,49.908681982355354],[-97.14498219153579,49.908674415979256],[-97.14558328940251,49.90768089377238],[-97.14582119162618,49.907288912572376],[-97.14626731949997,49.90654950478347],[-97.14656329825388,49.906095508732065],[-97.1466223940918,49.90600648912912],[-97.14678382042216,49.905793201147304],[-97.14724322129973,49.90507190700675],[-97.1476253903032,49.90454729683851],[-97.1482672179457,49.90383259227863],[-97.14846209231361,49.90352007348851]]]]}},{"type":"Feature","properties":{"DGUID":"2021S051246110227","DAUID":"46110227","LANDAREA":2.7667,"PRUID":"46","fed_num":"46010","da_code":"46110227","geo_name":"46110227","name_source":{"label":"Statistics Canada Census Profile 2021 DA WDS","url":"https://www12.statcan.gc.ca/wds-sdw/2021profile-profil2021-eng.cfm"},"population":624,"status":"ok","source":{"label":"Statistics Canada Census Profile 2021 DA WDS","url":"https://www12.statcan.gc.ca/wds-sdw/2021profile-profil2021-eng.cfm"},"community_name":"Winnipeg","community_source":{"label":"Statistics Canada 2021 census subdivision boundaries (spatial lookup)","url":"https://geo.statcan.gc.ca/geo_wa/rest/services/2021/Cartographic_boundary_files/MapServer/9"},"community_display":"Winnipeg","is_unorganized":false,"panel_title":"Winnipeg","display_label":"Winnipeg","map_label":"46110227"},"geometry":{"type":"MultiPolygon","coordinates":[[[[-97.22959271954268,49.93299916369326],[-97.22161289982668,49.93087994577074],[-97.22119224382716,49.93091473348781],[-97.21831749174535,49.931152428167756],[-97.21230041227238,49.93125531853979],[-97.21184380430745,49.9312630992563],[-97.21143358316657,49.93104989277805],[-97.21111901522993,49.930892198987],[-97.21088651260008,49.930771588438596],[-97.21059938413111,49.93062329242682],[-97.20865749561563,49.9296308896898],[-97.2076333425421,49.929017524896054],[-97.20736274385915,49.92885720006362],[-97.20667258807988,49.9280120083984],[-97.20666937967775,49.92800799199877],[-97.20661367542162,49.926913601836034],[-97.20661286602783,49.92689755567659],[-97.20661398496998,49.92681699251894],[-97.20662838698047,49.92562900970804],[-97.20663321430716,49.92522799663856],[-97.20664968205293,49.92440969311346],[-97.20662759056088,49.92387870832719],[-97.20661809500022,49.92338379873708],[-97.20661059092487,49.922835002224744],[-97.20662390188083,49.92247541239545],[-97.20661480886028,49.92159380981344],[-97.20661598630029,49.92081129479903],[-97.20347520709858,49.91985410885248],[-97.20299160436046,49.92049431030281],[-97.19880611315834,49.91916109355707],[-97.19930428733733,49.918503210426906],[-97.20185089011602,49.91932520044545],[-97.20244790075245,49.91863290974595],[-97.20403099219754,49.91914319553698],[-97.20436719507738,49.91871659114355],[-97.20442249952235,49.91797990680366],[-97.20443631353237,49.91723350110122],[-97.20261068392743,49.91725020099729],[-97.20258252069651,49.91651220895563],[-97.20414241154079,49.91651839945401],[-97.20667767993861,49.916521598426655],[-97.206858988332,49.91651539377218],[-97.20790421547667,49.91650460970863],[-97.20933878784153,49.91650881155518],[-97.20989610256463,49.91650838886844],[-97.21076059996005,49.91648580116736],[-97.21112488084067,49.91642840565071],[-97.21161748332278,49.91642849173698],[-97.21227910575044,49.91642859060679],[-97.21524829620299,49.916428995125735],[-97.21541571875994,49.91642259912832],[-97.21626500833328,49.91643571204908],[-97.21657159419101,49.916431387254065],[-97.21797838315838,49.9164350097183],[-97.21905111256682,49.916433499894],[-97.22104308346547,49.91643710068934],[-97.22956598218595,49.916504602072656],[-97.22963148789503,49.92531609698913],[-97.22963043051428,49.92655991406608],[-97.22962838054089,49.92887358949831],[-97.22963110876847,49.92917939753304],[-97.22964241149346,49.93077169181929],[-97.22964150954044,49.931176495737716],[-97.22961617847828,49.933005386158364],[-97.22959271954268,49.93299916369326]]]]}},{"type":"Feature","properties":{"DGUID":"2021S051246110229","DAUID":"46110229","LANDAREA":0.1564,"PRUID":"46","fed_num":"46010","da_code":"46110229","geo_name":"46110229","name_source":{"label":"Statistics Canada Census Profile 2021 DA WDS","url":"https://www12.statcan.gc.ca/wds-sdw/2021profile-profil2021-eng.cfm"},"population":600,"status":"ok","source":{"label":"Statistics Canada Census Profile 2021 DA WDS","url":"https://www12.statcan.gc.ca/wds-sdw/2021profile-profil2021-eng.cfm"},"community_name":"Winnipeg","community_source":{"label":"Statistics Canada 2021 census subdivision boundaries (spatial lookup)","url":"https://geo.statcan.gc.ca/geo_wa/rest/services/2021/Cartographic_boundary_files/MapServer/9"},"community_display":"Winnipeg","is_unorganized":false,"panel_title":"Winnipeg","display_label":"Winnipeg","map_label":"46110229"},"geometry":{"type":"MultiPolygon","coordinates":[[[[-97.1997221816688,49.92224260755974],[-97.19709290382723,49.92139220451643],[-97.19773779558435,49.920538701119405],[-97.1985905972864,49.920830787704396],[-97.200311009083,49.921388994627726],[-97.20188058510635,49.92189829863573],[-97.20246431285516,49.92118771187787],[-97.20299160436046,49.92049431030281],[-97.20347520709858,49.91985410885248],[-97.20661598630029,49.92081129479903],[-97.20661480886028,49.92159380981344],[-97.20662390188083,49.92247541239545],[-97.20661059092487,49.922835002224744],[-97.20661809500022,49.92338379873708],[-97.20662759056088,49.92387870832719],[-97.20664968205293,49.92440969311346],[-97.20328851692483,49.92337729814697],[-97.1997221816688,49.92224260755974]]]]}},{"type":"Feature","properties":{"DGUID":"2021S051246110230","DAUID":"46110230","LANDAREA":0.1242,"PRUID":"46","fed_num":"46010","da_code":"46110230","geo_name":"46110230","name_source":{"label":"Statistics Canada Census Profile 2021 DA WDS","url":"https://www12.statcan.gc.ca/wds-sdw/2021profile-profil2021-eng.cfm"},"population":647,"status":"ok","source":{"label":"Statistics Canada Census Profile 2021 DA WDS","url":"https://www12.statcan.gc.ca/wds-sdw/2021profile-profil2021-eng.cfm"},"community_name":"Winnipeg","community_source":{"label":"Statistics Canada 2021 census subdivision boundaries (spatial lookup)","url":"https://geo.statcan.gc.ca/geo_wa/rest/services/2021/Cartographic_boundary_files/MapServer/9"},"community_display":"Winnipeg","is_unorganized":false,"panel_title":"Winnipeg","display_label":"Winnipeg","map_label":"46110230"},"geometry":{"type":"MultiPolygon","coordinates":[[[[-97.1985905972864,49.920830787704396],[-97.19773779558435,49.920538701119405],[-97.19709290382723,49.92139220451643],[-97.1951786966087,49.92079569040859],[-97.19499998625679,49.92072989785331],[-97.19500010222907,49.92056320195594],[-97.19500017217932,49.92044451853144],[-97.19500041005173,49.91997439198707],[-97.19499940743971,49.91983698726515],[-97.19499923623741,49.919814414359855],[-97.19499819998452,49.91965949936016],[-97.19498900454316,49.91878689944206],[-97.19500698606282,49.9179325912887],[-97.19521381263758,49.917989796377235],[-97.19880611315834,49.91916109355707],[-97.20299160436046,49.92049431030281],[-97.20246431285516,49.92118771187787],[-97.20188058510635,49.92189829863573],[-97.200311009083,49.921388994627726],[-97.1985905972864,49.920830787704396]]]]}},{"type":"Feature","properties":{"DGUID":"2021S051246110231","DAUID":"46110231","LANDAREA":0.1584,"PRUID":"46","fed_num":"46010","da_code":"46110231","geo_name":"46110231","name_source":{"label":"Statistics Canada Census Profile 2021 DA WDS","url":"https://www12.statcan.gc.ca/wds-sdw/2021profile-profil2021-eng.cfm"},"population":693,"status":"ok","source":{"label":"Statistics Canada Census Profile 2021 DA WDS","url":"https://www12.statcan.gc.ca/wds-sdw/2021profile-profil2021-eng.cfm"},"community_name":"Winnipeg","community_source":{"label":"Statistics Canada 2021 census subdivision boundaries (spatial lookup)","url":"https://geo.statcan.gc.ca/geo_wa/rest/services/2021/Cartographic_boundary_files/MapServer/9"},"community_display":"Winnipeg","is_unorganized":false,"panel_title":"Winnipeg","display_label":"Winnipeg","map_label":"46110231"},"geometry":{"type":"MultiPolygon","coordinates":[[[[-97.20185089011602,49.91932520044545],[-97.19930428733733,49.918503210426906],[-97.19880611315834,49.91916109355707],[-97.19521381263758,49.917989796377235],[-97.19500698606282,49.9179325912887],[-97.19500971534616,49.917114110754135],[-97.19496249586534,49.916510708978585],[-97.19517139739574,49.91651399752194],[-97.19535419516593,49.91651370867073],[-97.19674560636814,49.916511509967336],[-97.19886319942611,49.91650840979367],[-97.20017248885709,49.91651079941942],[-97.20127311843048,49.916509909211825],[-97.20258252069651,49.91651220895563],[-97.20261068392743,49.91725020099729],[-97.20443631353237,49.91723350110122],[-97.20442249952235,49.91797990680366],[-97.20436719507738,49.91871659114355],[-97.20403099219754,49.91914319553698],[-97.20244790075245,49.91863290974595],[-97.20185089011602,49.91932520044545]]]]}},{"type":"Feature","properties":{"DGUID":"2021S051246110238","DAUID":"46110238","LANDAREA":0.5803,"PRUID":"46","fed_num":"46010","da_code":"46110238","geo_name":"46110238","name_source":{"label":"Statistics Canada Census Profile 2021 DA WDS","url":"https://www12.statcan.gc.ca/wds-sdw/2021profile-profil2021-eng.cfm"},"population":475,"status":"ok","source":{"label":"Statistics Canada Census Profile 2021 DA WDS","url":"https://www12.statcan.gc.ca/wds-sdw/2021profile-profil2021-eng.cfm"},"community_name":"Winnipeg","community_source":{"label":"Statistics Canada 2021 census subdivision boundaries (spatial lookup)","url":"https://geo.statcan.gc.ca/geo_wa/rest/services/2021/Cartographic_boundary_files/MapServer/9"},"community_display":"Winnipeg","is_unorganized":false,"panel_title":"Winnipeg","display_label":"Winnipeg","map_label":"46110238"},"geometry":{"type":"MultiPolygon","coordinates":[[[[-97.20057038785792,49.894218491689884],[-97.20084279335983,49.891011509479966],[-97.20084733151789,49.89088915470792],[-97.2008651929558,49.890409192621476],[-97.20091030306605,49.8903198885463],[-97.20094361563734,49.889798687358805],[-97.20090420932672,49.8897352084087],[-97.20101178121763,49.888318004013904],[-97.20104060161334,49.88793829714465],[-97.20107574434921,49.88747180778634],[-97.20109248316041,49.88724970450416],[-97.20109369574625,49.887249793832275],[-97.20120960903931,49.887260103209705],[-97.20178598255757,49.8873114077104],[-97.20250169091214,49.88741700757255],[-97.20305177664815,49.887456076488185],[-97.2030632929689,49.887456899192955],[-97.20373091855802,49.8874763093956],[-97.20439780669489,49.88751280004578],[-97.20495548159177,49.88752710732036],[-97.20581502144314,49.88758950895529],[-97.20606541326336,49.88759340750823],[-97.20702521328656,49.88761718946769],[-97.20841589541696,49.887656687815024],[-97.20944491690067,49.887690596849176],[-97.21058490490788,49.887735192252414],[-97.2121284019762,49.88778600710043],[-97.21314338289942,49.88781960739665],[-97.21282347980383,49.89082799410723],[-97.21280530945118,49.890944704592194],[-97.21183188815003,49.89091170568248],[-97.2102885833048,49.89085189356496],[-97.20997098631494,49.894543894339506],[-97.20771759275564,49.894482100036896],[-97.20310139950156,49.89430269032721],[-97.20057038785792,49.894218491689884]]]]}},{"type":"Feature","properties":{"DGUID":"2021S051246110239","DAUID":"46110239","LANDAREA":0.183,"PRUID":"46","fed_num":"46010","da_code":"46110239","geo_name":"46110239","name_source":{"label":"Statistics Canada Census Profile 2021 DA WDS","url":"https://www12.statcan.gc.ca/wds-sdw/2021profile-profil2021-eng.cfm"},"population":712,"status":"ok","source":{"label":"Statistics Canada Census Profile 2021 DA WDS","url":"https://www12.statcan.gc.ca/wds-sdw/2021profile-profil2021-eng.cfm"},"community_name":"Winnipeg","community_source":{"label":"Statistics Canada 2021 census subdivision boundaries (spatial lookup)","url":"https://geo.statcan.gc.ca/geo_wa/rest/services/2021/Cartographic_boundary_files/MapServer/9"},"community_display":"Winnipeg","is_unorganized":false,"panel_title":"Winnipeg","display_label":"Winnipeg","map_label":"46110239"},"geometry":{"type":"MultiPolygon","coordinates":[[[[-97.20872069716806,49.88393749630509],[-97.20875280558946,49.88382109217885],[-97.20979560776887,49.88385519926341],[-97.21090768703569,49.88389931138903],[-97.21242289586164,49.88395868768606],[-97.21349319554558,49.88400219998035],[-97.21470271352447,49.88404779300458],[-97.21436988130384,49.88778459647445],[-97.21436690407411,49.887865509443664],[-97.21314338289942,49.88781960739665],[-97.2121284019762,49.88778600710043],[-97.21058490490788,49.887735192252414],[-97.20944491690067,49.887690596849176],[-97.20841589541696,49.887656687815024],[-97.20841958649076,49.88755781253559],[-97.20872069716806,49.88393749630509]]]]}},{"type":"Feature","properties":{"DGUID":"2021S051246110240","DAUID":"46110240","LANDAREA":0.1484,"PRUID":"46","fed_num":"46010","da_code":"46110240","geo_name":"46110240","name_source":{"label":"Statistics Canada Census Profile 2021 DA WDS","url":"https://www12.statcan.gc.ca/wds-sdw/2021profile-profil2021-eng.cfm"},"population":751,"status":"ok","source":{"label":"Statistics Canada Census Profile 2021 DA WDS","url":"https://www12.statcan.gc.ca/wds-sdw/2021profile-profil2021-eng.cfm"},"community_name":"Winnipeg","community_source":{"label":"Statistics Canada 2021 census subdivision boundaries (spatial lookup)","url":"https://geo.statcan.gc.ca/geo_wa/rest/services/2021/Cartographic_boundary_files/MapServer/9"},"community_display":"Winnipeg","is_unorganized":false,"panel_title":"Winnipeg","display_label":"Winnipeg","map_label":"46110240"},"geometry":{"type":"MultiPolygon","coordinates":[[[[-97.21436988130384,49.88778459647445],[-97.21470271352447,49.88404779300458],[-97.21592599485788,49.88409360451486],[-97.21716331449187,49.88413959315767],[-97.21840060049941,49.884185594103954],[-97.21869438888614,49.8841970008378],[-97.21955439102855,49.88423038863805],[-97.21922029300364,49.88801210251503],[-97.2188440070363,49.88802430580158],[-97.21806549080597,49.88799440787701],[-97.21682768977942,49.88795729569765],[-97.21560429242925,49.887911494772105],[-97.21436690407411,49.887865509443664],[-97.21436988130384,49.88778459647445]]]]}},{"type":"Feature","properties":{"DGUID":"2021S051246110241","DAUID":"46110241","LANDAREA":0.1069,"PRUID":"46","fed_num":"46010","da_code":"46110241","geo_name":"46110241","name_source":{"label":"Statistics Canada Census Profile 2021 DA WDS","url":"https://www12.statcan.gc.ca/wds-sdw/2021profile-profil2021-eng.cfm"},"population":496,"status":"ok","source":{"label":"Statistics Canada Census Profile 2021 DA WDS","url":"https://www12.statcan.gc.ca/wds-sdw/2021profile-profil2021-eng.cfm"},"community_name":"Winnipeg","community_source":{"label":"Statistics Canada 2021 census subdivision boundaries (spatial lookup)","url":"https://geo.statcan.gc.ca/geo_wa/rest/services/2021/Cartographic_boundary_files/MapServer/9"},"community_display":"Winnipeg","is_unorganized":false,"panel_title":"Winnipeg","display_label":"Winnipeg","map_label":"46110241"},"geometry":{"type":"MultiPolygon","coordinates":[[[[-97.21470661454906,49.88393990552583],[-97.215176204606,49.87875699334246],[-97.21647201002988,49.87872300417573],[-97.2176974931326,49.87870589144433],[-97.21716698085393,49.884040693086455],[-97.21716331449187,49.88413959315767],[-97.21592599485788,49.88409360451486],[-97.21470271352447,49.88404779300458],[-97.21470661454906,49.88393990552583]]]]}},{"type":"Feature","properties":{"DGUID":"2021S051246110242","DAUID":"46110242","LANDAREA":0.0962,"PRUID":"46","fed_num":"46010","da_code":"46110242","geo_name":"46110242","name_source":{"label":"Statistics Canada Census Profile 2021 DA WDS","url":"https://www12.statcan.gc.ca/wds-sdw/2021profile-profil2021-eng.cfm"},"population":456,"status":"ok","source":{"label":"Statistics Canada Census Profile 2021 DA WDS","url":"https://www12.statcan.gc.ca/wds-sdw/2021profile-profil2021-eng.cfm"},"community_name":"Winnipeg","community_source":{"label":"Statistics Canada 2021 census subdivision boundaries (spatial lookup)","url":"https://geo.statcan.gc.ca/geo_wa/rest/services/2021/Cartographic_boundary_files/MapServer/9"},"community_display":"Winnipeg","is_unorganized":false,"panel_title":"Winnipeg","display_label":"Winnipeg","map_label":"46110242"},"geometry":{"type":"MultiPolygon","coordinates":[[[[-97.21242688235719,49.883850796004296],[-97.21284958741006,49.87881108832507],[-97.21399239969163,49.87877480523184],[-97.215176204606,49.87875699334246],[-97.21470661454906,49.88393990552583],[-97.21470271352447,49.88404779300458],[-97.21349319554558,49.88400219998035],[-97.21242289586164,49.88395868768606],[-97.21242688235719,49.883850796004296]]]]}},{"type":"Feature","properties":{"DGUID":"2021S051246110243","DAUID":"46110243","LANDAREA":0.1463,"PRUID":"46","fed_num":"46010","da_code":"46110243","geo_name":"46110243","name_source":{"label":"Statistics Canada Census Profile 2021 DA WDS","url":"https://www12.statcan.gc.ca/wds-sdw/2021profile-profil2021-eng.cfm"},"population":550,"status":"ok","source":{"label":"Statistics Canada Census Profile 2021 DA WDS","url":"https://www12.statcan.gc.ca/wds-sdw/2021profile-profil2021-eng.cfm"},"community_name":"Winnipeg","community_source":{"label":"Statistics Canada 2021 census subdivision boundaries (spatial lookup)","url":"https://geo.statcan.gc.ca/geo_wa/rest/services/2021/Cartographic_boundary_files/MapServer/9"},"community_display":"Winnipeg","is_unorganized":false,"panel_title":"Winnipeg","display_label":"Winnipeg","map_label":"46110243"},"geometry":{"type":"MultiPolygon","coordinates":[[[[-97.21170899049694,49.878865290673026],[-97.21234818290554,49.87882139224967],[-97.21284958741006,49.87881108832507],[-97.21242688235719,49.883850796004296],[-97.21242289586164,49.88395868768606],[-97.21090768703569,49.88389931138903],[-97.20979560776887,49.88385519926341],[-97.20875280558946,49.88382109217885],[-97.20875680170629,49.883713200697855],[-97.20913750489949,49.87906869668692],[-97.21019839914176,49.87898609180519],[-97.21058961246908,49.878947189340174],[-97.21138528711931,49.87888751357659],[-97.21170899049694,49.878865290673026]]]]}},{"type":"Feature","properties":{"DGUID":"2021S051246110244","DAUID":"46110244","LANDAREA":0.1178,"PRUID":"46","fed_num":"46010","da_code":"46110244","geo_name":"46110244","name_source":{"label":"Statistics Canada Census Profile 2021 DA WDS","url":"https://www12.statcan.gc.ca/wds-sdw/2021profile-profil2021-eng.cfm"},"population":614,"status":"ok","source":{"label":"Statistics Canada Census Profile 2021 DA WDS","url":"https://www12.statcan.gc.ca/wds-sdw/2021profile-profil2021-eng.cfm"},"community_name":"Winnipeg","community_source":{"label":"Statistics Canada 2021 census subdivision boundaries (spatial lookup)","url":"https://geo.statcan.gc.ca/geo_wa/rest/services/2021/Cartographic_boundary_files/MapServer/9"},"community_display":"Winnipeg","is_unorganized":false,"panel_title":"Winnipeg","display_label":"Winnipeg","map_label":"46110244"},"geometry":{"type":"MultiPolygon","coordinates":[[[[-97.20800670030962,49.879159101531734],[-97.20913750489949,49.87906869668692],[-97.20875680170629,49.883713200697855],[-97.20875280558946,49.88382109217885],[-97.20736278978062,49.88376359409943],[-97.20664828726883,49.883746502219886],[-97.20629188264003,49.88373799884196],[-97.20608350337686,49.8837257916342],[-97.20610139622369,49.88361820557544],[-97.20608839195849,49.88315009409849],[-97.20606979964393,49.882481993711366],[-97.20606957865823,49.88247476371147],[-97.20606558767905,49.88233130433718],[-97.2052749000224,49.880754000106336],[-97.20507011639708,49.88040189674342],[-97.20467300642,49.879719204803486],[-97.20477700295567,49.879702999132014],[-97.20488300293361,49.87968650339052],[-97.20500919022483,49.87966151299495],[-97.20568160439547,49.87954589050639],[-97.20630101463172,49.87943389544748],[-97.20642208023628,49.879412000851346],[-97.206872793531,49.87933051295051],[-97.2077691861346,49.87918239188878],[-97.20800670030962,49.879159101531734]]]]}},{"type":"Feature","properties":{"DGUID":"2021S051246110245","DAUID":"46110245","LANDAREA":0.1221,"PRUID":"46","fed_num":"46010","da_code":"46110245","geo_name":"46110245","name_source":{"label":"Statistics Canada Census Profile 2021 DA WDS","url":"https://www12.statcan.gc.ca/wds-sdw/2021profile-profil2021-eng.cfm"},"population":339,"status":"ok","source":{"label":"Statistics Canada Census Profile 2021 DA WDS","url":"https://www12.statcan.gc.ca/wds-sdw/2021profile-profil2021-eng.cfm"},"community_name":"Winnipeg","community_source":{"label":"Statistics Canada 2021 census subdivision boundaries (spatial lookup)","url":"https://geo.statcan.gc.ca/geo_wa/rest/services/2021/Cartographic_boundary_files/MapServer/9"},"community_display":"Winnipeg","is_unorganized":false,"panel_title":"Winnipeg","display_label":"Winnipeg","map_label":"46110245"},"geometry":{"type":"MultiPolygon","coordinates":[[[[-97.20446261963104,49.87976090178871],[-97.20467300642,49.879719204803486],[-97.20507011639708,49.88040189674342],[-97.2052749000224,49.880754000106336],[-97.20606558767905,49.88233130433718],[-97.20606957865823,49.88247476371147],[-97.20606979964393,49.882481993711366],[-97.20608839195849,49.88315009409849],[-97.20610139622369,49.88361820557544],[-97.20608350337686,49.8837257916342],[-97.20574250140771,49.883716604053205],[-97.20530468807587,49.883704789397925],[-97.20406270868472,49.88366508803983],[-97.20231699511665,49.88361109871012],[-97.20227470938887,49.8836097492123],[-97.20198051138317,49.88360030777954],[-97.20136969934845,49.88358080358188],[-97.20137438691052,49.883455003775396],[-97.2013805946778,49.883287971416955],[-97.20138741308537,49.8831044046],[-97.2014881905083,49.88263821092003],[-97.20151124788869,49.88229857729315],[-97.20161139304265,49.88082309903554],[-97.20164597975008,49.88026599733168],[-97.2024422852417,49.88011989803829],[-97.20264841424309,49.8800820578474],[-97.20275388276238,49.88006269658574],[-97.2028559966873,49.88004400890997],[-97.20304749793769,49.88000879906056],[-97.20418239098468,49.87981061030418],[-97.20446261963104,49.87976090178871]]]]}},{"type":"Feature","properties":{"DGUID":"2021S051246110246","DAUID":"46110246","LANDAREA":0.2244,"PRUID":"46","fed_num":"46010","da_code":"46110246","geo_name":"46110246","name_source":{"label":"Statistics Canada Census Profile 2021 DA WDS","url":"https://www12.statcan.gc.ca/wds-sdw/2021profile-profil2021-eng.cfm"},"population":590,"status":"ok","source":{"label":"Statistics Canada Census Profile 2021 DA WDS","url":"https://www12.statcan.gc.ca/wds-sdw/2021profile-profil2021-eng.cfm"},"community_name":"Winnipeg","community_source":{"label":"Statistics Canada 2021 census subdivision boundaries (spatial lookup)","url":"https://geo.statcan.gc.ca/geo_wa/rest/services/2021/Cartographic_boundary_files/MapServer/9"},"community_display":"Winnipeg","is_unorganized":false,"panel_title":"Winnipeg","display_label":"Winnipeg","map_label":"46110246"},"geometry":{"type":"MultiPolygon","coordinates":[[[[-97.20132378383893,49.88420841209112],[-97.20136969934845,49.88358080358188],[-97.20198051138317,49.88360030777954],[-97.20227470938887,49.8836097492123],[-97.20231699511665,49.88361109871012],[-97.20406270868472,49.88366508803983],[-97.20530468807587,49.883704789397925],[-97.20574250140771,49.883716604053205],[-97.20608350337686,49.8837257916342],[-97.20629188264003,49.88373799884196],[-97.20664828726883,49.883746502219886],[-97.20736278978062,49.88376359409943],[-97.20875280558946,49.88382109217885],[-97.20872069716806,49.88393749630509],[-97.20841958649076,49.88755781253559],[-97.20841589541696,49.887656687815024],[-97.20702521328656,49.88761718946769],[-97.20606541326336,49.88759340750823],[-97.20581502144314,49.88758950895529],[-97.20495548159177,49.88752710732036],[-97.20439780669489,49.88751280004578],[-97.20373091855802,49.8874763093956],[-97.2030632929689,49.887456899192955],[-97.20305177664815,49.887456076488185],[-97.20250169091214,49.88741700757255],[-97.20178598255757,49.8873114077104],[-97.20120960903931,49.887260103209705],[-97.20109369574625,49.887249793832275],[-97.20109248316041,49.88724970450416],[-97.20109768742722,49.88718170832708],[-97.20115038696943,49.886482804727564],[-97.2012566188164,49.885126210785664],[-97.20132378383893,49.88420841209112]]]]}},{"type":"Feature","properties":{"DGUID":"2021S051246110247","DAUID":"46110247","LANDAREA":0.2622,"PRUID":"46","fed_num":"46010","da_code":"46110247","geo_name":"46110247","name_source":{"label":"Statistics Canada Census Profile 2021 DA WDS","url":"https://www12.statcan.gc.ca/wds-sdw/2021profile-profil2021-eng.cfm"},"population":629,"status":"ok","source":{"label":"Statistics Canada Census Profile 2021 DA WDS","url":"https://www12.statcan.gc.ca/wds-sdw/2021profile-profil2021-eng.cfm"},"community_name":"Winnipeg","community_source":{"label":"Statistics Canada 2021 census subdivision boundaries (spatial lookup)","url":"https://geo.statcan.gc.ca/geo_wa/rest/services/2021/Cartographic_boundary_files/MapServer/9"},"community_display":"Winnipeg","is_unorganized":false,"panel_title":"Winnipeg","display_label":"Winnipeg","map_label":"46110247"},"geometry":{"type":"MultiPolygon","coordinates":[[[[-97.20156305534749,49.87750035370042],[-97.201485802142,49.87723078330303],[-97.20145483433221,49.877168711709295],[-97.20143104621059,49.877126449610316],[-97.20158316617083,49.877083036326354],[-97.20179012159468,49.87703904881836],[-97.20188158983927,49.87701118975221],[-97.202185427085,49.87698218874354],[-97.20249741886184,49.8769195863838],[-97.20252904623108,49.87691504862421],[-97.20283675290088,49.87687088605725],[-97.20292926564308,49.876853521612226],[-97.20304701989157,49.876831448909385],[-97.20308293015407,49.876830299133566],[-97.20342677510438,49.87681934538748],[-97.2036711432107,49.87679838240126],[-97.2037301190704,49.87680378958587],[-97.20388556052882,49.87683542971175],[-97.20428546759861,49.876841625360456],[-97.20453625053369,49.87683427795036],[-97.20468848178906,49.87685908227386],[-97.20489026427262,49.87685993255594],[-97.20502830546312,49.87689132715263],[-97.20524595923553,49.876932928730604],[-97.2058188525281,49.87696654333328],[-97.2061178025647,49.87697563455255],[-97.20630525528922,49.87698752911313],[-97.20651064249905,49.87698624030187],[-97.20663957501313,49.876981478982806],[-97.20698905136011,49.87693968719239],[-97.20715701019128,49.876915292879076],[-97.20743854414084,49.876829682667434],[-97.20758264502189,49.876791428998345],[-97.2078200963995,49.87667588550733],[-97.2078878586683,49.87663198129671],[-97.20793852250964,49.87657879088695],[-97.20806901797123,49.87653134481236],[-97.2081554625269,49.876451740709825],[-97.20821470814978,49.876355976967254],[-97.20828762749893,49.87626717679356],[-97.20830275593175,49.876233687772725],[-97.20832297234698,49.87615753112545],[-97.20834314894721,49.876081376656174],[-97.20834631351072,49.87599598317363],[-97.20834394696246,49.87577779541591],[-97.20828971018655,49.875457577809485],[-97.20825563053144,49.87534464832342],[-97.2081939045683,49.87503789981996],[-97.20819652382885,49.874779326987024],[-97.20819914321832,49.874612932587354],[-97.20820924294333,49.87452762782952],[-97.20822102954968,49.87449183787687],[-97.20824805365557,49.874420328882316],[-97.20837151689761,49.87428054364448],[-97.20845272117045,49.87415583396595],[-97.20854607136236,49.874078595727966],[-97.20862481807666,49.874022894565734],[-97.2086425195444,49.874010396318226],[-97.2088239049636,49.87390299592339],[-97.20895449723255,49.8738532931967],[-97.20935634854254,49.87371333461216],[-97.20957345471747,49.8736761745542],[-97.20962949493979,49.87366583153455],[-97.20981097579364,49.87365287813041],[-97.21000221426216,49.87365584267491],[-97.21032516731476,49.873672096796135],[-97.21043585157285,49.8736895313212],[-97.21066430787603,49.873722281385184],[-97.21086787807833,49.87377042945624],[-97.21113029540852,49.87382393493408],[-97.21139648290527,49.87387074273586],[-97.21153752149814,49.87391564636192],[-97.21166091782959,49.87396704503742],[-97.21175382132355,49.873995429504696],[-97.21218241965747,49.8740717758196],[-97.21235045294922,49.87413739989602],[-97.21275046462492,49.87423573267941],[-97.21316637151934,49.87428038449546],[-97.21328054931116,49.87429788442362],[-97.21333596915704,49.87430549669278],[-97.21358942975938,49.87432063628067],[-97.21398952591888,49.874322280583584],[-97.21453556471357,49.87432844093574],[-97.21517017575589,49.87429322790212],[-97.21535162124454,49.874280292098874],[-97.21560433050207,49.87422123800559],[-97.21603860942356,49.8741446873132],[-97.21651714649934,49.87409357865551],[-97.21694946706259,49.87397657585308],[-97.21737006948942,49.87389308272137],[-97.21755326530344,49.87383069894155],[-97.21793492614148,49.8737668353798],[-97.2183519016327,49.873687777248826],[-97.21880799237243,49.873584626612015],[-97.2191624776023,49.87350237592268],[-97.21923996032497,49.87347420197998],[-97.21924356414166,49.87373300747341],[-97.21915816522531,49.874246330540146],[-97.21916320914659,49.87465139712444],[-97.21915539928244,49.8746446067811],[-97.21806309228556,49.87482570589225],[-97.2167608093269,49.87503949397831],[-97.21547240314737,49.875253594621114],[-97.21421280125877,49.87544099520034],[-97.21330460658486,49.8755349897534],[-97.21312378508689,49.87553218810842],[-97.21207219747859,49.87536310588668],[-97.21092401219478,49.87517438959914],[-97.21076841372239,49.87674620231017],[-97.21071410298778,49.87708709705363],[-97.21059298842623,49.8788573086815],[-97.21058961246908,49.878947189340174],[-97.21019839914176,49.87898609180519],[-97.20913750489949,49.87906869668692],[-97.20800670030962,49.879159101531734],[-97.2077691861346,49.87918239188878],[-97.206872793531,49.87933051295051],[-97.20642208023628,49.879412000851346],[-97.20630101463172,49.87943389544748],[-97.20568160439547,49.87954589050639],[-97.20500919022483,49.87966151299495],[-97.20488300293361,49.87968650339052],[-97.20477700295567,49.879702999132014],[-97.20467300642,49.879719204803486],[-97.20446261963104,49.87976090178871],[-97.20418239098468,49.87981061030418],[-97.20304749793769,49.88000879906056],[-97.2028559966873,49.88004400890997],[-97.20275388276238,49.88006269658574],[-97.20264841424309,49.8800820578474],[-97.2024422852417,49.88011989803829],[-97.20164597975008,49.88026599733168],[-97.20166359801576,49.88016730019414],[-97.20184739353124,49.878965091227855],[-97.20184739651862,49.87896480656292],[-97.20188669024493,49.87828180596198],[-97.20156305534749,49.87750035370042]]]]}},{"type":"Feature","properties":{"DGUID":"2021S051246110248","DAUID":"46110248","LANDAREA":0.0927,"PRUID":"46","fed_num":"46010","da_code":"46110248","geo_name":"46110248","name_source":{"label":"Statistics Canada Census Profile 2021 DA WDS","url":"https://www12.statcan.gc.ca/wds-sdw/2021profile-profil2021-eng.cfm"},"population":504,"status":"ok","source":{"label":"Statistics Canada Census Profile 2021 DA WDS","url":"https://www12.statcan.gc.ca/wds-sdw/2021profile-profil2021-eng.cfm"},"community_name":"Winnipeg","community_source":{"label":"Statistics Canada 2021 census subdivision boundaries (spatial lookup)","url":"https://geo.statcan.gc.ca/geo_wa/rest/services/2021/Cartographic_boundary_files/MapServer/9"},"community_display":"Winnipeg","is_unorganized":false,"panel_title":"Winnipeg","display_label":"Winnipeg","map_label":"46110248"},"geometry":{"type":"MultiPolygon","coordinates":[[[[-97.21284958741006,49.87881108832507],[-97.21234818290554,49.87882139224967],[-97.21170899049694,49.878865290673026],[-97.21138528711931,49.87888751357659],[-97.21058961246908,49.878947189340174],[-97.21059298842623,49.8788573086815],[-97.21071410298778,49.87708709705363],[-97.21076841372239,49.87674620231017],[-97.21092401219478,49.87517438959914],[-97.21207219747859,49.87536310588668],[-97.21312378508689,49.87553218810842],[-97.21330460658486,49.8755349897534],[-97.21421280125877,49.87544099520034],[-97.21399599372029,49.87867591146528],[-97.21399239969163,49.87877480523184],[-97.21284958741006,49.87881108832507]]]]}},{"type":"Feature","properties":{"DGUID":"2021S051246110249","DAUID":"46110249","LANDAREA":0.1074,"PRUID":"46","fed_num":"46010","da_code":"46110249","geo_name":"46110249","name_source":{"label":"Statistics Canada Census Profile 2021 DA WDS","url":"https://www12.statcan.gc.ca/wds-sdw/2021profile-profil2021-eng.cfm"},"population":364,"status":"ok","source":{"label":"Statistics Canada Census Profile 2021 DA WDS","url":"https://www12.statcan.gc.ca/wds-sdw/2021profile-profil2021-eng.cfm"},"community_name":"Winnipeg","community_source":{"label":"Statistics Canada 2021 census subdivision boundaries (spatial lookup)","url":"https://geo.statcan.gc.ca/geo_wa/rest/services/2021/Cartographic_boundary_files/MapServer/9"},"community_display":"Winnipeg","is_unorganized":false,"panel_title":"Winnipeg","display_label":"Winnipeg","map_label":"46110249"},"geometry":{"type":"MultiPolygon","coordinates":[[[[-97.2167608093269,49.87503949397831],[-97.21806309228556,49.87482570589225],[-97.21781669430227,49.8769807116494],[-97.21771568727762,49.87858920857412],[-97.2176974931326,49.87870589144433],[-97.21647201002988,49.87872300417573],[-97.215176204606,49.87875699334246],[-97.21399239969163,49.87877480523184],[-97.21399599372029,49.87867591146528],[-97.21421280125877,49.87544099520034],[-97.21547240314737,49.875253594621114],[-97.2167608093269,49.87503949397831]]]]}},{"type":"Feature","properties":{"DGUID":"2021S051246110630","DAUID":"46110630","LANDAREA":0.0164,"PRUID":"46","fed_num":"46010","da_code":"46110630","geo_name":"46110630","name_source":{"label":"Statistics Canada Census Profile 2021 DA WDS","url":"https://www12.statcan.gc.ca/wds-sdw/2021profile-profil2021-eng.cfm"},"population":678,"status":"ok","source":{"label":"Statistics Canada Census Profile 2021 DA WDS","url":"https://www12.statcan.gc.ca/wds-sdw/2021profile-profil2021-eng.cfm"},"community_name":"Winnipeg","community_source":{"label":"Statistics Canada 2021 census subdivision boundaries (spatial lookup)","url":"https://geo.statcan.gc.ca/geo_wa/rest/services/2021/Cartographic_boundary_files/MapServer/9"},"community_display":"Winnipeg","is_unorganized":false,"panel_title":"Winnipeg","display_label":"Winnipeg","map_label":"46110630"},"geometry":{"type":"MultiPolygon","coordinates":[[[[-97.14236160303588,49.88893771106211],[-97.14366699932346,49.88866179846817],[-97.14444910166382,49.89005051103681],[-97.14314269465793,49.8903534108366],[-97.14236160303588,49.88893771106211]]]]}},{"type":"Feature","properties":{"DGUID":"2021S051246110631","DAUID":"46110631","LANDAREA":0.3967,"PRUID":"46","fed_num":"46010","da_code":"46110631","geo_name":"46110631","name_source":{"label":"Statistics Canada Census Profile 2021 DA WDS","url":"https://www12.statcan.gc.ca/wds-sdw/2021profile-profil2021-eng.cfm"},"population":1221,"status":"ok","source":{"label":"Statistics Canada Census Profile 2021 DA WDS","url":"https://www12.statcan.gc.ca/wds-sdw/2021profile-profil2021-eng.cfm"},"community_name":"Winnipeg","community_source":{"label":"Statistics Canada 2021 census subdivision boundaries (spatial lookup)","url":"https://geo.statcan.gc.ca/geo_wa/rest/services/2021/Cartographic_boundary_files/MapServer/9"},"community_display":"Winnipeg","is_unorganized":false,"panel_title":"Winnipeg","display_label":"Winnipeg","map_label":"46110631"},"geometry":{"type":"MultiPolygon","coordinates":[[[[-97.14044549196835,49.8909757908768],[-97.13966630375103,49.889515096975664],[-97.14104199020561,49.88922241236769],[-97.14236160303588,49.88893771106211],[-97.14314269465793,49.8903534108366],[-97.14444910166382,49.89005051103681],[-97.14366699932346,49.88866179846817],[-97.14499640602183,49.88838781046652],[-97.14635669623046,49.8880879878951],[-97.14704709124186,49.88796860536498],[-97.14772960962131,49.88800719779255],[-97.14865830695607,49.88775209032772],[-97.14888287867679,49.88770178810293],[-97.14985090368133,49.88751029732729],[-97.14970762020053,49.88834460887135],[-97.14961838401662,49.888855908967805],[-97.14957858119998,49.88906800561168],[-97.15036639539595,49.89041489258894],[-97.15069388838057,49.8909509034865],[-97.15075840372562,49.89108680989504],[-97.14961441124187,49.891509290280005],[-97.14842799042007,49.8919490904859],[-97.14715778795973,49.89239661239609],[-97.14591571243432,49.8928354931341],[-97.14465968469709,49.8932740984285],[-97.1433608145986,49.89373898931246],[-97.14206229561577,49.894194998161744],[-97.14102331547149,49.89456489623178],[-97.13963390712293,49.89506449448934],[-97.13958269569981,49.89494679831416],[-97.13872408251139,49.893016992452004],[-97.13794451546677,49.89156529629812],[-97.13922291399841,49.89127100639844],[-97.14044549196835,49.8909757908768]]]]}},{"type":"Feature","properties":{"DGUID":"2021S051246110632","DAUID":"46110632","LANDAREA":0.139,"PRUID":"46","fed_num":"46010","da_code":"46110632","geo_name":"46110632","name_source":{"label":"Statistics Canada Census Profile 2021 DA WDS","url":"https://www12.statcan.gc.ca/wds-sdw/2021profile-profil2021-eng.cfm"},"population":1203,"status":"ok","source":{"label":"Statistics Canada Census Profile 2021 DA WDS","url":"https://www12.statcan.gc.ca/wds-sdw/2021profile-profil2021-eng.cfm"},"community_name":"Winnipeg","community_source":{"label":"Statistics Canada 2021 census subdivision boundaries (spatial lookup)","url":"https://geo.statcan.gc.ca/geo_wa/rest/services/2021/Cartographic_boundary_files/MapServer/9"},"community_display":"Winnipeg","is_unorganized":false,"panel_title":"Winnipeg","display_label":"Winnipeg","map_label":"46110632"},"geometry":{"type":"MultiPolygon","coordinates":[[[[-97.14842799042007,49.8919490904859],[-97.14961441124187,49.891509290280005],[-97.15015681164542,49.89251100259932],[-97.15044868406112,49.89305009872235],[-97.14990641969992,49.8931704075085],[-97.14967210789635,49.89322239917144],[-97.14943790484948,49.89327430681547],[-97.14916401004437,49.893335098666725],[-97.14945409504773,49.89388151092543],[-97.14809049814686,49.89421949270277],[-97.14871411388074,49.89538980559069],[-97.14836311544495,49.89547594865853],[-97.14740679652904,49.895710706713025],[-97.14610019821274,49.89601370526712],[-97.14621719824382,49.8962313957379],[-97.14621380262545,49.89632129888422],[-97.14414871649896,49.89570360696554],[-97.14428189883172,49.89549880385259],[-97.14406021549667,49.89510851148218],[-97.1433608145986,49.89373898931246],[-97.14465968469709,49.8932740984285],[-97.14591571243432,49.8928354931341],[-97.14715778795973,49.89239661239609],[-97.14842799042007,49.8919490904859]]]]}},{"type":"Feature","properties":{"DGUID":"2021S051246110633","DAUID":"46110633","LANDAREA":0.0319,"PRUID":"46","fed_num":"46010","da_code":"46110633","geo_name":"46110633","name_source":{"label":"Statistics Canada Census Profile 2021 DA WDS","url":"https://www12.statcan.gc.ca/wds-sdw/2021profile-profil2021-eng.cfm"},"population":227,"status":"ok","source":{"label":"Statistics Canada Census Profile 2021 DA WDS","url":"https://www12.statcan.gc.ca/wds-sdw/2021profile-profil2021-eng.cfm"},"community_name":"Winnipeg","community_source":{"label":"Statistics Canada 2021 census subdivision boundaries (spatial lookup)","url":"https://geo.statcan.gc.ca/geo_wa/rest/services/2021/Cartographic_boundary_files/MapServer/9"},"community_display":"Winnipeg","is_unorganized":false,"panel_title":"Winnipeg","display_label":"Winnipeg","map_label":"46110633"},"geometry":{"type":"MultiPolygon","coordinates":[[[[-97.14961441124187,49.891509290280005],[-97.15075840372562,49.89108680989504],[-97.15173910284456,49.892754194121494],[-97.1520135121016,49.893220696962004],[-97.15206569322073,49.893311489289616],[-97.15148799602291,49.893491104466904],[-97.15077177921903,49.89365059688957],[-97.15021030421916,49.89376759552666],[-97.14945409504773,49.89388151092543],[-97.14916401004437,49.893335098666725],[-97.14943790484948,49.89327430681547],[-97.14967210789635,49.89322239917144],[-97.14990641969992,49.8931704075085],[-97.15044868406112,49.89305009872235],[-97.15015681164542,49.89251100259932],[-97.14961441124187,49.891509290280005]]]]}},{"type":"Feature","properties":{"DGUID":"2021S051246110634","DAUID":"46110634","LANDAREA":0.1998,"PRUID":"46","fed_num":"46010","da_code":"46110634","geo_name":"46110634","name_source":{"label":"Statistics Canada Census Profile 2021 DA WDS","url":"https://www12.statcan.gc.ca/wds-sdw/2021profile-profil2021-eng.cfm"},"population":1037,"status":"ok","source":{"label":"Statistics Canada Census Profile 2021 DA WDS","url":"https://www12.statcan.gc.ca/wds-sdw/2021profile-profil2021-eng.cfm"},"community_name":"Winnipeg","community_source":{"label":"Statistics Canada 2021 census subdivision boundaries (spatial lookup)","url":"https://geo.statcan.gc.ca/geo_wa/rest/services/2021/Cartographic_boundary_files/MapServer/9"},"community_display":"Winnipeg","is_unorganized":false,"panel_title":"Winnipeg","display_label":"Winnipeg","map_label":"46110634"},"geometry":{"type":"MultiPolygon","coordinates":[[[[-97.1520135121016,49.893220696962004],[-97.15173910284456,49.892754194121494],[-97.15075840372562,49.89108680989504],[-97.15092770957816,49.89102659633448],[-97.15174308585017,49.89071620825755],[-97.15265140288047,49.890370396446464],[-97.15300101562093,49.89024099045453],[-97.15404959214956,49.8898530115262],[-97.15429610445106,49.88978529954918],[-97.1544196932649,49.889750610718544],[-97.15521779417796,49.8895208071049],[-97.15620348764341,49.88923059067922],[-97.15701210450867,49.88901820637813],[-97.15744490390777,49.888904502553764],[-97.15762390202454,49.888857488246146],[-97.15832640509552,49.88868869831679],[-97.15903031344945,49.888484006799416],[-97.15901561673334,49.88867841125827],[-97.15886307960244,49.89069567181162],[-97.15869398112221,49.89293119599308],[-97.15734458829301,49.89290079029564],[-97.1565999957388,49.89287429199973],[-97.15596799187708,49.89285189019194],[-97.1550220946183,49.89282778766784],[-97.15382539864014,49.89280879553908],[-97.15327369025329,49.892874102878885],[-97.15301169145809,49.89294140390072],[-97.15298802111516,49.89295002294684],[-97.1524479906802,49.89314660078525],[-97.15226360775293,49.893233698699056],[-97.15206569322073,49.893311489289616],[-97.1520135121016,49.893220696962004]]]]}},{"type":"Feature","properties":{"DGUID":"2021S051246110635","DAUID":"46110635","LANDAREA":0.0481,"PRUID":"46","fed_num":"46010","da_code":"46110635","geo_name":"46110635","name_source":{"label":"Statistics Canada Census Profile 2021 DA WDS","url":"https://www12.statcan.gc.ca/wds-sdw/2021profile-profil2021-eng.cfm"},"population":656,"status":"ok","source":{"label":"Statistics Canada Census Profile 2021 DA WDS","url":"https://www12.statcan.gc.ca/wds-sdw/2021profile-profil2021-eng.cfm"},"community_name":"Winnipeg","community_source":{"label":"Statistics Canada 2021 census subdivision boundaries (spatial lookup)","url":"https://geo.statcan.gc.ca/geo_wa/rest/services/2021/Cartographic_boundary_files/MapServer/9"},"community_display":"Winnipeg","is_unorganized":false,"panel_title":"Winnipeg","display_label":"Winnipeg","map_label":"46110635"},"geometry":{"type":"MultiPolygon","coordinates":[[[[-97.14957858119998,49.88906800561168],[-97.14961838401662,49.888855908967805],[-97.14978759300514,49.88884750622732],[-97.15030200117488,49.88882180215097],[-97.15049938192082,49.88885401361808],[-97.15103529308313,49.88894141189009],[-97.15158738108336,49.88901950563976],[-97.15182460186787,49.889053010772045],[-97.15210980698743,49.88905038888598],[-97.1524555091121,49.88905870946716],[-97.15304318367961,49.88911160344311],[-97.15367908013599,49.88926090261088],[-97.1537862836229,49.88928510763375],[-97.15397918205672,49.88938060816319],[-97.15419689559074,49.88965578921045],[-97.15429610445106,49.88978529954918],[-97.15404959214956,49.8898530115262],[-97.15300101562093,49.89024099045453],[-97.15265140288047,49.890370396446464],[-97.15174308585017,49.89071620825755],[-97.15092770957816,49.89102659633448],[-97.15075840372562,49.89108680989504],[-97.15069388838057,49.8909509034865],[-97.15036639539595,49.89041489258894],[-97.14957858119998,49.88906800561168]]]]}},{"type":"Feature","properties":{"DGUID":"2021S051246110636","DAUID":"46110636","LANDAREA":0.0689,"PRUID":"46","fed_num":"46010","da_code":"46110636","geo_name":"46110636","name_source":{"label":"Statistics Canada Census Profile 2021 DA WDS","url":"https://www12.statcan.gc.ca/wds-sdw/2021profile-profil2021-eng.cfm"},"population":748,"status":"ok","source":{"label":"Statistics Canada Census Profile 2021 DA WDS","url":"https://www12.statcan.gc.ca/wds-sdw/2021profile-profil2021-eng.cfm"},"community_name":"Winnipeg","community_source":{"label":"Statistics Canada 2021 census subdivision boundaries (spatial lookup)","url":"https://geo.statcan.gc.ca/geo_wa/rest/services/2021/Cartographic_boundary_files/MapServer/9"},"community_display":"Winnipeg","is_unorganized":false,"panel_title":"Winnipeg","display_label":"Winnipeg","map_label":"46110636"},"geometry":{"type":"MultiPolygon","coordinates":[[[[-97.15416960598172,49.88571562700628],[-97.1541143893511,49.88559939766711],[-97.15429521129153,49.88560230996507],[-97.15543538245599,49.885638397803206],[-97.15643621816838,49.88568130457209],[-97.1562089165273,49.889086809037494],[-97.15620348764341,49.88923059067922],[-97.15521779417796,49.8895208071049],[-97.1544196932649,49.889750610718544],[-97.1543197088507,49.88962160779139],[-97.15411600165893,49.8893588115499],[-97.15402419389807,49.88930188880843],[-97.15388270858352,49.88924280365421],[-97.15401869355773,49.88919280950339],[-97.15412821844306,49.88910309121894],[-97.1539943220985,49.88896781872524],[-97.15416960598172,49.88571562700628]]]]}},{"type":"Feature","properties":{"DGUID":"2021S051246110637","DAUID":"46110637","LANDAREA":0.061,"PRUID":"46","fed_num":"46010","da_code":"46110637","geo_name":"46110637","name_source":{"label":"Statistics Canada Census Profile 2021 DA WDS","url":"https://www12.statcan.gc.ca/wds-sdw/2021profile-profil2021-eng.cfm"},"population":527,"status":"ok","source":{"label":"Statistics Canada Census Profile 2021 DA WDS","url":"https://www12.statcan.gc.ca/wds-sdw/2021profile-profil2021-eng.cfm"},"community_name":"Winnipeg","community_source":{"label":"Statistics Canada 2021 census subdivision boundaries (spatial lookup)","url":"https://geo.statcan.gc.ca/geo_wa/rest/services/2021/Cartographic_boundary_files/MapServer/9"},"community_display":"Winnipeg","is_unorganized":false,"panel_title":"Winnipeg","display_label":"Winnipeg","map_label":"46110637"},"geometry":{"type":"MultiPolygon","coordinates":[[[[-97.15182460186787,49.889053010772045],[-97.15211220421105,49.885531503776306],[-97.152709803729,49.88555900809476],[-97.15323821279372,49.88557639646545],[-97.1541143893511,49.88559939766711],[-97.15416960598172,49.88571562700628],[-97.1539943220985,49.88896781872524],[-97.15412821844306,49.88910309121894],[-97.15401869355773,49.88919280950339],[-97.15388270858352,49.88924280365421],[-97.15402419389807,49.88930188880843],[-97.15411600165893,49.8893588115499],[-97.1543197088507,49.88962160779139],[-97.1544196932649,49.889750610718544],[-97.15429610445106,49.88978529954918],[-97.15419689559074,49.88965578921045],[-97.15397918205672,49.88938060816319],[-97.1537862836229,49.88928510763375],[-97.15367908013599,49.88926090261088],[-97.15304318367961,49.88911160344311],[-97.1524555091121,49.88905870946716],[-97.15210980698743,49.88905038888598],[-97.15182460186787,49.889053010772045]]]]}},{"type":"Feature","properties":{"DGUID":"2021S051246110638","DAUID":"46110638","LANDAREA":0.059,"PRUID":"46","fed_num":"46010","da_code":"46110638","geo_name":"46110638","name_source":{"label":"Statistics Canada Census Profile 2021 DA WDS","url":"https://www12.statcan.gc.ca/wds-sdw/2021profile-profil2021-eng.cfm"},"population":681,"status":"ok","source":{"label":"Statistics Canada Census Profile 2021 DA WDS","url":"https://www12.statcan.gc.ca/wds-sdw/2021profile-profil2021-eng.cfm"},"community_name":"Winnipeg","community_source":{"label":"Statistics Canada 2021 census subdivision boundaries (spatial lookup)","url":"https://geo.statcan.gc.ca/geo_wa/rest/services/2021/Cartographic_boundary_files/MapServer/9"},"community_display":"Winnipeg","is_unorganized":false,"panel_title":"Winnipeg","display_label":"Winnipeg","map_label":"46110638"},"geometry":{"type":"MultiPolygon","coordinates":[[[[-97.1498705110262,49.88554069622803],[-97.1502496118973,49.885456810231226],[-97.15131991077789,49.88550089384415],[-97.15211220421105,49.885531503776306],[-97.15182460186787,49.889053010772045],[-97.15158738108336,49.88901950563976],[-97.15103529308313,49.88894141189009],[-97.15049938192082,49.88885401361808],[-97.15030200117488,49.88882180215097],[-97.14978759300514,49.88884750622732],[-97.14961838401662,49.888855908967805],[-97.14970762020053,49.88834460887135],[-97.14985090368133,49.88751029732729],[-97.14993028844258,49.88689090513001],[-97.14991018663626,49.886323909981655],[-97.14984038606627,49.885962999708575],[-97.14971611676386,49.88557419143193],[-97.1498705110262,49.88554069622803]]]]}},{"type":"Feature","properties":{"DGUID":"2021S051246110639","DAUID":"46110639","LANDAREA":0.2064,"PRUID":"46","fed_num":"46010","da_code":"46110639","geo_name":"46110639","name_source":{"label":"Statistics Canada Census Profile 2021 DA WDS","url":"https://www12.statcan.gc.ca/wds-sdw/2021profile-profil2021-eng.cfm"},"population":672,"status":"ok","source":{"label":"Statistics Canada Census Profile 2021 DA WDS","url":"https://www12.statcan.gc.ca/wds-sdw/2021profile-profil2021-eng.cfm"},"community_name":"Winnipeg","community_source":{"label":"Statistics Canada 2021 census subdivision boundaries (spatial lookup)","url":"https://geo.statcan.gc.ca/geo_wa/rest/services/2021/Cartographic_boundary_files/MapServer/9"},"community_display":"Winnipeg","is_unorganized":false,"panel_title":"Winnipeg","display_label":"Winnipeg","map_label":"46110639"},"geometry":{"type":"MultiPolygon","coordinates":[[[[-97.15131991077789,49.88550089384415],[-97.1502496118973,49.885456810231226],[-97.1498705110262,49.88554069622803],[-97.14971611676386,49.88557419143193],[-97.14966488829404,49.88545650441134],[-97.14942221370134,49.884885888982254],[-97.14870308542146,49.88366909466396],[-97.14845700866807,49.88318840734849],[-97.14834519984807,49.88283588952694],[-97.14827650649168,49.882448001338],[-97.14824100741333,49.882285503387315],[-97.14815759272652,49.8818961059112],[-97.1481346855841,49.881789104038084],[-97.14805776573235,49.88159306642696],[-97.14832554031987,49.881626123225395],[-97.1489670013697,49.88170534007732],[-97.14930652323788,49.88171309537554],[-97.14934419044118,49.88171965555545],[-97.14958465987864,49.881726841283104],[-97.1496477684999,49.88171434294021],[-97.14969987145426,49.88171738503105],[-97.14979761667425,49.881709980323045],[-97.14985022809637,49.88169957241921],[-97.14990255048478,49.88169593010991],[-97.15013545792023,49.88170189196443],[-97.15038570200447,49.88171038610576],[-97.15045186642078,49.8817091798616],[-97.15087656017641,49.881706993835444],[-97.15096739250998,49.88169719263076],[-97.15112755823641,49.881695246999385],[-97.15118724820327,49.8816804488051],[-97.15126082659134,49.881668136040936],[-97.15130264516841,49.88166653234316],[-97.15146317257086,49.88165559244201],[-97.15153566213579,49.88167023496247],[-97.15175930398676,49.88164684635603],[-97.15184381059225,49.88162119487229],[-97.1518893028217,49.88161517764724],[-97.15195590177807,49.88160274856973],[-97.15200879471115,49.881583350070315],[-97.15208276432294,49.88155979132917],[-97.15218766038463,49.88154793896207],[-97.15229284513944,49.88152714840718],[-97.15247987712536,49.88146039163673],[-97.15258164000291,49.8814372762785],[-97.15265946176343,49.88140479411095],[-97.15272599377565,49.88139464398725],[-97.1527858618346,49.881375335136944],[-97.15295793257798,49.8813353485886],[-97.15307800641203,49.881290039869626],[-97.1531130975181,49.88128158189447],[-97.15318373054778,49.881255744962516],[-97.15336342273348,49.881197890272325],[-97.15340189217393,49.88119173312078],[-97.15344079924172,49.88117437982561],[-97.15359582698761,49.88112514564482],[-97.15375055936954,49.881082625479095],[-97.15390152511456,49.88104907521029],[-97.15397941470894,49.881014338263974],[-97.15409656867902,49.88095322832276],[-97.15416072194859,49.88091377381119],[-97.15421707425426,49.88089669647011],[-97.1542958580095,49.88083723836301],[-97.15436173002587,49.88079466527211],[-97.15436719865237,49.880791138024335],[-97.15438852657827,49.88078023953767],[-97.15444256703314,49.88073157920519],[-97.1544716293085,49.88070058295323],[-97.1544974124685,49.88066278040146],[-97.15450892621338,49.88063598768807],[-97.15460194523065,49.88056774550452],[-97.15473844417536,49.880455239027135],[-97.15479709786709,49.88037749352181],[-97.1548035007307,49.8803011391526],[-97.15482227131992,49.880265446928945],[-97.15485837810998,49.88023228674312],[-97.15487404839386,49.88018527855952],[-97.15489270956172,49.880151842250456],[-97.15490741919615,49.880131834403535],[-97.15496070630716,49.88001123938655],[-97.15497077873887,49.87993044605182],[-97.15498167585783,49.879827185661426],[-97.1549825800247,49.87971254088268],[-97.15499501718725,49.87956877479935],[-97.15498696191818,49.87950569068853],[-97.15497470684751,49.87946279846765],[-97.1549835535799,49.879321294840025],[-97.15496919203828,49.879293102426416],[-97.15519599533258,49.87926485408077],[-97.15573866795397,49.87920105022429],[-97.15689650780412,49.87907731259205],[-97.15671270676599,49.881709900995226],[-97.1556700133759,49.88167530891321],[-97.15561751301864,49.882322088611026],[-97.15437828629152,49.88232941123898],[-97.1541143893511,49.88559939766711],[-97.15323821279372,49.88557639646545],[-97.152709803729,49.88555900809476],[-97.15211220421105,49.885531503776306],[-97.15131991077789,49.88550089384415]]]]}},{"type":"Feature","properties":{"DGUID":"2021S051246110640","DAUID":"46110640","LANDAREA":0.0559,"PRUID":"46","fed_num":"46010","da_code":"46110640","geo_name":"46110640","name_source":{"label":"Statistics Canada Census Profile 2021 DA WDS","url":"https://www12.statcan.gc.ca/wds-sdw/2021profile-profil2021-eng.cfm"},"population":555,"status":"ok","source":{"label":"Statistics Canada Census Profile 2021 DA WDS","url":"https://www12.statcan.gc.ca/wds-sdw/2021profile-profil2021-eng.cfm"},"community_name":"Winnipeg","community_source":{"label":"Statistics Canada 2021 census subdivision boundaries (spatial lookup)","url":"https://geo.statcan.gc.ca/geo_wa/rest/services/2021/Cartographic_boundary_files/MapServer/9"},"community_display":"Winnipeg","is_unorganized":false,"panel_title":"Winnipeg","display_label":"Winnipeg","map_label":"46110640"},"geometry":{"type":"MultiPolygon","coordinates":[[[[-97.1541143893511,49.88559939766711],[-97.15437828629152,49.88232941123898],[-97.15561751301864,49.882322088611026],[-97.1556700133759,49.88167530891321],[-97.15671270676599,49.881709900995226],[-97.15656681296929,49.88371350451282],[-97.15624418668413,49.88369850103271],[-97.15543538245599,49.885638397803206],[-97.15429521129153,49.88560230996507],[-97.1541143893511,49.88559939766711]]]]}},{"type":"Feature","properties":{"DGUID":"2021S051246110641","DAUID":"46110641","LANDAREA":0.0555,"PRUID":"46","fed_num":"46010","da_code":"46110641","geo_name":"46110641","name_source":{"label":"Statistics Canada Census Profile 2021 DA WDS","url":"https://www12.statcan.gc.ca/wds-sdw/2021profile-profil2021-eng.cfm"},"population":555,"status":"ok","source":{"label":"Statistics Canada Census Profile 2021 DA WDS","url":"https://www12.statcan.gc.ca/wds-sdw/2021profile-profil2021-eng.cfm"},"community_name":"Winnipeg","community_source":{"label":"Statistics Canada 2021 census subdivision boundaries (spatial lookup)","url":"https://geo.statcan.gc.ca/geo_wa/rest/services/2021/Cartographic_boundary_files/MapServer/9"},"community_display":"Winnipeg","is_unorganized":false,"panel_title":"Winnipeg","display_label":"Winnipeg","map_label":"46110641"},"geometry":{"type":"MultiPolygon","coordinates":[[[[-97.15543538245599,49.885638397803206],[-97.15624418668413,49.88369850103271],[-97.15656681296929,49.88371350451282],[-97.15671270676599,49.881709900995226],[-97.15812999563478,49.881777395650644],[-97.15798588989126,49.88373601126809],[-97.15785388142183,49.88573979100972],[-97.15643621816838,49.88568130457209],[-97.15543538245599,49.885638397803206]]]]}},{"type":"Feature","properties":{"DGUID":"2021S051246110642","DAUID":"46110642","LANDAREA":0.0747,"PRUID":"46","fed_num":"46010","da_code":"46110642","geo_name":"46110642","name_source":{"label":"Statistics Canada Census Profile 2021 DA WDS","url":"https://www12.statcan.gc.ca/wds-sdw/2021profile-profil2021-eng.cfm"},"population":652,"status":"ok","source":{"label":"Statistics Canada Census Profile 2021 DA WDS","url":"https://www12.statcan.gc.ca/wds-sdw/2021profile-profil2021-eng.cfm"},"community_name":"Winnipeg","community_source":{"label":"Statistics Canada 2021 census subdivision boundaries (spatial lookup)","url":"https://geo.statcan.gc.ca/geo_wa/rest/services/2021/Cartographic_boundary_files/MapServer/9"},"community_display":"Winnipeg","is_unorganized":false,"panel_title":"Winnipeg","display_label":"Winnipeg","map_label":"46110642"},"geometry":{"type":"MultiPolygon","coordinates":[[[[-97.15798588989126,49.88373601126809],[-97.15812999563478,49.881777395650644],[-97.15946459384233,49.88182561060181],[-97.15933471494617,49.88377549947568],[-97.15921641138483,49.885788503601525],[-97.15918528085177,49.88622739616355],[-97.15903580853781,49.88834019540902],[-97.15903031344945,49.888484006799416],[-97.15832640509552,49.88868869831679],[-97.15762390202454,49.888857488246146],[-97.15764290945194,49.8887228030434],[-97.15785388142183,49.88573979100972],[-97.15798588989126,49.88373601126809]]]]}},{"type":"Feature","properties":{"DGUID":"2021S051246110643","DAUID":"46110643","LANDAREA":0.0377,"PRUID":"46","fed_num":"46010","da_code":"46110643","geo_name":"46110643","name_source":{"label":"Statistics Canada Census Profile 2021 DA WDS","url":"https://www12.statcan.gc.ca/wds-sdw/2021profile-profil2021-eng.cfm"},"population":603,"status":"ok","source":{"label":"Statistics Canada Census Profile 2021 DA WDS","url":"https://www12.statcan.gc.ca/wds-sdw/2021profile-profil2021-eng.cfm"},"community_name":"Winnipeg","community_source":{"label":"Statistics Canada 2021 census subdivision boundaries (spatial lookup)","url":"https://geo.statcan.gc.ca/geo_wa/rest/services/2021/Cartographic_boundary_files/MapServer/9"},"community_display":"Winnipeg","is_unorganized":false,"panel_title":"Winnipeg","display_label":"Winnipeg","map_label":"46110643"},"geometry":{"type":"MultiPolygon","coordinates":[[[[-97.1562089165273,49.889086809037494],[-97.15643621816838,49.88568130457209],[-97.15785388142183,49.88573979100972],[-97.15764290945194,49.8887228030434],[-97.15762390202454,49.888857488246146],[-97.15744490390777,49.888904502553764],[-97.15701210450867,49.88901820637813],[-97.15620348764341,49.88923059067922],[-97.1562089165273,49.889086809037494]]]]}},{"type":"Feature","properties":{"DGUID":"2021S051246110644","DAUID":"46110644","LANDAREA":0.1532,"PRUID":"46","fed_num":"46010","da_code":"46110644","geo_name":"46110644","name_source":{"label":"Statistics Canada Census Profile 2021 DA WDS","url":"https://www12.statcan.gc.ca/wds-sdw/2021profile-profil2021-eng.cfm"},"population":420,"status":"ok","source":{"label":"Statistics Canada Census Profile 2021 DA WDS","url":"https://www12.statcan.gc.ca/wds-sdw/2021profile-profil2021-eng.cfm"},"community_name":"Winnipeg","community_source":{"label":"Statistics Canada 2021 census subdivision boundaries (spatial lookup)","url":"https://geo.statcan.gc.ca/geo_wa/rest/services/2021/Cartographic_boundary_files/MapServer/9"},"community_display":"Winnipeg","is_unorganized":false,"panel_title":"Winnipeg","display_label":"Winnipeg","map_label":"46110644"},"geometry":{"type":"MultiPolygon","coordinates":[[[[-97.15918528085177,49.88622739616355],[-97.15921641138483,49.885788503601525],[-97.15933471494617,49.88377549947568],[-97.15946459384233,49.88182561060181],[-97.16093788565,49.8818850038652],[-97.16086538806618,49.882693399759845],[-97.16083540439561,49.8834845055281],[-97.16080879603595,49.883816907434],[-97.16077849117586,49.8842480985246],[-97.1607199159169,49.885056810530955],[-97.16070231690826,49.88537189165767],[-97.16067631458868,49.88583859582492],[-97.16123390086146,49.88584748938279],[-97.16145539105395,49.88585098951767],[-97.16234449580796,49.88590110158518],[-97.16267809987019,49.88591539084625],[-97.16287119608423,49.88596340347935],[-97.16311791604703,49.88569738999376],[-97.16365241890868,49.885553007952296],[-97.16425718217484,49.88539169466665],[-97.16482018472578,49.88522970773071],[-97.16628320403122,49.88483009694475],[-97.16622779483683,49.885557800275606],[-97.16613911988019,49.886428901968394],[-97.1661450115066,49.88653208916296],[-97.16574129551844,49.88663849629699],[-97.16515039363483,49.886800002041944],[-97.16499569791428,49.88684259020254],[-97.16464408279276,49.886935888461736],[-97.16405111283241,49.88710220599172],[-97.1634901975038,49.88725949767548],[-97.16289279634593,49.887429693608055],[-97.16277241183228,49.88746398800604],[-97.16237119981605,49.88755643467812],[-97.16222468612258,49.88759019742777],[-97.16166160456592,49.88775219868574],[-97.16052201970146,49.888066905400436],[-97.15903031344945,49.888484006799416],[-97.15903580853781,49.88834019540902],[-97.15918528085177,49.88622739616355]]]]}},{"type":"Feature","properties":{"DGUID":"2021S051246110645","DAUID":"46110645","LANDAREA":0.0733,"PRUID":"46","fed_num":"46010","da_code":"46110645","geo_name":"46110645","name_source":{"label":"Statistics Canada Census Profile 2021 DA WDS","url":"https://www12.statcan.gc.ca/wds-sdw/2021profile-profil2021-eng.cfm"},"population":504,"status":"ok","source":{"label":"Statistics Canada Census Profile 2021 DA WDS","url":"https://www12.statcan.gc.ca/wds-sdw/2021profile-profil2021-eng.cfm"},"community_name":"Winnipeg","community_source":{"label":"Statistics Canada 2021 census subdivision boundaries (spatial lookup)","url":"https://geo.statcan.gc.ca/geo_wa/rest/services/2021/Cartographic_boundary_files/MapServer/9"},"community_display":"Winnipeg","is_unorganized":false,"panel_title":"Winnipeg","display_label":"Winnipeg","map_label":"46110645"},"geometry":{"type":"MultiPolygon","coordinates":[[[[-97.16083540439561,49.8834845055281],[-97.16086538806618,49.882693399759845],[-97.16388170643243,49.882813201546966],[-97.1637823878115,49.883962891923275],[-97.16365241890868,49.885553007952296],[-97.16311791604703,49.88569738999376],[-97.16287119608423,49.88596340347935],[-97.16267809987019,49.88591539084625],[-97.16234449580796,49.88590110158518],[-97.16145539105395,49.88585098951767],[-97.16123390086146,49.88584748938279],[-97.16067631458868,49.88583859582492],[-97.16070231690826,49.88537189165767],[-97.1607199159169,49.885056810530955],[-97.16077849117586,49.8842480985246],[-97.16080879603595,49.883816907434],[-97.16083540439561,49.8834845055281]]]]}},{"type":"Feature","properties":{"DGUID":"2021S051246110646","DAUID":"46110646","LANDAREA":0.0596,"PRUID":"46","fed_num":"46010","da_code":"46110646","geo_name":"46110646","name_source":{"label":"Statistics Canada Census Profile 2021 DA WDS","url":"https://www12.statcan.gc.ca/wds-sdw/2021profile-profil2021-eng.cfm"},"population":370,"status":"ok","source":{"label":"Statistics Canada Census Profile 2021 DA WDS","url":"https://www12.statcan.gc.ca/wds-sdw/2021profile-profil2021-eng.cfm"},"community_name":"Winnipeg","community_source":{"label":"Statistics Canada 2021 census subdivision boundaries (spatial lookup)","url":"https://geo.statcan.gc.ca/geo_wa/rest/services/2021/Cartographic_boundary_files/MapServer/9"},"community_display":"Winnipeg","is_unorganized":false,"panel_title":"Winnipeg","display_label":"Winnipeg","map_label":"46110646"},"geometry":{"type":"MultiPolygon","coordinates":[[[[-97.16388170643243,49.882813201546966],[-97.16392658052537,49.88199529817543],[-97.16503859638459,49.88203990035529],[-97.16615261390702,49.88203058718208],[-97.1660358818133,49.88400759682167],[-97.16631419931475,49.88401200208755],[-97.16628320403122,49.88483009694475],[-97.16482018472578,49.88522970773071],[-97.16425718217484,49.88539169466665],[-97.16365241890868,49.885553007952296],[-97.1637823878115,49.883962891923275],[-97.16388170643243,49.882813201546966]]]]}},{"type":"Feature","properties":{"DGUID":"2021S051246110647","DAUID":"46110647","LANDAREA":0.0642,"PRUID":"46","fed_num":"46010","da_code":"46110647","geo_name":"46110647","name_source":{"label":"Statistics Canada Census Profile 2021 DA WDS","url":"https://www12.statcan.gc.ca/wds-sdw/2021profile-profil2021-eng.cfm"},"population":450,"status":"ok","source":{"label":"Statistics Canada Census Profile 2021 DA WDS","url":"https://www12.statcan.gc.ca/wds-sdw/2021profile-profil2021-eng.cfm"},"community_name":"Winnipeg","community_source":{"label":"Statistics Canada 2021 census subdivision boundaries (spatial lookup)","url":"https://geo.statcan.gc.ca/geo_wa/rest/services/2021/Cartographic_boundary_files/MapServer/9"},"community_display":"Winnipeg","is_unorganized":false,"panel_title":"Winnipeg","display_label":"Winnipeg","map_label":"46110647"},"geometry":{"type":"MultiPolygon","coordinates":[[[[-97.1660358818133,49.88400759682167],[-97.16615261390702,49.88203058718208],[-97.16732399634866,49.88160828904323],[-97.16752079714185,49.88155750153313],[-97.16848070236826,49.88157259221991],[-97.16969080762269,49.8816006989551],[-97.16953691143293,49.88382909874716],[-97.1683692148256,49.8837836964127],[-97.16834609291,49.88402619634593],[-97.16719070820966,49.884025892926516],[-97.16631419931475,49.88401200208755],[-97.1660358818133,49.88400759682167]]]]}},{"type":"Feature","properties":{"DGUID":"2021S051246110648","DAUID":"46110648","LANDAREA":0.1269,"PRUID":"46","fed_num":"46010","da_code":"46110648","geo_name":"46110648","name_source":{"label":"Statistics Canada Census Profile 2021 DA WDS","url":"https://www12.statcan.gc.ca/wds-sdw/2021profile-profil2021-eng.cfm"},"population":705,"status":"ok","source":{"label":"Statistics Canada Census Profile 2021 DA WDS","url":"https://www12.statcan.gc.ca/wds-sdw/2021profile-profil2021-eng.cfm"},"community_name":"Winnipeg","community_source":{"label":"Statistics Canada 2021 census subdivision boundaries (spatial lookup)","url":"https://geo.statcan.gc.ca/geo_wa/rest/services/2021/Cartographic_boundary_files/MapServer/9"},"community_display":"Winnipeg","is_unorganized":false,"panel_title":"Winnipeg","display_label":"Winnipeg","map_label":"46110648"},"geometry":{"type":"MultiPolygon","coordinates":[[[[-97.16628320403122,49.88483009694475],[-97.16631419931475,49.88401200208755],[-97.16719070820966,49.884025892926516],[-97.16834609291,49.88402619634593],[-97.1683692148256,49.8837836964127],[-97.16953691143293,49.88382909874716],[-97.16969080762269,49.8816006989551],[-97.1706782041561,49.88162530148152],[-97.17173518816799,49.88165099739169],[-97.17160558611475,49.883868007810776],[-97.17265501773532,49.88388189764842],[-97.17257359808787,49.88488438967092],[-97.17256978458806,49.884983290496606],[-97.17151501076806,49.885132212291154],[-97.17136621909803,49.885153206436094],[-97.17098680990271,49.88524619325089],[-97.17043500880148,49.885391886926556],[-97.16941179929475,49.885662112947315],[-97.16817451016612,49.885984411576764],[-97.16696470327962,49.88631599590824],[-97.1661450115066,49.88653208916296],[-97.16613911988019,49.886428901968394],[-97.16622779483683,49.885557800275606],[-97.16628320403122,49.88483009694475]]]]}},{"type":"Feature","properties":{"DGUID":"2021S051246110649","DAUID":"46110649","LANDAREA":0.0816,"PRUID":"46","fed_num":"46010","da_code":"46110649","geo_name":"46110649","name_source":{"label":"Statistics Canada Census Profile 2021 DA WDS","url":"https://www12.statcan.gc.ca/wds-sdw/2021profile-profil2021-eng.cfm"},"population":482,"status":"ok","source":{"label":"Statistics Canada Census Profile 2021 DA WDS","url":"https://www12.statcan.gc.ca/wds-sdw/2021profile-profil2021-eng.cfm"},"community_name":"Winnipeg","community_source":{"label":"Statistics Canada 2021 census subdivision boundaries (spatial lookup)","url":"https://geo.statcan.gc.ca/geo_wa/rest/services/2021/Cartographic_boundary_files/MapServer/9"},"community_display":"Winnipeg","is_unorganized":false,"panel_title":"Winnipeg","display_label":"Winnipeg","map_label":"46110649"},"geometry":{"type":"MultiPolygon","coordinates":[[[[-97.16615261390702,49.88203058718208],[-97.16628189689554,49.87935211075432],[-97.16747801415679,49.87937998709355],[-97.16864650974952,49.87939850378412],[-97.16984291156415,49.87941738764827],[-97.17084420999838,49.879442191681854],[-97.1706782041561,49.88162530148152],[-97.16969080762269,49.8816006989551],[-97.16848070236826,49.88157259221991],[-97.16752079714185,49.88155750153313],[-97.16732399634866,49.88160828904323],[-97.16615261390702,49.88203058718208]]]]}},{"type":"Feature","properties":{"DGUID":"2021S051246110650","DAUID":"46110650","LANDAREA":0.095,"PRUID":"46","fed_num":"46010","da_code":"46110650","geo_name":"46110650","name_source":{"label":"Statistics Canada Census Profile 2021 DA WDS","url":"https://www12.statcan.gc.ca/wds-sdw/2021profile-profil2021-eng.cfm"},"population":539,"status":"ok","source":{"label":"Statistics Canada Census Profile 2021 DA WDS","url":"https://www12.statcan.gc.ca/wds-sdw/2021profile-profil2021-eng.cfm"},"community_name":"Winnipeg","community_source":{"label":"Statistics Canada 2021 census subdivision boundaries (spatial lookup)","url":"https://geo.statcan.gc.ca/geo_wa/rest/services/2021/Cartographic_boundary_files/MapServer/9"},"community_display":"Winnipeg","is_unorganized":false,"panel_title":"Winnipeg","display_label":"Winnipeg","map_label":"46110650"},"geometry":{"type":"MultiPolygon","coordinates":[[[[-97.1706782041561,49.88162530148152],[-97.17084420999838,49.879442191681854],[-97.17098339012965,49.87723160605173],[-97.17208140739811,49.87727589475004],[-97.17315119600097,49.87732870558082],[-97.17430409710262,49.877391909687894],[-97.17534598437356,49.877444291225494],[-97.17539688674837,49.87757100876834],[-97.17527998161552,49.87956600734835],[-97.17416811104913,49.87952159400383],[-97.17299981421895,49.87949420907572],[-97.17190108826001,49.87946781071033],[-97.17175931277774,49.881012686915724],[-97.17173518816799,49.88165099739169],[-97.1706782041561,49.88162530148152]]]]}},{"type":"Feature","properties":{"DGUID":"2021S051246110651","DAUID":"46110651","LANDAREA":0.0592,"PRUID":"46","fed_num":"46010","da_code":"46110651","geo_name":"46110651","name_source":{"label":"Statistics Canada Census Profile 2021 DA WDS","url":"https://www12.statcan.gc.ca/wds-sdw/2021profile-profil2021-eng.cfm"},"population":411,"status":"ok","source":{"label":"Statistics Canada Census Profile 2021 DA WDS","url":"https://www12.statcan.gc.ca/wds-sdw/2021profile-profil2021-eng.cfm"},"community_name":"Winnipeg","community_source":{"label":"Statistics Canada 2021 census subdivision boundaries (spatial lookup)","url":"https://geo.statcan.gc.ca/geo_wa/rest/services/2021/Cartographic_boundary_files/MapServer/9"},"community_display":"Winnipeg","is_unorganized":false,"panel_title":"Winnipeg","display_label":"Winnipeg","map_label":"46110651"},"geometry":{"type":"MultiPolygon","coordinates":[[[[-97.17175931277774,49.881012686915724],[-97.17190108826001,49.87946781071033],[-97.17299981421895,49.87949420907572],[-97.17416811104913,49.87952159400383],[-97.17527998161552,49.87956600734835],[-97.17510018630433,49.881749004300836],[-97.17397429186127,49.88170430875824],[-97.17283387959435,49.88167729937135],[-97.17173518816799,49.88165099739169],[-97.17175931277774,49.881012686915724]]]]}},{"type":"Feature","properties":{"DGUID":"2021S051246110652","DAUID":"46110652","LANDAREA":0.0855,"PRUID":"46","fed_num":"46010","da_code":"46110652","geo_name":"46110652","name_source":{"label":"Statistics Canada Census Profile 2021 DA WDS","url":"https://www12.statcan.gc.ca/wds-sdw/2021profile-profil2021-eng.cfm"},"population":389,"status":"ok","source":{"label":"Statistics Canada Census Profile 2021 DA WDS","url":"https://www12.statcan.gc.ca/wds-sdw/2021profile-profil2021-eng.cfm"},"community_name":"Winnipeg","community_source":{"label":"Statistics Canada 2021 census subdivision boundaries (spatial lookup)","url":"https://geo.statcan.gc.ca/geo_wa/rest/services/2021/Cartographic_boundary_files/MapServer/9"},"community_display":"Winnipeg","is_unorganized":false,"panel_title":"Winnipeg","display_label":"Winnipeg","map_label":"46110652"},"geometry":{"type":"MultiPolygon","coordinates":[[[[-97.17539688674837,49.87757100876834],[-97.17534598437356,49.877444291225494],[-97.17559439434383,49.8775020879091],[-97.17647688819426,49.878091712789335],[-97.17749520139178,49.878773404582624],[-97.1775482120964,49.8788461870452],[-97.1774905938886,49.87963680775725],[-97.17781050762959,49.879641800173665],[-97.17846200721687,49.87971500665352],[-97.17864078580621,49.879771804617086],[-97.178465006891,49.88185590712435],[-97.17733870331105,49.88182019465785],[-97.1762539138696,49.881794096183405],[-97.17510018630433,49.881749004300836],[-97.17527998161552,49.87956600734835],[-97.17539688674837,49.87757100876834]]]]}},{"type":"Feature","properties":{"DGUID":"2021S051246110653","DAUID":"46110653","LANDAREA":0.0759,"PRUID":"46","fed_num":"46010","da_code":"46110653","geo_name":"46110653","name_source":{"label":"Statistics Canada Census Profile 2021 DA WDS","url":"https://www12.statcan.gc.ca/wds-sdw/2021profile-profil2021-eng.cfm"},"population":443,"status":"ok","source":{"label":"Statistics Canada Census Profile 2021 DA WDS","url":"https://www12.statcan.gc.ca/wds-sdw/2021profile-profil2021-eng.cfm"},"community_name":"Winnipeg","community_source":{"label":"Statistics Canada 2021 census subdivision boundaries (spatial lookup)","url":"https://geo.statcan.gc.ca/geo_wa/rest/services/2021/Cartographic_boundary_files/MapServer/9"},"community_display":"Winnipeg","is_unorganized":false,"panel_title":"Winnipeg","display_label":"Winnipeg","map_label":"46110653"},"geometry":{"type":"MultiPolygon","coordinates":[[[[-97.17160558611475,49.883868007810776],[-97.17173518816799,49.88165099739169],[-97.17283387959435,49.88167729937135],[-97.17397429186127,49.88170430875824],[-97.17510018630433,49.881749004300836],[-97.1748682113606,49.88457881051189],[-97.1748498829402,49.88469541083153],[-97.17368868242497,49.88484801370531],[-97.17256978458806,49.884983290496606],[-97.17257359808787,49.88488438967092],[-97.17265501773532,49.88388189764842],[-97.17160558611475,49.883868007810776]]]]}},{"type":"Feature","properties":{"DGUID":"2021S051246110654","DAUID":"46110654","LANDAREA":0.1068,"PRUID":"46","fed_num":"46010","da_code":"46110654","geo_name":"46110654","name_source":{"label":"Statistics Canada Census Profile 2021 DA WDS","url":"https://www12.statcan.gc.ca/wds-sdw/2021profile-profil2021-eng.cfm"},"population":410,"status":"ok","source":{"label":"Statistics Canada Census Profile 2021 DA WDS","url":"https://www12.statcan.gc.ca/wds-sdw/2021profile-profil2021-eng.cfm"},"community_name":"Winnipeg","community_source":{"label":"Statistics Canada 2021 census subdivision boundaries (spatial lookup)","url":"https://geo.statcan.gc.ca/geo_wa/rest/services/2021/Cartographic_boundary_files/MapServer/9"},"community_display":"Winnipeg","is_unorganized":false,"panel_title":"Winnipeg","display_label":"Winnipeg","map_label":"46110654"},"geometry":{"type":"MultiPolygon","coordinates":[[[[-97.16731081901801,49.877450244183585],[-97.16760325648421,49.877353689549075],[-97.16772347666837,49.87730382825013],[-97.16774845692046,49.877286238046125],[-97.16778387732516,49.87727108429474],[-97.16786541632254,49.877231897332656],[-97.16800609364738,49.8771913797735],[-97.16804534226542,49.87716497593925],[-97.16815827787917,49.877124093722614],[-97.1682363253764,49.87708483631117],[-97.16831750548998,49.87705464264076],[-97.16839552363146,49.87701763672487],[-97.16849474461165,49.87696973579192],[-97.16857247653172,49.876939495310594],[-97.16860400441257,49.876933241235534],[-97.1687027227123,49.87689878989185],[-97.16880532202485,49.87685318902798],[-97.1688509407513,49.87684263086781],[-97.16898551153439,49.8767818291039],[-97.1690566223279,49.876742480043795],[-97.1691414295312,49.87670784834815],[-97.16924320769184,49.876684688321646],[-97.16942610208527,49.876633638773846],[-97.16956681888779,49.87659314260602],[-97.16962685259736,49.87656933986498],[-97.16977557416833,49.87650192783747],[-97.16984928182664,49.87648514525975],[-97.16992002691042,49.876454737878],[-97.17009558015788,49.87641254055449],[-97.17019024467,49.876393798260615],[-97.170218501324,49.876382987472056],[-97.17033412947677,49.876362336916024],[-97.17046395241991,49.87633292799469],[-97.1705450607165,49.87630498632042],[-97.17066420489888,49.87628212816929],[-97.17076904571005,49.87627028405094],[-97.17088374556512,49.876274330002246],[-97.17101670530728,49.876256182145205],[-97.17106225413582,49.87624787673594],[-97.1712728627633,49.87619949039763],[-97.17135300972866,49.876196298726626],[-97.17140197723299,49.87619029128091],[-97.17149991464683,49.876176129589645],[-97.17156592893043,49.87617939100116],[-97.17167372232673,49.87618109356067],[-97.1717751437599,49.87616695026703],[-97.17181012913362,49.876162991138905],[-97.17190052163016,49.87616444387148],[-97.1720678521948,49.87615584300349],[-97.17208190946992,49.87615159205233],[-97.172113544564,49.87614308096945],[-97.17226337003481,49.87613868423877],[-97.17232970509694,49.876132979341406],[-97.17234710595297,49.87613322882496],[-97.17267379645902,49.87614288755634],[-97.17289622094115,49.87615088626081],[-97.17293423160181,49.87615824625841],[-97.17300362844918,49.87616383259996],[-97.17322259445638,49.87616953465341],[-97.17354925666773,49.87618144208727],[-97.17361854536887,49.876189283898576],[-97.1737680139642,49.8761938785098],[-97.17380296275064,49.876189946503914],[-97.17383399536172,49.876197191914294],[-97.17398004505452,49.87619948817059],[-97.17416054640665,49.8762113275408],[-97.17418820319445,49.876216298353164],[-97.1743299481076,49.87624099109561],[-97.17440247268266,49.87625558866711],[-97.17447186989389,49.87626117397531],[-97.17455176491278,49.876264691749824],[-97.17467273001533,49.87628683475129],[-97.17478672030306,49.87630888911822],[-97.17487341040433,49.87631697909891],[-97.17514623415428,49.87637299100551],[-97.17527064763426,49.876395179660086],[-97.17531534912085,49.876409392768686],[-97.17535997888183,49.87642583393283],[-97.17539108037579,49.87643082510001],[-97.17547883401096,49.87645887484143],[-97.17529555013293,49.87667659084374],[-97.17524207398088,49.87699588701854],[-97.17534598437356,49.877444291225494],[-97.17430409710262,49.877391909687894],[-97.17315119600097,49.87732870558082],[-97.17208140739811,49.87727589475004],[-97.17098339012965,49.87723160605173],[-97.17084420999838,49.879442191681854],[-97.16984291156415,49.87941738764827],[-97.16864650974952,49.87939850378412],[-97.16747801415679,49.87937998709355],[-97.16628189689554,49.87935211075432],[-97.1663256795964,49.878929996645226],[-97.16632598759851,49.87892990243532],[-97.1663421978696,49.87811916533724],[-97.16636601777167,49.87786683176759],[-97.16636944187225,49.877864836593965],[-97.16646490065983,49.87782588239095],[-97.16664904593625,49.87774109768749],[-97.16671592036282,49.87772189321559],[-97.16679731620094,49.87768499081207],[-97.16687486986076,49.87765923558129],[-97.16696309615558,49.87762687825412],[-97.16707990255092,49.877574745094144],[-97.16709791538344,49.87755928979155],[-97.16717247715252,49.87751998864726],[-97.16731081901801,49.877450244183585]]]]}},{"type":"Feature","properties":{"DGUID":"2021S051246110655","DAUID":"46110655","LANDAREA":0.1092,"PRUID":"46","fed_num":"46010","da_code":"46110655","geo_name":"46110655","name_source":{"label":"Statistics Canada Census Profile 2021 DA WDS","url":"https://www12.statcan.gc.ca/wds-sdw/2021profile-profil2021-eng.cfm"},"population":557,"status":"ok","source":{"label":"Statistics Canada Census Profile 2021 DA WDS","url":"https://www12.statcan.gc.ca/wds-sdw/2021profile-profil2021-eng.cfm"},"community_name":"Winnipeg","community_source":{"label":"Statistics Canada 2021 census subdivision boundaries (spatial lookup)","url":"https://geo.statcan.gc.ca/geo_wa/rest/services/2021/Cartographic_boundary_files/MapServer/9"},"community_display":"Winnipeg","is_unorganized":false,"panel_title":"Winnipeg","display_label":"Winnipeg","map_label":"46110655"},"geometry":{"type":"MultiPolygon","coordinates":[[[[-97.16395491361459,49.88124920502311],[-97.1640470796139,49.87991938908735],[-97.16248208325263,49.88044330624075],[-97.16105158817034,49.88035760546558],[-97.15959331263953,49.8802714935577],[-97.1596699124497,49.879355194105564],[-97.15986649340995,49.878944609658745],[-97.16119338724803,49.879190490288394],[-97.16131721042868,49.879008802796506],[-97.16169838039744,49.87872178970073],[-97.16212984851919,49.87837462228422],[-97.1621495506105,49.878384939340556],[-97.16222172184597,49.87840859102532],[-97.16230125726108,49.87842108674867],[-97.16245307306623,49.878454978018986],[-97.16253915874525,49.87847883602781],[-97.16260111830361,49.878497788078406],[-97.1627770940087,49.878536531232946],[-97.16285666958497,49.87854902436962],[-97.16290161622123,49.87855647978072],[-97.16294314433907,49.878561636741296],[-97.1630224038215,49.878583146954654],[-97.16315746499751,49.87860102676528],[-97.1633903998756,49.878606980732904],[-97.1636503759018,49.87863358803321],[-97.16375907480003,49.87861282793349],[-97.16383602609,49.87860283213193],[-97.1639685286225,49.878595943232575],[-97.16403162806137,49.87858343580543],[-97.16406301978408,49.87858169068349],[-97.16416839808717,49.87855412635382],[-97.16425634181118,49.87852853694043],[-97.16437859533293,49.878516976132595],[-97.1644626270484,49.87850478747573],[-97.16455369921039,49.87848823608312],[-97.16460986275959,49.878475636931896],[-97.16472574641652,49.87844822936907],[-97.16478920426533,49.878426727791336],[-97.16490202787624,49.87838802799034],[-97.1649405029127,49.87838194344067],[-97.16527444814972,49.87829277744354],[-97.16544379263192,49.878232483820085],[-97.16548948936605,49.87821972476846],[-97.16566670292778,49.87813485049381],[-97.1657936232446,49.878091897499964],[-97.16584316596025,49.878070189189124],[-97.16592772869186,49.878042297855586],[-97.16619935728073,49.87794539635687],[-97.1663125765159,49.87789769919935],[-97.16636601777167,49.87786683176759],[-97.1663421978696,49.87811916533724],[-97.16632598759851,49.87892990243532],[-97.1663256795964,49.878929996645226],[-97.16628189689554,49.87935211075432],[-97.16615261390702,49.88203058718208],[-97.16503859638459,49.88203990035529],[-97.16392658052537,49.88199529817543],[-97.16395491361459,49.88124920502311]]]]}},{"type":"Feature","properties":{"DGUID":"2021S051246110656","DAUID":"46110656","LANDAREA":0.077,"PRUID":"46","fed_num":"46010","da_code":"46110656","geo_name":"46110656","name_source":{"label":"Statistics Canada Census Profile 2021 DA WDS","url":"https://www12.statcan.gc.ca/wds-sdw/2021profile-profil2021-eng.cfm"},"population":501,"status":"ok","source":{"label":"Statistics Canada Census Profile 2021 DA WDS","url":"https://www12.statcan.gc.ca/wds-sdw/2021profile-profil2021-eng.cfm"},"community_name":"Winnipeg","community_source":{"label":"Statistics Canada 2021 census subdivision boundaries (spatial lookup)","url":"https://geo.statcan.gc.ca/geo_wa/rest/services/2021/Cartographic_boundary_files/MapServer/9"},"community_display":"Winnipeg","is_unorganized":false,"panel_title":"Winnipeg","display_label":"Winnipeg","map_label":"46110656"},"geometry":{"type":"MultiPolygon","coordinates":[[[[-97.15946459384233,49.88182561060181],[-97.15959331263953,49.8802714935577],[-97.16105158817034,49.88035760546558],[-97.16248208325263,49.88044330624075],[-97.1640470796139,49.87991938908735],[-97.16395491361459,49.88124920502311],[-97.16392658052537,49.88199529817543],[-97.16388170643243,49.882813201546966],[-97.16086538806618,49.882693399759845],[-97.16093788565,49.8818850038652],[-97.15946459384233,49.88182561060181]]]]}},{"type":"Feature","properties":{"DGUID":"2021S051246110657","DAUID":"46110657","LANDAREA":0.2604,"PRUID":"46","fed_num":"46010","da_code":"46110657","geo_name":"46110657","name_source":{"label":"Statistics Canada Census Profile 2021 DA WDS","url":"https://www12.statcan.gc.ca/wds-sdw/2021profile-profil2021-eng.cfm"},"population":483,"status":"ok","source":{"label":"Statistics Canada Census Profile 2021 DA WDS","url":"https://www12.statcan.gc.ca/wds-sdw/2021profile-profil2021-eng.cfm"},"community_name":"Winnipeg","community_source":{"label":"Statistics Canada 2021 census subdivision boundaries (spatial lookup)","url":"https://geo.statcan.gc.ca/geo_wa/rest/services/2021/Cartographic_boundary_files/MapServer/9"},"community_display":"Winnipeg","is_unorganized":false,"panel_title":"Winnipeg","display_label":"Winnipeg","map_label":"46110657"},"geometry":{"type":"MultiPolygon","coordinates":[[[[-97.15825629908952,49.88012384284136],[-97.1583473881166,49.87899239225173],[-97.15689650780412,49.87907731259205],[-97.15573866795397,49.87920105022429],[-97.15519599533258,49.87926485408077],[-97.15496919203828,49.879293102426416],[-97.15496737034974,49.87928952807703],[-97.15495215761126,49.87923083812001],[-97.15489264825868,49.879148929873494],[-97.15485255481732,49.87910554539278],[-97.15481192484525,49.87907568991106],[-97.15475971267496,49.878984880020184],[-97.15473666702437,49.87895079312855],[-97.1546897046015,49.87890503711442],[-97.15464281847892,49.87885707869018],[-97.15461225436705,49.87883637949691],[-97.15453462877977,49.878774429613294],[-97.15445757330225,49.878696724754896],[-97.15438666510036,49.8786393786562],[-97.15425912127002,49.878515874731704],[-97.15416873262558,49.878422284147334],[-97.15414492891264,49.87840838469891],[-97.15411760446656,49.87839449377662],[-97.15402961700933,49.878330075710316],[-97.15395241422084,49.87825462861496],[-97.15390872898818,49.87821348048433],[-97.15384117076275,49.87816068658728],[-97.15378036919005,49.878112494423256],[-97.15375707292696,49.878085145130804],[-97.1536465795457,49.877970938405426],[-97.15355863355192,49.877904345450446],[-97.15350839495242,49.877851782781484],[-97.15346550290573,49.87779039353753],[-97.15345093371488,49.87777765200363],[-97.15341841057126,49.877749195977074],[-97.1533747960499,49.877705793929394],[-97.15332222742589,49.87762397731604],[-97.15328490193322,49.87759862463941],[-97.15323176660699,49.8775325885474],[-97.15320584888165,49.877482725154174],[-97.15316895464046,49.87744612509702],[-97.15307522581504,49.877350179452314],[-97.15304552578081,49.87730698519525],[-97.15303646252902,49.877270826552845],[-97.15301385698159,49.877225543490496],[-97.1529905617312,49.87719819410159],[-97.15296165775538,49.877134784602006],[-97.15293555491795,49.8770893794744],[-97.15293904365289,49.87699722626319],[-97.15291404456227,49.87693678762657],[-97.15287529925435,49.87684328732469],[-97.15285567419195,49.87681149901414],[-97.15281285056372,49.87674783028074],[-97.1527941941047,49.876689093350734],[-97.1527558000898,49.87660079832185],[-97.15272319218047,49.87645182998545],[-97.15269309511683,49.87641982955712],[-97.15267016865835,49.87638353797415],[-97.15266467299982,49.87634524775164],[-97.15263587292621,49.87627953109783],[-97.15258916798763,49.876227036831956],[-97.15258859943577,49.87615059365587],[-97.15258949838618,49.876125898833465],[-97.15255761242469,49.87605114148537],[-97.15253107951087,49.876016983712354],[-97.15252266718998,49.875962893733636],[-97.15251694956206,49.87592908963067],[-97.15248757942489,49.875879127788714],[-97.15247485045563,49.875847433855874],[-97.15247190370033,49.875833885662175],[-97.15244947868187,49.8757840930847],[-97.15244717885282,49.87575258777087],[-97.15242589513424,49.875671285704534],[-97.15240558099657,49.87565743100544],[-97.1523653477196,49.875616329740204],[-97.15231534224584,49.87555933218577],[-97.15231775401277,49.875496383862036],[-97.15231775088205,49.87549356508605],[-97.15231646862301,49.87534792833446],[-97.15232521158897,49.87530088050897],[-97.15232148118005,49.875217599240806],[-97.15233381685537,49.87507609162813],[-97.15234262943527,49.87502679011486],[-97.15235025436832,49.87500894880124],[-97.15239477291529,49.87493768237191],[-97.1524064258029,49.874906382981564],[-97.15241749827202,49.87488858884613],[-97.15248031573668,49.87479288070515],[-97.15251292567152,49.87475962561403],[-97.15256747122852,49.87469754342169],[-97.15259339172883,49.87465523470711],[-97.15262942571385,49.87462432971858],[-97.15266501536522,49.87460239682178],[-97.15270539565606,49.874546844291366],[-97.1527381909139,49.874509130927684],[-97.15276336477112,49.874489284554315],[-97.15279612349894,49.87445159900196],[-97.15285310429628,49.874416488736905],[-97.15291315112398,49.87439274773972],[-97.15298847676003,49.87433324487543],[-97.15310252701491,49.87426309689468],[-97.15316958114138,49.87423939227071],[-97.15320877013757,49.87421527403515],[-97.15325820544497,49.87419582821857],[-97.15329710595198,49.874178475405465],[-97.15333640750266,49.8741521269434],[-97.15346850297433,49.87406427440056],[-97.15356704807982,49.87403434817222],[-97.15364114245217,49.8740062814354],[-97.15372549294818,49.873985136470154],[-97.15384921398167,49.87393538906368],[-97.15398306842756,49.87389254404205],[-97.15400410128784,49.87388838566775],[-97.15409582348325,49.8738561366491],[-97.15419724853528,49.87384203726772],[-97.15428180715809,49.8738141306696],[-97.15433672553735,49.87380400961057],[-97.15444999647234,49.873783091088626],[-97.15450245742923,49.87377718843258],[-97.15459751054883,49.8737471905568],[-97.15463234647119,49.87374549557103],[-97.15466384420081,49.87374149761371],[-97.154782777802,49.87372539437661],[-97.15497070085536,49.87372388563194],[-97.1550442671805,49.873711596066414],[-97.15519299952193,49.87373418013766],[-97.1554992103473,49.87373452352086],[-97.15554408087087,49.87374423588893],[-97.15578410721967,49.873745841526265],[-97.15583566763112,49.873762434730125],[-97.15591185385291,49.87377263249304],[-97.15600507912573,49.87379207606105],[-97.15622665370775,49.87382032953899],[-97.15639530796798,49.87386798502092],[-97.15649216979553,49.87388304262973],[-97.15656425047538,49.8739088747644],[-97.1566264584343,49.87392114400588],[-97.15673673025093,49.87394988401612],[-97.15680558196117,49.87396898482885],[-97.1568469227403,49.87397862818786],[-97.15690527645351,49.8739997945128],[-97.1569988301297,49.87401029715925],[-97.15705002421537,49.87403583187997],[-97.1571050000216,49.87405469735092],[-97.15720157491528,49.87407869212851],[-97.15725654410068,49.87409533375635],[-97.15731874260884,49.87410752551803],[-97.15742865828277,49.874145283964324],[-97.15747985611677,49.87417084415697],[-97.15754115542286,49.874205532401554],[-97.15765775181544,49.87425009441544],[-97.15771222570281,49.87428243485015],[-97.15774998067987,49.87429653830838],[-97.15786201932312,49.87437028524622],[-97.1579228531029,49.87441624835179],[-97.15796035707267,49.874437089384756],[-97.15803482300396,49.87449224885458],[-97.1580853805302,49.87453579152806],[-97.15813625208389,49.87457029143116],[-97.1582619140971,49.87465098493906],[-97.1583091234692,49.87468997522751],[-97.15837330682244,49.8747404903995],[-97.15844284913382,49.874833777014146],[-97.15845943325785,49.87485654703216],[-97.15857736547568,49.874957337877],[-97.1586345022259,49.875009991341436],[-97.1586745196913,49.87505557602797],[-97.15874471068602,49.87513093109165],[-97.15876836874891,49.87514928537414],[-97.1588180951771,49.87521304506261],[-97.1588641628159,49.87528349331979],[-97.15894107824967,49.87536567559241],[-97.15896395029073,49.87540429637414],[-97.1590008809721,49.87544084048831],[-97.15907505934975,49.87550273918369],[-97.15913535792151,49.87556437730977],[-97.15916222299118,49.87558959319532],[-97.15929346449857,49.87570634738556],[-97.15933380366762,49.87574294049029],[-97.15936987630778,49.87580197913026],[-97.15937526908986,49.875842524789775],[-97.15938836671901,49.87586524994177],[-97.15945104743032,49.87595619074706],[-97.15947459392423,49.87597677511502],[-97.15956445425925,49.876083888917705],[-97.1595707124715,49.87610199132518],[-97.1597507946091,49.876307225220756],[-97.15984631745194,49.8764504477446],[-97.15986217983476,49.87649117915596],[-97.15988850109974,49.876529846790085],[-97.15994442700608,49.876616186166665],[-97.16000448094871,49.87668458739129],[-97.1600533462009,49.87677079013459],[-97.16007687056604,49.876793677392286],[-97.16015612988738,49.87690513848409],[-97.16016242822857,49.876923238763645],[-97.16018522307328,49.8769640361734],[-97.16019130342038,49.876986648243644],[-97.16025121647696,49.877059531228056],[-97.16030749347362,49.877134627475776],[-97.16031371602782,49.87715493014645],[-97.16034982414264,49.87721174279151],[-97.16038625574909,49.87725958964189],[-97.160399449837,49.877277783722135],[-97.16048255831569,49.877380295871234],[-97.16053420361477,49.87748678005939],[-97.16061817751215,49.877566848764005],[-97.16067610594718,49.87759923482271],[-97.16081790008052,49.877713945326626],[-97.16086180601745,49.877748380410225],[-97.1610286641395,49.877845497888124],[-97.16111356339756,49.87790079202424],[-97.16117440272257,49.87794672800482],[-97.16122510292693,49.877985736387515],[-97.16134495760306,49.87803712845737],[-97.16144712090639,49.87809718129334],[-97.16152927659681,49.87813834704492],[-97.16157685827454,49.87816218702814],[-97.16167956284897,49.878206589585595],[-97.16173724573156,49.878245738524264],[-97.16177834468533,49.87826214338873],[-97.16186471658314,49.87827923639509],[-97.16203293098611,49.87834033063547],[-97.16210521098273,49.8783617264946],[-97.16212984851919,49.87837462228422],[-97.16169838039744,49.87872178970073],[-97.16131721042868,49.879008802796506],[-97.16119338724803,49.879190490288394],[-97.15986649340995,49.878944609658745],[-97.1596699124497,49.879355194105564],[-97.15959331263953,49.8802714935577],[-97.15946459384233,49.88182561060181],[-97.15812999563478,49.881777395650644],[-97.158241805924,49.8803040061077],[-97.15825629908952,49.88012384284136]]]]}},{"type":"Feature","properties":{"DGUID":"2021S051246110658","DAUID":"46110658","LANDAREA":0.031,"PRUID":"46","fed_num":"46010","da_code":"46110658","geo_name":"46110658","name_source":{"label":"Statistics Canada Census Profile 2021 DA WDS","url":"https://www12.statcan.gc.ca/wds-sdw/2021profile-profil2021-eng.cfm"},"population":468,"status":"ok","source":{"label":"Statistics Canada Census Profile 2021 DA WDS","url":"https://www12.statcan.gc.ca/wds-sdw/2021profile-profil2021-eng.cfm"},"community_name":"Winnipeg","community_source":{"label":"Statistics Canada 2021 census subdivision boundaries (spatial lookup)","url":"https://geo.statcan.gc.ca/geo_wa/rest/services/2021/Cartographic_boundary_files/MapServer/9"},"community_display":"Winnipeg","is_unorganized":false,"panel_title":"Winnipeg","display_label":"Winnipeg","map_label":"46110658"},"geometry":{"type":"MultiPolygon","coordinates":[[[[-97.15671270676599,49.881709900995226],[-97.15689650780412,49.87907731259205],[-97.1583473881166,49.87899239225173],[-97.15825629908952,49.88012384284136],[-97.158241805924,49.8803040061077],[-97.15812999563478,49.881777395650644],[-97.15671270676599,49.881709900995226]]]]}},{"type":"Feature","properties":{"DGUID":"2021S051246110666","DAUID":"46110666","LANDAREA":0.0971,"PRUID":"46","fed_num":"46010","da_code":"46110666","geo_name":"46110666","name_source":{"label":"Statistics Canada Census Profile 2021 DA WDS","url":"https://www12.statcan.gc.ca/wds-sdw/2021profile-profil2021-eng.cfm"},"population":913,"status":"ok","source":{"label":"Statistics Canada Census Profile 2021 DA WDS","url":"https://www12.statcan.gc.ca/wds-sdw/2021profile-profil2021-eng.cfm"},"community_name":"Winnipeg","community_source":{"label":"Statistics Canada 2021 census subdivision boundaries (spatial lookup)","url":"https://geo.statcan.gc.ca/geo_wa/rest/services/2021/Cartographic_boundary_files/MapServer/9"},"community_display":"Winnipeg","is_unorganized":false,"panel_title":"Winnipeg","display_label":"Winnipeg","map_label":"46110666"},"geometry":{"type":"MultiPolygon","coordinates":[[[[-97.14339469633596,49.896483107110086],[-97.14254199192975,49.89620861167746],[-97.14188188467645,49.89599109023206],[-97.14172171664228,49.89593898944166],[-97.14112551727187,49.89574511085617],[-97.14058970964999,49.89555659945316],[-97.13935211701721,49.89514999321621],[-97.13963390712293,49.89506449448934],[-97.14102331547149,49.89456489623178],[-97.14206229561577,49.894194998161744],[-97.1433608145986,49.89373898931246],[-97.14406021549667,49.89510851148218],[-97.14428189883172,49.89549880385259],[-97.14414871649896,49.89570360696554],[-97.14621380262545,49.89632129888422],[-97.14621719824382,49.8962313957379],[-97.14610019821274,49.89601370526712],[-97.14740679652904,49.895710706713025],[-97.14801721720745,49.8968628073649],[-97.14790990355853,49.897481804533285],[-97.1476876899864,49.89782899561395],[-97.14658711458918,49.8974785994127],[-97.14559648789236,49.89716599386695],[-97.14450889062871,49.89684270895747],[-97.14354609563857,49.89653050381539],[-97.14339469633596,49.896483107110086]]]]}},{"type":"Feature","properties":{"DGUID":"2021S051246110667","DAUID":"46110667","LANDAREA":0.2861,"PRUID":"46","fed_num":"46010","da_code":"46110667","geo_name":"46110667","name_source":{"label":"Statistics Canada Census Profile 2021 DA WDS","url":"https://www12.statcan.gc.ca/wds-sdw/2021profile-profil2021-eng.cfm"},"population":850,"status":"ok","source":{"label":"Statistics Canada Census Profile 2021 DA WDS","url":"https://www12.statcan.gc.ca/wds-sdw/2021profile-profil2021-eng.cfm"},"community_name":"Winnipeg","community_source":{"label":"Statistics Canada 2021 census subdivision boundaries (spatial lookup)","url":"https://geo.statcan.gc.ca/geo_wa/rest/services/2021/Cartographic_boundary_files/MapServer/9"},"community_display":"Winnipeg","is_unorganized":false,"panel_title":"Winnipeg","display_label":"Winnipeg","map_label":"46110667"},"geometry":{"type":"MultiPolygon","coordinates":[[[[-97.13843449446316,49.895477011148344],[-97.13935211701721,49.89514999321621],[-97.14058970964999,49.89555659945316],[-97.14112551727187,49.89574511085617],[-97.14172171664228,49.89593898944166],[-97.14188188467645,49.89599109023206],[-97.14254199192975,49.89620861167746],[-97.14339469633596,49.896483107110086],[-97.14354609563857,49.89653050381539],[-97.14450889062871,49.89684270895747],[-97.14559648789236,49.89716599386695],[-97.14658711458918,49.8974785994127],[-97.1476876899864,49.89782899561395],[-97.14863728830841,49.898123097398184],[-97.14777391729349,49.89921560046212],[-97.14765530424488,49.89940260967184],[-97.14868738516519,49.89972499872203],[-97.14802949973426,49.900542001379335],[-97.14726680610595,49.901546199408244],[-97.14525831425611,49.90090249552893],[-97.14421299979756,49.900561899301735],[-97.14319519493586,49.900230807992166],[-97.14239700417453,49.89998410197582],[-97.14217670501228,49.89991759019561],[-97.14126889489728,49.89962420707555],[-97.14016829300314,49.89927379043957],[-97.13898558667404,49.89888599947715],[-97.13876570673396,49.898810509655284],[-97.1389859189434,49.89851719362316],[-97.1388722946808,49.897849806332566],[-97.13875288467112,49.897335092375116],[-97.1386800795246,49.89705509706522],[-97.13851468173254,49.89644208894364],[-97.13846068506146,49.89624201140441],[-97.13826508565434,49.89553731117269],[-97.13843449446316,49.895477011148344]]]]}},{"type":"Feature","properties":{"DGUID":"2021S051246110668","DAUID":"46110668","LANDAREA":0.0728,"PRUID":"46","fed_num":"46010","da_code":"46110668","geo_name":"46110668","name_source":{"label":"Statistics Canada Census Profile 2021 DA WDS","url":"https://www12.statcan.gc.ca/wds-sdw/2021profile-profil2021-eng.cfm"},"population":508,"status":"ok","source":{"label":"Statistics Canada Census Profile 2021 DA WDS","url":"https://www12.statcan.gc.ca/wds-sdw/2021profile-profil2021-eng.cfm"},"community_name":"Winnipeg","community_source":{"label":"Statistics Canada 2021 census subdivision boundaries (spatial lookup)","url":"https://geo.statcan.gc.ca/geo_wa/rest/services/2021/Cartographic_boundary_files/MapServer/9"},"community_display":"Winnipeg","is_unorganized":false,"panel_title":"Winnipeg","display_label":"Winnipeg","map_label":"46110668"},"geometry":{"type":"MultiPolygon","coordinates":[[[[-97.13832681839452,49.899361211314776],[-97.13876570673396,49.898810509655284],[-97.13898558667404,49.89888599947715],[-97.14016829300314,49.89927379043957],[-97.14126889489728,49.89962420707555],[-97.14063799433953,49.90045969616839],[-97.14033420964243,49.90086719210902],[-97.14009469067773,49.901188499742844],[-97.13982929657655,49.9015710962812],[-97.13953538408018,49.901971103254084],[-97.13913881241922,49.90250448958946],[-97.13798358145196,49.90212609199189],[-97.13673510220048,49.901638289012155],[-97.1364560207831,49.901651809858166],[-97.13685079313488,49.90116340733649],[-97.13718648407999,49.90076398856259],[-97.13774241773359,49.90007140847512],[-97.13832681839452,49.899361211314776]]]]}},{"type":"Feature","properties":{"DGUID":"2021S051246110669","DAUID":"46110669","LANDAREA":0.9489,"PRUID":"46","fed_num":"46010","da_code":"46110669","geo_name":"46110669","name_source":{"label":"Statistics Canada Census Profile 2021 DA WDS","url":"https://www12.statcan.gc.ca/wds-sdw/2021profile-profil2021-eng.cfm"},"population":1350,"status":"ok","source":{"label":"Statistics Canada Census Profile 2021 DA WDS","url":"https://www12.statcan.gc.ca/wds-sdw/2021profile-profil2021-eng.cfm"},"community_name":"Winnipeg","community_source":{"label":"Statistics Canada 2021 census subdivision boundaries (spatial lookup)","url":"https://geo.statcan.gc.ca/geo_wa/rest/services/2021/Cartographic_boundary_files/MapServer/9"},"community_display":"Winnipeg","is_unorganized":false,"panel_title":"Winnipeg","display_label":"Winnipeg","map_label":"46110669"},"geometry":{"type":"MultiPolygon","coordinates":[[[[-97.10900025603507,49.90174019910341],[-97.10909625577519,49.90160009908149],[-97.10918720912214,49.90150038142478],[-97.10924497066759,49.90144733252173],[-97.10928094144711,49.9014164468801],[-97.10946021958247,49.901284446358495],[-97.1096740552328,49.90115748092686],[-97.10974251026023,49.90109788680451],[-97.109899286503,49.901005983838836],[-97.11001660608072,49.900944945668186],[-97.11015809488649,49.900888798690126],[-97.11030462458245,49.900792243479614],[-97.11034687075356,49.90077943680786],[-97.11049624869601,49.90071735951199],[-97.1105509879485,49.90069548057819],[-97.11068089827442,49.90066839980666],[-97.11092380401814,49.900626933999376],[-97.11098651386578,49.900625733381005],[-97.11117629621694,49.90057934364163],[-97.11124969362704,49.900571546339016],[-97.11131284613413,49.90055909744017],[-97.11147415967022,49.900530235819794],[-97.11156199623079,49.90050917577226],[-97.11187370809095,49.90046253441774],[-97.11195041094297,49.90045929300113],[-97.11213967368421,49.90042637771743],[-97.11232500091238,49.90040463799682],[-97.1124441001968,49.90038633052644],[-97.11254534292374,49.90037898522214],[-97.11258368931567,49.90037732572931],[-97.11275480716134,49.90036438719362],[-97.1128942589152,49.900359941136216],[-97.11303371063899,49.90035549488138],[-97.11310332701473,49.9003566396902],[-97.11315916257156,49.90035303742167],[-97.11328443096605,49.900355089731235],[-97.11345120024603,49.900362296553226],[-97.11362257310049,49.90034259267821],[-97.1137826265021,49.900345191931045],[-97.11401592943271,49.900344473684754],[-97.11409256006237,49.90034348450407],[-97.11416911557113,49.90034472347987],[-97.11439161654175,49.90035283151887],[-97.11461400602734,49.900363195083365],[-97.11483301444785,49.90037123005841],[-97.11491592710911,49.90038834489917],[-97.11513486394693,49.90039863310787],[-97.11520837182299,49.90038857683083],[-97.115309022293,49.90039693320336],[-97.11537510958198,49.90039803217548],[-97.11567755126734,49.90040972904321],[-97.11589998115372,49.900420087580905],[-97.11594182019235,49.90041849880156],[-97.11597994677759,49.90042137573295],[-97.11619895906493,49.90042943335888],[-97.11625777079216,49.90043937765158],[-97.11633759633456,49.900445199011656],[-97.11647252256446,49.90046762849965],[-97.11676705855703,49.90050387461516],[-97.11690334408208,49.9004903331368],[-97.11704246277993,49.90049484757968],[-97.11711508145285,49.90050723469411],[-97.11718105753532,49.90051058848658],[-97.11725735870118,49.90051858890805],[-97.11738214694518,49.90053188622974],[-97.11746156823482,49.90054892696776],[-97.11756210814447,49.90055953707477],[-97.11772895854126,49.900566732406546],[-97.11781212745989,49.90057708097172],[-97.11801740582604,49.900580437423706],[-97.11814916686572,49.900593774920495],[-97.11826065475086,49.90059107456581],[-97.11864318404665,49.90060404219189],[-97.1189489997349,49.900617979917925],[-97.11905960636709,49.90063777487824],[-97.11908738095758,49.90064047987591],[-97.11919472417416,49.90065574208088],[-97.11925331431252,49.90067019666352],[-97.11952787456995,49.90068363108469],[-97.11979898056852,49.90069479244805],[-97.11988845967484,49.90072094047265],[-97.12012554671098,49.900711289676],[-97.12028585950168,49.90070714019123],[-97.12051879891168,49.90071542643301],[-97.12067529653584,49.90072024791343],[-97.12089772936271,49.900730595173556],[-97.12094636152057,49.90073358084275],[-97.12100859466082,49.90074364977871],[-97.1211232433993,49.900749984420564],[-97.12134222677884,49.90076028240157],[-97.12143557164123,49.90077753232713],[-97.12162005872682,49.900778294899894],[-97.12190515552537,49.900787383209035],[-97.12206840036316,49.90079672973796],[-97.12216964237957,49.90078937452825],[-97.12229851649192,49.9007892311334],[-97.1223399225091,49.90079893913897],[-97.12249244182615,49.900814884825316],[-97.1226697261369,49.90082223790821],[-97.12276263207566,49.90085073471468],[-97.12288804846247,49.900848292670894],[-97.12303338004448,49.90087313106141],[-97.12315460380732,49.90088857754298],[-97.1233565024627,49.90088959506265],[-97.12341501319368,49.90090622403448],[-97.12380776024808,49.900923875402825],[-97.12390249574496,49.90090512465513],[-97.12401094046143,49.900891174967676],[-97.1241994678856,49.900878474569865],[-97.12442656524576,49.90085742502062],[-97.12451807424577,49.90083194084148],[-97.12461637655038,49.90081103290131],[-97.12478770944601,49.900791337380184],[-97.12509973970329,49.90073568770351],[-97.12531651150617,49.90071218854202],[-97.12543306868685,49.900669094833894],[-97.12563991799837,49.90063192710725],[-97.12590039861604,49.900557438246516],[-97.12606824036257,49.90053769453487],[-97.12609645075648,49.90052912372982],[-97.12614902110788,49.90052098172309],[-97.12619794796346,49.900515026203465],[-97.1263139226893,49.900487687445136],[-97.1263909521451,49.90047544268547],[-97.12652485053754,49.90043488494758],[-97.12660577648423,49.90041368962823],[-97.12674599304935,49.90038898372586],[-97.12685141764739,49.900363683348246],[-97.1269640443051,49.90033179006755],[-97.12711659480169,49.90025780030735],[-97.12720449716876,49.900234498102705],[-97.1272893071313,49.90020207648238],[-97.12744381770554,49.9001686382982],[-97.12749315094314,49.90015368579517],[-97.12759920131127,49.900112677931375],[-97.12770132047157,49.90008284648388],[-97.12779663924212,49.90004838747038],[-97.12787745292796,49.900029447174845],[-97.1279830644086,49.8999996870403],[-97.12814821536234,49.89995962589088],[-97.12823277437306,49.89993399303613],[-97.12827864890276,49.89991674247406],[-97.12836320444664,49.89989108382446],[-97.128472745986,49.899850146636794],[-97.12858661628628,49.89978678679386],[-97.128767014061,49.899713294384306],[-97.12880586815496,49.899698126552124],[-97.12883066231504,49.89968728088991],[-97.12890500495001,49.899654745998255],[-97.12921024720848,49.89950452811638],[-97.12928113959,49.89947194496889],[-97.12930950046841,49.8994589425206],[-97.12938050015416,49.899424077583],[-97.12940536498857,49.8994109778795],[-97.12944099180632,49.899389077166184],[-97.12972466986896,49.899256487644166],[-97.12976731488784,49.899234676382626],[-97.12979213971784,49.899221578720436],[-97.1298420936281,49.89919089273313],[-97.12991735291817,49.89913588448944],[-97.1302884626021,49.89890123419092],[-97.13031017091426,49.89887914777385],[-97.13037480923182,49.89882843251607],[-97.13045828534939,49.898739826943036],[-97.13054401425721,49.89868498144763],[-97.13061643587872,49.89861194285093],[-97.13069657217584,49.89852103316821],[-97.13077681348,49.89842564346591],[-97.13080917076886,49.89839918446475],[-97.13088011069992,49.898274395200986],[-97.130897850671,49.89826568567829],[-97.13104145847306,49.89815334807986],[-97.13104931827685,49.8981309949152],[-97.13115977713068,49.897975353868624],[-97.1311654872733,49.89791693328796],[-97.13119622103261,49.897843231536555],[-97.13120871704996,49.89769953853462],[-97.13122321659527,49.89768399367795],[-97.13129445281464,49.89755248985789],[-97.13130687091893,49.897410999509454],[-97.13131580303227,49.89726948912834],[-97.13132778038361,49.89723150091198],[-97.13135190130346,49.897056433949814],[-97.13127763714822,49.896906838508244],[-97.13128101331603,49.89672923674729],[-97.13125125130296,49.89668828687224],[-97.1312348094997,49.89657335309911],[-97.13121327012642,49.896501030378175],[-97.13120150319496,49.896444632893946],[-97.1311788336795,49.89640154429138],[-97.13112774886758,49.89628153578212],[-97.13116373848402,49.89612468759416],[-97.13116265406711,49.896109072710736],[-97.13115111153434,49.89594592660962],[-97.1308461465735,49.89543800016808],[-97.12895903515133,49.893373275049704],[-97.1285508028889,49.89292658857811],[-97.12994727216211,49.892986211087],[-97.13008438140727,49.892992080639665],[-97.13027435005267,49.89305387777754],[-97.13163979470258,49.89352679709548],[-97.13409850381781,49.89398406887586],[-97.13445333979018,49.894050467075026],[-97.13518218252747,49.89459720367424],[-97.13573289224817,49.89475900192561],[-97.13687371665974,49.89514609094699],[-97.13713330452227,49.89527619621421],[-97.13767051927996,49.895428803315376],[-97.13826508565434,49.89553731117269],[-97.13846068506146,49.89624201140441],[-97.13851468173254,49.89644208894364],[-97.1386800795246,49.89705509706522],[-97.13875288467112,49.897335092375116],[-97.1388722946808,49.897849806332566],[-97.1389859189434,49.89851719362316],[-97.13876570673396,49.898810509655284],[-97.13832681839452,49.899361211314776],[-97.13774241773359,49.90007140847512],[-97.13718648407999,49.90076398856259],[-97.13685079313488,49.90116340733649],[-97.1364560207831,49.901651809858166],[-97.13572441638378,49.90256650871736],[-97.13483419624907,49.903622596343396],[-97.13439898392723,49.904434208801085],[-97.13435341762943,49.904532399816915],[-97.13418559201193,49.90555104757638],[-97.13418056546057,49.905581422720424],[-97.13409974364384,49.90556796099079],[-97.13284616045425,49.905359367296775],[-97.1325420711709,49.90531527224419],[-97.1311618647578,49.90511528038027],[-97.13046755195019,49.90503016781053],[-97.12987825295396,49.904961978728316],[-97.12933087351925,49.90491616335856],[-97.12844037041268,49.90481407733227],[-97.12695304426757,49.904572874273846],[-97.12660384214983,49.904517572518294],[-97.12619286698137,49.904453963425496],[-97.1261755455854,49.9044512955603],[-97.12603205686173,49.90442907775443],[-97.12601481503025,49.904426405603516],[-97.12575554159167,49.9043862799787],[-97.1256094514608,49.90436438186812],[-97.12540195304139,49.904333278032425],[-97.1241623596458,49.904139969185806],[-97.12411454521252,49.90413246669871],[-97.12213486931863,49.90383017049709],[-97.12200956380707,49.903811060961125],[-97.12199755814447,49.903809246069514],[-97.11973266860889,49.903463370792316],[-97.11872065870872,49.903343462527694],[-97.11764536663804,49.90324058194961],[-97.11678406177917,49.903186077699914],[-97.11515840611614,49.9030970846263],[-97.11508905597857,49.903093366338155],[-97.11507623447116,49.90309268046491],[-97.11490794105022,49.903083669122445],[-97.11164695412995,49.90290427575503],[-97.11099465603154,49.90282757277422],[-97.11015674349166,49.902781384028714],[-97.10860724631647,49.90269422045161],[-97.1086087487231,49.9026373971793],[-97.10862050500823,49.90254803452118],[-97.10866416271422,49.9024992815378],[-97.10872425734868,49.90229788846241],[-97.10874029462364,49.90224419508179],[-97.10876650143568,49.90219738176927],[-97.10883206503513,49.90212423519516],[-97.10889290531206,49.90199255441656],[-97.10891187322206,49.901952386111205],[-97.10892167029343,49.9018805855081],[-97.10894103848476,49.90182914553485],[-97.10900025603507,49.90174019910341]]]]}},{"type":"Feature","properties":{"DGUID":"2021S051246110670","DAUID":"46110670","LANDAREA":0.3188,"PRUID":"46","fed_num":"46010","da_code":"46110670","geo_name":"46110670","name_source":{"label":"Statistics Canada Census Profile 2021 DA WDS","url":"https://www12.statcan.gc.ca/wds-sdw/2021profile-profil2021-eng.cfm"},"population":531,"status":"ok","source":{"label":"Statistics Canada Census Profile 2021 DA WDS","url":"https://www12.statcan.gc.ca/wds-sdw/2021profile-profil2021-eng.cfm"},"community_name":"Winnipeg","community_source":{"label":"Statistics Canada 2021 census subdivision boundaries (spatial lookup)","url":"https://geo.statcan.gc.ca/geo_wa/rest/services/2021/Cartographic_boundary_files/MapServer/9"},"community_display":"Winnipeg","is_unorganized":false,"panel_title":"Winnipeg","display_label":"Winnipeg","map_label":"46110670"},"geometry":{"type":"MultiPolygon","coordinates":[[[[-97.12788409475104,49.90651489774407],[-97.12736979049393,49.90612879359238],[-97.12681451165362,49.90644369487944],[-97.1232808999921,49.90849139065948],[-97.12207771258676,49.907914194114376],[-97.12166741068945,49.90771859687116],[-97.12161608009312,49.90769369356303],[-97.12157170058856,49.90767209116208],[-97.12072409652804,49.90726260162593],[-97.12159718397744,49.90486610281725],[-97.12185289001154,49.90419099468397],[-97.12199369894061,49.90381943576043],[-97.12199755814447,49.903809246069514],[-97.12200956380707,49.903811060961125],[-97.12213486931863,49.90383017049709],[-97.12411454521252,49.90413246669871],[-97.1241623596458,49.904139969185806],[-97.12540195304139,49.904333278032425],[-97.1256094514608,49.90436438186812],[-97.12575554159167,49.9043862799787],[-97.12601481503025,49.904426405603516],[-97.12603205686173,49.90442907775443],[-97.1261755455854,49.9044512955603],[-97.12619286698137,49.904453963425496],[-97.12660384214983,49.904517572518294],[-97.12695304426757,49.904572874273846],[-97.12844037041268,49.90481407733227],[-97.12933087351925,49.90491616335856],[-97.12987825295396,49.904961978728316],[-97.13046755195019,49.90503016781053],[-97.1311618647578,49.90511528038027],[-97.1325420711709,49.90531527224419],[-97.13284616045425,49.905359367296775],[-97.13409974364384,49.90556796099079],[-97.13418056546057,49.905581422720424],[-97.1341716159016,49.90563580304342],[-97.13396940430552,49.906149206571264],[-97.13377018787465,49.90665479402022],[-97.13357536893287,49.90741340745538],[-97.13350791246792,49.907676000754805],[-97.13329220951572,49.908571987878645],[-97.13311169882982,49.909279712679584],[-97.13146011192326,49.9091272097754],[-97.13136369432246,49.909098700250084],[-97.13128229732084,49.90904339239168],[-97.13022608982692,49.90826179385064],[-97.13014469931431,49.90820651090127],[-97.12948138303031,49.9077100928157],[-97.12877740606936,49.90718600242402],[-97.12788409475104,49.90651489774407]]]]}},{"type":"Feature","properties":{"DGUID":"2021S051246110671","DAUID":"46110671","LANDAREA":0.1051,"PRUID":"46","fed_num":"46010","da_code":"46110671","geo_name":"46110671","name_source":{"label":"Statistics Canada Census Profile 2021 DA WDS","url":"https://www12.statcan.gc.ca/wds-sdw/2021profile-profil2021-eng.cfm"},"population":661,"status":"ok","source":{"label":"Statistics Canada Census Profile 2021 DA WDS","url":"https://www12.statcan.gc.ca/wds-sdw/2021profile-profil2021-eng.cfm"},"community_name":"Winnipeg","community_source":{"label":"Statistics Canada 2021 census subdivision boundaries (spatial lookup)","url":"https://geo.statcan.gc.ca/geo_wa/rest/services/2021/Cartographic_boundary_files/MapServer/9"},"community_display":"Winnipeg","is_unorganized":false,"panel_title":"Winnipeg","display_label":"Winnipeg","map_label":"46110671"},"geometry":{"type":"MultiPolygon","coordinates":[[[[-97.127028392782,49.909910200316496],[-97.12636578527136,49.90939579709404],[-97.12571230058964,49.90972699324897],[-97.12492298154235,49.90924649425511],[-97.12429349422516,49.908957496916685],[-97.1232808999921,49.90849139065948],[-97.12681451165362,49.90644369487944],[-97.12736979049393,49.90612879359238],[-97.12788409475104,49.90651489774407],[-97.12877740606936,49.90718600242402],[-97.12948138303031,49.9077100928157],[-97.13014469931431,49.90820651090127],[-97.127028392782,49.909910200316496]]]]}},{"type":"Feature","properties":{"DGUID":"2021S051246110672","DAUID":"46110672","LANDAREA":0.182,"PRUID":"46","fed_num":"46010","da_code":"46110672","geo_name":"46110672","name_source":{"label":"Statistics Canada Census Profile 2021 DA WDS","url":"https://www12.statcan.gc.ca/wds-sdw/2021profile-profil2021-eng.cfm"},"population":552,"status":"ok","source":{"label":"Statistics Canada Census Profile 2021 DA WDS","url":"https://www12.statcan.gc.ca/wds-sdw/2021profile-profil2021-eng.cfm"},"community_name":"Winnipeg","community_source":{"label":"Statistics Canada 2021 census subdivision boundaries (spatial lookup)","url":"https://geo.statcan.gc.ca/geo_wa/rest/services/2021/Cartographic_boundary_files/MapServer/9"},"community_display":"Winnipeg","is_unorganized":false,"panel_title":"Winnipeg","display_label":"Winnipeg","map_label":"46110672"},"geometry":{"type":"MultiPolygon","coordinates":[[[[-97.1284521034884,49.91271270142288],[-97.12800646347154,49.912628085403256],[-97.12748811502344,49.91261168450346],[-97.12749785499695,49.912530931754745],[-97.1273713704481,49.91220053474415],[-97.1271940826865,49.91192334472229],[-97.12710377131167,49.911737429726024],[-97.12705044344334,49.91167363200522],[-97.12703206628997,49.911610342938786],[-97.12683975587709,49.911359924970995],[-97.12681946920242,49.91134603544414],[-97.12680546454712,49.91134582808802],[-97.12662997063686,49.91120363115597],[-97.12659726201967,49.911149127160655],[-97.12655307852322,49.91103143031137],[-97.12649957030732,49.91097214257088],[-97.12637107625939,49.91087564074362],[-97.12622275007693,49.91074724928135],[-97.12615496695999,49.910701243730216],[-97.12612165663339,49.910660143709265],[-97.12608285598469,49.910583127694245],[-97.12603625365807,49.910528332720666],[-97.12595607975638,49.91044163347107],[-97.12590157962863,49.91040924568124],[-97.1258410661696,49.9103543416559],[-97.12564946883337,49.91026574263605],[-97.12553404887304,49.910187447171204],[-97.12548717271663,49.91014174503173],[-97.12540537401613,49.9100954287666],[-97.12530446945264,49.91000383813809],[-97.12516876218174,49.90991162685579],[-97.12512856568492,49.9098705330911],[-97.12501226962509,49.90981473411985],[-97.12481605585324,49.909667643660285],[-97.12440616764114,49.909463032182636],[-97.12433826934792,49.90941703197247],[-97.12423787943065,49.909311938011186],[-97.12414234507784,49.909260924451225],[-97.12393654692593,49.90918112636716],[-97.12369157686166,49.909033228758034],[-97.12325518240546,49.908792347878745],[-97.1232080716561,49.90875102864699],[-97.12309876500038,49.90869534547557],[-97.12291501179268,49.908583484979594],[-97.1232808999921,49.90849139065948],[-97.12429349422516,49.908957496916685],[-97.12492298154235,49.90924649425511],[-97.12571230058964,49.90972699324897],[-97.12636578527136,49.90939579709404],[-97.127028392782,49.909910200316496],[-97.13014469931431,49.90820651090127],[-97.13022608982692,49.90826179385064],[-97.13128229732084,49.90904339239168],[-97.13136369432246,49.909098700250084],[-97.13146011192326,49.9091272097754],[-97.13311169882982,49.909279712679584],[-97.13296421132398,49.90985301063999],[-97.13265278200784,49.91106240985582],[-97.13249000098222,49.91167139482604],[-97.13244128172778,49.911850504655945],[-97.13232129682221,49.9124331952438],[-97.1305488927966,49.91252160377822],[-97.13007450101452,49.912540908675545],[-97.1284521034884,49.91271270142288]]]]}},{"type":"Feature","properties":{"DGUID":"2021S051246110685","DAUID":"46110685","LANDAREA":0.2177,"PRUID":"46","fed_num":"46010","da_code":"46110685","geo_name":"46110685","name_source":{"label":"Statistics Canada Census Profile 2021 DA WDS","url":"https://www12.statcan.gc.ca/wds-sdw/2021profile-profil2021-eng.cfm"},"population":280,"status":"ok","source":{"label":"Statistics Canada Census Profile 2021 DA WDS","url":"https://www12.statcan.gc.ca/wds-sdw/2021profile-profil2021-eng.cfm"},"community_name":"Winnipeg","community_source":{"label":"Statistics Canada 2021 census subdivision boundaries (spatial lookup)","url":"https://geo.statcan.gc.ca/geo_wa/rest/services/2021/Cartographic_boundary_files/MapServer/9"},"community_display":"Winnipeg","is_unorganized":false,"panel_title":"Winnipeg","display_label":"Winnipeg","map_label":"46110685"},"geometry":{"type":"MultiPolygon","coordinates":[[[[-97.1085969525847,49.902850127889074],[-97.10860724631647,49.90269422045161],[-97.11015674349166,49.902781384028714],[-97.11099465603154,49.90282757277422],[-97.11164695412995,49.90290427575503],[-97.11490794105022,49.903083669122445],[-97.11507623447116,49.90309268046491],[-97.11508905597857,49.903093366338155],[-97.11515840611614,49.9030970846263],[-97.11678406177917,49.903186077699914],[-97.11764536663804,49.90324058194961],[-97.11872065870872,49.903343462527694],[-97.11973266860889,49.903463370792316],[-97.12199755814447,49.903809246069514],[-97.12199369894061,49.90381943576043],[-97.12185289001154,49.90419099468397],[-97.12159718397744,49.90486610281725],[-97.12072409652804,49.90726260162593],[-97.12157170058856,49.90767209116208],[-97.12161608009312,49.90769369356303],[-97.12166741068945,49.90771859687116],[-97.12207771258676,49.907914194114376],[-97.1232808999921,49.90849139065948],[-97.12291501179268,49.908583484979594],[-97.12264773307774,49.90865380245382],[-97.12193898312628,49.909232496648464],[-97.12119115259166,49.908836810331614],[-97.12091238573562,49.908733518431056],[-97.12061197644283,49.90862227893654],[-97.12041262842834,49.90856615680202],[-97.12032340067107,49.90853179534659],[-97.1195592719961,49.90814682456065],[-97.11635947691363,49.906502328214216],[-97.11570476066082,49.90625469452897],[-97.11377969704652,49.905701279378256],[-97.11362021701635,49.90563512807202],[-97.11156111151044,49.904907452932946],[-97.11022538777462,49.90450681776553],[-97.10905801227531,49.90384582222004],[-97.10879754517651,49.90349088702311],[-97.1085969525847,49.902850127889074]]]]}},{"type":"Feature","properties":{"DGUID":"2021S051246110810","DAUID":"46110810","LANDAREA":0.5754,"PRUID":"46","fed_num":"46010","da_code":"46110810","geo_name":"46110810","name_source":{"label":"Statistics Canada Census Profile 2021 DA WDS","url":"https://www12.statcan.gc.ca/wds-sdw/2021profile-profil2021-eng.cfm"},"population":427,"status":"ok","source":{"label":"Statistics Canada Census Profile 2021 DA WDS","url":"https://www12.statcan.gc.ca/wds-sdw/2021profile-profil2021-eng.cfm"},"community_name":"Winnipeg","community_source":{"label":"Statistics Canada 2021 census subdivision boundaries (spatial lookup)","url":"https://geo.statcan.gc.ca/geo_wa/rest/services/2021/Cartographic_boundary_files/MapServer/9"},"community_display":"Winnipeg","is_unorganized":false,"panel_title":"Winnipeg","display_label":"Winnipeg","map_label":"46110810"},"geometry":{"type":"MultiPolygon","coordinates":[[[[-97.12702922773833,49.89096804450786],[-97.12665414374925,49.89060901326189],[-97.12572980845776,49.88958625420403],[-97.12563549384608,49.88935934530409],[-97.12543398862456,49.88795808538512],[-97.12597017061269,49.88662086104144],[-97.12597486644916,49.88660910101304],[-97.12623111717504,49.88640591461826],[-97.12646870679812,49.88621422685137],[-97.12691085200532,49.88585982558314],[-97.12756029443446,49.88584053317616],[-97.12782733873927,49.88583261710603],[-97.12901653250839,49.88576645325412],[-97.12917182099017,49.88576134002521],[-97.12962943606928,49.88574315646562],[-97.1304688119236,49.88576694298185],[-97.13088245531593,49.88578038599296],[-97.13093438051271,49.885787947791705],[-97.13131680382746,49.885798588161215],[-97.1313309083669,49.8857943407569],[-97.13151991194363,49.88576812350382],[-97.13170770617266,49.88577114316372],[-97.13190317268815,49.88575629424885],[-97.13197007968284,49.885737138534125],[-97.1320121619755,49.88572883084558],[-97.13208215455492,49.88571874241419],[-97.1321835423168,49.885706893250315],[-97.13225371619308,49.885692294964905],[-97.13234856093472,49.885669080861106],[-97.13263328436162,49.885670729724595],[-97.13290236017882,49.88602768348854],[-97.1331204180874,49.88634079491085],[-97.13362589343109,49.88693539319396],[-97.1337037878241,49.887080596775824],[-97.13386001028672,49.88736190313164],[-97.13429009004223,49.88812440860787],[-97.1346540118146,49.88879591003787],[-97.13475909361192,49.88895949253965],[-97.13500651321345,49.88940429953724],[-97.13529561672337,49.88990958790083],[-97.13557811662533,49.89040330821888],[-97.13577640436178,49.890379094041336],[-97.13715181558034,49.8900954033361],[-97.13843041292054,49.889792086341146],[-97.13966630375103,49.889515096975664],[-97.14044549196835,49.8909757908768],[-97.13922291399841,49.89127100639844],[-97.13794451546677,49.89156529629812],[-97.13872408251139,49.893016992452004],[-97.13958269569981,49.89494679831416],[-97.13963390712293,49.89506449448934],[-97.13935211701721,49.89514999321621],[-97.13843449446316,49.895477011148344],[-97.13826508565434,49.89553731117269],[-97.13767051927996,49.895428803315376],[-97.13713330452227,49.89527619621421],[-97.13687371665974,49.89514609094699],[-97.13573289224817,49.89475900192561],[-97.13518218252747,49.89459720367424],[-97.13445333979018,49.894050467075026],[-97.13409850381781,49.89398406887586],[-97.13163979470258,49.89352679709548],[-97.13027435005267,49.89305387777754],[-97.13008438140727,49.892992080639665],[-97.12994727216211,49.892986211087],[-97.1285508028889,49.89292658857811],[-97.12829580899496,49.89262355906764],[-97.12788667696259,49.89206118505518],[-97.12766946560015,49.89170996718528],[-97.12766675104768,49.891706595267685],[-97.12739408575638,49.891304734494945],[-97.12710170117114,49.89103743167641],[-97.12702922773833,49.89096804450786]]]]}},{"type":"Feature","properties":{"DGUID":"2021S051246111133","DAUID":"46111133","LANDAREA":0.4394,"PRUID":"46","fed_num":"46010","da_code":"46111133","geo_name":"46111133","name_source":{"label":"Statistics Canada Census Profile 2021 DA WDS","url":"https://www12.statcan.gc.ca/wds-sdw/2021profile-profil2021-eng.cfm"},"population":527,"status":"ok","source":{"label":"Statistics Canada Census Profile 2021 DA WDS","url":"https://www12.statcan.gc.ca/wds-sdw/2021profile-profil2021-eng.cfm"},"community_name":"Winnipeg","community_source":{"label":"Statistics Canada 2021 census subdivision boundaries (spatial lookup)","url":"https://geo.statcan.gc.ca/geo_wa/rest/services/2021/Cartographic_boundary_files/MapServer/9"},"community_display":"Winnipeg","is_unorganized":false,"panel_title":"Winnipeg","display_label":"Winnipeg","map_label":"46111133"},"geometry":{"type":"MultiPolygon","coordinates":[[[[-97.20997098631494,49.894543894339506],[-97.2102885833048,49.89085189356496],[-97.21183188815003,49.89091170568248],[-97.21280530945118,49.890944704592194],[-97.21282347980383,49.89082799410723],[-97.21314338289942,49.88781960739665],[-97.21436690407411,49.887865509443664],[-97.21560429242925,49.887911494772105],[-97.21682768977942,49.88795729569765],[-97.21806549080597,49.88799440787701],[-97.2188440070363,49.88802430580158],[-97.21922029300364,49.88801210251503],[-97.22041629165962,49.888048488970355],[-97.221556598195,49.88808388832484],[-97.22265490356685,49.888127798600664],[-97.22375350415815,49.88816260187954],[-97.22352965366093,49.88966593271147],[-97.22292632572402,49.88964516531401],[-97.22252199974886,49.8896423571452],[-97.22229791943407,49.88964081546251],[-97.21892096005308,49.89074994705837],[-97.2177696916068,49.89111111099511],[-97.21741318546799,49.89473949248919],[-97.21493710781381,49.89467449830258],[-97.21260020349597,49.89461149023541],[-97.20997098631494,49.894543894339506]]]]}},{"type":"Feature","properties":{"DGUID":"2021S051246111146","DAUID":"46111146","LANDAREA":0.5258,"PRUID":"46","fed_num":"46010","da_code":"46111146","geo_name":"46111146","name_source":{"label":"Statistics Canada Census Profile 2021 DA WDS","url":"https://www12.statcan.gc.ca/wds-sdw/2021profile-profil2021-eng.cfm"},"population":915,"status":"ok","source":{"label":"Statistics Canada Census Profile 2021 DA WDS","url":"https://www12.statcan.gc.ca/wds-sdw/2021profile-profil2021-eng.cfm"},"community_name":"Winnipeg","community_source":{"label":"Statistics Canada 2021 census subdivision boundaries (spatial lookup)","url":"https://geo.statcan.gc.ca/geo_wa/rest/services/2021/Cartographic_boundary_files/MapServer/9"},"community_display":"Winnipeg","is_unorganized":false,"panel_title":"Winnipeg","display_label":"Winnipeg","map_label":"46111146"},"geometry":{"type":"MultiPolygon","coordinates":[[[[-97.1860901694231,49.92144224466582],[-97.18371488821506,49.92081607087603],[-97.18157067453318,49.920231463658986],[-97.18034027527787,49.919907272419074],[-97.17890149321504,49.91949965814316],[-97.17836997768528,49.919330866660204],[-97.17778766802834,49.91913765749155],[-97.17587769043678,49.91853086538908],[-97.17433238158311,49.918039861759276],[-97.17371295918241,49.917841263724945],[-97.17324659142137,49.91769477049669],[-97.17244637362028,49.91744345980396],[-97.17208136271724,49.917324158983995],[-97.1714743833994,49.9171320676568],[-97.1708518646407,49.916930982520775],[-97.17031306400273,49.916757657129935],[-97.17030975835969,49.91675656807478],[-97.1702444579031,49.91673518283596],[-97.17023420611109,49.91673180440375],[-97.17006528399556,49.91667646145272],[-97.1700550388821,49.916673134376154],[-97.17005729028128,49.91665617398613],[-97.17007089757627,49.91655300955242],[-97.17020238488422,49.915555912878375],[-97.17026799478633,49.91492729245369],[-97.17030768430143,49.91461310261374],[-97.17033608623407,49.91442432571491],[-97.17040078556582,49.91399388991292],[-97.17045380274058,49.91369788965445],[-97.1705405031443,49.912880710275566],[-97.1707330195904,49.912946701572025],[-97.17355420272882,49.91385469061879],[-97.1762240924355,49.91471529957619],[-97.1789219940603,49.91557629647966],[-97.17839539157391,49.91624260036595],[-97.17864330172856,49.91631849192145],[-97.17920828490871,49.91648029567066],[-97.179676590317,49.916622491194424],[-97.18006201100064,49.91674549802821],[-97.18082601616315,49.916995886678095],[-97.18127300900102,49.91714230603499],[-97.18368169860412,49.917917694100886],[-97.18316839722114,49.918602194699965],[-97.18288971589918,49.91897570614179],[-97.18361850017357,49.919229897539765],[-97.18363209855077,49.91960790524829],[-97.18365740749,49.9204179052916],[-97.18369480870551,49.920535387568144],[-97.18624569491868,49.92124101337847],[-97.18677249897004,49.92056558806415],[-97.18725798112052,49.91988060216514],[-97.18774339061383,49.919195489234575],[-97.18876161089462,49.919535295415585],[-97.18979399738706,49.91986620284549],[-97.19027601256892,49.920017699408724],[-97.19086761144722,49.920215793982614],[-97.1918998014088,49.92055569444316],[-97.19367609026463,49.92111408773442],[-97.19444710209837,49.92135999424946],[-97.19501159121204,49.92153969615897],[-97.19502194288852,49.92236265371039],[-97.1950327030973,49.92321308880849],[-97.19502809664459,49.9237864109299],[-97.1950278775911,49.92381337694709],[-97.19499956330954,49.92380547014673],[-97.19469668902805,49.923719478204035],[-97.19458539873763,49.92368787334114],[-97.194559472435,49.92368045780953],[-97.19425889515826,49.9235951679135],[-97.1860901694231,49.92144224466582]]]]}},{"type":"Feature","properties":{"DGUID":"2021S051246111147","DAUID":"46111147","LANDAREA":0.2082,"PRUID":"46","fed_num":"46010","da_code":"46111147","geo_name":"46111147","name_source":{"label":"Statistics Canada Census Profile 2021 DA WDS","url":"https://www12.statcan.gc.ca/wds-sdw/2021profile-profil2021-eng.cfm"},"population":646,"status":"ok","source":{"label":"Statistics Canada Census Profile 2021 DA WDS","url":"https://www12.statcan.gc.ca/wds-sdw/2021profile-profil2021-eng.cfm"},"community_name":"Winnipeg","community_source":{"label":"Statistics Canada 2021 census subdivision boundaries (spatial lookup)","url":"https://geo.statcan.gc.ca/geo_wa/rest/services/2021/Cartographic_boundary_files/MapServer/9"},"community_display":"Winnipeg","is_unorganized":false,"panel_title":"Winnipeg","display_label":"Winnipeg","map_label":"46111147"},"geometry":{"type":"MultiPolygon","coordinates":[[[[-97.12560630777527,49.91819885191882],[-97.12531040275367,49.918090584919796],[-97.1243775993268,49.91819790873284],[-97.1245679939303,49.91806302938416],[-97.1251720540713,49.91763120506854],[-97.12586946628782,49.91700518112874],[-97.1258696819123,49.91700498853737],[-97.12615420637567,49.91670162989814],[-97.12638404570599,49.91645659930605],[-97.12647885789349,49.91615731432448],[-97.12652475408518,49.91601151600636],[-97.1268098702561,49.91519049539174],[-97.12688473404519,49.91496270797538],[-97.12690534507679,49.914902349035344],[-97.12691326724214,49.91487919004405],[-97.1269033453955,49.914830604260885],[-97.12698499629474,49.91442885084947],[-97.12692488301099,49.91390313899568],[-97.12681262602696,49.913525060041394],[-97.12653207926157,49.913058143811746],[-97.12648963390332,49.91272089373472],[-97.12638305850315,49.91241043190068],[-97.12608619558753,49.91200478327319],[-97.12577149385857,49.91163360936365],[-97.12494077490011,49.910882867735396],[-97.12442618006433,49.910579288779935],[-97.12227688728412,49.90943680325785],[-97.12193898312628,49.909232496648464],[-97.12264773307774,49.90865380245382],[-97.12291501179268,49.908583484979594],[-97.12309876500038,49.90869534547557],[-97.1232080716561,49.90875102864699],[-97.12325518240546,49.908792347878745],[-97.12369157686166,49.909033228758034],[-97.12393654692593,49.90918112636716],[-97.12414234507784,49.909260924451225],[-97.12423787943065,49.909311938011186],[-97.12433826934792,49.90941703197247],[-97.12440616764114,49.909463032182636],[-97.12481605585324,49.909667643660285],[-97.12501226962509,49.90981473411985],[-97.12512856568492,49.9098705330911],[-97.12516876218174,49.90991162685579],[-97.12530446945264,49.91000383813809],[-97.12540537401613,49.9100954287666],[-97.12548717271663,49.91014174503173],[-97.12553404887304,49.910187447171204],[-97.12564946883337,49.91026574263605],[-97.1258410661696,49.9103543416559],[-97.12590157962863,49.91040924568124],[-97.12595607975638,49.91044163347107],[-97.12603625365807,49.910528332720666],[-97.12608285598469,49.910583127694245],[-97.12612165663339,49.910660143709265],[-97.12615496695999,49.910701243730216],[-97.12622275007693,49.91074724928135],[-97.12637107625939,49.91087564074362],[-97.12649957030732,49.91097214257088],[-97.12655307852322,49.91103143031137],[-97.12659726201967,49.911149127160655],[-97.12662997063686,49.91120363115597],[-97.12680546454712,49.91134582808802],[-97.12681946920242,49.91134603544414],[-97.12683975587709,49.911359924970995],[-97.12703206628997,49.911610342938786],[-97.12705044344334,49.91167363200522],[-97.12710377131167,49.911737429726024],[-97.1271940826865,49.91192334472229],[-97.1273713704481,49.91220053474415],[-97.12749785499695,49.912530931754745],[-97.12748811502344,49.91261168450346],[-97.12800646347154,49.912628085403256],[-97.1284521034884,49.91271270142288],[-97.13007450101452,49.912540908675545],[-97.1305488927966,49.91252160377822],[-97.13232129682221,49.9124331952438],[-97.13230298973305,49.9125220121673],[-97.13217830786456,49.913127095502624],[-97.13213279449319,49.91334770205606],[-97.13196330430661,49.91412749780383],[-97.13181301784367,49.91477280415013],[-97.13178000399789,49.91490710376536],[-97.13161092012079,49.91567800905483],[-97.13139031513732,49.916340094621525],[-97.13092701941017,49.91715110036253],[-97.13080979412918,49.917302196851274],[-97.13066290018061,49.91749768874737],[-97.13033658475511,49.917922693569274],[-97.12988541462887,49.918510608270786],[-97.1291373860333,49.919479010007905],[-97.12575423801263,49.91825249489138],[-97.12560630777527,49.91819885191882]]]]}},{"type":"Feature","properties":{"DGUID":"2021S051246111178","DAUID":"46111178","LANDAREA":0.1378,"PRUID":"46","fed_num":"46010","da_code":"46111178","geo_name":"46111178","name_source":{"label":"Statistics Canada Census Profile 2021 DA WDS","url":"https://www12.statcan.gc.ca/wds-sdw/2021profile-profil2021-eng.cfm"},"population":711,"status":"ok","source":{"label":"Statistics Canada Census Profile 2021 DA WDS","url":"https://www12.statcan.gc.ca/wds-sdw/2021profile-profil2021-eng.cfm"},"community_name":"Winnipeg","community_source":{"label":"Statistics Canada 2021 census subdivision boundaries (spatial lookup)","url":"https://geo.statcan.gc.ca/geo_wa/rest/services/2021/Cartographic_boundary_files/MapServer/9"},"community_display":"Winnipeg","is_unorganized":false,"panel_title":"Winnipeg","display_label":"Winnipeg","map_label":"46111178"},"geometry":{"type":"MultiPolygon","coordinates":[[[[-97.13879631050027,49.88788199359285],[-97.13827988935272,49.88683028909976],[-97.13795309872727,49.8862763982375],[-97.13787381435533,49.886167195108115],[-97.13760408352826,49.88557819924262],[-97.13785205411655,49.885480451012285],[-97.13867851922647,49.88515471061514],[-97.13885537102408,49.88508632910843],[-97.13900972989674,49.88538404597305],[-97.13909548577881,49.88571539432249],[-97.13924220972773,49.88597829697624],[-97.13963704820004,49.88668582607471],[-97.139729942451,49.88685225543682],[-97.14013088606328,49.88757070807703],[-97.14020879143003,49.88771580409327],[-97.14154269242597,49.88742240602388],[-97.14279281150516,49.88713659322597],[-97.14366699932346,49.88866179846817],[-97.14236160303588,49.88893771106211],[-97.14104199020561,49.88922241236769],[-97.13966630375103,49.889515096975664],[-97.13843041292054,49.889792086341146],[-97.13715181558034,49.8900954033361],[-97.13577640436178,49.890379094041336],[-97.13557811662533,49.89040330821888],[-97.13529561672337,49.88990958790083],[-97.13500651321345,49.88940429953724],[-97.13475909361192,49.88895949253965],[-97.13496991722474,49.88890890009435],[-97.13633229728204,49.88859798736298],[-97.13762421716032,49.888313000329575],[-97.13885998612963,49.88803600110124],[-97.13879631050027,49.88788199359285]]]]}},{"type":"Feature","properties":{"DGUID":"2021S051246111179","DAUID":"46111179","LANDAREA":0.027,"PRUID":"46","fed_num":"46010","da_code":"46111179","geo_name":"46111179","name_source":{"label":"Statistics Canada Census Profile 2021 DA WDS","url":"https://www12.statcan.gc.ca/wds-sdw/2021profile-profil2021-eng.cfm"},"population":556,"status":"ok","source":{"label":"Statistics Canada Census Profile 2021 DA WDS","url":"https://www12.statcan.gc.ca/wds-sdw/2021profile-profil2021-eng.cfm"},"community_name":"Winnipeg","community_source":{"label":"Statistics Canada 2021 census subdivision boundaries (spatial lookup)","url":"https://geo.statcan.gc.ca/geo_wa/rest/services/2021/Cartographic_boundary_files/MapServer/9"},"community_display":"Winnipeg","is_unorganized":false,"panel_title":"Winnipeg","display_label":"Winnipeg","map_label":"46111179"},"geometry":{"type":"MultiPolygon","coordinates":[[[[-97.13638861046633,49.88605338966784],[-97.13760408352826,49.88557819924262],[-97.13787381435533,49.886167195108115],[-97.13795309872727,49.8862763982375],[-97.13827988935272,49.88683028909976],[-97.13879631050027,49.88788199359285],[-97.13885998612963,49.88803600110124],[-97.13762421716032,49.888313000329575],[-97.13754659198256,49.88815880961233],[-97.13745308563279,49.88798881570279],[-97.13703361259103,49.887226140135716],[-97.13694329485226,49.88706192378231],[-97.13686896572258,49.886926798229204],[-97.13678085049679,49.88676662763132],[-97.13647621285882,49.886212708249516],[-97.13638861046633,49.88605338966784]]]]}},{"type":"Feature","properties":{"DGUID":"2021S051246111180","DAUID":"46111180","LANDAREA":0.094,"PRUID":"46","fed_num":"46010","da_code":"46111180","geo_name":"46111180","name_source":{"label":"Statistics Canada Census Profile 2021 DA WDS","url":"https://www12.statcan.gc.ca/wds-sdw/2021profile-profil2021-eng.cfm"},"population":1465,"status":"ok","source":{"label":"Statistics Canada Census Profile 2021 DA WDS","url":"https://www12.statcan.gc.ca/wds-sdw/2021profile-profil2021-eng.cfm"},"community_name":"Winnipeg","community_source":{"label":"Statistics Canada 2021 census subdivision boundaries (spatial lookup)","url":"https://geo.statcan.gc.ca/geo_wa/rest/services/2021/Cartographic_boundary_files/MapServer/9"},"community_display":"Winnipeg","is_unorganized":false,"panel_title":"Winnipeg","display_label":"Winnipeg","map_label":"46111180"},"geometry":{"type":"MultiPolygon","coordinates":[[[[-97.13290236017882,49.88602768348854],[-97.13263328436162,49.885670729724595],[-97.13278349709725,49.885671598423976],[-97.13301810371232,49.88563489002018],[-97.13311687273121,49.885600473324764],[-97.13315590538024,49.88560145798924],[-97.13336720447909,49.88560673136104],[-97.13340213083444,49.88560503955648],[-97.13350354892478,49.885590937368626],[-97.13356696669067,49.88557173487144],[-97.13367932880261,49.885546545593165],[-97.13380586239174,49.88551482894828],[-97.13387254715587,49.885500183821236],[-97.13396695744846,49.88548824143932],[-97.13403661663365,49.88548709190475],[-97.13432772595921,49.88542878102774],[-97.13444321644504,49.885412681718705],[-97.13458722755486,49.8853789921595],[-97.13470329534015,49.88534713737001],[-97.1347418178114,49.885341036660094],[-97.13483691539713,49.88531108234149],[-97.13492431437953,49.8853012737095],[-97.13506857972637,49.88526084561404],[-97.13507926616073,49.88525429822858],[-97.1351884297458,49.88522229594121],[-97.13526615541937,49.88519203165668],[-97.13529820796316,49.885172338067406],[-97.13535787449013,49.88515977527351],[-97.1354318600816,49.885136228750696],[-97.13561141651324,49.88508294109763],[-97.13566065804721,49.88507023909082],[-97.13569212324762,49.88506622349442],[-97.13575157205887,49.88505819801343],[-97.13580451353796,49.88503878016947],[-97.13600085334998,49.885001479386105],[-97.13608531268838,49.884978146298735],[-97.13618709349424,49.88495504760559],[-97.13649786258796,49.88483859741222],[-97.13663165370654,49.88479797891512],[-97.1368122283776,49.88471993594667],[-97.13701325684181,49.88465124339209],[-97.1370489771095,49.884627085128784],[-97.13711997869906,49.88458999044368],[-97.13717324414058,49.884561580265526],[-97.1372438497728,49.88453573092378],[-97.13733666060982,49.884476491487604],[-97.13744676835388,49.884419789250096],[-97.13749974888437,49.88439819593179],[-97.13757406030219,49.88436568192177],[-97.13766955817164,49.88432672907837],[-97.13772272162564,49.88430282408322],[-97.13776847346284,49.88429007549826],[-97.1378189279406,49.88427218655124],[-97.13867851922647,49.88515471061514],[-97.13785205411655,49.885480451012285],[-97.13760408352826,49.88557819924262],[-97.13638861046633,49.88605338966784],[-97.13647621285882,49.886212708249516],[-97.13678085049679,49.88676662763132],[-97.13686896572258,49.886926798229204],[-97.13694329485226,49.88706192378231],[-97.13703361259103,49.887226140135716],[-97.13745308563279,49.88798881570279],[-97.13754659198256,49.88815880961233],[-97.13762421716032,49.888313000329575],[-97.13633229728204,49.88859798736298],[-97.13496991722474,49.88890890009435],[-97.13475909361192,49.88895949253965],[-97.1346540118146,49.88879591003787],[-97.13429009004223,49.88812440860787],[-97.13386001028672,49.88736190313164],[-97.1337037878241,49.887080596775824],[-97.13362589343109,49.88693539319396],[-97.1331204180874,49.88634079491085],[-97.13290236017882,49.88602768348854]]]]}},{"type":"Feature","properties":{"DGUID":"2021S051246111181","DAUID":"46111181","LANDAREA":0.0567,"PRUID":"46","fed_num":"46010","da_code":"46111181","geo_name":"46111181","name_source":{"label":"Statistics Canada Census Profile 2021 DA WDS","url":"https://www12.statcan.gc.ca/wds-sdw/2021profile-profil2021-eng.cfm"},"population":696,"status":"ok","source":{"label":"Statistics Canada Census Profile 2021 DA WDS","url":"https://www12.statcan.gc.ca/wds-sdw/2021profile-profil2021-eng.cfm"},"community_name":"Winnipeg","community_source":{"label":"Statistics Canada 2021 census subdivision boundaries (spatial lookup)","url":"https://geo.statcan.gc.ca/geo_wa/rest/services/2021/Cartographic_boundary_files/MapServer/9"},"community_display":"Winnipeg","is_unorganized":false,"panel_title":"Winnipeg","display_label":"Winnipeg","map_label":"46111181"},"geometry":{"type":"MultiPolygon","coordinates":[[[[-97.14271480538463,49.88699140107954],[-97.14122179752555,49.884179006454445],[-97.1409755071313,49.884272587108796],[-97.14006330089522,49.884619192877544],[-97.13885537102408,49.88508632910843],[-97.13867851922647,49.88515471061514],[-97.1378189279406,49.88427218655124],[-97.13792014156931,49.884236288775185],[-97.13796995764815,49.88420783051614],[-97.13798150021685,49.88420390065524],[-97.13811454446571,49.88415843217665],[-97.13820669421038,49.88411492571057],[-97.13830637526571,49.88405808382544],[-97.13833842546838,49.88403838932451],[-97.13841626010732,49.884005892437635],[-97.13848791496281,49.88395303745555],[-97.13851989453184,49.88393559669423],[-97.13861527699252,49.88389887323202],[-97.13865717209153,49.88389504678771],[-97.13870625800169,49.88388457568416],[-97.13880175698269,49.883845647492954],[-97.1389425683896,49.88380519195725],[-97.13900917811138,49.88379279722907],[-97.13909390838458,49.88376039512754],[-97.13928492892002,49.88368023491373],[-97.13936690294153,49.88362982528796],[-97.13945236811571,49.883579486784825],[-97.13947017364218,49.883568548061426],[-97.1395483742344,49.883527082278526],[-97.13962352475019,49.88347434910658],[-97.13964158114352,49.883456646856544],[-97.13970211095499,49.883419388304716],[-97.13973419313545,49.88339963988956],[-97.1398369170068,49.88335403823646],[-97.13987543024164,49.88334788419063],[-97.13991391032054,49.88334178363382],[-97.13997045569576,49.88332023027933],[-97.14011060260562,49.88329548114186],[-97.14013917244928,49.88327799015217],[-97.14024567497515,49.88322349547073],[-97.14029875600255,49.88319959344558],[-97.14033825499037,49.88316873963423],[-97.1403629657732,49.883160145482734],[-97.14044057362783,49.883132133252246],[-97.14062522759045,49.883036122470465],[-97.14068140468605,49.88302353677326],[-97.14085526921298,49.88293638082592],[-97.1409582421605,49.88288184212612],[-97.14103262429687,49.882849295723844],[-97.14110329488125,49.882821189984526],[-97.14119536814776,49.88277993470874],[-97.14133994606519,49.8827305318789],[-97.14142471206073,49.88269812575686],[-97.14186415616624,49.88258374687822],[-97.1419241476934,49.88256224000518],[-97.14206839984402,49.882521827724375],[-97.14220872634218,49.88249259165327],[-97.14236710411129,49.88244562701316],[-97.14245496568336,49.882424536476385],[-97.14250416216747,49.88241183330006],[-97.14260331788263,49.88237213583911],[-97.14295609250361,49.88255410734329],[-97.14338190541555,49.882797585140864],[-97.14348598230416,49.88285708851084],[-97.14376091755418,49.88331119916339],[-97.1424946911463,49.883659703144325],[-97.14198521184547,49.88437873131236],[-97.1430266836793,49.88627297021492],[-97.14271480538463,49.88699140107954]]]]}},{"type":"Feature","properties":{"DGUID":"2021S051246111182","DAUID":"46111182","LANDAREA":0.01,"PRUID":"46","fed_num":"46010","da_code":"46111182","geo_name":"46111182","name_source":{"label":"Statistics Canada Census Profile 2021 DA WDS","url":"https://www12.statcan.gc.ca/wds-sdw/2021profile-profil2021-eng.cfm"},"population":426,"status":"ok","source":{"label":"Statistics Canada Census Profile 2021 DA WDS","url":"https://www12.statcan.gc.ca/wds-sdw/2021profile-profil2021-eng.cfm"},"community_name":"Winnipeg","community_source":{"label":"Statistics Canada 2021 census subdivision boundaries (spatial lookup)","url":"https://geo.statcan.gc.ca/geo_wa/rest/services/2021/Cartographic_boundary_files/MapServer/9"},"community_display":"Winnipeg","is_unorganized":false,"panel_title":"Winnipeg","display_label":"Winnipeg","map_label":"46111182"},"geometry":{"type":"MultiPolygon","coordinates":[[[[-97.13885537102408,49.88508632910843],[-97.14006330089522,49.884619192877544],[-97.14040904550353,49.88527488533244],[-97.1405477993122,49.88553800705455],[-97.14019172661867,49.88561495431838],[-97.13949940522951,49.8857645995107],[-97.13924220972773,49.88597829697624],[-97.13909548577881,49.88571539432249],[-97.13900972989674,49.88538404597305],[-97.13885537102408,49.88508632910843]]]]}},{"type":"Feature","properties":{"DGUID":"2021S051246111183","DAUID":"46111183","LANDAREA":0.0322,"PRUID":"46","fed_num":"46010","da_code":"46111183","geo_name":"46111183","name_source":{"label":"Statistics Canada Census Profile 2021 DA WDS","url":"https://www12.statcan.gc.ca/wds-sdw/2021profile-profil2021-eng.cfm"},"population":774,"status":"ok","source":{"label":"Statistics Canada Census Profile 2021 DA WDS","url":"https://www12.statcan.gc.ca/wds-sdw/2021profile-profil2021-eng.cfm"},"community_name":"Winnipeg","community_source":{"label":"Statistics Canada 2021 census subdivision boundaries (spatial lookup)","url":"https://geo.statcan.gc.ca/geo_wa/rest/services/2021/Cartographic_boundary_files/MapServer/9"},"community_display":"Winnipeg","is_unorganized":false,"panel_title":"Winnipeg","display_label":"Winnipeg","map_label":"46111183"},"geometry":{"type":"MultiPolygon","coordinates":[[[[-97.1409755071313,49.884272587108796],[-97.14122179752555,49.884179006454445],[-97.14271480538463,49.88699140107954],[-97.14279281150516,49.88713659322597],[-97.14154269242597,49.88742240602388],[-97.1414648094427,49.88727720633686],[-97.14067517338864,49.885779550023656],[-97.14058495931737,49.88560845226864],[-97.1405477993122,49.88553800705455],[-97.14040904550353,49.88527488533244],[-97.14006330089522,49.884619192877544],[-97.1409755071313,49.884272587108796]]]]}},{"type":"Feature","properties":{"DGUID":"2021S051246111184","DAUID":"46111184","LANDAREA":0.0225,"PRUID":"46","fed_num":"46010","da_code":"46111184","geo_name":"46111184","name_source":{"label":"Statistics Canada Census Profile 2021 DA WDS","url":"https://www12.statcan.gc.ca/wds-sdw/2021profile-profil2021-eng.cfm"},"population":667,"status":"ok","source":{"label":"Statistics Canada Census Profile 2021 DA WDS","url":"https://www12.statcan.gc.ca/wds-sdw/2021profile-profil2021-eng.cfm"},"community_name":"Winnipeg","community_source":{"label":"Statistics Canada 2021 census subdivision boundaries (spatial lookup)","url":"https://geo.statcan.gc.ca/geo_wa/rest/services/2021/Cartographic_boundary_files/MapServer/9"},"community_display":"Winnipeg","is_unorganized":false,"panel_title":"Winnipeg","display_label":"Winnipeg","map_label":"46111184"},"geometry":{"type":"MultiPolygon","coordinates":[[[[-97.14019172661867,49.88561495431838],[-97.1405477993122,49.88553800705455],[-97.14058495931737,49.88560845226864],[-97.14067517338864,49.885779550023656],[-97.1414648094427,49.88727720633686],[-97.14154269242597,49.88742240602388],[-97.14020879143003,49.88771580409327],[-97.14013088606328,49.88757070807703],[-97.139729942451,49.88685225543682],[-97.13963704820004,49.88668582607471],[-97.13924220972773,49.88597829697624],[-97.13949940522951,49.8857645995107],[-97.14019172661867,49.88561495431838]]]]}},{"type":"Feature","properties":{"DGUID":"2021S051246111185","DAUID":"46111185","LANDAREA":0.038,"PRUID":"46","fed_num":"46010","da_code":"46111185","geo_name":"46111185","name_source":{"label":"Statistics Canada Census Profile 2021 DA WDS","url":"https://www12.statcan.gc.ca/wds-sdw/2021profile-profil2021-eng.cfm"},"population":611,"status":"ok","source":{"label":"Statistics Canada Census Profile 2021 DA WDS","url":"https://www12.statcan.gc.ca/wds-sdw/2021profile-profil2021-eng.cfm"},"community_name":"Winnipeg","community_source":{"label":"Statistics Canada 2021 census subdivision boundaries (spatial lookup)","url":"https://geo.statcan.gc.ca/geo_wa/rest/services/2021/Cartographic_boundary_files/MapServer/9"},"community_display":"Winnipeg","is_unorganized":false,"panel_title":"Winnipeg","display_label":"Winnipeg","map_label":"46111185"},"geometry":{"type":"MultiPolygon","coordinates":[[[[-97.1424946911463,49.883659703144325],[-97.14376091755418,49.88331119916339],[-97.14400730357846,49.88378290465948],[-97.14443510977117,49.884608306367475],[-97.1451252053225,49.88585169935218],[-97.14541139539601,49.88637801063981],[-97.14548931714499,49.886523101871056],[-97.14411311521991,49.88683390635991],[-97.14403470177449,49.88669771140523],[-97.1428699300256,49.884400027155266],[-97.14278302582218,49.88422857306675],[-97.1424946911463,49.883659703144325]]]]}},{"type":"Feature","properties":{"DGUID":"2021S051246111186","DAUID":"46111186","LANDAREA":0.2663,"PRUID":"46","fed_num":"46010","da_code":"46111186","geo_name":"46111186","name_source":{"label":"Statistics Canada Census Profile 2021 DA WDS","url":"https://www12.statcan.gc.ca/wds-sdw/2021profile-profil2021-eng.cfm"},"population":676,"status":"ok","source":{"label":"Statistics Canada Census Profile 2021 DA WDS","url":"https://www12.statcan.gc.ca/wds-sdw/2021profile-profil2021-eng.cfm"},"community_name":"Winnipeg","community_source":{"label":"Statistics Canada 2021 census subdivision boundaries (spatial lookup)","url":"https://geo.statcan.gc.ca/geo_wa/rest/services/2021/Cartographic_boundary_files/MapServer/9"},"community_display":"Winnipeg","is_unorganized":false,"panel_title":"Winnipeg","display_label":"Winnipeg","map_label":"46111186"},"geometry":{"type":"MultiPolygon","coordinates":[[[[-97.14366699932346,49.88866179846817],[-97.14279281150516,49.88713659322597],[-97.14271480538463,49.88699140107954],[-97.1430266836793,49.88627297021492],[-97.14198521184547,49.88437873131236],[-97.1424946911463,49.883659703144325],[-97.14278302582218,49.88422857306675],[-97.1428699300256,49.884400027155266],[-97.14403470177449,49.88669771140523],[-97.14411311521991,49.88683390635991],[-97.14548931714499,49.886523101871056],[-97.14541139539601,49.88637801063981],[-97.1451252053225,49.88585169935218],[-97.14443510977117,49.884608306367475],[-97.14400730357846,49.88378290465948],[-97.14376091755418,49.88331119916339],[-97.14348598230416,49.88285708851084],[-97.14338190541555,49.882797585140864],[-97.14295609250361,49.88255410734329],[-97.14260331788263,49.88237213583911],[-97.14260666713105,49.882370792118294],[-97.1426803195588,49.88235623195629],[-97.14272220940202,49.882352378118],[-97.14277115528105,49.882346438292615],[-97.14289062588357,49.88231687334949],[-97.14312916318335,49.88226673888581],[-97.14317116284955,49.88226062894049],[-97.14326174788862,49.88225759830755],[-97.14332817034882,49.88224968473822],[-97.14341519391138,49.88224883670158],[-97.14344687938114,49.88224033251624],[-97.14361173004546,49.88220698358471],[-97.14377291240915,49.88217809873583],[-97.14385324994363,49.8821703940088],[-97.14394125049347,49.8821447946034],[-97.14409200502966,49.882115745403986],[-97.1441341209125,49.88210743050321],[-97.14430322218477,49.882053938063855],[-97.14451650642671,49.88202809693593],[-97.14455520434012,49.882017482759494],[-97.14474080129054,49.88198674109937],[-97.14478610836753,49.881985185477646],[-97.14491225917237,49.88196244866272],[-97.14499651732608,49.88194354082182],[-97.14504190106177,49.881939782671246],[-97.14511497174034,49.88194092439101],[-97.14511629006944,49.88194090525971],[-97.14805776573235,49.88159306642696],[-97.1481346855841,49.881789104038084],[-97.14815759272652,49.8818961059112],[-97.14824100741333,49.882285503387315],[-97.14827650649168,49.882448001338],[-97.14834519984807,49.88283588952694],[-97.14845700866807,49.88318840734849],[-97.14870308542146,49.88366909466396],[-97.14942221370134,49.884885888982254],[-97.14966488829404,49.88545650441134],[-97.14971611676386,49.88557419143193],[-97.14984038606627,49.885962999708575],[-97.14991018663626,49.886323909981655],[-97.14993028844258,49.88689090513001],[-97.14985090368133,49.88751029732729],[-97.14888287867679,49.88770178810293],[-97.14865830695607,49.88775209032772],[-97.14772960962131,49.88800719779255],[-97.14704709124186,49.88796860536498],[-97.14635669623046,49.8880879878951],[-97.14499640602183,49.88838781046652],[-97.14366699932346,49.88866179846817]]]]}}]}