{"type":"FeatureCollection","features":[{"type":"Feature","properties":{"DGUID":"2021S051248061240","DAUID":"48061240","LANDAREA":1.1339,"PRUID":"48","fed_num":"48010","da_code":"48061240","geo_name":"48061240","name_source":{"label":"Statistics Canada Census Profile 2021 DA WDS","url":"https://www12.statcan.gc.ca/wds-sdw/2021profile-profil2021-eng.cfm"},"population":458,"status":"ok","source":{"label":"Statistics Canada Census Profile 2021 DA WDS","url":"https://www12.statcan.gc.ca/wds-sdw/2021profile-profil2021-eng.cfm"},"community_name":"Calgary","community_source":{"label":"Statistics Canada 2021 census subdivision boundaries (spatial lookup)","url":"https://geo.statcan.gc.ca/geo_wa/rest/services/2021/Cartographic_boundary_files/MapServer/9"},"community_display":"Calgary","is_unorganized":false,"panel_title":"Calgary","display_label":"Calgary","map_label":"48061240"},"geometry":{"type":"MultiPolygon","coordinates":[[[[-113.998038775179,50.93559673132471],[-113.99753728395663,50.93530594398566],[-113.99744777319823,50.93539912212959],[-113.99661447573679,50.93501194590263],[-113.99623318442286,50.93478291912314],[-113.9956800933403,50.934540023620805],[-113.99536730149978,50.934420924889494],[-113.99493951281978,50.93429983909771],[-113.99423699424025,50.93410092098875],[-113.99218509900957,50.9330887410127],[-113.99205340837776,50.93297221605222],[-113.99184482414358,50.93248243324411],[-113.99182899340688,50.93229602879844],[-113.99164560394419,50.931858114379345],[-113.99161039345141,50.931710624537054],[-113.99151602088966,50.931315016428925],[-113.99156758975454,50.930897717278434],[-113.99182662063384,50.93026001833239],[-113.99205399258891,50.92998850356244],[-113.9923172762068,50.92972889807021],[-113.99283429444777,50.92909791375095],[-113.9928178149807,50.92887897432303],[-113.99676482429014,50.92810042602266],[-113.99703785220414,50.92804546702274],[-113.99726518486386,50.927999715448195],[-113.99755204099712,50.92793888885583],[-114.0000013761019,50.927419273951415],[-114.0008940475542,50.927229870126475],[-114.00321539242503,50.924326443600435],[-114.0045400949813,50.923530128697465],[-114.00529709831255,50.92415224062824],[-114.00605718332845,50.92517012826051],[-114.00635649051668,50.925384750335226],[-114.0078780735102,50.92651223533125],[-114.0083757725294,50.92674084469591],[-114.00874236981277,50.92679524998198],[-114.00975507009223,50.926983056887806],[-114.01009995199895,50.92715384762647],[-114.01026126944375,50.92730194235474],[-114.01042926032649,50.92756704218705],[-114.01066795184978,50.928283769471975],[-114.01090605905124,50.92900954883264],[-114.01106905071862,50.92979625438604],[-114.01089462660833,50.930295576702434],[-114.01043534770943,50.931021360287204],[-114.01003050581664,50.93178456855596],[-114.00992252434253,50.93235747028708],[-114.00993331012188,50.93242477632216],[-114.00996491178985,50.932620374169595],[-114.00997801222142,50.932701870332714],[-114.00999383030539,50.93280007814305],[-114.00996982556535,50.93295237916997],[-114.01010303785257,50.93331557905004],[-114.010138713401,50.933424476964014],[-114.00934963165761,50.933521180121794],[-114.00888238348907,50.93348216570037],[-114.00836432258778,50.93349827559953],[-114.0075282006184,50.93351046620649],[-114.00723649596696,50.933619865297786],[-114.00712639814867,50.933591923463496],[-114.00662858971901,50.93359058677781],[-114.00631598453512,50.93381714662681],[-114.00602871468638,50.93402534898173],[-114.00138903273145,50.93736526300066],[-114.00098556433876,50.937306219129624],[-114.00046516641083,50.93728432000559],[-114.00000126545532,50.93701752302473],[-113.99981818523702,50.936756634302625],[-113.99952849168986,50.9366235251076],[-113.99888166426378,50.93634213906706],[-113.9986066707418,50.93617773279186],[-113.9983432735028,50.93582172970868],[-113.998038775179,50.93559673132471]]]]}},{"type":"Feature","properties":{"DGUID":"2021S051248061241","DAUID":"48061241","LANDAREA":0.9208,"PRUID":"48","fed_num":"48010","da_code":"48061241","geo_name":"48061241","name_source":{"label":"Statistics Canada Census Profile 2021 DA WDS","url":"https://www12.statcan.gc.ca/wds-sdw/2021profile-profil2021-eng.cfm"},"population":584,"status":"ok","source":{"label":"Statistics Canada Census Profile 2021 DA WDS","url":"https://www12.statcan.gc.ca/wds-sdw/2021profile-profil2021-eng.cfm"},"community_name":"Calgary","community_source":{"label":"Statistics Canada 2021 census subdivision boundaries (spatial lookup)","url":"https://geo.statcan.gc.ca/geo_wa/rest/services/2021/Cartographic_boundary_files/MapServer/9"},"community_display":"Calgary","is_unorganized":false,"panel_title":"Calgary","display_label":"Calgary","map_label":"48061241"},"geometry":{"type":"MultiPolygon","coordinates":[[[[-113.99043057973397,50.925331565238295],[-113.98942909854237,50.9244750738732],[-113.98912180273278,50.92412398175776],[-113.98898990527844,50.92397326086902],[-113.98872560917958,50.923522656975145],[-113.98873510793456,50.92314195023352],[-113.98924040794138,50.921963974565934],[-113.98924877914531,50.92187597308484],[-113.98927720275934,50.92157797648605],[-113.98924348450876,50.92138555784934],[-113.98931189377235,50.92087976687104],[-113.989467710201,50.92058427082344],[-113.98966560042481,50.920005862629104],[-113.98986462013781,50.919645167012256],[-113.99000670551438,50.919475461493995],[-113.9901141096628,50.919265173651745],[-113.99024779035643,50.919078163196986],[-113.99033941716374,50.919050864440386],[-113.99041521255829,50.919083454461386],[-113.99120700025982,50.9187399760211],[-113.99132911400844,50.91849836266372],[-113.99150070472862,50.91826607032218],[-113.9921039063022,50.91762785162995],[-113.99251131521719,50.91738755929307],[-113.99268500835124,50.91722116637477],[-113.99287215575256,50.91686450054815],[-113.99308910426403,50.91645106953883],[-113.99349021375168,50.91588997117927],[-113.99402382169255,50.91529365412641],[-113.99412215068817,50.91521523736178],[-113.99648269042962,50.917440051316696],[-113.99705790326803,50.91796880340268],[-113.9984177107289,50.918803711752815],[-113.9990125003809,50.91809582270619],[-113.99971960617142,50.918248522682234],[-113.99999941375893,50.918394205964816],[-114.00016811723464,50.91848841086013],[-114.00000020207086,50.91862813159737],[-113.99970620294376,50.9189235124068],[-113.99947701355599,50.919343219304494],[-113.99942738366317,50.919677323455616],[-113.99943020707039,50.92016291040697],[-113.99971650622693,50.92063231268404],[-113.99999689923152,50.920787028551864],[-114.00254258674896,50.92161682193928],[-114.00297950802215,50.92124122370351],[-114.00372890563516,50.92087372790857],[-114.00490000647325,50.921029729141445],[-114.00546960726024,50.92213274144027],[-114.00590070926225,50.92295334000056],[-114.0045400949813,50.923530128697465],[-114.00321539242503,50.924326443600435],[-114.0008940475542,50.927229870126475],[-114.0000013761019,50.927419273951415],[-113.99755204099712,50.92793888885583],[-113.99726518486386,50.927999715448195],[-113.99703785220414,50.92804546702274],[-113.99676482429014,50.92810042602266],[-113.9928178149807,50.92887897432303],[-113.99280688693584,50.928733900208606],[-113.99284050398548,50.928679892601956],[-113.99267930735758,50.92801038896267],[-113.99241801132385,50.92735078570072],[-113.99215778120885,50.92690889455397],[-113.99165541486771,50.92627727442531],[-113.99108250662015,50.925839385463306],[-113.99052960033546,50.925473369489104],[-113.99043057973397,50.925331565238295]]]]}},{"type":"Feature","properties":{"DGUID":"2021S051248061242","DAUID":"48061242","LANDAREA":0.0624,"PRUID":"48","fed_num":"48010","da_code":"48061242","geo_name":"48061242","name_source":{"label":"Statistics Canada Census Profile 2021 DA WDS","url":"https://www12.statcan.gc.ca/wds-sdw/2021profile-profil2021-eng.cfm"},"population":213,"status":"ok","source":{"label":"Statistics Canada Census Profile 2021 DA WDS","url":"https://www12.statcan.gc.ca/wds-sdw/2021profile-profil2021-eng.cfm"},"community_name":"Calgary","community_source":{"label":"Statistics Canada 2021 census subdivision boundaries (spatial lookup)","url":"https://geo.statcan.gc.ca/geo_wa/rest/services/2021/Cartographic_boundary_files/MapServer/9"},"community_display":"Calgary","is_unorganized":false,"panel_title":"Calgary","display_label":"Calgary","map_label":"48061242"},"geometry":{"type":"MultiPolygon","coordinates":[[[[-113.99942738366317,50.919677323455616],[-113.99947701355599,50.919343219304494],[-113.99970620294376,50.9189235124068],[-114.00000020207086,50.91862813159737],[-114.00016811723464,50.91848841086013],[-114.00034732104588,50.918358124344856],[-114.00093341743698,50.91809431375125],[-114.00139671228658,50.91797132315912],[-114.00202930744136,50.91787061349196],[-114.00326209046959,50.917731418459404],[-114.00346990999545,50.9184833231108],[-114.00350238729284,50.9188619150395],[-114.00341620661858,50.91931853588838],[-114.00320301371983,50.919978635703295],[-114.00295829116833,50.92024223294924],[-114.00261651656263,50.92046733440407],[-114.00223670343888,50.92061941421599],[-114.00064310868039,50.92017372904646],[-114.0006180914995,50.91967831551362],[-113.9999968106105,50.91968061556187],[-113.99942738366317,50.919677323455616]]]]}},{"type":"Feature","properties":{"DGUID":"2021S051248061243","DAUID":"48061243","LANDAREA":0.1252,"PRUID":"48","fed_num":"48010","da_code":"48061243","geo_name":"48061243","name_source":{"label":"Statistics Canada Census Profile 2021 DA WDS","url":"https://www12.statcan.gc.ca/wds-sdw/2021profile-profil2021-eng.cfm"},"population":429,"status":"ok","source":{"label":"Statistics Canada Census Profile 2021 DA WDS","url":"https://www12.statcan.gc.ca/wds-sdw/2021profile-profil2021-eng.cfm"},"community_name":"Calgary","community_source":{"label":"Statistics Canada 2021 census subdivision boundaries (spatial lookup)","url":"https://geo.statcan.gc.ca/geo_wa/rest/services/2021/Cartographic_boundary_files/MapServer/9"},"community_display":"Calgary","is_unorganized":false,"panel_title":"Calgary","display_label":"Calgary","map_label":"48061243"},"geometry":{"type":"MultiPolygon","coordinates":[[[[-114.00468489240363,50.91906321759992],[-114.00463038987876,50.91836022765728],[-114.00442321011175,50.91759931488926],[-114.00326209046959,50.917731418459404],[-114.00202930744136,50.91787061349196],[-114.00139671228658,50.91797132315912],[-114.00093341743698,50.91809431375125],[-114.0002530963574,50.917168314596594],[-114.00128479871282,50.916835005900545],[-114.00228820239671,50.916501019293314],[-114.00332050709571,50.91615871292012],[-114.00449830273799,50.91576621328594],[-114.00582631797589,50.91635803539575],[-114.0068871442076,50.91645723046828],[-114.00852141104411,50.91649013689948],[-114.00845771952106,50.91726204149903],[-114.00839510314569,50.91801603686633],[-114.00833011130692,50.91880593405798],[-114.00790332426868,50.918804036032064],[-114.00714081213538,50.91871243414375],[-114.00597660843226,50.91844871615496],[-114.00586570805339,50.91973221837084],[-114.0045673059699,50.919563913363284],[-114.00468489240363,50.91906321759992]]]]}},{"type":"Feature","properties":{"DGUID":"2021S051248061244","DAUID":"48061244","LANDAREA":0.3108,"PRUID":"48","fed_num":"48010","da_code":"48061244","geo_name":"48061244","name_source":{"label":"Statistics Canada Census Profile 2021 DA WDS","url":"https://www12.statcan.gc.ca/wds-sdw/2021profile-profil2021-eng.cfm"},"population":711,"status":"ok","source":{"label":"Statistics Canada Census Profile 2021 DA WDS","url":"https://www12.statcan.gc.ca/wds-sdw/2021profile-profil2021-eng.cfm"},"community_name":"Calgary","community_source":{"label":"Statistics Canada 2021 census subdivision boundaries (spatial lookup)","url":"https://geo.statcan.gc.ca/geo_wa/rest/services/2021/Cartographic_boundary_files/MapServer/9"},"community_display":"Calgary","is_unorganized":false,"panel_title":"Calgary","display_label":"Calgary","map_label":"48061244"},"geometry":{"type":"MultiPolygon","coordinates":[[[[-114.00490000647325,50.921029729141445],[-114.00372890563516,50.92087372790857],[-114.00297950802215,50.92124122370351],[-114.00254258674896,50.92161682193928],[-113.99999689923152,50.920787028551864],[-113.99971650622693,50.92063231268404],[-113.99943020707039,50.92016291040697],[-113.99942738366317,50.919677323455616],[-113.9999968106105,50.91968061556187],[-114.0006180914995,50.91967831551362],[-114.00064310868039,50.92017372904646],[-114.00223670343888,50.92061941421599],[-114.00261651656263,50.92046733440407],[-114.00295829116833,50.92024223294924],[-114.00320301371983,50.919978635703295],[-114.00341620661858,50.91931853588838],[-114.00350238729284,50.9188619150395],[-114.00346990999545,50.9184833231108],[-114.00326209046959,50.917731418459404],[-114.00442321011175,50.91759931488926],[-114.00463038987876,50.91836022765728],[-114.00468489240363,50.91906321759992],[-114.0045673059699,50.919563913363284],[-114.00586570805339,50.91973221837084],[-114.00597660843226,50.91844871615496],[-114.00714081213538,50.91871243414375],[-114.00790332426868,50.918804036032064],[-114.00833011130692,50.91880593405798],[-114.00839510314569,50.91801603686633],[-114.00971631527806,50.91804992773577],[-114.01032953544527,50.9180296286189],[-114.01103371212561,50.91792173645552],[-114.01226932784915,50.917737531895604],[-114.0124858189549,50.91835473533596],[-114.01273563255214,50.918675941006974],[-114.01300541130989,50.91890773841562],[-114.01377049698182,50.91940414269969],[-114.01411190158473,50.91962875147763],[-114.0146688995135,50.92026364447818],[-114.01476140621955,50.92037394206796],[-114.01413442661855,50.920609752252616],[-114.01339138952065,50.92087853985078],[-114.01156268977904,50.921434435404386],[-114.01034730649603,50.92174512918231],[-114.0087798021608,50.922442532135186],[-114.00857687153258,50.922500331041775],[-114.00841710086272,50.92255012862679],[-114.00755368001818,50.92269893769239],[-114.0069677008464,50.92273782942336],[-114.00590070926225,50.92295334000056],[-114.00546960726024,50.92213274144027],[-114.00490000647325,50.921029729141445]]]]}},{"type":"Feature","properties":{"DGUID":"2021S051248061245","DAUID":"48061245","LANDAREA":1.1235,"PRUID":"48","fed_num":"48010","da_code":"48061245","geo_name":"48061245","name_source":{"label":"Statistics Canada Census Profile 2021 DA WDS","url":"https://www12.statcan.gc.ca/wds-sdw/2021profile-profil2021-eng.cfm"},"population":312,"status":"ok","source":{"label":"Statistics Canada Census Profile 2021 DA WDS","url":"https://www12.statcan.gc.ca/wds-sdw/2021profile-profil2021-eng.cfm"},"community_name":"Calgary","community_source":{"label":"Statistics Canada 2021 census subdivision boundaries (spatial lookup)","url":"https://geo.statcan.gc.ca/geo_wa/rest/services/2021/Cartographic_boundary_files/MapServer/9"},"community_display":"Calgary","is_unorganized":false,"panel_title":"Calgary","display_label":"Calgary","map_label":"48061245"},"geometry":{"type":"MultiPolygon","coordinates":[[[[-114.01100705191159,50.916562836826394],[-114.00984202616665,50.9165329288421],[-114.00971631527806,50.91804992773577],[-114.00839510314569,50.91801603686633],[-114.00845771952106,50.91726204149903],[-114.00852141104411,50.91649013689948],[-114.0068871442076,50.91645723046828],[-114.00582631797589,50.91635803539575],[-114.00449830273799,50.91576621328594],[-114.00332050709571,50.91615871292012],[-114.00228820239671,50.916501019293314],[-114.00128479871282,50.916835005900545],[-114.0002530963574,50.917168314596594],[-114.00093341743698,50.91809431375125],[-114.00034732104588,50.918358124344856],[-114.00016811723464,50.91848841086013],[-113.99999941375893,50.918394205964816],[-113.99971960617142,50.918248522682234],[-113.9990125003809,50.91809582270619],[-113.9984177107289,50.918803711752815],[-113.99705790326803,50.91796880340268],[-113.99648269042962,50.917440051316696],[-113.99412215068817,50.91521523736178],[-113.99561013714195,50.9140283531768],[-113.99649221356731,50.91343996631104],[-113.9973827318599,50.91299195023862],[-113.99785643498981,50.91279557184421],[-113.99843103756699,50.91243744850365],[-113.99852152430805,50.91206936066966],[-113.99864043243302,50.91191366843458],[-113.99882635605735,50.9118034102175],[-113.99916353019293,50.91160347122682],[-113.99965815043072,50.91120405815341],[-114.00000133682572,50.9113504618441],[-114.00045715639565,50.911275863941476],[-114.00077915216988,50.91089104953847],[-114.00090863270472,50.91081857360103],[-114.00128863969222,50.910829752494536],[-114.00162134883486,50.91089766809481],[-114.001849725918,50.91084366777098],[-114.0038108374833,50.91071755716075],[-114.00496552806801,50.91059697629995],[-114.00556873378531,50.91057416365127],[-114.00568555215077,50.91059876090312],[-114.00600772615506,50.91082967337612],[-114.00629303654823,50.91083097140872],[-114.00670774701673,50.91075966375303],[-114.00702995483522,50.91074426881554],[-114.00721835517184,50.91079288775575],[-114.00738155329644,50.91078948272855],[-114.00749524001958,50.91077677338791],[-114.00763302513862,50.910721585129835],[-114.00785613474353,50.91056439213809],[-114.00795083067733,50.9104512682331],[-114.00815074020204,50.91030817336211],[-114.0085781440487,50.9102627779673],[-114.0088432188692,50.91006907299772],[-114.00933362253161,50.90978407684247],[-114.00965765590156,50.90946527397037],[-114.01038162777883,50.908983278583065],[-114.01082246952411,50.90856588421316],[-114.01123056876294,50.90805067755676],[-114.01137875603744,50.90770918143489],[-114.01136256200337,50.90715349165712],[-114.01121816505994,50.906764872067285],[-114.01112966640824,50.90658317613731],[-114.01110506778602,50.90601018600968],[-114.01099448226618,50.905813887223616],[-114.01080487391111,50.90554776224499],[-114.01080796484294,50.905461871761666],[-114.01090577363487,50.90538596879684],[-114.0110520563156,50.905347970787766],[-114.01134875903271,50.90515758691913],[-114.01134966994488,50.90500588936742],[-114.01123276889983,50.90485817144569],[-114.01124748979186,50.90470377272267],[-114.01141569443767,50.904434170789386],[-114.01157767660023,50.904336276183315],[-114.01205337575796,50.904328879706],[-114.01239127934203,50.90437668371641],[-114.0126376855158,50.90445186853092],[-114.01280606475109,50.90455167352418],[-114.01288727491377,50.90468738670446],[-114.0128119762364,50.90551656596196],[-114.01286055612738,50.905677679898005],[-114.01316398962935,50.90617738373033],[-114.01353048093362,50.906437471940144],[-114.01435908927205,50.9068159882464],[-114.01438677857811,50.90682677455975],[-114.01474755465316,50.90696757959735],[-114.01486169968604,50.9069945667052],[-114.01482186859242,50.90713673889438],[-114.01468927646773,50.9077249354471],[-114.0150096731238,50.910053837678035],[-114.0150297159986,50.9101650734547],[-114.01554492976646,50.91302693776066],[-114.01601376386618,50.91459513743422],[-114.01635303476044,50.915296449225025],[-114.01661073301344,50.915716843986466],[-114.0168989288087,50.91632683673474],[-114.01708346144467,50.91655644896402],[-114.01721513361016,50.91672175488181],[-114.01698324503982,50.916787738275055],[-114.0151724317886,50.91729014071255],[-114.01406581743979,50.91745975535934],[-114.01334744048476,50.91756724330838],[-114.01329132818906,50.917331934837655],[-114.01334992038073,50.91664083154562],[-114.01218551440633,50.916602030420364],[-114.01100705191159,50.916562836826394]]]]}},{"type":"Feature","properties":{"DGUID":"2021S051248061246","DAUID":"48061246","LANDAREA":0.137,"PRUID":"48","fed_num":"48010","da_code":"48061246","geo_name":"48061246","name_source":{"label":"Statistics Canada Census Profile 2021 DA WDS","url":"https://www12.statcan.gc.ca/wds-sdw/2021profile-profil2021-eng.cfm"},"population":420,"status":"ok","source":{"label":"Statistics Canada Census Profile 2021 DA WDS","url":"https://www12.statcan.gc.ca/wds-sdw/2021profile-profil2021-eng.cfm"},"community_name":"Calgary","community_source":{"label":"Statistics Canada 2021 census subdivision boundaries (spatial lookup)","url":"https://geo.statcan.gc.ca/geo_wa/rest/services/2021/Cartographic_boundary_files/MapServer/9"},"community_display":"Calgary","is_unorganized":false,"panel_title":"Calgary","display_label":"Calgary","map_label":"48061246"},"geometry":{"type":"MultiPolygon","coordinates":[[[[-114.0124858189549,50.91835473533596],[-114.01226932784915,50.917737531895604],[-114.01103371212561,50.91792173645552],[-114.01032953544527,50.9180296286189],[-114.00971631527806,50.91804992773577],[-114.00984202616665,50.9165329288421],[-114.01100705191159,50.916562836826394],[-114.01218551440633,50.916602030420364],[-114.01334992038073,50.91664083154562],[-114.01329132818906,50.917331934837655],[-114.01334744048476,50.91756724330838],[-114.01406581743979,50.91745975535934],[-114.0151724317886,50.91729014071255],[-114.01698324503982,50.916787738275055],[-114.01721513361016,50.91672175488181],[-114.01736053978753,50.91689634579733],[-114.01842013834694,50.91812874352185],[-114.01873864398927,50.918487752201074],[-114.01884545135651,50.91859845195225],[-114.01820421650132,50.91883385604857],[-114.0172395244875,50.919231944395094],[-114.01638452508,50.919695841502225],[-114.01557831648078,50.92006205064979],[-114.01492172447776,50.920315035522805],[-114.01476140621955,50.92037394206796],[-114.0146688995135,50.92026364447818],[-114.01411190158473,50.91962875147763],[-114.01377049698182,50.91940414269969],[-114.01300541130989,50.91890773841562],[-114.01273563255214,50.918675941006974],[-114.0124858189549,50.91835473533596]]]]}},{"type":"Feature","properties":{"DGUID":"2021S051248061247","DAUID":"48061247","LANDAREA":0.2631,"PRUID":"48","fed_num":"48010","da_code":"48061247","geo_name":"48061247","name_source":{"label":"Statistics Canada Census Profile 2021 DA WDS","url":"https://www12.statcan.gc.ca/wds-sdw/2021profile-profil2021-eng.cfm"},"population":983,"status":"ok","source":{"label":"Statistics Canada Census Profile 2021 DA WDS","url":"https://www12.statcan.gc.ca/wds-sdw/2021profile-profil2021-eng.cfm"},"community_name":"Calgary","community_source":{"label":"Statistics Canada 2021 census subdivision boundaries (spatial lookup)","url":"https://geo.statcan.gc.ca/geo_wa/rest/services/2021/Cartographic_boundary_files/MapServer/9"},"community_display":"Calgary","is_unorganized":false,"panel_title":"Calgary","display_label":"Calgary","map_label":"48061247"},"geometry":{"type":"MultiPolygon","coordinates":[[[[-114.0275066858489,50.92559276347359],[-114.02718058132541,50.92535056569796],[-114.02674060420871,50.9255552519647],[-114.02618679358149,50.92575695206185],[-114.02510558914813,50.92619717578602],[-114.02452110258862,50.926434164619835],[-114.02415640257483,50.92612795191423],[-114.02375687069504,50.925919852736286],[-114.0240519717837,50.92575655372095],[-114.025190105781,50.92531774852219],[-114.02613951953838,50.92493727090693],[-114.02385140912577,50.92265706031242],[-114.02285889712438,50.923045569786666],[-114.02177758213607,50.923485650362814],[-114.02083777729506,50.923938448026924],[-114.02007548979206,50.92339724508759],[-114.01974510740932,50.92366765915025],[-114.01960460231874,50.923861946297315],[-114.01925380010985,50.92400595594274],[-114.01900619571428,50.92364873885662],[-114.0189180756137,50.923691551092354],[-114.01862368432221,50.92362105769408],[-114.01833081275609,50.923082854900066],[-114.018761713132,50.92302183633665],[-114.01920231182174,50.92280824178583],[-114.0185058111257,50.9223496514887],[-114.0179054135584,50.92194753803785],[-114.01694881907042,50.92132944012209],[-114.01681110148995,50.921478863348185],[-114.01656381865044,50.92156243286906],[-114.0160234088886,50.92155766029299],[-114.01578123213442,50.92156045340421],[-114.01531352299504,50.921530438589016],[-114.01507318473912,50.92150633839755],[-114.01473501727052,50.921452652103746],[-114.01459718929904,50.92182695083271],[-114.01447722057999,50.921922851419176],[-114.01348128800049,50.922140257441775],[-114.01321310696412,50.92210633350769],[-114.01347001075668,50.92142934915873],[-114.01356501742653,50.92127883641516],[-114.01366792337022,50.92122743668333],[-114.01339138952065,50.92087853985078],[-114.01413442661855,50.920609752252616],[-114.01476140621955,50.92037394206796],[-114.01492172447776,50.920315035522805],[-114.01557831648078,50.92006205064979],[-114.01638452508,50.919695841502225],[-114.0172395244875,50.919231944395094],[-114.01820421650132,50.91883385604857],[-114.01884545135651,50.91859845195225],[-114.01904471821632,50.91881934735055],[-114.01915962035552,50.918938452924955],[-114.01963194323979,50.9194280547989],[-114.02081171325851,50.92033976053152],[-114.02343922406173,50.92198095279348],[-114.02551229559108,50.92339207094139],[-114.02768427929286,50.92503955946256],[-114.02879217937824,50.92596727329452],[-114.02975349931215,50.926963259539654],[-114.03007160973814,50.9273311793936],[-114.02963560982577,50.927472966388144],[-114.02893688978267,50.927716065514325],[-114.02819890277252,50.9270135727096],[-114.02702179038454,50.92583225311186],[-114.02746008566167,50.92565456151686],[-114.0275066858489,50.92559276347359]]]]}},{"type":"Feature","properties":{"DGUID":"2021S051248061248","DAUID":"48061248","LANDAREA":0.3655,"PRUID":"48","fed_num":"48010","da_code":"48061248","geo_name":"48061248","name_source":{"label":"Statistics Canada Census Profile 2021 DA WDS","url":"https://www12.statcan.gc.ca/wds-sdw/2021profile-profil2021-eng.cfm"},"population":1170,"status":"ok","source":{"label":"Statistics Canada Census Profile 2021 DA WDS","url":"https://www12.statcan.gc.ca/wds-sdw/2021profile-profil2021-eng.cfm"},"community_name":"Calgary","community_source":{"label":"Statistics Canada 2021 census subdivision boundaries (spatial lookup)","url":"https://geo.statcan.gc.ca/geo_wa/rest/services/2021/Cartographic_boundary_files/MapServer/9"},"community_display":"Calgary","is_unorganized":false,"panel_title":"Calgary","display_label":"Calgary","map_label":"48061248"},"geometry":{"type":"MultiPolygon","coordinates":[[[[-114.01755797919206,50.92448424275365],[-114.01723490444506,50.92419714394515],[-114.01656470383156,50.923550348542136],[-114.01621857557029,50.923397644142455],[-114.01569808136355,50.9233033540747],[-114.0153122100172,50.92332945505991],[-114.01448501373258,50.92357815061404],[-114.01413368754748,50.9237310363209],[-114.01365538408662,50.92408763603263],[-114.0133293724481,50.92451104685401],[-114.01322858478152,50.92475134724718],[-114.013227890256,50.924985139813195],[-114.01345717028477,50.92540484488349],[-114.01274878914899,50.925575548520904],[-114.0120781542799,50.925501615866814],[-114.01152800212185,50.92568410980788],[-114.01121938391533,50.92578563557287],[-114.01011958889889,50.92618284772794],[-114.00999415551904,50.92658444689714],[-114.00975507009223,50.926983056887806],[-114.00874236981277,50.92679524998198],[-114.0083757725294,50.92674084469591],[-114.0078780735102,50.92651223533125],[-114.00635649051668,50.925384750335226],[-114.00605718332845,50.92517012826051],[-114.00529709831255,50.92415224062824],[-114.0045400949813,50.923530128697465],[-114.00590070926225,50.92295334000056],[-114.0069677008464,50.92273782942336],[-114.00755368001818,50.92269893769239],[-114.00841710086272,50.92255012862679],[-114.00857687153258,50.922500331041775],[-114.0087798021608,50.922442532135186],[-114.01034730649603,50.92174512918231],[-114.01156268977904,50.921434435404386],[-114.01339138952065,50.92087853985078],[-114.01366792337022,50.92122743668333],[-114.01356501742653,50.92127883641516],[-114.01347001075668,50.92142934915873],[-114.01321310696412,50.92210633350769],[-114.01348128800049,50.922140257441775],[-114.01447722057999,50.921922851419176],[-114.01459718929904,50.92182695083271],[-114.01473501727052,50.921452652103746],[-114.01507318473912,50.92150633839755],[-114.01531352299504,50.921530438589016],[-114.01578123213442,50.92156045340421],[-114.0160234088886,50.92155766029299],[-114.01656381865044,50.92156243286906],[-114.01681110148995,50.921478863348185],[-114.01694881907042,50.92132944012209],[-114.0179054135584,50.92194753803785],[-114.0185058111257,50.9223496514887],[-114.01920231182174,50.92280824178583],[-114.018761713132,50.92302183633665],[-114.01833081275609,50.923082854900066],[-114.01862368432221,50.92362105769408],[-114.0189180756137,50.923691551092354],[-114.01900619571428,50.92364873885662],[-114.01925380010985,50.92400595594274],[-114.01960460231874,50.923861946297315],[-114.01974510740932,50.92366765915025],[-114.02007548979206,50.92339724508759],[-114.02083777729506,50.923938448026924],[-114.02109398859486,50.92416086746543],[-114.02131489591756,50.92449036666322],[-114.02136878023603,50.92476155948058],[-114.02131150241091,50.92543474784823],[-114.02043510043349,50.92534034341635],[-114.01920640424107,50.92519205392981],[-114.01827107253798,50.92490726049657],[-114.01755797919206,50.92448424275365]]]]}},{"type":"Feature","properties":{"DGUID":"2021S051248061249","DAUID":"48061249","LANDAREA":0.3271,"PRUID":"48","fed_num":"48010","da_code":"48061249","geo_name":"48061249","name_source":{"label":"Statistics Canada Census Profile 2021 DA WDS","url":"https://www12.statcan.gc.ca/wds-sdw/2021profile-profil2021-eng.cfm"},"population":682,"status":"ok","source":{"label":"Statistics Canada Census Profile 2021 DA WDS","url":"https://www12.statcan.gc.ca/wds-sdw/2021profile-profil2021-eng.cfm"},"community_name":"Calgary","community_source":{"label":"Statistics Canada 2021 census subdivision boundaries (spatial lookup)","url":"https://geo.statcan.gc.ca/geo_wa/rest/services/2021/Cartographic_boundary_files/MapServer/9"},"community_display":"Calgary","is_unorganized":false,"panel_title":"Calgary","display_label":"Calgary","map_label":"48061249"},"geometry":{"type":"MultiPolygon","coordinates":[[[[-114.022481260949,50.931851178210636],[-114.01975043813646,50.9318173790278],[-114.01899325807248,50.93186097905702],[-114.01746846725176,50.93210987587703],[-114.01740545067754,50.931982374160235],[-114.01725506030684,50.931663672015304],[-114.01695424827054,50.931026276837564],[-114.01661655889117,50.93029806516179],[-114.01624024578972,50.929505854685594],[-114.01591445659922,50.92881385551872],[-114.0156601779895,50.9283396433465],[-114.01501798859553,50.9274776554106],[-114.01438766454807,50.92665196741542],[-114.01376517910656,50.926815956918944],[-114.01272945892241,50.926987345058684],[-114.01264537526714,50.92630154807546],[-114.01334965182618,50.92619364438579],[-114.01392947789817,50.9260285462122],[-114.01345717028477,50.92540484488349],[-114.013227890256,50.924985139813195],[-114.01322858478152,50.92475134724718],[-114.0133293724481,50.92451104685401],[-114.01365538408662,50.92408763603263],[-114.01413368754748,50.9237310363209],[-114.01448501373258,50.92357815061404],[-114.0153122100172,50.92332945505991],[-114.01569808136355,50.9233033540747],[-114.01621857557029,50.923397644142455],[-114.01656470383156,50.923550348542136],[-114.01723490444506,50.92419714394515],[-114.01755797919206,50.92448424275365],[-114.01827107253798,50.92490726049657],[-114.01920640424107,50.92519205392981],[-114.01916520235451,50.92524704819906],[-114.0189418694963,50.925545145615],[-114.01886777513177,50.925813069714074],[-114.01890169673445,50.926173758307065],[-114.01899186465964,50.92631995536448],[-114.02097147677718,50.928304472683905],[-114.02115047369792,50.92839897315422],[-114.02227217471511,50.928886367453224],[-114.02190196127562,50.92911086555411],[-114.02067676881455,50.92957426163474],[-114.02077017220395,50.93011635040936],[-114.0206948394303,50.93151766581949],[-114.02180443416749,50.93152796326949],[-114.02185157168934,50.93079156938889],[-114.02310327133154,50.93080556148245],[-114.02308858061564,50.931479865250715],[-114.02308736385068,50.93172265683625],[-114.02307815867766,50.93186637477226],[-114.022481260949,50.931851178210636]]]]}},{"type":"Feature","properties":{"DGUID":"2021S051248061250","DAUID":"48061250","LANDAREA":0.2994,"PRUID":"48","fed_num":"48010","da_code":"48061250","geo_name":"48061250","name_source":{"label":"Statistics Canada Census Profile 2021 DA WDS","url":"https://www12.statcan.gc.ca/wds-sdw/2021profile-profil2021-eng.cfm"},"population":831,"status":"ok","source":{"label":"Statistics Canada Census Profile 2021 DA WDS","url":"https://www12.statcan.gc.ca/wds-sdw/2021profile-profil2021-eng.cfm"},"community_name":"Calgary","community_source":{"label":"Statistics Canada 2021 census subdivision boundaries (spatial lookup)","url":"https://geo.statcan.gc.ca/geo_wa/rest/services/2021/Cartographic_boundary_files/MapServer/9"},"community_display":"Calgary","is_unorganized":false,"panel_title":"Calgary","display_label":"Calgary","map_label":"48061250"},"geometry":{"type":"MultiPolygon","coordinates":[[[[-114.01066795184978,50.928283769471975],[-114.01042926032649,50.92756704218705],[-114.01026126944375,50.92730194235474],[-114.01009995199895,50.92715384762647],[-114.00975507009223,50.926983056887806],[-114.00999415551904,50.92658444689714],[-114.01011958889889,50.92618284772794],[-114.01121938391533,50.92578563557287],[-114.01152800212185,50.92568410980788],[-114.0120781542799,50.925501615866814],[-114.01274878914899,50.925575548520904],[-114.01345717028477,50.92540484488349],[-114.01392947789817,50.9260285462122],[-114.01334965182618,50.92619364438579],[-114.01264537526714,50.92630154807546],[-114.01272945892241,50.926987345058684],[-114.01376517910656,50.926815956918944],[-114.01438766454807,50.92665196741542],[-114.01501798859553,50.9274776554106],[-114.0156601779895,50.9283396433465],[-114.01591445659922,50.92881385551872],[-114.01624024578972,50.929505854685594],[-114.01661655889117,50.93029806516179],[-114.01695424827054,50.931026276837564],[-114.01725506030684,50.931663672015304],[-114.01740545067754,50.931982374160235],[-114.01746846725176,50.93210987587703],[-114.01680552725313,50.932236868437776],[-114.01582593200608,50.93241866599698],[-114.01334659176966,50.93288285087384],[-114.01071122185273,50.93337616946671],[-114.01028202210395,50.93341015751945],[-114.010138713401,50.933424476964014],[-114.01010303785257,50.93331557905004],[-114.00996982556535,50.93295237916997],[-114.00999383030539,50.93280007814305],[-114.00997801222142,50.932701870332714],[-114.00996491178985,50.932620374169595],[-114.00993331012188,50.93242477632216],[-114.00992252434253,50.93235747028708],[-114.01003050581664,50.93178456855596],[-114.01043534770943,50.931021360287204],[-114.01089462660833,50.930295576702434],[-114.01106905071862,50.92979625438604],[-114.01090605905124,50.92900954883264],[-114.01066795184978,50.928283769471975]]]]}},{"type":"Feature","properties":{"DGUID":"2021S051248061252","DAUID":"48061252","LANDAREA":0.0547,"PRUID":"48","fed_num":"48010","da_code":"48061252","geo_name":"48061252","name_source":{"label":"Statistics Canada Census Profile 2021 DA WDS","url":"https://www12.statcan.gc.ca/wds-sdw/2021profile-profil2021-eng.cfm"},"population":392,"status":"ok","source":{"label":"Statistics Canada Census Profile 2021 DA WDS","url":"https://www12.statcan.gc.ca/wds-sdw/2021profile-profil2021-eng.cfm"},"community_name":"Calgary","community_source":{"label":"Statistics Canada 2021 census subdivision boundaries (spatial lookup)","url":"https://geo.statcan.gc.ca/geo_wa/rest/services/2021/Cartographic_boundary_files/MapServer/9"},"community_display":"Calgary","is_unorganized":false,"panel_title":"Calgary","display_label":"Calgary","map_label":"48061252"},"geometry":{"type":"MultiPolygon","coordinates":[[[[-114.01463753876997,50.936526058647445],[-114.01473082070855,50.93573686517],[-114.01455293039842,50.93562437261726],[-114.01446803291465,50.935172458991104],[-114.01478992933366,50.93503676777348],[-114.01541924367547,50.934989881072354],[-114.01541883500813,50.934773968944484],[-114.01510344112894,50.933920381267484],[-114.01458683698365,50.93376327497879],[-114.01435441775136,50.93361337784951],[-114.01427661805508,50.93349446680608],[-114.01420531429795,50.93305187701165],[-114.01444424708761,50.932878062705846],[-114.01514985109377,50.93275217169209],[-114.01527424367657,50.93280937859235],[-114.01559423496008,50.933591161930806],[-114.01559413668068,50.933815967518754],[-114.01586702456501,50.93377796947498],[-114.01627913717913,50.93378857433121],[-114.01667072991309,50.93389746937718],[-114.0170805156785,50.93394396431821],[-114.01811223186759,50.934060265258964],[-114.0174255226636,50.935670866378025],[-114.01665134360832,50.935534078378],[-114.0161539220621,50.935521383956],[-114.01591622664785,50.93634288483825],[-114.01463753876997,50.936526058647445]]]]}},{"type":"Feature","properties":{"DGUID":"2021S051248061253","DAUID":"48061253","LANDAREA":0.2328,"PRUID":"48","fed_num":"48010","da_code":"48061253","geo_name":"48061253","name_source":{"label":"Statistics Canada Census Profile 2021 DA WDS","url":"https://www12.statcan.gc.ca/wds-sdw/2021profile-profil2021-eng.cfm"},"population":478,"status":"ok","source":{"label":"Statistics Canada Census Profile 2021 DA WDS","url":"https://www12.statcan.gc.ca/wds-sdw/2021profile-profil2021-eng.cfm"},"community_name":"Calgary","community_source":{"label":"Statistics Canada 2021 census subdivision boundaries (spatial lookup)","url":"https://geo.statcan.gc.ca/geo_wa/rest/services/2021/Cartographic_boundary_files/MapServer/9"},"community_display":"Calgary","is_unorganized":false,"panel_title":"Calgary","display_label":"Calgary","map_label":"48061253"},"geometry":{"type":"MultiPolygon","coordinates":[[[[-114.0225358484605,50.937456486185866],[-114.01990844301741,50.936912666656],[-114.01954354762442,50.93772188071051],[-114.01922063624625,50.93765066781575],[-114.01868223125531,50.937609985160634],[-114.01764912116873,50.93773646923558],[-114.01737294365759,50.93693776294162],[-114.0172345186731,50.93643056631162],[-114.01725643699268,50.93608927965308],[-114.0174255226636,50.935670866378025],[-114.01811223186759,50.934060265258964],[-114.01811314600062,50.933601567327685],[-114.01758142417329,50.93234666410171],[-114.01746846725176,50.93210987587703],[-114.01899325807248,50.93186097905702],[-114.01975043813646,50.9318173790278],[-114.022481260949,50.931851178210636],[-114.02307815867766,50.93186637477226],[-114.02306266066415,50.93210886663249],[-114.02299336660818,50.93297057802652],[-114.0230255503638,50.93335818172466],[-114.02343613347428,50.9340612636885],[-114.0222852644794,50.93447268167812],[-114.02285384336545,50.93515288839655],[-114.02331866581643,50.93567737903936],[-114.02348024381301,50.93626617235501],[-114.02342543763523,50.936678586045154],[-114.02316664167579,50.93694187845103],[-114.0225358484605,50.937456486185866]]]]}},{"type":"Feature","properties":{"DGUID":"2021S051248061256","DAUID":"48061256","LANDAREA":0.0626,"PRUID":"48","fed_num":"48010","da_code":"48061256","geo_name":"48061256","name_source":{"label":"Statistics Canada Census Profile 2021 DA WDS","url":"https://www12.statcan.gc.ca/wds-sdw/2021profile-profil2021-eng.cfm"},"population":207,"status":"ok","source":{"label":"Statistics Canada Census Profile 2021 DA WDS","url":"https://www12.statcan.gc.ca/wds-sdw/2021profile-profil2021-eng.cfm"},"community_name":"Calgary","community_source":{"label":"Statistics Canada 2021 census subdivision boundaries (spatial lookup)","url":"https://geo.statcan.gc.ca/geo_wa/rest/services/2021/Cartographic_boundary_files/MapServer/9"},"community_display":"Calgary","is_unorganized":false,"panel_title":"Calgary","display_label":"Calgary","map_label":"48061256"},"geometry":{"type":"MultiPolygon","coordinates":[[[[-114.0292131512288,50.93990238699712],[-114.02737204460674,50.939081970626084],[-114.0265148337492,50.93979769640386],[-114.02540695797555,50.93931068262967],[-114.026327942179,50.93848866970524],[-114.02694736686013,50.9379287832647],[-114.02767135218252,50.93729057069546],[-114.02830556633688,50.93672207420676],[-114.03132846415548,50.93776149110929],[-114.03072266785067,50.93855559021442],[-114.02869504248399,50.937757382040196],[-114.02801362488867,50.938396677705576],[-114.0300076547362,50.939274992398765],[-114.02959605134458,50.93960004813397],[-114.0292131512288,50.93990238699712]]]]}},{"type":"Feature","properties":{"DGUID":"2021S051248061257","DAUID":"48061257","LANDAREA":0.1502,"PRUID":"48","fed_num":"48010","da_code":"48061257","geo_name":"48061257","name_source":{"label":"Statistics Canada Census Profile 2021 DA WDS","url":"https://www12.statcan.gc.ca/wds-sdw/2021profile-profil2021-eng.cfm"},"population":454,"status":"ok","source":{"label":"Statistics Canada Census Profile 2021 DA WDS","url":"https://www12.statcan.gc.ca/wds-sdw/2021profile-profil2021-eng.cfm"},"community_name":"Calgary","community_source":{"label":"Statistics Canada 2021 census subdivision boundaries (spatial lookup)","url":"https://geo.statcan.gc.ca/geo_wa/rest/services/2021/Cartographic_boundary_files/MapServer/9"},"community_display":"Calgary","is_unorganized":false,"panel_title":"Calgary","display_label":"Calgary","map_label":"48061257"},"geometry":{"type":"MultiPolygon","coordinates":[[[[-114.02595323651785,50.93521387812683],[-114.02581074017444,50.934994375107415],[-114.02461727000755,50.935404671930016],[-114.02343613347428,50.9340612636885],[-114.0230255503638,50.93335818172466],[-114.02299336660818,50.93297057802652],[-114.02306266066415,50.93210886663249],[-114.02307815867766,50.93186637477226],[-114.02649056870584,50.93192637042882],[-114.02717435712476,50.93191686728924],[-114.02717256186168,50.93216868605982],[-114.02715926780095,50.932600059361576],[-114.02735575130104,50.93309077118475],[-114.02764604043546,50.93344897200392],[-114.0282721392127,50.93412157535822],[-114.0286385661916,50.93462568105085],[-114.0286601747425,50.93473418095187],[-114.02885137678906,50.93553058060708],[-114.02878684856569,50.936095686165814],[-114.02851825638865,50.93651158461107],[-114.02830556633688,50.93672207420676],[-114.02767135218252,50.93729057069546],[-114.02650845152411,50.936775183989035],[-114.02620043667204,50.93647049141626],[-114.02595323651785,50.93521387812683]]]]}},{"type":"Feature","properties":{"DGUID":"2021S051248061258","DAUID":"48061258","LANDAREA":0.2736,"PRUID":"48","fed_num":"48010","da_code":"48061258","geo_name":"48061258","name_source":{"label":"Statistics Canada Census Profile 2021 DA WDS","url":"https://www12.statcan.gc.ca/wds-sdw/2021profile-profil2021-eng.cfm"},"population":888,"status":"ok","source":{"label":"Statistics Canada Census Profile 2021 DA WDS","url":"https://www12.statcan.gc.ca/wds-sdw/2021profile-profil2021-eng.cfm"},"community_name":"Calgary","community_source":{"label":"Statistics Canada 2021 census subdivision boundaries (spatial lookup)","url":"https://geo.statcan.gc.ca/geo_wa/rest/services/2021/Cartographic_boundary_files/MapServer/9"},"community_display":"Calgary","is_unorganized":false,"panel_title":"Calgary","display_label":"Calgary","map_label":"48061258"},"geometry":{"type":"MultiPolygon","coordinates":[[[[-114.02755554157109,50.941560274857196],[-114.02838944884991,50.94076298280189],[-114.0265148337492,50.93979769640386],[-114.02737204460674,50.939081970626084],[-114.0292131512288,50.93990238699712],[-114.02959605134458,50.93960004813397],[-114.0300076547362,50.939274992398765],[-114.02801362488867,50.938396677705576],[-114.02869504248399,50.937757382040196],[-114.03072266785067,50.93855559021442],[-114.03132846415548,50.93776149110929],[-114.02830556633688,50.93672207420676],[-114.02851825638865,50.93651158461107],[-114.02878684856569,50.936095686165814],[-114.02885137678906,50.93553058060708],[-114.0286601747425,50.93473418095187],[-114.0286385661916,50.93462568105085],[-114.0282721392127,50.93412157535822],[-114.02764604043546,50.93344897200392],[-114.02735575130104,50.93309077118475],[-114.02715926780095,50.932600059361576],[-114.02717256186168,50.93216868605982],[-114.02717435712476,50.93191686728924],[-114.02867747571084,50.931784178697434],[-114.03126407544842,50.931400282278645],[-114.03225556922041,50.931254576996885],[-114.03258248974058,50.932378277707805],[-114.03291398155984,50.933879987163834],[-114.03298577321011,50.93476327848513],[-114.03295476382678,50.935473078999294],[-114.03282905797079,50.93622974573954],[-114.03281637421594,50.93630607963343],[-114.032254648061,50.93774908932877],[-114.03174834044698,50.93854567897738],[-114.03076253424034,50.93971697968498],[-114.03027904489774,50.940154499193],[-114.02923584801817,50.94110838671321],[-114.02914544290743,50.941186980880154],[-114.02864745810953,50.94095848835208],[-114.0285406408025,50.94084777310019],[-114.02828353498555,50.941084084650676],[-114.02786424930979,50.941631072134285],[-114.02755554157109,50.941560274857196]]]]}},{"type":"Feature","properties":{"DGUID":"2021S051248061259","DAUID":"48061259","LANDAREA":0.2376,"PRUID":"48","fed_num":"48010","da_code":"48061259","geo_name":"48061259","name_source":{"label":"Statistics Canada Census Profile 2021 DA WDS","url":"https://www12.statcan.gc.ca/wds-sdw/2021profile-profil2021-eng.cfm"},"population":459,"status":"ok","source":{"label":"Statistics Canada Census Profile 2021 DA WDS","url":"https://www12.statcan.gc.ca/wds-sdw/2021profile-profil2021-eng.cfm"},"community_name":"Calgary","community_source":{"label":"Statistics Canada 2021 census subdivision boundaries (spatial lookup)","url":"https://geo.statcan.gc.ca/geo_wa/rest/services/2021/Cartographic_boundary_files/MapServer/9"},"community_display":"Calgary","is_unorganized":false,"panel_title":"Calgary","display_label":"Calgary","map_label":"48061259"},"geometry":{"type":"MultiPolygon","coordinates":[[[[-114.03295476382678,50.935473078999294],[-114.03298577321011,50.93476327848513],[-114.03291398155984,50.933879987163834],[-114.03258248974058,50.932378277707805],[-114.03225556922041,50.931254576996885],[-114.03248517818714,50.931224481860724],[-114.03294508450276,50.93115518804011],[-114.03783000931162,50.93044277902963],[-114.03856269093751,50.9303354680644],[-114.03864790459842,50.93056247589836],[-114.03878830758659,50.930817978913566],[-114.03896480208957,50.93184789118626],[-114.03901358524469,50.93219987046542],[-114.03896456830735,50.932522490454346],[-114.03853750278866,50.933420192927564],[-114.0391974791913,50.933562791842824],[-114.04020640268133,50.93403819153865],[-114.03940009308161,50.93462937620453],[-114.0386543868397,50.93426868623214],[-114.03787956217585,50.93414108893645],[-114.03759527604119,50.93413377319421],[-114.03707847825292,50.93420167161264],[-114.03666799394652,50.934389084357136],[-114.03639565680083,50.93464307480782],[-114.03632909054829,50.93479428056783],[-114.03647855327846,50.93669607925778],[-114.03524088551865,50.93668259365766],[-114.03363146151862,50.936276919110625],[-114.03305114623703,50.936242798673895],[-114.03282905797079,50.93622974573954],[-114.03295476382678,50.935473078999294]]]]}},{"type":"Feature","properties":{"DGUID":"2021S051248061260","DAUID":"48061260","LANDAREA":0.1673,"PRUID":"48","fed_num":"48010","da_code":"48061260","geo_name":"48061260","name_source":{"label":"Statistics Canada Census Profile 2021 DA WDS","url":"https://www12.statcan.gc.ca/wds-sdw/2021profile-profil2021-eng.cfm"},"population":589,"status":"ok","source":{"label":"Statistics Canada Census Profile 2021 DA WDS","url":"https://www12.statcan.gc.ca/wds-sdw/2021profile-profil2021-eng.cfm"},"community_name":"Calgary","community_source":{"label":"Statistics Canada 2021 census subdivision boundaries (spatial lookup)","url":"https://geo.statcan.gc.ca/geo_wa/rest/services/2021/Cartographic_boundary_files/MapServer/9"},"community_display":"Calgary","is_unorganized":false,"panel_title":"Calgary","display_label":"Calgary","map_label":"48061260"},"geometry":{"type":"MultiPolygon","coordinates":[[[[-114.03530544455431,50.937457787379756],[-114.03524088551865,50.93668259365766],[-114.03647855327846,50.93669607925778],[-114.03632909054829,50.93479428056783],[-114.03639565680083,50.93464307480782],[-114.03666799394652,50.934389084357136],[-114.03707847825292,50.93420167161264],[-114.03759527604119,50.93413377319421],[-114.03787956217585,50.93414108893645],[-114.0386543868397,50.93426868623214],[-114.03940009308161,50.93462937620453],[-114.03911697069823,50.934829080081585],[-114.03900315409109,50.935051080260635],[-114.03882765438159,50.93669268664751],[-114.03938136963494,50.93671579449103],[-114.0399981813708,50.936866388724525],[-114.04115389226625,50.93749829300597],[-114.04087128513692,50.93768907602828],[-114.0406875932441,50.93789129531654],[-114.04004266152536,50.938855394852226],[-114.03922415994664,50.940084903202525],[-114.03788875883433,50.93981720242515],[-114.03649523388242,50.93979078472932],[-114.03603245735404,50.93968009120584],[-114.03570386116563,50.939473780102375],[-114.03548967309592,50.93903658981079],[-114.03538365300417,50.93824239900184],[-114.03530544455431,50.937457787379756]]]]}},{"type":"Feature","properties":{"DGUID":"2021S051248061261","DAUID":"48061261","LANDAREA":0.072,"PRUID":"48","fed_num":"48010","da_code":"48061261","geo_name":"48061261","name_source":{"label":"Statistics Canada Census Profile 2021 DA WDS","url":"https://www12.statcan.gc.ca/wds-sdw/2021profile-profil2021-eng.cfm"},"population":263,"status":"ok","source":{"label":"Statistics Canada Census Profile 2021 DA WDS","url":"https://www12.statcan.gc.ca/wds-sdw/2021profile-profil2021-eng.cfm"},"community_name":"Calgary","community_source":{"label":"Statistics Canada 2021 census subdivision boundaries (spatial lookup)","url":"https://geo.statcan.gc.ca/geo_wa/rest/services/2021/Cartographic_boundary_files/MapServer/9"},"community_display":"Calgary","is_unorganized":false,"panel_title":"Calgary","display_label":"Calgary","map_label":"48061261"},"geometry":{"type":"MultiPolygon","coordinates":[[[[-114.04033284900545,50.94033788557384],[-114.03922415994664,50.940084903202525],[-114.04004266152536,50.938855394852226],[-114.0406875932441,50.93789129531654],[-114.04087128513692,50.93768907602828],[-114.04115389226625,50.93749829300597],[-114.04310657318979,50.938582288012434],[-114.04362957703144,50.93886538214104],[-114.04388139197701,50.93915960016046],[-114.04392399186058,50.93938559275695],[-114.0437891744474,50.939715001041115],[-114.04333489362395,50.9401442013137],[-114.04294198299309,50.94050299451432],[-114.04271956893064,50.94086619558877],[-114.04161037647869,50.94062218270207],[-114.04033284900545,50.94033788557384]]]]}},{"type":"Feature","properties":{"DGUID":"2021S051248061262","DAUID":"48061262","LANDAREA":0.2327,"PRUID":"48","fed_num":"48010","da_code":"48061262","geo_name":"48061262","name_source":{"label":"Statistics Canada Census Profile 2021 DA WDS","url":"https://www12.statcan.gc.ca/wds-sdw/2021profile-profil2021-eng.cfm"},"population":415,"status":"ok","source":{"label":"Statistics Canada Census Profile 2021 DA WDS","url":"https://www12.statcan.gc.ca/wds-sdw/2021profile-profil2021-eng.cfm"},"community_name":"Calgary","community_source":{"label":"Statistics Canada 2021 census subdivision boundaries (spatial lookup)","url":"https://geo.statcan.gc.ca/geo_wa/rest/services/2021/Cartographic_boundary_files/MapServer/9"},"community_display":"Calgary","is_unorganized":false,"panel_title":"Calgary","display_label":"Calgary","map_label":"48061262"},"geometry":{"type":"MultiPolygon","coordinates":[[[[-114.03940009308161,50.93462937620453],[-114.04020640268133,50.93403819153865],[-114.04158198023141,50.934792677329774],[-114.0424618758098,50.935282677584844],[-114.04405700101152,50.93616869592968],[-114.04497789226274,50.93668667522474],[-114.04573570228864,50.937083699564475],[-114.04658558569999,50.93737507928445],[-114.0470784794957,50.93745948484568],[-114.0480716955671,50.93751159660282],[-114.04803648815195,50.9380683919322],[-114.04785107178586,50.93874740821834],[-114.04750308328352,50.93929629843274],[-114.04716757883487,50.93964759977785],[-114.04614126666249,50.94056608988763],[-114.0451426747306,50.941494295058035],[-114.04451039101156,50.942035997670104],[-114.04399077976677,50.94169899788866],[-114.04355476254578,50.94116619295448],[-114.04319656044323,50.94097720659195],[-114.04271956893064,50.94086619558877],[-114.04294198299309,50.94050299451432],[-114.04333489362395,50.9401442013137],[-114.0437891744474,50.939715001041115],[-114.04392399186058,50.93938559275695],[-114.04388139197701,50.93915960016046],[-114.04362957703144,50.93886538214104],[-114.04310657318979,50.938582288012434],[-114.04115389226625,50.93749829300597],[-114.0399981813708,50.936866388724525],[-114.03938136963494,50.93671579449103],[-114.03882765438159,50.93669268664751],[-114.03900315409109,50.935051080260635],[-114.03911697069823,50.934829080081585],[-114.03940009308161,50.93462937620453]]]]}},{"type":"Feature","properties":{"DGUID":"2021S051248061263","DAUID":"48061263","LANDAREA":0.221,"PRUID":"48","fed_num":"48010","da_code":"48061263","geo_name":"48061263","name_source":{"label":"Statistics Canada Census Profile 2021 DA WDS","url":"https://www12.statcan.gc.ca/wds-sdw/2021profile-profil2021-eng.cfm"},"population":432,"status":"ok","source":{"label":"Statistics Canada Census Profile 2021 DA WDS","url":"https://www12.statcan.gc.ca/wds-sdw/2021profile-profil2021-eng.cfm"},"community_name":"Calgary","community_source":{"label":"Statistics Canada 2021 census subdivision boundaries (spatial lookup)","url":"https://geo.statcan.gc.ca/geo_wa/rest/services/2021/Cartographic_boundary_files/MapServer/9"},"community_display":"Calgary","is_unorganized":false,"panel_title":"Calgary","display_label":"Calgary","map_label":"48061263"},"geometry":{"type":"MultiPolygon","coordinates":[[[[-114.03574204223384,50.94446708567353],[-114.03579573796864,50.94362289081604],[-114.03583523732947,50.94277840666895],[-114.03915125307527,50.94279960931843],[-114.0409206608568,50.94318629195659],[-114.04137056673193,50.942379201396896],[-114.03944837816202,50.94193459461805],[-114.03630233256159,50.941926685407246],[-114.03621997364246,50.94187959908247],[-114.0361979663267,50.94110549037598],[-114.03622155374111,50.940287588713794],[-114.03649523388242,50.93979078472932],[-114.03788875883433,50.93981720242515],[-114.03922415994664,50.940084903202525],[-114.04033284900545,50.94033788557384],[-114.04161037647869,50.94062218270207],[-114.04271956893064,50.94086619558877],[-114.04319656044323,50.94097720659195],[-114.04355476254578,50.94116619295448],[-114.04399077976677,50.94169899788866],[-114.04451039101156,50.942035997670104],[-114.04323027751109,50.943136906050064],[-114.04285837497636,50.94361320546489],[-114.0426336764478,50.94401229623195],[-114.04241056764909,50.94505910438434],[-114.03997234831562,50.94488929020516],[-114.0387147702314,50.944515594167044],[-114.03863173588839,50.944477496932045],[-114.03574204223384,50.94446708567353]]]]}},{"type":"Feature","properties":{"DGUID":"2021S051248061264","DAUID":"48061264","LANDAREA":0.2031,"PRUID":"48","fed_num":"48010","da_code":"48061264","geo_name":"48061264","name_source":{"label":"Statistics Canada Census Profile 2021 DA WDS","url":"https://www12.statcan.gc.ca/wds-sdw/2021profile-profil2021-eng.cfm"},"population":326,"status":"ok","source":{"label":"Statistics Canada Census Profile 2021 DA WDS","url":"https://www12.statcan.gc.ca/wds-sdw/2021profile-profil2021-eng.cfm"},"community_name":"Calgary","community_source":{"label":"Statistics Canada 2021 census subdivision boundaries (spatial lookup)","url":"https://geo.statcan.gc.ca/geo_wa/rest/services/2021/Cartographic_boundary_files/MapServer/9"},"community_display":"Calgary","is_unorganized":false,"panel_title":"Calgary","display_label":"Calgary","map_label":"48061264"},"geometry":{"type":"MultiPolygon","coordinates":[[[[-114.03241296626624,50.93995689448876],[-114.03277854686979,50.93980428629521],[-114.03319535906694,50.93974289508132],[-114.03304843583733,50.93892059013908],[-114.03291395378878,50.938125594138135],[-114.03346877089845,50.936790496864106],[-114.03363146151862,50.936276919110625],[-114.03524088551865,50.93668259365766],[-114.03530544455431,50.937457787379756],[-114.03538365300417,50.93824239900184],[-114.03548967309592,50.93903658981079],[-114.03570386116563,50.939473780102375],[-114.03603245735404,50.93968009120584],[-114.03649523388242,50.93979078472932],[-114.03622155374111,50.940287588713794],[-114.0361979663267,50.94110549037598],[-114.03621997364246,50.94187959908247],[-114.03630233256159,50.941926685407246],[-114.03944837816202,50.94193459461805],[-114.04137056673193,50.942379201396896],[-114.0409206608568,50.94318629195659],[-114.03915125307527,50.94279960931843],[-114.03583523732947,50.94277840666895],[-114.03505745496044,50.94269559785335],[-114.03445425834892,50.942554377973714],[-114.03377195988259,50.94253699116203],[-114.03141222009924,50.94270188645758],[-114.03130372978896,50.942393301509526],[-114.03095594051112,50.94204268917907],[-114.03026692913153,50.94168329370548],[-114.03161385998811,50.94065617970515],[-114.03225025310755,50.94005167837099],[-114.03241296626624,50.93995689448876]]]]}},{"type":"Feature","properties":{"DGUID":"2021S051248061265","DAUID":"48061265","LANDAREA":0.1453,"PRUID":"48","fed_num":"48010","da_code":"48061265","geo_name":"48061265","name_source":{"label":"Statistics Canada Census Profile 2021 DA WDS","url":"https://www12.statcan.gc.ca/wds-sdw/2021profile-profil2021-eng.cfm"},"population":430,"status":"ok","source":{"label":"Statistics Canada Census Profile 2021 DA WDS","url":"https://www12.statcan.gc.ca/wds-sdw/2021profile-profil2021-eng.cfm"},"community_name":"Calgary","community_source":{"label":"Statistics Canada 2021 census subdivision boundaries (spatial lookup)","url":"https://geo.statcan.gc.ca/geo_wa/rest/services/2021/Cartographic_boundary_files/MapServer/9"},"community_display":"Calgary","is_unorganized":false,"panel_title":"Calgary","display_label":"Calgary","map_label":"48061265"},"geometry":{"type":"MultiPolygon","coordinates":[[[[-114.02826672473414,50.94625588480987],[-114.02796895983028,50.94601439571444],[-114.0276729515928,50.94552108465716],[-114.02762763573301,50.945115194818605],[-114.02770914623659,50.944730480957844],[-114.02810804812094,50.94405698785926],[-114.02901102950558,50.94284769703241],[-114.0295536315627,50.94237579101398],[-114.03049436202917,50.943029399146276],[-114.03106534289981,50.942782987832906],[-114.03141222009924,50.94270188645758],[-114.03377195988259,50.94253699116203],[-114.03392294818663,50.94329648521384],[-114.0340999639595,50.94431739643125],[-114.03406174518435,50.94446938583655],[-114.03377514642239,50.9447228891429],[-114.03292433158339,50.94511508793543],[-114.03269675268918,50.94533420651396],[-114.03241453364723,50.94574078434485],[-114.03202833636755,50.94599179264008],[-114.03156483737455,50.94611490277354],[-114.0309251190592,50.94609869106345],[-114.02977326252794,50.94585350238691],[-114.02942544806477,50.94661818175768],[-114.02864024568723,50.946427289656015],[-114.02826672473414,50.94625588480987]]]]}},{"type":"Feature","properties":{"DGUID":"2021S051248061266","DAUID":"48061266","LANDAREA":0.36,"PRUID":"48","fed_num":"48010","da_code":"48061266","geo_name":"48061266","name_source":{"label":"Statistics Canada Census Profile 2021 DA WDS","url":"https://www12.statcan.gc.ca/wds-sdw/2021profile-profil2021-eng.cfm"},"population":538,"status":"ok","source":{"label":"Statistics Canada Census Profile 2021 DA WDS","url":"https://www12.statcan.gc.ca/wds-sdw/2021profile-profil2021-eng.cfm"},"community_name":"Calgary","community_source":{"label":"Statistics Canada 2021 census subdivision boundaries (spatial lookup)","url":"https://geo.statcan.gc.ca/geo_wa/rest/services/2021/Cartographic_boundary_files/MapServer/9"},"community_display":"Calgary","is_unorganized":false,"panel_title":"Calgary","display_label":"Calgary","map_label":"48061266"},"geometry":{"type":"MultiPolygon","coordinates":[[[[-114.03955243394302,50.94835970661522],[-114.03558281527168,50.948352076023156],[-114.03416675747154,50.94812971802857],[-114.0329369237911,50.947936597017396],[-114.03075490035855,50.94760942503323],[-114.0289830338275,50.947262233785345],[-114.02773689523903,50.946829748981315],[-114.02630466593983,50.946446613246756],[-114.02604865280844,50.94664240097898],[-114.02613111755467,50.946030491632996],[-114.02617655318454,50.94509618685312],[-114.02636745561057,50.94433649651004],[-114.02655132007659,50.94390939500816],[-114.02707144878487,50.943122095127386],[-114.0273922508165,50.942779478371925],[-114.02914544290743,50.941186980880154],[-114.02923584801817,50.94110838671321],[-114.03027904489774,50.940154499193],[-114.03076253424034,50.93971697968498],[-114.03174834044698,50.93854567897738],[-114.032254648061,50.93774908932877],[-114.03281637421594,50.93630607963343],[-114.03282905797079,50.93622974573954],[-114.03305114623703,50.936242798673895],[-114.03363146151862,50.936276919110625],[-114.03346877089845,50.936790496864106],[-114.03291395378878,50.938125594138135],[-114.03304843583733,50.93892059013908],[-114.03319535906694,50.93974289508132],[-114.03277854686979,50.93980428629521],[-114.03241296626624,50.93995689448876],[-114.03225025310755,50.94005167837099],[-114.03161385998811,50.94065617970515],[-114.03026692913153,50.94168329370548],[-114.03095594051112,50.94204268917907],[-114.03130372978896,50.942393301509526],[-114.03141222009924,50.94270188645758],[-114.03106534289981,50.942782987832906],[-114.03049436202917,50.943029399146276],[-114.0295536315627,50.94237579101398],[-114.02901102950558,50.94284769703241],[-114.02810804812094,50.94405698785926],[-114.02770914623659,50.944730480957844],[-114.02762763573301,50.945115194818605],[-114.0276729515928,50.94552108465716],[-114.02796895983028,50.94601439571444],[-114.02826672473414,50.94625588480987],[-114.02864024568723,50.946427289656015],[-114.02942544806477,50.94661818175768],[-114.02977326252794,50.94585350238691],[-114.0309251190592,50.94609869106345],[-114.03156483737455,50.94611490277354],[-114.03202833636755,50.94599179264008],[-114.03241453364723,50.94574078434485],[-114.03269675268918,50.94533420651396],[-114.03292433158339,50.94511508793543],[-114.03377514642239,50.9447228891429],[-114.03406174518435,50.94446938583655],[-114.0340999639595,50.94431739643125],[-114.03392294818663,50.94329648521384],[-114.03377195988259,50.94253699116203],[-114.03445425834892,50.942554377973714],[-114.03505745496044,50.94269559785335],[-114.03583523732947,50.94277840666895],[-114.03579573796864,50.94362289081604],[-114.03574204223384,50.94446708567353],[-114.03571615020041,50.94532099942401],[-114.03621745559013,50.94617019717309],[-114.03669192548725,50.94699179159489],[-114.03718134825363,50.94780481133552],[-114.03910225913847,50.947826594891396],[-114.04111354568057,50.94754480436039],[-114.04145084062016,50.94739139775377],[-114.0416009497878,50.94726930097528],[-114.04175915292615,50.947021496702135],[-114.04200384921396,50.94585829679526],[-114.04069946897108,50.94577129182921],[-114.0398487573014,50.94571369810924],[-114.03997234831562,50.94488929020516],[-114.04241056764909,50.94505910438434],[-114.04196195308919,50.94763829191162],[-114.04188166227569,50.94811009793271],[-114.04187011499421,50.948218599056126],[-114.04186265864695,50.9482887033805],[-114.0418521621435,50.94835920302729],[-114.03955243394302,50.94835970661522]]]]}},{"type":"Feature","properties":{"DGUID":"2021S051248061267","DAUID":"48061267","LANDAREA":0.1194,"PRUID":"48","fed_num":"48010","da_code":"48061267","geo_name":"48061267","name_source":{"label":"Statistics Canada Census Profile 2021 DA WDS","url":"https://www12.statcan.gc.ca/wds-sdw/2021profile-profil2021-eng.cfm"},"population":317,"status":"ok","source":{"label":"Statistics Canada Census Profile 2021 DA WDS","url":"https://www12.statcan.gc.ca/wds-sdw/2021profile-profil2021-eng.cfm"},"community_name":"Calgary","community_source":{"label":"Statistics Canada 2021 census subdivision boundaries (spatial lookup)","url":"https://geo.statcan.gc.ca/geo_wa/rest/services/2021/Cartographic_boundary_files/MapServer/9"},"community_display":"Calgary","is_unorganized":false,"panel_title":"Calgary","display_label":"Calgary","map_label":"48061267"},"geometry":{"type":"MultiPolygon","coordinates":[[[[-114.03571615020041,50.94532099942401],[-114.03574204223384,50.94446708567353],[-114.03863173588839,50.944477496932045],[-114.0387147702314,50.944515594167044],[-114.03997234831562,50.94488929020516],[-114.0398487573014,50.94571369810924],[-114.04069946897108,50.94577129182921],[-114.04200384921396,50.94585829679526],[-114.04175915292615,50.947021496702135],[-114.0416009497878,50.94726930097528],[-114.04145084062016,50.94739139775377],[-114.04111354568057,50.94754480436039],[-114.03910225913847,50.947826594891396],[-114.03718134825363,50.94780481133552],[-114.03669192548725,50.94699179159489],[-114.03621745559013,50.94617019717309],[-114.03571615020041,50.94532099942401]]]]}},{"type":"Feature","properties":{"DGUID":"2021S051248061268","DAUID":"48061268","LANDAREA":0.2795,"PRUID":"48","fed_num":"48010","da_code":"48061268","geo_name":"48061268","name_source":{"label":"Statistics Canada Census Profile 2021 DA WDS","url":"https://www12.statcan.gc.ca/wds-sdw/2021profile-profil2021-eng.cfm"},"population":711,"status":"ok","source":{"label":"Statistics Canada Census Profile 2021 DA WDS","url":"https://www12.statcan.gc.ca/wds-sdw/2021profile-profil2021-eng.cfm"},"community_name":"Calgary","community_source":{"label":"Statistics Canada 2021 census subdivision boundaries (spatial lookup)","url":"https://geo.statcan.gc.ca/geo_wa/rest/services/2021/Cartographic_boundary_files/MapServer/9"},"community_display":"Calgary","is_unorganized":false,"panel_title":"Calgary","display_label":"Calgary","map_label":"48061268"},"geometry":{"type":"MultiPolygon","coordinates":[[[[-114.0229644388287,50.94790169174471],[-114.02242012319665,50.94706028394382],[-114.02201952398558,50.94664528342339],[-114.02194801228754,50.94642758579435],[-114.02201024421787,50.94612328990819],[-114.02181232272066,50.94610028111542],[-114.02125571662165,50.94589718911727],[-114.02028273791689,50.94530569348441],[-114.01938124718093,50.944706879788285],[-114.01853842564586,50.94408269336684],[-114.01769392562889,50.94348547456918],[-114.01678803223078,50.942958582790595],[-114.01600613861089,50.94227298356479],[-114.01522081494467,50.94164117090353],[-114.01503391454396,50.941447470201055],[-114.0148429323723,50.94065106259495],[-114.01466641684182,50.94029576789726],[-114.01566393323634,50.94029325819551],[-114.01582697456418,50.94029284630974],[-114.01658871314777,50.94029088415154],[-114.01732841951328,50.94096647035057],[-114.01805573526063,50.941614686113795],[-114.01965451845297,50.94088198498908],[-114.01987193710595,50.940599665406694],[-114.02002581836025,50.93997396838842],[-114.0212487110023,50.93999617137745],[-114.02127044769034,50.94077038656274],[-114.02085331441185,50.941281386165954],[-114.01975342329922,50.94178409130021],[-114.01877061393563,50.94223567924088],[-114.0193490317069,50.942763181926495],[-114.02155302254089,50.944366597426225],[-114.02202422809543,50.94456747886082],[-114.02263370945779,50.94461007866912],[-114.0231547446741,50.94447948183813],[-114.02343741985315,50.94428878643145],[-114.02426822828008,50.943095579199294],[-114.02482415270086,50.94241718046316],[-114.0258384352514,50.94147159617858],[-114.02662902490555,50.940906977356846],[-114.02565033245047,50.94040539265706],[-114.02473683850677,50.93999528635653],[-114.0245794511188,50.93978436628495],[-114.02507823358259,50.93955417086254],[-114.02540695797555,50.93931068262967],[-114.0265148337492,50.93979769640386],[-114.02838944884991,50.94076298280189],[-114.02755554157109,50.941560274857196],[-114.02786424930979,50.941631072134285],[-114.02761503912727,50.94196659196364],[-114.0271474240687,50.94237749228524],[-114.02647672712538,50.94307099389199],[-114.02597025518793,50.94386759314085],[-114.02563674139583,50.94440778913975],[-114.02537954414989,50.944644080741384],[-114.024753854428,50.945077883320266],[-114.02419901629786,50.94573838955891],[-114.02481925593037,50.9460600890445],[-114.02489883530052,50.9461519904158],[-114.02471494241705,50.947469587633215],[-114.02393693315287,50.947611696192354],[-114.0229644388287,50.94790169174471]]]]}},{"type":"Feature","properties":{"DGUID":"2021S051248061269","DAUID":"48061269","LANDAREA":0.1344,"PRUID":"48","fed_num":"48010","da_code":"48061269","geo_name":"48061269","name_source":{"label":"Statistics Canada Census Profile 2021 DA WDS","url":"https://www12.statcan.gc.ca/wds-sdw/2021profile-profil2021-eng.cfm"},"population":408,"status":"ok","source":{"label":"Statistics Canada Census Profile 2021 DA WDS","url":"https://www12.statcan.gc.ca/wds-sdw/2021profile-profil2021-eng.cfm"},"community_name":"Calgary","community_source":{"label":"Statistics Canada 2021 census subdivision boundaries (spatial lookup)","url":"https://geo.statcan.gc.ca/geo_wa/rest/services/2021/Cartographic_boundary_files/MapServer/9"},"community_display":"Calgary","is_unorganized":false,"panel_title":"Calgary","display_label":"Calgary","map_label":"48061269"},"geometry":{"type":"MultiPolygon","coordinates":[[[[-114.0193490317069,50.942763181926495],[-114.01877061393563,50.94223567924088],[-114.01975342329922,50.94178409130021],[-114.02085331441185,50.941281386165954],[-114.02127044769034,50.94077038656274],[-114.02330705640223,50.94075938184589],[-114.0239051548266,50.94075657944382],[-114.02431503262525,50.94080307041029],[-114.02485565870477,50.94103269112374],[-114.02565033245047,50.94040539265706],[-114.02662902490555,50.940906977356846],[-114.0258384352514,50.94147159617858],[-114.02482415270086,50.94241718046316],[-114.02426822828008,50.943095579199294],[-114.02343741985315,50.94428878643145],[-114.0231547446741,50.94447948183813],[-114.02263370945779,50.94461007866912],[-114.02202422809543,50.94456747886082],[-114.02155302254089,50.944366597426225],[-114.0193490317069,50.942763181926495]]]]}},{"type":"Feature","properties":{"DGUID":"2021S051248061271","DAUID":"48061271","LANDAREA":0.1006,"PRUID":"48","fed_num":"48010","da_code":"48061271","geo_name":"48061271","name_source":{"label":"Statistics Canada Census Profile 2021 DA WDS","url":"https://www12.statcan.gc.ca/wds-sdw/2021profile-profil2021-eng.cfm"},"population":290,"status":"ok","source":{"label":"Statistics Canada Census Profile 2021 DA WDS","url":"https://www12.statcan.gc.ca/wds-sdw/2021profile-profil2021-eng.cfm"},"community_name":"Calgary","community_source":{"label":"Statistics Canada 2021 census subdivision boundaries (spatial lookup)","url":"https://geo.statcan.gc.ca/geo_wa/rest/services/2021/Cartographic_boundary_files/MapServer/9"},"community_display":"Calgary","is_unorganized":false,"panel_title":"Calgary","display_label":"Calgary","map_label":"48061271"},"geometry":{"type":"MultiPolygon","coordinates":[[[[-114.01452974488569,50.93843026051992],[-114.01418491403341,50.93736897142993],[-114.01610895692228,50.93711237956824],[-114.01737294365759,50.93693776294162],[-114.01764912116873,50.93773646923558],[-114.0179260410316,50.938526065939605],[-114.01824173904102,50.93915476438492],[-114.01866054485596,50.93950736669934],[-114.01921232007642,50.93978227351039],[-114.02002581836025,50.93997396838842],[-114.01987193710595,50.940599665406694],[-114.01965451845297,50.94088198498908],[-114.01805573526063,50.941614686113795],[-114.01732841951328,50.94096647035057],[-114.01658871314777,50.94029088415154],[-114.01583362559766,50.939632972027354],[-114.01499892159147,50.938882978815016],[-114.01452974488569,50.93843026051992]]]]}},{"type":"Feature","properties":{"DGUID":"2021S051248061272","DAUID":"48061272","LANDAREA":2.1399,"PRUID":"48","fed_num":"48010","da_code":"48061272","geo_name":"48061272","name_source":{"label":"Statistics Canada Census Profile 2021 DA WDS","url":"https://www12.statcan.gc.ca/wds-sdw/2021profile-profil2021-eng.cfm"},"population":653,"status":"ok","source":{"label":"Statistics Canada Census Profile 2021 DA WDS","url":"https://www12.statcan.gc.ca/wds-sdw/2021profile-profil2021-eng.cfm"},"community_name":"Calgary","community_source":{"label":"Statistics Canada 2021 census subdivision boundaries (spatial lookup)","url":"https://geo.statcan.gc.ca/geo_wa/rest/services/2021/Cartographic_boundary_files/MapServer/9"},"community_display":"Calgary","is_unorganized":false,"panel_title":"Calgary","display_label":"Calgary","map_label":"48061272"},"geometry":{"type":"MultiPolygon","coordinates":[[[[-114.02657870917986,50.969413294280976],[-114.02590142080797,50.96882520950102],[-114.02555400973226,50.9682675150088],[-114.02534590067917,50.9678722036386],[-114.0250310116543,50.967042906860215],[-114.02504660524959,50.96685981076357],[-114.0249484257102,50.96668948633118],[-114.02485002107305,50.96627279027939],[-114.02484142072028,50.96531378531728],[-114.02483822370773,50.96495820525525],[-114.02475473075457,50.96475649831445],[-114.02461430589686,50.96449959663154],[-114.02438641558986,50.9642786889693],[-114.0241362000348,50.96391998647235],[-114.024100302446,50.96378489133289],[-114.02392920408572,50.96349608408853],[-114.02387322579555,50.96328908724722],[-114.02394213113392,50.96263139480881],[-114.02394080818404,50.962290581195404],[-114.02400271891112,50.96207958326731],[-114.02393201992568,50.96190389716169],[-114.02394222292023,50.96161768351474],[-114.02403701849305,50.961504492105924],[-114.02422241362044,50.96139259310393],[-114.0244226377314,50.96137248595208],[-114.0245923286121,50.961320577299546],[-114.0247292402023,50.961170672601256],[-114.02475121686919,50.96106218242481],[-114.02455471482376,50.96059839739749],[-114.02467652255139,50.96030015391583],[-114.02471871126623,50.960196880468544],[-114.0246807202729,50.96011906980732],[-114.02448664766793,50.95996738912239],[-114.02438852266859,50.959796977062915],[-114.02431332162685,50.959489485006046],[-114.02435093847923,50.959074767508596],[-114.02428653475864,50.95897367883503],[-114.02424633575771,50.95882988625714],[-114.02396575297855,50.9585623745205],[-114.02390441774021,50.958375379954724],[-114.02394621313938,50.95796936625753],[-114.02401772971238,50.95774697498966],[-114.02391613040975,50.957293080157456],[-114.02392222834257,50.95712135997448],[-114.02397384379108,50.957073359802465],[-114.02349183500579,50.95660828043481],[-114.02345584105088,50.95647315740021],[-114.02334384974374,50.95618236552565],[-114.02301032264245,50.955622056068925],[-114.02242483507071,50.95500657031923],[-114.02199450701713,50.95446078912046],[-114.02144052073464,50.95375816591493],[-114.02118935013723,50.95330495944203],[-114.02104585606833,50.9530108591041],[-114.02091940735154,50.95255488986567],[-114.0213340311322,50.95260550735807],[-114.02163043500985,50.952641684467096],[-114.02175172303846,50.952657896407466],[-114.02195673041449,50.952685369843934],[-114.02201893831032,50.952693694868714],[-114.02237132313635,50.952744109027854],[-114.02274464564654,50.95280380957608],[-114.02313363217894,50.952874914169335],[-114.02347004208376,50.952944895794104],[-114.02381623354941,50.95302840159358],[-114.02416522148026,50.953123208626586],[-114.02448803566303,50.95322000098965],[-114.0246104407234,50.953260804299816],[-114.02478264355446,50.95331819940448],[-114.02501617428094,50.953401099501065],[-114.02501398692637,50.953347359623834],[-114.02501191637045,50.95329700542611],[-114.02500782927861,50.95294769798738],[-114.02504913831402,50.952586490917824],[-114.02516015235224,50.95231560232947],[-114.02523163968266,50.95215131135366],[-114.02535433170769,50.9518883109447],[-114.02540854017661,50.95180369058362],[-114.02547742061267,50.95170389825506],[-114.02585354235913,50.95126761350363],[-114.02668942334408,50.950443408192676],[-114.02669687472209,50.950438258626775],[-114.02682325047576,50.950350729123905],[-114.02682083018864,50.95034371645287],[-114.02674504894615,50.9501097093055],[-114.02668735718436,50.94993140772375],[-114.02665725252899,50.949826694389905],[-114.02660934284062,50.949660403987394],[-114.026677228731,50.9496329950688],[-114.02690463445914,50.949542594749296],[-114.02724833458991,50.949426088777614],[-114.02897742684989,50.94892080301738],[-114.02913134449334,50.94884890996699],[-114.03045762989755,50.948491694066334],[-114.0308118296057,50.94840490623629],[-114.03115432599844,50.94833238873534],[-114.03150726184965,50.948270903953905],[-114.0319471588828,50.948198899537765],[-114.03241402530126,50.948159699808706],[-114.03280103259567,50.948134202880645],[-114.0331705386039,50.94813008671587],[-114.0332120935344,50.94813318118244],[-114.03338621579894,50.94814619447227],[-114.03352158129368,50.9483542806657],[-114.03380044204145,50.9483485930773],[-114.03558281527168,50.948352076023156],[-114.03955243394302,50.94835970661522],[-114.0418521621435,50.94835920302729],[-114.04175796028188,50.948951309951816],[-114.0415755295991,50.950417604921114],[-114.04161576207711,50.95057369358598],[-114.04142383738478,50.95169360387598],[-114.04106206451702,50.954227116289175],[-114.04089673214511,50.95515341552482],[-114.03955242821623,50.955079012150115],[-114.03964745378345,50.9542690154264],[-114.0390501267061,50.95421612135156],[-114.03864783461228,50.95407560269005],[-114.03777044656786,50.95354062364958],[-114.03722964106178,50.95331102084807],[-114.03673434284953,50.95326252240215],[-114.03532562718232,50.95324472390233],[-114.03505032395587,50.953318615326],[-114.03489671899383,50.953494613775234],[-114.03469863436258,50.9539214124451],[-114.03473553173734,50.95401221421276],[-114.0358860364903,50.95405951280957],[-114.0357817197639,50.954803421743456],[-114.03455784017261,50.95479032244624],[-114.03425735065177,50.95682451446641],[-114.03483753393708,50.95822452506176],[-114.03542944031352,50.958770326539835],[-114.03641245356023,50.95831852618852],[-114.03709823241935,50.958956611760925],[-114.03607481854857,50.95937131472598],[-114.03851993973348,50.96168223743903],[-114.03959962046869,50.96127782904128],[-114.04028264372484,50.96196083937684],[-114.04062674091881,50.96237433045971],[-114.03952134587878,50.96273304307417],[-114.03980003452016,50.96305492537608],[-114.04036923419793,50.96373503375466],[-114.04060695176521,50.96402894496989],[-114.04169802079652,50.96366974245924],[-114.04237142255963,50.9645053582011],[-114.04244933004838,50.96462435039662],[-114.04029493370018,50.965326392037035],[-114.0394529347811,50.96560074612587],[-114.03871102963113,50.96584273493438],[-114.03858012988705,50.965884444819054],[-114.03753272686077,50.96622663987741],[-114.03571250618289,50.96680155156649],[-114.03446722003017,50.96717765849208],[-114.03411463300326,50.967290342170024],[-114.03355893347701,50.967467870688644],[-114.03349048888703,50.96748973850003],[-114.03339239174097,50.96752105134529],[-114.03302740688592,50.967637647732225],[-114.03253809903373,50.967793992631506],[-114.03167499781102,50.9680697430913],[-114.0307262153354,50.968356358414816],[-114.03009360978648,50.96852805415965],[-114.02985070342325,50.96852305812156],[-114.02664850972063,50.96978112979499],[-114.02664651516405,50.9696749135699],[-114.02657870917986,50.969413294280976]]]]}},{"type":"Feature","properties":{"DGUID":"2021S051248061273","DAUID":"48061273","LANDAREA":0.1312,"PRUID":"48","fed_num":"48010","da_code":"48061273","geo_name":"48061273","name_source":{"label":"Statistics Canada Census Profile 2021 DA WDS","url":"https://www12.statcan.gc.ca/wds-sdw/2021profile-profil2021-eng.cfm"},"population":337,"status":"ok","source":{"label":"Statistics Canada Census Profile 2021 DA WDS","url":"https://www12.statcan.gc.ca/wds-sdw/2021profile-profil2021-eng.cfm"},"community_name":"Calgary","community_source":{"label":"Statistics Canada 2021 census subdivision boundaries (spatial lookup)","url":"https://geo.statcan.gc.ca/geo_wa/rest/services/2021/Cartographic_boundary_files/MapServer/9"},"community_display":"Calgary","is_unorganized":false,"panel_title":"Calgary","display_label":"Calgary","map_label":"48061273"},"geometry":{"type":"MultiPolygon","coordinates":[[[[-114.03425735065177,50.95682451446641],[-114.03455784017261,50.95479032244624],[-114.0357817197639,50.954803421743456],[-114.0358860364903,50.95405951280957],[-114.03473553173734,50.95401221421276],[-114.03469863436258,50.9539214124451],[-114.03489671899383,50.953494613775234],[-114.03505032395587,50.953318615326],[-114.03532562718232,50.95324472390233],[-114.03673434284953,50.95326252240215],[-114.03722964106178,50.95331102084807],[-114.03777044656786,50.95354062364958],[-114.03864783461228,50.95407560269005],[-114.0390501267061,50.95421612135156],[-114.03964745378345,50.9542690154264],[-114.03955242821623,50.955079012150115],[-114.03870042117423,50.95503941118647],[-114.0383359261255,50.95494922059788],[-114.0380225278544,50.95696512942646],[-114.0373057178712,50.9572618142348],[-114.03595934760247,50.95783032210125],[-114.03641245356023,50.95831852618852],[-114.03542944031352,50.958770326539835],[-114.03483753393708,50.95822452506176],[-114.03425735065177,50.95682451446641]]]]}},{"type":"Feature","properties":{"DGUID":"2021S051248061274","DAUID":"48061274","LANDAREA":0.1197,"PRUID":"48","fed_num":"48010","da_code":"48061274","geo_name":"48061274","name_source":{"label":"Statistics Canada Census Profile 2021 DA WDS","url":"https://www12.statcan.gc.ca/wds-sdw/2021profile-profil2021-eng.cfm"},"population":345,"status":"ok","source":{"label":"Statistics Canada Census Profile 2021 DA WDS","url":"https://www12.statcan.gc.ca/wds-sdw/2021profile-profil2021-eng.cfm"},"community_name":"Calgary","community_source":{"label":"Statistics Canada 2021 census subdivision boundaries (spatial lookup)","url":"https://geo.statcan.gc.ca/geo_wa/rest/services/2021/Cartographic_boundary_files/MapServer/9"},"community_display":"Calgary","is_unorganized":false,"panel_title":"Calgary","display_label":"Calgary","map_label":"48061274"},"geometry":{"type":"MultiPolygon","coordinates":[[[[-114.0380225278544,50.95696512942646],[-114.0383359261255,50.95494922059788],[-114.03870042117423,50.95503941118647],[-114.03955242821623,50.955079012150115],[-114.04089673214511,50.95515341552482],[-114.04081663467092,50.95599431482313],[-114.0408016254438,50.95658523062006],[-114.04095564916726,50.95697661208984],[-114.04166524459752,50.95768723473363],[-114.0420542352477,50.95806593588514],[-114.04094214288247,50.9585324372929],[-114.03902405111191,50.95935632524765],[-114.03799944099231,50.959789022073686],[-114.03709823241935,50.958956611760925],[-114.03641245356023,50.95831852618852],[-114.03595934760247,50.95783032210125],[-114.0373057178712,50.9572618142348],[-114.0380225278544,50.95696512942646]]]]}},{"type":"Feature","properties":{"DGUID":"2021S051248061275","DAUID":"48061275","LANDAREA":0.1733,"PRUID":"48","fed_num":"48010","da_code":"48061275","geo_name":"48061275","name_source":{"label":"Statistics Canada Census Profile 2021 DA WDS","url":"https://www12.statcan.gc.ca/wds-sdw/2021profile-profil2021-eng.cfm"},"population":376,"status":"ok","source":{"label":"Statistics Canada Census Profile 2021 DA WDS","url":"https://www12.statcan.gc.ca/wds-sdw/2021profile-profil2021-eng.cfm"},"community_name":"Calgary","community_source":{"label":"Statistics Canada 2021 census subdivision boundaries (spatial lookup)","url":"https://geo.statcan.gc.ca/geo_wa/rest/services/2021/Cartographic_boundary_files/MapServer/9"},"community_display":"Calgary","is_unorganized":false,"panel_title":"Calgary","display_label":"Calgary","map_label":"48061275"},"geometry":{"type":"MultiPolygon","coordinates":[[[[-114.04081663467092,50.95599431482313],[-114.04089673214511,50.95515341552482],[-114.04358413415747,50.955280210066],[-114.04525966398604,50.95535862882233],[-114.04542636522855,50.955425820560144],[-114.04559464433653,50.95569092772078],[-114.04558944439933,50.95599661224568],[-114.0453960557029,50.956126614696714],[-114.0443722555303,50.956550523023964],[-114.04452975665586,50.956761326584555],[-114.04508255579424,50.95725210811322],[-114.04540613525765,50.95753913982098],[-114.04565353329974,50.95768033921409],[-114.0456430583969,50.95964093782937],[-114.04844665847999,50.95945102995095],[-114.04846523962823,50.961403430188454],[-114.04833213745833,50.96170593308442],[-114.04793623210476,50.961884834568885],[-114.0473122499807,50.961392244771744],[-114.04689932507698,50.961165932276806],[-114.04518153271069,50.96062774212765],[-114.04473732974614,50.96044562617266],[-114.04406852452766,50.95998792918329],[-114.04335654043784,50.95931321490313],[-114.0430613295472,50.95902692836036],[-114.04277983799479,50.95874993306864],[-114.04241705277492,50.95840793045149],[-114.0420542352477,50.95806593588514],[-114.04166524459752,50.95768723473363],[-114.04095564916726,50.95697661208984],[-114.0408016254438,50.95658523062006],[-114.04081663467092,50.95599431482313]]]]}},{"type":"Feature","properties":{"DGUID":"2021S051248061276","DAUID":"48061276","LANDAREA":0.2189,"PRUID":"48","fed_num":"48010","da_code":"48061276","geo_name":"48061276","name_source":{"label":"Statistics Canada Census Profile 2021 DA WDS","url":"https://www12.statcan.gc.ca/wds-sdw/2021profile-profil2021-eng.cfm"},"population":364,"status":"ok","source":{"label":"Statistics Canada Census Profile 2021 DA WDS","url":"https://www12.statcan.gc.ca/wds-sdw/2021profile-profil2021-eng.cfm"},"community_name":"Calgary","community_source":{"label":"Statistics Canada 2021 census subdivision boundaries (spatial lookup)","url":"https://geo.statcan.gc.ca/geo_wa/rest/services/2021/Cartographic_boundary_files/MapServer/9"},"community_display":"Calgary","is_unorganized":false,"panel_title":"Calgary","display_label":"Calgary","map_label":"48061276"},"geometry":{"type":"MultiPolygon","coordinates":[[[[-114.04335733051674,50.964008654905626],[-114.04230125340196,50.962695636650935],[-114.04119531291641,50.96306333014134],[-114.04169802079652,50.96366974245924],[-114.04060695176521,50.96402894496989],[-114.04036923419793,50.96373503375466],[-114.03980003452016,50.96305492537608],[-114.03952134587878,50.96273304307417],[-114.04062674091881,50.96237433045971],[-114.04028264372484,50.96196083937684],[-114.03959962046869,50.96127782904128],[-114.03851993973348,50.96168223743903],[-114.03607481854857,50.95937131472598],[-114.03709823241935,50.958956611760925],[-114.03799944099231,50.959789022073686],[-114.03902405111191,50.95935632524765],[-114.04094214288247,50.9585324372929],[-114.0420542352477,50.95806593588514],[-114.04241705277492,50.95840793045149],[-114.04277983799479,50.95874993306864],[-114.0430613295472,50.95902692836036],[-114.04335654043784,50.95931321490313],[-114.04406852452766,50.95998792918329],[-114.04473732974614,50.96044562617266],[-114.04518153271069,50.96062774212765],[-114.04689932507698,50.961165932276806],[-114.04670645560759,50.96128703544931],[-114.04571845011313,50.96159482616045],[-114.04449764512222,50.96197762795615],[-114.04333435417875,50.96235293219744],[-114.0445525212484,50.96380505127748],[-114.0444734340867,50.9639289537732],[-114.04348131944603,50.96407473693259],[-114.04335733051674,50.964008654905626]]]]}},{"type":"Feature","properties":{"DGUID":"2021S051248061277","DAUID":"48061277","LANDAREA":0.1842,"PRUID":"48","fed_num":"48010","da_code":"48061277","geo_name":"48061277","name_source":{"label":"Statistics Canada Census Profile 2021 DA WDS","url":"https://www12.statcan.gc.ca/wds-sdw/2021profile-profil2021-eng.cfm"},"population":430,"status":"ok","source":{"label":"Statistics Canada Census Profile 2021 DA WDS","url":"https://www12.statcan.gc.ca/wds-sdw/2021profile-profil2021-eng.cfm"},"community_name":"Calgary","community_source":{"label":"Statistics Canada 2021 census subdivision boundaries (spatial lookup)","url":"https://geo.statcan.gc.ca/geo_wa/rest/services/2021/Cartographic_boundary_files/MapServer/9"},"community_display":"Calgary","is_unorganized":false,"panel_title":"Calgary","display_label":"Calgary","map_label":"48061277"},"geometry":{"type":"MultiPolygon","coordinates":[[[[-114.04424303590268,50.96419303547201],[-114.04388463603073,50.964228931773214],[-114.04244933004838,50.96462435039662],[-114.04237142255963,50.9645053582011],[-114.04169802079652,50.96366974245924],[-114.04119531291641,50.96306333014134],[-114.04230125340196,50.962695636650935],[-114.04335733051674,50.964008654905626],[-114.04348131944603,50.96407473693259],[-114.0444734340867,50.9639289537732],[-114.0445525212484,50.96380505127748],[-114.04333435417875,50.96235293219744],[-114.04449764512222,50.96197762795615],[-114.04571845011313,50.96159482616045],[-114.04670645560759,50.96128703544931],[-114.04689932507698,50.961165932276806],[-114.0473122499807,50.961392244771744],[-114.04793623210476,50.961884834568885],[-114.04828884939474,50.96216352801607],[-114.04840314531747,50.962382332936954],[-114.04844283363552,50.964002446060974],[-114.04843542522384,50.96411925460233],[-114.04843702764347,50.96611615458533],[-114.04842954231327,50.966907557757246],[-114.04523813444425,50.96691674993676],[-114.04517954766492,50.966492453580045],[-114.04495323484004,50.96601894180236],[-114.04447213010786,50.96507133144657],[-114.04424303590268,50.96419303547201]]]]}},{"type":"Feature","properties":{"DGUID":"2021S051248061278","DAUID":"48061278","LANDAREA":0.272,"PRUID":"48","fed_num":"48010","da_code":"48061278","geo_name":"48061278","name_source":{"label":"Statistics Canada Census Profile 2021 DA WDS","url":"https://www12.statcan.gc.ca/wds-sdw/2021profile-profil2021-eng.cfm"},"population":547,"status":"ok","source":{"label":"Statistics Canada Census Profile 2021 DA WDS","url":"https://www12.statcan.gc.ca/wds-sdw/2021profile-profil2021-eng.cfm"},"community_name":"Calgary","community_source":{"label":"Statistics Canada 2021 census subdivision boundaries (spatial lookup)","url":"https://geo.statcan.gc.ca/geo_wa/rest/services/2021/Cartographic_boundary_files/MapServer/9"},"community_display":"Calgary","is_unorganized":false,"panel_title":"Calgary","display_label":"Calgary","map_label":"48061278"},"geometry":{"type":"MultiPolygon","coordinates":[[[[-114.03960751954364,50.9680962628294],[-114.03897072829612,50.966910735891],[-114.03858012988705,50.965884444819054],[-114.03871102963113,50.96584273493438],[-114.0394529347811,50.96560074612587],[-114.04029493370018,50.965326392037035],[-114.04244933004838,50.96462435039662],[-114.04388463603073,50.964228931773214],[-114.04424303590268,50.96419303547201],[-114.04447213010786,50.96507133144657],[-114.04495323484004,50.96601894180236],[-114.04517954766492,50.966492453580045],[-114.04523813444425,50.96691674993676],[-114.04439554393294,50.96694934629546],[-114.0434215214413,50.9672574528401],[-114.04247543998125,50.967575345164704],[-114.0423849103988,50.96765395150709],[-114.04256570365628,50.96839614377192],[-114.04262134507191,50.969090161630845],[-114.04280782304139,50.96974256470083],[-114.04331342388222,50.970528955981734],[-114.04433441256883,50.97172415220134],[-114.04447271534612,50.97179067094417],[-114.04846103353216,50.97180164868652],[-114.04846723050689,50.97260236697705],[-114.04846144051962,50.973366753156675],[-114.04845394053761,50.97415815081511],[-114.045662046434,50.97415046045057],[-114.04523842567923,50.974199688203996],[-114.04491250307545,50.97423755551196],[-114.04449309574368,50.973760227085826],[-114.04268334155235,50.9717003606408],[-114.04247061179494,50.97145684820361],[-114.04148832963926,50.97032975005024],[-114.04094574109766,50.96967735580838],[-114.03960751954364,50.9680962628294]]]]}},{"type":"Feature","properties":{"DGUID":"2021S051248061279","DAUID":"48061279","LANDAREA":0.2055,"PRUID":"48","fed_num":"48010","da_code":"48061279","geo_name":"48061279","name_source":{"label":"Statistics Canada Census Profile 2021 DA WDS","url":"https://www12.statcan.gc.ca/wds-sdw/2021profile-profil2021-eng.cfm"},"population":454,"status":"ok","source":{"label":"Statistics Canada Census Profile 2021 DA WDS","url":"https://www12.statcan.gc.ca/wds-sdw/2021profile-profil2021-eng.cfm"},"community_name":"Calgary","community_source":{"label":"Statistics Canada 2021 census subdivision boundaries (spatial lookup)","url":"https://geo.statcan.gc.ca/geo_wa/rest/services/2021/Cartographic_boundary_files/MapServer/9"},"community_display":"Calgary","is_unorganized":false,"panel_title":"Calgary","display_label":"Calgary","map_label":"48061279"},"geometry":{"type":"MultiPolygon","coordinates":[[[[-114.0434215214413,50.9672574528401],[-114.04439554393294,50.96694934629546],[-114.04523813444425,50.96691674993676],[-114.04842954231327,50.966907557757246],[-114.04843462390333,50.96772616247813],[-114.04844082321995,50.96852695191422],[-114.04843165126066,50.969120348546326],[-114.04849081405092,50.96931075340141],[-114.04871201058836,50.969640145968434],[-114.04898633661413,50.969808953528904],[-114.04854764002283,50.97021164874294],[-114.04846564145252,50.970380540645905],[-114.04846791988749,50.97101926093003],[-114.04846103353216,50.97180164868652],[-114.04447271534612,50.97179067094417],[-114.04433441256883,50.97172415220134],[-114.04331342388222,50.970528955981734],[-114.04280782304139,50.96974256470083],[-114.04262134507191,50.969090161630845],[-114.04256570365628,50.96839614377192],[-114.0423849103988,50.96765395150709],[-114.04247543998125,50.967575345164704],[-114.0434215214413,50.9672574528401]]]]}},{"type":"Feature","properties":{"DGUID":"2021S051248061280","DAUID":"48061280","LANDAREA":0.1453,"PRUID":"48","fed_num":"48010","da_code":"48061280","geo_name":"48061280","name_source":{"label":"Statistics Canada Census Profile 2021 DA WDS","url":"https://www12.statcan.gc.ca/wds-sdw/2021profile-profil2021-eng.cfm"},"population":394,"status":"ok","source":{"label":"Statistics Canada Census Profile 2021 DA WDS","url":"https://www12.statcan.gc.ca/wds-sdw/2021profile-profil2021-eng.cfm"},"community_name":"Calgary","community_source":{"label":"Statistics Canada 2021 census subdivision boundaries (spatial lookup)","url":"https://geo.statcan.gc.ca/geo_wa/rest/services/2021/Cartographic_boundary_files/MapServer/9"},"community_display":"Calgary","is_unorganized":false,"panel_title":"Calgary","display_label":"Calgary","map_label":"48061280"},"geometry":{"type":"MultiPolygon","coordinates":[[[[-114.04842954231327,50.966907557757246],[-114.04843702764347,50.96611615458533],[-114.04984553479284,50.966142757129916],[-114.0510430396787,50.96612803357606],[-114.05232533192918,50.96612443302388],[-114.05232364673743,50.966601145720105],[-114.0524169194483,50.96692734461553],[-114.05283104463608,50.967810335333446],[-114.05284014698749,50.96856613450375],[-114.05282025401776,50.97022964844099],[-114.05272582862025,50.97037126080739],[-114.05150094499626,50.97126675105789],[-114.05031920873353,50.97058024789087],[-114.04898633661413,50.969808953528904],[-114.04871201058836,50.969640145968434],[-114.04849081405092,50.96931075340141],[-114.04843165126066,50.969120348546326],[-114.04844082321995,50.96852695191422],[-114.04843462390333,50.96772616247813],[-114.04842954231327,50.966907557757246]]]]}},{"type":"Feature","properties":{"DGUID":"2021S051248061281","DAUID":"48061281","LANDAREA":0.2061,"PRUID":"48","fed_num":"48010","da_code":"48061281","geo_name":"48061281","name_source":{"label":"Statistics Canada Census Profile 2021 DA WDS","url":"https://www12.statcan.gc.ca/wds-sdw/2021profile-profil2021-eng.cfm"},"population":438,"status":"ok","source":{"label":"Statistics Canada Census Profile 2021 DA WDS","url":"https://www12.statcan.gc.ca/wds-sdw/2021profile-profil2021-eng.cfm"},"community_name":"Calgary","community_source":{"label":"Statistics Canada 2021 census subdivision boundaries (spatial lookup)","url":"https://geo.statcan.gc.ca/geo_wa/rest/services/2021/Cartographic_boundary_files/MapServer/9"},"community_display":"Calgary","is_unorganized":false,"panel_title":"Calgary","display_label":"Calgary","map_label":"48061281"},"geometry":{"type":"MultiPolygon","coordinates":[[[[-114.04854764002283,50.97021164874294],[-114.04898633661413,50.969808953528904],[-114.05031920873353,50.97058024789087],[-114.05150094499626,50.97126675105789],[-114.05269575468714,50.9719715542407],[-114.05342113062612,50.972214771526616],[-114.05342172373376,50.97310526903378],[-114.05345133625501,50.973537759041605],[-114.05375514709854,50.97391425291075],[-114.05382171585268,50.97398795972729],[-114.05436852217903,50.974577369633614],[-114.05448801850021,50.974940255098446],[-114.05465473092455,50.9759068564894],[-114.05281743090052,50.975896472386296],[-114.05153551465962,50.97589105881032],[-114.0484578207568,50.97589425781969],[-114.04845332299783,50.97506657799495],[-114.04845394053761,50.97415815081511],[-114.04846144051962,50.973366753156675],[-114.04846723050689,50.97260236697705],[-114.04846103353216,50.97180164868652],[-114.04846791988749,50.97101926093003],[-114.04846564145252,50.970380540645905],[-114.04854764002283,50.97021164874294]]]]}},{"type":"Feature","properties":{"DGUID":"2021S051248061282","DAUID":"48061282","LANDAREA":0.2848,"PRUID":"48","fed_num":"48010","da_code":"48061282","geo_name":"48061282","name_source":{"label":"Statistics Canada Census Profile 2021 DA WDS","url":"https://www12.statcan.gc.ca/wds-sdw/2021profile-profil2021-eng.cfm"},"population":649,"status":"ok","source":{"label":"Statistics Canada Census Profile 2021 DA WDS","url":"https://www12.statcan.gc.ca/wds-sdw/2021profile-profil2021-eng.cfm"},"community_name":"Calgary","community_source":{"label":"Statistics Canada 2021 census subdivision boundaries (spatial lookup)","url":"https://geo.statcan.gc.ca/geo_wa/rest/services/2021/Cartographic_boundary_files/MapServer/9"},"community_display":"Calgary","is_unorganized":false,"panel_title":"Calgary","display_label":"Calgary","map_label":"48061282"},"geometry":{"type":"MultiPolygon","coordinates":[[[[-114.05283104463608,50.967810335333446],[-114.0524169194483,50.96692734461553],[-114.05426862233503,50.966704247695915],[-114.05492392948373,50.96670274324965],[-114.0561925467503,50.9666898516344],[-114.05741743457051,50.96669373229629],[-114.05888453739061,50.96669475420565],[-114.05900985902862,50.96741743799558],[-114.05914705456209,50.968176539584775],[-114.05920345792639,50.968636655278466],[-114.05920742554586,50.969023539105066],[-114.05921213485387,50.96985125842937],[-114.05922245007065,50.97058905607638],[-114.05922775650053,50.97140775139518],[-114.0592295497715,50.97228035535592],[-114.05767683859044,50.97227715285304],[-114.05398724144857,50.972274046055254],[-114.05342113062612,50.972214771526616],[-114.05269575468714,50.9719715542407],[-114.05150094499626,50.97126675105789],[-114.05272582862025,50.97037126080739],[-114.05282025401776,50.97022964844099],[-114.05284014698749,50.96856613450375],[-114.05283104463608,50.967810335333446]]]]}},{"type":"Feature","properties":{"DGUID":"2021S051248061283","DAUID":"48061283","LANDAREA":0.186,"PRUID":"48","fed_num":"48010","da_code":"48061283","geo_name":"48061283","name_source":{"label":"Statistics Canada Census Profile 2021 DA WDS","url":"https://www12.statcan.gc.ca/wds-sdw/2021profile-profil2021-eng.cfm"},"population":501,"status":"ok","source":{"label":"Statistics Canada Census Profile 2021 DA WDS","url":"https://www12.statcan.gc.ca/wds-sdw/2021profile-profil2021-eng.cfm"},"community_name":"Calgary","community_source":{"label":"Statistics Canada 2021 census subdivision boundaries (spatial lookup)","url":"https://geo.statcan.gc.ca/geo_wa/rest/services/2021/Cartographic_boundary_files/MapServer/9"},"community_display":"Calgary","is_unorganized":false,"panel_title":"Calgary","display_label":"Calgary","map_label":"48061283"},"geometry":{"type":"MultiPolygon","coordinates":[[[[-114.05342172373376,50.97310526903378],[-114.05342113062612,50.972214771526616],[-114.05398724144857,50.972274046055254],[-114.05767683859044,50.97227715285304],[-114.0592295497715,50.97228035535592],[-114.05958372252418,50.973890350528116],[-114.0596047345452,50.97400785503557],[-114.05964012696282,50.97418754380423],[-114.0599823657551,50.97592425082456],[-114.05996823578661,50.976823457908445],[-114.05996724122338,50.97774084684438],[-114.05996784781375,50.97818167117201],[-114.05904152843125,50.97818525939973],[-114.05853165814749,50.97813644663389],[-114.05852564691179,50.97597757213042],[-114.05844312552834,50.97593045913391],[-114.05720552941804,50.97589927583256],[-114.05575184070815,50.97590757017388],[-114.05465473092455,50.9759068564894],[-114.05448801850021,50.974940255098446],[-114.05436852217903,50.974577369633614],[-114.05382171585268,50.97398795972729],[-114.05375514709854,50.97391425291075],[-114.05345133625501,50.973537759041605],[-114.05342172373376,50.97310526903378]]]]}},{"type":"Feature","properties":{"DGUID":"2021S051248061284","DAUID":"48061284","LANDAREA":0.1665,"PRUID":"48","fed_num":"48010","da_code":"48061284","geo_name":"48061284","name_source":{"label":"Statistics Canada Census Profile 2021 DA WDS","url":"https://www12.statcan.gc.ca/wds-sdw/2021profile-profil2021-eng.cfm"},"population":368,"status":"ok","source":{"label":"Statistics Canada Census Profile 2021 DA WDS","url":"https://www12.statcan.gc.ca/wds-sdw/2021profile-profil2021-eng.cfm"},"community_name":"Calgary","community_source":{"label":"Statistics Canada 2021 census subdivision boundaries (spatial lookup)","url":"https://geo.statcan.gc.ca/geo_wa/rest/services/2021/Cartographic_boundary_files/MapServer/9"},"community_display":"Calgary","is_unorganized":false,"panel_title":"Calgary","display_label":"Calgary","map_label":"48061284"},"geometry":{"type":"MultiPolygon","coordinates":[[[[-114.05506122428204,50.979614082779925],[-114.05424404061108,50.97969237371601],[-114.05347753863278,50.979870972570566],[-114.05305023826969,50.97919458531312],[-114.05256882546333,50.97847177272381],[-114.05295910630896,50.97838266457396],[-114.05483863125419,50.978403167668915],[-114.05484605842189,50.977611774410704],[-114.05348325344004,50.97753237486551],[-114.05326415310255,50.977391976501934],[-114.0528203470363,50.97675107285887],[-114.05281743090052,50.975896472386296],[-114.05465473092455,50.9759068564894],[-114.05575184070815,50.97590757017388],[-114.05720552941804,50.97589927583256],[-114.05844312552834,50.97593045913391],[-114.05852564691179,50.97597757213042],[-114.05853165814749,50.97813644663389],[-114.05904152843125,50.97818525939973],[-114.05996784781375,50.97818167117201],[-114.05997893626635,50.97958515289455],[-114.05506122428204,50.979614082779925]]]]}},{"type":"Feature","properties":{"DGUID":"2021S051248061285","DAUID":"48061285","LANDAREA":0.1641,"PRUID":"48","fed_num":"48010","da_code":"48061285","geo_name":"48061285","name_source":{"label":"Statistics Canada Census Profile 2021 DA WDS","url":"https://www12.statcan.gc.ca/wds-sdw/2021profile-profil2021-eng.cfm"},"population":332,"status":"ok","source":{"label":"Statistics Canada Census Profile 2021 DA WDS","url":"https://www12.statcan.gc.ca/wds-sdw/2021profile-profil2021-eng.cfm"},"community_name":"Calgary","community_source":{"label":"Statistics Canada 2021 census subdivision boundaries (spatial lookup)","url":"https://geo.statcan.gc.ca/geo_wa/rest/services/2021/Cartographic_boundary_files/MapServer/9"},"community_display":"Calgary","is_unorganized":false,"panel_title":"Calgary","display_label":"Calgary","map_label":"48061285"},"geometry":{"type":"MultiPolygon","coordinates":[[[[-114.04959040642912,50.98027649214889],[-114.04854975743591,50.97876393530204],[-114.04855659248683,50.97828168237068],[-114.04857524474424,50.97696744911735],[-114.04853512976281,50.976756837048946],[-114.04843150976116,50.97675717069489],[-114.04844581226023,50.97628796077337],[-114.0484578207568,50.97589425781969],[-114.05153551465962,50.97589105881032],[-114.05281743090052,50.975896472386296],[-114.0528203470363,50.97675107285887],[-114.05326415310255,50.977391976501934],[-114.05348325344004,50.97753237486551],[-114.05484605842189,50.977611774410704],[-114.05483863125419,50.978403167668915],[-114.05295910630896,50.97838266457396],[-114.05256882546333,50.97847177272381],[-114.05305023826969,50.97919458531312],[-114.05347753863278,50.979870972570566],[-114.05263594141664,50.9801105718031],[-114.05205153259826,50.98033868533271],[-114.05086272726,50.98065948730807],[-114.05018162328565,50.98084019658557],[-114.0500074083221,50.98088968354219],[-114.0499033186173,50.98073418776505],[-114.04959040642912,50.98027649214889]]]]}},{"type":"Feature","properties":{"DGUID":"2021S051248061286","DAUID":"48061286","LANDAREA":0.2346,"PRUID":"48","fed_num":"48010","da_code":"48061286","geo_name":"48061286","name_source":{"label":"Statistics Canada Census Profile 2021 DA WDS","url":"https://www12.statcan.gc.ca/wds-sdw/2021profile-profil2021-eng.cfm"},"population":522,"status":"ok","source":{"label":"Statistics Canada Census Profile 2021 DA WDS","url":"https://www12.statcan.gc.ca/wds-sdw/2021profile-profil2021-eng.cfm"},"community_name":"Calgary","community_source":{"label":"Statistics Canada 2021 census subdivision boundaries (spatial lookup)","url":"https://geo.statcan.gc.ca/geo_wa/rest/services/2021/Cartographic_boundary_files/MapServer/9"},"community_display":"Calgary","is_unorganized":false,"panel_title":"Calgary","display_label":"Calgary","map_label":"48061286"},"geometry":{"type":"MultiPolygon","coordinates":[[[[-114.05350784379908,50.98838998613246],[-114.05341733111175,50.986669682762006],[-114.05313222850008,50.98577197853032],[-114.05265871433011,50.98492350347667],[-114.0523572488039,50.98446217844248],[-114.05138563845013,50.9829753856751],[-114.05033292098295,50.98137468413642],[-114.0500074083221,50.98088968354219],[-114.05018162328565,50.98084019658557],[-114.05086272726,50.98065948730807],[-114.05205153259826,50.98033868533271],[-114.05263594141664,50.9801105718031],[-114.05347753863278,50.979870972570566],[-114.05424404061108,50.97969237371601],[-114.05506122428204,50.979614082779925],[-114.05997893626635,50.97958515289455],[-114.05996813971,50.980205574539156],[-114.05916986185099,50.98021236790285],[-114.0591515425238,50.97982516001957],[-114.05892677047096,50.979774569281005],[-114.05559275204604,50.97977146504793],[-114.0547494129665,50.97981307097603],[-114.05356695035003,50.98003517660537],[-114.05240893252464,50.98032069045755],[-114.05186942382637,50.980513968120405],[-114.05157232919937,50.98070447119073],[-114.05139251278437,50.98084377212644],[-114.0531065382201,50.98347757488972],[-114.05512044034538,50.9829527642319],[-114.0568591441879,50.98295157236699],[-114.0568381449232,50.98373366200746],[-114.05684562984068,50.984516370733495],[-114.05811353406193,50.984521361696466],[-114.05884486356054,50.98467476586359],[-114.06027854856853,50.98498967487832],[-114.05996333376832,50.985467468164366],[-114.05992524351592,50.985844267526566],[-114.05946363703809,50.98593165688335],[-114.05913986439978,50.98609436845004],[-114.05875747008308,50.98650747366478],[-114.05727373195303,50.98608328705938],[-114.05607624306921,50.986089084870464],[-114.05606952822606,50.9868714777714],[-114.0560747457365,50.988364792831284],[-114.0555995309634,50.98889247792445],[-114.05482884059151,50.988684177338186],[-114.05428302548572,50.98852648923149],[-114.05424321603618,50.98848048989367],[-114.05372247677361,50.98856567232222],[-114.05350784850792,50.98860079061512],[-114.05350784379908,50.98838998613246]]]]}},{"type":"Feature","properties":{"DGUID":"2021S051248061287","DAUID":"48061287","LANDAREA":0.1738,"PRUID":"48","fed_num":"48010","da_code":"48061287","geo_name":"48061287","name_source":{"label":"Statistics Canada Census Profile 2021 DA WDS","url":"https://www12.statcan.gc.ca/wds-sdw/2021profile-profil2021-eng.cfm"},"population":526,"status":"ok","source":{"label":"Statistics Canada Census Profile 2021 DA WDS","url":"https://www12.statcan.gc.ca/wds-sdw/2021profile-profil2021-eng.cfm"},"community_name":"Calgary","community_source":{"label":"Statistics Canada 2021 census subdivision boundaries (spatial lookup)","url":"https://geo.statcan.gc.ca/geo_wa/rest/services/2021/Cartographic_boundary_files/MapServer/9"},"community_display":"Calgary","is_unorganized":false,"panel_title":"Calgary","display_label":"Calgary","map_label":"48061287"},"geometry":{"type":"MultiPolygon","coordinates":[[[[-114.0568591441879,50.98295157236699],[-114.05512044034538,50.9829527642319],[-114.0531065382201,50.98347757488972],[-114.05139251278437,50.98084377212644],[-114.05157232919937,50.98070447119073],[-114.05186942382637,50.980513968120405],[-114.05240893252464,50.98032069045755],[-114.05356695035003,50.98003517660537],[-114.0547494129665,50.97981307097603],[-114.05559275204604,50.97977146504793],[-114.05892677047096,50.979774569281005],[-114.0591515425238,50.97982516001957],[-114.05916986185099,50.98021236790285],[-114.05996813971,50.980205574539156],[-114.05997113625071,50.98061037023602],[-114.05997864630258,50.98139316062811],[-114.05998554250287,50.98218487545504],[-114.05866074946671,50.98217845293674],[-114.05685166005306,50.98216886782047],[-114.0568591441879,50.98295157236699]]]]}},{"type":"Feature","properties":{"DGUID":"2021S051248061288","DAUID":"48061288","LANDAREA":0.2579,"PRUID":"48","fed_num":"48010","da_code":"48061288","geo_name":"48061288","name_source":{"label":"Statistics Canada Census Profile 2021 DA WDS","url":"https://www12.statcan.gc.ca/wds-sdw/2021profile-profil2021-eng.cfm"},"population":511,"status":"ok","source":{"label":"Statistics Canada Census Profile 2021 DA WDS","url":"https://www12.statcan.gc.ca/wds-sdw/2021profile-profil2021-eng.cfm"},"community_name":"Calgary","community_source":{"label":"Statistics Canada 2021 census subdivision boundaries (spatial lookup)","url":"https://geo.statcan.gc.ca/geo_wa/rest/services/2021/Cartographic_boundary_files/MapServer/9"},"community_display":"Calgary","is_unorganized":false,"panel_title":"Calgary","display_label":"Calgary","map_label":"48061288"},"geometry":{"type":"MultiPolygon","coordinates":[[[[-114.0568591441879,50.98295157236699],[-114.05685166005306,50.98216886782047],[-114.05866074946671,50.98217845293674],[-114.05998554250287,50.98218487545504],[-114.05997864630258,50.98139316062811],[-114.05997113625071,50.98061037023602],[-114.05996813971,50.980205574539156],[-114.05997893626635,50.97958515289455],[-114.06375504604914,50.979581257389256],[-114.06375747810674,50.97977014830184],[-114.06374914445554,50.98102925413376],[-114.06442206314284,50.98210765907515],[-114.0649037835741,50.98283035501533],[-114.06537227218575,50.98353475870982],[-114.06309716116311,50.98413416096906],[-114.0619948381537,50.98443924887862],[-114.06180253694404,50.98455135303914],[-114.0617513647542,50.984684945962044],[-114.06132694123222,50.98553776894283],[-114.06371645551252,50.98719005220771],[-114.06281445236796,50.98770704580032],[-114.06115864602168,50.986621976116545],[-114.06027646739864,50.986149974375984],[-114.05992524351592,50.985844267526566],[-114.05996333376832,50.985467468164366],[-114.06027854856853,50.98498967487832],[-114.05884486356054,50.98467476586359],[-114.05811353406193,50.984521361696466],[-114.05684562984068,50.984516370733495],[-114.0568381449232,50.98373366200746],[-114.0568591441879,50.98295157236699]]]]}},{"type":"Feature","properties":{"DGUID":"2021S051248061289","DAUID":"48061289","LANDAREA":0.1188,"PRUID":"48","fed_num":"48010","da_code":"48061289","geo_name":"48061289","name_source":{"label":"Statistics Canada Census Profile 2021 DA WDS","url":"https://www12.statcan.gc.ca/wds-sdw/2021profile-profil2021-eng.cfm"},"population":1085,"status":"ok","source":{"label":"Statistics Canada Census Profile 2021 DA WDS","url":"https://www12.statcan.gc.ca/wds-sdw/2021profile-profil2021-eng.cfm"},"community_name":"Calgary","community_source":{"label":"Statistics Canada 2021 census subdivision boundaries (spatial lookup)","url":"https://geo.statcan.gc.ca/geo_wa/rest/services/2021/Cartographic_boundary_files/MapServer/9"},"community_display":"Calgary","is_unorganized":false,"panel_title":"Calgary","display_label":"Calgary","map_label":"48061289"},"geometry":{"type":"MultiPolygon","coordinates":[[[[-114.05996784781375,50.97818167117201],[-114.05996724122338,50.97774084684438],[-114.06565381168747,50.97775271814676],[-114.06854356054747,50.977758650956716],[-114.06855227879967,50.97807375277374],[-114.06800515332307,50.97906744542058],[-114.06797115743002,50.979606260994736],[-114.06603471627805,50.97959479476809],[-114.06573357640671,50.97959300648273],[-114.06375504604914,50.979581257389256],[-114.05997893626635,50.97958515289455],[-114.05996784781375,50.97818167117201]]]]}},{"type":"Feature","properties":{"DGUID":"2021S051248061290","DAUID":"48061290","LANDAREA":0.1227,"PRUID":"48","fed_num":"48010","da_code":"48061290","geo_name":"48061290","name_source":{"label":"Statistics Canada Census Profile 2021 DA WDS","url":"https://www12.statcan.gc.ca/wds-sdw/2021profile-profil2021-eng.cfm"},"population":572,"status":"ok","source":{"label":"Statistics Canada Census Profile 2021 DA WDS","url":"https://www12.statcan.gc.ca/wds-sdw/2021profile-profil2021-eng.cfm"},"community_name":"Calgary","community_source":{"label":"Statistics Canada 2021 census subdivision boundaries (spatial lookup)","url":"https://geo.statcan.gc.ca/geo_wa/rest/services/2021/Cartographic_boundary_files/MapServer/9"},"community_display":"Calgary","is_unorganized":false,"panel_title":"Calgary","display_label":"Calgary","map_label":"48061290"},"geometry":{"type":"MultiPolygon","coordinates":[[[[-114.05996823578661,50.976823457908445],[-114.0599823657551,50.97592425082456],[-114.06142185865342,50.975915550099856],[-114.06277555022065,50.97591365525007],[-114.0656814678316,50.97592374255353],[-114.06857365812752,50.975924458341915],[-114.06855564876709,50.976436748896994],[-114.06855834806296,50.97678111893414],[-114.06856037525252,50.97703953374177],[-114.06854356054747,50.977758650956716],[-114.06565381168747,50.97775271814676],[-114.05996724122338,50.97774084684438],[-114.05996823578661,50.976823457908445]]]]}},{"type":"Feature","properties":{"DGUID":"2021S051248061295","DAUID":"48061295","LANDAREA":0.0858,"PRUID":"48","fed_num":"48010","da_code":"48061295","geo_name":"48061295","name_source":{"label":"Statistics Canada Census Profile 2021 DA WDS","url":"https://www12.statcan.gc.ca/wds-sdw/2021profile-profil2021-eng.cfm"},"population":727,"status":"ok","source":{"label":"Statistics Canada Census Profile 2021 DA WDS","url":"https://www12.statcan.gc.ca/wds-sdw/2021profile-profil2021-eng.cfm"},"community_name":"Calgary","community_source":{"label":"Statistics Canada 2021 census subdivision boundaries (spatial lookup)","url":"https://geo.statcan.gc.ca/geo_wa/rest/services/2021/Cartographic_boundary_files/MapServer/9"},"community_display":"Calgary","is_unorganized":false,"panel_title":"Calgary","display_label":"Calgary","map_label":"48061295"},"geometry":{"type":"MultiPolygon","coordinates":[[[[-114.06796464818034,50.96863224634574],[-114.06668174254007,50.96864494986555],[-114.06550017820369,50.968633250053095],[-114.06511556379475,50.96863254586929],[-114.06515064224624,50.96785093544652],[-114.06514353773342,50.96705914478064],[-114.06516913757338,50.965071928862166],[-114.06579377615806,50.96507709231332],[-114.06783146850262,50.96509384490785],[-114.06810226279508,50.96509164810181],[-114.06807054758754,50.96717775187136],[-114.06823113971673,50.967568546441306],[-114.06865286260012,50.96810983700338],[-114.0687486639681,50.9686249479912],[-114.06796464818034,50.96863224634574]]]]}},{"type":"Feature","properties":{"DGUID":"2021S051248061296","DAUID":"48061296","LANDAREA":0.201,"PRUID":"48","fed_num":"48010","da_code":"48061296","geo_name":"48061296","name_source":{"label":"Statistics Canada Census Profile 2021 DA WDS","url":"https://www12.statcan.gc.ca/wds-sdw/2021profile-profil2021-eng.cfm"},"population":581,"status":"ok","source":{"label":"Statistics Canada Census Profile 2021 DA WDS","url":"https://www12.statcan.gc.ca/wds-sdw/2021profile-profil2021-eng.cfm"},"community_name":"Calgary","community_source":{"label":"Statistics Canada 2021 census subdivision boundaries (spatial lookup)","url":"https://geo.statcan.gc.ca/geo_wa/rest/services/2021/Cartographic_boundary_files/MapServer/9"},"community_display":"Calgary","is_unorganized":false,"panel_title":"Calgary","display_label":"Calgary","map_label":"48061296"},"geometry":{"type":"MultiPolygon","coordinates":[[[[-114.0587069372735,50.96567383367899],[-114.05874655412572,50.96414564457633],[-114.05985755732051,50.96414662757971],[-114.0606783688008,50.96423034451712],[-114.0625062665879,50.964609143543036],[-114.06482844562896,50.96505433914189],[-114.06516913757338,50.965071928862166],[-114.06514353773342,50.96705914478064],[-114.06515064224624,50.96785093544652],[-114.06511556379475,50.96863254586929],[-114.06421785577024,50.9686369519185],[-114.06061375532184,50.968636237944146],[-114.05920345792639,50.968636655278466],[-114.05914705456209,50.968176539584775],[-114.05900985902862,50.96741743799558],[-114.05888453739061,50.96669475420565],[-114.0587069372735,50.96567383367899]]]]}},{"type":"Feature","properties":{"DGUID":"2021S051248061297","DAUID":"48061297","LANDAREA":0.1785,"PRUID":"48","fed_num":"48010","da_code":"48061297","geo_name":"48061297","name_source":{"label":"Statistics Canada Census Profile 2021 DA WDS","url":"https://www12.statcan.gc.ca/wds-sdw/2021profile-profil2021-eng.cfm"},"population":551,"status":"ok","source":{"label":"Statistics Canada Census Profile 2021 DA WDS","url":"https://www12.statcan.gc.ca/wds-sdw/2021profile-profil2021-eng.cfm"},"community_name":"Calgary","community_source":{"label":"Statistics Canada 2021 census subdivision boundaries (spatial lookup)","url":"https://geo.statcan.gc.ca/geo_wa/rest/services/2021/Cartographic_boundary_files/MapServer/9"},"community_display":"Calgary","is_unorganized":false,"panel_title":"Calgary","display_label":"Calgary","map_label":"48061297"},"geometry":{"type":"MultiPolygon","coordinates":[[[[-114.06259276200157,50.962335523244406],[-114.06257546326493,50.96148064264298],[-114.06323418155496,50.96142523715542],[-114.06393147905108,50.961208931681746],[-114.06446725155551,50.96106943261331],[-114.06509745044595,50.96101332719131],[-114.06884437460057,50.960999616217414],[-114.06884235395435,50.96193502387921],[-114.06869636898713,50.96244403339623],[-114.06839174143371,50.96321002812456],[-114.06811726862558,50.963949628765555],[-114.06811014935587,50.964965933480784],[-114.06810226279508,50.96509164810181],[-114.06783146850262,50.96509384490785],[-114.06579377615806,50.96507709231332],[-114.06516913757338,50.965071928862166],[-114.06482844562896,50.96505433914189],[-114.0625062665879,50.964609143543036],[-114.06254313883836,50.96447514956596],[-114.06260216167777,50.963541121923576],[-114.06259685206244,50.96317224585452],[-114.06259276200157,50.962335523244406]]]]}},{"type":"Feature","properties":{"DGUID":"2021S051248061298","DAUID":"48061298","LANDAREA":0.1633,"PRUID":"48","fed_num":"48010","da_code":"48061298","geo_name":"48061298","name_source":{"label":"Statistics Canada Census Profile 2021 DA WDS","url":"https://www12.statcan.gc.ca/wds-sdw/2021profile-profil2021-eng.cfm"},"population":538,"status":"ok","source":{"label":"Statistics Canada Census Profile 2021 DA WDS","url":"https://www12.statcan.gc.ca/wds-sdw/2021profile-profil2021-eng.cfm"},"community_name":"Calgary","community_source":{"label":"Statistics Canada 2021 census subdivision boundaries (spatial lookup)","url":"https://geo.statcan.gc.ca/geo_wa/rest/services/2021/Cartographic_boundary_files/MapServer/9"},"community_display":"Calgary","is_unorganized":false,"panel_title":"Calgary","display_label":"Calgary","map_label":"48061298"},"geometry":{"type":"MultiPolygon","coordinates":[[[[-114.05874333575986,50.96149202287657],[-114.0587334446995,50.96052032055039],[-114.05912504606975,50.958380425849725],[-114.06177505502212,50.95836622505774],[-114.06162616602099,50.95914501878589],[-114.06283265750007,50.959211336626375],[-114.06284294835962,50.95949942987361],[-114.06272924311037,50.959946326498624],[-114.0625570437321,50.96064363903705],[-114.06242565985623,50.96069422594258],[-114.06137116511051,50.96070373406045],[-114.06137866918868,50.96148642607534],[-114.06257546326493,50.96148064264298],[-114.06259276200157,50.962335523244406],[-114.06259685206244,50.96317224585452],[-114.06260216167777,50.963541121923576],[-114.06254313883836,50.96447514956596],[-114.0625062665879,50.964609143543036],[-114.0606783688008,50.96423034451712],[-114.05985755732051,50.96414662757971],[-114.05874655412572,50.96414564457633],[-114.05874135978709,50.964001637526046],[-114.05874333575986,50.96149202287657]]]]}},{"type":"Feature","properties":{"DGUID":"2021S051248061299","DAUID":"48061299","LANDAREA":0.1566,"PRUID":"48","fed_num":"48010","da_code":"48061299","geo_name":"48061299","name_source":{"label":"Statistics Canada Census Profile 2021 DA WDS","url":"https://www12.statcan.gc.ca/wds-sdw/2021profile-profil2021-eng.cfm"},"population":436,"status":"ok","source":{"label":"Statistics Canada Census Profile 2021 DA WDS","url":"https://www12.statcan.gc.ca/wds-sdw/2021profile-profil2021-eng.cfm"},"community_name":"Calgary","community_source":{"label":"Statistics Canada 2021 census subdivision boundaries (spatial lookup)","url":"https://geo.statcan.gc.ca/geo_wa/rest/services/2021/Cartographic_boundary_files/MapServer/9"},"community_display":"Calgary","is_unorganized":false,"panel_title":"Calgary","display_label":"Calgary","map_label":"48061299"},"geometry":{"type":"MultiPolygon","coordinates":[[[[-114.06509745044595,50.96101332719131],[-114.06446725155551,50.96106943261331],[-114.06393147905108,50.961208931681746],[-114.06323418155496,50.96142523715542],[-114.06257546326493,50.96148064264298],[-114.06137866918868,50.96148642607534],[-114.06137116511051,50.96070373406045],[-114.06242565985623,50.96069422594258],[-114.0625570437321,50.96064363903705],[-114.06272924311037,50.959946326498624],[-114.06284294835962,50.95949942987361],[-114.06283265750007,50.959211336626375],[-114.06162616602099,50.95914501878589],[-114.06177505502212,50.95836622505774],[-114.06331368296746,50.95835992602667],[-114.06420207459755,50.9582743215875],[-114.06542378898158,50.95809822855537],[-114.0666824657612,50.95801291195077],[-114.0680224649901,50.95799262433225],[-114.06842119135337,50.95799362918163],[-114.06883299184663,50.95801293316535],[-114.06884527951766,50.95894873127234],[-114.06884437460057,50.960999616217414],[-114.06509745044595,50.96101332719131]]]]}},{"type":"Feature","properties":{"DGUID":"2021S051248061300","DAUID":"48061300","LANDAREA":1.2912,"PRUID":"48","fed_num":"48010","da_code":"48061300","geo_name":"48061300","name_source":{"label":"Statistics Canada Census Profile 2021 DA WDS","url":"https://www12.statcan.gc.ca/wds-sdw/2021profile-profil2021-eng.cfm"},"population":579,"status":"ok","source":{"label":"Statistics Canada Census Profile 2021 DA WDS","url":"https://www12.statcan.gc.ca/wds-sdw/2021profile-profil2021-eng.cfm"},"community_name":"Calgary","community_source":{"label":"Statistics Canada 2021 census subdivision boundaries (spatial lookup)","url":"https://geo.statcan.gc.ca/geo_wa/rest/services/2021/Cartographic_boundary_files/MapServer/9"},"community_display":"Calgary","is_unorganized":false,"panel_title":"Calgary","display_label":"Calgary","map_label":"48061300"},"geometry":{"type":"MultiPolygon","coordinates":[[[[-114.0599584918552,50.949694214150206],[-114.05995336240817,50.94932531928203],[-114.06009708434513,50.949357276753915],[-114.06016866551893,50.94937322339645],[-114.06023428128064,50.949386302083376],[-114.06242439208494,50.94988220730785],[-114.06322570093397,50.950046313992075],[-114.06480157203109,50.95034680417774],[-114.06525556839811,50.95039601388484],[-114.06631488824348,50.950510812407494],[-114.06871768866954,50.9505712232462],[-114.07051669286908,50.950572902635095],[-114.07064414331263,50.95057189624301],[-114.07075817698322,50.950570974132674],[-114.07098628278793,50.95056912067702],[-114.07123821687676,50.95056710051854],[-114.07134942722635,50.95056619378434],[-114.07158218249171,50.95056431592501],[-114.07257799974089,50.950551120993545],[-114.07303829541057,50.95055048505215],[-114.0732602759621,50.95055017254385],[-114.0732635476877,50.9505575131908],[-114.07330771289583,50.95065713568549],[-114.07331082700912,50.9506641272002],[-114.07331861060999,50.95068171648408],[-114.0735629343984,50.95133001089416],[-114.07363007108395,50.95148166340075],[-114.07363432032841,50.95149122924003],[-114.07371421585627,50.95167152184425],[-114.07405950901018,50.95281332063894],[-114.07413753730036,50.953053806428635],[-114.07422800838559,50.953384612235446],[-114.07435601118006,50.95397523797357],[-114.07438220144417,50.954108918523],[-114.07461691749809,50.95530622058403],[-114.07464231975544,50.95543573384761],[-114.07478992328967,50.95613293407537],[-114.07495461058024,50.95692842016532],[-114.07512320506036,50.95760092393981],[-114.07529812059639,50.95819773321164],[-114.07546421734635,50.958910043496054],[-114.07581351914689,50.960547139515626],[-114.07660439411829,50.96434393670035],[-114.07668439895221,50.96480085691505],[-114.0767061195036,50.96490529066224],[-114.07670769584645,50.96491293916792],[-114.07673471366876,50.965042059829635],[-114.07652733152351,50.96505483424233],[-114.07625616809194,50.965071536213365],[-114.07464025320883,50.96509384183816],[-114.07389963353252,50.965093235067165],[-114.07174754957784,50.96511124012611],[-114.07150583771698,50.9651051376358],[-114.07056606056986,50.965099550429635],[-114.0693617678488,50.96509570334743],[-114.06810226279508,50.96509164810181],[-114.06811014935587,50.964965933480784],[-114.06811726862558,50.963949628765555],[-114.06839174143371,50.96321002812456],[-114.06869636898713,50.96244403339623],[-114.06884235395435,50.96193502387921],[-114.06884437460057,50.960999616217414],[-114.06884527951766,50.95894873127234],[-114.06883299184663,50.95801293316535],[-114.06842119135337,50.95799362918163],[-114.0680224649901,50.95799262433225],[-114.0666824657612,50.95801291195077],[-114.06542378898158,50.95809822855537],[-114.06420207459755,50.9582743215875],[-114.06331368296746,50.95835992602667],[-114.06177505502212,50.95836622505774],[-114.05912504606975,50.958380425849725],[-114.05950075545573,50.95649191851687],[-114.05960356532324,50.95599081045451],[-114.05985645033003,50.95469281813401],[-114.05998716005291,50.954201429411576],[-114.06022142985572,50.953869645080566],[-114.06033165313777,50.95381337803747],[-114.06080886852801,50.95359251283109],[-114.06039537478028,50.953150319214146],[-114.06015117252741,50.95228062229232],[-114.06000718526901,50.95162932343569],[-114.0599584918552,50.949694214150206]]]]}},{"type":"Feature","properties":{"DGUID":"2021S051248061301","DAUID":"48061301","LANDAREA":0.8004,"PRUID":"48","fed_num":"48010","da_code":"48061301","geo_name":"48061301","name_source":{"label":"Statistics Canada Census Profile 2021 DA WDS","url":"https://www12.statcan.gc.ca/wds-sdw/2021profile-profil2021-eng.cfm"},"population":592,"status":"ok","source":{"label":"Statistics Canada Census Profile 2021 DA WDS","url":"https://www12.statcan.gc.ca/wds-sdw/2021profile-profil2021-eng.cfm"},"community_name":"Calgary","community_source":{"label":"Statistics Canada 2021 census subdivision boundaries (spatial lookup)","url":"https://geo.statcan.gc.ca/geo_wa/rest/services/2021/Cartographic_boundary_files/MapServer/9"},"community_display":"Calgary","is_unorganized":false,"panel_title":"Calgary","display_label":"Calgary","map_label":"48061301"},"geometry":{"type":"MultiPolygon","coordinates":[[[[-114.05577724753662,50.95929442984382],[-114.05541944424678,50.958646737441306],[-114.05525107132625,50.958606528009355],[-114.05313405920036,50.95852612444457],[-114.05311536474491,50.959721939344625],[-114.05170694020245,50.95969544237482],[-114.05139756520651,50.95963363395133],[-114.05042263552491,50.959510038562776],[-114.04986976210458,50.959469025109655],[-114.04844665847999,50.95945102995095],[-114.0456430583969,50.95964093782937],[-114.04565353329974,50.95768033921409],[-114.04540613525765,50.95753913982098],[-114.04508255579424,50.95725210811322],[-114.04452975665586,50.956761326584555],[-114.0443722555303,50.956550523023964],[-114.0453960557029,50.956126614696714],[-114.04558944439933,50.95599661224568],[-114.04559464433653,50.95569092772078],[-114.04542636522855,50.955425820560144],[-114.04525966398604,50.95535862882233],[-114.04358413415747,50.955280210066],[-114.04089673214511,50.95515341552482],[-114.04106206451702,50.954227116289175],[-114.04142383738478,50.95169360387598],[-114.042609462499,50.95179241740036],[-114.04319975851516,50.95169040380366],[-114.04343417353705,50.95158841475384],[-114.0440675501283,50.95192831591817],[-114.04478754729183,50.952027509703235],[-114.0464157504071,50.9521766084286],[-114.04829075602308,50.9524759233402],[-114.04845344304339,50.95238111839425],[-114.04847737670838,50.95132931901297],[-114.04981665145621,50.95131822600151],[-114.04984446417187,50.952002515270706],[-114.0498194648448,50.95284742655156],[-114.05167005547663,50.95308313146663],[-114.0525669592719,50.953537523545556],[-114.05354515131141,50.95405691387093],[-114.05438397222946,50.95340351470881],[-114.05506026716442,50.9537444162582],[-114.05739547701009,50.95374932156563],[-114.05739247693023,50.95289472898604],[-114.05971397242347,50.95289030579233],[-114.05987836901197,50.95299332058068],[-114.05989679660836,50.95337622942456],[-114.05990918129835,50.953632809794534],[-114.05995175009912,50.95370535626018],[-114.06007077535028,50.953780812716964],[-114.06022142985572,50.953869645080566],[-114.05998716005291,50.954201429411576],[-114.05985645033003,50.95469281813401],[-114.05960356532324,50.95599081045451],[-114.05950075545573,50.95649191851687],[-114.05912504606975,50.958380425849725],[-114.05835265803876,50.95843291760026],[-114.05783227170583,50.958554730858616],[-114.0575285702148,50.95862802647083],[-114.05688695863843,50.95886361775881],[-114.05614186069769,50.95915972260763],[-114.05577724753662,50.95929442984382]]]]}},{"type":"Feature","properties":{"DGUID":"2021S051248061302","DAUID":"48061302","LANDAREA":0.2454,"PRUID":"48","fed_num":"48010","da_code":"48061302","geo_name":"48061302","name_source":{"label":"Statistics Canada Census Profile 2021 DA WDS","url":"https://www12.statcan.gc.ca/wds-sdw/2021profile-profil2021-eng.cfm"},"population":599,"status":"ok","source":{"label":"Statistics Canada Census Profile 2021 DA WDS","url":"https://www12.statcan.gc.ca/wds-sdw/2021profile-profil2021-eng.cfm"},"community_name":"Calgary","community_source":{"label":"Statistics Canada 2021 census subdivision boundaries (spatial lookup)","url":"https://geo.statcan.gc.ca/geo_wa/rest/services/2021/Cartographic_boundary_files/MapServer/9"},"community_display":"Calgary","is_unorganized":false,"panel_title":"Calgary","display_label":"Calgary","map_label":"48061302"},"geometry":{"type":"MultiPolygon","coordinates":[[[[-114.04840314531747,50.962382332936954],[-114.04828884939474,50.96216352801607],[-114.04793623210476,50.961884834568885],[-114.04833213745833,50.96170593308442],[-114.04846523962823,50.961403430188454],[-114.04844665847999,50.95945102995095],[-114.04986976210458,50.959469025109655],[-114.05042263552491,50.959510038562776],[-114.05139756520651,50.95963363395133],[-114.05170694020245,50.95969544237482],[-114.05311536474491,50.959721939344625],[-114.05313405920036,50.95852612444457],[-114.05525107132625,50.958606528009355],[-114.05541944424678,50.958646737441306],[-114.05577724753662,50.95929442984382],[-114.05614186069769,50.95915972260763],[-114.05688695863843,50.95886361775881],[-114.0575285702148,50.95862802647083],[-114.05783227170583,50.958554730858616],[-114.05835265803876,50.95843291760026],[-114.05912504606975,50.958380425849725],[-114.0587334446995,50.96052032055039],[-114.05874333575986,50.96149202287657],[-114.05740543756865,50.96170113776565],[-114.05734513748382,50.96152872364101],[-114.05734166502583,50.96090801968968],[-114.05734386779288,50.9601974360006],[-114.05716356184558,50.96012093778667],[-114.05513004817124,50.960519443755615],[-114.05415746037377,50.96058482134754],[-114.05383495769799,50.96072963586121],[-114.05363983566967,50.960886534374175],[-114.0535766327411,50.96098392887004],[-114.05359775890697,50.961326222571145],[-114.05230193996735,50.96132053979274],[-114.0523207583797,50.962148543504846],[-114.05231676211224,50.96311093661041],[-114.05232584755187,50.963641845239124],[-114.05233152459138,50.96400183588898],[-114.05232353638733,50.964127533427614],[-114.04843542522384,50.96411925460233],[-114.04844283363552,50.964002446060974],[-114.04840314531747,50.962382332936954]]]]}},{"type":"Feature","properties":{"DGUID":"2021S051248061303","DAUID":"48061303","LANDAREA":0.1643,"PRUID":"48","fed_num":"48010","da_code":"48061303","geo_name":"48061303","name_source":{"label":"Statistics Canada Census Profile 2021 DA WDS","url":"https://www12.statcan.gc.ca/wds-sdw/2021profile-profil2021-eng.cfm"},"population":584,"status":"ok","source":{"label":"Statistics Canada Census Profile 2021 DA WDS","url":"https://www12.statcan.gc.ca/wds-sdw/2021profile-profil2021-eng.cfm"},"community_name":"Calgary","community_source":{"label":"Statistics Canada 2021 census subdivision boundaries (spatial lookup)","url":"https://geo.statcan.gc.ca/geo_wa/rest/services/2021/Cartographic_boundary_files/MapServer/9"},"community_display":"Calgary","is_unorganized":false,"panel_title":"Calgary","display_label":"Calgary","map_label":"48061303"},"geometry":{"type":"MultiPolygon","coordinates":[[[[-114.0523207583797,50.962148543504846],[-114.05230193996735,50.96132053979274],[-114.05359775890697,50.961326222571145],[-114.0535766327411,50.96098392887004],[-114.05363983566967,50.960886534374175],[-114.05383495769799,50.96072963586121],[-114.05415746037377,50.96058482134754],[-114.05513004817124,50.960519443755615],[-114.05716356184558,50.96012093778667],[-114.05734386779288,50.9601974360006],[-114.05734166502583,50.96090801968968],[-114.05734513748382,50.96152872364101],[-114.05740543756865,50.96170113776565],[-114.05874333575986,50.96149202287657],[-114.05874135978709,50.964001637526046],[-114.05874655412572,50.96414564457633],[-114.05232353638733,50.964127533427614],[-114.05233152459138,50.96400183588898],[-114.05232584755187,50.963641845239124],[-114.05231676211224,50.96311093661041],[-114.0523207583797,50.962148543504846]]]]}},{"type":"Feature","properties":{"DGUID":"2021S051248061304","DAUID":"48061304","LANDAREA":0.1914,"PRUID":"48","fed_num":"48010","da_code":"48061304","geo_name":"48061304","name_source":{"label":"Statistics Canada Census Profile 2021 DA WDS","url":"https://www12.statcan.gc.ca/wds-sdw/2021profile-profil2021-eng.cfm"},"population":500,"status":"ok","source":{"label":"Statistics Canada Census Profile 2021 DA WDS","url":"https://www12.statcan.gc.ca/wds-sdw/2021profile-profil2021-eng.cfm"},"community_name":"Calgary","community_source":{"label":"Statistics Canada 2021 census subdivision boundaries (spatial lookup)","url":"https://geo.statcan.gc.ca/geo_wa/rest/services/2021/Cartographic_boundary_files/MapServer/9"},"community_display":"Calgary","is_unorganized":false,"panel_title":"Calgary","display_label":"Calgary","map_label":"48061304"},"geometry":{"type":"MultiPolygon","coordinates":[[[[-114.04843702764347,50.96611615458533],[-114.04843542522384,50.96411925460233],[-114.05232353638733,50.964127533427614],[-114.05874655412572,50.96414564457633],[-114.0587069372735,50.96567383367899],[-114.05888453739061,50.96669475420565],[-114.05741743457051,50.96669373229629],[-114.0561925467503,50.9666898516344],[-114.05492392948373,50.96670274324965],[-114.05426862233503,50.966704247695915],[-114.0524169194483,50.96692734461553],[-114.05232364673743,50.966601145720105],[-114.05232533192918,50.96612443302388],[-114.0510430396787,50.96612803357606],[-114.04984553479284,50.966142757129916],[-114.04843702764347,50.96611615458533]]]]}},{"type":"Feature","properties":{"DGUID":"2021S051248061305","DAUID":"48061305","LANDAREA":0.431,"PRUID":"48","fed_num":"48010","da_code":"48061305","geo_name":"48061305","name_source":{"label":"Statistics Canada Census Profile 2021 DA WDS","url":"https://www12.statcan.gc.ca/wds-sdw/2021profile-profil2021-eng.cfm"},"population":476,"status":"ok","source":{"label":"Statistics Canada Census Profile 2021 DA WDS","url":"https://www12.statcan.gc.ca/wds-sdw/2021profile-profil2021-eng.cfm"},"community_name":"Calgary","community_source":{"label":"Statistics Canada 2021 census subdivision boundaries (spatial lookup)","url":"https://geo.statcan.gc.ca/geo_wa/rest/services/2021/Cartographic_boundary_files/MapServer/9"},"community_display":"Calgary","is_unorganized":false,"panel_title":"Calgary","display_label":"Calgary","map_label":"48061305"},"geometry":{"type":"MultiPolygon","coordinates":[[[[-114.05971397242347,50.95289030579233],[-114.05739247693023,50.95289472898604],[-114.05739547701009,50.95374932156563],[-114.05506026716442,50.9537444162582],[-114.05438397222946,50.95340351470881],[-114.05354515131141,50.95405691387093],[-114.0525669592719,50.953537523545556],[-114.05335007741097,50.952864727379534],[-114.05425996603486,50.95221302943008],[-114.05344726826725,50.9517787271297],[-114.05434349252337,50.951117722999776],[-114.05521065066385,50.95046500761503],[-114.05567758186552,50.95006302468717],[-114.05566888554831,50.948848419872554],[-114.05439165385967,50.948780205935236],[-114.05308086450718,50.94879210149939],[-114.04849515627853,50.948802096127665],[-114.0484871811731,50.9496025128166],[-114.04847573914402,50.95045671017068],[-114.04982804790767,50.95046391999349],[-114.04981665145621,50.95131822600151],[-114.04847737670838,50.95132931901297],[-114.04845344304339,50.95238111839425],[-114.04829075602308,50.9524759233402],[-114.0464157504071,50.9521766084286],[-114.04478754729183,50.952027509703235],[-114.0440675501283,50.95192831591817],[-114.04343417353705,50.95158841475384],[-114.04319975851516,50.95169040380366],[-114.042609462499,50.95179241740036],[-114.04142383738478,50.95169360387598],[-114.04161576207711,50.95057369358598],[-114.0415755295991,50.950417604921114],[-114.04175796028188,50.948951309951816],[-114.0418521621435,50.94835920302729],[-114.04208693773325,50.94836100014968],[-114.04346826840467,50.948360101100334],[-114.05168082431987,50.94837397584348],[-114.05451676623895,50.94837862015564],[-114.0564701664261,50.94856282751923],[-114.05654967190927,50.948577863614695],[-114.05756766990487,50.948770411183666],[-114.05784806181705,50.94884041066585],[-114.05995336240817,50.94932531928203],[-114.0599584918552,50.949694214150206],[-114.06000718526901,50.95162932343569],[-114.06015117252741,50.95228062229232],[-114.06039537478028,50.953150319214146],[-114.06080886852801,50.95359251283109],[-114.06033165313777,50.95381337803747],[-114.06022142985572,50.953869645080566],[-114.06007077535028,50.953780812716964],[-114.05995175009912,50.95370535626018],[-114.05990918129835,50.953632809794534],[-114.05989679660836,50.95337622942456],[-114.05987836901197,50.95299332058068],[-114.05971397242347,50.95289030579233]]]]}},{"type":"Feature","properties":{"DGUID":"2021S051248061306","DAUID":"48061306","LANDAREA":0.1797,"PRUID":"48","fed_num":"48010","da_code":"48061306","geo_name":"48061306","name_source":{"label":"Statistics Canada Census Profile 2021 DA WDS","url":"https://www12.statcan.gc.ca/wds-sdw/2021profile-profil2021-eng.cfm"},"population":461,"status":"ok","source":{"label":"Statistics Canada Census Profile 2021 DA WDS","url":"https://www12.statcan.gc.ca/wds-sdw/2021profile-profil2021-eng.cfm"},"community_name":"Calgary","community_source":{"label":"Statistics Canada 2021 census subdivision boundaries (spatial lookup)","url":"https://geo.statcan.gc.ca/geo_wa/rest/services/2021/Cartographic_boundary_files/MapServer/9"},"community_display":"Calgary","is_unorganized":false,"panel_title":"Calgary","display_label":"Calgary","map_label":"48061306"},"geometry":{"type":"MultiPolygon","coordinates":[[[[-114.0484871811731,50.9496025128166],[-114.04849515627853,50.948802096127665],[-114.05308086450718,50.94879210149939],[-114.05439165385967,50.948780205935236],[-114.05566888554831,50.948848419872554],[-114.05567758186552,50.95006302468717],[-114.05521065066385,50.95046500761503],[-114.05434349252337,50.951117722999776],[-114.05344726826725,50.9517787271297],[-114.05425996603486,50.95221302943008],[-114.05335007741097,50.952864727379534],[-114.0525669592719,50.953537523545556],[-114.05167005547663,50.95308313146663],[-114.0498194648448,50.95284742655156],[-114.04984446417187,50.952002515270706],[-114.04981665145621,50.95131822600151],[-114.04982804790767,50.95046391999349],[-114.04847573914402,50.95045671017068],[-114.0484871811731,50.9496025128166]]]]}},{"type":"Feature","properties":{"DGUID":"2021S051248061307","DAUID":"48061307","LANDAREA":0.3039,"PRUID":"48","fed_num":"48010","da_code":"48061307","geo_name":"48061307","name_source":{"label":"Statistics Canada Census Profile 2021 DA WDS","url":"https://www12.statcan.gc.ca/wds-sdw/2021profile-profil2021-eng.cfm"},"population":433,"status":"ok","source":{"label":"Statistics Canada Census Profile 2021 DA WDS","url":"https://www12.statcan.gc.ca/wds-sdw/2021profile-profil2021-eng.cfm"},"community_name":"Calgary","community_source":{"label":"Statistics Canada 2021 census subdivision boundaries (spatial lookup)","url":"https://geo.statcan.gc.ca/geo_wa/rest/services/2021/Cartographic_boundary_files/MapServer/9"},"community_display":"Calgary","is_unorganized":false,"panel_title":"Calgary","display_label":"Calgary","map_label":"48061307"},"geometry":{"type":"MultiPolygon","coordinates":[[[[-114.0564701664261,50.94856282751923],[-114.05451676623895,50.94837862015564],[-114.05168082431987,50.94837397584348],[-114.04346826840467,50.948360101100334],[-114.04208693773325,50.94836100014968],[-114.0418521621435,50.94835920302729],[-114.04186265864695,50.9482887033805],[-114.04187011499421,50.948218599056126],[-114.04188166227569,50.94811009793271],[-114.04196195308919,50.94763829191162],[-114.04241056764909,50.94505910438434],[-114.04260904688543,50.94507311127177],[-114.04392767322786,50.945160503232614],[-114.0450000500908,50.94553840084464],[-114.04434146322113,50.94626830488922],[-114.0435481609711,50.94597831357522],[-114.04272647007748,50.945912591661696],[-114.04265985754331,50.94651369343607],[-114.04283617259931,50.94665309003527],[-114.04602615755203,50.94776820650024],[-114.0471503857433,50.947778711836584],[-114.04846106676001,50.947766910960816],[-114.04848735702727,50.94667910847635],[-114.04714877241408,50.946681198489856],[-114.04715846206601,50.945853897474045],[-114.04777146735074,50.9458425095689],[-114.04876315588594,50.945471795106435],[-114.0489775750321,50.94568409223278],[-114.04933467049668,50.94589100113039],[-114.05012958035394,50.94615399946671],[-114.05098996775688,50.946283602380234],[-114.05111896863149,50.94626891275438],[-114.05185086132732,50.946179519016894],[-114.05297329143444,50.94576710491155],[-114.05322176550472,50.94566540194726],[-114.05375408429114,50.94557989757723],[-114.05410998964113,50.94557989724467],[-114.05564868907803,50.945564698007274],[-114.05648919657717,50.94555900038434],[-114.05718288639329,50.94562141195944],[-114.0572160712825,50.94779910757183],[-114.05850467566357,50.94791250361169],[-114.05849196472475,50.94631110040538],[-114.05873127541557,50.9459033225403],[-114.0593630851543,50.946045202622074],[-114.05998857015717,50.946061011446005],[-114.05997577877795,50.94761681602881],[-114.05996908539124,50.94817430143613],[-114.05996498466882,50.94847556801934],[-114.05995729147965,50.949037523532276],[-114.05995409304418,50.94917065366349],[-114.05995179570832,50.9492669134878],[-114.05995336240817,50.94932531928203],[-114.05784806181705,50.94884041066585],[-114.05756766990487,50.948770411183666],[-114.05654967190927,50.948577863614695],[-114.0564701664261,50.94856282751923]]]]}},{"type":"Feature","properties":{"DGUID":"2021S051248061308","DAUID":"48061308","LANDAREA":0.1356,"PRUID":"48","fed_num":"48010","da_code":"48061308","geo_name":"48061308","name_source":{"label":"Statistics Canada Census Profile 2021 DA WDS","url":"https://www12.statcan.gc.ca/wds-sdw/2021profile-profil2021-eng.cfm"},"population":343,"status":"ok","source":{"label":"Statistics Canada Census Profile 2021 DA WDS","url":"https://www12.statcan.gc.ca/wds-sdw/2021profile-profil2021-eng.cfm"},"community_name":"Calgary","community_source":{"label":"Statistics Canada 2021 census subdivision boundaries (spatial lookup)","url":"https://geo.statcan.gc.ca/geo_wa/rest/services/2021/Cartographic_boundary_files/MapServer/9"},"community_display":"Calgary","is_unorganized":false,"panel_title":"Calgary","display_label":"Calgary","map_label":"48061308"},"geometry":{"type":"MultiPolygon","coordinates":[[[[-114.0572160712825,50.94779910757183],[-114.05718288639329,50.94562141195944],[-114.05648919657717,50.94555900038434],[-114.05564868907803,50.945564698007274],[-114.05410998964113,50.94557989724467],[-114.05417597036225,50.94521281885098],[-114.05433856590044,50.94489301132562],[-114.0550145689577,50.94433440525745],[-114.0554211302574,50.943965416330066],[-114.05546778080381,50.94392309934577],[-114.05563428483997,50.94354048837012],[-114.05576447553581,50.94283321141813],[-114.05602770693962,50.94249800679932],[-114.05733028863634,50.94238689911669],[-114.05714107795859,50.943128802955535],[-114.05847440370084,50.94320738934539],[-114.06024170202107,50.943404813368666],[-114.06085239158479,50.94365411387926],[-114.06054539935295,50.944006114057906],[-114.06021288440438,50.94453752113285],[-114.06004931249235,50.94510001002475],[-114.05998857015717,50.946061011446005],[-114.0593630851543,50.946045202622074],[-114.05873127541557,50.9459033225403],[-114.05849196472475,50.94631110040538],[-114.05850467566357,50.94791250361169],[-114.0572160712825,50.94779910757183]]]]}},{"type":"Feature","properties":{"DGUID":"2021S051248061309","DAUID":"48061309","LANDAREA":0.3902,"PRUID":"48","fed_num":"48010","da_code":"48061309","geo_name":"48061309","name_source":{"label":"Statistics Canada Census Profile 2021 DA WDS","url":"https://www12.statcan.gc.ca/wds-sdw/2021profile-profil2021-eng.cfm"},"population":433,"status":"ok","source":{"label":"Statistics Canada Census Profile 2021 DA WDS","url":"https://www12.statcan.gc.ca/wds-sdw/2021profile-profil2021-eng.cfm"},"community_name":"Calgary","community_source":{"label":"Statistics Canada 2021 census subdivision boundaries (spatial lookup)","url":"https://geo.statcan.gc.ca/geo_wa/rest/services/2021/Cartographic_boundary_files/MapServer/9"},"community_display":"Calgary","is_unorganized":false,"panel_title":"Calgary","display_label":"Calgary","map_label":"48061309"},"geometry":{"type":"MultiPolygon","coordinates":[[[[-114.05098996775688,50.946283602380234],[-114.05012958035394,50.94615399946671],[-114.04933467049668,50.94589100113039],[-114.0489775750321,50.94568409223278],[-114.04876315588594,50.945471795106435],[-114.0485937852789,50.94522460004219],[-114.04851585710274,50.94443110105596],[-114.048420354283,50.944140793314055],[-114.04815546695761,50.943828294496114],[-114.04774836283548,50.94351218920098],[-114.04689096726725,50.943112692632226],[-114.04672147901148,50.9433152985067],[-114.04649917397202,50.94345360569682],[-114.04587535473263,50.94363569394031],[-114.04550465538972,50.94364429636983],[-114.04513386494327,50.94365289079957],[-114.04456927213134,50.94380050458759],[-114.04437766745409,50.943903599126415],[-114.04411146112245,50.944283606469995],[-114.04392767322786,50.945160503232614],[-114.04260904688543,50.94507311127177],[-114.04241056764909,50.94505910438434],[-114.0426336764478,50.94401229623195],[-114.04285837497636,50.94361320546489],[-114.04323027751109,50.943136906050064],[-114.04451039101156,50.942035997670104],[-114.0451426747306,50.941494295058035],[-114.04614126666249,50.94056608988763],[-114.04716757883487,50.93964759977785],[-114.04750308328352,50.93929629843274],[-114.04785107178586,50.93874740821834],[-114.04803648815195,50.9380683919322],[-114.0480716955671,50.93751159660282],[-114.04822858833326,50.937506597459155],[-114.04907007276022,50.9374828917442],[-114.05122990041534,50.93732168074483],[-114.05293377724384,50.93739168928529],[-114.0529780913573,50.93781559591906],[-114.05331528179556,50.938561707970244],[-114.0537263818921,50.93903980211479],[-114.05402658313533,50.93924530586125],[-114.05517847311454,50.93971508773038],[-114.05675288474292,50.94025859970067],[-114.05744428246574,50.94035690969317],[-114.05728008678224,50.94070360005899],[-114.05721240059873,50.94109769021307],[-114.05724149934947,50.94153920040384],[-114.05733028863634,50.94238689911669],[-114.05602770693962,50.94249800679932],[-114.05576447553581,50.94283321141813],[-114.05563428483997,50.94354048837012],[-114.05546778080381,50.94392309934577],[-114.0554211302574,50.943965416330066],[-114.0550145689577,50.94433440525745],[-114.05433856590044,50.94489301132562],[-114.05417597036225,50.94521281885098],[-114.05410998964113,50.94557989724467],[-114.05375408429114,50.94557989757723],[-114.05322176550472,50.94566540194726],[-114.05297329143444,50.94576710491155],[-114.05185086132732,50.946179519016894],[-114.05111896863149,50.94626891275438],[-114.05098996775688,50.946283602380234]]]]}},{"type":"Feature","properties":{"DGUID":"2021S051248061310","DAUID":"48061310","LANDAREA":0.1344,"PRUID":"48","fed_num":"48010","da_code":"48061310","geo_name":"48061310","name_source":{"label":"Statistics Canada Census Profile 2021 DA WDS","url":"https://www12.statcan.gc.ca/wds-sdw/2021profile-profil2021-eng.cfm"},"population":402,"status":"ok","source":{"label":"Statistics Canada Census Profile 2021 DA WDS","url":"https://www12.statcan.gc.ca/wds-sdw/2021profile-profil2021-eng.cfm"},"community_name":"Calgary","community_source":{"label":"Statistics Canada 2021 census subdivision boundaries (spatial lookup)","url":"https://geo.statcan.gc.ca/geo_wa/rest/services/2021/Cartographic_boundary_files/MapServer/9"},"community_display":"Calgary","is_unorganized":false,"panel_title":"Calgary","display_label":"Calgary","map_label":"48061310"},"geometry":{"type":"MultiPolygon","coordinates":[[[[-114.04602615755203,50.94776820650024],[-114.04283617259931,50.94665309003527],[-114.04265985754331,50.94651369343607],[-114.04272647007748,50.945912591661696],[-114.0435481609711,50.94597831357522],[-114.04434146322113,50.94626830488922],[-114.0450000500908,50.94553840084464],[-114.04392767322786,50.945160503232614],[-114.04411146112245,50.944283606469995],[-114.04437766745409,50.943903599126415],[-114.04456927213134,50.94380050458759],[-114.04513386494327,50.94365289079957],[-114.04550465538972,50.94364429636983],[-114.04587535473263,50.94363569394031],[-114.04649917397202,50.94345360569682],[-114.04672147901148,50.9433152985067],[-114.04689096726725,50.943112692632226],[-114.04774836283548,50.94351218920098],[-114.04815546695761,50.943828294496114],[-114.048420354283,50.944140793314055],[-114.04851585710274,50.94443110105596],[-114.0485937852789,50.94522460004219],[-114.04876315588594,50.945471795106435],[-114.04777146735074,50.9458425095689],[-114.04715846206601,50.945853897474045],[-114.04714877241408,50.946681198489856],[-114.04848735702727,50.94667910847635],[-114.04846106676001,50.947766910960816],[-114.0471503857433,50.947778711836584],[-114.04602615755203,50.94776820650024]]]]}},{"type":"Feature","properties":{"DGUID":"2021S051248061311","DAUID":"48061311","LANDAREA":0.2376,"PRUID":"48","fed_num":"48010","da_code":"48061311","geo_name":"48061311","name_source":{"label":"Statistics Canada Census Profile 2021 DA WDS","url":"https://www12.statcan.gc.ca/wds-sdw/2021profile-profil2021-eng.cfm"},"population":425,"status":"ok","source":{"label":"Statistics Canada Census Profile 2021 DA WDS","url":"https://www12.statcan.gc.ca/wds-sdw/2021profile-profil2021-eng.cfm"},"community_name":"Calgary","community_source":{"label":"Statistics Canada 2021 census subdivision boundaries (spatial lookup)","url":"https://geo.statcan.gc.ca/geo_wa/rest/services/2021/Cartographic_boundary_files/MapServer/9"},"community_display":"Calgary","is_unorganized":false,"panel_title":"Calgary","display_label":"Calgary","map_label":"48061311"},"geometry":{"type":"MultiPolygon","coordinates":[[[[-114.04818279649878,50.93441118857052],[-114.04817579238117,50.933749936919384],[-114.04833908433683,50.93374049172176],[-114.04993490504992,50.93371787669483],[-114.05026629662989,50.93365428053762],[-114.05071881760311,50.933476787960316],[-114.05083710132722,50.93363268503988],[-114.05166929094538,50.93420250095113],[-114.05208090649356,50.934446686630544],[-114.05260051928056,50.93478368534209],[-114.0535442894839,50.93539220612918],[-114.05421970128383,50.93574208730886],[-114.05523341684767,50.93614550253543],[-114.0573495265522,50.9369005042265],[-114.05666219740749,50.93763869873606],[-114.0564330832332,50.93788479017928],[-114.05569809479562,50.93847789621393],[-114.05669139620957,50.93897970118998],[-114.05799119368899,50.939588202204376],[-114.05744428246574,50.94035690969317],[-114.05675288474292,50.94025859970067],[-114.05517847311454,50.93971508773038],[-114.05402658313533,50.93924530586125],[-114.0537263818921,50.93903980211479],[-114.05331528179556,50.938561707970244],[-114.0529780913573,50.93781559591906],[-114.05293377724384,50.93739168928529],[-114.05122990041534,50.93732168074483],[-114.04907007276022,50.9374828917442],[-114.04822858833326,50.937506597459155],[-114.0480716955671,50.93751159660282],[-114.04819010000998,50.935643698929624],[-114.04818279649878,50.93441118857052]]]]}},{"type":"Feature","properties":{"DGUID":"2021S051248061312","DAUID":"48061312","LANDAREA":0.1346,"PRUID":"48","fed_num":"48010","da_code":"48061312","geo_name":"48061312","name_source":{"label":"Statistics Canada Census Profile 2021 DA WDS","url":"https://www12.statcan.gc.ca/wds-sdw/2021profile-profil2021-eng.cfm"},"population":359,"status":"ok","source":{"label":"Statistics Canada Census Profile 2021 DA WDS","url":"https://www12.statcan.gc.ca/wds-sdw/2021profile-profil2021-eng.cfm"},"community_name":"Calgary","community_source":{"label":"Statistics Canada 2021 census subdivision boundaries (spatial lookup)","url":"https://geo.statcan.gc.ca/geo_wa/rest/services/2021/Cartographic_boundary_files/MapServer/9"},"community_display":"Calgary","is_unorganized":false,"panel_title":"Calgary","display_label":"Calgary","map_label":"48061312"},"geometry":{"type":"MultiPolygon","coordinates":[[[[-114.05744428246574,50.94035690969317],[-114.05799119368899,50.939588202204376],[-114.05859499971149,50.939720285735746],[-114.05894129379774,50.93987299392478],[-114.05933698436519,50.94014379334183],[-114.06026678547484,50.940751891725554],[-114.06114068254588,50.94111570635181],[-114.06240021095746,50.941462296913876],[-114.06193930829744,50.942224213102655],[-114.06209280155925,50.9422731002215],[-114.06338189762505,50.94260240658188],[-114.06353201483286,50.94270510894157],[-114.06363401800824,50.94334630586355],[-114.06380699445937,50.94421420860161],[-114.06287847540774,50.94426280353941],[-114.0622739846415,50.94413960778016],[-114.06100539105194,50.94371189767356],[-114.06085239158479,50.94365411387926],[-114.06024170202107,50.943404813368666],[-114.05847440370084,50.94320738934539],[-114.05714107795859,50.943128802955535],[-114.05733028863634,50.94238689911669],[-114.05724149934947,50.94153920040384],[-114.05721240059873,50.94109769021307],[-114.05728008678224,50.94070360005899],[-114.05744428246574,50.94035690969317]]]]}},{"type":"Feature","properties":{"DGUID":"2021S051248061313","DAUID":"48061313","LANDAREA":0.2027,"PRUID":"48","fed_num":"48010","da_code":"48061313","geo_name":"48061313","name_source":{"label":"Statistics Canada Census Profile 2021 DA WDS","url":"https://www12.statcan.gc.ca/wds-sdw/2021profile-profil2021-eng.cfm"},"population":376,"status":"ok","source":{"label":"Statistics Canada Census Profile 2021 DA WDS","url":"https://www12.statcan.gc.ca/wds-sdw/2021profile-profil2021-eng.cfm"},"community_name":"Calgary","community_source":{"label":"Statistics Canada 2021 census subdivision boundaries (spatial lookup)","url":"https://geo.statcan.gc.ca/geo_wa/rest/services/2021/Cartographic_boundary_files/MapServer/9"},"community_display":"Calgary","is_unorganized":false,"panel_title":"Calgary","display_label":"Calgary","map_label":"48061313"},"geometry":{"type":"MultiPolygon","coordinates":[[[[-114.05666219740749,50.93763869873606],[-114.0573495265522,50.9369005042265],[-114.05791230680875,50.93700460586058],[-114.05851321304114,50.9369567913494],[-114.05905389648885,50.93673650818331],[-114.05952459282366,50.93694629354891],[-114.05991980694277,50.93700121237413],[-114.06064921147721,50.936947709812394],[-114.06099310145873,50.93691129068275],[-114.06229790763778,50.93676430681892],[-114.0626850084828,50.936720093987226],[-114.06457371708457,50.93679461551956],[-114.06450001577346,50.93751230890538],[-114.06446532520283,50.93765532057977],[-114.06434611191786,50.938147097380536],[-114.0641719276918,50.93845606015115],[-114.06372098592173,50.939255804922205],[-114.06240021095746,50.941462296913876],[-114.06114068254588,50.94111570635181],[-114.06026678547484,50.940751891725554],[-114.05933698436519,50.94014379334183],[-114.05894129379774,50.93987299392478],[-114.05859499971149,50.939720285735746],[-114.05799119368899,50.939588202204376],[-114.05669139620957,50.93897970118998],[-114.05569809479562,50.93847789621393],[-114.0564330832332,50.93788479017928],[-114.05666219740749,50.93763869873606]]]]}},{"type":"Feature","properties":{"DGUID":"2021S051248061314","DAUID":"48061314","LANDAREA":0.5692,"PRUID":"48","fed_num":"48010","da_code":"48061314","geo_name":"48061314","name_source":{"label":"Statistics Canada Census Profile 2021 DA WDS","url":"https://www12.statcan.gc.ca/wds-sdw/2021profile-profil2021-eng.cfm"},"population":553,"status":"ok","source":{"label":"Statistics Canada Census Profile 2021 DA WDS","url":"https://www12.statcan.gc.ca/wds-sdw/2021profile-profil2021-eng.cfm"},"community_name":"Calgary","community_source":{"label":"Statistics Canada 2021 census subdivision boundaries (spatial lookup)","url":"https://geo.statcan.gc.ca/geo_wa/rest/services/2021/Cartographic_boundary_files/MapServer/9"},"community_display":"Calgary","is_unorganized":false,"panel_title":"Calgary","display_label":"Calgary","map_label":"48061314"},"geometry":{"type":"MultiPolygon","coordinates":[[[[-114.06374641636826,50.932528104301284],[-114.06316472174025,50.93182088853353],[-114.06333922253225,50.93176229642074],[-114.06517242869239,50.931583493603696],[-114.0657730423738,50.93063619183925],[-114.0659264363448,50.930460102211114],[-114.06609414579529,50.93050930859794],[-114.066430730387,50.930589699595025],[-114.06733522221415,50.93091829886298],[-114.06826035474212,50.9313395005894],[-114.06848362397268,50.93144190249929],[-114.06862182433036,50.931508297450485],[-114.06880152043549,50.93159380160999],[-114.06911203898603,50.931741506952996],[-114.06952011311056,50.93193569593804],[-114.06985222197243,50.93208790303929],[-114.07034974502173,50.93232030993907],[-114.07059388293713,50.93243434231573],[-114.0704938654573,50.932625195755655],[-114.07035087032654,50.932876195141134],[-114.07020596339308,50.933147699654235],[-114.07005164733165,50.93348340949383],[-114.0699669734827,50.93374590391939],[-114.06989674179826,50.93402379363781],[-114.0698388577225,50.93429498989495],[-114.06979764851206,50.934583793134955],[-114.06969734872865,50.93584629406519],[-114.06966103948686,50.93650509477083],[-114.06963996716937,50.9368892125757],[-114.06963552844411,50.937423207129804],[-114.06968315888486,50.938090094355886],[-114.06985193524098,50.93914310742441],[-114.07001035547326,50.9399086069277],[-114.07030594505933,50.94141229689611],[-114.07054355792691,50.9425951109823],[-114.0705636248921,50.94269429700092],[-114.07075445396256,50.943638215221675],[-114.0708389075546,50.944029815216346],[-114.07070337253252,50.94407188304483],[-114.07046599234774,50.9441456008011],[-114.07026191922344,50.944133594693554],[-114.06991940608512,50.94369321436238],[-114.0696021079407,50.94353231603559],[-114.06920689310223,50.94347741678527],[-114.06866559528208,50.943481815505464],[-114.06830789446684,50.943508819458444],[-114.06800771991863,50.943528210270316],[-114.06661457291905,50.94362867851708],[-114.06504698277831,50.94374170419219],[-114.06488590805658,50.94291009386626],[-114.06474130704511,50.94226781569694],[-114.06436250465657,50.94195240283712],[-114.06398491322678,50.941844002039105],[-114.06255430780298,50.941502098353546],[-114.06240021095746,50.941462296913876],[-114.06372098592173,50.939255804922205],[-114.0641719276918,50.93845606015115],[-114.06434611191786,50.938147097380536],[-114.06446532520283,50.93765532057977],[-114.06450001577346,50.93751230890538],[-114.06457371708457,50.93679461551956],[-114.06470631241592,50.93559260321086],[-114.06485951422316,50.93451700905723],[-114.06483442576615,50.93423759794413],[-114.06467051103299,50.93367580895332],[-114.06374641636826,50.932528104301284]]]]}},{"type":"Feature","properties":{"DGUID":"2021S051248061332","DAUID":"48061332","LANDAREA":0.6085,"PRUID":"48","fed_num":"48010","da_code":"48061332","geo_name":"48061332","name_source":{"label":"Statistics Canada Census Profile 2021 DA WDS","url":"https://www12.statcan.gc.ca/wds-sdw/2021profile-profil2021-eng.cfm"},"population":483,"status":"ok","source":{"label":"Statistics Canada Census Profile 2021 DA WDS","url":"https://www12.statcan.gc.ca/wds-sdw/2021profile-profil2021-eng.cfm"},"community_name":"Calgary","community_source":{"label":"Statistics Canada 2021 census subdivision boundaries (spatial lookup)","url":"https://geo.statcan.gc.ca/geo_wa/rest/services/2021/Cartographic_boundary_files/MapServer/9"},"community_display":"Calgary","is_unorganized":false,"panel_title":"Calgary","display_label":"Calgary","map_label":"48061332"},"geometry":{"type":"MultiPolygon","coordinates":[[[[-114.05958761425407,50.93301709738476],[-114.05955960579237,50.932332699090146],[-114.05942871391188,50.93169980813955],[-114.05930364692445,50.93142679490737],[-114.05887041501035,50.9310739917073],[-114.05899491327824,50.93090629652442],[-114.05899082072692,50.93051938152915],[-114.05483274476542,50.93077429724308],[-114.05343832453686,50.930766086854696],[-114.0520581298945,50.930533283458786],[-114.04878160202959,50.92990179687071],[-114.04877650760125,50.92975768181185],[-114.04825069669806,50.926529390869746],[-114.04835404270104,50.92660782853286],[-114.04866593043629,50.92675544694228],[-114.04890184985553,50.92674724890186],[-114.04919134239277,50.92663393760047],[-114.04944063561928,50.926500030117126],[-114.04983034324498,50.92649975152109],[-114.05070453611107,50.92663235362486],[-114.05109464209865,50.92687835141485],[-114.05121702285093,50.92700605258869],[-114.05120914178102,50.927358130969544],[-114.05116821992722,50.92748923614664],[-114.0510012417668,50.9277303348628],[-114.05072773233358,50.927906855493376],[-114.05055824396834,50.927958851117026],[-114.0500160357808,50.92804575006802],[-114.04926201895586,50.92809814871007],[-114.04910522638365,50.928176148765424],[-114.04902952169924,50.928266641792014],[-114.04903393555533,50.92839844551839],[-114.04933122626875,50.92857735493781],[-114.05013711377136,50.92872324719103],[-114.05055843148709,50.92872624729364],[-114.05107844057176,50.92862474318594],[-114.05193891751365,50.928636843529056],[-114.05204641134493,50.92867274202382],[-114.05229094471576,50.92880503946631],[-114.05257154635488,50.929072436630115],[-114.0528583278545,50.9292911584635],[-114.05310912390767,50.92937484347551],[-114.05322714684429,50.92937083646863],[-114.05345432289784,50.92922224099444],[-114.05340344595729,50.92899534531152],[-114.05352312355564,50.928810852790875],[-114.05377352234416,50.92864835897652],[-114.05382703010763,50.92854314588778],[-114.05399333887611,50.928453839486274],[-114.05406593825066,50.92844915237475],[-114.05408062490406,50.92841784170592],[-114.05437154333282,50.928522134673806],[-114.05480582356361,50.92879735990765],[-114.05494094873475,50.928951030494694],[-114.0550856430801,50.92921644428277],[-114.05523861139288,50.92937614216539],[-114.05560234413466,50.92959883272668],[-114.0557867505575,50.92963865476087],[-114.05649341920346,50.929642755454815],[-114.05776403280645,50.92932845986895],[-114.05819984386389,50.92917705228476],[-114.0596378595316,50.92886783974768],[-114.06024202560111,50.92869304502539],[-114.06046106070515,50.92865025411459],[-114.06144616140197,50.92833474554279],[-114.06163255601098,50.92831726402968],[-114.06187267680913,50.92831775933803],[-114.06272816435815,50.92847285328591],[-114.0641317400996,50.92889045798154],[-114.06460044154386,50.92895995608515],[-114.06492594744259,50.928981655005984],[-114.06744287066904,50.92891646471311],[-114.06755106163165,50.928928876529454],[-114.06784007591267,50.92896206907197],[-114.0679621372447,50.92896377614904],[-114.06811176623695,50.928965858369935],[-114.06898636522898,50.92908050899104],[-114.0692710548144,50.92911783048966],[-114.06965937808471,50.92916871951424],[-114.0698900841718,50.929198969356385],[-114.07008703871587,50.92922476146695],[-114.07011437032547,50.92922835589373],[-114.07031865021122,50.92921695566048],[-114.07067421094362,50.9292086849451],[-114.07120388203448,50.92905761079807],[-114.07131491080378,50.92905029135904],[-114.07192992320091,50.928966174031856],[-114.07228990904642,50.92907809935784],[-114.07218938724048,50.929262906462114],[-114.07198350706939,50.92963660541252],[-114.07144726253233,50.93068150130415],[-114.0712605650945,50.931053895052024],[-114.07105417931145,50.93150788716088],[-114.07078526144596,50.932069296878836],[-114.07067327304384,50.932282997516225],[-114.07067297257197,50.93228353455633],[-114.07059407509901,50.932433995339586],[-114.07059388293713,50.93243434231573],[-114.07034974502173,50.93232030993907],[-114.06985222197243,50.93208790303929],[-114.06952011311056,50.93193569593804],[-114.06911203898603,50.931741506952996],[-114.06880152043549,50.93159380160999],[-114.06862182433036,50.931508297450485],[-114.06848362397268,50.93144190249929],[-114.06826035474212,50.9313395005894],[-114.06733522221415,50.93091829886298],[-114.066430730387,50.930589699595025],[-114.06609414579529,50.93050930859794],[-114.0659264363448,50.930460102211114],[-114.0657730423738,50.93063619183925],[-114.06517242869239,50.931583493603696],[-114.06333922253225,50.93176229642074],[-114.06316472174025,50.93182088853353],[-114.06374641636826,50.932528104301284],[-114.06467051103299,50.93367580895332],[-114.06483442576615,50.93423759794413],[-114.06485951422316,50.93451700905723],[-114.06470631241592,50.93559260321086],[-114.06457371708457,50.93679461551956],[-114.0626850084828,50.936720093987226],[-114.06229790763778,50.93676430681892],[-114.06099310145873,50.93691129068275],[-114.06064921147721,50.936947709812394],[-114.05991980694277,50.93700121237413],[-114.05952459282366,50.93694629354891],[-114.05905389648885,50.93673650818331],[-114.05933871785912,50.936509886730335],[-114.05961889275825,50.93613008907914],[-114.05983651859447,50.935613893586925],[-114.05989390035653,50.935381504132785],[-114.05984309943243,50.93460661139392],[-114.059801014514,50.93437168374122],[-114.05958761425407,50.93301709738476]]]]}},{"type":"Feature","properties":{"DGUID":"2021S051248061333","DAUID":"48061333","LANDAREA":0.3162,"PRUID":"48","fed_num":"48010","da_code":"48061333","geo_name":"48061333","name_source":{"label":"Statistics Canada Census Profile 2021 DA WDS","url":"https://www12.statcan.gc.ca/wds-sdw/2021profile-profil2021-eng.cfm"},"population":551,"status":"ok","source":{"label":"Statistics Canada Census Profile 2021 DA WDS","url":"https://www12.statcan.gc.ca/wds-sdw/2021profile-profil2021-eng.cfm"},"community_name":"Calgary","community_source":{"label":"Statistics Canada 2021 census subdivision boundaries (spatial lookup)","url":"https://geo.statcan.gc.ca/geo_wa/rest/services/2021/Cartographic_boundary_files/MapServer/9"},"community_display":"Calgary","is_unorganized":false,"panel_title":"Calgary","display_label":"Calgary","map_label":"48061333"},"geometry":{"type":"MultiPolygon","coordinates":[[[[-114.05083710132722,50.93363268503988],[-114.05071881760311,50.933476787960316],[-114.05026629662989,50.93365428053762],[-114.04993490504992,50.93371787669483],[-114.04833908433683,50.93374049172176],[-114.04817579238117,50.933749936919384],[-114.04816242197923,50.93248569246133],[-114.04816188881478,50.931820096208426],[-114.04821029363934,50.93083179674368],[-114.04848539858182,50.93008319138321],[-114.04861281717871,50.929870483179364],[-114.04878160202959,50.92990179687071],[-114.0520581298945,50.930533283458786],[-114.05343832453686,50.930766086854696],[-114.05483274476542,50.93077429724308],[-114.05899082072692,50.93051938152915],[-114.05899491327824,50.93090629652442],[-114.05887041501035,50.9310739917073],[-114.05930364692445,50.93142679490737],[-114.05942871391188,50.93169980813955],[-114.05955960579237,50.932332699090146],[-114.05958761425407,50.93301709738476],[-114.059801014514,50.93437168374122],[-114.05984309943243,50.93460661139392],[-114.05989390035653,50.935381504132785],[-114.05983651859447,50.935613893586925],[-114.05961889275825,50.93613008907914],[-114.05933871785912,50.936509886730335],[-114.05905389648885,50.93673650818331],[-114.05851321304114,50.9369567913494],[-114.05791230680875,50.93700460586058],[-114.0573495265522,50.9369005042265],[-114.05523341684767,50.93614550253543],[-114.05421970128383,50.93574208730886],[-114.0535442894839,50.93539220612918],[-114.05260051928056,50.93478368534209],[-114.05208090649356,50.934446686630544],[-114.05166929094538,50.93420250095113],[-114.05083710132722,50.93363268503988]]]]}},{"type":"Feature","properties":{"DGUID":"2021S051248061334","DAUID":"48061334","LANDAREA":0.2505,"PRUID":"48","fed_num":"48010","da_code":"48061334","geo_name":"48061334","name_source":{"label":"Statistics Canada Census Profile 2021 DA WDS","url":"https://www12.statcan.gc.ca/wds-sdw/2021profile-profil2021-eng.cfm"},"population":533,"status":"ok","source":{"label":"Statistics Canada Census Profile 2021 DA WDS","url":"https://www12.statcan.gc.ca/wds-sdw/2021profile-profil2021-eng.cfm"},"community_name":"Calgary","community_source":{"label":"Statistics Canada 2021 census subdivision boundaries (spatial lookup)","url":"https://geo.statcan.gc.ca/geo_wa/rest/services/2021/Cartographic_boundary_files/MapServer/9"},"community_display":"Calgary","is_unorganized":false,"panel_title":"Calgary","display_label":"Calgary","map_label":"48061334"},"geometry":{"type":"MultiPolygon","coordinates":[[[[-114.04357309565441,50.93325098689906],[-114.04362210109272,50.93247869438969],[-114.04523138873608,50.932465489274996],[-114.04520878979918,50.93170028317701],[-114.04522931194172,50.93092729184346],[-114.04522149582832,50.93015349213955],[-114.0452357164885,50.92970408386491],[-114.04526820196334,50.929417091138625],[-114.04624870889988,50.92944187558251],[-114.04803642651876,50.92975699312125],[-114.04861281717871,50.929870483179364],[-114.04848539858182,50.93008319138321],[-114.04821029363934,50.93083179674368],[-114.04816188881478,50.931820096208426],[-114.04816242197923,50.93248569246133],[-114.04817579238117,50.933749936919384],[-114.04818279649878,50.93441118857052],[-114.04819010000998,50.935643698929624],[-114.0480716955671,50.93751159660282],[-114.0470784794957,50.93745948484568],[-114.04658558569999,50.93737507928445],[-114.04573570228864,50.937083699564475],[-114.04497789226274,50.93668667522474],[-114.04405700101152,50.93616869592968],[-114.0424618758098,50.935282677584844],[-114.04158198023141,50.934792677329774],[-114.04334447678292,50.9334880844762],[-114.04357309565441,50.93325098689906]]]]}},{"type":"Feature","properties":{"DGUID":"2021S051248061335","DAUID":"48061335","LANDAREA":0.191,"PRUID":"48","fed_num":"48010","da_code":"48061335","geo_name":"48061335","name_source":{"label":"Statistics Canada Census Profile 2021 DA WDS","url":"https://www12.statcan.gc.ca/wds-sdw/2021profile-profil2021-eng.cfm"},"population":595,"status":"ok","source":{"label":"Statistics Canada Census Profile 2021 DA WDS","url":"https://www12.statcan.gc.ca/wds-sdw/2021profile-profil2021-eng.cfm"},"community_name":"Calgary","community_source":{"label":"Statistics Canada 2021 census subdivision boundaries (spatial lookup)","url":"https://geo.statcan.gc.ca/geo_wa/rest/services/2021/Cartographic_boundary_files/MapServer/9"},"community_display":"Calgary","is_unorganized":false,"panel_title":"Calgary","display_label":"Calgary","map_label":"48061335"},"geometry":{"type":"MultiPolygon","coordinates":[[[[-114.0391974791913,50.933562791842824],[-114.03853750278866,50.933420192927564],[-114.03896456830735,50.932522490454346],[-114.03901358524469,50.93219987046542],[-114.03896480208957,50.93184789118626],[-114.03878830758659,50.930817978913566],[-114.03864790459842,50.93056247589836],[-114.03856269093751,50.9303354680644],[-114.03867760583329,50.930320386844876],[-114.04436659647094,50.929493198215724],[-114.04526820196334,50.929417091138625],[-114.0452357164885,50.92970408386491],[-114.04522149582832,50.93015349213955],[-114.04522931194172,50.93092729184346],[-114.04520878979918,50.93170028317701],[-114.04523138873608,50.932465489274996],[-114.04362210109272,50.93247869438969],[-114.04357309565441,50.93325098689906],[-114.04334447678292,50.9334880844762],[-114.04158198023141,50.934792677329774],[-114.04020640268133,50.93403819153865],[-114.0391974791913,50.933562791842824]]]]}},{"type":"Feature","properties":{"DGUID":"2021S051248061336","DAUID":"48061336","LANDAREA":0.1873,"PRUID":"48","fed_num":"48010","da_code":"48061336","geo_name":"48061336","name_source":{"label":"Statistics Canada Census Profile 2021 DA WDS","url":"https://www12.statcan.gc.ca/wds-sdw/2021profile-profil2021-eng.cfm"},"population":370,"status":"ok","source":{"label":"Statistics Canada Census Profile 2021 DA WDS","url":"https://www12.statcan.gc.ca/wds-sdw/2021profile-profil2021-eng.cfm"},"community_name":"Calgary","community_source":{"label":"Statistics Canada 2021 census subdivision boundaries (spatial lookup)","url":"https://geo.statcan.gc.ca/geo_wa/rest/services/2021/Cartographic_boundary_files/MapServer/9"},"community_display":"Calgary","is_unorganized":false,"panel_title":"Calgary","display_label":"Calgary","map_label":"48061336"},"geometry":{"type":"MultiPolygon","coordinates":[[[[-114.0372529966961,50.928548168889705],[-114.03763118186077,50.927748173328546],[-114.0369406017581,50.92764077092048],[-114.03632399560234,50.9274901780116],[-114.0367181108882,50.92666358106962],[-114.03683731652613,50.9254612705177],[-114.03821392531721,50.9255232658834],[-114.03807042231573,50.9264370676939],[-114.03807772226969,50.926770082912235],[-114.03920081830066,50.92701447049857],[-114.03994530729128,50.92716828332102],[-114.0406803236924,50.927249881490745],[-114.04125152051783,50.927219479564044],[-114.04266753482752,50.92666167687467],[-114.0433445312218,50.92653488014806],[-114.04352972130705,50.92675548447342],[-114.04384233290445,50.926988288636586],[-114.04489600971739,50.92765359200452],[-114.04520122474295,50.928003186967906],[-114.04528071824288,50.9287697879233],[-114.04528069429551,50.92899458338319],[-114.04527842403424,50.929255369449045],[-114.04526820196334,50.929417091138625],[-114.04436659647094,50.929493198215724],[-114.03867760583329,50.930320386844876],[-114.03856269093751,50.9303354680644],[-114.03851389067331,50.930208278268005],[-114.03830311639648,50.92971718683188],[-114.03814751557883,50.92925448496394],[-114.0378566115029,50.92890528006222],[-114.03763600781951,50.928791762321275],[-114.03720467514984,50.92863687135151],[-114.0372529966961,50.928548168889705]]]]}},{"type":"Feature","properties":{"DGUID":"2021S051248061337","DAUID":"48061337","LANDAREA":0.1549,"PRUID":"48","fed_num":"48010","da_code":"48061337","geo_name":"48061337","name_source":{"label":"Statistics Canada Census Profile 2021 DA WDS","url":"https://www12.statcan.gc.ca/wds-sdw/2021profile-profil2021-eng.cfm"},"population":416,"status":"ok","source":{"label":"Statistics Canada Census Profile 2021 DA WDS","url":"https://www12.statcan.gc.ca/wds-sdw/2021profile-profil2021-eng.cfm"},"community_name":"Calgary","community_source":{"label":"Statistics Canada 2021 census subdivision boundaries (spatial lookup)","url":"https://geo.statcan.gc.ca/geo_wa/rest/services/2021/Cartographic_boundary_files/MapServer/9"},"community_display":"Calgary","is_unorganized":false,"panel_title":"Calgary","display_label":"Calgary","map_label":"48061337"},"geometry":{"type":"MultiPolygon","coordinates":[[[[-114.0406803236924,50.927249881490745],[-114.03994530729128,50.92716828332102],[-114.03920081830066,50.92701447049857],[-114.03807772226969,50.926770082912235],[-114.03807042231573,50.9264370676939],[-114.03821392531721,50.9255232658834],[-114.03683731652613,50.9254612705177],[-114.0357727142868,50.92541626946246],[-114.03496390995505,50.92537767916919],[-114.03453200856501,50.92523178094621],[-114.03415410771666,50.9249073779356],[-114.03407070142254,50.924653380780356],[-114.03425241723934,50.92336277160671],[-114.0350508405992,50.92222266819191],[-114.03654652428153,50.9226474754215],[-114.03684833186637,50.92282596397808],[-114.03699481003278,50.922982669254985],[-114.03735793565889,50.92354056903019],[-114.03809260489348,50.92407196787829],[-114.0382096207706,50.92424587107632],[-114.0382971026206,50.92466176581121],[-114.03948661662851,50.92475498829532],[-114.04104959816154,50.925019468225685],[-114.04166801887087,50.925143162827794],[-114.04214203147903,50.92529906654165],[-114.04269322438863,50.92558287439053],[-114.04305472202975,50.925942872757226],[-114.0433445312218,50.92653488014806],[-114.04266753482752,50.92666167687467],[-114.04125152051783,50.927219479564044],[-114.0406803236924,50.927249881490745]]]]}},{"type":"Feature","properties":{"DGUID":"2021S051248061338","DAUID":"48061338","LANDAREA":0.164,"PRUID":"48","fed_num":"48010","da_code":"48061338","geo_name":"48061338","name_source":{"label":"Statistics Canada Census Profile 2021 DA WDS","url":"https://www12.statcan.gc.ca/wds-sdw/2021profile-profil2021-eng.cfm"},"population":350,"status":"ok","source":{"label":"Statistics Canada Census Profile 2021 DA WDS","url":"https://www12.statcan.gc.ca/wds-sdw/2021profile-profil2021-eng.cfm"},"community_name":"Calgary","community_source":{"label":"Statistics Canada 2021 census subdivision boundaries (spatial lookup)","url":"https://geo.statcan.gc.ca/geo_wa/rest/services/2021/Cartographic_boundary_files/MapServer/9"},"community_display":"Calgary","is_unorganized":false,"panel_title":"Calgary","display_label":"Calgary","map_label":"48061338"},"geometry":{"type":"MultiPolygon","coordinates":[[[[-114.03254912926354,50.9232924584021],[-114.03256900701722,50.92320297227291],[-114.03297092124957,50.92315027799031],[-114.03322790676239,50.92268905530502],[-114.0332036200927,50.92240057121092],[-114.03308720855927,50.92221766954132],[-114.03379312167462,50.92208277454384],[-114.03423582850372,50.92205796436658],[-114.0350508405992,50.92222266819191],[-114.03425241723934,50.92336277160671],[-114.03407070142254,50.924653380780356],[-114.03415410771666,50.9249073779356],[-114.03453200856501,50.92523178094621],[-114.03496390995505,50.92537767916919],[-114.0357727142868,50.92541626946246],[-114.03683731652613,50.9254612705177],[-114.0367181108882,50.92666358106962],[-114.03632399560234,50.9274901780116],[-114.0369406017581,50.92764077092048],[-114.03763118186077,50.927748173328546],[-114.0372529966961,50.928548168889705],[-114.03720467514984,50.92863687135151],[-114.03589740690418,50.92837877246644],[-114.03465998777327,50.92814047853189],[-114.03342267417368,50.92790217623755],[-114.03263547666563,50.92774717079853],[-114.03241038570863,50.92770548261789],[-114.03196599906667,50.927532274660344],[-114.03121028949151,50.926883367815165],[-114.03085179635295,50.926478463912126],[-114.03014157904883,50.92578576299882],[-114.03025869462893,50.92573476829165],[-114.03249510277368,50.92481127652624],[-114.03267592064275,50.92465387609319],[-114.03280501550762,50.92441437653188],[-114.03282332819784,50.924126978883635],[-114.03288431362606,50.92361577161758],[-114.03254912926354,50.9232924584021]]]]}},{"type":"Feature","properties":{"DGUID":"2021S051248061339","DAUID":"48061339","LANDAREA":0.4927,"PRUID":"48","fed_num":"48010","da_code":"48061339","geo_name":"48061339","name_source":{"label":"Statistics Canada Census Profile 2021 DA WDS","url":"https://www12.statcan.gc.ca/wds-sdw/2021profile-profil2021-eng.cfm"},"population":587,"status":"ok","source":{"label":"Statistics Canada Census Profile 2021 DA WDS","url":"https://www12.statcan.gc.ca/wds-sdw/2021profile-profil2021-eng.cfm"},"community_name":"Calgary","community_source":{"label":"Statistics Canada 2021 census subdivision boundaries (spatial lookup)","url":"https://geo.statcan.gc.ca/geo_wa/rest/services/2021/Cartographic_boundary_files/MapServer/9"},"community_display":"Calgary","is_unorganized":false,"panel_title":"Calgary","display_label":"Calgary","map_label":"48061339"},"geometry":{"type":"MultiPolygon","coordinates":[[[[-114.02768427929286,50.92503955946256],[-114.02551229559108,50.92339207094139],[-114.02343922406173,50.92198095279348],[-114.02081171325851,50.92033976053152],[-114.01963194323979,50.9194280547989],[-114.01915962035552,50.918938452924955],[-114.01904471821632,50.91881934735055],[-114.01884545135651,50.91859845195225],[-114.01903410608487,50.918540241744054],[-114.019398535937,50.91840564376352],[-114.02439192644798,50.91664414018784],[-114.02521085165971,50.91763653991077],[-114.02551324739308,50.91847175679012],[-114.02560774521953,50.91922075374575],[-114.02559713095107,50.92005706272569],[-114.02566141289276,50.92083226316291],[-114.02591351263733,50.92134245190625],[-114.02595416124792,50.92139167677399],[-114.02662692854452,50.922206166814185],[-114.02729089747561,50.92295165811701],[-114.0280277236812,50.9236720607942],[-114.02814421889117,50.92363007116438],[-114.02929883467141,50.92315576858738],[-114.02982521154645,50.92293527109897],[-114.03152923696807,50.92254686710724],[-114.03308720855927,50.92221766954132],[-114.0332036200927,50.92240057121092],[-114.03322790676239,50.92268905530502],[-114.03297092124957,50.92315027799031],[-114.03256900701722,50.92320297227291],[-114.03254912926354,50.9232924584021],[-114.03288431362606,50.92361577161758],[-114.03282332819784,50.924126978883635],[-114.03280501550762,50.92441437653188],[-114.03267592064275,50.92465387609319],[-114.03249510277368,50.92481127652624],[-114.03025869462893,50.92573476829165],[-114.03014157904883,50.92578576299882],[-114.03085179635295,50.926478463912126],[-114.03121028949151,50.926883367815165],[-114.03196599906667,50.927532274660344],[-114.03241038570863,50.92770548261789],[-114.03263547666563,50.92774717079853],[-114.03342267417368,50.92790217623755],[-114.03465998777327,50.92814047853189],[-114.03589740690418,50.92837877246644],[-114.03720467514984,50.92863687135151],[-114.03763600781951,50.928791762321275],[-114.0378566115029,50.92890528006222],[-114.03814751557883,50.92925448496394],[-114.03830311639648,50.92971718683188],[-114.03851389067331,50.930208278268005],[-114.03856269093751,50.9303354680644],[-114.03783000931162,50.93044277902963],[-114.03294508450276,50.93115518804011],[-114.03248517818714,50.931224481860724],[-114.03225556922041,50.931254576996885],[-114.03220727793148,50.93111846514993],[-114.03200226854698,50.93053757882795],[-114.0314786762045,50.9293728828657],[-114.03093970405284,50.92845066977822],[-114.03007160973814,50.9273311793936],[-114.02975349931215,50.926963259539654],[-114.02879217937824,50.92596727329452],[-114.02768427929286,50.92503955946256]]]]}},{"type":"Feature","properties":{"DGUID":"2021S051248061340","DAUID":"48061340","LANDAREA":0.1611,"PRUID":"48","fed_num":"48010","da_code":"48061340","geo_name":"48061340","name_source":{"label":"Statistics Canada Census Profile 2021 DA WDS","url":"https://www12.statcan.gc.ca/wds-sdw/2021profile-profil2021-eng.cfm"},"population":402,"status":"ok","source":{"label":"Statistics Canada Census Profile 2021 DA WDS","url":"https://www12.statcan.gc.ca/wds-sdw/2021profile-profil2021-eng.cfm"},"community_name":"Calgary","community_source":{"label":"Statistics Canada 2021 census subdivision boundaries (spatial lookup)","url":"https://geo.statcan.gc.ca/geo_wa/rest/services/2021/Cartographic_boundary_files/MapServer/9"},"community_display":"Calgary","is_unorganized":false,"panel_title":"Calgary","display_label":"Calgary","map_label":"48061340"},"geometry":{"type":"MultiPolygon","coordinates":[[[[-114.0280277236812,50.9236720607942],[-114.02729089747561,50.92295165811701],[-114.02662692854452,50.922206166814185],[-114.02595416124792,50.92139167677399],[-114.02591351263733,50.92134245190625],[-114.02566141289276,50.92083226316291],[-114.02559713095107,50.92005706272569],[-114.02573910945696,50.92006065354848],[-114.02777253071127,50.92008546527974],[-114.02880193810984,50.92090325319453],[-114.02984164414669,50.92044405766666],[-114.02911392840944,50.91980485806316],[-114.03142843498942,50.918766348877476],[-114.03162911867122,50.91874445153298],[-114.0317683450882,50.91879294103031],[-114.03220915211443,50.919244958007845],[-114.03285793567377,50.91978317183074],[-114.03359351153257,50.92074636915514],[-114.0338884433676,50.92103276931576],[-114.0338650229385,50.92117606991885],[-114.03113912870943,50.92174535582768],[-114.03152923696807,50.92254686710724],[-114.02982521154645,50.92293527109897],[-114.02929883467141,50.92315576858738],[-114.02814421889117,50.92363007116438],[-114.0280277236812,50.9236720607942]]]]}},{"type":"Feature","properties":{"DGUID":"2021S051248061341","DAUID":"48061341","LANDAREA":0.1728,"PRUID":"48","fed_num":"48010","da_code":"48061341","geo_name":"48061341","name_source":{"label":"Statistics Canada Census Profile 2021 DA WDS","url":"https://www12.statcan.gc.ca/wds-sdw/2021profile-profil2021-eng.cfm"},"population":339,"status":"ok","source":{"label":"Statistics Canada Census Profile 2021 DA WDS","url":"https://www12.statcan.gc.ca/wds-sdw/2021profile-profil2021-eng.cfm"},"community_name":"Calgary","community_source":{"label":"Statistics Canada 2021 census subdivision boundaries (spatial lookup)","url":"https://geo.statcan.gc.ca/geo_wa/rest/services/2021/Cartographic_boundary_files/MapServer/9"},"community_display":"Calgary","is_unorganized":false,"panel_title":"Calgary","display_label":"Calgary","map_label":"48061341"},"geometry":{"type":"MultiPolygon","coordinates":[[[[-114.02560774521953,50.91922075374575],[-114.02551324739308,50.91847175679012],[-114.02521085165971,50.91763653991077],[-114.02439192644798,50.91664414018784],[-114.0242584490429,50.91650583230677],[-114.02368824526759,50.91585265728005],[-114.02348505757976,50.91546963733296],[-114.02343463675808,50.9151445522149],[-114.02347933717164,50.914444048548766],[-114.02354694800407,50.91360923622447],[-114.0239861441217,50.91363844589763],[-114.02556294653844,50.91367865661998],[-114.02605784802502,50.913727234913054],[-114.02636635317367,50.91379805463666],[-114.02689306007318,50.91401834937204],[-114.02723385065362,50.91425194460587],[-114.02765923691926,50.914721552932015],[-114.02786374570555,50.914861652835306],[-114.02818366015809,50.91497775701321],[-114.02766442890315,50.9157560382947],[-114.02735686372333,50.916117043865555],[-114.02696155854976,50.91673665381288],[-114.02699582548632,50.91753805810339],[-114.02701073228847,50.918419939270336],[-114.02755293390501,50.91839784282089],[-114.02782855892943,50.91831485676379],[-114.02908644572044,50.91778024804973],[-114.02982313220859,50.91850064297435],[-114.02841862747256,50.91910354041201],[-114.0287361196852,50.91948035814801],[-114.02911392840944,50.91980485806316],[-114.02984164414669,50.92044405766666],[-114.02880193810984,50.92090325319453],[-114.02777253071127,50.92008546527974],[-114.02573910945696,50.92006065354848],[-114.02559713095107,50.92005706272569],[-114.02560774521953,50.91922075374575]]]]}},{"type":"Feature","properties":{"DGUID":"2021S051248061342","DAUID":"48061342","LANDAREA":0.1292,"PRUID":"48","fed_num":"48010","da_code":"48061342","geo_name":"48061342","name_source":{"label":"Statistics Canada Census Profile 2021 DA WDS","url":"https://www12.statcan.gc.ca/wds-sdw/2021profile-profil2021-eng.cfm"},"population":327,"status":"ok","source":{"label":"Statistics Canada Census Profile 2021 DA WDS","url":"https://www12.statcan.gc.ca/wds-sdw/2021profile-profil2021-eng.cfm"},"community_name":"Calgary","community_source":{"label":"Statistics Canada 2021 census subdivision boundaries (spatial lookup)","url":"https://geo.statcan.gc.ca/geo_wa/rest/services/2021/Cartographic_boundary_files/MapServer/9"},"community_display":"Calgary","is_unorganized":false,"panel_title":"Calgary","display_label":"Calgary","map_label":"48061342"},"geometry":{"type":"MultiPolygon","coordinates":[[[[-114.02982313220859,50.91850064297435],[-114.02908644572044,50.91778024804973],[-114.02782855892943,50.91831485676379],[-114.02755293390501,50.91839784282089],[-114.02701073228847,50.918419939270336],[-114.02699582548632,50.91753805810339],[-114.02696155854976,50.91673665381288],[-114.02735686372333,50.916117043865555],[-114.02766442890315,50.9157560382947],[-114.02818366015809,50.91497775701321],[-114.02786374570555,50.914861652835306],[-114.02765923691926,50.914721552932015],[-114.02723385065362,50.91425194460587],[-114.02789547037317,50.913917945163725],[-114.02846205960516,50.91373453999747],[-114.02965386938003,50.91334214489759],[-114.03008396528415,50.913290042031065],[-114.03066066359641,50.91339474190466],[-114.03107254324986,50.91363005251887],[-114.0312656669359,50.913949834652904],[-114.03121776496683,50.91425444510696],[-114.03056955546042,50.915272359830226],[-114.03017965587804,50.915586246659004],[-114.03071135767094,50.915950649818924],[-114.031074241046,50.916508552543995],[-114.03125464820636,50.91725073920541],[-114.03116804736808,50.91771624668429],[-114.03093894629117,50.91796236162184],[-114.03049613825861,50.91821195348389],[-114.02982313220859,50.91850064297435]]]]}},{"type":"Feature","properties":{"DGUID":"2021S051248061343","DAUID":"48061343","LANDAREA":1.7404,"PRUID":"48","fed_num":"48010","da_code":"48061343","geo_name":"48061343","name_source":{"label":"Statistics Canada Census Profile 2021 DA WDS","url":"https://www12.statcan.gc.ca/wds-sdw/2021profile-profil2021-eng.cfm"},"population":377,"status":"ok","source":{"label":"Statistics Canada Census Profile 2021 DA WDS","url":"https://www12.statcan.gc.ca/wds-sdw/2021profile-profil2021-eng.cfm"},"community_name":"Calgary","community_source":{"label":"Statistics Canada 2021 census subdivision boundaries (spatial lookup)","url":"https://geo.statcan.gc.ca/geo_wa/rest/services/2021/Cartographic_boundary_files/MapServer/9"},"community_display":"Calgary","is_unorganized":false,"panel_title":"Calgary","display_label":"Calgary","map_label":"48061343"},"geometry":{"type":"MultiPolygon","coordinates":[[[[-114.04384233290445,50.926988288636586],[-114.04352972130705,50.92675548447342],[-114.0433445312218,50.92653488014806],[-114.04305472202975,50.925942872757226],[-114.04269322438863,50.92558287439053],[-114.04214203147903,50.92529906654165],[-114.04166801887087,50.925143162827794],[-114.04104959816154,50.925019468225685],[-114.03948661662851,50.92475498829532],[-114.0382971026206,50.92466176581121],[-114.0382096207706,50.92424587107632],[-114.03809260489348,50.92407196787829],[-114.03735793565889,50.92354056903019],[-114.03699481003278,50.922982669254985],[-114.03684833186637,50.92282596397808],[-114.03654652428153,50.9226474754215],[-114.0350508405992,50.92222266819191],[-114.03423582850372,50.92205796436658],[-114.03379312167462,50.92208277454384],[-114.03308720855927,50.92221766954132],[-114.03152923696807,50.92254686710724],[-114.03113912870943,50.92174535582768],[-114.0338650229385,50.92117606991885],[-114.0338884433676,50.92103276931576],[-114.03359351153257,50.92074636915514],[-114.03285793567377,50.91978317183074],[-114.03220915211443,50.919244958007845],[-114.0317683450882,50.91879294103031],[-114.03162911867122,50.91874445153298],[-114.03142843498942,50.918766348877476],[-114.02911392840944,50.91980485806316],[-114.0287361196852,50.91948035814801],[-114.02841862747256,50.91910354041201],[-114.02982313220859,50.91850064297435],[-114.03049613825861,50.91821195348389],[-114.03093894629117,50.91796236162184],[-114.03116804736808,50.91771624668429],[-114.03125464820636,50.91725073920541],[-114.031074241046,50.916508552543995],[-114.03071135767094,50.915950649818924],[-114.03017965587804,50.915586246659004],[-114.03056955546042,50.915272359830226],[-114.03121776496683,50.91425444510696],[-114.0312656669359,50.913949834652904],[-114.03107254324986,50.91363005251887],[-114.03066066359641,50.91339474190466],[-114.03008396528415,50.913290042031065],[-114.02965386938003,50.91334214489759],[-114.02846205960516,50.91373453999747],[-114.02789547037317,50.913917945163725],[-114.02723385065362,50.91425194460587],[-114.02689306007318,50.91401834937204],[-114.02636635317367,50.91379805463666],[-114.02605784802502,50.913727234913054],[-114.02556294653844,50.91367865661998],[-114.0239861441217,50.91363844589763],[-114.02354694800407,50.91360923622447],[-114.02351116368827,50.9135003434001],[-114.0224041319449,50.912788434348435],[-114.02198124706219,50.91205803594306],[-114.02161266623689,50.9118148291689],[-114.02056276003553,50.91154513160676],[-114.01918326190473,50.91131192788896],[-114.01872414290244,50.911372243517135],[-114.01833197172732,50.91149714885615],[-114.01795965889251,50.91175743542287],[-114.01783456302611,50.91193415109346],[-114.01772225088081,50.91235405405179],[-114.01753926389989,50.913212946611985],[-114.01717444932991,50.91491263681219],[-114.01717255429622,50.91516445034366],[-114.01728436733971,50.915419251736076],[-114.01784575650031,50.916207139598015],[-114.01843503920726,50.9170047531136],[-114.0208421446622,50.916301652977204],[-114.02012722676844,50.91546483751048],[-114.02000014214245,50.91522773855051],[-114.01999792738782,50.915038746873115],[-114.02202886300222,50.9150996509055],[-114.02343463675808,50.9151445522149],[-114.02348505757976,50.91546963733296],[-114.02368824526759,50.91585265728005],[-114.0242584490429,50.91650583230677],[-114.02439192644798,50.91664414018784],[-114.019398535937,50.91840564376352],[-114.01903410608487,50.918540241744054],[-114.01884545135651,50.91859845195225],[-114.01873864398927,50.918487752201074],[-114.01842013834694,50.91812874352185],[-114.01736053978753,50.91689634579733],[-114.01721513361016,50.91672175488181],[-114.01708346144467,50.91655644896402],[-114.0168989288087,50.91632683673474],[-114.01661073301344,50.915716843986466],[-114.01635303476044,50.915296449225025],[-114.01601376386618,50.91459513743422],[-114.01554492976646,50.91302693776066],[-114.0150297159986,50.9101650734547],[-114.0150096731238,50.910053837678035],[-114.01468927646773,50.9077249354471],[-114.01482186859242,50.90713673889438],[-114.01486169968604,50.9069945667052],[-114.01556037103188,50.90715967555903],[-114.01614447898557,50.907159494156666],[-114.01652646952023,50.90699040188477],[-114.01668517160068,50.90673209919849],[-114.01692089534461,50.90660089676844],[-114.01720818849081,50.90654488412454],[-114.01755336217619,50.90651548017863],[-114.01824617709298,50.906768887443505],[-114.019063080411,50.906846492683165],[-114.0191304778845,50.90686178225605],[-114.01919677300717,50.906905692546324],[-114.02021989411428,50.90691468019248],[-114.02082089146244,50.9068259013436],[-114.0232618963765,50.906946900628704],[-114.02440149440312,50.906610994585144],[-114.02479101296743,50.90661089447486],[-114.02495207325681,50.906664684563374],[-114.02520698948311,50.906880204410804],[-114.02563980851005,50.907061090690696],[-114.02633048728815,50.90724849684079],[-114.02652208038896,50.907334291711116],[-114.02691177397253,50.907580385827515],[-114.02735958388797,50.9079761938628],[-114.02785820276208,50.90872200739444],[-114.028105180079,50.90917659659625],[-114.02815140476038,50.909261600325635],[-114.02817686446485,50.909436590967594],[-114.02830237028999,50.90972481231368],[-114.02847478787149,50.91047738798237],[-114.02865928618971,50.91076351048902],[-114.02888478957841,50.91091851071866],[-114.02912167329461,50.91100491245203],[-114.03009468191655,50.91127931353548],[-114.03071278067998,50.911471412330805],[-114.03119229657824,50.911870511207745],[-114.03141158830915,50.912197212509255],[-114.0315592853902,50.91249990765585],[-114.03177746096158,50.91273209731516],[-114.03203767600402,50.912927609814126],[-114.03224308061891,50.91301069988826],[-114.0327896858021,50.91317890291145],[-114.03296744918765,50.91314420973008],[-114.03321998710413,50.912924402162844],[-114.03349195509038,50.91240720713274],[-114.03363806742776,50.912246102272206],[-114.03387896685675,50.912094897040866],[-114.03423047687173,50.91201679590905],[-114.0344799624225,50.91200610224916],[-114.03486326801897,50.912054513054585],[-114.03500227628467,50.912093714271805],[-114.03520004309976,50.9122203801425],[-114.0352856573052,50.91227520375248],[-114.03558817395033,50.912557305294946],[-114.03606549032823,50.91289050148715],[-114.03665207882004,50.91307922179538],[-114.03789657093829,50.913234325930794],[-114.03802188755151,50.913276119924305],[-114.03822947072553,50.913425130056915],[-114.03837705968796,50.91360470970258],[-114.03832066339378,50.913918909826016],[-114.03812936550537,50.91420251599639],[-114.03756467582596,50.91467272854464],[-114.03725045519171,50.91510342182924],[-114.0372444554092,50.91539831050313],[-114.03731107526555,50.91556531550437],[-114.03762215996571,50.915987725125675],[-114.03825136092824,50.91650921244529],[-114.03937757945982,50.917066330492666],[-114.03980225173075,50.917352929931624],[-114.0400236796535,50.917622434193305],[-114.04010187049049,50.917843913116705],[-114.04022727646255,50.918653222188105],[-114.04040644859606,50.918836119764414],[-114.04066675959113,50.91903163826524],[-114.04132738117256,50.91931012683615],[-114.04174355414872,50.91957952763792],[-114.04179847941978,50.9196919290793],[-114.04186946146417,50.91999071834655],[-114.04197187812197,50.920169731208304],[-114.04241836909246,50.9202247245617],[-114.0433347566449,50.920443837950955],[-114.04438145970288,50.920561642901475],[-114.04537056760911,50.920776031459745],[-114.04570876196038,50.92094693481029],[-114.04587876142556,50.9212642293203],[-114.04584095392518,50.92130954652739],[-114.04595075925425,50.9215344456518],[-114.04594586380988,50.92180064568298],[-114.04589233040355,50.92190582794848],[-114.04564293849376,50.92203975115064],[-114.04526723473718,50.92216042634654],[-114.04502735003943,50.922283026035615],[-114.04496335096073,50.92242823209004],[-114.04491315009597,50.922693723122876],[-114.0444272528472,50.92311073106106],[-114.04423923772607,50.92343163584506],[-114.04423423906329,50.92357473327476],[-114.04444624012187,50.92385544023888],[-114.044561119083,50.92393722739976],[-114.04456434021773,50.923974547797826],[-114.0447487202822,50.92401433196411],[-114.04505651619023,50.92427633165899],[-114.04511673246407,50.92436883462752],[-114.0451655450617,50.924653022931544],[-114.04519582186248,50.92520605212156],[-114.04526363511461,50.925467629889525],[-114.04548521786893,50.92573702964387],[-114.04585833678668,50.925948439533144],[-114.04636925504497,50.926104546419374],[-114.0466957098845,50.92609773193124],[-114.04708412522454,50.92600295075411],[-114.04737903158407,50.92599284258893],[-114.04752753093864,50.92602064165366],[-114.04791115532045,50.92619214959126],[-114.04811573460785,50.92642695439872],[-114.04825069669806,50.926529390869746],[-114.04877650760125,50.92975768181185],[-114.04878160202959,50.92990179687071],[-114.04861281717871,50.929870483179364],[-114.04803642651876,50.92975699312125],[-114.04624870889988,50.92944187558251],[-114.04526820196334,50.929417091138625],[-114.04527842403424,50.929255369449045],[-114.04528069429551,50.92899458338319],[-114.04528071824288,50.9287697879233],[-114.04520122474295,50.928003186967906],[-114.04489600971739,50.92765359200452],[-114.04384233290445,50.926988288636586]]]]}},{"type":"Feature","properties":{"DGUID":"2021S051248061344","DAUID":"48061344","LANDAREA":0.1839,"PRUID":"48","fed_num":"48010","da_code":"48061344","geo_name":"48061344","name_source":{"label":"Statistics Canada Census Profile 2021 DA WDS","url":"https://www12.statcan.gc.ca/wds-sdw/2021profile-profil2021-eng.cfm"},"population":484,"status":"ok","source":{"label":"Statistics Canada Census Profile 2021 DA WDS","url":"https://www12.statcan.gc.ca/wds-sdw/2021profile-profil2021-eng.cfm"},"community_name":"Calgary","community_source":{"label":"Statistics Canada 2021 census subdivision boundaries (spatial lookup)","url":"https://geo.statcan.gc.ca/geo_wa/rest/services/2021/Cartographic_boundary_files/MapServer/9"},"community_display":"Calgary","is_unorganized":false,"panel_title":"Calgary","display_label":"Calgary","map_label":"48061344"},"geometry":{"type":"MultiPolygon","coordinates":[[[[-114.01784575650031,50.916207139598015],[-114.01728436733971,50.915419251736076],[-114.01717255429622,50.91516445034366],[-114.01717444932991,50.91491263681219],[-114.01753926389989,50.913212946611985],[-114.01772225088081,50.91235405405179],[-114.01783456302611,50.91193415109346],[-114.01795965889251,50.91175743542287],[-114.01833197172732,50.91149714885615],[-114.01872414290244,50.911372243517135],[-114.01918326190473,50.91131192788896],[-114.02056276003553,50.91154513160676],[-114.02161266623689,50.9118148291689],[-114.02198124706219,50.91205803594306],[-114.0224041319449,50.912788434348435],[-114.02351116368827,50.9135003434001],[-114.02354694800407,50.91360923622447],[-114.02347933717164,50.914444048548766],[-114.02343463675808,50.9151445522149],[-114.02202886300222,50.9150996509055],[-114.01999792738782,50.915038746873115],[-114.02000014214245,50.91522773855051],[-114.02012722676844,50.91546483751048],[-114.0208421446622,50.916301652977204],[-114.01843503920726,50.9170047531136],[-114.01784575650031,50.916207139598015]]]]}},{"type":"Feature","properties":{"DGUID":"2021S051248061345","DAUID":"48061345","LANDAREA":2.1484,"PRUID":"48","fed_num":"48010","da_code":"48061345","geo_name":"48061345","name_source":{"label":"Statistics Canada Census Profile 2021 DA WDS","url":"https://www12.statcan.gc.ca/wds-sdw/2021profile-profil2021-eng.cfm"},"population":331,"status":"ok","source":{"label":"Statistics Canada Census Profile 2021 DA WDS","url":"https://www12.statcan.gc.ca/wds-sdw/2021profile-profil2021-eng.cfm"},"community_name":"Calgary","community_source":{"label":"Statistics Canada 2021 census subdivision boundaries (spatial lookup)","url":"https://geo.statcan.gc.ca/geo_wa/rest/services/2021/Cartographic_boundary_files/MapServer/9"},"community_display":"Calgary","is_unorganized":false,"panel_title":"Calgary","display_label":"Calgary","map_label":"48061345"},"geometry":{"type":"MultiPolygon","coordinates":[[[[-114.03177746096158,50.91273209731516],[-114.0315592853902,50.91249990765585],[-114.03141158830915,50.912197212509255],[-114.03119229657824,50.911870511207745],[-114.03071278067998,50.911471412330805],[-114.03009468191655,50.91127931353548],[-114.02912167329461,50.91100491245203],[-114.02888478957841,50.91091851071866],[-114.02865928618971,50.91076351048902],[-114.02847478787149,50.91047738798237],[-114.02830237028999,50.90972481231368],[-114.02817686446485,50.909436590967594],[-114.02815140476038,50.909261600325635],[-114.028105180079,50.90917659659625],[-114.02785820276208,50.90872200739444],[-114.02735958388797,50.9079761938628],[-114.02691177397253,50.907580385827515],[-114.02652208038896,50.907334291711116],[-114.02633048728815,50.90724849684079],[-114.02563980851005,50.907061090690696],[-114.02520698948311,50.906880204410804],[-114.02495207325681,50.906664684563374],[-114.02479101296743,50.90661089447486],[-114.02440149440312,50.906610994585144],[-114.0232618963765,50.906946900628704],[-114.02082089146244,50.9068259013436],[-114.02021989411428,50.90691468019248],[-114.01919677300717,50.906905692546324],[-114.0191304778845,50.90686178225605],[-114.019063080411,50.906846492683165],[-114.01824617709298,50.906768887443505],[-114.01755336217619,50.90651548017863],[-114.01720818849081,50.90654488412454],[-114.01692089534461,50.90660089676844],[-114.01668517160068,50.90673209919849],[-114.01652646952023,50.90699040188477],[-114.01614447898557,50.907159494156666],[-114.01556037103188,50.90715967555903],[-114.01486169968604,50.9069945667052],[-114.01474755465316,50.90696757959735],[-114.01438677857811,50.90682677455975],[-114.01435908927205,50.9068159882464],[-114.01353048093362,50.906437471940144],[-114.01316398962935,50.90617738373033],[-114.01286055612738,50.905677679898005],[-114.0128119762364,50.90551656596196],[-114.01288727491377,50.90468738670446],[-114.01280606475109,50.90455167352418],[-114.0126376855158,50.90445186853092],[-114.01239127934203,50.90437668371641],[-114.01205337575796,50.904328879706],[-114.01157767660023,50.904336276183315],[-114.01141569443767,50.904434170789386],[-114.01124748979186,50.90470377272267],[-114.01123276889983,50.90485817144569],[-114.0111770899893,50.904897471524],[-114.01102877481931,50.90511576337799],[-114.01087198353058,50.90519367359087],[-114.01049936090023,50.90522836360213],[-114.01024677888948,50.90520177547357],[-114.00993517829563,50.90505416275819],[-114.00950977495836,50.90479597827085],[-114.00913686906786,50.90433827414518],[-114.00855885748172,50.90392037079047],[-114.00830826051347,50.90383656570221],[-114.00819986696611,50.90382927448442],[-114.00727376176908,50.904019178183596],[-114.00716116644706,50.904003275442676],[-114.00691167992197,50.90389076463316],[-114.0067231852504,50.9037191668606],[-114.00617567906176,50.90333327191433],[-114.00568496471828,50.90275637039576],[-114.0055784735105,50.902322448844366],[-114.00557517605498,50.90203894941449],[-114.00576739409237,50.901234356855035],[-114.00601448220598,50.90078836815365],[-114.00623858164266,50.90060266298293],[-114.00728238952226,50.90016256631633],[-114.00764007994013,50.90003605739676],[-114.0078547995488,50.899984750595955],[-114.00832311273673,50.89993145853808],[-114.00880711354175,50.89981816377189],[-114.00905749834725,50.89965577279253],[-114.00925091612254,50.89931496683456],[-114.00962022141772,50.89911986285038],[-114.00984842283857,50.898942860453104],[-114.00990941818199,50.898760457954175],[-114.00991657756278,50.89868461355294],[-114.00961260784774,50.89867931881135],[-114.00862166879588,50.89866626828491],[-114.00900730771397,50.898415254527364],[-114.0092282075178,50.898192250299374],[-114.0093017769165,50.89803585136385],[-114.0093394284122,50.89762126542602],[-114.00945388098025,50.897210651357234],[-114.00956519668541,50.89688585272574],[-114.00960489099515,50.896413958146596],[-114.00955000740069,50.8960552485118],[-114.00953161122435,50.89518744341519],[-114.00926301158931,50.89460525066865],[-114.00914073042968,50.89441602499942],[-114.01086713259937,50.89411871673225],[-114.011703510868,50.89397351010529],[-114.01312640219626,50.89370260085175],[-114.01415901776986,50.89355361861461],[-114.01561323389889,50.89337262433696],[-114.01752530910585,50.893187614919036],[-114.01851732821919,50.893117508826094],[-114.02014644767692,50.89303142138803],[-114.02051024770167,50.89302298919223],[-114.0223587347742,50.892980116372534],[-114.02388005434953,50.892979227364414],[-114.02565414573326,50.89297811633453],[-114.0255672330987,50.89362541074242],[-114.02548504042326,50.894157216119545],[-114.02504764016624,50.895891526146784],[-114.02441891192049,50.89838472076823],[-114.02425990794852,50.899316128922266],[-114.02423789671938,50.90010711848259],[-114.02424212123523,50.90070990900362],[-114.02427219667673,50.90179911869776],[-114.02437482012121,50.90219752349185],[-114.02471138188639,50.90271882660445],[-114.02508620843221,50.90308823694886],[-114.02557801470505,50.90340651530016],[-114.02631300895726,50.90370413610165],[-114.026984418638,50.90388323640208],[-114.0269019102438,50.9040610336975],[-114.02685690758933,50.90432071644015],[-114.02685559469545,50.90478842780906],[-114.02694457932286,50.90517742663883],[-114.02718080003005,50.90548932992045],[-114.0276986695611,50.90584432997587],[-114.02804640436345,50.90597012237328],[-114.02832821206219,50.906013345844215],[-114.0293620979648,50.906084647504684],[-114.02946079198408,50.905205646493606],[-114.02856889313513,50.9051379238205],[-114.0283069869121,50.90500532730722],[-114.02820600219617,50.904804843376596],[-114.02822779741344,50.904238732380236],[-114.0294987113882,50.90438804410999],[-114.03076719172522,50.90457323199472],[-114.03071251669843,50.90498563120008],[-114.03084470807437,50.90536674703256],[-114.03225688979698,50.90575355127861],[-114.0319885882346,50.90616943309863],[-114.0316538961071,50.90651173990171],[-114.03217590128291,50.90680383980427],[-114.0324729036442,50.90705434263826],[-114.03289148165771,50.9074067429332],[-114.03329028950331,50.90762384360024],[-114.03379358689094,50.90776253923047],[-114.03434930882446,50.90774965019521],[-114.03492428347707,50.907656359799326],[-114.03546519289853,50.907652150474355],[-114.0358316735784,50.90770633911189],[-114.03641450326904,50.907937042032394],[-114.0373905096553,50.908474543481226],[-114.03805058005882,50.90883314745993],[-114.03881869456735,50.90905954963622],[-114.0395953968862,50.90915125479087],[-114.04016698572126,50.909111768992496],[-114.04069938482881,50.90901736017162],[-114.04133808909317,50.90881766998647],[-114.04229548901397,50.9085271496676],[-114.04362848301608,50.908371957897224],[-114.04417790234785,50.90823305188899],[-114.04448761000374,50.90806095759978],[-114.04456489899523,50.90796396670831],[-114.04479829049914,50.908095855195945],[-114.04480570778675,50.90820406072115],[-114.0447014967168,50.908264750615295],[-114.04454334584592,50.90839400389574],[-114.04228893158337,50.90893122532397],[-114.04159289527188,50.90925673097384],[-114.04116893556413,50.9094542961183],[-114.04076566641656,50.90975970935732],[-114.04028700303394,50.910029003590445],[-114.03941278634937,50.910010146329654],[-114.03968516665842,50.910471480151294],[-114.03957859422454,50.910717599854294],[-114.03877743810229,50.91119862766789],[-114.0383490489054,50.91135514416006],[-114.0376240411346,50.911571137239385],[-114.03520004309976,50.9122203801425],[-114.03500227628467,50.912093714271805],[-114.03486326801897,50.912054513054585],[-114.0344799624225,50.91200610224916],[-114.03423047687173,50.91201679590905],[-114.03387896685675,50.912094897040866],[-114.03363806742776,50.912246102272206],[-114.03349195509038,50.91240720713274],[-114.03321998710413,50.912924402162844],[-114.03296744918765,50.91314420973008],[-114.0327896858021,50.91317890291145],[-114.03224308061891,50.91301069988826],[-114.03203767600402,50.912927609814126],[-114.03177746096158,50.91273209731516]]]]}},{"type":"Feature","properties":{"DGUID":"2021S051248061346","DAUID":"48061346","LANDAREA":0.1313,"PRUID":"48","fed_num":"48010","da_code":"48061346","geo_name":"48061346","name_source":{"label":"Statistics Canada Census Profile 2021 DA WDS","url":"https://www12.statcan.gc.ca/wds-sdw/2021profile-profil2021-eng.cfm"},"population":446,"status":"ok","source":{"label":"Statistics Canada Census Profile 2021 DA WDS","url":"https://www12.statcan.gc.ca/wds-sdw/2021profile-profil2021-eng.cfm"},"community_name":"Calgary","community_source":{"label":"Statistics Canada 2021 census subdivision boundaries (spatial lookup)","url":"https://geo.statcan.gc.ca/geo_wa/rest/services/2021/Cartographic_boundary_files/MapServer/9"},"community_display":"Calgary","is_unorganized":false,"panel_title":"Calgary","display_label":"Calgary","map_label":"48061346"},"geometry":{"type":"MultiPolygon","coordinates":[[[[-114.02427219667673,50.90179911869776],[-114.02424212123523,50.90070990900362],[-114.02446941005616,50.90071571329155],[-114.02492382016909,50.9007273313322],[-114.0260764003729,50.90072071850198],[-114.02723140177947,50.90067823408673],[-114.02763471399368,50.90059853150899],[-114.02794100307764,50.90048044063725],[-114.02811422333532,50.90066474002746],[-114.02890021830154,50.901053526526404],[-114.02910409827284,50.90120263495101],[-114.02933463646049,50.9013794368678],[-114.02975712439813,50.90189393038056],[-114.03033681638239,50.90261932630476],[-114.03045069068764,50.90328784109455],[-114.0303938282178,50.90351123644065],[-114.03008217938313,50.90416002980891],[-114.03003099314788,50.90429362889775],[-114.026984418638,50.90388323640208],[-114.02631300895726,50.90370413610165],[-114.02557801470505,50.90340651530016],[-114.02508620843221,50.90308823694886],[-114.02471138188639,50.90271882660445],[-114.02437482012121,50.90219752349185],[-114.02427219667673,50.90179911869776]]]]}},{"type":"Feature","properties":{"DGUID":"2021S051248061347","DAUID":"48061347","LANDAREA":0.0788,"PRUID":"48","fed_num":"48010","da_code":"48061347","geo_name":"48061347","name_source":{"label":"Statistics Canada Census Profile 2021 DA WDS","url":"https://www12.statcan.gc.ca/wds-sdw/2021profile-profil2021-eng.cfm"},"population":330,"status":"ok","source":{"label":"Statistics Canada Census Profile 2021 DA WDS","url":"https://www12.statcan.gc.ca/wds-sdw/2021profile-profil2021-eng.cfm"},"community_name":"Calgary","community_source":{"label":"Statistics Canada 2021 census subdivision boundaries (spatial lookup)","url":"https://geo.statcan.gc.ca/geo_wa/rest/services/2021/Cartographic_boundary_files/MapServer/9"},"community_display":"Calgary","is_unorganized":false,"panel_title":"Calgary","display_label":"Calgary","map_label":"48061347"},"geometry":{"type":"MultiPolygon","coordinates":[[[[-114.02770832034754,50.89988983087645],[-114.02797981079644,50.898754342798995],[-114.0281106336551,50.89848782553419],[-114.02842834665203,50.89819012697145],[-114.02889642814765,50.897986134225235],[-114.0291720433596,50.89790322987389],[-114.03034731711446,50.897762232850894],[-114.03110741157924,50.89766462772481],[-114.0319055132151,50.8976399234834],[-114.03263884357975,50.89773952562634],[-114.0329319196418,50.89782803945141],[-114.03412172652894,50.898352933645526],[-114.03497833782079,50.89852763067176],[-114.03479533804295,50.89894583005785],[-114.03442932161232,50.899332226688294],[-114.03389962587599,50.90005643241883],[-114.03307372589705,50.899846541196816],[-114.03229841250887,50.89951193182986],[-114.03303494350016,50.89889202607635],[-114.03248345026971,50.89861713624786],[-114.03198014216257,50.8984784404406],[-114.03142693337443,50.89845532733429],[-114.03059461677314,50.89856902823872],[-114.02947444052536,50.89873841966575],[-114.02927950620969,50.89889543527167],[-114.029119135901,50.89940402910868],[-114.0289916377198,50.899841538097164],[-114.0290393200094,50.899986736378644],[-114.02924140565742,50.900162725166865],[-114.03001332734907,50.90055124078799],[-114.02910409827284,50.90120263495101],[-114.02890021830154,50.901053526526404],[-114.02811422333532,50.90066474002746],[-114.02794100307764,50.90048044063725],[-114.02779331797551,50.90034173021838],[-114.02770832034754,50.89988983087645]]]]}},{"type":"Feature","properties":{"DGUID":"2021S051248061348","DAUID":"48061348","LANDAREA":0.3047,"PRUID":"48","fed_num":"48010","da_code":"48061348","geo_name":"48061348","name_source":{"label":"Statistics Canada Census Profile 2021 DA WDS","url":"https://www12.statcan.gc.ca/wds-sdw/2021profile-profil2021-eng.cfm"},"population":976,"status":"ok","source":{"label":"Statistics Canada Census Profile 2021 DA WDS","url":"https://www12.statcan.gc.ca/wds-sdw/2021profile-profil2021-eng.cfm"},"community_name":"Calgary","community_source":{"label":"Statistics Canada 2021 census subdivision boundaries (spatial lookup)","url":"https://geo.statcan.gc.ca/geo_wa/rest/services/2021/Cartographic_boundary_files/MapServer/9"},"community_display":"Calgary","is_unorganized":false,"panel_title":"Calgary","display_label":"Calgary","map_label":"48061348"},"geometry":{"type":"MultiPolygon","coordinates":[[[[-114.02425990794852,50.899316128922266],[-114.02441891192049,50.89838472076823],[-114.02504764016624,50.895891526146784],[-114.02548504042326,50.894157216119545],[-114.0255672330987,50.89362541074242],[-114.02565414573326,50.89297811633453],[-114.02587157098753,50.89297802902155],[-114.02754026143334,50.89297652615825],[-114.03002515035845,50.89388612962492],[-114.02932485021064,50.89394023285994],[-114.0287470258188,50.894078428056396],[-114.02870104198158,50.89413122764637],[-114.02869664890346,50.89509361457575],[-114.02882103141847,50.89515072269241],[-114.03317486516035,50.89512664071869],[-114.03543493424223,50.8951481273824],[-114.03677255878382,50.89513713352931],[-114.03745644867524,50.895118533864405],[-114.03813184179023,50.895009729054436],[-114.03833513211458,50.895392733726524],[-114.03839743962284,50.89597893837364],[-114.03831252669758,50.897092246499646],[-114.03778372436295,50.89713274008242],[-114.03704574172068,50.897329938518084],[-114.03692432339906,50.89700293204159],[-114.03704315542106,50.89647523359375],[-114.03704045708295,50.89607042458597],[-114.03698825732324,50.89599714715755],[-114.03687636224186,50.895967334011225],[-114.03371862969814,50.89596802782589],[-114.0336306454328,50.89601072531637],[-114.03339391655113,50.89704813005063],[-114.03322793485013,50.89742174333902],[-114.0329319196418,50.89782803945141],[-114.03263884357975,50.89773952562634],[-114.0319055132151,50.8976399234834],[-114.03110741157924,50.89766462772481],[-114.03034731711446,50.897762232850894],[-114.0291720433596,50.89790322987389],[-114.02889642814765,50.897986134225235],[-114.02842834665203,50.89819012697145],[-114.0281106336551,50.89848782553419],[-114.02797981079644,50.898754342798995],[-114.02770832034754,50.89988983087645],[-114.02779331797551,50.90034173021838],[-114.02794100307764,50.90048044063725],[-114.02763471399368,50.90059853150899],[-114.02723140177947,50.90067823408673],[-114.0260764003729,50.90072071850198],[-114.02492382016909,50.9007273313322],[-114.02446941005616,50.90071571329155],[-114.02424212123523,50.90070990900362],[-114.02423789671938,50.90010711848259],[-114.02425990794852,50.899316128922266]]]]}},{"type":"Feature","properties":{"DGUID":"2021S051248061349","DAUID":"48061349","LANDAREA":0.0773,"PRUID":"48","fed_num":"48010","da_code":"48061349","geo_name":"48061349","name_source":{"label":"Statistics Canada Census Profile 2021 DA WDS","url":"https://www12.statcan.gc.ca/wds-sdw/2021profile-profil2021-eng.cfm"},"population":307,"status":"ok","source":{"label":"Statistics Canada Census Profile 2021 DA WDS","url":"https://www12.statcan.gc.ca/wds-sdw/2021profile-profil2021-eng.cfm"},"community_name":"Calgary","community_source":{"label":"Statistics Canada 2021 census subdivision boundaries (spatial lookup)","url":"https://geo.statcan.gc.ca/geo_wa/rest/services/2021/Cartographic_boundary_files/MapServer/9"},"community_display":"Calgary","is_unorganized":false,"panel_title":"Calgary","display_label":"Calgary","map_label":"48061349"},"geometry":{"type":"MultiPolygon","coordinates":[[[[-114.03573044994363,50.89855573217341],[-114.03497833782079,50.89852763067176],[-114.03412172652894,50.898352933645526],[-114.0329319196418,50.89782803945141],[-114.03322793485013,50.89742174333902],[-114.03339391655113,50.89704813005063],[-114.0336306454328,50.89601072531637],[-114.03371862969814,50.89596802782589],[-114.03687636224186,50.895967334011225],[-114.03698825732324,50.89599714715755],[-114.03704045708295,50.89607042458597],[-114.03704315542106,50.89647523359375],[-114.03692432339906,50.89700293204159],[-114.03704574172068,50.897329938518084],[-114.03778372436295,50.89713274008242],[-114.03831252669758,50.897092246499646],[-114.03831703861395,50.89724524886587],[-114.03856115053543,50.8978811410587],[-114.03804312416945,50.89797584199322],[-114.03696991914727,50.89829944098991],[-114.03634733672885,50.898472531392336],[-114.03595992182541,50.89852564786972],[-114.03573044994363,50.89855573217341]]]]}},{"type":"Feature","properties":{"DGUID":"2021S051248061350","DAUID":"48061350","LANDAREA":0.1383,"PRUID":"48","fed_num":"48010","da_code":"48061350","geo_name":"48061350","name_source":{"label":"Statistics Canada Census Profile 2021 DA WDS","url":"https://www12.statcan.gc.ca/wds-sdw/2021profile-profil2021-eng.cfm"},"population":757,"status":"ok","source":{"label":"Statistics Canada Census Profile 2021 DA WDS","url":"https://www12.statcan.gc.ca/wds-sdw/2021profile-profil2021-eng.cfm"},"community_name":"Calgary","community_source":{"label":"Statistics Canada 2021 census subdivision boundaries (spatial lookup)","url":"https://geo.statcan.gc.ca/geo_wa/rest/services/2021/Cartographic_boundary_files/MapServer/9"},"community_display":"Calgary","is_unorganized":false,"panel_title":"Calgary","display_label":"Calgary","map_label":"48061350"},"geometry":{"type":"MultiPolygon","coordinates":[[[[-114.03831252669758,50.897092246499646],[-114.03839743962284,50.89597893837364],[-114.03833513211458,50.895392733726524],[-114.03813184179023,50.895009729054436],[-114.03785366931201,50.894462931898396],[-114.03780834080796,50.89383213293057],[-114.03786864991186,50.89377974865451],[-114.03845561846596,50.89377279161454],[-114.03907846596368,50.89376542656928],[-114.0391691462451,50.89435245506398],[-114.0395490702065,50.89509074379797],[-114.03970124036867,50.8951575524121],[-114.04196195618306,50.89516993949664],[-114.0421527464495,50.89507583471303],[-114.04232954112835,50.89453154481669],[-114.04233354721183,50.893794043294186],[-114.04359735427323,50.89382614201121],[-114.04457717444998,50.893850953874264],[-114.04487197142622,50.8939124536537],[-114.04495485673601,50.894175342489],[-114.04494904843037,50.895164644668085],[-114.04494046775577,50.89597404314086],[-114.0449273394942,50.897080058573124],[-114.04485743164547,50.89728515063037],[-114.04426603391882,50.89808874716765],[-114.04418815015309,50.89819473626404],[-114.04372805288331,50.89804813905704],[-114.04322195128495,50.89795435555077],[-114.04257043123339,50.89791083814254],[-114.04119976157193,50.89799304880007],[-114.04081515699554,50.89800123757364],[-114.04012214682635,50.89793873360636],[-114.03951724680584,50.8978334381049],[-114.03856115053543,50.8978811410587],[-114.03831703861395,50.89724524886587],[-114.03831252669758,50.897092246499646]]]]}},{"type":"Feature","properties":{"DGUID":"2021S051248061351","DAUID":"48061351","LANDAREA":0.3213,"PRUID":"48","fed_num":"48010","da_code":"48061351","geo_name":"48061351","name_source":{"label":"Statistics Canada Census Profile 2021 DA WDS","url":"https://www12.statcan.gc.ca/wds-sdw/2021profile-profil2021-eng.cfm"},"population":822,"status":"ok","source":{"label":"Statistics Canada Census Profile 2021 DA WDS","url":"https://www12.statcan.gc.ca/wds-sdw/2021profile-profil2021-eng.cfm"},"community_name":"Calgary","community_source":{"label":"Statistics Canada 2021 census subdivision boundaries (spatial lookup)","url":"https://geo.statcan.gc.ca/geo_wa/rest/services/2021/Cartographic_boundary_files/MapServer/9"},"community_display":"Calgary","is_unorganized":false,"panel_title":"Calgary","display_label":"Calgary","map_label":"48061351"},"geometry":{"type":"MultiPolygon","coordinates":[[[[-114.04494904843037,50.895164644668085],[-114.04495485673601,50.894175342489],[-114.04487197142622,50.8939124536537],[-114.04457717444998,50.893850953874264],[-114.04359735427323,50.89382614201121],[-114.04233354721183,50.893794043294186],[-114.04232954112835,50.89453154481669],[-114.0421527464495,50.89507583471303],[-114.04196195618306,50.89516993949664],[-114.03970124036867,50.8951575524121],[-114.0395490702065,50.89509074379797],[-114.0391691462451,50.89435245506398],[-114.03907846596368,50.89376542656928],[-114.03845561846596,50.89377279161454],[-114.03786864991186,50.89377974865451],[-114.03780834080796,50.89383213293057],[-114.03785366931201,50.894462931898396],[-114.03813184179023,50.895009729054436],[-114.03745644867524,50.895118533864405],[-114.03677255878382,50.89513713352931],[-114.03543493424223,50.8951481273824],[-114.03317486516035,50.89512664071869],[-114.02882103141847,50.89515072269241],[-114.02869664890346,50.89509361457575],[-114.02870104198158,50.89413122764637],[-114.0287470258188,50.894078428056396],[-114.02932485021064,50.89394023285994],[-114.03002515035845,50.89388612962492],[-114.02754026143334,50.89297652615825],[-114.03381915851354,50.892973183361896],[-114.03844943013009,50.89297048370532],[-114.03933687552654,50.89296993236686],[-114.04028776916255,50.89293252742746],[-114.04288368231349,50.89272953860156],[-114.04356246797575,50.892704136099205],[-114.04490668323584,50.89263924421933],[-114.04761113004827,50.894269677618325],[-114.04760857622195,50.89426954938547],[-114.04759435416251,50.89516864352498],[-114.04787720971954,50.895185800256385],[-114.04753626384583,50.89602254290918],[-114.0475539695718,50.89603124020048],[-114.04756584873442,50.89696696346145],[-114.04756344057586,50.89902685506233],[-114.04674323735088,50.89940186852365],[-114.04661024851823,50.89947944501736],[-114.04537422446701,50.89878244592214],[-114.0444256376373,50.8982637513697],[-114.04418815015309,50.89819473626404],[-114.04426603391882,50.89808874716765],[-114.04485743164547,50.89728515063037],[-114.0449273394942,50.897080058573124],[-114.04494046775577,50.89597404314086],[-114.04494904843037,50.895164644668085]]]]}},{"type":"Feature","properties":{"DGUID":"2021S051248061353","DAUID":"48061353","LANDAREA":0.1322,"PRUID":"48","fed_num":"48010","da_code":"48061353","geo_name":"48061353","name_source":{"label":"Statistics Canada Census Profile 2021 DA WDS","url":"https://www12.statcan.gc.ca/wds-sdw/2021profile-profil2021-eng.cfm"},"population":543,"status":"ok","source":{"label":"Statistics Canada Census Profile 2021 DA WDS","url":"https://www12.statcan.gc.ca/wds-sdw/2021profile-profil2021-eng.cfm"},"community_name":"Calgary","community_source":{"label":"Statistics Canada 2021 census subdivision boundaries (spatial lookup)","url":"https://geo.statcan.gc.ca/geo_wa/rest/services/2021/Cartographic_boundary_files/MapServer/9"},"community_display":"Calgary","is_unorganized":false,"panel_title":"Calgary","display_label":"Calgary","map_label":"48061353"},"geometry":{"type":"MultiPolygon","coordinates":[[[[-114.05029814172451,50.89964465379687],[-114.0482633352111,50.899656156830275],[-114.04777192779528,50.89977866322329],[-114.04750774231272,50.89990696182018],[-114.04736122138772,50.899975157194014],[-114.04661024851823,50.89947944501736],[-114.04674323735088,50.89940186852365],[-114.04756344057586,50.89902685506233],[-114.04756584873442,50.89696696346145],[-114.0475539695718,50.89603124020048],[-114.04753626384583,50.89602254290918],[-114.04787720971954,50.895185800256385],[-114.048359474772,50.89521505616479],[-114.04905528718953,50.89545756401709],[-114.04897918316394,50.89598635626572],[-114.0489637395495,50.89667855676333],[-114.04907177163031,50.89677124656181],[-114.05030947733215,50.89676654933453],[-114.05170335626785,50.896765849821854],[-114.05240326546308,50.89694545860794],[-114.05270375258681,50.89714185484949],[-114.05289745446252,50.89745266057646],[-114.05294345485112,50.897849557893565],[-114.05295437108842,50.89880336939369],[-114.05294363974247,50.89964856239199],[-114.05173592950933,50.899627055640536],[-114.05029814172451,50.89964465379687]]]]}},{"type":"Feature","properties":{"DGUID":"2021S051248061354","DAUID":"48061354","LANDAREA":0.091,"PRUID":"48","fed_num":"48010","da_code":"48061354","geo_name":"48061354","name_source":{"label":"Statistics Canada Census Profile 2021 DA WDS","url":"https://www12.statcan.gc.ca/wds-sdw/2021profile-profil2021-eng.cfm"},"population":339,"status":"ok","source":{"label":"Statistics Canada Census Profile 2021 DA WDS","url":"https://www12.statcan.gc.ca/wds-sdw/2021profile-profil2021-eng.cfm"},"community_name":"Calgary","community_source":{"label":"Statistics Canada 2021 census subdivision boundaries (spatial lookup)","url":"https://geo.statcan.gc.ca/geo_wa/rest/services/2021/Cartographic_boundary_files/MapServer/9"},"community_display":"Calgary","is_unorganized":false,"panel_title":"Calgary","display_label":"Calgary","map_label":"48061354"},"geometry":{"type":"MultiPolygon","coordinates":[[[[-114.04805193868178,50.902547254213964],[-114.0480474253438,50.901719562529884],[-114.04804743548723,50.901269848542846],[-114.0480099429665,50.90096304895445],[-114.04785202967936,50.90053627125721],[-114.04736122138772,50.899975157194014],[-114.04750774231272,50.89990696182018],[-114.04777192779528,50.89977866322329],[-114.0482633352111,50.899656156830275],[-114.05029814172451,50.89964465379687],[-114.05173592950933,50.899627055640536],[-114.05294363974247,50.89964856239199],[-114.05292945269747,50.90009796956746],[-114.05299535809097,50.90040545064216],[-114.0532681399814,50.90104207056022],[-114.05201436302636,50.90129817173222],[-114.05051513503278,50.90138627465155],[-114.05035892512174,50.90228175436582],[-114.0501504409316,50.902654363207915],[-114.04967153571197,50.90257927319793],[-114.04823651283404,50.90255195882781],[-114.04805193868178,50.902547254213964]]]]}},{"type":"Feature","properties":{"DGUID":"2021S051248061355","DAUID":"48061355","LANDAREA":0.1112,"PRUID":"48","fed_num":"48010","da_code":"48061355","geo_name":"48061355","name_source":{"label":"Statistics Canada Census Profile 2021 DA WDS","url":"https://www12.statcan.gc.ca/wds-sdw/2021profile-profil2021-eng.cfm"},"population":530,"status":"ok","source":{"label":"Statistics Canada Census Profile 2021 DA WDS","url":"https://www12.statcan.gc.ca/wds-sdw/2021profile-profil2021-eng.cfm"},"community_name":"Calgary","community_source":{"label":"Statistics Canada 2021 census subdivision boundaries (spatial lookup)","url":"https://geo.statcan.gc.ca/geo_wa/rest/services/2021/Cartographic_boundary_files/MapServer/9"},"community_display":"Calgary","is_unorganized":false,"panel_title":"Calgary","display_label":"Calgary","map_label":"48061355"},"geometry":{"type":"MultiPolygon","coordinates":[[[[-114.05405344267326,50.90347256976369],[-114.05333702874185,50.903553468150946],[-114.05264053953725,50.903994552464404],[-114.05230875184672,50.90384226896617],[-114.05160422097183,50.90328477478811],[-114.05120713209803,50.90304086820075],[-114.05055613754637,50.90276356666124],[-114.0501504409316,50.902654363207915],[-114.05035892512174,50.90228175436582],[-114.05051513503278,50.90138627465155],[-114.05201436302636,50.90129817173222],[-114.0532681399814,50.90104207056022],[-114.05299535809097,50.90040545064216],[-114.05292945269747,50.90009796956746],[-114.05294363974247,50.89964856239199],[-114.05466606840578,50.899629168049934],[-114.05493415544159,50.899662864155076],[-114.05506765811964,50.89980115712588],[-114.05510473465493,50.90101646119175],[-114.05508012867517,50.90433505636529],[-114.05405632123549,50.90432717169212],[-114.05405344267326,50.90347256976369]]]]}},{"type":"Feature","properties":{"DGUID":"2021S051248061356","DAUID":"48061356","LANDAREA":0.196,"PRUID":"48","fed_num":"48010","da_code":"48061356","geo_name":"48061356","name_source":{"label":"Statistics Canada Census Profile 2021 DA WDS","url":"https://www12.statcan.gc.ca/wds-sdw/2021profile-profil2021-eng.cfm"},"population":472,"status":"ok","source":{"label":"Statistics Canada Census Profile 2021 DA WDS","url":"https://www12.statcan.gc.ca/wds-sdw/2021profile-profil2021-eng.cfm"},"community_name":"Calgary","community_source":{"label":"Statistics Canada 2021 census subdivision boundaries (spatial lookup)","url":"https://geo.statcan.gc.ca/geo_wa/rest/services/2021/Cartographic_boundary_files/MapServer/9"},"community_display":"Calgary","is_unorganized":false,"panel_title":"Calgary","display_label":"Calgary","map_label":"48061356"},"geometry":{"type":"MultiPolygon","coordinates":[[[[-114.04733992105537,50.90525476720696],[-114.04747343275105,50.904943353223146],[-114.04770581892114,50.90464335940793],[-114.04795243817229,50.904343752443836],[-114.04795774463105,50.90431831577418],[-114.0480342332103,50.90395005654516],[-114.04805641923178,50.90359975798407],[-114.04804503560788,50.90332966239545],[-114.04805193868178,50.902547254213964],[-114.04823651283404,50.90255195882781],[-114.04967153571197,50.90257927319793],[-114.0501504409316,50.902654363207915],[-114.05055613754637,50.90276356666124],[-114.05120713209803,50.90304086820075],[-114.05160422097183,50.90328477478811],[-114.05230875184672,50.90384226896617],[-114.05264053953725,50.903994552464404],[-114.05333702874185,50.903553468150946],[-114.05405344267326,50.90347256976369],[-114.05405632123549,50.90432717169212],[-114.05508012867517,50.90433505636529],[-114.05516900873336,50.90653205803406],[-114.05518892925397,50.906667472884294],[-114.05440541559076,50.906683659033334],[-114.04747683077723,50.90668846415036],[-114.04733470173107,50.90668486662716],[-114.04732961550478,50.906540762438766],[-114.04733992105537,50.90525476720696]]]]}},{"type":"Feature","properties":{"DGUID":"2021S051248061357","DAUID":"48061357","LANDAREA":0.1406,"PRUID":"48","fed_num":"48010","da_code":"48061357","geo_name":"48061357","name_source":{"label":"Statistics Canada Census Profile 2021 DA WDS","url":"https://www12.statcan.gc.ca/wds-sdw/2021profile-profil2021-eng.cfm"},"population":484,"status":"ok","source":{"label":"Statistics Canada Census Profile 2021 DA WDS","url":"https://www12.statcan.gc.ca/wds-sdw/2021profile-profil2021-eng.cfm"},"community_name":"Calgary","community_source":{"label":"Statistics Canada 2021 census subdivision boundaries (spatial lookup)","url":"https://geo.statcan.gc.ca/geo_wa/rest/services/2021/Cartographic_boundary_files/MapServer/9"},"community_display":"Calgary","is_unorganized":false,"panel_title":"Calgary","display_label":"Calgary","map_label":"48061357"},"geometry":{"type":"MultiPolygon","coordinates":[[[[-114.04155663783638,50.90357905771811],[-114.04243831390345,50.90335855821199],[-114.0429849172,50.90326446041304],[-114.0433399361624,50.90327344935163],[-114.04539762939346,50.90357744479225],[-114.0480342332103,50.90395005654516],[-114.04795774463105,50.90431831577418],[-114.04795243817229,50.904343752443836],[-114.04770581892114,50.90464335940793],[-114.04747343275105,50.904943353223146],[-114.04733992105537,50.90525476720696],[-114.04732961550478,50.906540762438766],[-114.04733470173107,50.90668486662716],[-114.04673702780173,50.90668766191858],[-114.04460311295489,50.906687669442825],[-114.04379229810804,50.90668506025837],[-114.04064870533952,50.90667735598319],[-114.04064312005133,50.9065422598887],[-114.04063178531491,50.906272160664855],[-114.04049829170732,50.90590894532872],[-114.04028200852632,50.90505795903092],[-114.04033781336538,50.90462755086048],[-114.04051002362155,50.90438004985908],[-114.04086400169865,50.90395725791447],[-114.040997490129,50.90387074566423],[-114.04122080879915,50.903714440934316],[-114.04155663783638,50.90357905771811]]]]}},{"type":"Feature","properties":{"DGUID":"2021S051248061358","DAUID":"48061358","LANDAREA":0.0699,"PRUID":"48","fed_num":"48010","da_code":"48061358","geo_name":"48061358","name_source":{"label":"Statistics Canada Census Profile 2021 DA WDS","url":"https://www12.statcan.gc.ca/wds-sdw/2021profile-profil2021-eng.cfm"},"population":256,"status":"ok","source":{"label":"Statistics Canada Census Profile 2021 DA WDS","url":"https://www12.statcan.gc.ca/wds-sdw/2021profile-profil2021-eng.cfm"},"community_name":"Calgary","community_source":{"label":"Statistics Canada 2021 census subdivision boundaries (spatial lookup)","url":"https://geo.statcan.gc.ca/geo_wa/rest/services/2021/Cartographic_boundary_files/MapServer/9"},"community_display":"Calgary","is_unorganized":false,"panel_title":"Calgary","display_label":"Calgary","map_label":"48061358"},"geometry":{"type":"MultiPolygon","coordinates":[[[[-114.03650770834884,50.90579865555755],[-114.0354664876446,50.905394337307776],[-114.03550108985348,50.905296351234],[-114.03613031713348,50.904574635870766],[-114.03730540421002,50.903767936999294],[-114.03693668830215,50.903524737201394],[-114.03653973129718,50.90305594694508],[-114.0378203028843,50.902827541089465],[-114.0382099052692,50.90318825202619],[-114.03868090949484,50.90338914789652],[-114.03913249643895,50.903445552339385],[-114.03960401727372,50.903412537221215],[-114.04005512187886,50.90325314488016],[-114.0404749295384,50.903587539030276],[-114.040997490129,50.90387074566423],[-114.04086400169865,50.90395725791447],[-114.04051002362155,50.90438004985908],[-114.04033781336538,50.90462755086048],[-114.04028200852632,50.90505795903092],[-114.03963948958993,50.905095541358506],[-114.03874472229059,50.90507284054863],[-114.03830370666941,50.90529556072312],[-114.03759620345298,50.906132145307616],[-114.0372166954867,50.90605944072347],[-114.03650770834884,50.90579865555755]]]]}},{"type":"Feature","properties":{"DGUID":"2021S051248061359","DAUID":"48061359","LANDAREA":0.1626,"PRUID":"48","fed_num":"48010","da_code":"48061359","geo_name":"48061359","name_source":{"label":"Statistics Canada Census Profile 2021 DA WDS","url":"https://www12.statcan.gc.ca/wds-sdw/2021profile-profil2021-eng.cfm"},"population":550,"status":"ok","source":{"label":"Statistics Canada Census Profile 2021 DA WDS","url":"https://www12.statcan.gc.ca/wds-sdw/2021profile-profil2021-eng.cfm"},"community_name":"Calgary","community_source":{"label":"Statistics Canada 2021 census subdivision boundaries (spatial lookup)","url":"https://geo.statcan.gc.ca/geo_wa/rest/services/2021/Cartographic_boundary_files/MapServer/9"},"community_display":"Calgary","is_unorganized":false,"panel_title":"Calgary","display_label":"Calgary","map_label":"48061359"},"geometry":{"type":"MultiPolygon","coordinates":[[[[-114.03695868945881,50.90631384833215],[-114.03627163602808,50.90607055774268],[-114.03611001583087,50.90601333421788],[-114.03366901806851,50.90502484757704],[-114.03263861876717,50.90467484813458],[-114.03022872755292,50.904316642623456],[-114.03003099314788,50.90429362889775],[-114.03008217938313,50.90416002980891],[-114.0303938282178,50.90351123644065],[-114.03045069068764,50.90328784109455],[-114.03033681638239,50.90261932630476],[-114.03249231107176,50.90227833725218],[-114.03403811433672,50.90212883039821],[-114.03440619962913,50.90215614393742],[-114.03506793345986,50.90092264078073],[-114.03602553094827,50.90152263776589],[-114.03579481925924,50.90179564726477],[-114.03558552407169,50.90240202751966],[-114.0361507214976,50.90268623681148],[-114.03653973129718,50.90305594694508],[-114.03693668830215,50.903524737201394],[-114.03730540421002,50.903767936999294],[-114.03613031713348,50.904574635870766],[-114.03550108985348,50.905296351234],[-114.0354664876446,50.905394337307776],[-114.03650770834884,50.90579865555755],[-114.0372166954867,50.90605944072347],[-114.03759620345298,50.906132145307616],[-114.03830370666941,50.90529556072312],[-114.03874472229059,50.90507284054863],[-114.03963948958993,50.905095541358506],[-114.04028200852632,50.90505795903092],[-114.04049829170732,50.90590894532872],[-114.04063178531491,50.906272160664855],[-114.04064312005133,50.9065422598887],[-114.04064870533952,50.90667735598319],[-114.0404782877203,50.90667306745562],[-114.03887209165808,50.906650250073],[-114.03801080885627,50.906547441572776],[-114.03695868945881,50.90631384833215]]]]}},{"type":"Feature","properties":{"DGUID":"2021S051248061360","DAUID":"48061360","LANDAREA":0.2843,"PRUID":"48","fed_num":"48010","da_code":"48061360","geo_name":"48061360","name_source":{"label":"Statistics Canada Census Profile 2021 DA WDS","url":"https://www12.statcan.gc.ca/wds-sdw/2021profile-profil2021-eng.cfm"},"population":883,"status":"ok","source":{"label":"Statistics Canada Census Profile 2021 DA WDS","url":"https://www12.statcan.gc.ca/wds-sdw/2021profile-profil2021-eng.cfm"},"community_name":"Calgary","community_source":{"label":"Statistics Canada 2021 census subdivision boundaries (spatial lookup)","url":"https://geo.statcan.gc.ca/geo_wa/rest/services/2021/Cartographic_boundary_files/MapServer/9"},"community_display":"Calgary","is_unorganized":false,"panel_title":"Calgary","display_label":"Calgary","map_label":"48061360"},"geometry":{"type":"MultiPolygon","coordinates":[[[[-114.04479829049914,50.908095855195945],[-114.04456489899523,50.90796396670831],[-114.04448761000374,50.90806095759978],[-114.04417790234785,50.90823305188899],[-114.04362848301608,50.908371957897224],[-114.04229548901397,50.9085271496676],[-114.04133808909317,50.90881766998647],[-114.04069938482881,50.90901736017162],[-114.04016698572126,50.909111768992496],[-114.0395953968862,50.90915125479087],[-114.03881869456735,50.90905954963622],[-114.03805058005882,50.90883314745993],[-114.0373905096553,50.908474543481226],[-114.03641450326904,50.907937042032394],[-114.0358316735784,50.90770633911189],[-114.03546519289853,50.907652150474355],[-114.03492428347707,50.907656359799326],[-114.03434930882446,50.90774965019521],[-114.03379358689094,50.90776253923047],[-114.03329028950331,50.90762384360024],[-114.03289148165771,50.9074067429332],[-114.0324729036442,50.90705434263826],[-114.03217590128291,50.90680383980427],[-114.0316538961071,50.90651173990171],[-114.0319885882346,50.90616943309863],[-114.03225688979698,50.90575355127861],[-114.03084470807437,50.90536674703256],[-114.03071251669843,50.90498563120008],[-114.03076719172522,50.90457323199472],[-114.0294987113882,50.90438804410999],[-114.02822779741344,50.904238732380236],[-114.02820600219617,50.904804843376596],[-114.0283069869121,50.90500532730722],[-114.02856889313513,50.9051379238205],[-114.02946079198408,50.905205646493606],[-114.0293620979648,50.906084647504684],[-114.02832821206219,50.906013345844215],[-114.02804640436345,50.90597012237328],[-114.0276986695611,50.90584432997587],[-114.02718080003005,50.90548932992045],[-114.02694457932286,50.90517742663883],[-114.02685559469545,50.90478842780906],[-114.02685690758933,50.90432071644015],[-114.0269019102438,50.9040610336975],[-114.026984418638,50.90388323640208],[-114.03003099314788,50.90429362889775],[-114.03022872755292,50.904316642623456],[-114.03263861876717,50.90467484813458],[-114.03366901806851,50.90502484757704],[-114.03611001583087,50.90601333421788],[-114.03627163602808,50.90607055774268],[-114.03695868945881,50.90631384833215],[-114.03801080885627,50.906547441572776],[-114.03887209165808,50.906650250073],[-114.0404782877203,50.90667306745562],[-114.04064870533952,50.90667735598319],[-114.04379229810804,50.90668506025837],[-114.04460311295489,50.906687669442825],[-114.04673702780173,50.90668766191858],[-114.04733470173107,50.90668486662716],[-114.04732960083399,50.90699056597082],[-114.04732441945922,50.90842066472157],[-114.04552225642587,50.90809580457567],[-114.0447014967168,50.908264750615295],[-114.04480570778675,50.90820406072115],[-114.04479829049914,50.908095855195945]]]]}},{"type":"Feature","properties":{"DGUID":"2021S051248061362","DAUID":"48061362","LANDAREA":0.5298,"PRUID":"48","fed_num":"48010","da_code":"48061362","geo_name":"48061362","name_source":{"label":"Statistics Canada Census Profile 2021 DA WDS","url":"https://www12.statcan.gc.ca/wds-sdw/2021profile-profil2021-eng.cfm"},"population":870,"status":"ok","source":{"label":"Statistics Canada Census Profile 2021 DA WDS","url":"https://www12.statcan.gc.ca/wds-sdw/2021profile-profil2021-eng.cfm"},"community_name":"Calgary","community_source":{"label":"Statistics Canada 2021 census subdivision boundaries (spatial lookup)","url":"https://geo.statcan.gc.ca/geo_wa/rest/services/2021/Cartographic_boundary_files/MapServer/9"},"community_display":"Calgary","is_unorganized":false,"panel_title":"Calgary","display_label":"Calgary","map_label":"48061362"},"geometry":{"type":"MultiPolygon","coordinates":[[[[-114.05153759909962,50.914913675296475],[-114.05114437631278,50.91460697797398],[-114.05100058554922,50.914405366291504],[-114.05080399192143,50.91413957931919],[-114.05074778008658,50.913904267903206],[-114.05066538918503,50.91363237348873],[-114.0505579735243,50.91330577028549],[-114.05037558937966,50.91304037898028],[-114.05014879332614,50.912800774001056],[-114.0498351856139,50.912585969092795],[-114.04917147559325,50.91228126772125],[-114.0488907944919,50.91222027001007],[-114.0477690830175,50.91195796014554],[-114.04695767955566,50.91173956905259],[-114.04639520153736,50.911410461744026],[-114.04609238851617,50.91102497389758],[-114.04604870203754,50.910592174181204],[-114.04611398727113,50.910458863126976],[-114.04619699787835,50.91027205318021],[-114.04668337824035,50.9097806556793],[-114.04704939639305,50.90939416768347],[-114.04723628251033,50.90913807173847],[-114.04732210599174,50.90890636215081],[-114.04732441945922,50.90842066472157],[-114.04732960083399,50.90699056597082],[-114.04733470173107,50.90668486662716],[-114.04747683077723,50.90668846415036],[-114.05440541559076,50.906683659033334],[-114.05518892925397,50.906667472884294],[-114.05522014630021,50.90684817541317],[-114.05535433456369,50.90720235426278],[-114.05549861671102,50.90739497923149],[-114.05586170162842,50.90772786608585],[-114.05655041236038,50.90808706119519],[-114.05612490971872,50.90874196154053],[-114.05606409764872,50.909028263837534],[-114.0560994236728,50.909371057068036],[-114.05555910266824,50.90936637582969],[-114.05477272391227,50.90942746492282],[-114.05466820474004,50.90950576954605],[-114.05485058873671,50.90999616138287],[-114.05499042270196,50.91026056930489],[-114.05540181457117,50.910729676944605],[-114.05553539421453,50.91086796536275],[-114.05549728420743,50.911019864531205],[-114.05580480963202,50.91110865935935],[-114.0562326012054,50.911317282327424],[-114.05665258286797,50.91165176549508],[-114.05687541508942,50.91195416882243],[-114.05697030543352,50.91225346438759],[-114.0569289082311,50.912459265025035],[-114.05661868707199,50.91286517715294],[-114.05756260300093,50.91346467238638],[-114.0579955176747,50.91314277214546],[-114.05879651032026,50.91194866556299],[-114.05993021784843,50.912247080652925],[-114.05951839470552,50.91291138336192],[-114.0601763851096,50.91308087271827],[-114.06019178793791,50.91351297209415],[-114.060889116188,50.9135125747378],[-114.06097159409751,50.914009393243],[-114.06147359297111,50.91484958182652],[-114.06155090008497,50.91497747583686],[-114.06072688755887,50.91518158013639],[-114.05754710660248,50.91596498371418],[-114.05657138578812,50.91609326622952],[-114.0560025735181,50.91608787961366],[-114.05540817251389,50.916036881018336],[-114.05473187829625,50.9159298779574],[-114.05221266334813,50.915263571088076],[-114.05153759909962,50.914913675296475]]]]}},{"type":"Feature","properties":{"DGUID":"2021S051248061363","DAUID":"48061363","LANDAREA":0.118,"PRUID":"48","fed_num":"48010","da_code":"48061363","geo_name":"48061363","name_source":{"label":"Statistics Canada Census Profile 2021 DA WDS","url":"https://www12.statcan.gc.ca/wds-sdw/2021profile-profil2021-eng.cfm"},"population":403,"status":"ok","source":{"label":"Statistics Canada Census Profile 2021 DA WDS","url":"https://www12.statcan.gc.ca/wds-sdw/2021profile-profil2021-eng.cfm"},"community_name":"Calgary","community_source":{"label":"Statistics Canada 2021 census subdivision boundaries (spatial lookup)","url":"https://geo.statcan.gc.ca/geo_wa/rest/services/2021/Cartographic_boundary_files/MapServer/9"},"community_display":"Calgary","is_unorganized":false,"panel_title":"Calgary","display_label":"Calgary","map_label":"48061363"},"geometry":{"type":"MultiPolygon","coordinates":[[[[-114.0477518699963,50.91537567013744],[-114.04623068240565,50.91513025592345],[-114.0458141735597,50.91496677162215],[-114.04510167010527,50.91453496730428],[-114.04627398190557,50.91377307881179],[-114.046273995918,50.91377280039514],[-114.04629909654183,50.9124784555012],[-114.0455950923293,50.91213676589367],[-114.04516049259426,50.91181095449726],[-114.04492298458526,50.91151706482669],[-114.04472759312937,50.911008451046506],[-114.04469180157044,50.91067466956402],[-114.04478730480204,50.91029034862978],[-114.04528110557831,50.91035685785766],[-114.04611398727113,50.910458863126976],[-114.04604870203754,50.910592174181204],[-114.04609238851617,50.91102497389758],[-114.04639520153736,50.911410461744026],[-114.04695767955566,50.91173956905259],[-114.0477690830175,50.91195796014554],[-114.0488907944919,50.91222027001007],[-114.04917147559325,50.91228126772125],[-114.0498351856139,50.912585969092795],[-114.05014879332614,50.912800774001056],[-114.05037558937966,50.91304037898028],[-114.0505579735243,50.91330577028549],[-114.05066538918503,50.91363237348873],[-114.05074778008658,50.913904267903206],[-114.05080399192143,50.91413957931919],[-114.05100058554922,50.914405366291504],[-114.05051137974861,50.91449198321231],[-114.05022326885542,50.914547672456564],[-114.04908277110373,50.91458177527149],[-114.04835827833801,50.91478837352971],[-114.0481502826267,50.914926969886416],[-114.04800138845481,50.915031176188805],[-114.0477518699963,50.91537567013744]]]]}},{"type":"Feature","properties":{"DGUID":"2021S051248061364","DAUID":"48061364","LANDAREA":0.0863,"PRUID":"48","fed_num":"48010","da_code":"48061364","geo_name":"48061364","name_source":{"label":"Statistics Canada Census Profile 2021 DA WDS","url":"https://www12.statcan.gc.ca/wds-sdw/2021profile-profil2021-eng.cfm"},"population":301,"status":"ok","source":{"label":"Statistics Canada Census Profile 2021 DA WDS","url":"https://www12.statcan.gc.ca/wds-sdw/2021profile-profil2021-eng.cfm"},"community_name":"Calgary","community_source":{"label":"Statistics Canada 2021 census subdivision boundaries (spatial lookup)","url":"https://geo.statcan.gc.ca/geo_wa/rest/services/2021/Cartographic_boundary_files/MapServer/9"},"community_display":"Calgary","is_unorganized":false,"panel_title":"Calgary","display_label":"Calgary","map_label":"48061364"},"geometry":{"type":"MultiPolygon","coordinates":[[[[-114.0481279649062,50.91842548131248],[-114.04795407488376,50.91802536977422],[-114.04788587222505,50.917528866083344],[-114.04769337573596,50.91607576643132],[-114.04766268592675,50.91588616194133],[-114.04766607372518,50.915607376134545],[-114.0477518699963,50.91537567013744],[-114.04800138845481,50.915031176188805],[-114.0481502826267,50.914926969886416],[-114.04835827833801,50.91478837352971],[-114.04908277110373,50.91458177527149],[-114.05022326885542,50.914547672456564],[-114.05027037757878,50.91470177267861],[-114.05043007362977,50.91487677680622],[-114.0506211007863,50.91500748134033],[-114.05102568624021,50.915134667332225],[-114.05047788230429,50.915921360124365],[-114.05053526497413,50.91636357877869],[-114.05059487924733,50.91676986634705],[-114.05084098551882,50.91715387177624],[-114.05127228352646,50.91708376362519],[-114.05184225884008,50.917071271902415],[-114.05264929156117,50.91713657344249],[-114.05240775915782,50.9175802806104],[-114.05239849673681,50.91760671084475],[-114.05130615374857,50.91747805535541],[-114.05055857803,50.917802417193016],[-114.04849483817141,50.91869771580005],[-114.04846714213627,50.918685972851335],[-114.0481279649062,50.91842548131248]]]]}},{"type":"Feature","properties":{"DGUID":"2021S051248061365","DAUID":"48061365","LANDAREA":0.1366,"PRUID":"48","fed_num":"48010","da_code":"48061365","geo_name":"48061365","name_source":{"label":"Statistics Canada Census Profile 2021 DA WDS","url":"https://www12.statcan.gc.ca/wds-sdw/2021profile-profil2021-eng.cfm"},"population":599,"status":"ok","source":{"label":"Statistics Canada Census Profile 2021 DA WDS","url":"https://www12.statcan.gc.ca/wds-sdw/2021profile-profil2021-eng.cfm"},"community_name":"Calgary","community_source":{"label":"Statistics Canada 2021 census subdivision boundaries (spatial lookup)","url":"https://geo.statcan.gc.ca/geo_wa/rest/services/2021/Cartographic_boundary_files/MapServer/9"},"community_display":"Calgary","is_unorganized":false,"panel_title":"Calgary","display_label":"Calgary","map_label":"48061365"},"geometry":{"type":"MultiPolygon","coordinates":[[[[-114.050465337295,50.91949207194906],[-114.04961744846294,50.91917377871078],[-114.04849483817141,50.91869771580005],[-114.05055857803,50.917802417193016],[-114.05130615374857,50.91747805535541],[-114.05239849673681,50.91760671084475],[-114.05240775915782,50.9175802806104],[-114.05264929156117,50.91713657344249],[-114.05184225884008,50.917071271902415],[-114.05127228352646,50.91708376362519],[-114.05084098551882,50.91715387177624],[-114.05059487924733,50.91676986634705],[-114.05053526497413,50.91636357877869],[-114.05047788230429,50.915921360124365],[-114.05102568624021,50.915134667332225],[-114.0506211007863,50.91500748134033],[-114.05043007362977,50.91487677680622],[-114.05027037757878,50.91470177267861],[-114.05022326885542,50.914547672456564],[-114.05051137974861,50.91449198321231],[-114.05100058554922,50.914405366291504],[-114.05114437631278,50.91460697797398],[-114.05153759909962,50.914913675296475],[-114.05221266334813,50.915263571088076],[-114.05473187829625,50.9159298779574],[-114.05540817251389,50.916036881018336],[-114.0560025735181,50.91608787961366],[-114.05597909183122,50.91631537612964],[-114.05590119726814,50.9165920697707],[-114.05539067643633,50.91743967422646],[-114.05518218848059,50.918261977723795],[-114.05507598263576,50.918367280892575],[-114.0542871808392,50.91823937304899],[-114.05383015779455,50.91826388713944],[-114.05331138393781,50.91836768235878],[-114.0525350739045,50.91871688428942],[-114.0521151619374,50.91905708280497],[-114.05169685731013,50.91937026855671],[-114.05130527286063,50.919486369378305],[-114.05084726544504,50.919528788526186],[-114.050465337295,50.91949207194906]]]]}},{"type":"Feature","properties":{"DGUID":"2021S051248061367","DAUID":"48061367","LANDAREA":0.7366,"PRUID":"48","fed_num":"48010","da_code":"48061367","geo_name":"48061367","name_source":{"label":"Statistics Canada Census Profile 2021 DA WDS","url":"https://www12.statcan.gc.ca/wds-sdw/2021profile-profil2021-eng.cfm"},"population":1670,"status":"ok","source":{"label":"Statistics Canada Census Profile 2021 DA WDS","url":"https://www12.statcan.gc.ca/wds-sdw/2021profile-profil2021-eng.cfm"},"community_name":"Calgary","community_source":{"label":"Statistics Canada 2021 census subdivision boundaries (spatial lookup)","url":"https://geo.statcan.gc.ca/geo_wa/rest/services/2021/Cartographic_boundary_files/MapServer/9"},"community_display":"Calgary","is_unorganized":false,"panel_title":"Calgary","display_label":"Calgary","map_label":"48061367"},"geometry":{"type":"MultiPolygon","coordinates":[[[[-114.05506748379447,50.92139233770547],[-114.05429088911181,50.92085283160318],[-114.0535029583322,50.920434410530255],[-114.05278533842574,50.92022299430764],[-114.05164779365266,50.92021009352857],[-114.05053720604865,50.9202339715596],[-114.04745582038842,50.91945350587416],[-114.04630770040563,50.91911516106979],[-114.0457467189245,50.9187629995091],[-114.0457313983083,50.91875339319554],[-114.04571996115652,50.918746224369215],[-114.04556153328973,50.918646682776206],[-114.0412650172604,50.91500345778957],[-114.03843618015195,50.91256651024923],[-114.0376240411346,50.911571137239385],[-114.0383490489054,50.91135514416006],[-114.03877743810229,50.91119862766789],[-114.03957859422454,50.910717599854294],[-114.03968516665842,50.910471480151294],[-114.03941278634937,50.910010146329654],[-114.04028700303394,50.910029003590445],[-114.04076566641656,50.90975970935732],[-114.04116893556413,50.9094542961183],[-114.04159289527188,50.90925673097384],[-114.04228893158337,50.90893122532397],[-114.04454334584592,50.90839400389574],[-114.0447014967168,50.908264750615295],[-114.04552225642587,50.90809580457567],[-114.04732441945922,50.90842066472157],[-114.04732210599174,50.90890636215081],[-114.04723628251033,50.90913807173847],[-114.04704939639305,50.90939416768347],[-114.04668337824035,50.9097806556793],[-114.04619699787835,50.91027205318021],[-114.04611398727113,50.910458863126976],[-114.04528110557831,50.91035685785766],[-114.04478730480204,50.91029034862978],[-114.04379698821681,50.91020225348316],[-114.04349640246568,50.91023066151661],[-114.0433958766395,50.90934655174276],[-114.04280730022244,50.9094305504369],[-114.04222769313793,50.90959586527706],[-114.04124519255927,50.91005665340958],[-114.04095770901374,50.910328167682174],[-114.04197180070886,50.910938552603135],[-114.04172399929028,50.91125615343117],[-114.04156707418016,50.91171085522032],[-114.04158177209386,50.912152070118985],[-114.04170050693034,50.91252386341899],[-114.04195218104356,50.91281805233821],[-114.04223907862603,50.91300527226018],[-114.04282378569985,50.91320895296633],[-114.04335217414533,50.91340226521647],[-114.04390047820795,50.913730962048334],[-114.04415668955566,50.913953357234824],[-114.04510167010527,50.91453496730428],[-114.0458141735597,50.91496677162215],[-114.04623068240565,50.91513025592345],[-114.0477518699963,50.91537567013744],[-114.04766607372518,50.915607376134545],[-114.04766268592675,50.91588616194133],[-114.04769337573596,50.91607576643132],[-114.04788587222505,50.917528866083344],[-114.04795407488376,50.91802536977422],[-114.0481279649062,50.91842548131248],[-114.04846714213627,50.918685972851335],[-114.04849483817141,50.91869771580005],[-114.04961744846294,50.91917377871078],[-114.050465337295,50.91949207194906],[-114.05084726544504,50.919528788526186],[-114.05130527286063,50.919486369378305],[-114.05169685731013,50.91937026855671],[-114.0521151619374,50.91905708280497],[-114.0525350739045,50.91871688428942],[-114.05331138393781,50.91836768235878],[-114.05383015779455,50.91826388713944],[-114.0542871808392,50.91823937304899],[-114.05507598263576,50.918367280892575],[-114.05539537946582,50.9184922777293],[-114.05587279010005,50.91881908817715],[-114.05640249119705,50.91921927564694],[-114.05676446748464,50.919345379736484],[-114.05717025636308,50.91945447390545],[-114.05847626939155,50.91950549409521],[-114.06031137880676,50.91951568843027],[-114.06138597572932,50.919398883772544],[-114.06198207345922,50.919197996872676],[-114.0626037155276,50.91881789267216],[-114.06295648583142,50.91841298118025],[-114.06312180182063,50.91804837492622],[-114.06313021033101,50.917688784415766],[-114.06302838083211,50.91727239464485],[-114.06276969766236,50.91686117502807],[-114.06242520083073,50.916231790265265],[-114.0616656938065,50.91518729596102],[-114.06155090008497,50.91497747583686],[-114.06172418851632,50.91493687643165],[-114.06389191904667,50.914406781660006],[-114.06442771608792,50.914258293448086],[-114.06487342101909,50.91411227895016],[-114.0648876015921,50.91422207959093],[-114.06492133074202,50.91430888815156],[-114.06503603543054,50.91441028891281],[-114.06518269524166,50.9145110817473],[-114.06535600566397,50.914595395245634],[-114.06548640859654,50.91463519439093],[-114.06572460027799,50.91467777478722],[-114.06605821321685,50.914803072318804],[-114.06639921050258,50.91503648680688],[-114.06654482829627,50.915211087684824],[-114.06495491108993,50.91560287498222],[-114.06537850888172,50.91633307048965],[-114.06612618924893,50.917566289329116],[-114.06698848985927,50.919692789046394],[-114.06764040056015,50.92131927710947],[-114.06726766118692,50.9213310086969],[-114.06507117788767,50.92132774627181],[-114.06261067198261,50.921324027462404],[-114.06097864955647,50.92132151104102],[-114.06060197014544,50.921355123101],[-114.05921005334787,50.92136757358737],[-114.05506748379447,50.92139233770547]]]]}},{"type":"Feature","properties":{"DGUID":"2021S051248061368","DAUID":"48061368","LANDAREA":0.1156,"PRUID":"48","fed_num":"48010","da_code":"48061368","geo_name":"48061368","name_source":{"label":"Statistics Canada Census Profile 2021 DA WDS","url":"https://www12.statcan.gc.ca/wds-sdw/2021profile-profil2021-eng.cfm"},"population":366,"status":"ok","source":{"label":"Statistics Canada Census Profile 2021 DA WDS","url":"https://www12.statcan.gc.ca/wds-sdw/2021profile-profil2021-eng.cfm"},"community_name":"Calgary","community_source":{"label":"Statistics Canada 2021 census subdivision boundaries (spatial lookup)","url":"https://geo.statcan.gc.ca/geo_wa/rest/services/2021/Cartographic_boundary_files/MapServer/9"},"community_display":"Calgary","is_unorganized":false,"panel_title":"Calgary","display_label":"Calgary","map_label":"48061368"},"geometry":{"type":"MultiPolygon","coordinates":[[[[-114.04222769313793,50.90959586527706],[-114.04280730022244,50.9094305504369],[-114.0433958766395,50.90934655174276],[-114.04349640246568,50.91023066151661],[-114.04379698821681,50.91020225348316],[-114.04478730480204,50.91029034862978],[-114.04469180157044,50.91067466956402],[-114.04472759312937,50.911008451046506],[-114.04492298458526,50.91151706482669],[-114.04516049259426,50.91181095449726],[-114.0455950923293,50.91213676589367],[-114.04629909654183,50.9124784555012],[-114.046273995918,50.91377280039514],[-114.04627398190557,50.91377307881179],[-114.04510167010527,50.91453496730428],[-114.04415668955566,50.913953357234824],[-114.04390047820795,50.913730962048334],[-114.04335217414533,50.91340226521647],[-114.04282378569985,50.91320895296633],[-114.04223907862603,50.91300527226018],[-114.04195218104356,50.91281805233821],[-114.04170050693034,50.91252386341899],[-114.04158177209386,50.912152070118985],[-114.04156707418016,50.91171085522032],[-114.04172399929028,50.91125615343117],[-114.04197180070886,50.910938552603135],[-114.04095770901374,50.910328167682174],[-114.04124519255927,50.91005665340958],[-114.04222769313793,50.90959586527706]]]]}},{"type":"Feature","properties":{"DGUID":"2021S051248061370","DAUID":"48061370","LANDAREA":2.2274,"PRUID":"48","fed_num":"48010","da_code":"48061370","geo_name":"48061370","name_source":{"label":"Statistics Canada Census Profile 2021 DA WDS","url":"https://www12.statcan.gc.ca/wds-sdw/2021profile-profil2021-eng.cfm"},"population":1037,"status":"ok","source":{"label":"Statistics Canada Census Profile 2021 DA WDS","url":"https://www12.statcan.gc.ca/wds-sdw/2021profile-profil2021-eng.cfm"},"community_name":"Calgary","community_source":{"label":"Statistics Canada 2021 census subdivision boundaries (spatial lookup)","url":"https://geo.statcan.gc.ca/geo_wa/rest/services/2021/Cartographic_boundary_files/MapServer/9"},"community_display":"Calgary","is_unorganized":false,"panel_title":"Calgary","display_label":"Calgary","map_label":"48061370"},"geometry":{"type":"MultiPolygon","coordinates":[[[[-114.07131491080378,50.92905029135904],[-114.07120388203448,50.92905761079807],[-114.07067421094362,50.9292086849451],[-114.07031865021122,50.92921695566048],[-114.07011437032547,50.92922835589373],[-114.07008703871587,50.92922476146695],[-114.0698900841718,50.929198969356385],[-114.06965937808471,50.92916871951424],[-114.0692710548144,50.92911783048966],[-114.06898636522898,50.92908050899104],[-114.06811176623695,50.928965858369935],[-114.0679621372447,50.92896377614904],[-114.06784007591267,50.92896206907197],[-114.06755106163165,50.928928876529454],[-114.06744287066904,50.92891646471311],[-114.06492594744259,50.928981655005984],[-114.06460044154386,50.92895995608515],[-114.0641317400996,50.92889045798154],[-114.06272816435815,50.92847285328591],[-114.06187267680913,50.92831775933803],[-114.06163255601098,50.92831726402968],[-114.06144616140197,50.92833474554279],[-114.06046106070515,50.92865025411459],[-114.06024202560111,50.92869304502539],[-114.0596378595316,50.92886783974768],[-114.05819984386389,50.92917705228476],[-114.05776403280645,50.92932845986895],[-114.05649341920346,50.929642755454815],[-114.0557867505575,50.92963865476087],[-114.05560234413466,50.92959883272668],[-114.05523861139288,50.92937614216539],[-114.0550856430801,50.92921644428277],[-114.05494094873475,50.928951030494694],[-114.05480582356361,50.92879735990765],[-114.05437154333282,50.928522134673806],[-114.05408062490406,50.92841784170592],[-114.05406593825066,50.92844915237475],[-114.05399333887611,50.928453839486274],[-114.05382703010763,50.92854314588778],[-114.05377352234416,50.92864835897652],[-114.05352312355564,50.928810852790875],[-114.05340344595729,50.92899534531152],[-114.05345432289784,50.92922224099444],[-114.05322714684429,50.92937083646863],[-114.05310912390767,50.92937484347551],[-114.0528583278545,50.9292911584635],[-114.05257154635488,50.929072436630115],[-114.05229094471576,50.92880503946631],[-114.05204641134493,50.92867274202382],[-114.05193891751365,50.928636843529056],[-114.05107844057176,50.92862474318594],[-114.05055843148709,50.92872624729364],[-114.05013711377136,50.92872324719103],[-114.04933122626875,50.92857735493781],[-114.04903393555533,50.92839844551839],[-114.04902952169924,50.928266641792014],[-114.04910522638365,50.928176148765424],[-114.04926201895586,50.92809814871007],[-114.0500160357808,50.92804575006802],[-114.05055824396834,50.927958851117026],[-114.05072773233358,50.927906855493376],[-114.0510012417668,50.9277303348628],[-114.05116821992722,50.92748923614664],[-114.05120914178102,50.927358130969544],[-114.05121702285093,50.92700605258869],[-114.05109464209865,50.92687835141485],[-114.05070453611107,50.92663235362486],[-114.04983034324498,50.92649975152109],[-114.04944063561928,50.926500030117126],[-114.04919134239277,50.92663393760047],[-114.04890184985553,50.92674724890186],[-114.04866593043629,50.92675544694228],[-114.04835404270104,50.92660782853286],[-114.04825069669806,50.926529390869746],[-114.04811573460785,50.92642695439872],[-114.04791115532045,50.92619214959126],[-114.04752753093864,50.92602064165366],[-114.04737903158407,50.92599284258893],[-114.04708412522454,50.92600295075411],[-114.0466957098845,50.92609773193124],[-114.04636925504497,50.926104546419374],[-114.04585833678668,50.925948439533144],[-114.04548521786893,50.92573702964387],[-114.04526363511461,50.925467629889525],[-114.04519582186248,50.92520605212156],[-114.0451655450617,50.924653022931544],[-114.04511673246407,50.92436883462752],[-114.04505651619023,50.92427633165899],[-114.0447487202822,50.92401433196411],[-114.04456434021773,50.923974547797826],[-114.044561119083,50.92393722739976],[-114.04444624012187,50.92385544023888],[-114.04423423906329,50.92357473327476],[-114.04423923772607,50.92343163584506],[-114.0444272528472,50.92311073106106],[-114.04491315009597,50.922693723122876],[-114.04496335096073,50.92242823209004],[-114.04502735003943,50.922283026035615],[-114.04526723473718,50.92216042634654],[-114.04564293849376,50.92203975115064],[-114.04589233040355,50.92190582794848],[-114.04594586380988,50.92180064568298],[-114.04595075925425,50.9215344456518],[-114.04584095392518,50.92130954652739],[-114.04587876142556,50.9212642293203],[-114.04570876196038,50.92094693481029],[-114.04537056760911,50.920776031459745],[-114.04438145970288,50.920561642901475],[-114.0433347566449,50.920443837950955],[-114.04241836909246,50.9202247245617],[-114.04197187812197,50.920169731208304],[-114.04186946146417,50.91999071834655],[-114.04179847941978,50.9196919290793],[-114.04174355414872,50.91957952763792],[-114.04132738117256,50.91931012683615],[-114.04066675959113,50.91903163826524],[-114.04040644859606,50.918836119764414],[-114.04022727646255,50.918653222188105],[-114.04010187049049,50.917843913116705],[-114.0400236796535,50.917622434193305],[-114.03980225173075,50.917352929931624],[-114.03937757945982,50.917066330492666],[-114.03825136092824,50.91650921244529],[-114.03762215996571,50.915987725125675],[-114.03731107526555,50.91556531550437],[-114.0372444554092,50.91539831050313],[-114.03725045519171,50.91510342182924],[-114.03756467582596,50.91467272854464],[-114.03812936550537,50.91420251599639],[-114.03832066339378,50.913918909826016],[-114.03837705968796,50.91360470970258],[-114.03822947072553,50.913425130056915],[-114.03802188755151,50.913276119924305],[-114.03789657093829,50.913234325930794],[-114.03665207882004,50.91307922179538],[-114.03606549032823,50.91289050148715],[-114.03558817395033,50.912557305294946],[-114.0352856573052,50.91227520375248],[-114.03520004309976,50.9122203801425],[-114.0376240411346,50.911571137239385],[-114.03843618015195,50.91256651024923],[-114.0412650172604,50.91500345778957],[-114.04556153328973,50.918646682776206],[-114.04571996115652,50.918746224369215],[-114.0457313983083,50.91875339319554],[-114.0457467189245,50.9187629995091],[-114.04630770040563,50.91911516106979],[-114.04745582038842,50.91945350587416],[-114.05053720604865,50.9202339715596],[-114.05164779365266,50.92021009352857],[-114.05278533842574,50.92022299430764],[-114.0535029583322,50.920434410530255],[-114.05429088911181,50.92085283160318],[-114.05506748379447,50.92139233770547],[-114.05921005334787,50.92136757358737],[-114.06060197014544,50.921355123101],[-114.06097864955647,50.92132151104102],[-114.06261067198261,50.921324027462404],[-114.06507117788767,50.92132774627181],[-114.06726766118692,50.9213310086969],[-114.06764040056015,50.92131927710947],[-114.06698848985927,50.919692789046394],[-114.06612618924893,50.917566289329116],[-114.06537850888172,50.91633307048965],[-114.06495491108993,50.91560287498222],[-114.06654482829627,50.915211087684824],[-114.06639921050258,50.91503648680688],[-114.06605821321685,50.914803072318804],[-114.06572460027799,50.91467777478722],[-114.06548640859654,50.91463519439093],[-114.06535600566397,50.914595395245634],[-114.06518269524166,50.9145110817473],[-114.06503603543054,50.91441028891281],[-114.06492133074202,50.91430888815156],[-114.0648876015921,50.91422207959093],[-114.06487342101909,50.91411227895016],[-114.06525382799512,50.91401937462751],[-114.06596581457423,50.913853573235315],[-114.06704172821131,50.91358697453137],[-114.06726366781768,50.91353197742361],[-114.06741132550036,50.91349541853286],[-114.06766637851383,50.913432223851935],[-114.06799584089325,50.91335058724299],[-114.0688418389116,50.91314088118504],[-114.06927371386723,50.91301987685107],[-114.06950754174363,50.91296519311233],[-114.06971394185547,50.912932893406975],[-114.07006962659062,50.91289998576404],[-114.07021155109406,50.9128859889419],[-114.07043256901261,50.912864333265546],[-114.0704324681295,50.91287247586257],[-114.07042733182908,50.91336307804614],[-114.07047313994711,50.914911795896664],[-114.07050074776095,50.91522788163013],[-114.07054465268374,50.9155526860548],[-114.07061104069079,50.915883189535506],[-114.07067912729669,50.91618979752557],[-114.07075925285604,50.916551187998266],[-114.07088695806468,50.91697448675569],[-114.0714136214287,50.918546189103964],[-114.07188545323362,50.9199485873729],[-114.0723082159085,50.92115329501392],[-114.07230866059233,50.92115459643973],[-114.07246595473669,50.92160253145728],[-114.07283961756032,50.92151344474611],[-114.07304464641389,50.921872310551365],[-114.07336077453057,50.92245173909956],[-114.0733982190627,50.922603702172694],[-114.07342977700443,50.92273183475391],[-114.07352081106049,50.92310121627557],[-114.07375418002991,50.92367431386757],[-114.07433631715263,50.92414990558593],[-114.07392467874486,50.92465903648681],[-114.07368738675818,50.92495249584615],[-114.07357414760556,50.925092586113465],[-114.07357872177751,50.92511300308497],[-114.07360962469691,50.92532218352251],[-114.07362812204809,50.92555458691997],[-114.07362883298414,50.9257425013062],[-114.07361849724299,50.925964693723955],[-114.07357582537887,50.926234182311845],[-114.07352670928854,50.92644190119384],[-114.07345810503763,50.92665850782021],[-114.07345710333914,50.92666168346204],[-114.07343791046912,50.926722498004914],[-114.07340736496107,50.92680276979708],[-114.07340631754555,50.92680548803123],[-114.073344224272,50.92696890456166],[-114.07277548491018,50.92812550001261],[-114.07243779039314,50.92880568456008],[-114.07228990904642,50.92907809935784],[-114.07192992320091,50.928966174031856],[-114.07131491080378,50.92905029135904]]]]}},{"type":"Feature","properties":{"DGUID":"2021S051248061373","DAUID":"48061373","LANDAREA":0.1091,"PRUID":"48","fed_num":"48010","da_code":"48061373","geo_name":"48061373","name_source":{"label":"Statistics Canada Census Profile 2021 DA WDS","url":"https://www12.statcan.gc.ca/wds-sdw/2021profile-profil2021-eng.cfm"},"population":367,"status":"ok","source":{"label":"Statistics Canada Census Profile 2021 DA WDS","url":"https://www12.statcan.gc.ca/wds-sdw/2021profile-profil2021-eng.cfm"},"community_name":"Calgary","community_source":{"label":"Statistics Canada 2021 census subdivision boundaries (spatial lookup)","url":"https://geo.statcan.gc.ca/geo_wa/rest/services/2021/Cartographic_boundary_files/MapServer/9"},"community_display":"Calgary","is_unorganized":false,"panel_title":"Calgary","display_label":"Calgary","map_label":"48061373"},"geometry":{"type":"MultiPolygon","coordinates":[[[[-114.05665258286797,50.91165176549508],[-114.0562326012054,50.911317282327424],[-114.05580480963202,50.91110865935935],[-114.05549728420743,50.911019864531205],[-114.05553539421453,50.91086796536275],[-114.05540181457117,50.910729676944605],[-114.05499042270196,50.91026056930489],[-114.05485058873671,50.90999616138287],[-114.05466820474004,50.90950576954605],[-114.05477272391227,50.90942746492282],[-114.05555910266824,50.90936637582969],[-114.0560994236728,50.909371057068036],[-114.0563870178318,50.90999896781367],[-114.05765062133355,50.90959006015739],[-114.0590824347119,50.909221373911514],[-114.05980103615532,50.90887968108046],[-114.06031122616729,50.908460779472826],[-114.06053452537279,50.90852938218966],[-114.06072324681837,50.90869607089031],[-114.06175602737669,50.910368176047086],[-114.05908782015166,50.91093958322698],[-114.05795600033342,50.91128888735706],[-114.05822029603873,50.91161037569272],[-114.05847830158993,50.911805777243586],[-114.05879651032026,50.91194866556299],[-114.0579955176747,50.91314277214546],[-114.05756260300093,50.91346467238638],[-114.05661868707199,50.91286517715294],[-114.0569289082311,50.912459265025035],[-114.05697030543352,50.91225346438759],[-114.05687541508942,50.91195416882243],[-114.05665258286797,50.91165176549508]]]]}},{"type":"Feature","properties":{"DGUID":"2021S051248061385","DAUID":"48061385","LANDAREA":5.8777,"PRUID":"48","fed_num":"48010","da_code":"48061385","geo_name":"48061385","name_source":{"label":"Statistics Canada Census Profile 2021 DA WDS","url":"https://www12.statcan.gc.ca/wds-sdw/2021profile-profil2021-eng.cfm"},"population":1092,"status":"ok","source":{"label":"Statistics Canada Census Profile 2021 DA WDS","url":"https://www12.statcan.gc.ca/wds-sdw/2021profile-profil2021-eng.cfm"},"community_name":"Calgary","community_source":{"label":"Statistics Canada 2021 census subdivision boundaries (spatial lookup)","url":"https://geo.statcan.gc.ca/geo_wa/rest/services/2021/Cartographic_boundary_files/MapServer/9"},"community_display":"Calgary","is_unorganized":false,"panel_title":"Calgary","display_label":"Calgary","map_label":"48061385"},"geometry":{"type":"MultiPolygon","coordinates":[[[[-114.05685241999647,50.90645768046845],[-114.05540252836704,50.906663870359885],[-114.05518892925397,50.906667472884294],[-114.05516900873336,50.90653205803406],[-114.05508012867517,50.90433505636529],[-114.05510473465493,50.90101646119175],[-114.05506765811964,50.89980115712588],[-114.05493415544159,50.899662864155076],[-114.05466606840578,50.899629168049934],[-114.05294363974247,50.89964856239199],[-114.05295437108842,50.89880336939369],[-114.05294345485112,50.897849557893565],[-114.05289745446252,50.89745266057646],[-114.05270375258681,50.89714185484949],[-114.05240326546308,50.89694545860794],[-114.05170335626785,50.896765849821854],[-114.05030947733215,50.89676654933453],[-114.04907177163031,50.89677124656181],[-114.0489637395495,50.89667855676333],[-114.04897918316394,50.89598635626572],[-114.04905528718953,50.89545756401709],[-114.048359474772,50.89521505616479],[-114.04787720971954,50.895185800256385],[-114.04759435416251,50.89516864352498],[-114.04760857622195,50.89426954938547],[-114.04761113004827,50.894269677618325],[-114.04490668323584,50.89263924421933],[-114.0449681542987,50.892592832671596],[-114.04518324600048,50.892430446142164],[-114.0474751639317,50.892332253340996],[-114.04821980211634,50.89225215840725],[-114.04912690030301,50.89207715594818],[-114.04973688681967,50.89187674672945],[-114.05029568962973,50.891585047905316],[-114.05093470808585,50.891151447268086],[-114.05132308444695,50.89063055009662],[-114.05152298728643,50.89016786087136],[-114.05157130917945,50.88940445105675],[-114.0511572100303,50.88830565810091],[-114.04949664582865,50.885186817103445],[-114.04949200764315,50.885178142716256],[-114.04943971984036,50.884880046726146],[-114.04835743473969,50.88310752985737],[-114.04775263154517,50.882121383123405],[-114.04509652374941,50.87778982016024],[-114.04491403373002,50.87749304111031],[-114.04471658622992,50.8771719666158],[-114.04519303524503,50.87717211814527],[-114.04479722117033,50.87652322114016],[-114.04427903921484,50.87567381449723],[-114.04417174660635,50.87570022506046],[-114.04409725663166,50.875670112843515],[-114.04403588451652,50.87560825704691],[-114.04391555689826,50.87548693388749],[-114.0433756492406,50.8747461273446],[-114.043207930372,50.87471822378973],[-114.04238185423283,50.87337516824106],[-114.04238146676569,50.87337456947369],[-114.04000546606055,50.86951115303747],[-114.03982730520319,50.869257061412334],[-114.03914505024413,50.86828395136139],[-114.03777978306658,50.86657184605441],[-114.03731486662176,50.86598876996051],[-114.0330390862468,50.86073517759704],[-114.03084136565103,50.85803428208992],[-114.02412995262924,50.849694268177586],[-114.02370190186521,50.84916224918888],[-114.02352679930975,50.84894313786893],[-114.02392117441157,50.84883324184398],[-114.02414040132844,50.848768838258486],[-114.02419590158986,50.84875263971749],[-114.0243168102469,50.8487186523347],[-114.0245086045685,50.848679454253684],[-114.02470109659042,50.84865624392367],[-114.02476580033102,50.84864843798455],[-114.02486040570534,50.84864283567776],[-114.02491571570954,50.84863963779822],[-114.02508199834182,50.848635354819486],[-114.02523302505564,50.848635156764395],[-114.03603838890331,50.848626164762194],[-114.03900989213177,50.84862348023164],[-114.03990963800872,50.84862264757144],[-114.04018274119709,50.848621136409356],[-114.04046802725429,50.8486180594166],[-114.04072825417092,50.84861364922648],[-114.04112205504835,50.848597239665054],[-114.04150355065232,50.84856704210678],[-114.04188814407323,50.84851915454819],[-114.04226723651348,50.84845343702232],[-114.04262423741868,50.848374450132084],[-114.04297577212556,50.84827754284352],[-114.04333124544863,50.84815903761711],[-114.04365886097364,50.848029635733624],[-114.04397565239263,50.847883959245095],[-114.0442840443375,50.84772433911848],[-114.04456148446148,50.8475667509034],[-114.04469726956512,50.84748413336959],[-114.04485858611471,50.8473857347452],[-114.0453129769208,50.847099843194],[-114.04779884039505,50.847602725369086],[-114.0522219324132,50.84849247642012],[-114.05218958657328,50.848687133207655],[-114.05189647768852,50.850082638753875],[-114.05177747937202,50.85060964692812],[-114.05165084854002,50.85108054854169],[-114.0498689644756,50.85673686999036],[-114.04964868528155,50.857383544595386],[-114.04949125340642,50.85784579358135],[-114.0486568448399,50.85982838830857],[-114.04784220324836,50.861583987183714],[-114.04742348564089,50.862410171995464],[-114.0474023202751,50.86245188476553],[-114.04725710568044,50.86280356476282],[-114.04713604863989,50.86312555519737],[-114.04713368118114,50.86313187809437],[-114.04711580301877,50.863179465516566],[-114.04701329405012,50.86347267201598],[-114.04694079935038,50.863762576939486],[-114.04688319260053,50.86401997288934],[-114.04685889556356,50.86425217771541],[-114.04684817791095,50.864522475955326],[-114.04685666460004,50.8647914650668],[-114.04688318351164,50.86508805813301],[-114.04693268456191,50.865353059312056],[-114.0470092908692,50.86562376614522],[-114.04708446223047,50.86583468261416],[-114.04717746726574,50.86608216388311],[-114.04729624732572,50.866309572365346],[-114.04745357952524,50.86656707300444],[-114.04770144049104,50.86690456162801],[-114.04794978102453,50.867194366146755],[-114.04819695070957,50.867449358179215],[-114.04846527859432,50.86768267032066],[-114.04875996927353,50.86791327384343],[-114.04939195848031,50.86838875384222],[-114.04992428088384,50.86877347089433],[-114.05069618220107,50.86932445493905],[-114.05180348362555,50.870108067069175],[-114.0527016261129,50.87075844845135],[-114.05467147695808,50.87218486653627],[-114.054777321619,50.872261495853316],[-114.05551586037602,50.87279624611582],[-114.05588255337996,50.87309294233252],[-114.05609946742786,50.873285834465364],[-114.05629145972877,50.87348424219363],[-114.05644455517896,50.87365984687304],[-114.05660627358442,50.87386134244489],[-114.05675355515451,50.874065638021094],[-114.05687745770854,50.87425445613337],[-114.0569920605779,50.874476041900685],[-114.05725846633668,50.87507234732692],[-114.0576439758515,50.87609223699495],[-114.05780814683236,50.87653384479383],[-114.05803131866647,50.87712035179364],[-114.05825655130316,50.87771194529643],[-114.05930298486601,50.88048638989919],[-114.05950685653815,50.88102685615203],[-114.06055492733776,50.88382965673651],[-114.06088545116295,50.88468506030606],[-114.06094393132246,50.884825241883185],[-114.06104784970667,50.885074455375694],[-114.06124203013835,50.88548014875499],[-114.06480131504436,50.89180047796866],[-114.06501623275001,50.892176978086304],[-114.06502009539173,50.89218376734746],[-114.0652361707832,50.89256242376338],[-114.06524000553344,50.89256916441913],[-114.06528129991871,50.892641617067774],[-114.06528520459712,50.89264847923636],[-114.0653251042893,50.89271828067607],[-114.0664371920902,50.89470156687713],[-114.06755861448337,50.896688481017975],[-114.06842623073388,50.89830422277077],[-114.0684309724258,50.898313066753886],[-114.0684818057152,50.89840751816339],[-114.06848649148537,50.89841626493659],[-114.06852957264105,50.898496565563065],[-114.06923807956737,50.89982446318024],[-114.06924039131947,50.89982916027543],[-114.0696679647603,50.90072817513666],[-114.06969179447663,50.900786211471804],[-114.06985577067506,50.901185274375145],[-114.07002419006726,50.90168377180797],[-114.07016067649182,50.90213336483592],[-114.07022887295666,50.902410781502525],[-114.07029355728206,50.902721565914085],[-114.07035078794785,50.90308019391871],[-114.07035217246289,50.90308887509401],[-114.07036246003841,50.90315355196182],[-114.07036398828244,50.90316316334504],[-114.07036839071306,50.903190773423496],[-114.07038500724168,50.903299488270655],[-114.07031337729623,50.903310552398686],[-114.06993567718132,50.90336888547254],[-114.06969084273102,50.90341667450093],[-114.06946073617873,50.90345587153715],[-114.06865466859593,50.90360656435679],[-114.06786217832945,50.90376648230353],[-114.06673566504585,50.90403507118533],[-114.06628745659613,50.90414968441849],[-114.06605686396118,50.9041978734184],[-114.06510304263557,50.90443468351995],[-114.06341354166922,50.904832982238666],[-114.06240173715399,50.90508637520561],[-114.06235813459254,50.90509516782235],[-114.06228864342546,50.90511305367749],[-114.06217056036996,50.90514346680924],[-114.0610002373935,50.90542887872219],[-114.0583119237958,50.90609866184749],[-114.05813863154432,50.90613926294652],[-114.05685241999647,50.90645768046845]]]]}},{"type":"Feature","properties":{"DGUID":"2021S051248061460","DAUID":"48061460","LANDAREA":0.3354,"PRUID":"48","fed_num":"48010","da_code":"48061460","geo_name":"48061460","name_source":{"label":"Statistics Canada Census Profile 2021 DA WDS","url":"https://www12.statcan.gc.ca/wds-sdw/2021profile-profil2021-eng.cfm"},"population":711,"status":"ok","source":{"label":"Statistics Canada Census Profile 2021 DA WDS","url":"https://www12.statcan.gc.ca/wds-sdw/2021profile-profil2021-eng.cfm"},"community_name":"Calgary","community_source":{"label":"Statistics Canada 2021 census subdivision boundaries (spatial lookup)","url":"https://geo.statcan.gc.ca/geo_wa/rest/services/2021/Cartographic_boundary_files/MapServer/9"},"community_display":"Calgary","is_unorganized":false,"panel_title":"Calgary","display_label":"Calgary","map_label":"48061460"},"geometry":{"type":"MultiPolygon","coordinates":[[[[-114.02287678543668,50.92922567259148],[-114.02252228357814,50.92898276402306],[-114.02227217471511,50.928886367453224],[-114.02115047369792,50.92839897315422],[-114.02097147677718,50.928304472683905],[-114.01899186465964,50.92631995536448],[-114.01890169673445,50.926173758307065],[-114.01886777513177,50.925813069714074],[-114.0189418694963,50.925545145615],[-114.01916520235451,50.92524704819906],[-114.01920640424107,50.92519205392981],[-114.02043510043349,50.92534034341635],[-114.02131150241091,50.92543474784823],[-114.02231579172431,50.9255323474667],[-114.02207519680748,50.92662354930696],[-114.02234216985548,50.926900271033404],[-114.02306538168867,50.92761137431748],[-114.02414929462122,50.928691366908275],[-114.02505208653005,50.92837266109677],[-114.02418346523714,50.927486956713295],[-114.02517666750158,50.92708945958406],[-114.02630147733944,50.92819755688487],[-114.02685528276074,50.92799586332626],[-114.02707359251475,50.92792046257432],[-114.02841678365382,50.92783766505779],[-114.02893688978267,50.927716065514325],[-114.02963560982577,50.927472966388144],[-114.03007160973814,50.9273311793936],[-114.03093970405284,50.92845066977822],[-114.0314786762045,50.9293728828657],[-114.03200226854698,50.93053757882795],[-114.03220727793148,50.93111846514993],[-114.03225556922041,50.931254576996885],[-114.03126407544842,50.931400282278645],[-114.02867747571084,50.931784178697434],[-114.02717435712476,50.93191686728924],[-114.02649056870584,50.93192637042882],[-114.02307815867766,50.93186637477226],[-114.02308736385068,50.93172265683625],[-114.02308858061564,50.931479865250715],[-114.02310327133154,50.93080556148245],[-114.02311277035666,50.92998726853462],[-114.0230340695394,50.92943657266482],[-114.02287678543668,50.92922567259148]]]]}},{"type":"Feature","properties":{"DGUID":"2021S051248061461","DAUID":"48061461","LANDAREA":0.0357,"PRUID":"48","fed_num":"48010","da_code":"48061461","geo_name":"48061461","name_source":{"label":"Statistics Canada Census Profile 2021 DA WDS","url":"https://www12.statcan.gc.ca/wds-sdw/2021profile-profil2021-eng.cfm"},"population":214,"status":"ok","source":{"label":"Statistics Canada Census Profile 2021 DA WDS","url":"https://www12.statcan.gc.ca/wds-sdw/2021profile-profil2021-eng.cfm"},"community_name":"Calgary","community_source":{"label":"Statistics Canada 2021 census subdivision boundaries (spatial lookup)","url":"https://geo.statcan.gc.ca/geo_wa/rest/services/2021/Cartographic_boundary_files/MapServer/9"},"community_display":"Calgary","is_unorganized":false,"panel_title":"Calgary","display_label":"Calgary","map_label":"48061461"},"geometry":{"type":"MultiPolygon","coordinates":[[[[-114.02227217471511,50.928886367453224],[-114.02252228357814,50.92898276402306],[-114.02287678543668,50.92922567259148],[-114.0230340695394,50.92943657266482],[-114.02311277035666,50.92998726853462],[-114.02310327133154,50.93080556148245],[-114.02185157168934,50.93079156938889],[-114.02180443416749,50.93152796326949],[-114.0206948394303,50.93151766581949],[-114.02077017220395,50.93011635040936],[-114.02067676881455,50.92957426163474],[-114.02190196127562,50.92911086555411],[-114.02227217471511,50.928886367453224]]]]}},{"type":"Feature","properties":{"DGUID":"2021S051248061462","DAUID":"48061462","LANDAREA":0.0888,"PRUID":"48","fed_num":"48010","da_code":"48061462","geo_name":"48061462","name_source":{"label":"Statistics Canada Census Profile 2021 DA WDS","url":"https://www12.statcan.gc.ca/wds-sdw/2021profile-profil2021-eng.cfm"},"population":520,"status":"ok","source":{"label":"Statistics Canada Census Profile 2021 DA WDS","url":"https://www12.statcan.gc.ca/wds-sdw/2021profile-profil2021-eng.cfm"},"community_name":"Calgary","community_source":{"label":"Statistics Canada 2021 census subdivision boundaries (spatial lookup)","url":"https://geo.statcan.gc.ca/geo_wa/rest/services/2021/Cartographic_boundary_files/MapServer/9"},"community_display":"Calgary","is_unorganized":false,"panel_title":"Calgary","display_label":"Calgary","map_label":"48061462"},"geometry":{"type":"MultiPolygon","coordinates":[[[[-114.02841678365382,50.92783766505779],[-114.02707359251475,50.92792046257432],[-114.02685528276074,50.92799586332626],[-114.02630147733944,50.92819755688487],[-114.02517666750158,50.92708945958406],[-114.02418346523714,50.927486956713295],[-114.02505208653005,50.92837266109677],[-114.02414929462122,50.928691366908275],[-114.02306538168867,50.92761137431748],[-114.02234216985548,50.926900271033404],[-114.02207519680748,50.92662354930696],[-114.02231579172431,50.9255323474667],[-114.02323069519643,50.925690545919494],[-114.02375687069504,50.925919852736286],[-114.02415640257483,50.92612795191423],[-114.02452110258862,50.926434164619835],[-114.02510558914813,50.92619717578602],[-114.02618679358149,50.92575695206185],[-114.02674060420871,50.9255552519647],[-114.02718058132541,50.92535056569796],[-114.0275066858489,50.92559276347359],[-114.02746008566167,50.92565456151686],[-114.02702179038454,50.92583225311186],[-114.02819890277252,50.9270135727096],[-114.02893688978267,50.927716065514325],[-114.02841678365382,50.92783766505779]]]]}},{"type":"Feature","properties":{"DGUID":"2021S051248061463","DAUID":"48061463","LANDAREA":0.0782,"PRUID":"48","fed_num":"48010","da_code":"48061463","geo_name":"48061463","name_source":{"label":"Statistics Canada Census Profile 2021 DA WDS","url":"https://www12.statcan.gc.ca/wds-sdw/2021profile-profil2021-eng.cfm"},"population":326,"status":"ok","source":{"label":"Statistics Canada Census Profile 2021 DA WDS","url":"https://www12.statcan.gc.ca/wds-sdw/2021profile-profil2021-eng.cfm"},"community_name":"Calgary","community_source":{"label":"Statistics Canada 2021 census subdivision boundaries (spatial lookup)","url":"https://geo.statcan.gc.ca/geo_wa/rest/services/2021/Cartographic_boundary_files/MapServer/9"},"community_display":"Calgary","is_unorganized":false,"panel_title":"Calgary","display_label":"Calgary","map_label":"48061463"},"geometry":{"type":"MultiPolygon","coordinates":[[[[-114.02231579172431,50.9255323474667],[-114.02131150241091,50.92543474784823],[-114.02136878023603,50.92476155948058],[-114.02131489591756,50.92449036666322],[-114.02109398859486,50.92416086746543],[-114.02083777729506,50.923938448026924],[-114.02177758213607,50.923485650362814],[-114.02285889712438,50.923045569786666],[-114.02385140912577,50.92265706031242],[-114.02613951953838,50.92493727090693],[-114.025190105781,50.92531774852219],[-114.0240519717837,50.92575655372095],[-114.02375687069504,50.925919852736286],[-114.02323069519643,50.925690545919494],[-114.02231579172431,50.9255323474667]]]]}},{"type":"Feature","properties":{"DGUID":"2021S051248061465","DAUID":"48061465","LANDAREA":0.4154,"PRUID":"48","fed_num":"48010","da_code":"48061465","geo_name":"48061465","name_source":{"label":"Statistics Canada Census Profile 2021 DA WDS","url":"https://www12.statcan.gc.ca/wds-sdw/2021profile-profil2021-eng.cfm"},"population":1143,"status":"ok","source":{"label":"Statistics Canada Census Profile 2021 DA WDS","url":"https://www12.statcan.gc.ca/wds-sdw/2021profile-profil2021-eng.cfm"},"community_name":"Calgary","community_source":{"label":"Statistics Canada 2021 census subdivision boundaries (spatial lookup)","url":"https://geo.statcan.gc.ca/geo_wa/rest/services/2021/Cartographic_boundary_files/MapServer/9"},"community_display":"Calgary","is_unorganized":false,"panel_title":"Calgary","display_label":"Calgary","map_label":"48061465"},"geometry":{"type":"MultiPolygon","coordinates":[[[[-114.05996498466882,50.94847556801934],[-114.05996908539124,50.94817430143613],[-114.05997577877795,50.94761681602881],[-114.05998857015717,50.946061011446005],[-114.06018759345287,50.94606599822037],[-114.06098367664904,50.94608599884057],[-114.06125100280423,50.94613771135196],[-114.06158248700865,50.94629900718143],[-114.06288598358745,50.94707841024033],[-114.06320448747593,50.94722130087272],[-114.06369530589146,50.94734162071688],[-114.06388010157673,50.947346321366645],[-114.06420646801035,50.94736351076062],[-114.06483999468217,50.94725349843046],[-114.06525159508435,50.94704800708792],[-114.06552558670337,50.94676701796847],[-114.06558518404597,50.94649870543139],[-114.06632428292707,50.94649157889941],[-114.06713820359955,50.94648370550448],[-114.06752341959363,50.94644686243108],[-114.06846215395544,50.94635272503356],[-114.06850111094411,50.94609520792143],[-114.06852302181984,50.94579963306459],[-114.06853709363399,50.9450707030135],[-114.06841671446215,50.94404221386796],[-114.06830789446684,50.943508819458444],[-114.06866559528208,50.943481815505464],[-114.06920689310223,50.94347741678527],[-114.0696021079407,50.94353231603559],[-114.06991940608512,50.94369321436238],[-114.07026191922344,50.944133594693554],[-114.07046599234774,50.9441456008011],[-114.07070337253252,50.94407188304483],[-114.0708389075546,50.944029815216346],[-114.07090632994415,50.944342395902915],[-114.07103132682104,50.944800123697796],[-114.0711254203047,50.94510431531564],[-114.07144465176583,50.94595350852078],[-114.07158965000303,50.94631351893464],[-114.07277631605051,50.94935725526541],[-114.07277691513923,50.94935882417567],[-114.07310413725945,50.95019802689862],[-114.07317813588882,50.95036491946934],[-114.07318241646719,50.95037461567076],[-114.0732602759621,50.95055017254385],[-114.07303829541057,50.95055048505215],[-114.07257799974089,50.950551120993545],[-114.07158218249171,50.95056431592501],[-114.07134942722635,50.95056619378434],[-114.07123821687676,50.95056710051854],[-114.07098628278793,50.95056912067702],[-114.07075817698322,50.950570974132674],[-114.07064414331263,50.95057189624301],[-114.07051669286908,50.950572902635095],[-114.06871768866954,50.9505712232462],[-114.06631488824348,50.950510812407494],[-114.06525556839811,50.95039601388484],[-114.06480157203109,50.95034680417774],[-114.06322570093397,50.950046313992075],[-114.06242439208494,50.94988220730785],[-114.06023428128064,50.949386302083376],[-114.06016866551893,50.94937322339645],[-114.06009708434513,50.949357276753915],[-114.05995336240817,50.94932531928203],[-114.05995179570832,50.9492669134878],[-114.05995409304418,50.94917065366349],[-114.05995729147965,50.949037523532276],[-114.05996498466882,50.94847556801934]]]]}},{"type":"Feature","properties":{"DGUID":"2021S051248061466","DAUID":"48061466","LANDAREA":0.2141,"PRUID":"48","fed_num":"48010","da_code":"48061466","geo_name":"48061466","name_source":{"label":"Statistics Canada Census Profile 2021 DA WDS","url":"https://www12.statcan.gc.ca/wds-sdw/2021profile-profil2021-eng.cfm"},"population":756,"status":"ok","source":{"label":"Statistics Canada Census Profile 2021 DA WDS","url":"https://www12.statcan.gc.ca/wds-sdw/2021profile-profil2021-eng.cfm"},"community_name":"Calgary","community_source":{"label":"Statistics Canada 2021 census subdivision boundaries (spatial lookup)","url":"https://geo.statcan.gc.ca/geo_wa/rest/services/2021/Cartographic_boundary_files/MapServer/9"},"community_display":"Calgary","is_unorganized":false,"panel_title":"Calgary","display_label":"Calgary","map_label":"48061466"},"geometry":{"type":"MultiPolygon","coordinates":[[[[-114.06320448747593,50.94722130087272],[-114.06288598358745,50.94707841024033],[-114.06158248700865,50.94629900718143],[-114.06125100280423,50.94613771135196],[-114.06098367664904,50.94608599884057],[-114.06018759345287,50.94606599822037],[-114.05998857015717,50.946061011446005],[-114.06004931249235,50.94510001002475],[-114.06021288440438,50.94453752113285],[-114.06054539935295,50.944006114057906],[-114.06085239158479,50.94365411387926],[-114.06100539105194,50.94371189767356],[-114.0622739846415,50.94413960778016],[-114.06287847540774,50.94426280353941],[-114.06380699445937,50.94421420860161],[-114.06363401800824,50.94334630586355],[-114.06353201483286,50.94270510894157],[-114.06338189762505,50.94260240658188],[-114.06209280155925,50.9422731002215],[-114.06193930829744,50.942224213102655],[-114.06240021095746,50.941462296913876],[-114.06255430780298,50.941502098353546],[-114.06398491322678,50.941844002039105],[-114.06436250465657,50.94195240283712],[-114.06474130704511,50.94226781569694],[-114.06488590805658,50.94291009386626],[-114.06504698277831,50.94374170419219],[-114.06661457291905,50.94362867851708],[-114.06800771991863,50.943528210270316],[-114.06830789446684,50.943508819458444],[-114.06841671446215,50.94404221386796],[-114.06853709363399,50.9450707030135],[-114.06852302181984,50.94579963306459],[-114.06850111094411,50.94609520792143],[-114.06846215395544,50.94635272503356],[-114.06752341959363,50.94644686243108],[-114.06713820359955,50.94648370550448],[-114.06632428292707,50.94649157889941],[-114.06558518404597,50.94649870543139],[-114.06552558670337,50.94676701796847],[-114.06525159508435,50.94704800708792],[-114.06483999468217,50.94725349843046],[-114.06420646801035,50.94736351076062],[-114.06388010157673,50.947346321366645],[-114.06369530589146,50.94734162071688],[-114.06320448747593,50.94722130087272]]]]}},{"type":"Feature","properties":{"DGUID":"2021S051248061472","DAUID":"48061472","LANDAREA":0.2305,"PRUID":"48","fed_num":"48010","da_code":"48061472","geo_name":"48061472","name_source":{"label":"Statistics Canada Census Profile 2021 DA WDS","url":"https://www12.statcan.gc.ca/wds-sdw/2021profile-profil2021-eng.cfm"},"population":575,"status":"ok","source":{"label":"Statistics Canada Census Profile 2021 DA WDS","url":"https://www12.statcan.gc.ca/wds-sdw/2021profile-profil2021-eng.cfm"},"community_name":"Calgary","community_source":{"label":"Statistics Canada 2021 census subdivision boundaries (spatial lookup)","url":"https://geo.statcan.gc.ca/geo_wa/rest/services/2021/Cartographic_boundary_files/MapServer/9"},"community_display":"Calgary","is_unorganized":false,"panel_title":"Calgary","display_label":"Calgary","map_label":"48061472"},"geometry":{"type":"MultiPolygon","coordinates":[[[[-114.07737235930887,50.9860035567449],[-114.07732079012888,50.98523774154586],[-114.07987153190321,50.98523865199373],[-114.08006383210298,50.9851264472944],[-114.08003154251745,50.984505053213894],[-114.0799353622949,50.984448642302794],[-114.07734139065279,50.984455644503626],[-114.07733355892384,50.983672953606614],[-114.07733448379354,50.98320524116615],[-114.07731266275002,50.98287184916099],[-114.07731348067831,50.9821792376746],[-114.07751535600082,50.981914436754074],[-114.07824894288018,50.98112324026675],[-114.07882795721588,50.98052614290007],[-114.07918166325992,50.98011223708504],[-114.07917226869262,50.9795812373879],[-114.08046854851426,50.979586740941535],[-114.08173524428585,50.97960943619625],[-114.08316011302855,50.97960904607693],[-114.08316242617941,50.981390149116365],[-114.08315610328427,50.982172532214044],[-114.08314752259237,50.98299084190337],[-114.08316970842212,50.98377394595696],[-114.083155894218,50.98444823784142],[-114.08130343154825,50.984446836163784],[-114.08130554341693,50.98600304316818],[-114.07737235930887,50.9860035567449]]]]}},{"type":"Feature","properties":{"DGUID":"2021S051248061473","DAUID":"48061473","LANDAREA":0.312,"PRUID":"48","fed_num":"48010","da_code":"48061473","geo_name":"48061473","name_source":{"label":"Statistics Canada Census Profile 2021 DA WDS","url":"https://www12.statcan.gc.ca/wds-sdw/2021profile-profil2021-eng.cfm"},"population":875,"status":"ok","source":{"label":"Statistics Canada Census Profile 2021 DA WDS","url":"https://www12.statcan.gc.ca/wds-sdw/2021profile-profil2021-eng.cfm"},"community_name":"Calgary","community_source":{"label":"Statistics Canada 2021 census subdivision boundaries (spatial lookup)","url":"https://geo.statcan.gc.ca/geo_wa/rest/services/2021/Cartographic_boundary_files/MapServer/9"},"community_display":"Calgary","is_unorganized":false,"panel_title":"Calgary","display_label":"Calgary","map_label":"48061473"},"geometry":{"type":"MultiPolygon","coordinates":[[[[-114.07466679616108,50.985971853886724],[-114.07431049052462,50.985971854092696],[-114.07426920560921,50.98662745443899],[-114.07416677528212,50.986669849796534],[-114.07373878165157,50.98667715160536],[-114.07355606975314,50.98663654353568],[-114.07347806943805,50.98651764008599],[-114.07349826427678,50.98596943992683],[-114.0718461969146,50.985955052001295],[-114.07166118738938,50.98595045595321],[-114.07146259733781,50.98593645363945],[-114.07146498747568,50.98499203885048],[-114.07148669126192,50.983182331528],[-114.07148850738086,50.983119834523116],[-114.0714911976091,50.98302814780758],[-114.07149427052903,50.982717043445724],[-114.07147976339536,50.98246635976643],[-114.07149971971221,50.982437437999174],[-114.07170222718462,50.98214410212734],[-114.07171731663935,50.98212224500406],[-114.07190684821371,50.98184755432637],[-114.07310041004547,50.98008755343691],[-114.07332251899679,50.97972335962877],[-114.07336371978889,50.97964393804202],[-114.07336728698061,50.97963711676665],[-114.07529366531283,50.97962804391331],[-114.07533638894506,50.979629153988434],[-114.07614899599525,50.97962254215982],[-114.07726025163461,50.97962334430129],[-114.07754769154272,50.9795855476221],[-114.07787596827814,50.97957583208845],[-114.07917226869262,50.9795812373879],[-114.07918166325992,50.98011223708504],[-114.07882795721588,50.98052614290007],[-114.07824894288018,50.98112324026675],[-114.07751535600082,50.981914436754074],[-114.07731348067831,50.9821792376746],[-114.07731266275002,50.98287184916099],[-114.07733448379354,50.98320524116615],[-114.07733355892384,50.983672953606614],[-114.07734139065279,50.984455644503626],[-114.0799353622949,50.984448642302794],[-114.08003154251745,50.984505053213894],[-114.08006383210298,50.9851264472944],[-114.07987153190321,50.98523865199373],[-114.07732079012888,50.98523774154586],[-114.07737235930887,50.9860035567449],[-114.07606228642021,50.98598874686208],[-114.07466679616108,50.985971853886724]]]]}},{"type":"Feature","properties":{"DGUID":"2021S051248061474","DAUID":"48061474","LANDAREA":0.7208,"PRUID":"48","fed_num":"48010","da_code":"48061474","geo_name":"48061474","name_source":{"label":"Statistics Canada Census Profile 2021 DA WDS","url":"https://www12.statcan.gc.ca/wds-sdw/2021profile-profil2021-eng.cfm"},"population":1115,"status":"ok","source":{"label":"Statistics Canada Census Profile 2021 DA WDS","url":"https://www12.statcan.gc.ca/wds-sdw/2021profile-profil2021-eng.cfm"},"community_name":"Calgary","community_source":{"label":"Statistics Canada 2021 census subdivision boundaries (spatial lookup)","url":"https://geo.statcan.gc.ca/geo_wa/rest/services/2021/Cartographic_boundary_files/MapServer/9"},"community_display":"Calgary","is_unorganized":false,"panel_title":"Calgary","display_label":"Calgary","map_label":"48061474"},"geometry":{"type":"MultiPolygon","coordinates":[[[[-114.06958188723532,50.981859442622536],[-114.06921696361992,50.98154444089155],[-114.06816809649324,50.98303835275768],[-114.06786876901889,50.98326464046629],[-114.06716374983401,50.98337283745331],[-114.066824563831,50.98332833348319],[-114.06653597633121,50.983159254085585],[-114.06527256895338,50.9810496551291],[-114.06374914445554,50.98102925413376],[-114.06375747810674,50.97977014830184],[-114.06375504604914,50.979581257389256],[-114.06573357640671,50.97959300648273],[-114.06603471627805,50.97959479476809],[-114.06797115743002,50.979606260994736],[-114.07073338863584,50.979639644117036],[-114.07148848871468,50.97964064199709],[-114.07170187704165,50.97964595050606],[-114.07227207021002,50.97964224693779],[-114.07282128560645,50.9796396719356],[-114.07313068662455,50.97963821972851],[-114.07336728698061,50.97963711676665],[-114.07336371978889,50.97964393804202],[-114.07332251899679,50.97972335962877],[-114.07310041004547,50.98008755343691],[-114.07190684821371,50.98184755432637],[-114.07171731663935,50.98212224500406],[-114.07170222718462,50.98214410212734],[-114.07149971971221,50.982437437999174],[-114.07147976339536,50.98246635976643],[-114.07149427052903,50.982717043445724],[-114.0714911976091,50.98302814780758],[-114.07148850738086,50.983119834523116],[-114.07148669126192,50.983182331528],[-114.07146498747568,50.98499203885048],[-114.07146259733781,50.98593645363945],[-114.071459176111,50.985990345123135],[-114.0714513741405,50.98656575398513],[-114.07145629443241,50.98739344538518],[-114.07145708948467,50.98783424113065],[-114.07145868092111,50.98916554164176],[-114.07145828062208,50.98962423398865],[-114.07145334846614,50.99052288562343],[-114.07144834703254,50.991437000367775],[-114.07144607613688,50.99185463713224],[-114.07144739272314,50.99236342985723],[-114.0714496675645,50.99322255103818],[-114.07145006139125,50.993374952951605],[-114.07144926275795,50.99402643033105],[-114.07144756754678,50.994094132403134],[-114.07144186322593,50.99418422942559],[-114.07144161672059,50.994188415663885],[-114.07143500260813,50.99429372596189],[-114.07141907400013,50.994293640810774],[-114.071277963707,50.99429714847983],[-114.07051990466084,50.99429973746801],[-114.06966470171895,50.994302637355545],[-114.0690682534382,50.994304654604335],[-114.06704806778633,50.99424482668667],[-114.06634074308636,50.994200634517476],[-114.06612735305202,50.99418023973653],[-114.06585687333026,50.99416334788996],[-114.0640779757424,50.99405224962482],[-114.06383987395797,50.99403824099686],[-114.06384775493646,50.99391254819468],[-114.06384264340466,50.99376855869445],[-114.06383337047578,50.993237551502574],[-114.06385134674423,50.99205064843591],[-114.06380965965252,50.98887445480226],[-114.06379875796884,50.9885953634347],[-114.0636057568381,50.98826664238683],[-114.06475077527885,50.98796264866908],[-114.06525724429358,50.98761554578123],[-114.06699786468405,50.986229138510765],[-114.0678625898633,50.98517144572067],[-114.06895516338304,50.983210954247696],[-114.06959786097643,50.98228264347917],[-114.06966786957251,50.982077541586875],[-114.06958188723532,50.981859442622536]]]]}},{"type":"Feature","properties":{"DGUID":"2021S051248061475","DAUID":"48061475","LANDAREA":0.2659,"PRUID":"48","fed_num":"48010","da_code":"48061475","geo_name":"48061475","name_source":{"label":"Statistics Canada Census Profile 2021 DA WDS","url":"https://www12.statcan.gc.ca/wds-sdw/2021profile-profil2021-eng.cfm"},"population":1161,"status":"ok","source":{"label":"Statistics Canada Census Profile 2021 DA WDS","url":"https://www12.statcan.gc.ca/wds-sdw/2021profile-profil2021-eng.cfm"},"community_name":"Calgary","community_source":{"label":"Statistics Canada 2021 census subdivision boundaries (spatial lookup)","url":"https://geo.statcan.gc.ca/geo_wa/rest/services/2021/Cartographic_boundary_files/MapServer/9"},"community_display":"Calgary","is_unorganized":false,"panel_title":"Calgary","display_label":"Calgary","map_label":"48061475"},"geometry":{"type":"MultiPolygon","coordinates":[[[[-114.07145629443241,50.98739344538518],[-114.0714513741405,50.98656575398513],[-114.071459176111,50.985990345123135],[-114.07146259733781,50.98593645363945],[-114.07166118738938,50.98595045595321],[-114.0718461969146,50.985955052001295],[-114.07349826427678,50.98596943992683],[-114.07347806943805,50.98651764008599],[-114.07355606975314,50.98663654353568],[-114.07373878165157,50.98667715160536],[-114.07416677528212,50.986669849796534],[-114.07426920560921,50.98662745443899],[-114.07431049052462,50.985971854092696],[-114.07466679616108,50.985971853886724],[-114.07606228642021,50.98598874686208],[-114.07737235930887,50.9860035567449],[-114.07791297455873,50.98692565559245],[-114.07836297022567,50.98770144469925],[-114.07839237047588,50.9883678570531],[-114.07838596169019,50.9891502588943],[-114.07837959115565,50.989932653871364],[-114.07836778070349,50.991254544173515],[-114.07836779330084,50.99143958153812],[-114.07643209372492,50.99143995809163],[-114.07400955556398,50.99143324787381],[-114.0740097888899,50.99052473007767],[-114.07167267002612,50.990520154884194],[-114.07145334846614,50.99052288562343],[-114.07145828062208,50.98962423398865],[-114.07145868092111,50.98916554164176],[-114.07145708948467,50.98783424113065],[-114.07145629443241,50.98739344538518]]]]}},{"type":"Feature","properties":{"DGUID":"2021S051248061476","DAUID":"48061476","LANDAREA":0.145,"PRUID":"48","fed_num":"48010","da_code":"48061476","geo_name":"48061476","name_source":{"label":"Statistics Canada Census Profile 2021 DA WDS","url":"https://www12.statcan.gc.ca/wds-sdw/2021profile-profil2021-eng.cfm"},"population":524,"status":"ok","source":{"label":"Statistics Canada Census Profile 2021 DA WDS","url":"https://www12.statcan.gc.ca/wds-sdw/2021profile-profil2021-eng.cfm"},"community_name":"Calgary","community_source":{"label":"Statistics Canada 2021 census subdivision boundaries (spatial lookup)","url":"https://geo.statcan.gc.ca/geo_wa/rest/services/2021/Cartographic_boundary_files/MapServer/9"},"community_display":"Calgary","is_unorganized":false,"panel_title":"Calgary","display_label":"Calgary","map_label":"48061476"},"geometry":{"type":"MultiPolygon","coordinates":[[[[-114.0764465596582,50.99324836539695],[-114.07398187237817,50.99323154599229],[-114.07397377766556,50.99404083824611],[-114.07396998350664,50.99422649906284],[-114.07396729297977,50.99435841334994],[-114.0728334011409,50.99432842921199],[-114.07186196851966,50.99430273944089],[-114.07168035292172,50.99429774008113],[-114.07166352785292,50.99429791596227],[-114.07157735900964,50.9942956306871],[-114.07157484081104,50.99429557595001],[-114.07152048050914,50.994294132798935],[-114.07143500260813,50.99429372596189],[-114.07144161672059,50.994188415663885],[-114.07144186322593,50.99418422942559],[-114.07144756754678,50.994094132403134],[-114.07144926275795,50.99402643033105],[-114.07145006139125,50.993374952951605],[-114.0714496675645,50.99322255103818],[-114.07144739272314,50.99236342985723],[-114.07144607613688,50.99185463713224],[-114.07144834703254,50.991437000367775],[-114.07145334846614,50.99052288562343],[-114.07167267002612,50.990520154884194],[-114.0740097888899,50.99052473007767],[-114.07400955556398,50.99143324787381],[-114.07643209372492,50.99143995809163],[-114.07836779330084,50.99143958153812],[-114.0789262755127,50.991439451398854],[-114.07891305065354,50.99232964676333],[-114.07891247212537,50.993247057904384],[-114.0764465596582,50.99324836539695]]]]}},{"type":"Feature","properties":{"DGUID":"2021S051248061477","DAUID":"48061477","LANDAREA":0.045,"PRUID":"48","fed_num":"48010","da_code":"48061477","geo_name":"48061477","name_source":{"label":"Statistics Canada Census Profile 2021 DA WDS","url":"https://www12.statcan.gc.ca/wds-sdw/2021profile-profil2021-eng.cfm"},"population":508,"status":"ok","source":{"label":"Statistics Canada Census Profile 2021 DA WDS","url":"https://www12.statcan.gc.ca/wds-sdw/2021profile-profil2021-eng.cfm"},"community_name":"Calgary","community_source":{"label":"Statistics Canada 2021 census subdivision boundaries (spatial lookup)","url":"https://geo.statcan.gc.ca/geo_wa/rest/services/2021/Cartographic_boundary_files/MapServer/9"},"community_display":"Calgary","is_unorganized":false,"panel_title":"Calgary","display_label":"Calgary","map_label":"48061477"},"geometry":{"type":"MultiPolygon","coordinates":[[[[-114.07397377766556,50.99404083824611],[-114.07398187237817,50.99323154599229],[-114.0764465596582,50.99324836539695],[-114.07891247212537,50.993247057904384],[-114.0789253663268,50.99394904933358],[-114.07892820891658,50.99413679724497],[-114.07893083868927,50.994310718066245],[-114.07893270530232,50.99443522925145],[-114.07882486558688,50.99443115707278],[-114.07670883851617,50.994424046791906],[-114.07658811283923,50.994423648951205],[-114.07641307985253,50.99442303711965],[-114.07396729297977,50.99435841334994],[-114.07396998350664,50.99422649906284],[-114.07397377766556,50.99404083824611]]]]}},{"type":"Feature","properties":{"DGUID":"2021S051248061478","DAUID":"48061478","LANDAREA":0.0987,"PRUID":"48","fed_num":"48010","da_code":"48061478","geo_name":"48061478","name_source":{"label":"Statistics Canada Census Profile 2021 DA WDS","url":"https://www12.statcan.gc.ca/wds-sdw/2021profile-profil2021-eng.cfm"},"population":555,"status":"ok","source":{"label":"Statistics Canada Census Profile 2021 DA WDS","url":"https://www12.statcan.gc.ca/wds-sdw/2021profile-profil2021-eng.cfm"},"community_name":"Calgary","community_source":{"label":"Statistics Canada 2021 census subdivision boundaries (spatial lookup)","url":"https://geo.statcan.gc.ca/geo_wa/rest/services/2021/Cartographic_boundary_files/MapServer/9"},"community_display":"Calgary","is_unorganized":false,"panel_title":"Calgary","display_label":"Calgary","map_label":"48061478"},"geometry":{"type":"MultiPolygon","coordinates":[[[[-114.07891305065354,50.99232964676333],[-114.0789262755127,50.991439451398854],[-114.08136357197935,50.99143744814535],[-114.0817079800651,50.99143796630775],[-114.08317847703483,50.99144015650972],[-114.08310897190164,50.99157355915109],[-114.08310137165381,50.991706057849086],[-114.08309787551244,50.992378157524705],[-114.0830978807892,50.99238035890977],[-114.08310355337304,50.99323495828104],[-114.0830728626451,50.993747152650684],[-114.0830541809214,50.994059646584205],[-114.08305236415681,50.99410865923523],[-114.08305151792179,50.99417991544398],[-114.08304993814087,50.99431014998299],[-114.08304804602865,50.994470081496004],[-114.08192108035256,50.99447315864166],[-114.08135657479932,50.99447473479333],[-114.08007665510068,50.99447825307487],[-114.07893270530232,50.99443522925145],[-114.07893083868927,50.994310718066245],[-114.07892820891658,50.99413679724497],[-114.0789253663268,50.99394904933358],[-114.07891247212537,50.993247057904384],[-114.07891305065354,50.99232964676333]]]]}},{"type":"Feature","properties":{"DGUID":"2021S051248061479","DAUID":"48061479","LANDAREA":0.2317,"PRUID":"48","fed_num":"48010","da_code":"48061479","geo_name":"48061479","name_source":{"label":"Statistics Canada Census Profile 2021 DA WDS","url":"https://www12.statcan.gc.ca/wds-sdw/2021profile-profil2021-eng.cfm"},"population":502,"status":"ok","source":{"label":"Statistics Canada Census Profile 2021 DA WDS","url":"https://www12.statcan.gc.ca/wds-sdw/2021profile-profil2021-eng.cfm"},"community_name":"Calgary","community_source":{"label":"Statistics Canada 2021 census subdivision boundaries (spatial lookup)","url":"https://geo.statcan.gc.ca/geo_wa/rest/services/2021/Cartographic_boundary_files/MapServer/9"},"community_display":"Calgary","is_unorganized":false,"panel_title":"Calgary","display_label":"Calgary","map_label":"48061479"},"geometry":{"type":"MultiPolygon","coordinates":[[[[-114.07791297455873,50.98692565559245],[-114.07737235930887,50.9860035567449],[-114.08130554341693,50.98600304316818],[-114.08130343154825,50.984446836163784],[-114.083155894218,50.98444823784142],[-114.08312792682284,50.98603065020291],[-114.08316094721734,50.98777643975209],[-114.08314504620442,50.99052856017039],[-114.08317847703483,50.99144015650972],[-114.0817079800651,50.99143796630775],[-114.08136357197935,50.99143744814535],[-114.0789262755127,50.991439451398854],[-114.07836779330084,50.99143958153812],[-114.07836778070349,50.991254544173515],[-114.07837959115565,50.989932653871364],[-114.07838596169019,50.9891502588943],[-114.07839237047588,50.9883678570531],[-114.07836297022567,50.98770144469925],[-114.07791297455873,50.98692565559245]]]]}},{"type":"Feature","properties":{"DGUID":"2021S051248061480","DAUID":"48061480","LANDAREA":0.2011,"PRUID":"48","fed_num":"48010","da_code":"48061480","geo_name":"48061480","name_source":{"label":"Statistics Canada Census Profile 2021 DA WDS","url":"https://www12.statcan.gc.ca/wds-sdw/2021profile-profil2021-eng.cfm"},"population":504,"status":"ok","source":{"label":"Statistics Canada Census Profile 2021 DA WDS","url":"https://www12.statcan.gc.ca/wds-sdw/2021profile-profil2021-eng.cfm"},"community_name":"Calgary","community_source":{"label":"Statistics Canada 2021 census subdivision boundaries (spatial lookup)","url":"https://geo.statcan.gc.ca/geo_wa/rest/services/2021/Cartographic_boundary_files/MapServer/9"},"community_display":"Calgary","is_unorganized":false,"panel_title":"Calgary","display_label":"Calgary","map_label":"48061480"},"geometry":{"type":"MultiPolygon","coordinates":[[[[-114.0617513647542,50.984684945962044],[-114.06180253694404,50.98455135303914],[-114.0619948381537,50.98443924887862],[-114.06309716116311,50.98413416096906],[-114.06537227218575,50.98353475870982],[-114.0649037835741,50.98283035501533],[-114.06442206314284,50.98210765907515],[-114.06374914445554,50.98102925413376],[-114.06527256895338,50.9810496551291],[-114.06653597633121,50.983159254085585],[-114.066824563831,50.98332833348319],[-114.06716374983401,50.98337283745331],[-114.06786876901889,50.98326464046629],[-114.06816809649324,50.98303835275768],[-114.06921696361992,50.98154444089155],[-114.06958188723532,50.981859442622536],[-114.06966786957251,50.982077541586875],[-114.06959786097643,50.98228264347917],[-114.06895516338304,50.983210954247696],[-114.0678625898633,50.98517144572067],[-114.06699786468405,50.986229138510765],[-114.06525724429358,50.98761554578123],[-114.06475077527885,50.98796264866908],[-114.0636057568381,50.98826664238683],[-114.0629926563151,50.987819455906],[-114.06281445236796,50.98770704580032],[-114.06371645551252,50.98719005220771],[-114.06132694123222,50.98553776894283],[-114.0617513647542,50.984684945962044]]]]}},{"type":"Feature","properties":{"DGUID":"2021S051248061481","DAUID":"48061481","LANDAREA":0.1582,"PRUID":"48","fed_num":"48010","da_code":"48061481","geo_name":"48061481","name_source":{"label":"Statistics Canada Census Profile 2021 DA WDS","url":"https://www12.statcan.gc.ca/wds-sdw/2021profile-profil2021-eng.cfm"},"population":430,"status":"ok","source":{"label":"Statistics Canada Census Profile 2021 DA WDS","url":"https://www12.statcan.gc.ca/wds-sdw/2021profile-profil2021-eng.cfm"},"community_name":"Calgary","community_source":{"label":"Statistics Canada 2021 census subdivision boundaries (spatial lookup)","url":"https://geo.statcan.gc.ca/geo_wa/rest/services/2021/Cartographic_boundary_files/MapServer/9"},"community_display":"Calgary","is_unorganized":false,"panel_title":"Calgary","display_label":"Calgary","map_label":"48061481"},"geometry":{"type":"MultiPolygon","coordinates":[[[[-114.06106815581636,50.99008276406819],[-114.05997987371317,50.989263772713514],[-114.05889776196965,50.98857087593527],[-114.05871103481593,50.98859318611977],[-114.05821144998852,50.98928218704347],[-114.05707703733073,50.988965783754374],[-114.05687333366636,50.989257495627356],[-114.0555995309634,50.98889247792445],[-114.0560747457365,50.988364792831284],[-114.05606952822606,50.9868714777714],[-114.05607624306921,50.986089084870464],[-114.05727373195303,50.98608328705938],[-114.05875747008308,50.98650747366478],[-114.05913986439978,50.98609436845004],[-114.05946363703809,50.98593165688335],[-114.05992524351592,50.985844267526566],[-114.06027646739864,50.986149974375984],[-114.06115864602168,50.986621976116545],[-114.06281445236796,50.98770704580032],[-114.0629926563151,50.987819455906],[-114.0636057568381,50.98826664238683],[-114.06379875796884,50.9885953634347],[-114.06380965965252,50.98887445480226],[-114.06335376952146,50.988871955835755],[-114.06295647766463,50.98906885173994],[-114.06199756871203,50.98958444546288],[-114.06106815581636,50.99008276406819]]]]}},{"type":"Feature","properties":{"DGUID":"2021S051248061482","DAUID":"48061482","LANDAREA":0.4101,"PRUID":"48","fed_num":"48010","da_code":"48061482","geo_name":"48061482","name_source":{"label":"Statistics Canada Census Profile 2021 DA WDS","url":"https://www12.statcan.gc.ca/wds-sdw/2021profile-profil2021-eng.cfm"},"population":301,"status":"ok","source":{"label":"Statistics Canada Census Profile 2021 DA WDS","url":"https://www12.statcan.gc.ca/wds-sdw/2021profile-profil2021-eng.cfm"},"community_name":"Calgary","community_source":{"label":"Statistics Canada 2021 census subdivision boundaries (spatial lookup)","url":"https://geo.statcan.gc.ca/geo_wa/rest/services/2021/Cartographic_boundary_files/MapServer/9"},"community_display":"Calgary","is_unorganized":false,"panel_title":"Calgary","display_label":"Calgary","map_label":"48061482"},"geometry":{"type":"MultiPolygon","coordinates":[[[[-114.05319533390495,50.992420910078195],[-114.05350901530166,50.99152029656026],[-114.0535078268998,50.98951440730591],[-114.05350784850792,50.98860079061512],[-114.05372247677361,50.98856567232222],[-114.05424321603618,50.98848048989367],[-114.05428302548572,50.98852648923149],[-114.05482884059151,50.988684177338186],[-114.0555995309634,50.98889247792445],[-114.05687333366636,50.989257495627356],[-114.05707703733073,50.988965783754374],[-114.05821144998852,50.98928218704347],[-114.05871103481593,50.98859318611977],[-114.05889776196965,50.98857087593527],[-114.05997987371317,50.989263772713514],[-114.06106815581636,50.99008276406819],[-114.06199756871203,50.98958444546288],[-114.06295647766463,50.98906885173994],[-114.06335376952146,50.988871955835755],[-114.06380965965252,50.98887445480226],[-114.06385134674423,50.99205064843591],[-114.06383337047578,50.993237551502574],[-114.06384264340466,50.99376855869445],[-114.06384775493646,50.99391254819468],[-114.06383987395797,50.99403824099686],[-114.0635193524023,50.99402344721555],[-114.0597402470781,50.993953069741046],[-114.05762964228407,50.993971890672825],[-114.0525965208206,50.99422270994299],[-114.05225331782061,50.99424110856468],[-114.0522456687443,50.994241460140195],[-114.05200203297244,50.99425225713068],[-114.05210260735086,50.9940935730767],[-114.05222101007293,50.99390671027815],[-114.05239826400708,50.99363644721528],[-114.05319533390495,50.992420910078195]]]]}},{"type":"Feature","properties":{"DGUID":"2021S051248061483","DAUID":"48061483","LANDAREA":6.7715,"PRUID":"48","fed_num":"48010","da_code":"48061483","geo_name":"48061483","name_source":{"label":"Statistics Canada Census Profile 2021 DA WDS","url":"https://www12.statcan.gc.ca/wds-sdw/2021profile-profil2021-eng.cfm"},"population":166,"status":"ok","source":{"label":"Statistics Canada Census Profile 2021 DA WDS","url":"https://www12.statcan.gc.ca/wds-sdw/2021profile-profil2021-eng.cfm"},"community_name":"Calgary","community_source":{"label":"Statistics Canada 2021 census subdivision boundaries (spatial lookup)","url":"https://geo.statcan.gc.ca/geo_wa/rest/services/2021/Cartographic_boundary_files/MapServer/9"},"community_display":"Calgary","is_unorganized":false,"panel_title":"Calgary","display_label":"Calgary","map_label":"48061483"},"geometry":{"type":"MultiPolygon","coordinates":[[[[-114.02374012092531,51.00262628038182],[-114.02432431295695,51.00228516073445],[-114.02468391052543,51.0021299855571],[-114.02546020576071,51.0018746690762],[-114.02613299440998,51.00159217357759],[-114.02680380608737,51.001366880498246],[-114.02687461486735,51.001419491706095],[-114.02687681442588,51.00148537670229],[-114.02662059164761,51.00166787344015],[-114.02673240769995,51.001712380854144],[-114.02691918878047,51.00169509099719],[-114.02724101565705,51.001708176172194],[-114.02738760846574,51.00167017640722],[-114.02778502022055,51.00134648656049],[-114.02841308876245,51.00066520423169],[-114.02921619436243,50.99999969847085],[-114.02984970354007,50.999333914485845],[-114.03000868412853,50.999075513167334],[-114.03014969738187,50.99868800985816],[-114.03016528069352,50.99850489362692],[-114.03015529046992,50.99802360125782],[-114.03010000799848,50.99766480004983],[-114.03001750773964,50.9974345030794],[-114.02972153660087,50.997077808257586],[-114.0296520057828,50.99699399756802],[-114.02856219100309,50.99599318112056],[-114.02832771807385,50.99569767143586],[-114.02733431883614,50.99492456897918],[-114.02694801608013,50.994687064492595],[-114.02595798334092,50.99419745623903],[-114.02529839469305,50.99386154573271],[-114.0242284115373,50.99345383948925],[-114.02391599681305,50.993306245618875],[-114.02304809127948,50.99245173357143],[-114.02258130950592,50.99180353451917],[-114.02244291686023,50.991489343450006],[-114.02232428585765,50.991000835996445],[-114.02232927875545,50.99073453712997],[-114.02245250158423,50.99046423361378],[-114.02249985054685,50.98989766991258],[-114.02251610290556,50.98970324008258],[-114.02259609368917,50.989498247889486],[-114.02319329684502,50.988538744058225],[-114.02338288885852,50.988312345128],[-114.02367701488828,50.98808452639155],[-114.02429238877934,50.98750052148155],[-114.02514901591448,50.98693084029765],[-114.02519882049526,50.98689773556174],[-114.02528091397944,50.986870275015185],[-114.02546980312825,50.98680713143762],[-114.02568378408245,50.98678433637553],[-114.02585460030093,50.98670372926358],[-114.02598951360359,50.98661112271795],[-114.02597940806308,50.98600672281279],[-114.02601099256363,50.98588694090153],[-114.02612580542588,50.98572242775407],[-114.02671490984454,50.9853614383008],[-114.02750561300195,50.985074829684926],[-114.02780281157948,50.984884323316045],[-114.02805351183171,50.984598622189054],[-114.02845300493743,50.98434084175961],[-114.02915878848098,50.98363493431907],[-114.02917971229557,50.98343194140006],[-114.02933861920813,50.98317352968704],[-114.02981681553078,50.98261613051748],[-114.03085021612831,50.981628542094526],[-114.03138852036136,50.9810404178327],[-114.03158429630201,50.98076542459267],[-114.03201940076457,50.98039643214573],[-114.03233563077278,50.98030642929588],[-114.03248961271562,50.98031443592376],[-114.03269753270277,50.98046343262168],[-114.0329394038251,50.980804821535585],[-114.03315052586271,50.980991039219845],[-114.03329953589851,50.98126523852813],[-114.03360979783227,50.981470141823685],[-114.03388490096033,50.981388136400035],[-114.03383519738217,50.98125572458458],[-114.03353092268694,50.98075593645405],[-114.03321200295512,50.98041053083506],[-114.03310421851572,50.98012833647838],[-114.0331354982193,50.97988542316451],[-114.03320289865442,50.97977754032435],[-114.03395109734907,50.97940443068836],[-114.03431780558722,50.97917193838277],[-114.03453372081198,50.978968720518395],[-114.03546901207777,50.97805703067983],[-114.03593621561663,50.977293221510905],[-114.03605210148106,50.97722331460009],[-114.03634263791504,50.97683513114171],[-114.03677430216187,50.97630563001542],[-114.03681524322944,50.97617452724228],[-114.03689100945242,50.9760839318216],[-114.03701902126292,50.975547327535665],[-114.03696402876935,50.97543482107737],[-114.0372368120205,50.97516382789148],[-114.03725122950321,50.97488621854279],[-114.03719721310446,50.974745111808105],[-114.03732161470883,50.97469251471571],[-114.03742391932914,50.974748311176754],[-114.03757291080419,50.975022531442306],[-114.03766582420715,50.9750897307195],[-114.03782351904513,50.97473680634235],[-114.03728017899348,50.97419638398147],[-114.03721013138137,50.97412671901308],[-114.03702749763934,50.973906513617464],[-114.03677902637749,50.973367415791806],[-114.03618450118553,50.97261150818149],[-114.03516291748292,50.971749304246025],[-114.03452030678928,50.97132491229936],[-114.03414163327928,50.97113341841648],[-114.03283901078477,50.97064812461473],[-114.03238453022031,50.970547117971364],[-114.03185211788676,50.97047081220715],[-114.03152629376966,50.970449003692394],[-114.03090531397838,50.97043732062826],[-114.03056693429616,50.970389518330464],[-114.02936092320067,50.97050119936723],[-114.02853560503156,50.97062399855571],[-114.02803279850656,50.9707314178502],[-114.0276427003032,50.97073160345074],[-114.02722622559163,50.9705853110776],[-114.02685271258211,50.97037381909448],[-114.02665431361342,50.97009029745504],[-114.02664850972063,50.96978112979499],[-114.02985070342325,50.96852305812156],[-114.03009360978648,50.96852805415965],[-114.0307262153354,50.968356358414816],[-114.03167499781102,50.9680697430913],[-114.03253809903373,50.967793992631506],[-114.03302740688592,50.967637647732225],[-114.03339239174097,50.96752105134529],[-114.03349048888703,50.96748973850003],[-114.03355893347701,50.967467870688644],[-114.03411463300326,50.967290342170024],[-114.03446722003017,50.96717765849208],[-114.03571250618289,50.96680155156649],[-114.03753272686077,50.96622663987741],[-114.03858012988705,50.965884444819054],[-114.03897072829612,50.966910735891],[-114.03960751954364,50.9680962628294],[-114.04094574109766,50.96967735580838],[-114.04148832963926,50.97032975005024],[-114.04247061179494,50.97145684820361],[-114.04268334155235,50.9717003606408],[-114.04449309574368,50.973760227085826],[-114.04491250307545,50.97423755551196],[-114.04523842567923,50.974199688203996],[-114.045662046434,50.97415046045057],[-114.04845394053761,50.97415815081511],[-114.04845332299783,50.97506657799495],[-114.0484578207568,50.97589425781969],[-114.04844581226023,50.97628796077337],[-114.04843150976116,50.97675717069489],[-114.04853512976281,50.976756837048946],[-114.04857524474424,50.97696744911735],[-114.04855659248683,50.97828168237068],[-114.04854975743591,50.97876393530204],[-114.04959040642912,50.98027649214889],[-114.0499033186173,50.98073418776505],[-114.0500074083221,50.98088968354219],[-114.05033292098295,50.98137468413642],[-114.05138563845013,50.9829753856751],[-114.0523572488039,50.98446217844248],[-114.05265871433011,50.98492350347667],[-114.05313222850008,50.98577197853032],[-114.05341733111175,50.986669682762006],[-114.05350784379908,50.98838998613246],[-114.05350784850792,50.98860079061512],[-114.0535078268998,50.98951440730591],[-114.05350901530166,50.99152029656026],[-114.05319533390495,50.992420910078195],[-114.05239826400708,50.99363644721528],[-114.05222101007293,50.99390671027815],[-114.05210260735086,50.9940935730767],[-114.05200203297244,50.99425225713068],[-114.05189393860422,50.99442279704562],[-114.05183662519073,50.99451038559313],[-114.05166351367353,50.99477490614077],[-114.04915401996662,50.99860633351906],[-114.04888981978846,50.999175334993254],[-114.04869222053208,51.00004284367049],[-114.0486933039717,51.000249741659886],[-114.04869548916827,51.00133813159241],[-114.04868690779115,51.00147283990462],[-114.04868569905271,51.002165444696395],[-114.04868701046658,51.00596135584024],[-114.04859559672045,51.00904593658271],[-114.04854985839887,51.01059034883752],[-114.04855723104733,51.011148260762056],[-114.04854863312914,51.011282948845945],[-114.04801963036569,51.01130554239085],[-114.04713362640057,51.01133706486651],[-114.04674632569332,51.01137224220169],[-114.0462088231675,51.01130466534146],[-114.045920141413,51.01136035803142],[-114.04360303523507,51.01169745126425],[-114.0402785240448,51.01217996182596],[-114.03732831817659,51.01215906140659],[-114.03662222831065,51.01205116130384],[-114.03602551722989,51.01179315769469],[-114.03575342755596,51.01158835420817],[-114.03505121029593,51.01052716783785],[-114.0344592199576,51.009972448361154],[-114.03363612183573,51.009465749281844],[-114.03250712901914,51.009059247411905],[-114.03041082971343,51.00861924280465],[-114.02991620361267,51.00845445556276],[-114.02886121730083,51.0081030567407],[-114.02825833514929,51.007943750196375],[-114.02773010178502,51.00786733380445],[-114.02727644032055,51.0076129976151],[-114.02637540754421,51.007567337838374],[-114.02628446005858,51.007562744684265],[-114.02580784591233,51.00752489000927],[-114.02525962847793,51.00650852949947],[-114.02480570683998,51.005932183400716],[-114.02431185941677,51.00545887342898],[-114.02371989547996,51.00506708526262],[-114.02333992598331,51.00485790076577],[-114.02283736200967,51.004647931577786],[-114.02260553135628,51.00454369205197],[-114.022458094715,51.00448383481871],[-114.02257463339018,51.00423647352702],[-114.02362302835516,51.00272486595948],[-114.02374012092531,51.00262628038182]]]]}},{"type":"Feature","properties":{"DGUID":"2021S051248061580","DAUID":"48061580","LANDAREA":0.2558,"PRUID":"48","fed_num":"48010","da_code":"48061580","geo_name":"48061580","name_source":{"label":"Statistics Canada Census Profile 2021 DA WDS","url":"https://www12.statcan.gc.ca/wds-sdw/2021profile-profil2021-eng.cfm"},"population":878,"status":"ok","source":{"label":"Statistics Canada Census Profile 2021 DA WDS","url":"https://www12.statcan.gc.ca/wds-sdw/2021profile-profil2021-eng.cfm"},"community_name":"Calgary","community_source":{"label":"Statistics Canada 2021 census subdivision boundaries (spatial lookup)","url":"https://geo.statcan.gc.ca/geo_wa/rest/services/2021/Cartographic_boundary_files/MapServer/9"},"community_display":"Calgary","is_unorganized":false,"panel_title":"Calgary","display_label":"Calgary","map_label":"48061580"},"geometry":{"type":"MultiPolygon","coordinates":[[[[-114.05958372252418,50.973890350528116],[-114.0592295497715,50.97228035535592],[-114.06392251006484,50.97227837769577],[-114.06703649580017,50.97227695579167],[-114.0687180404512,50.97227614821536],[-114.0685892528261,50.97341524955406],[-114.06857365812752,50.975924458341915],[-114.0656814678316,50.97592374255353],[-114.06277555022065,50.97591365525007],[-114.06142185865342,50.975915550099856],[-114.0599823657551,50.97592425082456],[-114.05964012696282,50.97418754380423],[-114.0596047345452,50.97400785503557],[-114.05958372252418,50.973890350528116]]]]}},{"type":"Feature","properties":{"DGUID":"2021S051248061581","DAUID":"48061581","LANDAREA":0.2722,"PRUID":"48","fed_num":"48010","da_code":"48061581","geo_name":"48061581","name_source":{"label":"Statistics Canada Census Profile 2021 DA WDS","url":"https://www12.statcan.gc.ca/wds-sdw/2021profile-profil2021-eng.cfm"},"population":1494,"status":"ok","source":{"label":"Statistics Canada Census Profile 2021 DA WDS","url":"https://www12.statcan.gc.ca/wds-sdw/2021profile-profil2021-eng.cfm"},"community_name":"Calgary","community_source":{"label":"Statistics Canada 2021 census subdivision boundaries (spatial lookup)","url":"https://geo.statcan.gc.ca/geo_wa/rest/services/2021/Cartographic_boundary_files/MapServer/9"},"community_display":"Calgary","is_unorganized":false,"panel_title":"Calgary","display_label":"Calgary","map_label":"48061581"},"geometry":{"type":"MultiPolygon","coordinates":[[[[-114.05920742554586,50.969023539105066],[-114.05920345792639,50.968636655278466],[-114.06061375532184,50.968636237944146],[-114.06421785577024,50.9686369519185],[-114.06511556379475,50.96863254586929],[-114.06550017820369,50.968633250053095],[-114.06668174254007,50.96864494986555],[-114.06796464818034,50.96863224634574],[-114.0687486639681,50.9686249479912],[-114.06880345153031,50.96933695253642],[-114.06877944618621,50.97142156824574],[-114.068774754106,50.97182783650893],[-114.0687180404512,50.97227614821536],[-114.06703649580017,50.97227695579167],[-114.06392251006484,50.97227837769577],[-114.0592295497715,50.97228035535592],[-114.05922775650053,50.97140775139518],[-114.05922245007065,50.97058905607638],[-114.05921213485387,50.96985125842937],[-114.05920742554586,50.969023539105066]]]]}},{"type":"Feature","properties":{"DGUID":"2021S051248061588","DAUID":"48061588","LANDAREA":0.2516,"PRUID":"48","fed_num":"48010","da_code":"48061588","geo_name":"48061588","name_source":{"label":"Statistics Canada Census Profile 2021 DA WDS","url":"https://www12.statcan.gc.ca/wds-sdw/2021profile-profil2021-eng.cfm"},"population":624,"status":"ok","source":{"label":"Statistics Canada Census Profile 2021 DA WDS","url":"https://www12.statcan.gc.ca/wds-sdw/2021profile-profil2021-eng.cfm"},"community_name":"Calgary","community_source":{"label":"Statistics Canada 2021 census subdivision boundaries (spatial lookup)","url":"https://geo.statcan.gc.ca/geo_wa/rest/services/2021/Cartographic_boundary_files/MapServer/9"},"community_display":"Calgary","is_unorganized":false,"panel_title":"Calgary","display_label":"Calgary","map_label":"48061588"},"geometry":{"type":"MultiPolygon","coordinates":[[[[-114.0179260410316,50.938526065939605],[-114.01764912116873,50.93773646923558],[-114.01868223125531,50.937609985160634],[-114.01922063624625,50.93765066781575],[-114.01954354762442,50.93772188071051],[-114.01990844301741,50.936912666656],[-114.0225358484605,50.937456486185866],[-114.02316664167579,50.93694187845103],[-114.02342543763523,50.936678586045154],[-114.02348024381301,50.93626617235501],[-114.02331866581643,50.93567737903936],[-114.02285384336545,50.93515288839655],[-114.0222852644794,50.93447268167812],[-114.02343613347428,50.9340612636885],[-114.02461727000755,50.935404671930016],[-114.02581074017444,50.934994375107415],[-114.02595323651785,50.93521387812683],[-114.02620043667204,50.93647049141626],[-114.02650845152411,50.936775183989035],[-114.02767135218252,50.93729057069546],[-114.02694736686013,50.9379287832647],[-114.026327942179,50.93848866970524],[-114.02540695797555,50.93931068262967],[-114.02507823358259,50.93955417086254],[-114.0245794511188,50.93978436628495],[-114.02473683850677,50.93999528635653],[-114.02565033245047,50.94040539265706],[-114.02485565870477,50.94103269112374],[-114.02431503262525,50.94080307041029],[-114.0239051548266,50.94075657944382],[-114.02330705640223,50.94075938184589],[-114.02127044769034,50.94077038656274],[-114.0212487110023,50.93999617137745],[-114.02002581836025,50.93997396838842],[-114.01921232007642,50.93978227351039],[-114.01866054485596,50.93950736669934],[-114.01824173904102,50.93915476438492],[-114.0179260410316,50.938526065939605]]]]}},{"type":"Feature","properties":{"DGUID":"2021S051248061589","DAUID":"48061589","LANDAREA":0.9903,"PRUID":"48","fed_num":"48010","da_code":"48061589","geo_name":"48061589","name_source":{"label":"Statistics Canada Census Profile 2021 DA WDS","url":"https://www12.statcan.gc.ca/wds-sdw/2021profile-profil2021-eng.cfm"},"population":1097,"status":"ok","source":{"label":"Statistics Canada Census Profile 2021 DA WDS","url":"https://www12.statcan.gc.ca/wds-sdw/2021profile-profil2021-eng.cfm"},"community_name":"Calgary","community_source":{"label":"Statistics Canada 2021 census subdivision boundaries (spatial lookup)","url":"https://geo.statcan.gc.ca/geo_wa/rest/services/2021/Cartographic_boundary_files/MapServer/9"},"community_display":"Calgary","is_unorganized":false,"panel_title":"Calgary","display_label":"Calgary","map_label":"48061589"},"geometry":{"type":"MultiPolygon","coordinates":[[[[-114.02080902958282,50.95215696119186],[-114.02076415815019,50.95138884825694],[-114.02088085361143,50.95116713822415],[-114.02119695557643,50.95107716167633],[-114.02150043267986,50.951084360082554],[-114.0216310354904,50.95110624994587],[-114.0220200264755,50.9512579570809],[-114.02225504608145,50.95127846166912],[-114.02245204913135,50.951221165291],[-114.02256796021894,50.951151262401034],[-114.02270054381762,50.95099274797862],[-114.02285845120656,50.95088624241869],[-114.02302912004038,50.95080564941458],[-114.02321984510739,50.95079684904249],[-114.02351464746498,50.95054055129311],[-114.02341532975228,50.950275646701],[-114.02322873332861,50.95016984617424],[-114.0231033661611,50.95012796226124],[-114.02284683592828,50.949694763841265],[-114.02257274216964,50.949501847247014],[-114.02213403868284,50.9490946427569],[-114.0220265448745,50.94905875832024],[-114.02200222549368,50.94897825737753],[-114.02187573379977,50.94896494825854],[-114.02170813167828,50.94883654577276],[-114.02161423341767,50.94867486334181],[-114.02160455528823,50.9484398430016],[-114.02140603395925,50.9480332456806],[-114.02127214054072,50.94785093545254],[-114.02106545312897,50.9476732422457],[-114.02047193775668,50.947286747182815],[-114.02042962521296,50.947200247681195],[-114.02006793243947,50.946797040936914],[-114.01771804955868,50.94508514123788],[-114.0177012103674,50.94505053332508],[-114.0171657405636,50.944690626677165],[-114.01615474271024,50.943940143286575],[-114.01573842985324,50.943670739556694],[-114.01540855171817,50.94351703603594],[-114.01471185240081,50.94310324280441],[-114.01424914425685,50.94273864675589],[-114.0132372255159,50.94189363372862],[-114.01261115306676,50.94153232506665],[-114.01254515481541,50.94145830511887],[-114.01244564947834,50.94134673133326],[-114.0122623550331,50.941278228813324],[-114.01145392915409,50.94069663853656],[-114.0110365422366,50.94033273986637],[-114.01005113899066,50.939634034746724],[-114.00986136480356,50.93936793683569],[-114.00942195809094,50.939112439071465],[-114.00859902731142,50.93880842654196],[-114.00851054262341,50.93874982656438],[-114.00837690254278,50.93869434331903],[-114.0082350930827,50.93863547757906],[-114.00815336170682,50.938601524249506],[-114.00803540620305,50.93859852196331],[-114.0078952564835,50.938594939962364],[-114.00753806242017,50.938446529412836],[-114.00714195218886,50.938248927599815],[-114.00693112933233,50.93818582490938],[-114.00651714047703,50.93810532760637],[-114.00568174416678,50.93802164229493],[-114.00496855522071,50.93781943719143],[-114.00392563589064,50.93770982110269],[-114.00240137509111,50.937627518861746],[-114.00206426851429,50.93755103793909],[-114.001485860451,50.93737941569962],[-114.00138903273145,50.93736526300066],[-114.00602871468638,50.93402534898173],[-114.00631598453512,50.93381714662681],[-114.00662858971901,50.93359058677781],[-114.00712639814867,50.933591923463496],[-114.00723649596696,50.933619865297786],[-114.0075282006184,50.93351046620649],[-114.00836432258778,50.93349827559953],[-114.00888238348907,50.93348216570037],[-114.00934963165761,50.933521180121794],[-114.010138713401,50.933424476964014],[-114.01028202210395,50.93341015751945],[-114.01071122185273,50.93337616946671],[-114.01334659176966,50.93288285087384],[-114.01582593200608,50.93241866599698],[-114.01680552725313,50.932236868437776],[-114.01746846725176,50.93210987587703],[-114.01758142417329,50.93234666410171],[-114.01811314600062,50.933601567327685],[-114.01811223186759,50.934060265258964],[-114.0170805156785,50.93394396431821],[-114.01667072991309,50.93389746937718],[-114.01627913717913,50.93378857433121],[-114.01586702456501,50.93377796947498],[-114.01559413668068,50.933815967518754],[-114.01559423496008,50.933591161930806],[-114.01527424367657,50.93280937859235],[-114.01514985109377,50.93275217169209],[-114.01444424708761,50.932878062705846],[-114.01420531429795,50.93305187701165],[-114.01427661805508,50.93349446680608],[-114.01435441775136,50.93361337784951],[-114.01458683698365,50.93376327497879],[-114.01510344112894,50.933920381267484],[-114.01541883500813,50.934773968944484],[-114.01541924367547,50.934989881072354],[-114.01478992933366,50.93503676777348],[-114.01446803291465,50.935172458991104],[-114.01455293039842,50.93562437261726],[-114.01473082070855,50.93573686517],[-114.01463753876997,50.936526058647445],[-114.01591622664785,50.93634288483825],[-114.0161539220621,50.935521383956],[-114.01665134360832,50.935534078378],[-114.0174255226636,50.935670866378025],[-114.01725643699268,50.93608927965308],[-114.0172345186731,50.93643056631162],[-114.01737294365759,50.93693776294162],[-114.01610895692228,50.93711237956824],[-114.01418491403341,50.93736897142993],[-114.01452974488569,50.93843026051992],[-114.01499892159147,50.938882978815016],[-114.01583362559766,50.939632972027354],[-114.01658871314777,50.94029088415154],[-114.01582697456418,50.94029284630974],[-114.01566393323634,50.94029325819551],[-114.01466641684182,50.94029576789726],[-114.0148429323723,50.94065106259495],[-114.01503391454396,50.941447470201055],[-114.01522081494467,50.94164117090353],[-114.01600613861089,50.94227298356479],[-114.01678803223078,50.942958582790595],[-114.01769392562889,50.94348547456918],[-114.01853842564586,50.94408269336684],[-114.01938124718093,50.944706879788285],[-114.02028273791689,50.94530569348441],[-114.02125571662165,50.94589718911727],[-114.02181232272066,50.94610028111542],[-114.02201024421787,50.94612328990819],[-114.02194801228754,50.94642758579435],[-114.02201952398558,50.94664528342339],[-114.02242012319665,50.94706028394382],[-114.0229644388287,50.94790169174471],[-114.02393693315287,50.947611696192354],[-114.02471494241705,50.947469587633215],[-114.02489883530052,50.9461519904158],[-114.02481925593037,50.9460600890445],[-114.02419901629786,50.94573838955891],[-114.024753854428,50.945077883320266],[-114.02537954414989,50.944644080741384],[-114.02563674139583,50.94440778913975],[-114.02597025518793,50.94386759314085],[-114.02647672712538,50.94307099389199],[-114.0271474240687,50.94237749228524],[-114.02761503912727,50.94196659196364],[-114.02786424930979,50.941631072134285],[-114.02828353498555,50.941084084650676],[-114.0285406408025,50.94084777310019],[-114.02864745810953,50.94095848835208],[-114.02914544290743,50.941186980880154],[-114.0273922508165,50.942779478371925],[-114.02707144878487,50.943122095127386],[-114.02655132007659,50.94390939500816],[-114.02636745561057,50.94433649651004],[-114.02617655318454,50.94509618685312],[-114.02613111755467,50.946030491632996],[-114.02604865280844,50.94664240097898],[-114.02630466593983,50.946446613246756],[-114.02773689523903,50.946829748981315],[-114.0289830338275,50.947262233785345],[-114.03075490035855,50.94760942503323],[-114.0329369237911,50.947936597017396],[-114.03416675747154,50.94812971802857],[-114.03558281527168,50.948352076023156],[-114.03380044204145,50.9483485930773],[-114.03352158129368,50.9483542806657],[-114.03338621579894,50.94814619447227],[-114.0332120935344,50.94813318118244],[-114.0331705386039,50.94813008671587],[-114.03280103259567,50.948134202880645],[-114.03241402530126,50.948159699808706],[-114.0319471588828,50.948198899537765],[-114.03150726184965,50.948270903953905],[-114.03115432599844,50.94833238873534],[-114.0308118296057,50.94840490623629],[-114.03045762989755,50.948491694066334],[-114.02913134449334,50.94884890996699],[-114.02897742684989,50.94892080301738],[-114.02724833458991,50.949426088777614],[-114.02690463445914,50.949542594749296],[-114.026677228731,50.9496329950688],[-114.02660934284062,50.949660403987394],[-114.02665725252899,50.949826694389905],[-114.02668735718436,50.94993140772375],[-114.02674504894615,50.9501097093055],[-114.02682083018864,50.95034371645287],[-114.02682325047576,50.950350729123905],[-114.02669687472209,50.950438258626775],[-114.02668942334408,50.950443408192676],[-114.02585354235913,50.95126761350363],[-114.02547742061267,50.95170389825506],[-114.02540854017661,50.95180369058362],[-114.02535433170769,50.9518883109447],[-114.02523163968266,50.95215131135366],[-114.02516015235224,50.95231560232947],[-114.02504913831402,50.952586490917824],[-114.02500782927861,50.95294769798738],[-114.02501191637045,50.95329700542611],[-114.02501398692637,50.953347359623834],[-114.02501617428094,50.953401099501065],[-114.02478264355446,50.95331819940448],[-114.0246104407234,50.953260804299816],[-114.02448803566303,50.95322000098965],[-114.02416522148026,50.953123208626586],[-114.02381623354941,50.95302840159358],[-114.02347004208376,50.952944895794104],[-114.02313363217894,50.952874914169335],[-114.02274464564654,50.95280380957608],[-114.02237132313635,50.952744109027854],[-114.02201893831032,50.952693694868714],[-114.02195673041449,50.952685369843934],[-114.02175172303846,50.952657896407466],[-114.02163043500985,50.952641684467096],[-114.0213340311322,50.95260550735807],[-114.02091940735154,50.95255488986567],[-114.02089552624489,50.95246878334538],[-114.02080902958282,50.95215696119186]]]]}},{"type":"Feature","properties":{"DGUID":"2021S051248061617","DAUID":"48061617","LANDAREA":0.4795,"PRUID":"48","fed_num":"48010","da_code":"48061617","geo_name":"48061617","name_source":{"label":"Statistics Canada Census Profile 2021 DA WDS","url":"https://www12.statcan.gc.ca/wds-sdw/2021profile-profil2021-eng.cfm"},"population":757,"status":"ok","source":{"label":"Statistics Canada Census Profile 2021 DA WDS","url":"https://www12.statcan.gc.ca/wds-sdw/2021profile-profil2021-eng.cfm"},"community_name":"Calgary","community_source":{"label":"Statistics Canada 2021 census subdivision boundaries (spatial lookup)","url":"https://geo.statcan.gc.ca/geo_wa/rest/services/2021/Cartographic_boundary_files/MapServer/9"},"community_display":"Calgary","is_unorganized":false,"panel_title":"Calgary","display_label":"Calgary","map_label":"48061617"},"geometry":{"type":"MultiPolygon","coordinates":[[[[-114.0429849172,50.90326446041304],[-114.04243831390345,50.90335855821199],[-114.04155663783638,50.90357905771811],[-114.04122080879915,50.903714440934316],[-114.040997490129,50.90387074566423],[-114.0404749295384,50.903587539030276],[-114.04005512187886,50.90325314488016],[-114.03960401727372,50.903412537221215],[-114.03913249643895,50.903445552339385],[-114.03868090949484,50.90338914789652],[-114.0382099052692,50.90318825202619],[-114.0378203028843,50.902827541089465],[-114.03653973129718,50.90305594694508],[-114.0361507214976,50.90268623681148],[-114.03558552407169,50.90240202751966],[-114.03579481925924,50.90179564726477],[-114.03602553094827,50.90152263776589],[-114.03506793345986,50.90092264078073],[-114.03440619962913,50.90215614393742],[-114.03403811433672,50.90212883039821],[-114.03249231107176,50.90227833725218],[-114.03033681638239,50.90261932630476],[-114.02975712439813,50.90189393038056],[-114.02933463646049,50.9013794368678],[-114.02910409827284,50.90120263495101],[-114.03001332734907,50.90055124078799],[-114.02924140565742,50.900162725166865],[-114.0290393200094,50.899986736378644],[-114.0289916377198,50.899841538097164],[-114.029119135901,50.89940402910868],[-114.02927950620969,50.89889543527167],[-114.02947444052536,50.89873841966575],[-114.03059461677314,50.89856902823872],[-114.03142693337443,50.89845532733429],[-114.03198014216257,50.8984784404406],[-114.03248345026971,50.89861713624786],[-114.03303494350016,50.89889202607635],[-114.03229841250887,50.89951193182986],[-114.03307372589705,50.899846541196816],[-114.03389962587599,50.90005643241883],[-114.03442932161232,50.899332226688294],[-114.03479533804295,50.89894583005785],[-114.03497833782079,50.89852763067176],[-114.03573044994363,50.89855573217341],[-114.03595992182541,50.89852564786972],[-114.03634733672885,50.898472531392336],[-114.03696991914727,50.89829944098991],[-114.03795294023752,50.89961973705738],[-114.03858342224513,50.89977065318425],[-114.0393036336407,50.90030165135478],[-114.0396808205104,50.900410145730845],[-114.0402034460628,50.900468455018526],[-114.04079372382456,50.90035744495618],[-114.04111814287431,50.90017674537291],[-114.04142495385733,50.89982474929794],[-114.04143292556884,50.89947415948478],[-114.04130414745022,50.89881425300757],[-114.04119976157193,50.89799304880007],[-114.04257043123339,50.89791083814254],[-114.04322195128495,50.89795435555077],[-114.04372805288331,50.89804813905704],[-114.04418815015309,50.89819473626404],[-114.0444256376373,50.8982637513697],[-114.04537422446701,50.89878244592214],[-114.04661024851823,50.89947944501736],[-114.04736122138772,50.899975157194014],[-114.04785202967936,50.90053627125721],[-114.0480099429665,50.90096304895445],[-114.04804743548723,50.901269848542846],[-114.0480474253438,50.901719562529884],[-114.04805193868178,50.902547254213964],[-114.04804503560788,50.90332966239545],[-114.04805641923178,50.90359975798407],[-114.0480342332103,50.90395005654516],[-114.04539762939346,50.90357744479225],[-114.0433399361624,50.90327344935163],[-114.0429849172,50.90326446041304]]]]}},{"type":"Feature","properties":{"DGUID":"2021S051248061618","DAUID":"48061618","LANDAREA":0.0653,"PRUID":"48","fed_num":"48010","da_code":"48061618","geo_name":"48061618","name_source":{"label":"Statistics Canada Census Profile 2021 DA WDS","url":"https://www12.statcan.gc.ca/wds-sdw/2021profile-profil2021-eng.cfm"},"population":260,"status":"ok","source":{"label":"Statistics Canada Census Profile 2021 DA WDS","url":"https://www12.statcan.gc.ca/wds-sdw/2021profile-profil2021-eng.cfm"},"community_name":"Calgary","community_source":{"label":"Statistics Canada 2021 census subdivision boundaries (spatial lookup)","url":"https://geo.statcan.gc.ca/geo_wa/rest/services/2021/Cartographic_boundary_files/MapServer/9"},"community_display":"Calgary","is_unorganized":false,"panel_title":"Calgary","display_label":"Calgary","map_label":"48061618"},"geometry":{"type":"MultiPolygon","coordinates":[[[[-114.03696991914727,50.89829944098991],[-114.03804312416945,50.89797584199322],[-114.03856115053543,50.8978811410587],[-114.03951724680584,50.8978334381049],[-114.04012214682635,50.89793873360636],[-114.04081515699554,50.89800123757364],[-114.04119976157193,50.89799304880007],[-114.04130414745022,50.89881425300757],[-114.04143292556884,50.89947415948478],[-114.04142495385733,50.89982474929794],[-114.04111814287431,50.90017674537291],[-114.04079372382456,50.90035744495618],[-114.0402034460628,50.900468455018526],[-114.0396808205104,50.900410145730845],[-114.0393036336407,50.90030165135478],[-114.03858342224513,50.89977065318425],[-114.03795294023752,50.89961973705738],[-114.03696991914727,50.89829944098991]]]]}},{"type":"Feature","properties":{"DGUID":"2021S051248061636","DAUID":"48061636","LANDAREA":0.2082,"PRUID":"48","fed_num":"48010","da_code":"48061636","geo_name":"48061636","name_source":{"label":"Statistics Canada Census Profile 2021 DA WDS","url":"https://www12.statcan.gc.ca/wds-sdw/2021profile-profil2021-eng.cfm"},"population":758,"status":"ok","source":{"label":"Statistics Canada Census Profile 2021 DA WDS","url":"https://www12.statcan.gc.ca/wds-sdw/2021profile-profil2021-eng.cfm"},"community_name":"Calgary","community_source":{"label":"Statistics Canada 2021 census subdivision boundaries (spatial lookup)","url":"https://geo.statcan.gc.ca/geo_wa/rest/services/2021/Cartographic_boundary_files/MapServer/9"},"community_display":"Calgary","is_unorganized":false,"panel_title":"Calgary","display_label":"Calgary","map_label":"48061636"},"geometry":{"type":"MultiPolygon","coordinates":[[[[-114.05590119726814,50.9165920697707],[-114.05597909183122,50.91631537612964],[-114.0560025735181,50.91608787961366],[-114.05657138578812,50.91609326622952],[-114.05754710660248,50.91596498371418],[-114.06072688755887,50.91518158013639],[-114.06155090008497,50.91497747583686],[-114.0616656938065,50.91518729596102],[-114.06242520083073,50.916231790265265],[-114.06276969766236,50.91686117502807],[-114.06302838083211,50.91727239464485],[-114.06313021033101,50.917688784415766],[-114.06312180182063,50.91804837492622],[-114.06295648583142,50.91841298118025],[-114.0626037155276,50.91881789267216],[-114.06198207345922,50.919197996872676],[-114.06138597572932,50.919398883772544],[-114.06031137880676,50.91951568843027],[-114.05847626939155,50.91950549409521],[-114.05717025636308,50.91945447390545],[-114.05676446748464,50.919345379736484],[-114.05640249119705,50.91921927564694],[-114.05587279010005,50.91881908817715],[-114.05539537946582,50.9184922777293],[-114.05507598263576,50.918367280892575],[-114.05518218848059,50.918261977723795],[-114.05539067643633,50.91743967422646],[-114.05590119726814,50.9165920697707]]]]}},{"type":"Feature","properties":{"DGUID":"2021S051248062067","DAUID":"48062067","LANDAREA":0.1144,"PRUID":"48","fed_num":"48010","da_code":"48062067","geo_name":"48062067","name_source":{"label":"Statistics Canada Census Profile 2021 DA WDS","url":"https://www12.statcan.gc.ca/wds-sdw/2021profile-profil2021-eng.cfm"},"population":562,"status":"ok","source":{"label":"Statistics Canada Census Profile 2021 DA WDS","url":"https://www12.statcan.gc.ca/wds-sdw/2021profile-profil2021-eng.cfm"},"community_name":"Calgary","community_source":{"label":"Statistics Canada 2021 census subdivision boundaries (spatial lookup)","url":"https://geo.statcan.gc.ca/geo_wa/rest/services/2021/Cartographic_boundary_files/MapServer/9"},"community_display":"Calgary","is_unorganized":false,"panel_title":"Calgary","display_label":"Calgary","map_label":"48062067"},"geometry":{"type":"MultiPolygon","coordinates":[[[[-114.08889768436792,50.89859048056174],[-114.08864689587256,50.89827837874772],[-114.08836040316719,50.89808237328263],[-114.08770031295182,50.89863259192899],[-114.08748611428557,50.89864519211484],[-114.08720541754249,50.89858428865815],[-114.0864619085973,50.898646679841654],[-114.08572230499041,50.89864618023329],[-114.08558529165317,50.898561780956506],[-114.08570059813995,50.897854072509496],[-114.08582101510652,50.89706547677381],[-114.08683550107585,50.896991881267304],[-114.0868211214674,50.8967666854886],[-114.08693709803599,50.89627477583278],[-114.08677292684112,50.89617178220093],[-114.08617422895745,50.89619278313109],[-114.08597880487831,50.89613398119638],[-114.08595860352258,50.89577369050358],[-114.08620919929787,50.89517728260468],[-114.08638182299994,50.89514557859284],[-114.08763793759823,50.895302881592066],[-114.08828443181692,50.8954269759832],[-114.089019113432,50.89573308284818],[-114.0892243216167,50.895864162261944],[-114.08926071364534,50.89596397736131],[-114.08824351861914,50.89676617434332],[-114.08802559570398,50.89706658119744],[-114.08868410245424,50.89722688853503],[-114.08901651678998,50.89737017061722],[-114.08982490509501,50.89672468919542],[-114.09041873009559,50.89632577051354],[-114.09062940861048,50.896366985403795],[-114.09080510561269,50.89651526837643],[-114.09157740847692,50.896903284114096],[-114.09210999737832,50.89725837303527],[-114.09243702246594,50.89771626693738],[-114.09243140625269,50.89780608311675],[-114.09229970489933,50.89786577331772],[-114.09005791533023,50.89823269248996],[-114.09018479472817,50.89847868331362],[-114.0902545144336,50.89895719311629],[-114.09015160370966,50.8994672754623],[-114.0899167144663,50.89981228032703],[-114.08938709934874,50.899637191794675],[-114.08890911140173,50.89931938090212],[-114.08897189813341,50.89899718547223],[-114.08889768436792,50.89859048056174]]]]}},{"type":"Feature","properties":{"DGUID":"2021S051248062068","DAUID":"48062068","LANDAREA":0.3112,"PRUID":"48","fed_num":"48010","da_code":"48062068","geo_name":"48062068","name_source":{"label":"Statistics Canada Census Profile 2021 DA WDS","url":"https://www12.statcan.gc.ca/wds-sdw/2021profile-profil2021-eng.cfm"},"population":1275,"status":"ok","source":{"label":"Statistics Canada Census Profile 2021 DA WDS","url":"https://www12.statcan.gc.ca/wds-sdw/2021profile-profil2021-eng.cfm"},"community_name":"Calgary","community_source":{"label":"Statistics Canada 2021 census subdivision boundaries (spatial lookup)","url":"https://geo.statcan.gc.ca/geo_wa/rest/services/2021/Cartographic_boundary_files/MapServer/9"},"community_display":"Calgary","is_unorganized":false,"panel_title":"Calgary","display_label":"Calgary","map_label":"48062068"},"geometry":{"type":"MultiPolygon","coordinates":[[[[-114.07990779576501,50.90064157655551],[-114.0793207991158,50.90047398618891],[-114.07861167848252,50.90021327348476],[-114.07790877605206,50.89985388644464],[-114.0775830912686,50.89960286427698],[-114.07709879739188,50.899158984452775],[-114.07695218686149,50.89900239197608],[-114.07665429719398,50.89853618102078],[-114.07658257278443,50.89831847497544],[-114.07646069350083,50.89776676714494],[-114.07646390468875,50.897487963963236],[-114.0766272826087,50.897150290840564],[-114.07702470286921,50.89671047836564],[-114.07731938350206,50.896546981223516],[-114.07791508689388,50.89634598152146],[-114.07827580476626,50.896265062816646],[-114.07914370438357,50.89625986926418],[-114.08061647582223,50.89649375607153],[-114.08122809209681,50.89659089114384],[-114.08296190115345,50.89684109005975],[-114.08428779117021,50.89701818283211],[-114.08582101510652,50.89706547677381],[-114.08570059813995,50.897854072509496],[-114.08558529165317,50.898561780956506],[-114.08572230499041,50.89864618023329],[-114.0864619085973,50.898646679841654],[-114.08720541754249,50.89858428865815],[-114.08748611428557,50.89864519211484],[-114.08770031295182,50.89863259192899],[-114.08836040316719,50.89808237328263],[-114.08864689587256,50.89827837874772],[-114.08889768436792,50.89859048056174],[-114.08897189813341,50.89899718547223],[-114.08890911140173,50.89931938090212],[-114.08938709934874,50.899637191794675],[-114.0899167144663,50.89981228032703],[-114.08938830395091,50.90030277610961],[-114.08922591352393,50.90039768837728],[-114.08837297874942,50.90084419564392],[-114.087378411307,50.90105318834232],[-114.08652068939365,50.901121786295576],[-114.0856400721828,50.90109978149368],[-114.085448379971,50.901079913139526],[-114.08438228045318,50.9009693840182],[-114.08317838326667,50.90088529695879],[-114.08211549885287,50.90082277880504],[-114.08071169794849,50.90075159075187],[-114.07990779576501,50.90064157655551]]]]}},{"type":"Feature","properties":{"DGUID":"2021S051248062069","DAUID":"48062069","LANDAREA":0.2761,"PRUID":"48","fed_num":"48010","da_code":"48062069","geo_name":"48062069","name_source":{"label":"Statistics Canada Census Profile 2021 DA WDS","url":"https://www12.statcan.gc.ca/wds-sdw/2021profile-profil2021-eng.cfm"},"population":1220,"status":"ok","source":{"label":"Statistics Canada Census Profile 2021 DA WDS","url":"https://www12.statcan.gc.ca/wds-sdw/2021profile-profil2021-eng.cfm"},"community_name":"Calgary","community_source":{"label":"Statistics Canada 2021 census subdivision boundaries (spatial lookup)","url":"https://geo.statcan.gc.ca/geo_wa/rest/services/2021/Cartographic_boundary_files/MapServer/9"},"community_display":"Calgary","is_unorganized":false,"panel_title":"Calgary","display_label":"Calgary","map_label":"48062069"},"geometry":{"type":"MultiPolygon","coordinates":[[[[-114.08023238965572,50.90272759079385],[-114.07868426982279,50.90268879309635],[-114.07650608720186,50.902715187302036],[-114.07627828897581,50.902718475838924],[-114.07624916250226,50.90250188477757],[-114.07621026683823,50.901988172423614],[-114.07608437923648,50.90127438638837],[-114.07587218335358,50.90080129158788],[-114.0754951752557,50.90023417011019],[-114.07528147877454,50.90001298355906],[-114.07547057050222,50.89994566934958],[-114.07582050201263,50.89981058074759],[-114.07709879739188,50.899158984452775],[-114.0775830912686,50.89960286427698],[-114.07790877605206,50.89985388644464],[-114.07861167848252,50.90021327348476],[-114.0793207991158,50.90047398618891],[-114.07990779576501,50.90064157655551],[-114.08071169794849,50.90075159075187],[-114.08211549885287,50.90082277880504],[-114.08317838326667,50.90088529695879],[-114.08438228045318,50.9009693840182],[-114.085448379971,50.901079913139526],[-114.0856400721828,50.90109978149368],[-114.08652068939365,50.901121786295576],[-114.087378411307,50.90105318834232],[-114.08837297874942,50.90084419564392],[-114.08922591352393,50.90039768837728],[-114.0896334886958,50.90070469424845],[-114.08999171714282,50.90111838943689],[-114.0902028858499,50.90160940168236],[-114.09024290942469,50.90188027975737],[-114.09015039040328,50.90267850184115],[-114.08999510138862,50.903115379391274],[-114.08960779293594,50.9038522812444],[-114.0895516972664,50.90406680109538],[-114.08882260287406,50.90389569971474],[-114.08568836529507,50.90328678668936],[-114.08415149944213,50.903068381489334],[-114.08413830701065,50.90306701593216],[-114.08352509904958,50.90300321282801],[-114.08187596591421,50.902831579681724],[-114.08023238965572,50.90272759079385]]]]}},{"type":"Feature","properties":{"DGUID":"2021S051248062070","DAUID":"48062070","LANDAREA":0.1116,"PRUID":"48","fed_num":"48010","da_code":"48062070","geo_name":"48062070","name_source":{"label":"Statistics Canada Census Profile 2021 DA WDS","url":"https://www12.statcan.gc.ca/wds-sdw/2021profile-profil2021-eng.cfm"},"population":422,"status":"ok","source":{"label":"Statistics Canada Census Profile 2021 DA WDS","url":"https://www12.statcan.gc.ca/wds-sdw/2021profile-profil2021-eng.cfm"},"community_name":"Calgary","community_source":{"label":"Statistics Canada 2021 census subdivision boundaries (spatial lookup)","url":"https://geo.statcan.gc.ca/geo_wa/rest/services/2021/Cartographic_boundary_files/MapServer/9"},"community_display":"Calgary","is_unorganized":false,"panel_title":"Calgary","display_label":"Calgary","map_label":"48062070"},"geometry":{"type":"MultiPolygon","coordinates":[[[[-114.07002419006726,50.90168377180797],[-114.06985577067506,50.901185274375145],[-114.06969179447663,50.900786211471804],[-114.0698288274591,50.90075970822914],[-114.06986407356581,50.90075288941635],[-114.07172744894868,50.90088627013597],[-114.07204267227272,50.90084918674713],[-114.0721574519898,50.9008340775703],[-114.07274595724016,50.90074988269941],[-114.07391548347678,50.90047338809696],[-114.074348398508,50.900376284989854],[-114.07528147877454,50.90001298355906],[-114.0754951752557,50.90023417011019],[-114.07587218335358,50.90080129158788],[-114.07608437923648,50.90127438638837],[-114.07621026683823,50.901988172423614],[-114.07624916250226,50.90250188477757],[-114.07627828897581,50.902718475838924],[-114.07548015924522,50.902743385175725],[-114.0719897523313,50.903051670256986],[-114.07084213815494,50.903228898751195],[-114.07038500724168,50.903299488270655],[-114.07036839071306,50.903190773423496],[-114.07036398828244,50.90316316334504],[-114.07036246003841,50.90315355196182],[-114.07035217246289,50.90308887509401],[-114.07035078794785,50.90308019391871],[-114.07029355728206,50.902721565914085],[-114.07022887295666,50.902410781502525],[-114.07016067649182,50.90213336483592],[-114.07002419006726,50.90168377180797]]]]}},{"type":"Feature","properties":{"DGUID":"2021S051248062071","DAUID":"48062071","LANDAREA":0.105,"PRUID":"48","fed_num":"48010","da_code":"48062071","geo_name":"48062071","name_source":{"label":"Statistics Canada Census Profile 2021 DA WDS","url":"https://www12.statcan.gc.ca/wds-sdw/2021profile-profil2021-eng.cfm"},"population":351,"status":"ok","source":{"label":"Statistics Canada Census Profile 2021 DA WDS","url":"https://www12.statcan.gc.ca/wds-sdw/2021profile-profil2021-eng.cfm"},"community_name":"Calgary","community_source":{"label":"Statistics Canada 2021 census subdivision boundaries (spatial lookup)","url":"https://geo.statcan.gc.ca/geo_wa/rest/services/2021/Cartographic_boundary_files/MapServer/9"},"community_display":"Calgary","is_unorganized":false,"panel_title":"Calgary","display_label":"Calgary","map_label":"48062071"},"geometry":{"type":"MultiPolygon","coordinates":[[[[-114.07274595724016,50.90074988269941],[-114.0721574519898,50.9008340775703],[-114.07204267227272,50.90084918674713],[-114.07172744894868,50.90088627013597],[-114.06986407356581,50.90075288941635],[-114.0698288274591,50.90075970822914],[-114.06969179447663,50.900786211471804],[-114.0696679647603,50.90072817513666],[-114.06924039131947,50.89982916027543],[-114.06923807956737,50.89982446318024],[-114.06852957264105,50.898496565563065],[-114.06848649148537,50.89841626493659],[-114.0684818057152,50.89840751816339],[-114.0690745554801,50.8982829784144],[-114.07003618044786,50.89814527766989],[-114.0701651842252,50.89813047306772],[-114.07154028056415,50.89797618491341],[-114.0722639034834,50.897778478856196],[-114.07245149731078,50.89796306792733],[-114.07283968382376,50.89835058393866],[-114.07479557538797,50.89959597192485],[-114.07516098831687,50.899892980800985],[-114.07528147877454,50.90001298355906],[-114.074348398508,50.900376284989854],[-114.07391548347678,50.90047338809696],[-114.07274595724016,50.90074988269941]]]]}},{"type":"Feature","properties":{"DGUID":"2021S051248062072","DAUID":"48062072","LANDAREA":0.1603,"PRUID":"48","fed_num":"48010","da_code":"48062072","geo_name":"48062072","name_source":{"label":"Statistics Canada Census Profile 2021 DA WDS","url":"https://www12.statcan.gc.ca/wds-sdw/2021profile-profil2021-eng.cfm"},"population":1396,"status":"ok","source":{"label":"Statistics Canada Census Profile 2021 DA WDS","url":"https://www12.statcan.gc.ca/wds-sdw/2021profile-profil2021-eng.cfm"},"community_name":"Calgary","community_source":{"label":"Statistics Canada 2021 census subdivision boundaries (spatial lookup)","url":"https://geo.statcan.gc.ca/geo_wa/rest/services/2021/Cartographic_boundary_files/MapServer/9"},"community_display":"Calgary","is_unorganized":false,"panel_title":"Calgary","display_label":"Calgary","map_label":"48062072"},"geometry":{"type":"MultiPolygon","coordinates":[[[[-114.06528520459712,50.89264847923636],[-114.06528129991871,50.892641617067774],[-114.06564737794282,50.89264116377129],[-114.06745711850651,50.892650481855306],[-114.07238860054898,50.89267586649058],[-114.07234160851009,50.89303257966103],[-114.07219060199819,50.89349368628588],[-114.07167138592774,50.89479908193427],[-114.07154841065598,50.895161783203314],[-114.07147417388018,50.89553756613463],[-114.07146040739278,50.89592337267625],[-114.07149942884018,50.89624203874202],[-114.07150770542344,50.89630957140891],[-114.07166679583551,50.89686307554087],[-114.07189307277689,50.89729278776834],[-114.0720050810726,50.89744798873479],[-114.07218378909603,50.897695474641885],[-114.0722639034834,50.897778478856196],[-114.07154028056415,50.89797618491341],[-114.0701651842252,50.89813047306772],[-114.07003618044786,50.89814527766989],[-114.0690745554801,50.8982829784144],[-114.0684818057152,50.89840751816339],[-114.0684309724258,50.898313066753886],[-114.06842623073388,50.89830422277077],[-114.06755861448337,50.896688481017975],[-114.0664371920902,50.89470156687713],[-114.0653251042893,50.89271828067607],[-114.06528520459712,50.89264847923636]]]]}},{"type":"Feature","properties":{"DGUID":"2021S051248062196","DAUID":"48062196","LANDAREA":0.5855,"PRUID":"48","fed_num":"48010","da_code":"48062196","geo_name":"48062196","name_source":{"label":"Statistics Canada Census Profile 2021 DA WDS","url":"https://www12.statcan.gc.ca/wds-sdw/2021profile-profil2021-eng.cfm"},"population":1386,"status":"ok","source":{"label":"Statistics Canada Census Profile 2021 DA WDS","url":"https://www12.statcan.gc.ca/wds-sdw/2021profile-profil2021-eng.cfm"},"community_name":"Calgary","community_source":{"label":"Statistics Canada 2021 census subdivision boundaries (spatial lookup)","url":"https://geo.statcan.gc.ca/geo_wa/rest/services/2021/Cartographic_boundary_files/MapServer/9"},"community_display":"Calgary","is_unorganized":false,"panel_title":"Calgary","display_label":"Calgary","map_label":"48062196"},"geometry":{"type":"MultiPolygon","coordinates":[[[[-114.03804300307925,50.88677691965123],[-114.03744209230064,50.88683363184708],[-114.03623860523253,50.88719881004646],[-114.03516918589392,50.88746852154176],[-114.03438307920415,50.887529530501865],[-114.0337318008175,50.88748591555654],[-114.03331038208377,50.887403228884274],[-114.03260167886846,50.88714231068735],[-114.0322593941271,50.886935722535924],[-114.03189657464536,50.886602717047744],[-114.03127560754227,50.88585831200387],[-114.03094738492867,50.88565201467713],[-114.03040628557271,50.88544040407042],[-114.03008260203217,50.88538711670033],[-114.03011961169443,50.88525311848478],[-114.03024020760098,50.88469850362837],[-114.03020060995789,50.884202822844195],[-114.02997940072484,50.88365741954915],[-114.02952479522429,50.88298020618603],[-114.0292508993914,50.88214571774802],[-114.02927281025396,50.88135471620293],[-114.02944960177018,50.880810499915995],[-114.02967512283665,50.880618296901794],[-114.03078151759749,50.87998991914533],[-114.03087289109857,50.87989320024255],[-114.03111663613033,50.87963861105064],[-114.0312707104661,50.87922870472795],[-114.03127419745961,50.878950010631016],[-114.03252560743388,50.87894580674838],[-114.03303493760457,50.87898581521631],[-114.03372312508417,50.87912021751978],[-114.0345560023278,50.87921340432072],[-114.03497661084965,50.87921871409813],[-114.03522842005565,50.87930192427161],[-114.03586231738211,50.87932261180526],[-114.03641342760969,50.87932000965584],[-114.03643812867614,50.8797840116061],[-114.03644052272124,50.879887522954554],[-114.03685802644594,50.87983281455315],[-114.037493412911,50.87974930938589],[-114.03787763763829,50.88032271564864],[-114.03822221510873,50.880742513270434],[-114.03860944264277,50.88115151578648],[-114.03912710995564,50.881607215474155],[-114.039310413089,50.88174882095795],[-114.03939401362629,50.88181151409152],[-114.0396623258762,50.88199622791458],[-114.04023442223598,50.88233562466114],[-114.0406832119035,50.882559711406884],[-114.04099934996637,50.88265321924868],[-114.04085893577349,50.88284201495094],[-114.04075042180574,50.88310230890705],[-114.04067812175361,50.8833627237796],[-114.04069983484119,50.88398482219317],[-114.04081372612315,50.88412172437272],[-114.04092031090622,50.88468212921133],[-114.04082202100118,50.88511141677521],[-114.0404125155982,50.88573971039448],[-114.04021131968014,50.886445226651226],[-114.0400829060165,50.886675837324866],[-114.03974720242138,50.88703612806484],[-114.03967109251293,50.88711512376385],[-114.03900327599366,50.886882319933484],[-114.03841149148026,50.886795315217086],[-114.03804300307925,50.88677691965123]]]]}},{"type":"Feature","properties":{"DGUID":"2021S051248062197","DAUID":"48062197","LANDAREA":0.5499,"PRUID":"48","fed_num":"48010","da_code":"48062197","geo_name":"48062197","name_source":{"label":"Statistics Canada Census Profile 2021 DA WDS","url":"https://www12.statcan.gc.ca/wds-sdw/2021profile-profil2021-eng.cfm"},"population":1016,"status":"ok","source":{"label":"Statistics Canada Census Profile 2021 DA WDS","url":"https://www12.statcan.gc.ca/wds-sdw/2021profile-profil2021-eng.cfm"},"community_name":"Calgary","community_source":{"label":"Statistics Canada 2021 census subdivision boundaries (spatial lookup)","url":"https://geo.statcan.gc.ca/geo_wa/rest/services/2021/Cartographic_boundary_files/MapServer/9"},"community_display":"Calgary","is_unorganized":false,"panel_title":"Calgary","display_label":"Calgary","map_label":"48062197"},"geometry":{"type":"MultiPolygon","coordinates":[[[[-114.0257098486225,50.89107761278174],[-114.02545406193136,50.889290027755706],[-114.0252258741161,50.88848670386523],[-114.02497788893075,50.887613809046336],[-114.0246447708546,50.885923204562246],[-114.0248168770121,50.885900615374275],[-114.02514626652584,50.88586401387102],[-114.02670508295833,50.88563622086671],[-114.02860559828409,50.88535850164089],[-114.02967491639079,50.88531381294754],[-114.03008260203217,50.88538711670033],[-114.03040628557271,50.88544040407042],[-114.03094738492867,50.88565201467713],[-114.03127560754227,50.88585831200387],[-114.03189657464536,50.886602717047744],[-114.0322593941271,50.886935722535924],[-114.03260167886846,50.88714231068735],[-114.03331038208377,50.887403228884274],[-114.0337318008175,50.88748591555654],[-114.03438307920415,50.887529530501865],[-114.03516918589392,50.88746852154176],[-114.03623860523253,50.88719881004646],[-114.03665589517655,50.8877941172247],[-114.03679430028056,50.88830142166143],[-114.03655159157086,50.888987816367646],[-114.03638385763064,50.88961322760368],[-114.03635548475918,50.88983742713473],[-114.03556705270913,50.89135863103861],[-114.03420109407894,50.89262398783756],[-114.03388414716048,50.89291758094634],[-114.03381915851354,50.892973183361896],[-114.02754026143334,50.89297652615825],[-114.02587157098753,50.89297802902155],[-114.02565414573326,50.89297811633453],[-114.02566044192449,50.892926428654704],[-114.02568099883553,50.89275692253031],[-114.02569686405688,50.892626216468585],[-114.02569803498379,50.89193181380928],[-114.0257098486225,50.89107761278174]]]]}},{"type":"Feature","properties":{"DGUID":"2021S051248062198","DAUID":"48062198","LANDAREA":0.1917,"PRUID":"48","fed_num":"48010","da_code":"48062198","geo_name":"48062198","name_source":{"label":"Statistics Canada Census Profile 2021 DA WDS","url":"https://www12.statcan.gc.ca/wds-sdw/2021profile-profil2021-eng.cfm"},"population":654,"status":"ok","source":{"label":"Statistics Canada Census Profile 2021 DA WDS","url":"https://www12.statcan.gc.ca/wds-sdw/2021profile-profil2021-eng.cfm"},"community_name":"Calgary","community_source":{"label":"Statistics Canada 2021 census subdivision boundaries (spatial lookup)","url":"https://geo.statcan.gc.ca/geo_wa/rest/services/2021/Cartographic_boundary_files/MapServer/9"},"community_display":"Calgary","is_unorganized":false,"panel_title":"Calgary","display_label":"Calgary","map_label":"48062198"},"geometry":{"type":"MultiPolygon","coordinates":[[[[-114.02447810948784,50.883337768888296],[-114.02447240503524,50.88068929797303],[-114.02468487763306,50.880695700942816],[-114.02533459161386,50.88067859841159],[-114.02593310141911,50.88065790420845],[-114.02649981139739,50.88069029559155],[-114.027245802714,50.88080829894797],[-114.02847160208266,50.881208306761856],[-114.02927281025396,50.88135471620293],[-114.0292508993914,50.88214571774802],[-114.02952479522429,50.88298020618603],[-114.02997940072484,50.88365741954915],[-114.03020060995789,50.884202822844195],[-114.03024020760098,50.88469850362837],[-114.03011961169443,50.88525311848478],[-114.03008260203217,50.88538711670033],[-114.02967491639079,50.88531381294754],[-114.02860559828409,50.88535850164089],[-114.02670508295833,50.88563622086671],[-114.02514626652584,50.88586401387102],[-114.0248168770121,50.885900615374275],[-114.0246447708546,50.885923204562246],[-114.02463857268458,50.885797102403494],[-114.02461285591802,50.885569804213596],[-114.02455358934563,50.885044894787605],[-114.02447970001123,50.88408260641441],[-114.02447810948784,50.883337768888296]]]]}},{"type":"Feature","properties":{"DGUID":"2021S051248062199","DAUID":"48062199","LANDAREA":0.2273,"PRUID":"48","fed_num":"48010","da_code":"48062199","geo_name":"48062199","name_source":{"label":"Statistics Canada Census Profile 2021 DA WDS","url":"https://www12.statcan.gc.ca/wds-sdw/2021profile-profil2021-eng.cfm"},"population":1003,"status":"ok","source":{"label":"Statistics Canada Census Profile 2021 DA WDS","url":"https://www12.statcan.gc.ca/wds-sdw/2021profile-profil2021-eng.cfm"},"community_name":"Calgary","community_source":{"label":"Statistics Canada 2021 census subdivision boundaries (spatial lookup)","url":"https://geo.statcan.gc.ca/geo_wa/rest/services/2021/Cartographic_boundary_files/MapServer/9"},"community_display":"Calgary","is_unorganized":false,"panel_title":"Calgary","display_label":"Calgary","map_label":"48062199"},"geometry":{"type":"MultiPolygon","coordinates":[[[[-114.03252560743388,50.87894580674838],[-114.03127419745961,50.878950010631016],[-114.0312707104661,50.87922870472795],[-114.03111663613033,50.87963861105064],[-114.03087289109857,50.87989320024255],[-114.03078151759749,50.87998991914533],[-114.02967512283665,50.880618296901794],[-114.02944960177018,50.880810499915995],[-114.02927281025396,50.88135471620293],[-114.02847160208266,50.881208306761856],[-114.027245802714,50.88080829894797],[-114.02649981139739,50.88069029559155],[-114.02593310141911,50.88065790420845],[-114.02533459161386,50.88067859841159],[-114.02468487763306,50.880695700942816],[-114.02447240503524,50.88068929797303],[-114.02447918015419,50.880432611463085],[-114.02448390304471,50.87802619514266],[-114.02448168641145,50.87777308996108],[-114.02469039440764,50.87776659774401],[-114.02509908403282,50.877785303702986],[-114.03092080495372,50.87781230645785],[-114.03128869646494,50.87781400677823],[-114.03297563660236,50.87782180510104],[-114.03385161388006,50.877774500565025],[-114.03423792178026,50.877718220668314],[-114.03475292213959,50.87759190870394],[-114.03612973808168,50.8772375036621],[-114.03660241884945,50.87711240689499],[-114.03672342986992,50.877288718030634],[-114.03676067246082,50.87734250431001],[-114.03677494125257,50.87736310669482],[-114.03691181181821,50.87769211138571],[-114.03701143439683,50.87805870852591],[-114.03714064688494,50.878907417591414],[-114.0372864449504,50.87933092328338],[-114.03745514739674,50.87967421303958],[-114.037493412911,50.87974930938589],[-114.03685802644594,50.87983281455315],[-114.03644052272124,50.879887522954554],[-114.03643812867614,50.8797840116061],[-114.03641342760969,50.87932000965584],[-114.03586231738211,50.87932261180526],[-114.03522842005565,50.87930192427161],[-114.03497661084965,50.87921871409813],[-114.0345560023278,50.87921340432072],[-114.03372312508417,50.87912021751978],[-114.03303493760457,50.87898581521631],[-114.03252560743388,50.87894580674838]]]]}},{"type":"Feature","properties":{"DGUID":"2021S051248062254","DAUID":"48062254","LANDAREA":0.3314,"PRUID":"48","fed_num":"48010","da_code":"48062254","geo_name":"48062254","name_source":{"label":"Statistics Canada Census Profile 2021 DA WDS","url":"https://www12.statcan.gc.ca/wds-sdw/2021profile-profil2021-eng.cfm"},"population":1356,"status":"ok","source":{"label":"Statistics Canada Census Profile 2021 DA WDS","url":"https://www12.statcan.gc.ca/wds-sdw/2021profile-profil2021-eng.cfm"},"community_name":"Calgary","community_source":{"label":"Statistics Canada 2021 census subdivision boundaries (spatial lookup)","url":"https://geo.statcan.gc.ca/geo_wa/rest/services/2021/Cartographic_boundary_files/MapServer/9"},"community_display":"Calgary","is_unorganized":false,"panel_title":"Calgary","display_label":"Calgary","map_label":"48062254"},"geometry":{"type":"MultiPolygon","coordinates":[[[[-114.09015160370966,50.8994672754623],[-114.0902545144336,50.89895719311629],[-114.0916428191041,50.89882087969306],[-114.09266403153846,50.89863949039856],[-114.09289119954079,50.898645085228544],[-114.09372527384559,50.89848905187035],[-114.0937952931943,50.89862317963041],[-114.09402311066253,50.89897019037555],[-114.09437358931335,50.89950958312232],[-114.09510600368195,50.900310404558766],[-114.09747971538782,50.90216850700524],[-114.09816209403503,50.90286010876426],[-114.09822811263992,50.9029426961238],[-114.09843810456503,50.90322679566205],[-114.09871420294894,50.9038183033486],[-114.09884358412607,50.90425330550673],[-114.09887250168596,50.90470381012164],[-114.09888888005094,50.90512689806684],[-114.0988960045859,50.9052283726815],[-114.09889997241716,50.90528510003091],[-114.09890329568046,50.90535218851257],[-114.09797839018069,50.905356193217465],[-114.09659890710338,50.90534880824311],[-114.09499557330395,50.90528188803828],[-114.09406626531549,50.90510682152901],[-114.09373007714491,50.905043486154895],[-114.0895516972664,50.90406680109538],[-114.08960779293594,50.9038522812444],[-114.08999510138862,50.903115379391274],[-114.09015039040328,50.90267850184115],[-114.09024290942469,50.90188027975737],[-114.0902028858499,50.90160940168236],[-114.08999171714282,50.90111838943689],[-114.0896334886958,50.90070469424845],[-114.08922591352393,50.90039768837728],[-114.08938830395091,50.90030277610961],[-114.0899167144663,50.89981228032703],[-114.09015160370966,50.8994672754623]]]]}},{"type":"Feature","properties":{"DGUID":"2021S051248062256","DAUID":"48062256","LANDAREA":0.3567,"PRUID":"48","fed_num":"48010","da_code":"48062256","geo_name":"48062256","name_source":{"label":"Statistics Canada Census Profile 2021 DA WDS","url":"https://www12.statcan.gc.ca/wds-sdw/2021profile-profil2021-eng.cfm"},"population":1018,"status":"ok","source":{"label":"Statistics Canada Census Profile 2021 DA WDS","url":"https://www12.statcan.gc.ca/wds-sdw/2021profile-profil2021-eng.cfm"},"community_name":"Calgary","community_source":{"label":"Statistics Canada 2021 census subdivision boundaries (spatial lookup)","url":"https://geo.statcan.gc.ca/geo_wa/rest/services/2021/Cartographic_boundary_files/MapServer/9"},"community_display":"Calgary","is_unorganized":false,"panel_title":"Calgary","display_label":"Calgary","map_label":"48062256"},"geometry":{"type":"MultiPolygon","coordinates":[[[[-114.07218378909603,50.897695474641885],[-114.0720050810726,50.89744798873479],[-114.07189307277689,50.89729278776834],[-114.07166679583551,50.89686307554087],[-114.07150770542344,50.89630957140891],[-114.07149942884018,50.89624203874202],[-114.07146040739278,50.89592337267625],[-114.07147417388018,50.89553756613463],[-114.07154841065598,50.895161783203314],[-114.07167138592774,50.89479908193427],[-114.07219060199819,50.89349368628588],[-114.07234160851009,50.89303257966103],[-114.07238860054898,50.89267586649058],[-114.0726614051309,50.89267368830157],[-114.07555692106462,50.89267087892396],[-114.07610371409105,50.892699478727415],[-114.07654920042731,50.892722781236024],[-114.07776359691047,50.89286108099983],[-114.07784732796318,50.89287507328717],[-114.0799171018768,50.89322089005316],[-114.08121510194802,50.89338828528294],[-114.08143689216936,50.89341016469551],[-114.08061647582223,50.89649375607153],[-114.07914370438357,50.89625986926418],[-114.07827580476626,50.896265062816646],[-114.07791508689388,50.89634598152146],[-114.07731938350206,50.896546981223516],[-114.07702470286921,50.89671047836564],[-114.0766272826087,50.897150290840564],[-114.07646390468875,50.897487963963236],[-114.07646069350083,50.89776676714494],[-114.07658257278443,50.89831847497544],[-114.07665429719398,50.89853618102078],[-114.07695218686149,50.89900239197608],[-114.07709879739188,50.899158984452775],[-114.07582050201263,50.89981058074759],[-114.07547057050222,50.89994566934958],[-114.07528147877454,50.90001298355906],[-114.07516098831687,50.899892980800985],[-114.07479557538797,50.89959597192485],[-114.07283968382376,50.89835058393866],[-114.07245149731078,50.89796306792733],[-114.0722639034834,50.897778478856196],[-114.07218378909603,50.897695474641885]]]]}},{"type":"Feature","properties":{"DGUID":"2021S051248062268","DAUID":"48062268","LANDAREA":0.4703,"PRUID":"48","fed_num":"48010","da_code":"48062268","geo_name":"48062268","name_source":{"label":"Statistics Canada Census Profile 2021 DA WDS","url":"https://www12.statcan.gc.ca/wds-sdw/2021profile-profil2021-eng.cfm"},"population":816,"status":"ok","source":{"label":"Statistics Canada Census Profile 2021 DA WDS","url":"https://www12.statcan.gc.ca/wds-sdw/2021profile-profil2021-eng.cfm"},"community_name":"Calgary","community_source":{"label":"Statistics Canada 2021 census subdivision boundaries (spatial lookup)","url":"https://geo.statcan.gc.ca/geo_wa/rest/services/2021/Cartographic_boundary_files/MapServer/9"},"community_display":"Calgary","is_unorganized":false,"panel_title":"Calgary","display_label":"Calgary","map_label":"48062268"},"geometry":{"type":"MultiPolygon","coordinates":[[[[-114.09018479472817,50.89847868331362],[-114.09005791533023,50.89823269248996],[-114.09229970489933,50.89786577331772],[-114.09243140625269,50.89780608311675],[-114.09243702246594,50.89771626693738],[-114.09210999737832,50.89725837303527],[-114.09157740847692,50.896903284114096],[-114.09080510561269,50.89651526837643],[-114.09062940861048,50.896366985403795],[-114.09041873009559,50.89632577051354],[-114.08982490509501,50.89672468919542],[-114.08901651678998,50.89737017061722],[-114.08868410245424,50.89722688853503],[-114.08802559570398,50.89706658119744],[-114.08824351861914,50.89676617434332],[-114.08926071364534,50.89596397736131],[-114.0892243216167,50.895864162261944],[-114.089019113432,50.89573308284818],[-114.08828443181692,50.8954269759832],[-114.08763793759823,50.895302881592066],[-114.08638182299994,50.89514557859284],[-114.08620919929787,50.89517728260468],[-114.08595860352258,50.89577369050358],[-114.08597880487831,50.89613398119638],[-114.08617422895745,50.89619278313109],[-114.08677292684112,50.89617178220093],[-114.08693709803599,50.89627477583278],[-114.0868211214674,50.8967666854886],[-114.08683550107585,50.896991881267304],[-114.08582101510652,50.89706547677381],[-114.08428779117021,50.89701818283211],[-114.08296190115345,50.89684109005975],[-114.08122809209681,50.89659089114384],[-114.08061647582223,50.89649375607153],[-114.08143689216936,50.89341016469551],[-114.08121510194802,50.89338828528294],[-114.0799171018768,50.89322089005316],[-114.07784732796318,50.89287507328717],[-114.07776359691047,50.89286108099983],[-114.07654920042731,50.892722781236024],[-114.07610371409105,50.892699478727415],[-114.07555692106462,50.89267087892396],[-114.0726614051309,50.89267368830157],[-114.07265930104275,50.89254316878805],[-114.07609301879825,50.89251338573424],[-114.07780382688196,50.892359821329755],[-114.07938249797232,50.892218079935155],[-114.08090752080612,50.89216628329041],[-114.09394956348424,50.89215907171601],[-114.09392955558442,50.89430837361437],[-114.0938134227841,50.89446417716291],[-114.09380652966439,50.89482067867764],[-114.09377193643975,50.89498868402069],[-114.09361091585167,50.89521516767874],[-114.09340162387973,50.89551068870407],[-114.09328671680572,50.895787072827446],[-114.09319362787619,50.89609437703468],[-114.09314973203819,50.896390069554016],[-114.09314582801657,50.89658807931209],[-114.09317312064526,50.89679626870578],[-114.09323003072592,50.897093779915565],[-114.09330232180956,50.89740128971893],[-114.09338931302302,50.897758481933586],[-114.09349332833717,50.89804648834662],[-114.09362922418477,50.89830499041353],[-114.09372527384559,50.89848905187035],[-114.09289119954079,50.898645085228544],[-114.09266403153846,50.89863949039856],[-114.0916428191041,50.89882087969306],[-114.0902545144336,50.89895719311629],[-114.09018479472817,50.89847868331362]]]]}},{"type":"Feature","properties":{"DGUID":"2021S051248062514","DAUID":"48062514","LANDAREA":1.4686,"PRUID":"48","fed_num":"48010","da_code":"48062514","geo_name":"48062514","name_source":{"label":"Statistics Canada Census Profile 2021 DA WDS","url":"https://www12.statcan.gc.ca/wds-sdw/2021profile-profil2021-eng.cfm"},"population":2730,"status":"ok","source":{"label":"Statistics Canada Census Profile 2021 DA WDS","url":"https://www12.statcan.gc.ca/wds-sdw/2021profile-profil2021-eng.cfm"},"community_name":"Calgary","community_source":{"label":"Statistics Canada 2021 census subdivision boundaries (spatial lookup)","url":"https://geo.statcan.gc.ca/geo_wa/rest/services/2021/Cartographic_boundary_files/MapServer/9"},"community_display":"Calgary","is_unorganized":false,"panel_title":"Calgary","display_label":"Calgary","map_label":"48062514"},"geometry":{"type":"MultiPolygon","coordinates":[[[[-114.07154063561735,50.88975856831658],[-114.07149691135601,50.889480568780506],[-114.07146571432644,50.88831047171281],[-114.07142071332227,50.88801127381002],[-114.07124900771925,50.887425966761924],[-114.07107394131413,50.88691987057696],[-114.07129841755484,50.88689237667979],[-114.07158342993893,50.88685757629368],[-114.07210653944342,50.88679506002252],[-114.07343544723139,50.88669167052185],[-114.07359011715981,50.88668236454783],[-114.07425524728328,50.88665425692218],[-114.07548842810613,50.88665327335004],[-114.07668405326179,50.88664666757245],[-114.0775993211609,50.88664817212108],[-114.07780335315476,50.88668137854084],[-114.07791454519663,50.886734178965696],[-114.07804363275464,50.886757069307855],[-114.07821493850867,50.886700769581104],[-114.07838765864021,50.88666007904301],[-114.07871524114516,50.886653267032834],[-114.07934013475301,50.88665288754967],[-114.08098532169453,50.886647840306715],[-114.08214666481777,50.88664427757732],[-114.08345544364965,50.88664708283505],[-114.08410943780085,50.8866267847376],[-114.08477126751521,50.88653787817125],[-114.08537044164765,50.88638006272069],[-114.08585096127793,50.88618757276332],[-114.08634884340664,50.88590457295324],[-114.08663574219038,50.885680369797164],[-114.08695467275233,50.885337864787324],[-114.08708395431935,50.88515677772205],[-114.08716066054414,50.88499848475723],[-114.08726837361012,50.88465717201512],[-114.08729918046397,50.88435337089359],[-114.08728397225758,50.88414827603633],[-114.08724496775844,50.88394258240002],[-114.08709377340303,50.88330558109483],[-114.08707627128739,50.88323166853844],[-114.08697167447644,50.88279087781663],[-114.08690546691797,50.88200807406662],[-114.0869208865191,50.881541857551824],[-114.08692116478132,50.88153282090665],[-114.08692482823606,50.881419957803196],[-114.08696939374256,50.880040060566195],[-114.08700813992321,50.87884046344409],[-114.08704836910411,50.878009884017715],[-114.08702897282043,50.87772264063958],[-114.0912746848059,50.87767108438908],[-114.09395158802175,50.8769989732249],[-114.09395150429447,50.8777641811071],[-114.0939500435866,50.888490764263196],[-114.0939497739939,50.890488994513525],[-114.09394956348424,50.89215907171601],[-114.08090752080612,50.89216628329041],[-114.07938249797232,50.892218079935155],[-114.07780382688196,50.892359821329755],[-114.07609301879825,50.89251338573424],[-114.07265930104275,50.89254316878805],[-114.0726330089043,50.89216906339361],[-114.07259479497176,50.891951082199554],[-114.07242262997802,50.89145847829765],[-114.0718894263977,50.89025106780131],[-114.07168941669187,50.890272871039784],[-114.07154063561735,50.88975856831658]]]]}},{"type":"Feature","properties":{"DGUID":"2021S051248062515","DAUID":"48062515","LANDAREA":9.992,"PRUID":"48","fed_num":"48010","da_code":"48062515","geo_name":"48062515","name_source":{"label":"Statistics Canada Census Profile 2021 DA WDS","url":"https://www12.statcan.gc.ca/wds-sdw/2021profile-profil2021-eng.cfm"},"population":6933,"status":"ok","source":{"label":"Statistics Canada Census Profile 2021 DA WDS","url":"https://www12.statcan.gc.ca/wds-sdw/2021profile-profil2021-eng.cfm"},"community_name":"Calgary","community_source":{"label":"Statistics Canada 2021 census subdivision boundaries (spatial lookup)","url":"https://geo.statcan.gc.ca/geo_wa/rest/services/2021/Cartographic_boundary_files/MapServer/9"},"community_display":"Calgary","is_unorganized":false,"panel_title":"Calgary","display_label":"Calgary","map_label":"48062515"},"geometry":{"type":"MultiPolygon","coordinates":[[[[-114.06480131504436,50.89180047796866],[-114.06124203013835,50.88548014875499],[-114.06104784970667,50.885074455375694],[-114.06094393132246,50.884825241883185],[-114.06088545116295,50.88468506030606],[-114.06055492733776,50.88382965673651],[-114.05950685653815,50.88102685615203],[-114.05930298486601,50.88048638989919],[-114.05825655130316,50.87771194529643],[-114.05803131866647,50.87712035179364],[-114.05780814683236,50.87653384479383],[-114.0576439758515,50.87609223699495],[-114.05725846633668,50.87507234732692],[-114.0569920605779,50.874476041900685],[-114.05687745770854,50.87425445613337],[-114.05675355515451,50.874065638021094],[-114.05660627358442,50.87386134244489],[-114.05644455517896,50.87365984687304],[-114.05629145972877,50.87348424219363],[-114.05609946742786,50.873285834465364],[-114.05588255337996,50.87309294233252],[-114.05551586037602,50.87279624611582],[-114.054777321619,50.872261495853316],[-114.05467147695808,50.87218486653627],[-114.0527016261129,50.87075844845135],[-114.05180348362555,50.870108067069175],[-114.05069618220107,50.86932445493905],[-114.04992428088384,50.86877347089433],[-114.04939195848031,50.86838875384222],[-114.04875996927353,50.86791327384343],[-114.04846527859432,50.86768267032066],[-114.04819695070957,50.867449358179215],[-114.04794978102453,50.867194366146755],[-114.04770144049104,50.86690456162801],[-114.04745357952524,50.86656707300444],[-114.04729624732572,50.866309572365346],[-114.04717746726574,50.86608216388311],[-114.04708446223047,50.86583468261416],[-114.0470092908692,50.86562376614522],[-114.04693268456191,50.865353059312056],[-114.04688318351164,50.86508805813301],[-114.04685666460004,50.8647914650668],[-114.04684817791095,50.864522475955326],[-114.04685889556356,50.86425217771541],[-114.04688319260053,50.86401997288934],[-114.04694079935038,50.863762576939486],[-114.04701329405012,50.86347267201598],[-114.04711580301877,50.863179465516566],[-114.04713368118114,50.86313187809437],[-114.04713604863989,50.86312555519737],[-114.04725710568044,50.86280356476282],[-114.0474023202751,50.86245188476553],[-114.04742348564089,50.862410171995464],[-114.04784220324836,50.861583987183714],[-114.0486568448399,50.85982838830857],[-114.04949125340642,50.85784579358135],[-114.04964868528155,50.857383544595386],[-114.0498689644756,50.85673686999036],[-114.05165084854002,50.85108054854169],[-114.05177747937202,50.85060964692812],[-114.05189647768852,50.850082638753875],[-114.05218958657328,50.848687133207655],[-114.0522219324132,50.84849247642012],[-114.05236519262628,50.848495291006124],[-114.07099413960293,50.84885901217118],[-114.07088792645962,50.853308187802135],[-114.0708879995883,50.85335118162098],[-114.07089021883809,50.854238458075855],[-114.0738005979161,50.854103759121344],[-114.07399371684893,50.85400391678993],[-114.0742008141674,50.85369729775048],[-114.07446156002564,50.853461971045775],[-114.07485962353444,50.85306728369637],[-114.07551181115379,50.852817252795916],[-114.07625927135946,50.85207234837999],[-114.07649243685259,50.85187443806509],[-114.07659293634133,50.8519019369395],[-114.07662792831027,50.852065644239076],[-114.0767479415035,50.852127447111805],[-114.07696023584174,50.852133224355455],[-114.07731372523408,50.85224405208118],[-114.07753904453081,50.8523988409363],[-114.07775284154464,50.85262224864543],[-114.07804351840598,50.85284953888131],[-114.07840342679239,50.853034838529794],[-114.07858751865778,50.85307463326319],[-114.07916140463222,50.85308534200367],[-114.07975101990564,50.85303625470923],[-114.08009470796328,50.853035240304365],[-114.08021571077667,50.85306844044416],[-114.08038312739143,50.85319675372133],[-114.080391933779,50.85333705455192],[-114.07994653123521,50.8539263528236],[-114.07979780817068,50.854173332717465],[-114.07975941020608,50.85437033443267],[-114.08011472030583,50.85482184496022],[-114.08020311017607,50.854880341704266],[-114.08047101963447,50.85524475590958],[-114.08044099934436,50.85545903674194],[-114.08017911889299,50.85584184968052],[-114.08023400146928,50.8559542486974],[-114.08083750193094,50.85642343667581],[-114.0808669914516,50.85648406281001],[-114.0808958918976,50.85669623914873],[-114.0806222955398,50.857024540666345],[-114.08056397127156,50.85727275653456],[-114.08063678485571,50.85739115080889],[-114.08070317045238,50.857435044298505],[-114.08109958276687,50.85748055473745],[-114.08122706842282,50.857588245865806],[-114.08102697084401,50.85788326005389],[-114.08085676816083,50.85796385437086],[-114.08061517004569,50.858020642930754],[-114.08046806637147,50.858087353379915],[-114.08039065691466,50.85823514492944],[-114.08039825981633,50.85880206493452],[-114.08048896657685,50.858926463520056],[-114.08060797127919,50.85901676472099],[-114.0807393832935,50.85901006003305],[-114.0811837828883,50.85884724898646],[-114.08134766873373,50.85881514258381],[-114.08161697072134,50.85887616571198],[-114.08199807706379,50.8591046638861],[-114.08207089879785,50.859223057579925],[-114.08201789265146,50.85945133753721],[-114.08225788883011,50.85957484407471],[-114.08233586615519,50.859673253324026],[-114.08231207770703,50.85983896028549],[-114.08214098445457,50.85994824477502],[-114.08215297685248,50.86012595903336],[-114.08225308331512,50.86023894497075],[-114.08220497117325,50.860324147391],[-114.08196646532024,50.86041814709401],[-114.08183218301242,50.86051085463102],[-114.08182177995408,50.86055073523431],[-114.08183469506258,50.86069975333171],[-114.08190326777148,50.86080955059837],[-114.08190187852777,50.86111295307693],[-114.08209248242629,50.86122723467809],[-114.0825237754566,50.8613133377822],[-114.08262168004937,50.861360452643034],[-114.08257055610973,50.8615315533033],[-114.0821147504122,50.861762852082585],[-114.08204445469651,50.86183346286032],[-114.08215837269609,50.861943844891464],[-114.0824064624559,50.86196154480226],[-114.08251608820572,50.862063256397846],[-114.08239895705496,50.86231355687117],[-114.08241487601418,50.86237673520115],[-114.08270237695203,50.8625667396873],[-114.08277516839964,50.862685143091305],[-114.08287725505711,50.86274095455949],[-114.0832802501777,50.862861047281065],[-114.08386214168233,50.86308298312724],[-114.08396005885116,50.863079181666826],[-114.08404548235744,50.863075810657],[-114.09359934920309,50.86291156358291],[-114.09358864052027,50.86309039697204],[-114.0940484935422,50.870347389309664],[-114.0940102457868,50.87040159434485],[-114.09401025066012,50.87040288680873],[-114.09395201216809,50.87407917120071],[-114.09395199795806,50.874108376872385],[-114.09395158802175,50.8769989732249],[-114.0912746848059,50.87767108438908],[-114.08702897282043,50.87772264063958],[-114.08704836910411,50.878009884017715],[-114.08700813992321,50.87884046344409],[-114.08696939374256,50.880040060566195],[-114.08692482823606,50.881419957803196],[-114.08692116478132,50.88153282090665],[-114.0869208865191,50.881541857551824],[-114.08690546691797,50.88200807406662],[-114.08697167447644,50.88279087781663],[-114.08707627128739,50.88323166853844],[-114.08709377340303,50.88330558109483],[-114.08724496775844,50.88394258240002],[-114.08728397225758,50.88414827603633],[-114.08729918046397,50.88435337089359],[-114.08726837361012,50.88465717201512],[-114.08716066054414,50.88499848475723],[-114.08708395431935,50.88515677772205],[-114.08695467275233,50.885337864787324],[-114.08663574219038,50.885680369797164],[-114.08634884340664,50.88590457295324],[-114.08585096127793,50.88618757276332],[-114.08537044164765,50.88638006272069],[-114.08477126751521,50.88653787817125],[-114.08410943780085,50.8866267847376],[-114.08345544364965,50.88664708283505],[-114.08214666481777,50.88664427757732],[-114.08098532169453,50.886647840306715],[-114.07934013475301,50.88665288754967],[-114.07871524114516,50.886653267032834],[-114.07838765864021,50.88666007904301],[-114.07821493850867,50.886700769581104],[-114.07804363275464,50.886757069307855],[-114.07791454519663,50.886734178965696],[-114.07780335315476,50.88668137854084],[-114.0775993211609,50.88664817212108],[-114.07668405326179,50.88664666757245],[-114.07548842810613,50.88665327335004],[-114.07425524728328,50.88665425692218],[-114.07359011715981,50.88668236454783],[-114.07343544723139,50.88669167052185],[-114.07210653944342,50.88679506002252],[-114.07158342993893,50.88685757629368],[-114.07129841755484,50.88689237667979],[-114.07107394131413,50.88691987057696],[-114.07124900771925,50.887425966761924],[-114.07142071332227,50.88801127381002],[-114.07146571432644,50.88831047171281],[-114.07149691135601,50.889480568780506],[-114.07154063561735,50.88975856831658],[-114.07168941669187,50.890272871039784],[-114.0718894263977,50.89025106780131],[-114.07242262997802,50.89145847829765],[-114.07259479497176,50.891951082199554],[-114.0726330089043,50.89216906339361],[-114.07265930104275,50.89254316878805],[-114.0726614051309,50.89267368830157],[-114.07238860054898,50.89267586649058],[-114.06745711850651,50.892650481855306],[-114.06564737794282,50.89264116377129],[-114.06528129991871,50.892641617067774],[-114.06524000553344,50.89256916441913],[-114.0652361707832,50.89256242376338],[-114.06502009539173,50.89218376734746],[-114.06501623275001,50.892176978086304],[-114.06480131504436,50.89180047796866]]]]}},{"type":"Feature","properties":{"DGUID":"2021S051248062588","DAUID":"48062588","LANDAREA":0.7191,"PRUID":"48","fed_num":"48010","da_code":"48062588","geo_name":"48062588","name_source":{"label":"Statistics Canada Census Profile 2021 DA WDS","url":"https://www12.statcan.gc.ca/wds-sdw/2021profile-profil2021-eng.cfm"},"population":1692,"status":"ok","source":{"label":"Statistics Canada Census Profile 2021 DA WDS","url":"https://www12.statcan.gc.ca/wds-sdw/2021profile-profil2021-eng.cfm"},"community_name":"Calgary","community_source":{"label":"Statistics Canada 2021 census subdivision boundaries (spatial lookup)","url":"https://geo.statcan.gc.ca/geo_wa/rest/services/2021/Cartographic_boundary_files/MapServer/9"},"community_display":"Calgary","is_unorganized":false,"panel_title":"Calgary","display_label":"Calgary","map_label":"48062588"},"geometry":{"type":"MultiPolygon","coordinates":[[[[-114.0474751639317,50.892332253340996],[-114.04518324600048,50.892430446142164],[-114.0449681542987,50.892592832671596],[-114.04490668323584,50.89263924421933],[-114.04356246797575,50.892704136099205],[-114.04288368231349,50.89272953860156],[-114.04028776916255,50.89293252742746],[-114.03933687552654,50.89296993236686],[-114.03844943013009,50.89297048370532],[-114.03381915851354,50.892973183361896],[-114.03388414716048,50.89291758094634],[-114.03420109407894,50.89262398783756],[-114.03556705270913,50.89135863103861],[-114.03635548475918,50.88983742713473],[-114.03638385763064,50.88961322760368],[-114.03655159157086,50.888987816367646],[-114.03679430028056,50.88830142166143],[-114.03665589517655,50.8877941172247],[-114.03623860523253,50.88719881004646],[-114.03744209230064,50.88683363184708],[-114.03804300307925,50.88677691965123],[-114.03841149148026,50.886795315217086],[-114.03900327599366,50.886882319933484],[-114.03967109251293,50.88711512376385],[-114.04044621329456,50.88744963869535],[-114.04065748425762,50.887481938355734],[-114.04124870880443,50.88757792258245],[-114.04302339652227,50.88762292783975],[-114.04427621387232,50.88760073230645],[-114.04496861590827,50.88744732474214],[-114.04553880097416,50.887200940424236],[-114.04585229931374,50.88696602999171],[-114.04603400783127,50.88679073067426],[-114.0462260131353,50.88645373841397],[-114.04626799831462,50.88623894273402],[-114.04628233543313,50.88511492897441],[-114.04628293487148,50.884881033826254],[-114.04609780989341,50.884435621618856],[-114.0458899208645,50.884124527611085],[-114.04572152923708,50.88393332233154],[-114.04555632616515,50.88378293437152],[-114.04525823254833,50.8835463263499],[-114.04478093978601,50.883293913952265],[-114.0446745886248,50.88324539705442],[-114.04537546601803,50.8827808726828],[-114.04775263154517,50.882121383123405],[-114.04835743473969,50.88310752985737],[-114.04943971984036,50.884880046726146],[-114.04949200764315,50.885178142716256],[-114.04949664582865,50.885186817103445],[-114.0511572100303,50.88830565810091],[-114.05157130917945,50.88940445105675],[-114.05152298728643,50.89016786087136],[-114.05132308444695,50.89063055009662],[-114.05093470808585,50.891151447268086],[-114.05029568962973,50.891585047905316],[-114.04973688681967,50.89187674672945],[-114.04912690030301,50.89207715594818],[-114.04821980211634,50.89225215840725],[-114.0474751639317,50.892332253340996]]]]}},{"type":"Feature","properties":{"DGUID":"2021S051248062589","DAUID":"48062589","LANDAREA":0.1305,"PRUID":"48","fed_num":"48010","da_code":"48062589","geo_name":"48062589","name_source":{"label":"Statistics Canada Census Profile 2021 DA WDS","url":"https://www12.statcan.gc.ca/wds-sdw/2021profile-profil2021-eng.cfm"},"population":829,"status":"ok","source":{"label":"Statistics Canada Census Profile 2021 DA WDS","url":"https://www12.statcan.gc.ca/wds-sdw/2021profile-profil2021-eng.cfm"},"community_name":"Calgary","community_source":{"label":"Statistics Canada 2021 census subdivision boundaries (spatial lookup)","url":"https://geo.statcan.gc.ca/geo_wa/rest/services/2021/Cartographic_boundary_files/MapServer/9"},"community_display":"Calgary","is_unorganized":false,"panel_title":"Calgary","display_label":"Calgary","map_label":"48062589"},"geometry":{"type":"MultiPolygon","coordinates":[[[[-114.04085893577349,50.88284201495094],[-114.04099934996637,50.88265321924868],[-114.0414605474381,50.88272022420659],[-114.04205964270832,50.88279852745513],[-114.04302883961475,50.88283963003742],[-114.04387661950084,50.88295033205213],[-114.04425852167392,50.88305553800818],[-114.0446745886248,50.88324539705442],[-114.04478093978601,50.883293913952265],[-114.04525823254833,50.8835463263499],[-114.04555632616515,50.88378293437152],[-114.04572152923708,50.88393332233154],[-114.0458899208645,50.884124527611085],[-114.04609780989341,50.884435621618856],[-114.04628293487148,50.884881033826254],[-114.04628233543313,50.88511492897441],[-114.04626799831462,50.88623894273402],[-114.0462260131353,50.88645373841397],[-114.04603400783127,50.88679073067426],[-114.04585229931374,50.88696602999171],[-114.04553880097416,50.887200940424236],[-114.04496861590827,50.88744732474214],[-114.04427621387232,50.88760073230645],[-114.04302339652227,50.88762292783975],[-114.04124870880443,50.88757792258245],[-114.04065748425762,50.887481938355734],[-114.04044621329456,50.88744963869535],[-114.03967109251293,50.88711512376385],[-114.03974720242138,50.88703612806484],[-114.0400829060165,50.886675837324866],[-114.04021131968014,50.886445226651226],[-114.0404125155982,50.88573971039448],[-114.04082202100118,50.88511141677521],[-114.04092031090622,50.88468212921133],[-114.04081372612315,50.88412172437272],[-114.04069983484119,50.88398482219317],[-114.04067812175361,50.8833627237796],[-114.04075042180574,50.88310230890705],[-114.04085893577349,50.88284201495094]]]]}},{"type":"Feature","properties":{"DGUID":"2021S051248062590","DAUID":"48062590","LANDAREA":0.1456,"PRUID":"48","fed_num":"48010","da_code":"48062590","geo_name":"48062590","name_source":{"label":"Statistics Canada Census Profile 2021 DA WDS","url":"https://www12.statcan.gc.ca/wds-sdw/2021profile-profil2021-eng.cfm"},"population":767,"status":"ok","source":{"label":"Statistics Canada Census Profile 2021 DA WDS","url":"https://www12.statcan.gc.ca/wds-sdw/2021profile-profil2021-eng.cfm"},"community_name":"Calgary","community_source":{"label":"Statistics Canada 2021 census subdivision boundaries (spatial lookup)","url":"https://geo.statcan.gc.ca/geo_wa/rest/services/2021/Cartographic_boundary_files/MapServer/9"},"community_display":"Calgary","is_unorganized":false,"panel_title":"Calgary","display_label":"Calgary","map_label":"48062590"},"geometry":{"type":"MultiPolygon","coordinates":[[[[-114.04023442223598,50.88233562466114],[-114.0396623258762,50.88199622791458],[-114.03939401362629,50.88181151409152],[-114.03951302087738,50.88175201432503],[-114.04048593395888,50.88126221582103],[-114.04100291911402,50.881598731696364],[-114.04142314162901,50.88178301783008],[-114.0416009174453,50.88158772085061],[-114.04189571690735,50.881365514634304],[-114.04255481957328,50.88114571578297],[-114.04264862985485,50.881116329308895],[-114.0433944200836,50.880882615000324],[-114.04324223370274,50.88071003022465],[-114.04294074659686,50.88047032705051],[-114.04270711924583,50.88032351475023],[-114.04287321297612,50.880152417594644],[-114.04332013604716,50.88002762886912],[-114.04368884659064,50.87991251432833],[-114.04484414436679,50.87959363231488],[-114.04468112522503,50.87940931561972],[-114.04441882803916,50.87920383298334],[-114.04413923872889,50.879046820846604],[-114.04390141877037,50.87891322177517],[-114.04313605114648,50.8786863198082],[-114.04257611631522,50.8785800185196],[-114.04258484273014,50.8782731088508],[-114.0425463279245,50.87789063635986],[-114.04245795733333,50.877689814613184],[-114.04241057355418,50.877631564313575],[-114.04241585375836,50.87763136811892],[-114.04372777166905,50.87757232150013],[-114.04491403373002,50.87749304111031],[-114.04509652374941,50.87778982016024],[-114.04775263154517,50.882121383123405],[-114.04537546601803,50.8827808726828],[-114.0446745886248,50.88324539705442],[-114.04425852167392,50.88305553800818],[-114.04387661950084,50.88295033205213],[-114.04302883961475,50.88283963003742],[-114.04205964270832,50.88279852745513],[-114.0414605474381,50.88272022420659],[-114.04099934996637,50.88265321924868],[-114.0406832119035,50.882559711406884],[-114.04023442223598,50.88233562466114]]]]}},{"type":"Feature","properties":{"DGUID":"2021S051248062591","DAUID":"48062591","LANDAREA":0.2498,"PRUID":"48","fed_num":"48010","da_code":"48062591","geo_name":"48062591","name_source":{"label":"Statistics Canada Census Profile 2021 DA WDS","url":"https://www12.statcan.gc.ca/wds-sdw/2021profile-profil2021-eng.cfm"},"population":1278,"status":"ok","source":{"label":"Statistics Canada Census Profile 2021 DA WDS","url":"https://www12.statcan.gc.ca/wds-sdw/2021profile-profil2021-eng.cfm"},"community_name":"Calgary","community_source":{"label":"Statistics Canada 2021 census subdivision boundaries (spatial lookup)","url":"https://geo.statcan.gc.ca/geo_wa/rest/services/2021/Cartographic_boundary_files/MapServer/9"},"community_display":"Calgary","is_unorganized":false,"panel_title":"Calgary","display_label":"Calgary","map_label":"48062591"},"geometry":{"type":"MultiPolygon","coordinates":[[[[-114.04100291911402,50.881598731696364],[-114.04048593395888,50.88126221582103],[-114.03951302087738,50.88175201432503],[-114.03939401362629,50.88181151409152],[-114.039310413089,50.88174882095795],[-114.03912710995564,50.881607215474155],[-114.03860944264277,50.88115151578648],[-114.03822221510873,50.880742513270434],[-114.03787763763829,50.88032271564864],[-114.037493412911,50.87974930938589],[-114.03745514739674,50.87967421303958],[-114.0372864449504,50.87933092328338],[-114.03714064688494,50.878907417591414],[-114.03701143439683,50.87805870852591],[-114.03691181181821,50.87769211138571],[-114.03677494125257,50.87736310669482],[-114.03676067246082,50.87734250431001],[-114.03672342986992,50.877288718030634],[-114.03660241884945,50.87711240689499],[-114.03677183413333,50.87706762408942],[-114.03703102216917,50.87699900952531],[-114.03784653637351,50.876783224533284],[-114.03853533582993,50.87662281600697],[-114.03928024626299,50.87652822033119],[-114.04055672586841,50.876479722524984],[-114.04126742982793,50.87640552344505],[-114.0419656623969,50.876259124537135],[-114.04308104789344,50.87596951077912],[-114.04361504892523,50.875831123653356],[-114.04386052897456,50.87577992078423],[-114.04403708914126,50.87573471780454],[-114.04417174660635,50.87570022506046],[-114.04427903921484,50.87567381449723],[-114.04479722117033,50.87652322114016],[-114.04519303524503,50.87717211814527],[-114.04471658622992,50.8771719666158],[-114.04491403373002,50.87749304111031],[-114.04372777166905,50.87757232150013],[-114.04241585375836,50.87763136811892],[-114.04241057355418,50.877631564313575],[-114.04245795733333,50.877689814613184],[-114.0425463279245,50.87789063635986],[-114.04258484273014,50.8782731088508],[-114.04257611631522,50.8785800185196],[-114.04313605114648,50.8786863198082],[-114.04390141877037,50.87891322177517],[-114.04413923872889,50.879046820846604],[-114.04441882803916,50.87920383298334],[-114.04468112522503,50.87940931561972],[-114.04484414436679,50.87959363231488],[-114.04368884659064,50.87991251432833],[-114.04332013604716,50.88002762886912],[-114.04287321297612,50.880152417594644],[-114.04270711924583,50.88032351475023],[-114.04294074659686,50.88047032705051],[-114.04324223370274,50.88071003022465],[-114.0433944200836,50.880882615000324],[-114.04264862985485,50.881116329308895],[-114.04255481957328,50.88114571578297],[-114.04189571690735,50.881365514634304],[-114.0416009174453,50.88158772085061],[-114.04142314162901,50.88178301783008],[-114.04100291911402,50.881598731696364]]]]}},{"type":"Feature","properties":{"DGUID":"2021S051248062620","DAUID":"48062620","LANDAREA":0.6316,"PRUID":"48","fed_num":"48010","da_code":"48062620","geo_name":"48062620","name_source":{"label":"Statistics Canada Census Profile 2021 DA WDS","url":"https://www12.statcan.gc.ca/wds-sdw/2021profile-profil2021-eng.cfm"},"population":1571,"status":"ok","source":{"label":"Statistics Canada Census Profile 2021 DA WDS","url":"https://www12.statcan.gc.ca/wds-sdw/2021profile-profil2021-eng.cfm"},"community_name":"Calgary","community_source":{"label":"Statistics Canada 2021 census subdivision boundaries (spatial lookup)","url":"https://geo.statcan.gc.ca/geo_wa/rest/services/2021/Cartographic_boundary_files/MapServer/9"},"community_display":"Calgary","is_unorganized":false,"panel_title":"Calgary","display_label":"Calgary","map_label":"48062620"},"geometry":{"type":"MultiPolygon","coordinates":[[[[-114.0195050602548,50.88573406727049],[-114.01849719202839,50.87842359002869],[-114.01865840460701,50.87843239522653],[-114.01912599607616,50.87843630366079],[-114.01958666967418,50.878417395682575],[-114.02003228773644,50.87838020922889],[-114.0206701846005,50.87828638737082],[-114.02108167903054,50.87820459589703],[-114.02219737853885,50.87791039867697],[-114.02255120590387,50.87783928942986],[-114.02307838707694,50.87779980128462],[-114.0240944046116,50.87778038745289],[-114.02448168641145,50.87777308996108],[-114.02448390304471,50.87802619514266],[-114.02447918015419,50.880432611463085],[-114.02447240503524,50.88068929797303],[-114.02447810948784,50.883337768888296],[-114.02447970001123,50.88408260641441],[-114.02455358934563,50.885044894787605],[-114.02461285591802,50.885569804213596],[-114.02463857268458,50.885797102403494],[-114.0246447708546,50.885923204562246],[-114.02497788893075,50.887613809046336],[-114.0252258741161,50.88848670386523],[-114.02545406193136,50.889290027755706],[-114.0257098486225,50.89107761278174],[-114.02569803498379,50.89193181380928],[-114.02569686405688,50.892626216468585],[-114.02568099883553,50.89275692253031],[-114.02566044192449,50.892926428654704],[-114.02565414573326,50.89297811633453],[-114.02388005434953,50.892979227364414],[-114.0223587347742,50.892980116372534],[-114.02051024770167,50.89302298919223],[-114.0204609927737,50.89266592002472],[-114.0195050602548,50.88573406727049]]]]}},{"type":"Feature","properties":{"DGUID":"2021S051248062621","DAUID":"48062621","LANDAREA":2.4676,"PRUID":"48","fed_num":"48010","da_code":"48062621","geo_name":"48062621","name_source":{"label":"Statistics Canada Census Profile 2021 DA WDS","url":"https://www12.statcan.gc.ca/wds-sdw/2021profile-profil2021-eng.cfm"},"population":2326,"status":"ok","source":{"label":"Statistics Canada Census Profile 2021 DA WDS","url":"https://www12.statcan.gc.ca/wds-sdw/2021profile-profil2021-eng.cfm"},"community_name":"Calgary","community_source":{"label":"Statistics Canada 2021 census subdivision boundaries (spatial lookup)","url":"https://geo.statcan.gc.ca/geo_wa/rest/services/2021/Cartographic_boundary_files/MapServer/9"},"community_display":"Calgary","is_unorganized":false,"panel_title":"Calgary","display_label":"Calgary","map_label":"48062621"},"geometry":{"type":"MultiPolygon","coordinates":[[[[-114.0000013959257,50.88773142069058],[-114.00000141074653,50.88772242150797],[-113.99983672723046,50.887794429017866],[-113.99940328685753,50.88788831905958],[-113.9989392897109,50.88795023587342],[-113.99831330108171,50.88798692238936],[-113.99820291077755,50.88803681442136],[-113.99796201933319,50.88806481713116],[-113.99744958958115,50.88796573684093],[-113.9969519029959,50.88783532264027],[-113.99627221501316,50.887484713010664],[-113.99561870262131,50.8869111315356],[-113.99534198384073,50.88668092070601],[-113.99468737898552,50.88588971953723],[-113.9944086175584,50.8854705239709],[-113.99348570970396,50.88434320668871],[-113.99330470035252,50.883971299337276],[-113.99302911969419,50.883589313572486],[-113.99240509276744,50.88233761031927],[-113.9924054758434,50.88178545772568],[-113.9924059091311,50.881200999917084],[-113.99248059424963,50.88101601263007],[-113.99255100154991,50.88057609744583],[-113.99264879686419,50.88037711605992],[-113.99293160449628,50.879573892736616],[-113.99292110891537,50.87936759588055],[-113.99298418987783,50.8792512071189],[-113.99304600351675,50.8780553052429],[-113.99310477512465,50.87756089900168],[-113.9930917243703,50.87743177196131],[-113.99333030510527,50.877400006999196],[-113.99431196078217,50.87736531416253],[-113.99488077606209,50.877348281489304],[-113.99498648865621,50.87787246094528],[-113.99581187791058,50.87775111327014],[-113.99616980950569,50.87776416697046],[-113.99661669282979,50.87779920007695],[-113.99694328488341,50.877821065127236],[-113.99721241357727,50.87778478461093],[-113.99758764830027,50.877708861011456],[-113.99778176689128,50.877654139388554],[-113.99808834404632,50.877655120151466],[-113.99862969416576,50.87765826125842],[-113.99899380587773,50.87766130393378],[-113.99913926992579,50.877704342752125],[-113.99934676538604,50.87779991071989],[-113.99951686153325,50.87780112214237],[-113.99975946629745,50.87776074272859],[-113.99997108613793,50.877666320579685],[-114.00016705845107,50.877656998752215],[-114.00061516228892,50.87766805000532],[-114.00170343582488,50.87767734443632],[-114.00286969086811,50.877612801877234],[-114.00353248088905,50.87765632347831],[-114.00362812807055,50.87769247013455],[-114.0037621985153,50.87770296147961],[-114.00387048880982,50.8776811590148],[-114.0044128597682,50.877633500463006],[-114.00526550774002,50.87768977140443],[-114.00899686245867,50.87773269877472],[-114.01287726914856,50.877777191648704],[-114.01327155564968,50.8777700909168],[-114.01341037277369,50.87777527078207],[-114.0145538670083,50.87778167805323],[-114.01498129144481,50.877797388010265],[-114.0153978701425,50.87785209484988],[-114.01566618395277,50.8779075899111],[-114.01618298822831,50.87803919802031],[-114.01680198784975,50.87819679844347],[-114.0174768959475,50.87832768790186],[-114.01818617224993,50.87840660560231],[-114.01849719202839,50.87842359002869],[-114.0195050602548,50.88573406727049],[-114.0204609927737,50.89266592002472],[-114.02051024770167,50.89302298919223],[-114.02014644767692,50.89303142138803],[-114.01851732821919,50.893117508826094],[-114.01752530910585,50.893187614919036],[-114.01561323389889,50.89337262433696],[-114.01415901776986,50.89355361861461],[-114.01312640219626,50.89370260085175],[-114.011703510868,50.89397351010529],[-114.01086713259937,50.89411871673225],[-114.00914073042968,50.89441602499942],[-114.00895862766181,50.894134140195014],[-114.00889675574618,50.894046931113465],[-114.00848050534125,50.893460140382466],[-114.00799830553275,50.89290053810438],[-114.0067046019246,50.891873943453106],[-114.00655413194129,50.89178013475723],[-114.00630039608996,50.89153604298678],[-114.00596871423713,50.89107024376907],[-114.00477311669194,50.89021393757114],[-114.00462890625252,50.890071648711874],[-114.00386900588855,50.88955663390752],[-114.00331341170875,50.88927652823172],[-114.0029998051279,50.88906304057009],[-114.0028834255795,50.889005123185704],[-114.00246620953428,50.888797528060046],[-114.00224101118026,50.88864254367181],[-114.00185482525353,50.88831052337149],[-114.00161161126343,50.888026440333476],[-114.00131069928001,50.88783884281233],[-114.00095710423743,50.88772773465557],[-114.00056568442902,50.88766192047195],[-114.0000013959257,50.88773142069058]]]]}},{"type":"Feature","properties":{"DGUID":"2021S051248062622","DAUID":"48062622","LANDAREA":1.0028,"PRUID":"48","fed_num":"48010","da_code":"48062622","geo_name":"48062622","name_source":{"label":"Statistics Canada Census Profile 2021 DA WDS","url":"https://www12.statcan.gc.ca/wds-sdw/2021profile-profil2021-eng.cfm"},"population":4799,"status":"ok","source":{"label":"Statistics Canada Census Profile 2021 DA WDS","url":"https://www12.statcan.gc.ca/wds-sdw/2021profile-profil2021-eng.cfm"},"community_name":"Calgary","community_source":{"label":"Statistics Canada 2021 census subdivision boundaries (spatial lookup)","url":"https://geo.statcan.gc.ca/geo_wa/rest/services/2021/Cartographic_boundary_files/MapServer/9"},"community_display":"Calgary","is_unorganized":false,"panel_title":"Calgary","display_label":"Calgary","map_label":"48062622"},"geometry":{"type":"MultiPolygon","coordinates":[[[[-114.04126742982793,50.87640552344505],[-114.04055672586841,50.876479722524984],[-114.03928024626299,50.87652822033119],[-114.03853533582993,50.87662281600697],[-114.03784653637351,50.876783224533284],[-114.03703102216917,50.87699900952531],[-114.03677183413333,50.87706762408942],[-114.03660241884945,50.87711240689499],[-114.03612973808168,50.8772375036621],[-114.03475292213959,50.87759190870394],[-114.03423792178026,50.877718220668314],[-114.03385161388006,50.877774500565025],[-114.03297563660236,50.87782180510104],[-114.03128869646494,50.87781400677823],[-114.03092080495372,50.87781230645785],[-114.02509908403282,50.877785303702986],[-114.02469039440764,50.87776659774401],[-114.02468211693791,50.87668347208499],[-114.02483686475331,50.87616382574031],[-114.02501245387701,50.875926019083956],[-114.02525346326661,50.87574961029107],[-114.0256222571331,50.87555022017689],[-114.02615190233192,50.875332959182394],[-114.02675351301227,50.87511827792012],[-114.02729767603188,50.874961392852555],[-114.02789590470809,50.87474098758869],[-114.02795555255092,50.874712257319324],[-114.02853854526101,50.874460929351955],[-114.02895487519822,50.87417441339578],[-114.0292720422394,50.87394482988569],[-114.02938215868662,50.873851013097344],[-114.02948203895797,50.87376587682578],[-114.02975863341615,50.87344571534425],[-114.02999947192464,50.87296739834307],[-114.03004028567709,50.872800063845084],[-114.03008830083077,50.87239011342589],[-114.03004762452838,50.87197647550275],[-114.02992568200945,50.87089619484374],[-114.02988913525863,50.87049057961075],[-114.02994799343878,50.8700407495669],[-114.02999088610098,50.86968838137075],[-114.03006687633057,50.869064363991626],[-114.03015600600025,50.868693554175444],[-114.0303503707855,50.86836458429273],[-114.03038248048021,50.86835167296074],[-114.03046331960445,50.86831715997753],[-114.0305086124495,50.868255794302414],[-114.03051034866698,50.8682258738572],[-114.03049641429268,50.868142906725986],[-114.03045338734415,50.86809317729674],[-114.03036300150869,50.86806198319965],[-114.03029702902543,50.86804809519046],[-114.0302452288404,50.868046246409534],[-114.03019459295739,50.86805483244574],[-114.03016211468541,50.86806513221544],[-114.03003990602545,50.86812838619978],[-114.03002057548689,50.86817393390055],[-114.03001475534074,50.868187652556294],[-114.03003275546233,50.86827202353258],[-114.02928289479676,50.86813176560628],[-114.02872114110154,50.868000319208114],[-114.02744471306771,50.86757013198522],[-114.02734985192933,50.867598318328305],[-114.02722707728243,50.86760309695372],[-114.02713265223218,50.86758364153835],[-114.02702756457214,50.867499176644934],[-114.02700072091694,50.867444076610035],[-114.02700632259454,50.86739967737244],[-114.02703357704578,50.86735558375231],[-114.02709690340488,50.86730548272437],[-114.02718013680234,50.86727347621421],[-114.0272748935904,50.8672615461578],[-114.0273702046315,50.867263079690034],[-114.02888648102652,50.86583163381373],[-114.02906825473653,50.865658119224875],[-114.02921649800601,50.86571854711253],[-114.02953335934681,50.86584770476311],[-114.03033775628624,50.86610227440749],[-114.03132550138393,50.86631851348872],[-114.03264209575305,50.866455343242706],[-114.03473262883863,50.866635824902275],[-114.03575538589455,50.866702584817006],[-114.03654487283214,50.866689205280785],[-114.03777978306658,50.86657184605441],[-114.03914505024413,50.86828395136139],[-114.03982730520319,50.869257061412334],[-114.04000546606055,50.86951115303747],[-114.04238146676569,50.87337456947369],[-114.04238185423283,50.87337516824106],[-114.043207930372,50.87471822378973],[-114.0433756492406,50.8747461273446],[-114.04391555689826,50.87548693388749],[-114.04403588451652,50.87560825704691],[-114.04409725663166,50.875670112843515],[-114.04417174660635,50.87570022506046],[-114.04403708914126,50.87573471780454],[-114.04386052897456,50.87577992078423],[-114.04361504892523,50.875831123653356],[-114.04308104789344,50.87596951077912],[-114.0419656623969,50.876259124537135],[-114.04126742982793,50.87640552344505]]]]}},{"type":"Feature","properties":{"DGUID":"2021S051248062623","DAUID":"48062623","LANDAREA":4.2057,"PRUID":"48","fed_num":"48010","da_code":"48062623","geo_name":"48062623","name_source":{"label":"Statistics Canada Census Profile 2021 DA WDS","url":"https://www12.statcan.gc.ca/wds-sdw/2021profile-profil2021-eng.cfm"},"population":3391,"status":"ok","source":{"label":"Statistics Canada Census Profile 2021 DA WDS","url":"https://www12.statcan.gc.ca/wds-sdw/2021profile-profil2021-eng.cfm"},"community_name":"Calgary","community_source":{"label":"Statistics Canada 2021 census subdivision boundaries (spatial lookup)","url":"https://geo.statcan.gc.ca/geo_wa/rest/services/2021/Cartographic_boundary_files/MapServer/9"},"community_display":"Calgary","is_unorganized":false,"panel_title":"Calgary","display_label":"Calgary","map_label":"48062623"},"geometry":{"type":"MultiPolygon","coordinates":[[[[-114.02255120590387,50.87783928942986],[-114.02219737853885,50.87791039867697],[-114.02108167903054,50.87820459589703],[-114.0206701846005,50.87828638737082],[-114.02003228773644,50.87838020922889],[-114.01958666967418,50.878417395682575],[-114.01912599607616,50.87843630366079],[-114.01865840460701,50.87843239522653],[-114.01849719202839,50.87842359002869],[-114.01818617224993,50.87840660560231],[-114.0174768959475,50.87832768790186],[-114.01680198784975,50.87819679844347],[-114.01618298822831,50.87803919802031],[-114.01566618395277,50.8779075899111],[-114.0153978701425,50.87785209484988],[-114.01498129144481,50.877797388010265],[-114.0145538670083,50.87778167805323],[-114.01341037277369,50.87777527078207],[-114.01327155564968,50.8777700909168],[-114.01287726914856,50.877777191648704],[-114.00899686245867,50.87773269877472],[-114.00526550774002,50.87768977140443],[-114.0044128597682,50.877633500463006],[-114.00387048880982,50.8776811590148],[-114.0037621985153,50.87770296147961],[-114.00362812807055,50.87769247013455],[-114.00353248088905,50.87765632347831],[-114.00286969086811,50.877612801877234],[-114.00170343582488,50.87767734443632],[-114.00061516228892,50.87766805000532],[-114.00016705845107,50.877656998752215],[-113.99997108613793,50.877666320579685],[-113.99975946629745,50.87776074272859],[-113.99951686153325,50.87780112214237],[-113.99934676538604,50.87779991071989],[-113.99913926992579,50.877704342752125],[-113.99899380587773,50.87766130393378],[-113.99862969416576,50.87765826125842],[-113.99808834404632,50.877655120151466],[-113.99778176689128,50.877654139388554],[-113.99758764830027,50.877708861011456],[-113.99721241357727,50.87778478461093],[-113.99694328488341,50.877821065127236],[-113.99661669282979,50.87779920007695],[-113.99616980950569,50.87776416697046],[-113.99581187791058,50.87775111327014],[-113.99498648865621,50.87787246094528],[-113.99488077606209,50.877348281489304],[-113.99431196078217,50.87736531416253],[-113.99333030510527,50.877400006999196],[-113.9930917243703,50.87743177196131],[-113.9930615872643,50.87713370458677],[-113.99285010921615,50.876606699592465],[-113.9926817770931,50.87601439718477],[-113.99262180542478,50.87592189296544],[-113.99261019546532,50.87574429784497],[-113.99236498737658,50.87465559902507],[-113.99213249359374,50.87408528510556],[-113.9918704998216,50.87357758127711],[-113.99113418093006,50.87255620707251],[-113.98970696947853,50.87100648867994],[-113.98875900746417,50.87007736330029],[-113.98850589562049,50.86982927863576],[-113.98768476067173,50.86916233011457],[-113.9873680828261,50.86890508995761],[-113.98708939393252,50.86860898874652],[-113.98678338406224,50.868195074646486],[-113.98624573593487,50.86723920292294],[-113.98556886527071,50.8660356775103],[-113.98496180824132,50.865096787722074],[-113.98470349147595,50.864717492967024],[-113.98452686776123,50.86435417203735],[-113.98374478571802,50.86339644071897],[-113.99463494235027,50.86314920168519],[-113.99465060312798,50.86323167663262],[-113.99472413187571,50.86329506690267],[-113.99483448751334,50.863342853532835],[-113.99502411997167,50.86334975252057],[-113.99519033347104,50.86330979016217],[-113.99526925047581,50.86322799943301],[-113.99587874646917,50.86316898394368],[-114.0017637400452,50.863036902276875],[-114.00328359345308,50.863082979082684],[-114.00913827849229,50.86310795687648],[-114.00934093641285,50.863108812363215],[-114.0121165614497,50.863120532393985],[-114.0130864666552,50.86312461791419],[-114.01325745166322,50.86312534083999],[-114.01326660483784,50.86312538405491],[-114.01710417235039,50.86314143856137],[-114.01715219154845,50.863206582358444],[-114.01723803043778,50.863243917285374],[-114.01735079110665,50.86326081640199],[-114.01746511344847,50.863246792497534],[-114.01756961462786,50.86320443328071],[-114.01763485505221,50.86313849445726],[-114.02115130028764,50.86314368558621],[-114.02136308577997,50.86317042542356],[-114.02142176897215,50.86322216876706],[-114.02152415420987,50.86326590519819],[-114.02168138271368,50.863270517797034],[-114.02182132299264,50.86322817997117],[-114.02189817674932,50.86318809706179],[-114.02213688412544,50.863171976259025],[-114.02242133938087,50.86319626473165],[-114.02275235094216,50.8632343381983],[-114.02308980977118,50.86328925156094],[-114.0234052863502,50.86334517182598],[-114.02376758509602,50.86342086810562],[-114.024111214272,50.863509025118915],[-114.02437807125659,50.863592404066544],[-114.02466920691602,50.863684453526496],[-114.02496396556825,50.86375781471171],[-114.02511163738195,50.86381265420715],[-114.02530349943834,50.863910104282446],[-114.0254256590644,50.864010781839745],[-114.02544921345975,50.864076293347196],[-114.02551919551651,50.86414081799432],[-114.02561021597575,50.86418094624644],[-114.02568679008714,50.86418862952147],[-114.02580361710142,50.86418835387043],[-114.0260006760345,50.86424243337534],[-114.02661268548835,50.86456382576879],[-114.02830258353427,50.86555399332386],[-114.02866355471771,50.865733953273555],[-114.02888648102652,50.86583163381373],[-114.0273702046315,50.867263079690034],[-114.0272748935904,50.8672615461578],[-114.02718013680234,50.86727347621421],[-114.02709690340488,50.86730548272437],[-114.02703357704578,50.86735558375231],[-114.02700632259454,50.86739967737244],[-114.02700072091694,50.867444076610035],[-114.02702756457214,50.867499176644934],[-114.02713265223218,50.86758364153835],[-114.02722707728243,50.86760309695372],[-114.02734985192933,50.867598318328305],[-114.02744471306771,50.86757013198522],[-114.02872114110154,50.868000319208114],[-114.02928289479676,50.86813176560628],[-114.03003275546233,50.86827202353258],[-114.03001475534074,50.868187652556294],[-114.03002057548689,50.86817393390055],[-114.03003990602545,50.86812838619978],[-114.03016211468541,50.86806513221544],[-114.03019459295739,50.86805483244574],[-114.0302452288404,50.868046246409534],[-114.03029702902543,50.86804809519046],[-114.03036300150869,50.86806198319965],[-114.03045338734415,50.86809317729674],[-114.03049641429268,50.868142906725986],[-114.03051034866698,50.8682258738572],[-114.0305086124495,50.868255794302414],[-114.03046331960445,50.86831715997753],[-114.03038248048021,50.86835167296074],[-114.0303503707855,50.86836458429273],[-114.03015600600025,50.868693554175444],[-114.03006687633057,50.869064363991626],[-114.02999088610098,50.86968838137075],[-114.02994799343878,50.8700407495669],[-114.02988913525863,50.87049057961075],[-114.02992568200945,50.87089619484374],[-114.03004762452838,50.87197647550275],[-114.03008830083077,50.87239011342589],[-114.03004028567709,50.872800063845084],[-114.02999947192464,50.87296739834307],[-114.02975863341615,50.87344571534425],[-114.02948203895797,50.87376587682578],[-114.02938215868662,50.873851013097344],[-114.0292720422394,50.87394482988569],[-114.02895487519822,50.87417441339578],[-114.02853854526101,50.874460929351955],[-114.02795555255092,50.874712257319324],[-114.02789590470809,50.87474098758869],[-114.02729767603188,50.874961392852555],[-114.02675351301227,50.87511827792012],[-114.02615190233192,50.875332959182394],[-114.0256222571331,50.87555022017689],[-114.02525346326661,50.87574961029107],[-114.02501245387701,50.875926019083956],[-114.02483686475331,50.87616382574031],[-114.02468211693791,50.87668347208499],[-114.02469039440764,50.87776659774401],[-114.02448168641145,50.87777308996108],[-114.0240944046116,50.87778038745289],[-114.02307838707694,50.87779980128462],[-114.02255120590387,50.87783928942986]]]]}},{"type":"Feature","properties":{"DGUID":"2021S051248062624","DAUID":"48062624","LANDAREA":5.8828,"PRUID":"48","fed_num":"48010","da_code":"48062624","geo_name":"48062624","name_source":{"label":"Statistics Canada Census Profile 2021 DA WDS","url":"https://www12.statcan.gc.ca/wds-sdw/2021profile-profil2021-eng.cfm"},"population":7975,"status":"ok","source":{"label":"Statistics Canada Census Profile 2021 DA WDS","url":"https://www12.statcan.gc.ca/wds-sdw/2021profile-profil2021-eng.cfm"},"community_name":"Calgary","community_source":{"label":"Statistics Canada 2021 census subdivision boundaries (spatial lookup)","url":"https://geo.statcan.gc.ca/geo_wa/rest/services/2021/Cartographic_boundary_files/MapServer/9"},"community_display":"Calgary","is_unorganized":false,"panel_title":"Calgary","display_label":"Calgary","map_label":"48062624"},"geometry":{"type":"MultiPolygon","coordinates":[[[[-114.02921649800601,50.86571854711253],[-114.02906825473653,50.865658119224875],[-114.02888648102652,50.86583163381373],[-114.02866355471771,50.865733953273555],[-114.02830258353427,50.86555399332386],[-114.02661268548835,50.86456382576879],[-114.0260006760345,50.86424243337534],[-114.02580361710142,50.86418835387043],[-114.02568679008714,50.86418862952147],[-114.02561021597575,50.86418094624644],[-114.02551919551651,50.86414081799432],[-114.02544921345975,50.864076293347196],[-114.0254256590644,50.864010781839745],[-114.02530349943834,50.863910104282446],[-114.02511163738195,50.86381265420715],[-114.02496396556825,50.86375781471171],[-114.02466920691602,50.863684453526496],[-114.02437807125659,50.863592404066544],[-114.024111214272,50.863509025118915],[-114.02376758509602,50.86342086810562],[-114.0234052863502,50.86334517182598],[-114.02308980977118,50.86328925156094],[-114.02275235094216,50.8632343381983],[-114.02242133938087,50.86319626473165],[-114.02213688412544,50.863171976259025],[-114.02189817674932,50.86318809706179],[-114.02182132299264,50.86322817997117],[-114.02168138271368,50.863270517797034],[-114.02152415420987,50.86326590519819],[-114.02142176897215,50.86322216876706],[-114.02136308577997,50.86317042542356],[-114.02115130028764,50.86314368558621],[-114.01763485505221,50.86313849445726],[-114.01756961462786,50.86320443328071],[-114.01746511344847,50.863246792497534],[-114.01735079110665,50.86326081640199],[-114.01723803043778,50.863243917285374],[-114.01715219154845,50.863206582358444],[-114.01710417235039,50.86314143856137],[-114.01326660483784,50.86312538405491],[-114.01325745166322,50.86312534083999],[-114.0130864666552,50.86312461791419],[-114.0121165614497,50.863120532393985],[-114.00934093641285,50.863108812363215],[-114.00913827849229,50.86310795687648],[-114.00328359345308,50.863082979082684],[-114.0017637400452,50.863036902276875],[-113.99587874646917,50.86316898394368],[-113.99526925047581,50.86322799943301],[-113.99519033347104,50.86330979016217],[-113.99502411997167,50.86334975252057],[-113.99483448751334,50.863342853532835],[-113.99472413187571,50.86329506690267],[-113.99465060312798,50.86323167663262],[-113.99463494235027,50.86314920168519],[-113.98374478571802,50.86339644071897],[-113.98363946201536,50.86326747811096],[-113.98308403242129,50.862818675065284],[-113.9828618878076,50.86263916424591],[-113.98206248065586,50.86199316751263],[-113.9815294497685,50.861358384769495],[-113.98066646790294,50.860475278461166],[-113.97908434492741,50.859097780481],[-113.97827506046669,50.8582326770884],[-113.97789976722743,50.85773758984185],[-113.97756665413776,50.85720587678148],[-113.97720193968158,50.856793985450324],[-113.97668373878791,50.856374086713316],[-113.97647144570996,50.85624498970606],[-113.97572303641508,50.85593619141596],[-113.97538353764911,50.855822375771034],[-113.97474654564866,50.8556811787093],[-113.973702638673,50.85553397395667],[-113.97308155187694,50.85537058491145],[-113.97511515345043,50.84847558890451],[-113.98126139600755,50.84847936712689],[-113.99491853076992,50.848500108148684],[-114.00051733015209,50.84850806502736],[-114.00323052252301,50.84853459867015],[-114.00706563613933,50.848571986834415],[-114.01156168376407,50.848716185675634],[-114.02302759831991,50.849083017593244],[-114.02352679930975,50.84894313786893],[-114.02370190186521,50.84916224918888],[-114.02412995262924,50.849694268177586],[-114.03084136565103,50.85803428208992],[-114.0330390862468,50.86073517759704],[-114.03731486662176,50.86598876996051],[-114.03777978306658,50.86657184605441],[-114.03654487283214,50.866689205280785],[-114.03575538589455,50.866702584817006],[-114.03473262883863,50.866635824902275],[-114.03264209575305,50.866455343242706],[-114.03132550138393,50.86631851348872],[-114.03033775628624,50.86610227440749],[-114.02953335934681,50.86584770476311],[-114.02921649800601,50.86571854711253]]]]}}]}