{"type":"FeatureCollection","features":[{"type":"Feature","properties":{"DGUID":"2021S051248110142","DAUID":"48110142","LANDAREA":0.0368,"PRUID":"48","fed_num":"48015","da_code":"48110142","geo_name":"48110142","name_source":{"label":"Statistics Canada Census Profile 2021 DA WDS","url":"https://www12.statcan.gc.ca/wds-sdw/2021profile-profil2021-eng.cfm"},"population":531,"status":"ok","source":{"label":"Statistics Canada Census Profile 2021 DA WDS","url":"https://www12.statcan.gc.ca/wds-sdw/2021profile-profil2021-eng.cfm"},"community_name":"Edmonton","community_source":{"label":"Statistics Canada 2021 census subdivision boundaries (spatial lookup)","url":"https://geo.statcan.gc.ca/geo_wa/rest/services/2021/Cartographic_boundary_files/MapServer/9"},"community_display":"Edmonton","is_unorganized":false,"panel_title":"Edmonton","display_label":"Edmonton","map_label":"48110142"},"geometry":{"type":"MultiPolygon","coordinates":[[[[-113.49112157352467,53.54550459210735],[-113.49089458827687,53.544466378160465],[-113.49188217908652,53.54437789685529],[-113.49270550500073,53.544335792810756],[-113.49370680140653,53.54439207780644],[-113.49370730492016,53.54455158857525],[-113.49369766444656,53.54541488288098],[-113.49370610451727,53.5460710943487],[-113.49370107462279,53.546242001798355],[-113.49275066126671,53.546252790164935],[-113.49130368727742,53.54629197960054],[-113.49118308869818,53.54629449236995],[-113.49114397059013,53.54614248184544],[-113.49109989685398,53.54564889441449],[-113.49112157352467,53.54550459210735]]]]}},{"type":"Feature","properties":{"DGUID":"2021S051248110144","DAUID":"48110144","LANDAREA":0.022,"PRUID":"48","fed_num":"48015","da_code":"48110144","geo_name":"48110144","name_source":{"label":"Statistics Canada Census Profile 2021 DA WDS","url":"https://www12.statcan.gc.ca/wds-sdw/2021profile-profil2021-eng.cfm"},"population":761,"status":"ok","source":{"label":"Statistics Canada Census Profile 2021 DA WDS","url":"https://www12.statcan.gc.ca/wds-sdw/2021profile-profil2021-eng.cfm"},"community_name":"Edmonton","community_source":{"label":"Statistics Canada 2021 census subdivision boundaries (spatial lookup)","url":"https://geo.statcan.gc.ca/geo_wa/rest/services/2021/Cartographic_boundary_files/MapServer/9"},"community_display":"Edmonton","is_unorganized":false,"panel_title":"Edmonton","display_label":"Edmonton","map_label":"48110144"},"geometry":{"type":"MultiPolygon","coordinates":[[[[-113.49743150899937,53.53883635095888],[-113.49738102026518,53.53720994682838],[-113.4992527931584,53.53721584684427],[-113.49924898810559,53.537821339444484],[-113.49924261586762,53.538834456178265],[-113.49743150899937,53.53883635095888]]]]}},{"type":"Feature","properties":{"DGUID":"2021S051248110145","DAUID":"48110145","LANDAREA":0.044,"PRUID":"48","fed_num":"48015","da_code":"48110145","geo_name":"48110145","name_source":{"label":"Statistics Canada Census Profile 2021 DA WDS","url":"https://www12.statcan.gc.ca/wds-sdw/2021profile-profil2021-eng.cfm"},"population":467,"status":"ok","source":{"label":"Statistics Canada Census Profile 2021 DA WDS","url":"https://www12.statcan.gc.ca/wds-sdw/2021profile-profil2021-eng.cfm"},"community_name":"Edmonton","community_source":{"label":"Statistics Canada 2021 census subdivision boundaries (spatial lookup)","url":"https://geo.statcan.gc.ca/geo_wa/rest/services/2021/Cartographic_boundary_files/MapServer/9"},"community_display":"Edmonton","is_unorganized":false,"panel_title":"Edmonton","display_label":"Edmonton","map_label":"48110145"},"geometry":{"type":"MultiPolygon","coordinates":[[[[-113.4992413601918,53.53617057137023],[-113.49923560169853,53.53564274558462],[-113.50000492888921,53.53563565036817],[-113.50109130716828,53.535630834067106],[-113.50110962930366,53.537221961428486],[-113.50111920588871,53.538408572109034],[-113.50106929578445,53.538841165800996],[-113.49999791640796,53.538845676995656],[-113.49924261586762,53.538834456178265],[-113.49924898810559,53.537821339444484],[-113.4992527931584,53.53721584684427],[-113.4992413601918,53.53617057137023]]]]}},{"type":"Feature","properties":{"DGUID":"2021S051248110146","DAUID":"48110146","LANDAREA":0.0427,"PRUID":"48","fed_num":"48015","da_code":"48110146","geo_name":"48110146","name_source":{"label":"Statistics Canada Census Profile 2021 DA WDS","url":"https://www12.statcan.gc.ca/wds-sdw/2021profile-profil2021-eng.cfm"},"population":540,"status":"ok","source":{"label":"Statistics Canada Census Profile 2021 DA WDS","url":"https://www12.statcan.gc.ca/wds-sdw/2021profile-profil2021-eng.cfm"},"community_name":"Edmonton","community_source":{"label":"Statistics Canada 2021 census subdivision boundaries (spatial lookup)","url":"https://geo.statcan.gc.ca/geo_wa/rest/services/2021/Cartographic_boundary_files/MapServer/9"},"community_display":"Edmonton","is_unorganized":false,"panel_title":"Edmonton","display_label":"Edmonton","map_label":"48110146"},"geometry":{"type":"MultiPolygon","coordinates":[[[[-113.49737098498332,53.534476839555],[-113.49736117789213,53.534054525666114],[-113.4987495169734,53.534052427377155],[-113.4992173169208,53.53405163331991],[-113.49923560169853,53.53564274558462],[-113.4992413601918,53.53617057137023],[-113.4992527931584,53.53721584684427],[-113.49738102026518,53.53720994682838],[-113.49747042062316,53.53565263254158],[-113.49739612498753,53.53515963662521],[-113.49733549251924,53.534900241989085],[-113.49737098498332,53.534476839555]]]]}},{"type":"Feature","properties":{"DGUID":"2021S051248110148","DAUID":"48110148","LANDAREA":0.2627,"PRUID":"48","fed_num":"48015","da_code":"48110148","geo_name":"48110148","name_source":{"label":"Statistics Canada Census Profile 2021 DA WDS","url":"https://www12.statcan.gc.ca/wds-sdw/2021profile-profil2021-eng.cfm"},"population":378,"status":"ok","source":{"label":"Statistics Canada Census Profile 2021 DA WDS","url":"https://www12.statcan.gc.ca/wds-sdw/2021profile-profil2021-eng.cfm"},"community_name":"Edmonton","community_source":{"label":"Statistics Canada 2021 census subdivision boundaries (spatial lookup)","url":"https://geo.statcan.gc.ca/geo_wa/rest/services/2021/Cartographic_boundary_files/MapServer/9"},"community_display":"Edmonton","is_unorganized":false,"panel_title":"Edmonton","display_label":"Edmonton","map_label":"48110148"},"geometry":{"type":"MultiPolygon","coordinates":[[[[-113.48798986558616,53.53843455135196],[-113.48562313808391,53.537641744387244],[-113.48574363295887,53.53755810944606],[-113.48634284455704,53.537142111539964],[-113.4865633582192,53.536817222116355],[-113.48666995880302,53.53607449879655],[-113.48668005113952,53.536044670128646],[-113.48672860534438,53.53590060098929],[-113.48715153964741,53.53464600294572],[-113.48783545561955,53.5321245082059],[-113.4882072920681,53.53047758454528],[-113.48859548666475,53.52972280512062],[-113.48904347118099,53.529119203357695],[-113.48950449556226,53.528732394104075],[-113.48988919216377,53.52841618653076],[-113.48994562733218,53.52837407516801],[-113.49060990460512,53.52787829171929],[-113.49213747969262,53.52700610433628],[-113.4932378870492,53.526524201742475],[-113.4936295968873,53.526401987246494],[-113.49377661448865,53.527503383508304],[-113.49379177191585,53.527740556367434],[-113.49371388726631,53.528207020461444],[-113.49368869251798,53.52934792959645],[-113.49377319954318,53.52949901718326],[-113.49376461509128,53.530892835046195],[-113.49376699727243,53.5324751171196],[-113.49373881136711,53.5340492269411],[-113.49373538717884,53.534247135584444],[-113.49371578309722,53.534427331013575],[-113.49375147610004,53.534777245095924],[-113.49372728126693,53.53564983659127],[-113.49376501594277,53.53654825242886],[-113.49410248956124,53.536640036896415],[-113.49386757957961,53.536752857289684],[-113.49370551336686,53.536819138542626],[-113.49190230545132,53.53746814201134],[-113.49130616872455,53.53759754374472],[-113.4910368868862,53.53763904964078],[-113.49012478912603,53.537783952239884],[-113.48943259329627,53.538077155574854],[-113.48898988366172,53.53839854960564],[-113.48881017442918,53.53853066198299],[-113.48870888869094,53.53860466962567],[-113.48831168607944,53.53852304485848],[-113.48806649502973,53.538456367931325],[-113.48798986558616,53.53843455135196]]]]}},{"type":"Feature","properties":{"DGUID":"2021S051248110149","DAUID":"48110149","LANDAREA":0.5757,"PRUID":"48","fed_num":"48015","da_code":"48110149","geo_name":"48110149","name_source":{"label":"Statistics Canada Census Profile 2021 DA WDS","url":"https://www12.statcan.gc.ca/wds-sdw/2021profile-profil2021-eng.cfm"},"population":398,"status":"ok","source":{"label":"Statistics Canada Census Profile 2021 DA WDS","url":"https://www12.statcan.gc.ca/wds-sdw/2021profile-profil2021-eng.cfm"},"community_name":"Edmonton","community_source":{"label":"Statistics Canada 2021 census subdivision boundaries (spatial lookup)","url":"https://geo.statcan.gc.ca/geo_wa/rest/services/2021/Cartographic_boundary_files/MapServer/9"},"community_display":"Edmonton","is_unorganized":false,"panel_title":"Edmonton","display_label":"Edmonton","map_label":"48110149"},"geometry":{"type":"MultiPolygon","coordinates":[[[[-113.50616549513343,53.5357733733167],[-113.50402306598139,53.53554065495155],[-113.50359831762933,53.5356593559469],[-113.5029345068761,53.53566424703442],[-113.50292022238109,53.53430067328552],[-113.50291823010652,53.53410903906437],[-113.50290921058095,53.53395643478956],[-113.50288311472427,53.532491427409],[-113.50108632393143,53.532475025453],[-113.49999950799732,53.53247082838682],[-113.49921408072701,53.53246031852413],[-113.49920222966149,53.533539435894895],[-113.49910782669218,53.53373023578821],[-113.49892139347243,53.53389603201503],[-113.4987495169734,53.534052427377155],[-113.49736117789213,53.534054525666114],[-113.4955659241765,53.53406504027308],[-113.49484499605661,53.53412503057086],[-113.49456306084565,53.53418481149579],[-113.49423389999225,53.534254627609776],[-113.49371578309722,53.534427331013575],[-113.49373538717884,53.534247135584444],[-113.49373881136711,53.5340492269411],[-113.49376699727243,53.5324751171196],[-113.49376461509128,53.530892835046195],[-113.49377319954318,53.52949901718326],[-113.49368869251798,53.52934792959645],[-113.49371388726631,53.528207020461444],[-113.49379177191585,53.527740556367434],[-113.49377661448865,53.527503383508304],[-113.4936295968873,53.526401987246494],[-113.49382952076655,53.52633960683955],[-113.49416357630886,53.526235404080616],[-113.49481919799318,53.52610889281923],[-113.49603789873694,53.52605347239767],[-113.49716249550454,53.526129077569074],[-113.49807437633318,53.526290191492265],[-113.5000014721679,53.52691058871418],[-113.50161610806295,53.52748679252003],[-113.50290295382439,53.52805562952795],[-113.5029515152235,53.52807707487429],[-113.50376659418365,53.528331595444364],[-113.50601433323217,53.52889239317825],[-113.50867122068772,53.52940880226859],[-113.51061563649367,53.52965221306469],[-113.51123895273116,53.52968380424632],[-113.51136063812552,53.529684595282625],[-113.51010283328522,53.53182755519587],[-113.50981184508252,53.53226514536848],[-113.50974853005016,53.5323698572582],[-113.50965213331492,53.53248223813003],[-113.50964673920204,53.532488546514685],[-113.50946736134213,53.53259694556983],[-113.50928333484603,53.53277086058678],[-113.50890375673843,53.53364235766226],[-113.50884773522395,53.53372365896448],[-113.50877154529658,53.53381944462182],[-113.50867385835086,53.53392615135226],[-113.50855735369974,53.53404094662495],[-113.5084135503995,53.53415854049913],[-113.50824203724997,53.534303158298705],[-113.50827505018454,53.53434715552717],[-113.50849815826935,53.53454953599012],[-113.50860986887297,53.5349068614463],[-113.50853336099568,53.53565476880154],[-113.50853519724888,53.5357451030642],[-113.50829407110103,53.53574798225331],[-113.50616549513343,53.5357733733167]]]]}},{"type":"Feature","properties":{"DGUID":"2021S051248110150","DAUID":"48110150","LANDAREA":0.087,"PRUID":"48","fed_num":"48015","da_code":"48110150","geo_name":"48110150","name_source":{"label":"Statistics Canada Census Profile 2021 DA WDS","url":"https://www12.statcan.gc.ca/wds-sdw/2021profile-profil2021-eng.cfm"},"population":987,"status":"ok","source":{"label":"Statistics Canada Census Profile 2021 DA WDS","url":"https://www12.statcan.gc.ca/wds-sdw/2021profile-profil2021-eng.cfm"},"community_name":"Edmonton","community_source":{"label":"Statistics Canada 2021 census subdivision boundaries (spatial lookup)","url":"https://geo.statcan.gc.ca/geo_wa/rest/services/2021/Cartographic_boundary_files/MapServer/9"},"community_display":"Edmonton","is_unorganized":false,"panel_title":"Edmonton","display_label":"Edmonton","map_label":"48110150"},"geometry":{"type":"MultiPolygon","coordinates":[[[[-113.49920222966149,53.533539435894895],[-113.49921408072701,53.53246031852413],[-113.49999950799732,53.53247082838682],[-113.50108632393143,53.532475025453],[-113.50288311472427,53.532491427409],[-113.50290921058095,53.53395643478956],[-113.50291823010652,53.53410903906437],[-113.50292022238109,53.53430067328552],[-113.5029345068761,53.53566424703442],[-113.50109130716828,53.535630834067106],[-113.50000492888921,53.53563565036817],[-113.49923560169853,53.53564274558462],[-113.4992173169208,53.53405163331991],[-113.4987495169734,53.534052427377155],[-113.49892139347243,53.53389603201503],[-113.49910782669218,53.53373023578821],[-113.49920222966149,53.533539435894895]]]]}},{"type":"Feature","properties":{"DGUID":"2021S051248110153","DAUID":"48110153","LANDAREA":0.0767,"PRUID":"48","fed_num":"48015","da_code":"48110153","geo_name":"48110153","name_source":{"label":"Statistics Canada Census Profile 2021 DA WDS","url":"https://www12.statcan.gc.ca/wds-sdw/2021profile-profil2021-eng.cfm"},"population":882,"status":"ok","source":{"label":"Statistics Canada Census Profile 2021 DA WDS","url":"https://www12.statcan.gc.ca/wds-sdw/2021profile-profil2021-eng.cfm"},"community_name":"Edmonton","community_source":{"label":"Statistics Canada 2021 census subdivision boundaries (spatial lookup)","url":"https://geo.statcan.gc.ca/geo_wa/rest/services/2021/Cartographic_boundary_files/MapServer/9"},"community_display":"Edmonton","is_unorganized":false,"panel_title":"Edmonton","display_label":"Edmonton","map_label":"48110153"},"geometry":{"type":"MultiPolygon","coordinates":[[[[-113.50858882841463,53.540931391256365],[-113.50852534888335,53.538837780396804],[-113.50902651145188,53.53889017225563],[-113.50912989595531,53.53888316285373],[-113.50979324835117,53.53883816458323],[-113.51029122925502,53.53883669395881],[-113.51029410807315,53.53865425338573],[-113.51031671942913,53.53722667409017],[-113.51214284853481,53.53722428149901],[-113.51214812877494,53.5388425939404],[-113.51212416688539,53.5406275702045],[-113.51212169655972,53.54080951269295],[-113.5121202315116,53.54092020650304],[-113.51024873278706,53.5409235018265],[-113.5094657405172,53.54092722465333],[-113.50858882841463,53.540931391256365]]]]}},{"type":"Feature","properties":{"DGUID":"2021S051248110154","DAUID":"48110154","LANDAREA":0.1062,"PRUID":"48","fed_num":"48015","da_code":"48110154","geo_name":"48110154","name_source":{"label":"Statistics Canada Census Profile 2021 DA WDS","url":"https://www12.statcan.gc.ca/wds-sdw/2021profile-profil2021-eng.cfm"},"population":947,"status":"ok","source":{"label":"Statistics Canada Census Profile 2021 DA WDS","url":"https://www12.statcan.gc.ca/wds-sdw/2021profile-profil2021-eng.cfm"},"community_name":"Edmonton","community_source":{"label":"Statistics Canada 2021 census subdivision boundaries (spatial lookup)","url":"https://geo.statcan.gc.ca/geo_wa/rest/services/2021/Cartographic_boundary_files/MapServer/9"},"community_display":"Edmonton","is_unorganized":false,"panel_title":"Edmonton","display_label":"Edmonton","map_label":"48110154"},"geometry":{"type":"MultiPolygon","coordinates":[[[[-113.50865884106715,53.53420455142761],[-113.50901636011719,53.53412505481668],[-113.50945739189773,53.53409823028687],[-113.50991865626851,53.53407015023385],[-113.51025076765792,53.53407215780573],[-113.5118199261966,53.534066149791606],[-113.51197333177363,53.534107949926074],[-113.51213154893048,53.534230471346554],[-113.51213473663992,53.53441412066787],[-113.51215634580504,53.53566857150092],[-113.51377175238805,53.535679476769175],[-113.51394072925035,53.53572996432666],[-113.51400694179141,53.536591690214344],[-113.51395542379586,53.53724918838978],[-113.51394463307084,53.538849781425455],[-113.51214812877494,53.5388425939404],[-113.51214284853481,53.53722428149901],[-113.51031671942913,53.53722667409017],[-113.51025592380742,53.535690465713536],[-113.50936505092305,53.53568226276329],[-113.50912097013526,53.53568712196621],[-113.50853519724888,53.5357451030642],[-113.50853336099568,53.53565476880154],[-113.50860986887297,53.5349068614463],[-113.50849815826935,53.53454953599012],[-113.50827505018454,53.53434715552717],[-113.50824203724997,53.534303158298705],[-113.50865884106715,53.53420455142761]]]]}},{"type":"Feature","properties":{"DGUID":"2021S051248110155","DAUID":"48110155","LANDAREA":0.0435,"PRUID":"48","fed_num":"48015","da_code":"48110155","geo_name":"48110155","name_source":{"label":"Statistics Canada Census Profile 2021 DA WDS","url":"https://www12.statcan.gc.ca/wds-sdw/2021profile-profil2021-eng.cfm"},"population":601,"status":"ok","source":{"label":"Statistics Canada Census Profile 2021 DA WDS","url":"https://www12.statcan.gc.ca/wds-sdw/2021profile-profil2021-eng.cfm"},"community_name":"Edmonton","community_source":{"label":"Statistics Canada 2021 census subdivision boundaries (spatial lookup)","url":"https://geo.statcan.gc.ca/geo_wa/rest/services/2021/Cartographic_boundary_files/MapServer/9"},"community_display":"Edmonton","is_unorganized":false,"panel_title":"Edmonton","display_label":"Edmonton","map_label":"48110155"},"geometry":{"type":"MultiPolygon","coordinates":[[[[-113.51394463307084,53.538849781425455],[-113.51395542379586,53.53724918838978],[-113.51585802656962,53.5372630911257],[-113.51753235544761,53.5372458988798],[-113.51765545046611,53.53728828328375],[-113.51762773060362,53.538853187785804],[-113.51581662566613,53.5388553928512],[-113.51394463307084,53.538849781425455]]]]}},{"type":"Feature","properties":{"DGUID":"2021S051248110156","DAUID":"48110156","LANDAREA":0.084,"PRUID":"48","fed_num":"48015","da_code":"48110156","geo_name":"48110156","name_source":{"label":"Statistics Canada Census Profile 2021 DA WDS","url":"https://www12.statcan.gc.ca/wds-sdw/2021profile-profil2021-eng.cfm"},"population":700,"status":"ok","source":{"label":"Statistics Canada Census Profile 2021 DA WDS","url":"https://www12.statcan.gc.ca/wds-sdw/2021profile-profil2021-eng.cfm"},"community_name":"Edmonton","community_source":{"label":"Statistics Canada 2021 census subdivision boundaries (spatial lookup)","url":"https://geo.statcan.gc.ca/geo_wa/rest/services/2021/Cartographic_boundary_files/MapServer/9"},"community_display":"Edmonton","is_unorganized":false,"panel_title":"Edmonton","display_label":"Edmonton","map_label":"48110156"},"geometry":{"type":"MultiPolygon","coordinates":[[[[-113.51212416688539,53.5406275702045],[-113.51214812877494,53.5388425939404],[-113.51394463307084,53.538849781425455],[-113.51581662566613,53.5388553928512],[-113.51762773060362,53.538853187785804],[-113.51763027514228,53.54093011182715],[-113.51581806419706,53.540914306686496],[-113.5139319238129,53.540927004616734],[-113.513019703389,53.540923585090404],[-113.51271324469646,53.54092243966089],[-113.5121202315116,53.54092020650304],[-113.51212169655972,53.54080951269295],[-113.51212416688539,53.5406275702045]]]]}},{"type":"Feature","properties":{"DGUID":"2021S051248110157","DAUID":"48110157","LANDAREA":0.0572,"PRUID":"48","fed_num":"48015","da_code":"48110157","geo_name":"48110157","name_source":{"label":"Statistics Canada Census Profile 2021 DA WDS","url":"https://www12.statcan.gc.ca/wds-sdw/2021profile-profil2021-eng.cfm"},"population":662,"status":"ok","source":{"label":"Statistics Canada Census Profile 2021 DA WDS","url":"https://www12.statcan.gc.ca/wds-sdw/2021profile-profil2021-eng.cfm"},"community_name":"Edmonton","community_source":{"label":"Statistics Canada 2021 census subdivision boundaries (spatial lookup)","url":"https://geo.statcan.gc.ca/geo_wa/rest/services/2021/Cartographic_boundary_files/MapServer/9"},"community_display":"Edmonton","is_unorganized":false,"panel_title":"Edmonton","display_label":"Edmonton","map_label":"48110157"},"geometry":{"type":"MultiPolygon","coordinates":[[[[-113.51763027514228,53.54093011182715],[-113.51762773060362,53.538853187785804],[-113.51949965348008,53.538858691705016],[-113.51980602917017,53.538859471776725],[-113.52140174333498,53.53886360417141],[-113.52132697478812,53.54090611428905],[-113.52067713416155,53.540892913418986],[-113.52012257849951,53.54095851777176],[-113.519473251867,53.5409542157849],[-113.51763027514228,53.54093011182715]]]]}},{"type":"Feature","properties":{"DGUID":"2021S051248110158","DAUID":"48110158","LANDAREA":0.0394,"PRUID":"48","fed_num":"48015","da_code":"48110158","geo_name":"48110158","name_source":{"label":"Statistics Canada Census Profile 2021 DA WDS","url":"https://www12.statcan.gc.ca/wds-sdw/2021profile-profil2021-eng.cfm"},"population":500,"status":"ok","source":{"label":"Statistics Canada Census Profile 2021 DA WDS","url":"https://www12.statcan.gc.ca/wds-sdw/2021profile-profil2021-eng.cfm"},"community_name":"Edmonton","community_source":{"label":"Statistics Canada 2021 census subdivision boundaries (spatial lookup)","url":"https://geo.statcan.gc.ca/geo_wa/rest/services/2021/Cartographic_boundary_files/MapServer/9"},"community_display":"Edmonton","is_unorganized":false,"panel_title":"Edmonton","display_label":"Edmonton","map_label":"48110158"},"geometry":{"type":"MultiPolygon","coordinates":[[[[-113.51765545046611,53.53728828328375],[-113.51753235544761,53.5372458988798],[-113.51883569090249,53.53726448589828],[-113.51947502502472,53.53768138673161],[-113.52135280121263,53.53734528955966],[-113.52135625832511,53.53835200323305],[-113.52140174333498,53.53886360417141],[-113.51980602917017,53.538859471776725],[-113.51949965348008,53.538858691705016],[-113.51762773060362,53.538853187785804],[-113.51765545046611,53.53728828328375]]]]}},{"type":"Feature","properties":{"DGUID":"2021S051248110159","DAUID":"48110159","LANDAREA":0.0428,"PRUID":"48","fed_num":"48015","da_code":"48110159","geo_name":"48110159","name_source":{"label":"Statistics Canada Census Profile 2021 DA WDS","url":"https://www12.statcan.gc.ca/wds-sdw/2021profile-profil2021-eng.cfm"},"population":920,"status":"ok","source":{"label":"Statistics Canada Census Profile 2021 DA WDS","url":"https://www12.statcan.gc.ca/wds-sdw/2021profile-profil2021-eng.cfm"},"community_name":"Edmonton","community_source":{"label":"Statistics Canada 2021 census subdivision boundaries (spatial lookup)","url":"https://geo.statcan.gc.ca/geo_wa/rest/services/2021/Cartographic_boundary_files/MapServer/9"},"community_display":"Edmonton","is_unorganized":false,"panel_title":"Edmonton","display_label":"Edmonton","map_label":"48110159"},"geometry":{"type":"MultiPolygon","coordinates":[[[[-113.5249972566575,53.54094552491362],[-113.5249796498712,53.539381402325915],[-113.52679815849673,53.539756612000446],[-113.5280356641956,53.5400092064238],[-113.53043701810668,53.540354418607976],[-113.53058092588016,53.54038850030829],[-113.5306780352483,53.54044778202709],[-113.53077275833326,53.5405987160739],[-113.53077627351104,53.540616640634745],[-113.53083786641561,53.540929903371506],[-113.52861916883062,53.540931908301516],[-113.52831299777911,53.540936831695426],[-113.52683967411465,53.54096051958437],[-113.5249972566575,53.54094552491362]]]]}},{"type":"Feature","properties":{"DGUID":"2021S051248110160","DAUID":"48110160","LANDAREA":0.0264,"PRUID":"48","fed_num":"48015","da_code":"48110160","geo_name":"48110160","name_source":{"label":"Statistics Canada Census Profile 2021 DA WDS","url":"https://www12.statcan.gc.ca/wds-sdw/2021profile-profil2021-eng.cfm"},"population":473,"status":"ok","source":{"label":"Statistics Canada Census Profile 2021 DA WDS","url":"https://www12.statcan.gc.ca/wds-sdw/2021profile-profil2021-eng.cfm"},"community_name":"Edmonton","community_source":{"label":"Statistics Canada 2021 census subdivision boundaries (spatial lookup)","url":"https://geo.statcan.gc.ca/geo_wa/rest/services/2021/Cartographic_boundary_files/MapServer/9"},"community_display":"Edmonton","is_unorganized":false,"panel_title":"Edmonton","display_label":"Edmonton","map_label":"48110160"},"geometry":{"type":"MultiPolygon","coordinates":[[[[-113.52132697478812,53.54090611428905],[-113.52140174333498,53.53886360417141],[-113.52223464440677,53.53890889864776],[-113.52315565371461,53.53916821046226],[-113.5232018743258,53.5394370057518],[-113.52314137023995,53.54095781094905],[-113.52276445665372,53.54096570015393],[-113.52132697478812,53.54090611428905]]]]}},{"type":"Feature","properties":{"DGUID":"2021S051248110161","DAUID":"48110161","LANDAREA":0.0513,"PRUID":"48","fed_num":"48015","da_code":"48110161","geo_name":"48110161","name_source":{"label":"Statistics Canada Census Profile 2021 DA WDS","url":"https://www12.statcan.gc.ca/wds-sdw/2021profile-profil2021-eng.cfm"},"population":1141,"status":"ok","source":{"label":"Statistics Canada Census Profile 2021 DA WDS","url":"https://www12.statcan.gc.ca/wds-sdw/2021profile-profil2021-eng.cfm"},"community_name":"Edmonton","community_source":{"label":"Statistics Canada 2021 census subdivision boundaries (spatial lookup)","url":"https://geo.statcan.gc.ca/geo_wa/rest/services/2021/Cartographic_boundary_files/MapServer/9"},"community_display":"Edmonton","is_unorganized":false,"panel_title":"Edmonton","display_label":"Edmonton","map_label":"48110161"},"geometry":{"type":"MultiPolygon","coordinates":[[[[-113.5232018743258,53.5394370057518],[-113.52315565371461,53.53916821046226],[-113.52400104290054,53.53926702122482],[-113.5249796498712,53.539381402325915],[-113.5249972566575,53.54094552491362],[-113.52498773404548,53.543067615289296],[-113.52314637197937,53.543070619936856],[-113.52314257845418,53.5414645501235],[-113.52314211658822,53.54128260636135],[-113.52314137023995,53.54095781094905],[-113.5232018743258,53.5394370057518]]]]}},{"type":"Feature","properties":{"DGUID":"2021S051248110163","DAUID":"48110163","LANDAREA":0.0288,"PRUID":"48","fed_num":"48015","da_code":"48110163","geo_name":"48110163","name_source":{"label":"Statistics Canada Census Profile 2021 DA WDS","url":"https://www12.statcan.gc.ca/wds-sdw/2021profile-profil2021-eng.cfm"},"population":449,"status":"ok","source":{"label":"Statistics Canada Census Profile 2021 DA WDS","url":"https://www12.statcan.gc.ca/wds-sdw/2021profile-profil2021-eng.cfm"},"community_name":"Edmonton","community_source":{"label":"Statistics Canada 2021 census subdivision boundaries (spatial lookup)","url":"https://geo.statcan.gc.ca/geo_wa/rest/services/2021/Cartographic_boundary_files/MapServer/9"},"community_display":"Edmonton","is_unorganized":false,"panel_title":"Edmonton","display_label":"Edmonton","map_label":"48110163"},"geometry":{"type":"MultiPolygon","coordinates":[[[[-113.52133175342846,53.54098690330559],[-113.52132697478812,53.54090611428905],[-113.52276445665372,53.54096570015393],[-113.52314137023995,53.54095781094905],[-113.52314211658822,53.54128260636135],[-113.52314257845418,53.5414645501235],[-113.52314637197937,53.543070619936856],[-113.52128924570596,53.54306480698944],[-113.52133175342846,53.54098690330559]]]]}},{"type":"Feature","properties":{"DGUID":"2021S051248110164","DAUID":"48110164","LANDAREA":0.029,"PRUID":"48","fed_num":"48015","da_code":"48110164","geo_name":"48110164","name_source":{"label":"Statistics Canada Census Profile 2021 DA WDS","url":"https://www12.statcan.gc.ca/wds-sdw/2021profile-profil2021-eng.cfm"},"population":452,"status":"ok","source":{"label":"Statistics Canada Census Profile 2021 DA WDS","url":"https://www12.statcan.gc.ca/wds-sdw/2021profile-profil2021-eng.cfm"},"community_name":"Edmonton","community_source":{"label":"Statistics Canada 2021 census subdivision boundaries (spatial lookup)","url":"https://geo.statcan.gc.ca/geo_wa/rest/services/2021/Cartographic_boundary_files/MapServer/9"},"community_display":"Edmonton","is_unorganized":false,"panel_title":"Edmonton","display_label":"Edmonton","map_label":"48110164"},"geometry":{"type":"MultiPolygon","coordinates":[[[[-113.519446247406,53.543040716934385],[-113.519473251867,53.5409542157849],[-113.52012257849951,53.54095851777176],[-113.52067713416155,53.540892913418986],[-113.52132697478812,53.54090611428905],[-113.52133175342846,53.54098690330559],[-113.52128924570596,53.54306480698944],[-113.519446247406,53.543040716934385]]]]}},{"type":"Feature","properties":{"DGUID":"2021S051248110165","DAUID":"48110165","LANDAREA":0.0284,"PRUID":"48","fed_num":"48015","da_code":"48110165","geo_name":"48110165","name_source":{"label":"Statistics Canada Census Profile 2021 DA WDS","url":"https://www12.statcan.gc.ca/wds-sdw/2021profile-profil2021-eng.cfm"},"population":480,"status":"ok","source":{"label":"Statistics Canada Census Profile 2021 DA WDS","url":"https://www12.statcan.gc.ca/wds-sdw/2021profile-profil2021-eng.cfm"},"community_name":"Edmonton","community_source":{"label":"Statistics Canada 2021 census subdivision boundaries (spatial lookup)","url":"https://geo.statcan.gc.ca/geo_wa/rest/services/2021/Cartographic_boundary_files/MapServer/9"},"community_display":"Edmonton","is_unorganized":false,"panel_title":"Edmonton","display_label":"Edmonton","map_label":"48110165"},"geometry":{"type":"MultiPolygon","coordinates":[[[[-113.5176193488714,53.543034297935776],[-113.51762027306553,53.542852841895396],[-113.51763027514228,53.54093011182715],[-113.519473251867,53.5409542157849],[-113.519446247406,53.543040716934385],[-113.5176193488714,53.543034297935776]]]]}},{"type":"Feature","properties":{"DGUID":"2021S051248110166","DAUID":"48110166","LANDAREA":0.0581,"PRUID":"48","fed_num":"48015","da_code":"48110166","geo_name":"48110166","name_source":{"label":"Statistics Canada Census Profile 2021 DA WDS","url":"https://www12.statcan.gc.ca/wds-sdw/2021profile-profil2021-eng.cfm"},"population":598,"status":"ok","source":{"label":"Statistics Canada Census Profile 2021 DA WDS","url":"https://www12.statcan.gc.ca/wds-sdw/2021profile-profil2021-eng.cfm"},"community_name":"Edmonton","community_source":{"label":"Statistics Canada 2021 census subdivision boundaries (spatial lookup)","url":"https://geo.statcan.gc.ca/geo_wa/rest/services/2021/Cartographic_boundary_files/MapServer/9"},"community_display":"Edmonton","is_unorganized":false,"panel_title":"Edmonton","display_label":"Edmonton","map_label":"48110166"},"geometry":{"type":"MultiPolygon","coordinates":[[[[-113.51392132175769,53.54304020433233],[-113.5139319238129,53.540927004616734],[-113.51581806419706,53.540914306686496],[-113.51763027514228,53.54093011182715],[-113.51762027306553,53.542852841895396],[-113.5176193488714,53.543034297935776],[-113.51582474991714,53.543063119967336],[-113.51392132175769,53.54304020433233]]]]}},{"type":"Feature","properties":{"DGUID":"2021S051248110167","DAUID":"48110167","LANDAREA":0.0637,"PRUID":"48","fed_num":"48015","da_code":"48110167","geo_name":"48110167","name_source":{"label":"Statistics Canada Census Profile 2021 DA WDS","url":"https://www12.statcan.gc.ca/wds-sdw/2021profile-profil2021-eng.cfm"},"population":605,"status":"ok","source":{"label":"Statistics Canada Census Profile 2021 DA WDS","url":"https://www12.statcan.gc.ca/wds-sdw/2021profile-profil2021-eng.cfm"},"community_name":"Edmonton","community_source":{"label":"Statistics Canada 2021 census subdivision boundaries (spatial lookup)","url":"https://geo.statcan.gc.ca/geo_wa/rest/services/2021/Cartographic_boundary_files/MapServer/9"},"community_display":"Edmonton","is_unorganized":false,"panel_title":"Edmonton","display_label":"Edmonton","map_label":"48110167"},"geometry":{"type":"MultiPolygon","coordinates":[[[[-113.51392353268376,53.54460461127683],[-113.51392132175769,53.54304020433233],[-113.51582474991714,53.543063119967336],[-113.5176193488714,53.543034297935776],[-113.519446247406,53.543040716934385],[-113.51946373677738,53.544604823977025],[-113.51765232667275,53.544607012395836],[-113.5157957143391,53.54461021466245],[-113.51392353268376,53.54460461127683]]]]}},{"type":"Feature","properties":{"DGUID":"2021S051248110169","DAUID":"48110169","LANDAREA":0.0515,"PRUID":"48","fed_num":"48015","da_code":"48110169","geo_name":"48110169","name_source":{"label":"Statistics Canada Census Profile 2021 DA WDS","url":"https://www12.statcan.gc.ca/wds-sdw/2021profile-profil2021-eng.cfm"},"population":608,"status":"ok","source":{"label":"Statistics Canada Census Profile 2021 DA WDS","url":"https://www12.statcan.gc.ca/wds-sdw/2021profile-profil2021-eng.cfm"},"community_name":"Edmonton","community_source":{"label":"Statistics Canada 2021 census subdivision boundaries (spatial lookup)","url":"https://geo.statcan.gc.ca/geo_wa/rest/services/2021/Cartographic_boundary_files/MapServer/9"},"community_display":"Edmonton","is_unorganized":false,"panel_title":"Edmonton","display_label":"Edmonton","map_label":"48110169"},"geometry":{"type":"MultiPolygon","coordinates":[[[[-113.51764362556118,53.54573112481934],[-113.51765232667275,53.544607012395836],[-113.51946373677738,53.544604823977025],[-113.519446247406,53.543040716934385],[-113.52128924570596,53.54306480698944],[-113.52129015569426,53.54460231401099],[-113.52129764627607,53.54574402233102],[-113.51944041766346,53.54573822613257],[-113.51764362556118,53.54573112481934]]]]}},{"type":"Feature","properties":{"DGUID":"2021S051248110170","DAUID":"48110170","LANDAREA":0.0654,"PRUID":"48","fed_num":"48015","da_code":"48110170","geo_name":"48110170","name_source":{"label":"Statistics Canada Census Profile 2021 DA WDS","url":"https://www12.statcan.gc.ca/wds-sdw/2021profile-profil2021-eng.cfm"},"population":422,"status":"ok","source":{"label":"Statistics Canada Census Profile 2021 DA WDS","url":"https://www12.statcan.gc.ca/wds-sdw/2021profile-profil2021-eng.cfm"},"community_name":"Edmonton","community_source":{"label":"Statistics Canada 2021 census subdivision boundaries (spatial lookup)","url":"https://geo.statcan.gc.ca/geo_wa/rest/services/2021/Cartographic_boundary_files/MapServer/9"},"community_display":"Edmonton","is_unorganized":false,"panel_title":"Edmonton","display_label":"Edmonton","map_label":"48110170"},"geometry":{"type":"MultiPolygon","coordinates":[[[[-113.52129764627607,53.54574402233102],[-113.52129015569426,53.54460231401099],[-113.52128924570596,53.54306480698944],[-113.52314637197937,53.543070619936856],[-113.52498773404548,53.543067615289296],[-113.52498984634579,53.5446231243906],[-113.52314724347286,53.54460801293597],[-113.52315322457694,53.54572281300711],[-113.52322404035507,53.54615292497372],[-113.52322884684345,53.54617724135743],[-113.52323359228778,53.546201377050046],[-113.52324055061766,53.54628972726275],[-113.52315671987176,53.54628921961984],[-113.52128491600338,53.54629271936893],[-113.52129200101433,53.54615771515365],[-113.52129764627607,53.54574402233102]]]]}},{"type":"Feature","properties":{"DGUID":"2021S051248110171","DAUID":"48110171","LANDAREA":0.0629,"PRUID":"48","fed_num":"48015","da_code":"48110171","geo_name":"48110171","name_source":{"label":"Statistics Canada Census Profile 2021 DA WDS","url":"https://www12.statcan.gc.ca/wds-sdw/2021profile-profil2021-eng.cfm"},"population":615,"status":"ok","source":{"label":"Statistics Canada Census Profile 2021 DA WDS","url":"https://www12.statcan.gc.ca/wds-sdw/2021profile-profil2021-eng.cfm"},"community_name":"Edmonton","community_source":{"label":"Statistics Canada 2021 census subdivision boundaries (spatial lookup)","url":"https://geo.statcan.gc.ca/geo_wa/rest/services/2021/Cartographic_boundary_files/MapServer/9"},"community_display":"Edmonton","is_unorganized":false,"panel_title":"Edmonton","display_label":"Edmonton","map_label":"48110171"},"geometry":{"type":"MultiPolygon","coordinates":[[[[-113.52498984634579,53.5446231243906],[-113.52498773404548,53.543067615289296],[-113.52685936257384,53.54306410631773],[-113.5286711440413,53.54307070789002],[-113.52865615995081,53.54459050801131],[-113.52865783529668,53.54529293175874],[-113.52865994284089,53.54617291703169],[-113.52681834172505,53.5461759205905],[-113.52686092159236,53.54461051327222],[-113.52498984634579,53.5446231243906]]]]}},{"type":"Feature","properties":{"DGUID":"2021S051248110172","DAUID":"48110172","LANDAREA":0.0485,"PRUID":"48","fed_num":"48015","da_code":"48110172","geo_name":"48110172","name_source":{"label":"Statistics Canada Census Profile 2021 DA WDS","url":"https://www12.statcan.gc.ca/wds-sdw/2021profile-profil2021-eng.cfm"},"population":476,"status":"ok","source":{"label":"Statistics Canada Census Profile 2021 DA WDS","url":"https://www12.statcan.gc.ca/wds-sdw/2021profile-profil2021-eng.cfm"},"community_name":"Edmonton","community_source":{"label":"Statistics Canada 2021 census subdivision boundaries (spatial lookup)","url":"https://geo.statcan.gc.ca/geo_wa/rest/services/2021/Cartographic_boundary_files/MapServer/9"},"community_display":"Edmonton","is_unorganized":false,"panel_title":"Edmonton","display_label":"Edmonton","map_label":"48110172"},"geometry":{"type":"MultiPolygon","coordinates":[[[[-113.52865615995081,53.54459050801131],[-113.5286711440413,53.54307070789002],[-113.5307527489125,53.543044628191694],[-113.5307550341304,53.544600016380194],[-113.53076325042309,53.54600252848679],[-113.53083144575008,53.54624510104627],[-113.5305187559175,53.54620551816751],[-113.52865994284089,53.54617291703169],[-113.52865783529668,53.54529293175874],[-113.52865615995081,53.54459050801131]]]]}},{"type":"Feature","properties":{"DGUID":"2021S051248110173","DAUID":"48110173","LANDAREA":0.0332,"PRUID":"48","fed_num":"48015","da_code":"48110173","geo_name":"48110173","name_source":{"label":"Statistics Canada Census Profile 2021 DA WDS","url":"https://www12.statcan.gc.ca/wds-sdw/2021profile-profil2021-eng.cfm"},"population":825,"status":"ok","source":{"label":"Statistics Canada Census Profile 2021 DA WDS","url":"https://www12.statcan.gc.ca/wds-sdw/2021profile-profil2021-eng.cfm"},"community_name":"Edmonton","community_source":{"label":"Statistics Canada 2021 census subdivision boundaries (spatial lookup)","url":"https://geo.statcan.gc.ca/geo_wa/rest/services/2021/Cartographic_boundary_files/MapServer/9"},"community_display":"Edmonton","is_unorganized":false,"panel_title":"Edmonton","display_label":"Edmonton","map_label":"48110173"},"geometry":{"type":"MultiPolygon","coordinates":[[[[-113.5286711440413,53.54307070789002],[-113.52861916883062,53.540931908301516],[-113.53083786641561,53.540929903371506],[-113.53075977283908,53.5411383108031],[-113.53075789717441,53.54164586007301],[-113.5307527489125,53.543044628191694],[-113.5286711440413,53.54307070789002]]]]}},{"type":"Feature","properties":{"DGUID":"2021S051248110174","DAUID":"48110174","LANDAREA":0.0571,"PRUID":"48","fed_num":"48015","da_code":"48110174","geo_name":"48110174","name_source":{"label":"Statistics Canada Census Profile 2021 DA WDS","url":"https://www12.statcan.gc.ca/wds-sdw/2021profile-profil2021-eng.cfm"},"population":911,"status":"ok","source":{"label":"Statistics Canada Census Profile 2021 DA WDS","url":"https://www12.statcan.gc.ca/wds-sdw/2021profile-profil2021-eng.cfm"},"community_name":"Edmonton","community_source":{"label":"Statistics Canada 2021 census subdivision boundaries (spatial lookup)","url":"https://geo.statcan.gc.ca/geo_wa/rest/services/2021/Cartographic_boundary_files/MapServer/9"},"community_display":"Edmonton","is_unorganized":false,"panel_title":"Edmonton","display_label":"Edmonton","map_label":"48110174"},"geometry":{"type":"MultiPolygon","coordinates":[[[[-113.52498773404548,53.543067615289296],[-113.5249972566575,53.54094552491362],[-113.52683967411465,53.54096051958437],[-113.52831299777911,53.540936831695426],[-113.52861916883062,53.540931908301516],[-113.5286711440413,53.54307070789002],[-113.52685936257384,53.54306410631773],[-113.52498773404548,53.543067615289296]]]]}},{"type":"Feature","properties":{"DGUID":"2021S051248110176","DAUID":"48110176","LANDAREA":0.1008,"PRUID":"48","fed_num":"48015","da_code":"48110176","geo_name":"48110176","name_source":{"label":"Statistics Canada Census Profile 2021 DA WDS","url":"https://www12.statcan.gc.ca/wds-sdw/2021profile-profil2021-eng.cfm"},"population":470,"status":"ok","source":{"label":"Statistics Canada Census Profile 2021 DA WDS","url":"https://www12.statcan.gc.ca/wds-sdw/2021profile-profil2021-eng.cfm"},"community_name":"Edmonton","community_source":{"label":"Statistics Canada 2021 census subdivision boundaries (spatial lookup)","url":"https://geo.statcan.gc.ca/geo_wa/rest/services/2021/Cartographic_boundary_files/MapServer/9"},"community_display":"Edmonton","is_unorganized":false,"panel_title":"Edmonton","display_label":"Edmonton","map_label":"48110176"},"geometry":{"type":"MultiPolygon","coordinates":[[[[-113.53413708239727,53.54460932453256],[-113.53237085019428,53.54461082592182],[-113.5324350676007,53.54644362213818],[-113.53083144575008,53.54624510104627],[-113.53076325042309,53.54600252848679],[-113.5307550341304,53.544600016380194],[-113.5307527489125,53.543044628191694],[-113.53090354257877,53.54304141811687],[-113.53233786218135,53.54304702616049],[-113.53411906945837,53.54304522334436],[-113.53591524544825,53.543043107588545],[-113.53596587558268,53.54313192072052],[-113.53592317355317,53.54393312442385],[-113.53590314961393,53.5446078296182],[-113.53589024241784,53.544923780188086],[-113.535828779894,53.54513092626317],[-113.5358239083321,53.54622669691814],[-113.53415839433326,53.54620885382764],[-113.53413708239727,53.54460932453256]]]]}},{"type":"Feature","properties":{"DGUID":"2021S051248110177","DAUID":"48110177","LANDAREA":0.0249,"PRUID":"48","fed_num":"48015","da_code":"48110177","geo_name":"48110177","name_source":{"label":"Statistics Canada Census Profile 2021 DA WDS","url":"https://www12.statcan.gc.ca/wds-sdw/2021profile-profil2021-eng.cfm"},"population":447,"status":"ok","source":{"label":"Statistics Canada Census Profile 2021 DA WDS","url":"https://www12.statcan.gc.ca/wds-sdw/2021profile-profil2021-eng.cfm"},"community_name":"Edmonton","community_source":{"label":"Statistics Canada 2021 census subdivision boundaries (spatial lookup)","url":"https://geo.statcan.gc.ca/geo_wa/rest/services/2021/Cartographic_boundary_files/MapServer/9"},"community_display":"Edmonton","is_unorganized":false,"panel_title":"Edmonton","display_label":"Edmonton","map_label":"48110177"},"geometry":{"type":"MultiPolygon","coordinates":[[[[-113.5324350676007,53.54644362213818],[-113.53237085019428,53.54461082592182],[-113.53413708239727,53.54460932453256],[-113.53415839433326,53.54620885382764],[-113.53412316473853,53.54665061726997],[-113.53320867998133,53.546538471163466],[-113.5324350676007,53.54644362213818]]]]}},{"type":"Feature","properties":{"DGUID":"2021S051248110178","DAUID":"48110178","LANDAREA":0.2604,"PRUID":"48","fed_num":"48015","da_code":"48110178","geo_name":"48110178","name_source":{"label":"Statistics Canada Census Profile 2021 DA WDS","url":"https://www12.statcan.gc.ca/wds-sdw/2021profile-profil2021-eng.cfm"},"population":479,"status":"ok","source":{"label":"Statistics Canada Census Profile 2021 DA WDS","url":"https://www12.statcan.gc.ca/wds-sdw/2021profile-profil2021-eng.cfm"},"community_name":"Edmonton","community_source":{"label":"Statistics Canada 2021 census subdivision boundaries (spatial lookup)","url":"https://geo.statcan.gc.ca/geo_wa/rest/services/2021/Cartographic_boundary_files/MapServer/9"},"community_display":"Edmonton","is_unorganized":false,"panel_title":"Edmonton","display_label":"Edmonton","map_label":"48110178"},"geometry":{"type":"MultiPolygon","coordinates":[[[[-113.54224116602713,53.547686738465224],[-113.54115203047263,53.54755633296706],[-113.54116589609733,53.547786853078705],[-113.53944535455642,53.547796433969545],[-113.53766407563819,53.547798346022375],[-113.5359279894533,53.547799232507906],[-113.53414716037022,53.54781003416962],[-113.53412316473853,53.54665061726997],[-113.53415839433326,53.54620885382764],[-113.5358239083321,53.54622669691814],[-113.535828779894,53.54513092626317],[-113.53589024241784,53.544923780188086],[-113.53590314961393,53.5446078296182],[-113.53592317355317,53.54393312442385],[-113.53596587558268,53.54313192072052],[-113.53591524544825,53.543043107588545],[-113.53767967546669,53.54301461698409],[-113.53931165508648,53.54304291373982],[-113.53951067754964,53.54303990479286],[-113.54031562185627,53.54303556415411],[-113.54033743275242,53.54357262857207],[-113.54042325427638,53.543855235418754],[-113.54056327932942,53.54405581675188],[-113.54077060888699,53.54424832350649],[-113.54102286319645,53.54440374147249],[-113.54131864014857,53.544528450751145],[-113.5418702658787,53.544728029264185],[-113.54214669491432,53.544872173085615],[-113.5423000599465,53.54500856819449],[-113.5424222127714,53.5451791845339],[-113.54254792840761,53.54545950867149],[-113.54265312769526,53.54562753881159],[-113.542811034905,53.54576297510116],[-113.54301310476556,53.54588601383261],[-113.54323423611086,53.54598046730418],[-113.54386472473837,53.54614803598726],[-113.5440774215875,53.54621973847267],[-113.54431315697337,53.546338707565404],[-113.54450000872801,53.54651407835887],[-113.5446149626056,53.54669846849427],[-113.54478498096798,53.54701852873886],[-113.54489490569811,53.54714261081775],[-113.5457909640431,53.54787724941608],[-113.54534287757558,53.547958733968535],[-113.54498269992534,53.547993354717526],[-113.54460188460648,53.547988718084255],[-113.54337390417447,53.547825929043476],[-113.5429004315026,53.54776861714441],[-113.54224116602713,53.547686738465224]]]]}},{"type":"Feature","properties":{"DGUID":"2021S051248110179","DAUID":"48110179","LANDAREA":0.1464,"PRUID":"48","fed_num":"48015","da_code":"48110179","geo_name":"48110179","name_source":{"label":"Statistics Canada Census Profile 2021 DA WDS","url":"https://www12.statcan.gc.ca/wds-sdw/2021profile-profil2021-eng.cfm"},"population":453,"status":"ok","source":{"label":"Statistics Canada Census Profile 2021 DA WDS","url":"https://www12.statcan.gc.ca/wds-sdw/2021profile-profil2021-eng.cfm"},"community_name":"Edmonton","community_source":{"label":"Statistics Canada 2021 census subdivision boundaries (spatial lookup)","url":"https://geo.statcan.gc.ca/geo_wa/rest/services/2021/Cartographic_boundary_files/MapServer/9"},"community_display":"Edmonton","is_unorganized":false,"panel_title":"Edmonton","display_label":"Edmonton","map_label":"48110179"},"geometry":{"type":"MultiPolygon","coordinates":[[[[-113.53413448144158,53.54936572867346],[-113.53414716037022,53.54781003416962],[-113.5359279894533,53.547799232507906],[-113.53766407563819,53.547798346022375],[-113.53944535455642,53.547796433969545],[-113.53944905924327,53.549369846492816],[-113.54118576616605,53.549377858752024],[-113.54115608328209,53.55089804914267],[-113.54116417759522,53.55103276999422],[-113.53945806111993,53.5510330513316],[-113.53764646924908,53.551035551357415],[-113.53589863039028,53.550973177063824],[-113.5341707798989,53.55098335555645],[-113.53413448144158,53.54936572867346]]]]}},{"type":"Feature","properties":{"DGUID":"2021S051248110180","DAUID":"48110180","LANDAREA":0.1843,"PRUID":"48","fed_num":"48015","da_code":"48110180","geo_name":"48110180","name_source":{"label":"Statistics Canada Census Profile 2021 DA WDS","url":"https://www12.statcan.gc.ca/wds-sdw/2021profile-profil2021-eng.cfm"},"population":449,"status":"ok","source":{"label":"Statistics Canada Census Profile 2021 DA WDS","url":"https://www12.statcan.gc.ca/wds-sdw/2021profile-profil2021-eng.cfm"},"community_name":"Edmonton","community_source":{"label":"Statistics Canada 2021 census subdivision boundaries (spatial lookup)","url":"https://geo.statcan.gc.ca/geo_wa/rest/services/2021/Cartographic_boundary_files/MapServer/9"},"community_display":"Edmonton","is_unorganized":false,"panel_title":"Edmonton","display_label":"Edmonton","map_label":"48110180"},"geometry":{"type":"MultiPolygon","coordinates":[[[[-113.53944905924327,53.549369846492816],[-113.53944535455642,53.547796433969545],[-113.54116589609733,53.547786853078705],[-113.54115203047263,53.54755633296706],[-113.54224116602713,53.547686738465224],[-113.5429004315026,53.54776861714441],[-113.54337390417447,53.547825929043476],[-113.54460188460648,53.547988718084255],[-113.54498269992534,53.547993354717526],[-113.54534287757558,53.547958733968535],[-113.5457909640431,53.54787724941608],[-113.54617910290715,53.54820016309077],[-113.54647301426847,53.548408124191994],[-113.5468632858836,53.54862239185661],[-113.54776817582399,53.548990749909755],[-113.54829993003534,53.54928658777267],[-113.54855828223924,53.549486737371744],[-113.54876958112771,53.54971096039386],[-113.54966937689002,53.55088573120353],[-113.54967079245897,53.55088756181343],[-113.54978386826453,53.55105196887674],[-113.5489570613535,53.551065417471165],[-113.5479035002874,53.55105941260313],[-113.54695579710112,53.551053578112686],[-113.54623598998964,53.55101475529141],[-113.54450040207313,53.55102466450143],[-113.54282445986789,53.55102435518357],[-113.54116417759522,53.55103276999422],[-113.54115608328209,53.55089804914267],[-113.54118576616605,53.549377858752024],[-113.53944905924327,53.549369846492816]]]]}},{"type":"Feature","properties":{"DGUID":"2021S051248110181","DAUID":"48110181","LANDAREA":0.1296,"PRUID":"48","fed_num":"48015","da_code":"48110181","geo_name":"48110181","name_source":{"label":"Statistics Canada Census Profile 2021 DA WDS","url":"https://www12.statcan.gc.ca/wds-sdw/2021profile-profil2021-eng.cfm"},"population":522,"status":"ok","source":{"label":"Statistics Canada Census Profile 2021 DA WDS","url":"https://www12.statcan.gc.ca/wds-sdw/2021profile-profil2021-eng.cfm"},"community_name":"Edmonton","community_source":{"label":"Statistics Canada 2021 census subdivision boundaries (spatial lookup)","url":"https://geo.statcan.gc.ca/geo_wa/rest/services/2021/Cartographic_boundary_files/MapServer/9"},"community_display":"Edmonton","is_unorganized":false,"panel_title":"Edmonton","display_label":"Edmonton","map_label":"48110181"},"geometry":{"type":"MultiPolygon","coordinates":[[[[-113.5428034713389,53.55394695842578],[-113.54121797022898,53.55394475564008],[-113.5412198329573,53.55399312134064],[-113.53940776484843,53.55397426280425],[-113.53941277257,53.55254455169616],[-113.53763129542327,53.55254634856098],[-113.53764646924908,53.551035551357415],[-113.53945806111993,53.5510330513316],[-113.54116417759522,53.55103276999422],[-113.54282445986789,53.55102435518357],[-113.54450040207313,53.55102466450143],[-113.54450037680665,53.55253525026568],[-113.5444934946612,53.55392897203011],[-113.5428034713389,53.55394695842578]]]]}},{"type":"Feature","properties":{"DGUID":"2021S051248110182","DAUID":"48110182","LANDAREA":0.2195,"PRUID":"48","fed_num":"48015","da_code":"48110182","geo_name":"48110182","name_source":{"label":"Statistics Canada Census Profile 2021 DA WDS","url":"https://www12.statcan.gc.ca/wds-sdw/2021profile-profil2021-eng.cfm"},"population":566,"status":"ok","source":{"label":"Statistics Canada Census Profile 2021 DA WDS","url":"https://www12.statcan.gc.ca/wds-sdw/2021profile-profil2021-eng.cfm"},"community_name":"Edmonton","community_source":{"label":"Statistics Canada 2021 census subdivision boundaries (spatial lookup)","url":"https://geo.statcan.gc.ca/geo_wa/rest/services/2021/Cartographic_boundary_files/MapServer/9"},"community_display":"Edmonton","is_unorganized":false,"panel_title":"Edmonton","display_label":"Edmonton","map_label":"48110182"},"geometry":{"type":"MultiPolygon","coordinates":[[[[-113.54449958118386,53.55730057065622],[-113.54449629127178,53.55548446998689],[-113.5444934946612,53.55392897203011],[-113.54450037680665,53.55253525026568],[-113.54450040207313,53.55102466450143],[-113.54623598998964,53.55101475529141],[-113.54695579710112,53.551053578112686],[-113.5479035002874,53.55105941260313],[-113.5489570613535,53.551065417471165],[-113.54978386826453,53.55105196887674],[-113.54978661288771,53.551055952614675],[-113.55045408121768,53.55236336914283],[-113.55060498342883,53.552863661059675],[-113.55071120224356,53.55362566514562],[-113.55072597358232,53.554386273905436],[-113.55074710665143,53.55547705428021],[-113.549554195524,53.555475555830775],[-113.54786349900807,53.55548465089192],[-113.5461723726145,53.555484655103776],[-113.54617629852893,53.557309876250436],[-113.54449958118386,53.55730057065622]]]]}},{"type":"Feature","properties":{"DGUID":"2021S051248110183","DAUID":"48110183","LANDAREA":0.2065,"PRUID":"48","fed_num":"48015","da_code":"48110183","geo_name":"48110183","name_source":{"label":"Statistics Canada Census Profile 2021 DA WDS","url":"https://www12.statcan.gc.ca/wds-sdw/2021profile-profil2021-eng.cfm"},"population":523,"status":"ok","source":{"label":"Statistics Canada Census Profile 2021 DA WDS","url":"https://www12.statcan.gc.ca/wds-sdw/2021profile-profil2021-eng.cfm"},"community_name":"Edmonton","community_source":{"label":"Statistics Canada 2021 census subdivision boundaries (spatial lookup)","url":"https://geo.statcan.gc.ca/geo_wa/rest/services/2021/Cartographic_boundary_files/MapServer/9"},"community_display":"Edmonton","is_unorganized":false,"panel_title":"Edmonton","display_label":"Edmonton","map_label":"48110183"},"geometry":{"type":"MultiPolygon","coordinates":[[[[-113.5376337732643,53.558894090095755],[-113.53764527145293,53.55732037907275],[-113.53764057687859,53.55572907322019],[-113.53940717206606,53.55572746032776],[-113.53940776484843,53.55397426280425],[-113.5412198329573,53.55399312134064],[-113.54121797022898,53.55394475564008],[-113.5428034713389,53.55394695842578],[-113.5444934946612,53.55392897203011],[-113.54449629127178,53.55548446998689],[-113.54449958118386,53.55730057065622],[-113.5428234579902,53.557300268040635],[-113.54281269645755,53.55888296726037],[-113.54208776913957,53.55888037382584],[-113.54121189200784,53.55888107622409],[-113.53941505135585,53.55888326702366],[-113.5376337732643,53.558894090095755]]]]}},{"type":"Feature","properties":{"DGUID":"2021S051248110184","DAUID":"48110184","LANDAREA":0.1586,"PRUID":"48","fed_num":"48015","da_code":"48110184","geo_name":"48110184","name_source":{"label":"Statistics Canada Census Profile 2021 DA WDS","url":"https://www12.statcan.gc.ca/wds-sdw/2021profile-profil2021-eng.cfm"},"population":514,"status":"ok","source":{"label":"Statistics Canada Census Profile 2021 DA WDS","url":"https://www12.statcan.gc.ca/wds-sdw/2021profile-profil2021-eng.cfm"},"community_name":"Edmonton","community_source":{"label":"Statistics Canada 2021 census subdivision boundaries (spatial lookup)","url":"https://geo.statcan.gc.ca/geo_wa/rest/services/2021/Cartographic_boundary_files/MapServer/9"},"community_display":"Edmonton","is_unorganized":false,"panel_title":"Edmonton","display_label":"Edmonton","map_label":"48110184"},"geometry":{"type":"MultiPolygon","coordinates":[[[[-113.54281269645755,53.55888296726037],[-113.5428234579902,53.557300268040635],[-113.54449958118386,53.55730057065622],[-113.54617629852893,53.557309876250436],[-113.5461723726145,53.555484655103776],[-113.54786349900807,53.55548465089192],[-113.549554195524,53.555475555830775],[-113.55074710665143,53.55547705428021],[-113.55077659979014,53.55722077746681],[-113.55125137987733,53.55858628473013],[-113.55103699630543,53.55878867135012],[-113.55088948150541,53.558845774943165],[-113.55049037476445,53.55898918397109],[-113.54955316689971,53.55897317493461],[-113.54864179521516,53.55888465750481],[-113.54787147000017,53.55888317279467],[-113.54618027432709,53.558883159548856],[-113.54450398663792,53.5588829585443],[-113.54402493890281,53.5588829705367],[-113.54281269645755,53.55888296726037]]]]}},{"type":"Feature","properties":{"DGUID":"2021S051248110185","DAUID":"48110185","LANDAREA":0.0753,"PRUID":"48","fed_num":"48015","da_code":"48110185","geo_name":"48110185","name_source":{"label":"Statistics Canada Census Profile 2021 DA WDS","url":"https://www12.statcan.gc.ca/wds-sdw/2021profile-profil2021-eng.cfm"},"population":503,"status":"ok","source":{"label":"Statistics Canada Census Profile 2021 DA WDS","url":"https://www12.statcan.gc.ca/wds-sdw/2021profile-profil2021-eng.cfm"},"community_name":"Edmonton","community_source":{"label":"Statistics Canada 2021 census subdivision boundaries (spatial lookup)","url":"https://geo.statcan.gc.ca/geo_wa/rest/services/2021/Cartographic_boundary_files/MapServer/9"},"community_display":"Edmonton","is_unorganized":false,"panel_title":"Edmonton","display_label":"Edmonton","map_label":"48110185"},"geometry":{"type":"MultiPolygon","coordinates":[[[[-113.53765356931659,53.56048517890285],[-113.5376337732643,53.558894090095755],[-113.53941505135585,53.55888326702366],[-113.54121189200784,53.55888107622409],[-113.54208776913957,53.55888037382584],[-113.54281269645755,53.55888296726037],[-113.54402493890281,53.5588829705367],[-113.54404485253693,53.56048324545812],[-113.5436788680992,53.56048297030729],[-113.54281817235947,53.56048326541002],[-113.54120166594083,53.560472671922774],[-113.53942038468864,53.56048356469417],[-113.53765356931659,53.56048517890285]]]]}},{"type":"Feature","properties":{"DGUID":"2021S051248110186","DAUID":"48110186","LANDAREA":0.1576,"PRUID":"48","fed_num":"48015","da_code":"48110186","geo_name":"48110186","name_source":{"label":"Statistics Canada Census Profile 2021 DA WDS","url":"https://www12.statcan.gc.ca/wds-sdw/2021profile-profil2021-eng.cfm"},"population":686,"status":"ok","source":{"label":"Statistics Canada Census Profile 2021 DA WDS","url":"https://www12.statcan.gc.ca/wds-sdw/2021profile-profil2021-eng.cfm"},"community_name":"Edmonton","community_source":{"label":"Statistics Canada 2021 census subdivision boundaries (spatial lookup)","url":"https://geo.statcan.gc.ca/geo_wa/rest/services/2021/Cartographic_boundary_files/MapServer/9"},"community_display":"Edmonton","is_unorganized":false,"panel_title":"Edmonton","display_label":"Edmonton","map_label":"48110186"},"geometry":{"type":"MultiPolygon","coordinates":[[[[-113.53410498823321,53.560488487915165],[-113.53410259082696,53.558933085705796],[-113.53594308862623,53.55890296359304],[-113.5376337732643,53.558894090095755],[-113.53765356931659,53.56048517890285],[-113.53942038468864,53.56048356469417],[-113.54120166594083,53.560472671922774],[-113.54281817235947,53.56048326541002],[-113.5436788680992,53.56048297030729],[-113.54394179393492,53.561088779268964],[-113.54439326547678,53.5620681825235],[-113.54280736889264,53.562065987656325],[-113.54119135912086,53.562064374179656],[-113.53942505796925,53.56207488172481],[-113.53764319439824,53.56207677990075],[-113.53596687791914,53.562076395177534],[-113.53409438538058,53.56208018728524],[-113.53410498823321,53.560488487915165]]]]}},{"type":"Feature","properties":{"DGUID":"2021S051248110187","DAUID":"48110187","LANDAREA":0.0831,"PRUID":"48","fed_num":"48015","da_code":"48110187","geo_name":"48110187","name_source":{"label":"Statistics Canada Census Profile 2021 DA WDS","url":"https://www12.statcan.gc.ca/wds-sdw/2021profile-profil2021-eng.cfm"},"population":414,"status":"ok","source":{"label":"Statistics Canada Census Profile 2021 DA WDS","url":"https://www12.statcan.gc.ca/wds-sdw/2021profile-profil2021-eng.cfm"},"community_name":"Edmonton","community_source":{"label":"Statistics Canada 2021 census subdivision boundaries (spatial lookup)","url":"https://geo.statcan.gc.ca/geo_wa/rest/services/2021/Cartographic_boundary_files/MapServer/9"},"community_display":"Edmonton","is_unorganized":false,"panel_title":"Edmonton","display_label":"Edmonton","map_label":"48110187"},"geometry":{"type":"MultiPolygon","coordinates":[[[[-113.53409636937268,53.55731477421173],[-113.53409238214117,53.55573236374955],[-113.53591928101132,53.55572966809049],[-113.53764057687859,53.55572907322019],[-113.53764527145293,53.55732037907275],[-113.5376337732643,53.558894090095755],[-113.53594308862623,53.55890296359304],[-113.53410259082696,53.558933085705796],[-113.53409828623889,53.55886117568738],[-113.53409636937268,53.55731477421173]]]]}},{"type":"Feature","properties":{"DGUID":"2021S051248110188","DAUID":"48110188","LANDAREA":0.1867,"PRUID":"48","fed_num":"48015","da_code":"48110188","geo_name":"48110188","name_source":{"label":"Statistics Canada Census Profile 2021 DA WDS","url":"https://www12.statcan.gc.ca/wds-sdw/2021profile-profil2021-eng.cfm"},"population":473,"status":"ok","source":{"label":"Statistics Canada Census Profile 2021 DA WDS","url":"https://www12.statcan.gc.ca/wds-sdw/2021profile-profil2021-eng.cfm"},"community_name":"Edmonton","community_source":{"label":"Statistics Canada 2021 census subdivision boundaries (spatial lookup)","url":"https://geo.statcan.gc.ca/geo_wa/rest/services/2021/Cartographic_boundary_files/MapServer/9"},"community_display":"Edmonton","is_unorganized":false,"panel_title":"Edmonton","display_label":"Edmonton","map_label":"48110188"},"geometry":{"type":"MultiPolygon","coordinates":[[[[-113.53095381656303,53.55115285094568],[-113.5309402146836,53.55099344162199],[-113.53243457137253,53.55098423399813],[-113.5341707798989,53.55098335555645],[-113.53416216691127,53.551091454284546],[-113.53409188895336,53.55244164363471],[-113.53408327541317,53.55254974278369],[-113.53409268374736,53.553970149080634],[-113.53409238214117,53.55573236374955],[-113.53409636937268,53.55731477421173],[-113.53409828623889,53.55886117568738],[-113.53410259082696,53.558933085705796],[-113.53241177941764,53.5589418647085],[-113.5316563682758,53.55893840874091],[-113.53091516660047,53.55893501887551],[-113.53091602647214,53.55885897789879],[-113.53092228286964,53.558300949334416],[-113.53090820753695,53.5573127433921],[-113.53088574584967,53.55603468314906],[-113.53091650842626,53.5539580482426],[-113.53095381656303,53.55115285094568]]]]}},{"type":"Feature","properties":{"DGUID":"2021S051248110189","DAUID":"48110189","LANDAREA":0.1652,"PRUID":"48","fed_num":"48015","da_code":"48110189","geo_name":"48110189","name_source":{"label":"Statistics Canada Census Profile 2021 DA WDS","url":"https://www12.statcan.gc.ca/wds-sdw/2021profile-profil2021-eng.cfm"},"population":568,"status":"ok","source":{"label":"Statistics Canada Census Profile 2021 DA WDS","url":"https://www12.statcan.gc.ca/wds-sdw/2021profile-profil2021-eng.cfm"},"community_name":"Edmonton","community_source":{"label":"Statistics Canada 2021 census subdivision boundaries (spatial lookup)","url":"https://geo.statcan.gc.ca/geo_wa/rest/services/2021/Cartographic_boundary_files/MapServer/9"},"community_display":"Edmonton","is_unorganized":false,"panel_title":"Edmonton","display_label":"Edmonton","map_label":"48110189"},"geometry":{"type":"MultiPolygon","coordinates":[[[[-113.53416216691127,53.551091454284546],[-113.5341707798989,53.55098335555645],[-113.53589863039028,53.550973177063824],[-113.53764646924908,53.551035551357415],[-113.53763129542327,53.55254634856098],[-113.53941277257,53.55254455169616],[-113.53940776484843,53.55397426280425],[-113.53940717206606,53.55572746032776],[-113.53764057687859,53.55572907322019],[-113.53591928101132,53.55572966809049],[-113.53409238214117,53.55573236374955],[-113.53409268374736,53.553970149080634],[-113.53408327541317,53.55254974278369],[-113.53409188895336,53.55244164363471],[-113.53416216691127,53.551091454284546]]]]}},{"type":"Feature","properties":{"DGUID":"2021S051248110190","DAUID":"48110190","LANDAREA":0.4846,"PRUID":"48","fed_num":"48015","da_code":"48110190","geo_name":"48110190","name_source":{"label":"Statistics Canada Census Profile 2021 DA WDS","url":"https://www12.statcan.gc.ca/wds-sdw/2021profile-profil2021-eng.cfm"},"population":593,"status":"ok","source":{"label":"Statistics Canada Census Profile 2021 DA WDS","url":"https://www12.statcan.gc.ca/wds-sdw/2021profile-profil2021-eng.cfm"},"community_name":"Edmonton","community_source":{"label":"Statistics Canada 2021 census subdivision boundaries (spatial lookup)","url":"https://geo.statcan.gc.ca/geo_wa/rest/services/2021/Cartographic_boundary_files/MapServer/9"},"community_display":"Edmonton","is_unorganized":false,"panel_title":"Edmonton","display_label":"Edmonton","map_label":"48110190"},"geometry":{"type":"MultiPolygon","coordinates":[[[[-113.52126108006023,53.5530006252924],[-113.5212893940092,53.55144461480388],[-113.52317640585477,53.5514407257311],[-113.52572749301594,53.55143183268966],[-113.52672112973993,53.5513838383947],[-113.5288425525955,53.551006331427565],[-113.5309402146836,53.55099344162199],[-113.53095381656303,53.55115285094568],[-113.53091650842626,53.5539580482426],[-113.53088574584967,53.55603468314906],[-113.53090820753695,53.5573127433921],[-113.53092228286964,53.558300949334416],[-113.53091602647214,53.55885897789879],[-113.53091516660047,53.55893501887551],[-113.52926992592057,53.55892745925131],[-113.52883191187189,53.55892775656118],[-113.52695908460376,53.55892243766614],[-113.52540357798898,53.558919338987145],[-113.52312347318032,53.55892253385155],[-113.52311815460148,53.55883272730336],[-113.52311116946257,53.55871592190257],[-113.52311005044211,53.55768202189349],[-113.52310706091502,53.55458912334761],[-113.5212651928594,53.554592028927814],[-113.52126108006023,53.5530006252924]]]]}},{"type":"Feature","properties":{"DGUID":"2021S051248110191","DAUID":"48110191","LANDAREA":0.1438,"PRUID":"48","fed_num":"48015","da_code":"48110191","geo_name":"48110191","name_source":{"label":"Statistics Canada Census Profile 2021 DA WDS","url":"https://www12.statcan.gc.ca/wds-sdw/2021profile-profil2021-eng.cfm"},"population":616,"status":"ok","source":{"label":"Statistics Canada Census Profile 2021 DA WDS","url":"https://www12.statcan.gc.ca/wds-sdw/2021profile-profil2021-eng.cfm"},"community_name":"Edmonton","community_source":{"label":"Statistics Canada 2021 census subdivision boundaries (spatial lookup)","url":"https://geo.statcan.gc.ca/geo_wa/rest/services/2021/Cartographic_boundary_files/MapServer/9"},"community_display":"Edmonton","is_unorganized":false,"panel_title":"Edmonton","display_label":"Edmonton","map_label":"48110191"},"geometry":{"type":"MultiPolygon","coordinates":[[[[-113.51759635716455,53.55459742276377],[-113.51760758844745,53.55300571818585],[-113.51943439755864,53.55300321551254],[-113.52126108006023,53.5530006252924],[-113.5212651928594,53.554592028927814],[-113.52310706091502,53.55458912334761],[-113.52311005044211,53.55768202189349],[-113.52311116946257,53.55871592190257],[-113.52311815460148,53.55883272730336],[-113.52312347318032,53.55892253385155],[-113.52165835930865,53.558917416801215],[-113.52126576656288,53.55891673447988],[-113.52126035534424,53.558826920704405],[-113.52126745475343,53.558691935860686],[-113.52126797813608,53.55768491190907],[-113.52016546673524,53.557681120998346],[-113.51942644942598,53.55769672586565],[-113.51942724224594,53.55720222163828],[-113.51942538108779,53.55666281526164],[-113.51942488329749,53.55563782987858],[-113.51942328067986,53.554594829036446],[-113.51759635716455,53.55459742276377]]]]}},{"type":"Feature","properties":{"DGUID":"2021S051248110192","DAUID":"48110192","LANDAREA":0.1552,"PRUID":"48","fed_num":"48015","da_code":"48110192","geo_name":"48110192","name_source":{"label":"Statistics Canada Census Profile 2021 DA WDS","url":"https://www12.statcan.gc.ca/wds-sdw/2021profile-profil2021-eng.cfm"},"population":616,"status":"ok","source":{"label":"Statistics Canada Census Profile 2021 DA WDS","url":"https://www12.statcan.gc.ca/wds-sdw/2021profile-profil2021-eng.cfm"},"community_name":"Edmonton","community_source":{"label":"Statistics Canada 2021 census subdivision boundaries (spatial lookup)","url":"https://geo.statcan.gc.ca/geo_wa/rest/services/2021/Cartographic_boundary_files/MapServer/9"},"community_display":"Edmonton","is_unorganized":false,"panel_title":"Edmonton","display_label":"Edmonton","map_label":"48110192"},"geometry":{"type":"MultiPolygon","coordinates":[[[[-113.5157538627908,53.55459121514748],[-113.5157657008678,53.55300852335543],[-113.51760758844745,53.55300571818585],[-113.51759635716455,53.55459742276377],[-113.51942328067986,53.554594829036446],[-113.51942488329749,53.55563782987858],[-113.51942538108779,53.55666281526164],[-113.51942724224594,53.55720222163828],[-113.51942644942598,53.55769672586565],[-113.52016546673524,53.557681120998346],[-113.52126797813608,53.55768491190907],[-113.52126745475343,53.558691935860686],[-113.52126035534424,53.558826920704405],[-113.52126576656288,53.55891673447988],[-113.51577005531016,53.55893362501471],[-113.51576475463895,53.55884381824755],[-113.51577187413012,53.558708833879],[-113.5157718885752,53.557692822311594],[-113.51577147339245,53.55666780891196],[-113.51577107284531,53.555642822873494],[-113.5157538627908,53.55459121514748]]]]}},{"type":"Feature","properties":{"DGUID":"2021S051248110193","DAUID":"48110193","LANDAREA":0.0429,"PRUID":"48","fed_num":"48015","da_code":"48110193","geo_name":"48110193","name_source":{"label":"Statistics Canada Census Profile 2021 DA WDS","url":"https://www12.statcan.gc.ca/wds-sdw/2021profile-profil2021-eng.cfm"},"population":435,"status":"ok","source":{"label":"Statistics Canada Census Profile 2021 DA WDS","url":"https://www12.statcan.gc.ca/wds-sdw/2021profile-profil2021-eng.cfm"},"community_name":"Edmonton","community_source":{"label":"Statistics Canada 2021 census subdivision boundaries (spatial lookup)","url":"https://geo.statcan.gc.ca/geo_wa/rest/services/2021/Cartographic_boundary_files/MapServer/9"},"community_display":"Edmonton","is_unorganized":false,"panel_title":"Edmonton","display_label":"Edmonton","map_label":"48110193"},"geometry":{"type":"MultiPolygon","coordinates":[[[[-113.51208507797658,53.55459642098186],[-113.51208189053618,53.55301413310569],[-113.51392378852904,53.55301133182314],[-113.5157657008678,53.55300852335543],[-113.5157538627908,53.55459121514748],[-113.51392706811856,53.55459372498689],[-113.51208507797658,53.55459642098186]]]]}},{"type":"Feature","properties":{"DGUID":"2021S051248110194","DAUID":"48110194","LANDAREA":0.281,"PRUID":"48","fed_num":"48015","da_code":"48110194","geo_name":"48110194","name_source":{"label":"Statistics Canada Census Profile 2021 DA WDS","url":"https://www12.statcan.gc.ca/wds-sdw/2021profile-profil2021-eng.cfm"},"population":596,"status":"ok","source":{"label":"Statistics Canada Census Profile 2021 DA WDS","url":"https://www12.statcan.gc.ca/wds-sdw/2021profile-profil2021-eng.cfm"},"community_name":"Edmonton","community_source":{"label":"Statistics Canada 2021 census subdivision boundaries (spatial lookup)","url":"https://geo.statcan.gc.ca/geo_wa/rest/services/2021/Cartographic_boundary_files/MapServer/9"},"community_display":"Edmonton","is_unorganized":false,"panel_title":"Edmonton","display_label":"Edmonton","map_label":"48110194"},"geometry":{"type":"MultiPolygon","coordinates":[[[[-113.50835598299855,53.554602849513515],[-113.50838259084314,53.55301082479629],[-113.50854207680587,53.55300134277987],[-113.51024008685086,53.55301682738894],[-113.51208189053618,53.55301413310569],[-113.51208507797658,53.55459642098186],[-113.51392706811856,53.55459372498689],[-113.5157538627908,53.55459121514748],[-113.51577107284531,53.555642822873494],[-113.51577147339245,53.55666780891196],[-113.5157718885752,53.557692822311594],[-113.51577187413012,53.558708833879],[-113.51576475463895,53.55884381824755],[-113.51577005531016,53.55893362501471],[-113.51211648441081,53.55894754490851],[-113.51021458227075,53.558960559229725],[-113.50855397726609,53.558968358302444],[-113.50838811875265,53.55897185112747],[-113.50838058585232,53.55884615599761],[-113.50837848072324,53.556769259713384],[-113.50835598299855,53.554602849513515]]]]}},{"type":"Feature","properties":{"DGUID":"2021S051248110195","DAUID":"48110195","LANDAREA":0.0431,"PRUID":"48","fed_num":"48015","da_code":"48110195","geo_name":"48110195","name_source":{"label":"Statistics Canada Census Profile 2021 DA WDS","url":"https://www12.statcan.gc.ca/wds-sdw/2021profile-profil2021-eng.cfm"},"population":615,"status":"ok","source":{"label":"Statistics Canada Census Profile 2021 DA WDS","url":"https://www12.statcan.gc.ca/wds-sdw/2021profile-profil2021-eng.cfm"},"community_name":"Edmonton","community_source":{"label":"Statistics Canada 2021 census subdivision boundaries (spatial lookup)","url":"https://geo.statcan.gc.ca/geo_wa/rest/services/2021/Cartographic_boundary_files/MapServer/9"},"community_display":"Edmonton","is_unorganized":false,"panel_title":"Edmonton","display_label":"Edmonton","map_label":"48110195"},"geometry":{"type":"MultiPolygon","coordinates":[[[[-113.50838259084314,53.55301082479629],[-113.50838009288096,53.55143741343299],[-113.50854648955573,53.551442926078046],[-113.51028265571497,53.55144241671831],[-113.51214009169341,53.551448412440735],[-113.51208189053618,53.55301413310569],[-113.51024008685086,53.55301682738894],[-113.50854207680587,53.55300134277987],[-113.50838259084314,53.55301082479629]]]]}},{"type":"Feature","properties":{"DGUID":"2021S051248110196","DAUID":"48110196","LANDAREA":0.0645,"PRUID":"48","fed_num":"48015","da_code":"48110196","geo_name":"48110196","name_source":{"label":"Statistics Canada Census Profile 2021 DA WDS","url":"https://www12.statcan.gc.ca/wds-sdw/2021profile-profil2021-eng.cfm"},"population":643,"status":"ok","source":{"label":"Statistics Canada Census Profile 2021 DA WDS","url":"https://www12.statcan.gc.ca/wds-sdw/2021profile-profil2021-eng.cfm"},"community_name":"Edmonton","community_source":{"label":"Statistics Canada 2021 census subdivision boundaries (spatial lookup)","url":"https://geo.statcan.gc.ca/geo_wa/rest/services/2021/Cartographic_boundary_files/MapServer/9"},"community_display":"Edmonton","is_unorganized":false,"panel_title":"Edmonton","display_label":"Edmonton","map_label":"48110196"},"geometry":{"type":"MultiPolygon","coordinates":[[[[-113.51208189053618,53.55301413310569],[-113.51214009169341,53.551448412440735],[-113.51396686247858,53.55144591029673],[-113.51394637481242,53.54982803123807],[-113.5158031885864,53.54982492680374],[-113.51580919029793,53.55145212483866],[-113.5157657008678,53.55300852335543],[-113.51392378852904,53.55301133182314],[-113.51208189053618,53.55301413310569]]]]}},{"type":"Feature","properties":{"DGUID":"2021S051248110198","DAUID":"48110198","LANDAREA":0.0444,"PRUID":"48","fed_num":"48015","da_code":"48110198","geo_name":"48110198","name_source":{"label":"Statistics Canada Census Profile 2021 DA WDS","url":"https://www12.statcan.gc.ca/wds-sdw/2021profile-profil2021-eng.cfm"},"population":555,"status":"ok","source":{"label":"Statistics Canada Census Profile 2021 DA WDS","url":"https://www12.statcan.gc.ca/wds-sdw/2021profile-profil2021-eng.cfm"},"community_name":"Edmonton","community_source":{"label":"Statistics Canada 2021 census subdivision boundaries (spatial lookup)","url":"https://geo.statcan.gc.ca/geo_wa/rest/services/2021/Cartographic_boundary_files/MapServer/9"},"community_display":"Edmonton","is_unorganized":false,"panel_title":"Edmonton","display_label":"Edmonton","map_label":"48110198"},"geometry":{"type":"MultiPolygon","coordinates":[[[[-113.51580919029793,53.55145212483866],[-113.5158031885864,53.54982492680374],[-113.5176450042226,53.54982202285421],[-113.51948619700069,53.54981023169309],[-113.51950788610843,53.55144620927822],[-113.51765100375216,53.55144931982385],[-113.51580919029793,53.55145212483866]]]]}},{"type":"Feature","properties":{"DGUID":"2021S051248110199","DAUID":"48110199","LANDAREA":0.1063,"PRUID":"48","fed_num":"48015","da_code":"48110199","geo_name":"48110199","name_source":{"label":"Statistics Canada Census Profile 2021 DA WDS","url":"https://www12.statcan.gc.ca/wds-sdw/2021profile-profil2021-eng.cfm"},"population":754,"status":"ok","source":{"label":"Statistics Canada Census Profile 2021 DA WDS","url":"https://www12.statcan.gc.ca/wds-sdw/2021profile-profil2021-eng.cfm"},"community_name":"Edmonton","community_source":{"label":"Statistics Canada 2021 census subdivision boundaries (spatial lookup)","url":"https://geo.statcan.gc.ca/geo_wa/rest/services/2021/Cartographic_boundary_files/MapServer/9"},"community_display":"Edmonton","is_unorganized":false,"panel_title":"Edmonton","display_label":"Edmonton","map_label":"48110199"},"geometry":{"type":"MultiPolygon","coordinates":[[[[-113.5157657008678,53.55300852335543],[-113.51580919029793,53.55145212483866],[-113.51765100375216,53.55144931982385],[-113.51950788610843,53.55144620927822],[-113.51948619700069,53.54981023169309],[-113.52097998799539,53.54979672845975],[-113.52129672512801,53.549790027761965],[-113.52250881717767,53.54986341853833],[-113.5227700061147,53.54993881136732],[-113.52311560083605,53.550165221592245],[-113.52318650759926,53.5505953206098],[-113.52317640585477,53.5514407257311],[-113.5212893940092,53.55144461480388],[-113.52126108006023,53.5530006252924],[-113.51943439755864,53.55300321551254],[-113.51760758844745,53.55300571818585],[-113.5157657008678,53.55300852335543]]]]}},{"type":"Feature","properties":{"DGUID":"2021S051248110200","DAUID":"48110200","LANDAREA":0.2106,"PRUID":"48","fed_num":"48015","da_code":"48110200","geo_name":"48110200","name_source":{"label":"Statistics Canada Census Profile 2021 DA WDS","url":"https://www12.statcan.gc.ca/wds-sdw/2021profile-profil2021-eng.cfm"},"population":994,"status":"ok","source":{"label":"Statistics Canada Census Profile 2021 DA WDS","url":"https://www12.statcan.gc.ca/wds-sdw/2021profile-profil2021-eng.cfm"},"community_name":"Edmonton","community_source":{"label":"Statistics Canada 2021 census subdivision boundaries (spatial lookup)","url":"https://geo.statcan.gc.ca/geo_wa/rest/services/2021/Cartographic_boundary_files/MapServer/9"},"community_display":"Edmonton","is_unorganized":false,"panel_title":"Edmonton","display_label":"Edmonton","map_label":"48110200"},"geometry":{"type":"MultiPolygon","coordinates":[[[[-113.52122149910369,53.5482721323299],[-113.52121593982075,53.54774709107007],[-113.52142528446613,53.5477440176987],[-113.52200415748067,53.54773551606147],[-113.52679867849822,53.54777853178474],[-113.52771684578879,53.5478670880896],[-113.52871949706304,53.548088717694654],[-113.5295325815785,53.54843124005784],[-113.53011881455868,53.548813896205026],[-113.53041508406001,53.54922592196623],[-113.53072104965345,53.54986842512013],[-113.53087466358495,53.550444136717516],[-113.5309402146836,53.55099344162199],[-113.5288425525955,53.551006331427565],[-113.52672112973993,53.5513838383947],[-113.52572749301594,53.55143183268966],[-113.52317640585477,53.5514407257311],[-113.52318650759926,53.5505953206098],[-113.52311560083605,53.550165221592245],[-113.5227700061147,53.54993881136732],[-113.52250881717767,53.54986341853833],[-113.52129672512801,53.549790027761965],[-113.52122149910369,53.5482721323299]]]]}},{"type":"Feature","properties":{"DGUID":"2021S051248110201","DAUID":"48110201","LANDAREA":0.2804,"PRUID":"48","fed_num":"48015","da_code":"48110201","geo_name":"48110201","name_source":{"label":"Statistics Canada Census Profile 2021 DA WDS","url":"https://www12.statcan.gc.ca/wds-sdw/2021profile-profil2021-eng.cfm"},"population":1251,"status":"ok","source":{"label":"Statistics Canada Census Profile 2021 DA WDS","url":"https://www12.statcan.gc.ca/wds-sdw/2021profile-profil2021-eng.cfm"},"community_name":"Edmonton","community_source":{"label":"Statistics Canada 2021 census subdivision boundaries (spatial lookup)","url":"https://geo.statcan.gc.ca/geo_wa/rest/services/2021/Cartographic_boundary_files/MapServer/9"},"community_display":"Edmonton","is_unorganized":false,"panel_title":"Edmonton","display_label":"Edmonton","map_label":"48110201"},"geometry":{"type":"MultiPolygon","coordinates":[[[[-113.52121170333383,53.547346210976556],[-113.52120450834799,53.54671701480103],[-113.52128491600338,53.54629271936893],[-113.52315671987176,53.54628921961984],[-113.52324055061766,53.54628972726275],[-113.52323359228778,53.546201377050046],[-113.52322884684345,53.54617724135743],[-113.52322404035507,53.54615292497372],[-113.52315322457694,53.54572281300711],[-113.52314724347286,53.54460801293597],[-113.52498984634579,53.5446231243906],[-113.52686092159236,53.54461051327222],[-113.52681834172505,53.5461759205905],[-113.52865994284089,53.54617291703169],[-113.5305187559175,53.54620551816751],[-113.53083144575008,53.54624510104627],[-113.5324350676007,53.54644362213818],[-113.53320867998133,53.546538471163466],[-113.53412316473853,53.54665061726997],[-113.53414716037022,53.54781003416962],[-113.53413448144158,53.54936572867346],[-113.5341707798989,53.55098335555645],[-113.53243457137253,53.55098423399813],[-113.5309402146836,53.55099344162199],[-113.53087466358495,53.550444136717516],[-113.53072104965345,53.54986842512013],[-113.53041508406001,53.54922592196623],[-113.53011881455868,53.548813896205026],[-113.5295325815785,53.54843124005784],[-113.52871949706304,53.548088717694654],[-113.52771684578879,53.5478670880896],[-113.52679867849822,53.54777853178474],[-113.52200415748067,53.54773551606147],[-113.52142528446613,53.5477440176987],[-113.52121593982075,53.54774709107007],[-113.52121170333383,53.547346210976556]]]]}},{"type":"Feature","properties":{"DGUID":"2021S051248110202","DAUID":"48110202","LANDAREA":0.0852,"PRUID":"48","fed_num":"48015","da_code":"48110202","geo_name":"48110202","name_source":{"label":"Statistics Canada Census Profile 2021 DA WDS","url":"https://www12.statcan.gc.ca/wds-sdw/2021profile-profil2021-eng.cfm"},"population":809,"status":"ok","source":{"label":"Statistics Canada Census Profile 2021 DA WDS","url":"https://www12.statcan.gc.ca/wds-sdw/2021profile-profil2021-eng.cfm"},"community_name":"Edmonton","community_source":{"label":"Statistics Canada 2021 census subdivision boundaries (spatial lookup)","url":"https://geo.statcan.gc.ca/geo_wa/rest/services/2021/Cartographic_boundary_files/MapServer/9"},"community_display":"Edmonton","is_unorganized":false,"panel_title":"Edmonton","display_label":"Edmonton","map_label":"48110202"},"geometry":{"type":"MultiPolygon","coordinates":[[[[-113.50475618104635,53.55143251820518],[-113.50475115794079,53.549814219626334],[-113.50659350003184,53.5498205193946],[-113.50836037682605,53.549828401867934],[-113.50838009288096,53.55143741343299],[-113.50838259084314,53.55301082479629],[-113.5066165937781,53.55302092086214],[-113.50478927073594,53.553014215952985],[-113.50475618104635,53.55143251820518]]]]}},{"type":"Feature","properties":{"DGUID":"2021S051248110203","DAUID":"48110203","LANDAREA":0.2857,"PRUID":"48","fed_num":"48015","da_code":"48110203","geo_name":"48110203","name_source":{"label":"Statistics Canada Census Profile 2021 DA WDS","url":"https://www12.statcan.gc.ca/wds-sdw/2021profile-profil2021-eng.cfm"},"population":620,"status":"ok","source":{"label":"Statistics Canada Census Profile 2021 DA WDS","url":"https://www12.statcan.gc.ca/wds-sdw/2021profile-profil2021-eng.cfm"},"community_name":"Edmonton","community_source":{"label":"Statistics Canada 2021 census subdivision boundaries (spatial lookup)","url":"https://geo.statcan.gc.ca/geo_wa/rest/services/2021/Cartographic_boundary_files/MapServer/9"},"community_display":"Edmonton","is_unorganized":false,"panel_title":"Edmonton","display_label":"Edmonton","map_label":"48110203"},"geometry":{"type":"MultiPolygon","coordinates":[[[[-113.49925989788824,53.55142172227557],[-113.49925768352982,53.54984830985995],[-113.49922291151438,53.54813843297397],[-113.49985372273414,53.54804890424309],[-113.50023627670365,53.547983654914724],[-113.5004988336092,53.547933435725106],[-113.50065519348027,53.54784927407016],[-113.50077767343922,53.54778958916594],[-113.5009931580155,53.54778899489591],[-113.50100721083102,53.54697801222255],[-113.50102059658418,53.54620599248386],[-113.50118648320056,53.54620249460404],[-113.5025460944363,53.546218994365915],[-113.50281698768858,53.54620430970382],[-113.50299741457101,53.54619160569228],[-113.50329788169083,53.5461673125325],[-113.50413081193244,53.546212799737496],[-113.50473499106832,53.54621810421007],[-113.5057016146358,53.546224805850244],[-113.50663529479748,53.546187317587254],[-113.50749789725059,53.54622309499627],[-113.5083277085692,53.54621470785565],[-113.50853930091452,53.54621920318147],[-113.50855374723095,53.54686579565228],[-113.50833264511895,53.54686631864324],[-113.50834327420873,53.548264311372925],[-113.50836037682605,53.549828401867934],[-113.50659350003184,53.5498205193946],[-113.50475115794079,53.549814219626334],[-113.50475618104635,53.55143251820518],[-113.50292896428606,53.55142583052697],[-113.50104188599607,53.55142940449639],[-113.49999986749094,53.551424226035365],[-113.49925989788824,53.55142172227557]]]]}},{"type":"Feature","properties":{"DGUID":"2021S051248110206","DAUID":"48110206","LANDAREA":0.0428,"PRUID":"48","fed_num":"48015","da_code":"48110206","geo_name":"48110206","name_source":{"label":"Statistics Canada Census Profile 2021 DA WDS","url":"https://www12.statcan.gc.ca/wds-sdw/2021profile-profil2021-eng.cfm"},"population":426,"status":"ok","source":{"label":"Statistics Canada Census Profile 2021 DA WDS","url":"https://www12.statcan.gc.ca/wds-sdw/2021profile-profil2021-eng.cfm"},"community_name":"Edmonton","community_source":{"label":"Statistics Canada 2021 census subdivision boundaries (spatial lookup)","url":"https://geo.statcan.gc.ca/geo_wa/rest/services/2021/Cartographic_boundary_files/MapServer/9"},"community_display":"Edmonton","is_unorganized":false,"panel_title":"Edmonton","display_label":"Edmonton","map_label":"48110206"},"geometry":{"type":"MultiPolygon","coordinates":[[[[-113.4937535772663,53.5530382209639],[-113.49375008407674,53.55143780076511],[-113.49559079045368,53.55141741523774],[-113.49741808681196,53.55142421045734],[-113.49740558699229,53.55300690792549],[-113.49557878158699,53.55300911748786],[-113.49390275655594,53.553008122091256],[-113.4937535772663,53.5530382209639]]]]}},{"type":"Feature","properties":{"DGUID":"2021S051248110208","DAUID":"48110208","LANDAREA":0.4217,"PRUID":"48","fed_num":"48015","da_code":"48110208","geo_name":"48110208","name_source":{"label":"Statistics Canada Census Profile 2021 DA WDS","url":"https://www12.statcan.gc.ca/wds-sdw/2021profile-profil2021-eng.cfm"},"population":833,"status":"ok","source":{"label":"Statistics Canada Census Profile 2021 DA WDS","url":"https://www12.statcan.gc.ca/wds-sdw/2021profile-profil2021-eng.cfm"},"community_name":"Edmonton","community_source":{"label":"Statistics Canada 2021 census subdivision boundaries (spatial lookup)","url":"https://geo.statcan.gc.ca/geo_wa/rest/services/2021/Cartographic_boundary_files/MapServer/9"},"community_display":"Edmonton","is_unorganized":false,"panel_title":"Edmonton","display_label":"Edmonton","map_label":"48110208"},"geometry":{"type":"MultiPolygon","coordinates":[[[[-113.49373469529232,53.55451313133423],[-113.4937535772663,53.5530382209639],[-113.49390275655594,53.553008122091256],[-113.49557878158699,53.55300911748786],[-113.49740558699229,53.55300690792549],[-113.49741808681196,53.55142421045734],[-113.49925989788824,53.55142172227557],[-113.49924747514628,53.553004419831595],[-113.50000257073566,53.553006618404204],[-113.50105978118869,53.55301142487484],[-113.50294688509352,53.55300791699384],[-113.50293179911245,53.55356193204387],[-113.50290399406133,53.55458222628108],[-113.5029067802895,53.555673527030166],[-113.50290948969992,53.55672204302609],[-113.50295041595159,53.557925955550395],[-113.50266998975026,53.55829156439247],[-113.50255520357538,53.55839284446965],[-113.50284918484111,53.558512564137764],[-113.50288491403302,53.55886245602146],[-113.50299859479178,53.55896182561506],[-113.50112299056248,53.558944240094846],[-113.50000481158915,53.55893175591256],[-113.49935568965371,53.55893623852783],[-113.49776997153738,53.558933448507325],[-113.49745839959337,53.558932338813136],[-113.49556480246372,53.55892555381473],[-113.49458078458647,53.55888314940036],[-113.49368989198958,53.558883748630805],[-113.49379498672961,53.558360154168575],[-113.49375188139824,53.55788444702499],[-113.4937193779362,53.55707595309939],[-113.49371839680569,53.556033042184424],[-113.49372759425864,53.55464811987362],[-113.49373469529232,53.55451313133423]]]]}},{"type":"Feature","properties":{"DGUID":"2021S051248110220","DAUID":"48110220","LANDAREA":0.1302,"PRUID":"48","fed_num":"48015","da_code":"48110220","geo_name":"48110220","name_source":{"label":"Statistics Canada Census Profile 2021 DA WDS","url":"https://www12.statcan.gc.ca/wds-sdw/2021profile-profil2021-eng.cfm"},"population":491,"status":"ok","source":{"label":"Statistics Canada Census Profile 2021 DA WDS","url":"https://www12.statcan.gc.ca/wds-sdw/2021profile-profil2021-eng.cfm"},"community_name":"Edmonton","community_source":{"label":"Statistics Canada 2021 census subdivision boundaries (spatial lookup)","url":"https://geo.statcan.gc.ca/geo_wa/rest/services/2021/Cartographic_boundary_files/MapServer/9"},"community_display":"Edmonton","is_unorganized":false,"panel_title":"Edmonton","display_label":"Edmonton","map_label":"48110220"},"geometry":{"type":"MultiPolygon","coordinates":[[[[-113.4916786714102,53.5642304731545],[-113.49164927000719,53.562702564407985],[-113.49189058611564,53.56269756192442],[-113.49367367144181,53.562714372522535],[-113.49553048002444,53.56270257454361],[-113.49553047540708,53.56424005533633],[-113.49553038569543,53.5657774773725],[-113.49554487235167,53.56730566907729],[-113.49368779547731,53.567317475348915],[-113.49193479095385,53.56730006302614],[-113.4917235643906,53.567304474826024],[-113.49172376622982,53.565766973549465],[-113.49168864472318,53.56457056921306],[-113.49168324999656,53.5643858419794],[-113.4916786714102,53.5642304731545]]]]}},{"type":"Feature","properties":{"DGUID":"2021S051248110221","DAUID":"48110221","LANDAREA":0.2861,"PRUID":"48","fed_num":"48015","da_code":"48110221","geo_name":"48110221","name_source":{"label":"Statistics Canada Census Profile 2021 DA WDS","url":"https://www12.statcan.gc.ca/wds-sdw/2021profile-profil2021-eng.cfm"},"population":435,"status":"ok","source":{"label":"Statistics Canada Census Profile 2021 DA WDS","url":"https://www12.statcan.gc.ca/wds-sdw/2021profile-profil2021-eng.cfm"},"community_name":"Edmonton","community_source":{"label":"Statistics Canada 2021 census subdivision boundaries (spatial lookup)","url":"https://geo.statcan.gc.ca/geo_wa/rest/services/2021/Cartographic_boundary_files/MapServer/9"},"community_display":"Edmonton","is_unorganized":false,"panel_title":"Edmonton","display_label":"Edmonton","map_label":"48110221"},"geometry":{"type":"MultiPolygon","coordinates":[[[[-113.49180158730798,53.56965847841203],[-113.4917384633588,53.568841678292934],[-113.4917235643906,53.567304474826024],[-113.49193479095385,53.56730006302614],[-113.49368779547731,53.567317475348915],[-113.49554487235167,53.56730566907729],[-113.49553038569543,53.5657774773725],[-113.49687449397487,53.56577647588543],[-113.49799497951803,53.56582496682476],[-113.49803497017496,53.56624657332035],[-113.4987841688098,53.5669143727425],[-113.49970630836006,53.567695282650675],[-113.49983327789299,53.5678005726682],[-113.49999558737807,53.56773416853516],[-113.50179348992565,53.56697728421553],[-113.50245269220122,53.56663087886374],[-113.50292381617614,53.56642316955657],[-113.50290258936727,53.56657646429559],[-113.50287058772211,53.56680187768541],[-113.50285160571343,53.56699106152587],[-113.50283678689739,53.56725217575015],[-113.50292960554918,53.56831118486003],[-113.50292539604713,53.56875187689452],[-113.5029148031677,53.57036146874729],[-113.50104146211577,53.57035567354718],[-113.49999888261739,53.57035058647252],[-113.49919778634941,53.57034027863268],[-113.49735459766752,53.57033387395666],[-113.49635779088915,53.57033666937459],[-113.49558947581725,53.57037077905435],[-113.49483567677694,53.57039546641083],[-113.49435298794134,53.570405475567654],[-113.4935835912049,53.570421576116466],[-113.49284267025814,53.57041008000246],[-113.49220806716417,53.57040528158792],[-113.49197806486916,53.57034717190499],[-113.49180158730798,53.56965847841203]]]]}},{"type":"Feature","properties":{"DGUID":"2021S051248110222","DAUID":"48110222","LANDAREA":0.2367,"PRUID":"48","fed_num":"48015","da_code":"48110222","geo_name":"48110222","name_source":{"label":"Statistics Canada Census Profile 2021 DA WDS","url":"https://www12.statcan.gc.ca/wds-sdw/2021profile-profil2021-eng.cfm"},"population":414,"status":"ok","source":{"label":"Statistics Canada Census Profile 2021 DA WDS","url":"https://www12.statcan.gc.ca/wds-sdw/2021profile-profil2021-eng.cfm"},"community_name":"Edmonton","community_source":{"label":"Statistics Canada 2021 census subdivision boundaries (spatial lookup)","url":"https://geo.statcan.gc.ca/geo_wa/rest/services/2021/Cartographic_boundary_files/MapServer/9"},"community_display":"Edmonton","is_unorganized":false,"panel_title":"Edmonton","display_label":"Edmonton","map_label":"48110222"},"geometry":{"type":"MultiPolygon","coordinates":[[[[-113.49553047540708,53.56424005533633],[-113.49553048002444,53.56270257454361],[-113.4973727977713,53.56270004557353],[-113.49921510066322,53.56269746025904],[-113.50000050545975,53.5626990662613],[-113.50107247877804,53.56269465289453],[-113.50108057770709,53.56104006369969],[-113.50261237533834,53.56105742052389],[-113.50271690079988,53.561111299063825],[-113.50282012352838,53.56133127811386],[-113.50291668481374,53.561765688583776],[-113.50288569652112,53.562710657537544],[-113.50288478578229,53.564230170556364],[-113.50287582114836,53.565866777706745],[-113.50304230739717,53.56587226583581],[-113.50292381617614,53.56642316955657],[-113.50245269220122,53.56663087886374],[-113.50179348992565,53.56697728421553],[-113.49999558737807,53.56773416853516],[-113.49983327789299,53.5678005726682],[-113.49970630836006,53.567695282650675],[-113.4987841688098,53.5669143727425],[-113.49803497017496,53.56624657332035],[-113.49799497951803,53.56582496682476],[-113.49687449397487,53.56577647588543],[-113.49553038569543,53.5657774773725],[-113.49553047540708,53.56424005533633]]]]}},{"type":"Feature","properties":{"DGUID":"2021S051248110223","DAUID":"48110223","LANDAREA":0.2918,"PRUID":"48","fed_num":"48015","da_code":"48110223","geo_name":"48110223","name_source":{"label":"Statistics Canada Census Profile 2021 DA WDS","url":"https://www12.statcan.gc.ca/wds-sdw/2021profile-profil2021-eng.cfm"},"population":489,"status":"ok","source":{"label":"Statistics Canada Census Profile 2021 DA WDS","url":"https://www12.statcan.gc.ca/wds-sdw/2021profile-profil2021-eng.cfm"},"community_name":"Edmonton","community_source":{"label":"Statistics Canada 2021 census subdivision boundaries (spatial lookup)","url":"https://geo.statcan.gc.ca/geo_wa/rest/services/2021/Cartographic_boundary_files/MapServer/9"},"community_display":"Edmonton","is_unorganized":false,"panel_title":"Edmonton","display_label":"Edmonton","map_label":"48110223"},"geometry":{"type":"MultiPolygon","coordinates":[[[[-113.49367367144181,53.562714372522535],[-113.49189058611564,53.56269756192442],[-113.49164927000719,53.562702564407985],[-113.49165717780923,53.561039063450906],[-113.49161577790298,53.56007785851501],[-113.49172246905603,53.55906865665749],[-113.49193317994873,53.55905524691851],[-113.49316409261998,53.55893076233959],[-113.49368989198958,53.558883748630805],[-113.49458078458647,53.55888314940036],[-113.49556480246372,53.55892555381473],[-113.49745839959337,53.558932338813136],[-113.49776997153738,53.558933448507325],[-113.49935568965371,53.55893623852783],[-113.50000481158915,53.55893175591256],[-113.50112299056248,53.558944240094846],[-113.50299859479178,53.55896182561506],[-113.5030081082458,53.559295425588715],[-113.50299974588634,53.5602384420006],[-113.50301747657579,53.560679230849324],[-113.50310714305786,53.56108500849408],[-113.50261237533834,53.56105742052389],[-113.50108057770709,53.56104006369969],[-113.50107247877804,53.56269465289453],[-113.50000050545975,53.5626990662613],[-113.49921510066322,53.56269746025904],[-113.4973727977713,53.56270004557353],[-113.49553048002444,53.56270257454361],[-113.49367367144181,53.562714372522535]]]]}},{"type":"Feature","properties":{"DGUID":"2021S051248110225","DAUID":"48110225","LANDAREA":0.09,"PRUID":"48","fed_num":"48015","da_code":"48110225","geo_name":"48110225","name_source":{"label":"Statistics Canada Census Profile 2021 DA WDS","url":"https://www12.statcan.gc.ca/wds-sdw/2021profile-profil2021-eng.cfm"},"population":428,"status":"ok","source":{"label":"Statistics Canada Census Profile 2021 DA WDS","url":"https://www12.statcan.gc.ca/wds-sdw/2021profile-profil2021-eng.cfm"},"community_name":"Edmonton","community_source":{"label":"Statistics Canada 2021 census subdivision boundaries (spatial lookup)","url":"https://geo.statcan.gc.ca/geo_wa/rest/services/2021/Cartographic_boundary_files/MapServer/9"},"community_display":"Edmonton","is_unorganized":false,"panel_title":"Edmonton","display_label":"Edmonton","map_label":"48110225"},"geometry":{"type":"MultiPolygon","coordinates":[[[[-113.50295041595159,53.557925955550395],[-113.50290948969992,53.55672204302609],[-113.50478390237014,53.556754729558406],[-113.50662588870004,53.55675204952296],[-113.50837848072324,53.556769259713384],[-113.50838058585232,53.55884615599761],[-113.50838811875265,53.55897185112747],[-113.50660631426408,53.558973247709076],[-113.50476947877023,53.55896243135498],[-113.50426479585686,53.55895945466277],[-113.5038877843514,53.55896734278316],[-113.50316535224763,53.558962742786356],[-113.50299859479178,53.55896182561506],[-113.50288491403302,53.55886245602146],[-113.50284918484111,53.558512564137764],[-113.50255520357538,53.55839284446965],[-113.50266998975026,53.55829156439247],[-113.50295041595159,53.557925955550395]]]]}},{"type":"Feature","properties":{"DGUID":"2021S051248110226","DAUID":"48110226","LANDAREA":0.1717,"PRUID":"48","fed_num":"48015","da_code":"48110226","geo_name":"48110226","name_source":{"label":"Statistics Canada Census Profile 2021 DA WDS","url":"https://www12.statcan.gc.ca/wds-sdw/2021profile-profil2021-eng.cfm"},"population":506,"status":"ok","source":{"label":"Statistics Canada Census Profile 2021 DA WDS","url":"https://www12.statcan.gc.ca/wds-sdw/2021profile-profil2021-eng.cfm"},"community_name":"Edmonton","community_source":{"label":"Statistics Canada 2021 census subdivision boundaries (spatial lookup)","url":"https://geo.statcan.gc.ca/geo_wa/rest/services/2021/Cartographic_boundary_files/MapServer/9"},"community_display":"Edmonton","is_unorganized":false,"panel_title":"Edmonton","display_label":"Edmonton","map_label":"48110226"},"geometry":{"type":"MultiPolygon","coordinates":[[[[-113.50294688509352,53.55300791699384],[-113.50292896428606,53.55142583052697],[-113.50475618104635,53.55143251820518],[-113.50478927073594,53.553014215952985],[-113.5066165937781,53.55302092086214],[-113.50838259084314,53.55301082479629],[-113.50835598299855,53.554602849513515],[-113.50837848072324,53.556769259713384],[-113.50662588870004,53.55675204952296],[-113.50478390237014,53.556754729558406],[-113.50290948969992,53.55672204302609],[-113.5029067802895,53.555673527030166],[-113.50290399406133,53.55458222628108],[-113.50293179911245,53.55356193204387],[-113.50294688509352,53.55300791699384]]]]}},{"type":"Feature","properties":{"DGUID":"2021S051248110227","DAUID":"48110227","LANDAREA":0.043,"PRUID":"48","fed_num":"48015","da_code":"48110227","geo_name":"48110227","name_source":{"label":"Statistics Canada Census Profile 2021 DA WDS","url":"https://www12.statcan.gc.ca/wds-sdw/2021profile-profil2021-eng.cfm"},"population":394,"status":"ok","source":{"label":"Statistics Canada Census Profile 2021 DA WDS","url":"https://www12.statcan.gc.ca/wds-sdw/2021profile-profil2021-eng.cfm"},"community_name":"Edmonton","community_source":{"label":"Statistics Canada 2021 census subdivision boundaries (spatial lookup)","url":"https://geo.statcan.gc.ca/geo_wa/rest/services/2021/Cartographic_boundary_files/MapServer/9"},"community_display":"Edmonton","is_unorganized":false,"panel_title":"Edmonton","display_label":"Edmonton","map_label":"48110227"},"geometry":{"type":"MultiPolygon","coordinates":[[[[-113.49924747514628,53.553004419831595],[-113.49925989788824,53.55142172227557],[-113.49999986749094,53.551424226035365],[-113.50104188599607,53.55142940449639],[-113.50292896428606,53.55142583052697],[-113.50294688509352,53.55300791699384],[-113.50105978118869,53.55301142487484],[-113.50000257073566,53.553006618404204],[-113.49924747514628,53.553004419831595]]]]}},{"type":"Feature","properties":{"DGUID":"2021S051248110228","DAUID":"48110228","LANDAREA":0.6822,"PRUID":"48","fed_num":"48015","da_code":"48110228","geo_name":"48110228","name_source":{"label":"Statistics Canada Census Profile 2021 DA WDS","url":"https://www12.statcan.gc.ca/wds-sdw/2021profile-profil2021-eng.cfm"},"population":545,"status":"ok","source":{"label":"Statistics Canada Census Profile 2021 DA WDS","url":"https://www12.statcan.gc.ca/wds-sdw/2021profile-profil2021-eng.cfm"},"community_name":"Edmonton","community_source":{"label":"Statistics Canada 2021 census subdivision boundaries (spatial lookup)","url":"https://geo.statcan.gc.ca/geo_wa/rest/services/2021/Cartographic_boundary_files/MapServer/9"},"community_display":"Edmonton","is_unorganized":false,"panel_title":"Edmonton","display_label":"Edmonton","map_label":"48110228"},"geometry":{"type":"MultiPolygon","coordinates":[[[[-113.51956563901588,53.565624076027085],[-113.51738101783195,53.564698958715056],[-113.51755784128493,53.56462334708373],[-113.51774361375138,53.56470035203871],[-113.51770541390385,53.56456626402837],[-113.51791031794498,53.5642023537354],[-113.51805850043851,53.56407243828717],[-113.51994105016479,53.563238747640895],[-113.52067892460606,53.562937649172575],[-113.52139023108978,53.56329286051271],[-113.52354971131508,53.563292163351555],[-113.52354160998475,53.56087384357822],[-113.5233708841351,53.56079644271231],[-113.52133295510784,53.560815778736576],[-113.52126419196574,53.55990582110428],[-113.52125977325981,53.5590697379648],[-113.52126576656288,53.55891673447988],[-113.52165835930865,53.558917416801215],[-113.52312347318032,53.55892253385155],[-113.52540357798898,53.558919338987145],[-113.52695908460376,53.55892243766614],[-113.52883191187189,53.55892775656118],[-113.52926992592057,53.55892745925131],[-113.53091516660047,53.55893501887551],[-113.53089615806569,53.56049837109232],[-113.53089554891959,53.56054822475048],[-113.530801892566,53.56827432406596],[-113.53085689240535,53.56993422013252],[-113.5308806673581,53.57022230817489],[-113.53091780788708,53.570345869122406],[-113.53045995810042,53.57025820902725],[-113.52982427456314,53.56998390713266],[-113.52892625297115,53.569616290712524],[-113.52847647664616,53.56941900833852],[-113.52647686224735,53.56856220488557],[-113.52629099918414,53.56848519861512],[-113.52359448147746,53.56733726955461],[-113.52105326543209,53.566257965598844],[-113.51956563901588,53.565624076027085]]]]}},{"type":"Feature","properties":{"DGUID":"2021S051248110229","DAUID":"48110229","LANDAREA":0.2719,"PRUID":"48","fed_num":"48015","da_code":"48110229","geo_name":"48110229","name_source":{"label":"Statistics Canada Census Profile 2021 DA WDS","url":"https://www12.statcan.gc.ca/wds-sdw/2021profile-profil2021-eng.cfm"},"population":655,"status":"ok","source":{"label":"Statistics Canada Census Profile 2021 DA WDS","url":"https://www12.statcan.gc.ca/wds-sdw/2021profile-profil2021-eng.cfm"},"community_name":"Edmonton","community_source":{"label":"Statistics Canada 2021 census subdivision boundaries (spatial lookup)","url":"https://geo.statcan.gc.ca/geo_wa/rest/services/2021/Cartographic_boundary_files/MapServer/9"},"community_display":"Edmonton","is_unorganized":false,"panel_title":"Edmonton","display_label":"Edmonton","map_label":"48110229"},"geometry":{"type":"MultiPolygon","coordinates":[[[[-113.53089615806569,53.56049837109232],[-113.53091516660047,53.55893501887551],[-113.5316563682758,53.55893840874091],[-113.53241177941764,53.5589418647085],[-113.53410259082696,53.558933085705796],[-113.53410498823321,53.560488487915165],[-113.53409438538058,53.56208018728524],[-113.53408338200192,53.56366279576705],[-113.53410297657179,53.5652538883995],[-113.53409199729182,53.5668364780585],[-113.53409599490968,53.56841890678298],[-113.5341020716881,53.5702889240036],[-113.53241034500036,53.5702888052299],[-113.53227454210032,53.570291625026954],[-113.5320654560361,53.570332113827256],[-113.53171178525692,53.570342647683304],[-113.53100994969864,53.570363518173274],[-113.53091780788708,53.570345869122406],[-113.5308806673581,53.57022230817489],[-113.53085689240535,53.56993422013252],[-113.530801892566,53.56827432406596],[-113.53089554891959,53.56054822475048],[-113.53089615806569,53.56049837109232]]]]}},{"type":"Feature","properties":{"DGUID":"2021S051248110230","DAUID":"48110230","LANDAREA":0.1247,"PRUID":"48","fed_num":"48015","da_code":"48110230","geo_name":"48110230","name_source":{"label":"Statistics Canada Census Profile 2021 DA WDS","url":"https://www12.statcan.gc.ca/wds-sdw/2021profile-profil2021-eng.cfm"},"population":734,"status":"ok","source":{"label":"Statistics Canada Census Profile 2021 DA WDS","url":"https://www12.statcan.gc.ca/wds-sdw/2021profile-profil2021-eng.cfm"},"community_name":"Edmonton","community_source":{"label":"Statistics Canada 2021 census subdivision boundaries (spatial lookup)","url":"https://geo.statcan.gc.ca/geo_wa/rest/services/2021/Cartographic_boundary_files/MapServer/9"},"community_display":"Edmonton","is_unorganized":false,"panel_title":"Edmonton","display_label":"Edmonton","map_label":"48110230"},"geometry":{"type":"MultiPolygon","coordinates":[[[[-113.53408338200192,53.56366279576705],[-113.53409438538058,53.56208018728524],[-113.53596687791914,53.562076395177534],[-113.53764319439824,53.56207677990075],[-113.53942505796925,53.56207488172481],[-113.53942987270422,53.56366628633263],[-113.53941847352267,53.56523998989449],[-113.53765146191094,53.565241486712424],[-113.53594537240969,53.56525078451731],[-113.53410297657179,53.5652538883995],[-113.53408338200192,53.56366279576705]]]]}},{"type":"Feature","properties":{"DGUID":"2021S051248110231","DAUID":"48110231","LANDAREA":0.0831,"PRUID":"48","fed_num":"48015","da_code":"48110231","geo_name":"48110231","name_source":{"label":"Statistics Canada Census Profile 2021 DA WDS","url":"https://www12.statcan.gc.ca/wds-sdw/2021profile-profil2021-eng.cfm"},"population":601,"status":"ok","source":{"label":"Statistics Canada Census Profile 2021 DA WDS","url":"https://www12.statcan.gc.ca/wds-sdw/2021profile-profil2021-eng.cfm"},"community_name":"Edmonton","community_source":{"label":"Statistics Canada 2021 census subdivision boundaries (spatial lookup)","url":"https://geo.statcan.gc.ca/geo_wa/rest/services/2021/Cartographic_boundary_files/MapServer/9"},"community_display":"Edmonton","is_unorganized":false,"panel_title":"Edmonton","display_label":"Edmonton","map_label":"48110231"},"geometry":{"type":"MultiPolygon","coordinates":[[[[-113.53409199729182,53.5668364780585],[-113.53410297657179,53.5652538883995],[-113.53594537240969,53.56525078451731],[-113.53765146191094,53.565241486712424],[-113.53764108681028,53.56683319129337],[-113.53766085646599,53.5684242170041],[-113.53593898515895,53.568424810658684],[-113.53409599490968,53.56841890678298],[-113.53409199729182,53.5668364780585]]]]}},{"type":"Feature","properties":{"DGUID":"2021S051248110232","DAUID":"48110232","LANDAREA":0.2749,"PRUID":"48","fed_num":"48015","da_code":"48110232","geo_name":"48110232","name_source":{"label":"Statistics Canada Census Profile 2021 DA WDS","url":"https://www12.statcan.gc.ca/wds-sdw/2021profile-profil2021-eng.cfm"},"population":536,"status":"ok","source":{"label":"Statistics Canada Census Profile 2021 DA WDS","url":"https://www12.statcan.gc.ca/wds-sdw/2021profile-profil2021-eng.cfm"},"community_name":"Edmonton","community_source":{"label":"Statistics Canada 2021 census subdivision boundaries (spatial lookup)","url":"https://geo.statcan.gc.ca/geo_wa/rest/services/2021/Cartographic_boundary_files/MapServer/9"},"community_display":"Edmonton","is_unorganized":false,"panel_title":"Edmonton","display_label":"Edmonton","map_label":"48110232"},"geometry":{"type":"MultiPolygon","coordinates":[[[[-113.53766085646599,53.5684242170041],[-113.53764108681028,53.56683319129337],[-113.53765146191094,53.565241486712424],[-113.53941847352267,53.56523998989449],[-113.53942987270422,53.56366628633263],[-113.53942505796925,53.56207488172481],[-113.54119135912086,53.562064374179656],[-113.54280736889264,53.562065987656325],[-113.54439326547678,53.5620681825235],[-113.54482008613235,53.56302652104375],[-113.5450914673819,53.56363578083695],[-113.54579139211887,53.565230272905204],[-113.54658346220874,53.56684979854231],[-113.54480135819105,53.56685179147801],[-113.54280747210241,53.56684928737608],[-113.5411611974152,53.56684829441825],[-113.54115086386449,53.56844000912324],[-113.5394279450605,53.56842259816208],[-113.53766085646599,53.5684242170041]]]]}},{"type":"Feature","properties":{"DGUID":"2021S051248110233","DAUID":"48110233","LANDAREA":0.0967,"PRUID":"48","fed_num":"48015","da_code":"48110233","geo_name":"48110233","name_source":{"label":"Statistics Canada Census Profile 2021 DA WDS","url":"https://www12.statcan.gc.ca/wds-sdw/2021profile-profil2021-eng.cfm"},"population":522,"status":"ok","source":{"label":"Statistics Canada Census Profile 2021 DA WDS","url":"https://www12.statcan.gc.ca/wds-sdw/2021profile-profil2021-eng.cfm"},"community_name":"Edmonton","community_source":{"label":"Statistics Canada 2021 census subdivision boundaries (spatial lookup)","url":"https://geo.statcan.gc.ca/geo_wa/rest/services/2021/Cartographic_boundary_files/MapServer/9"},"community_display":"Edmonton","is_unorganized":false,"panel_title":"Edmonton","display_label":"Edmonton","map_label":"48110233"},"geometry":{"type":"MultiPolygon","coordinates":[[[[-113.5341020716881,53.5702889240036],[-113.53409599490968,53.56841890678298],[-113.53593898515895,53.568424810658684],[-113.53766085646599,53.5684242170041],[-113.5394279450605,53.56842259816208],[-113.54115086386449,53.56844000912324],[-113.54115646099876,53.56895835717228],[-113.54116535593195,53.5697851174388],[-113.54117073747024,53.570282824593285],[-113.53993107982703,53.57026413038193],[-113.53943325035337,53.570274720582695],[-113.53765157571792,53.570285621406704],[-113.53585417734014,53.570287723985835],[-113.5341020716881,53.5702889240036]]]]}},{"type":"Feature","properties":{"DGUID":"2021S051248110234","DAUID":"48110234","LANDAREA":0.2014,"PRUID":"48","fed_num":"48015","da_code":"48110234","geo_name":"48110234","name_source":{"label":"Statistics Canada Census Profile 2021 DA WDS","url":"https://www12.statcan.gc.ca/wds-sdw/2021profile-profil2021-eng.cfm"},"population":738,"status":"ok","source":{"label":"Statistics Canada Census Profile 2021 DA WDS","url":"https://www12.statcan.gc.ca/wds-sdw/2021profile-profil2021-eng.cfm"},"community_name":"Edmonton","community_source":{"label":"Statistics Canada 2021 census subdivision boundaries (spatial lookup)","url":"https://geo.statcan.gc.ca/geo_wa/rest/services/2021/Cartographic_boundary_files/MapServer/9"},"community_display":"Edmonton","is_unorganized":false,"panel_title":"Edmonton","display_label":"Edmonton","map_label":"48110234"},"geometry":{"type":"MultiPolygon","coordinates":[[[[-113.54115086386449,53.56844000912324],[-113.5411611974152,53.56684829441825],[-113.54280747210241,53.56684928737608],[-113.54480135819105,53.56685179147801],[-113.54658346220874,53.56684979854231],[-113.54696227348742,53.56737219240668],[-113.54811028862174,53.56737478611551],[-113.54936398642964,53.56737499242179],[-113.54936739233206,53.56843588426337],[-113.54935891279452,53.56929212153339],[-113.54953885416926,53.56952919491901],[-113.54972168039103,53.57005569455702],[-113.54980844701686,53.570242687400295],[-113.54974707205065,53.5704777796503],[-113.54949327375125,53.5705280810071],[-113.54900785468381,53.57049350238476],[-113.54833645077677,53.570381996508765],[-113.54786669860898,53.570226166877475],[-113.54617065530387,53.570284303188316],[-113.544478882108,53.57028431214375],[-113.54288493126069,53.570283614008204],[-113.54117073747024,53.570282824593285],[-113.54116535593195,53.5697851174388],[-113.54115646099876,53.56895835717228],[-113.54115086386449,53.56844000912324]]]]}},{"type":"Feature","properties":{"DGUID":"2021S051248110235","DAUID":"48110235","LANDAREA":0.183,"PRUID":"48","fed_num":"48015","da_code":"48110235","geo_name":"48110235","name_source":{"label":"Statistics Canada Census Profile 2021 DA WDS","url":"https://www12.statcan.gc.ca/wds-sdw/2021profile-profil2021-eng.cfm"},"population":581,"status":"ok","source":{"label":"Statistics Canada Census Profile 2021 DA WDS","url":"https://www12.statcan.gc.ca/wds-sdw/2021profile-profil2021-eng.cfm"},"community_name":"Edmonton","community_source":{"label":"Statistics Canada 2021 census subdivision boundaries (spatial lookup)","url":"https://geo.statcan.gc.ca/geo_wa/rest/services/2021/Cartographic_boundary_files/MapServer/9"},"community_display":"Edmonton","is_unorganized":false,"panel_title":"Edmonton","display_label":"Edmonton","map_label":"48110235"},"geometry":{"type":"MultiPolygon","coordinates":[[[[-113.53765322805634,53.575104866104134],[-113.5376641112229,53.57352214149245],[-113.53765942897301,53.57193084153894],[-113.53765157571792,53.570285621406704],[-113.53943325035337,53.570274720582695],[-113.53993107982703,53.57026413038193],[-113.54117073747024,53.570282824593285],[-113.54288493126069,53.570283614008204],[-113.544478882108,53.57028431214375],[-113.54448535399032,53.57039211453848],[-113.54447624533834,53.57149822770731],[-113.54447634568693,53.57250523460143],[-113.54449044621504,53.57349393809941],[-113.54335723928621,53.57349113465911],[-113.54279854469473,53.57349403330608],[-113.54134803119636,53.57348884216572],[-113.54115245704652,53.573502045789375],[-113.53944652017654,53.57352024648346],[-113.53943561609167,53.57510296452639],[-113.53765322805634,53.575104866104134]]]]}},{"type":"Feature","properties":{"DGUID":"2021S051248110236","DAUID":"48110236","LANDAREA":0.1609,"PRUID":"48","fed_num":"48015","da_code":"48110236","geo_name":"48110236","name_source":{"label":"Statistics Canada Census Profile 2021 DA WDS","url":"https://www12.statcan.gc.ca/wds-sdw/2021profile-profil2021-eng.cfm"},"population":484,"status":"ok","source":{"label":"Statistics Canada Census Profile 2021 DA WDS","url":"https://www12.statcan.gc.ca/wds-sdw/2021profile-profil2021-eng.cfm"},"community_name":"Edmonton","community_source":{"label":"Statistics Canada 2021 census subdivision boundaries (spatial lookup)","url":"https://geo.statcan.gc.ca/geo_wa/rest/services/2021/Cartographic_boundary_files/MapServer/9"},"community_display":"Edmonton","is_unorganized":false,"panel_title":"Edmonton","display_label":"Edmonton","map_label":"48110236"},"geometry":{"type":"MultiPolygon","coordinates":[[[[-113.54448535399032,53.57039211453848],[-113.544478882108,53.57028431214375],[-113.54617065530387,53.570284303188316],[-113.54786669860898,53.570226166877475],[-113.54833645077677,53.570381996508765],[-113.54900785468381,53.57049350238476],[-113.54949327375125,53.5705280810071],[-113.54974707205065,53.5704777796503],[-113.54961726710034,53.57083118250611],[-113.54950526991817,53.57111903387337],[-113.54975318020601,53.57158358357455],[-113.55105795217797,53.573183083941345],[-113.5514545851218,53.573498377756884],[-113.55123209233682,53.57356599383326],[-113.55077195086075,53.57370168605123],[-113.54848585620543,53.57437089491659],[-113.54786517506716,53.574599910280824],[-113.5473048640817,53.57507940903112],[-113.54666948032545,53.57431072429822],[-113.54616504069072,53.573710030066444],[-113.54600715438534,53.57359651992937],[-113.54565366200103,53.57349600916823],[-113.54449044621504,53.57349393809941],[-113.54447634568693,53.57250523460143],[-113.54447624533834,53.57149822770731],[-113.54448535399032,53.57039211453848]]]]}},{"type":"Feature","properties":{"DGUID":"2021S051248110237","DAUID":"48110237","LANDAREA":0.1777,"PRUID":"48","fed_num":"48015","da_code":"48110237","geo_name":"48110237","name_source":{"label":"Statistics Canada Census Profile 2021 DA WDS","url":"https://www12.statcan.gc.ca/wds-sdw/2021profile-profil2021-eng.cfm"},"population":400,"status":"ok","source":{"label":"Statistics Canada Census Profile 2021 DA WDS","url":"https://www12.statcan.gc.ca/wds-sdw/2021profile-profil2021-eng.cfm"},"community_name":"Edmonton","community_source":{"label":"Statistics Canada 2021 census subdivision boundaries (spatial lookup)","url":"https://geo.statcan.gc.ca/geo_wa/rest/services/2021/Cartographic_boundary_files/MapServer/9"},"community_display":"Edmonton","is_unorganized":false,"panel_title":"Edmonton","display_label":"Edmonton","map_label":"48110237"},"geometry":{"type":"MultiPolygon","coordinates":[[[[-113.53944364422976,53.57775513885073],[-113.5394404466533,53.57669435247531],[-113.53943561609167,53.57510296452639],[-113.53944652017654,53.57352024648346],[-113.54115245704652,53.573502045789375],[-113.54134803119636,53.57348884216572],[-113.54279854469473,53.57349403330608],[-113.54335723928621,53.57349113465911],[-113.54449044621504,53.57349393809941],[-113.54565366200103,53.57349600916823],[-113.54600715438534,53.57359651992937],[-113.54616504069072,53.573710030066444],[-113.54666948032545,53.57431072429822],[-113.5473048640817,53.57507940903112],[-113.54653276275492,53.575806104036396],[-113.54622996450905,53.5760463254429],[-113.54592395428067,53.57623273490238],[-113.54539263698818,53.57644183803937],[-113.54509625167874,53.576538035126966],[-113.54448306032594,53.57664102806489],[-113.54279265462361,53.57666804946756],[-113.54135712290221,53.57666254752976],[-113.54116153227305,53.57667575110332],[-113.54116583798812,53.577754540087625],[-113.53944364422976,53.57775513885073]]]]}},{"type":"Feature","properties":{"DGUID":"2021S051248110238","DAUID":"48110238","LANDAREA":0.2177,"PRUID":"48","fed_num":"48015","da_code":"48110238","geo_name":"48110238","name_source":{"label":"Statistics Canada Census Profile 2021 DA WDS","url":"https://www12.statcan.gc.ca/wds-sdw/2021profile-profil2021-eng.cfm"},"population":782,"status":"ok","source":{"label":"Statistics Canada Census Profile 2021 DA WDS","url":"https://www12.statcan.gc.ca/wds-sdw/2021profile-profil2021-eng.cfm"},"community_name":"Edmonton","community_source":{"label":"Statistics Canada 2021 census subdivision boundaries (spatial lookup)","url":"https://geo.statcan.gc.ca/geo_wa/rest/services/2021/Cartographic_boundary_files/MapServer/9"},"community_display":"Edmonton","is_unorganized":false,"panel_title":"Edmonton","display_label":"Edmonton","map_label":"48110238"},"geometry":{"type":"MultiPolygon","coordinates":[[[[-113.54458653293608,53.57710634274308],[-113.54448306032594,53.57664102806489],[-113.54509625167874,53.576538035126966],[-113.54539263698818,53.57644183803937],[-113.54592395428067,53.57623273490238],[-113.54622996450905,53.5760463254429],[-113.54653276275492,53.575806104036396],[-113.5473048640817,53.57507940903112],[-113.54786517506716,53.574599910280824],[-113.54848585620543,53.57437089491659],[-113.55077195086075,53.57370168605123],[-113.55123209233682,53.57356599383326],[-113.5514545851218,53.573498377756884],[-113.5532256570608,53.57556449763036],[-113.55430917868921,53.57699788163572],[-113.5540866731716,53.577065586666116],[-113.55365618245128,53.57719167739941],[-113.5534928581222,53.57724007916919],[-113.5525725551884,53.57751149943646],[-113.55122124853362,53.577899995031146],[-113.5509243859114,53.57798729094166],[-113.54921727058924,53.57849118142426],[-113.54873986158425,53.57859130695308],[-113.54801828153052,53.578651699372635],[-113.54732154077263,53.578621513315184],[-113.54649597441157,53.57845930980986],[-113.54600283521242,53.57829901111036],[-113.54525323637134,53.57789241207951],[-113.54483716695637,53.57750563502758],[-113.5447040619645,53.57730161680872],[-113.54458859728086,53.57710980690778],[-113.54458653293608,53.57710634274308]]]]}},{"type":"Feature","properties":{"DGUID":"2021S051248110239","DAUID":"48110239","LANDAREA":0.6673,"PRUID":"48","fed_num":"48015","da_code":"48110239","geo_name":"48110239","name_source":{"label":"Statistics Canada Census Profile 2021 DA WDS","url":"https://www12.statcan.gc.ca/wds-sdw/2021profile-profil2021-eng.cfm"},"population":648,"status":"ok","source":{"label":"Statistics Canada Census Profile 2021 DA WDS","url":"https://www12.statcan.gc.ca/wds-sdw/2021profile-profil2021-eng.cfm"},"community_name":"Edmonton","community_source":{"label":"Statistics Canada 2021 census subdivision boundaries (spatial lookup)","url":"https://geo.statcan.gc.ca/geo_wa/rest/services/2021/Cartographic_boundary_files/MapServer/9"},"community_display":"Edmonton","is_unorganized":false,"panel_title":"Edmonton","display_label":"Edmonton","map_label":"48110239"},"geometry":{"type":"MultiPolygon","coordinates":[[[[-113.54133612814235,53.5803403225569],[-113.54116805193487,53.57955272764085],[-113.5411653196801,53.57925603091143],[-113.54116583798812,53.577754540087625],[-113.54116153227305,53.57667575110332],[-113.54135712290221,53.57666254752976],[-113.54279265462361,53.57666804946756],[-113.54448306032594,53.57664102806489],[-113.54458653293608,53.57710634274308],[-113.54458859728086,53.57710980690778],[-113.5447040619645,53.57730161680872],[-113.54483716695637,53.57750563502758],[-113.54525323637134,53.57789241207951],[-113.54600283521242,53.57829901111036],[-113.54649597441157,53.57845930980986],[-113.54732154077263,53.578621513315184],[-113.54801828153052,53.578651699372635],[-113.54873986158425,53.57859130695308],[-113.54921727058924,53.57849118142426],[-113.5509243859114,53.57798729094166],[-113.55122124853362,53.577899995031146],[-113.5525725551884,53.57751149943646],[-113.5534928581222,53.57724007916919],[-113.55365618245128,53.57719167739941],[-113.5540866731716,53.577065586666116],[-113.55430917868921,53.57699788163572],[-113.55515777838096,53.57829249055641],[-113.55563288226845,53.57915447837923],[-113.55612895251608,53.58011488664183],[-113.55617341165588,53.58017954637735],[-113.55654308730703,53.58071749070142],[-113.55666547657638,53.58089287932224],[-113.55679073409785,53.581066528297065],[-113.55680725788034,53.58108948289044],[-113.55688974926052,53.58120458710957],[-113.55701259588761,53.581381594646935],[-113.55703947383502,53.58142308095195],[-113.5571048844404,53.581514684499844],[-113.55738638497536,53.58192218711041],[-113.55813795600153,53.58285919194016],[-113.55873881447107,53.58349628482335],[-113.55881137730809,53.58357321234103],[-113.55837770524334,53.58357343141072],[-113.55671049663077,53.583573015581834],[-113.5553585830194,53.58357263447771],[-113.55467996526023,53.58357241848314],[-113.55440248184613,53.58357231086911],[-113.55439867152667,53.58357231322216],[-113.55230108972889,53.5835759254857],[-113.55170648370401,53.58353751262378],[-113.54932178395227,53.5835537195638],[-113.54621627640186,53.58355475494313],[-113.54459141670466,53.58355525733694],[-113.54153135569919,53.58355613522237],[-113.5412847510452,53.58355625445576],[-113.54126978674482,53.583556258875554],[-113.5412700489348,53.58352456153604],[-113.54127008097043,53.58352079313827],[-113.54127104077702,53.58335391689238],[-113.54125965120654,53.58309331267203],[-113.5412575846959,53.58298181373491],[-113.54124615636259,53.582365305849365],[-113.54129033418559,53.58159111071785],[-113.54131672251236,53.58077232345203],[-113.54130595381733,53.58059271294664],[-113.54133612814235,53.5803403225569]]]]}},{"type":"Feature","properties":{"DGUID":"2021S051248110240","DAUID":"48110240","LANDAREA":0.6089,"PRUID":"48","fed_num":"48015","da_code":"48110240","geo_name":"48110240","name_source":{"label":"Statistics Canada Census Profile 2021 DA WDS","url":"https://www12.statcan.gc.ca/wds-sdw/2021profile-profil2021-eng.cfm"},"population":494,"status":"ok","source":{"label":"Statistics Canada Census Profile 2021 DA WDS","url":"https://www12.statcan.gc.ca/wds-sdw/2021profile-profil2021-eng.cfm"},"community_name":"Edmonton","community_source":{"label":"Statistics Canada 2021 census subdivision boundaries (spatial lookup)","url":"https://geo.statcan.gc.ca/geo_wa/rest/services/2021/Cartographic_boundary_files/MapServer/9"},"community_display":"Edmonton","is_unorganized":false,"panel_title":"Edmonton","display_label":"Edmonton","map_label":"48110240"},"geometry":{"type":"MultiPolygon","coordinates":[[[[-113.53091975398395,53.57102243582712],[-113.53091780788708,53.570345869122406],[-113.53100994969864,53.570363518173274],[-113.53171178525692,53.570342647683304],[-113.5319124303202,53.57193026837],[-113.53172539738094,53.57351964239994],[-113.53177659946327,53.575103651671874],[-113.53242651944792,53.57510774186968],[-113.53410331939465,53.575108264440395],[-113.53587071599897,53.575106764086385],[-113.53765322805634,53.575104866104134],[-113.53943561609167,53.57510296452639],[-113.5394404466533,53.57669435247531],[-113.53944364422976,53.57775513885073],[-113.54116583798812,53.577754540087625],[-113.5411653196801,53.57925603091143],[-113.54116805193487,53.57955272764085],[-113.54133612814235,53.5803403225569],[-113.54130595381733,53.58059271294664],[-113.54131672251236,53.58077232345203],[-113.54129033418559,53.58159111071785],[-113.54124615636259,53.582365305849365],[-113.5412575846959,53.58298181373491],[-113.54125965120654,53.58309331267203],[-113.54127104077702,53.58335391689238],[-113.54127008097043,53.58352079313827],[-113.5412700489348,53.58352456153604],[-113.54126978674482,53.583556258875554],[-113.54114664825929,53.583556242201546],[-113.54113182246853,53.58355624503494],[-113.54098694735355,53.58355633393014],[-113.54097160881393,53.58355633429656],[-113.54086084423611,53.58355633397365],[-113.53955168902623,53.58355668859588],[-113.53954197608167,53.58355669115478],[-113.53896737410867,53.58355683320408],[-113.53764596486914,53.58355134164068],[-113.53657625505208,53.58351292711723],[-113.53576300523093,53.58345964992063],[-113.53573965132561,53.58345813201868],[-113.53543843560163,53.58341883927741],[-113.5350414299246,53.583349746062034],[-113.53430843572698,53.58318734702032],[-113.5340818295149,53.58313604776859],[-113.53356614038827,53.58302375330771],[-113.53316084728395,53.5829229376913],[-113.53289484092049,53.5828354459964],[-113.53278242557595,53.582792944457346],[-113.53268185668135,53.58274824846116],[-113.53257472577282,53.58269323735432],[-113.53238484673905,53.58258833322724],[-113.53216722774384,53.582457141845346],[-113.53186992919196,53.582247337890955],[-113.5317775342383,53.58217063285838],[-113.53166434951706,53.582076656948054],[-113.5315087476373,53.58193744664502],[-113.53139025147699,53.58181004711515],[-113.53123772323107,53.58159155925839],[-113.53111101610817,53.58137155310002],[-113.53101782518713,53.58112354194485],[-113.53099184198975,53.58099524451339],[-113.53098571632265,53.58096544987142],[-113.53095230985973,53.58077294958585],[-113.53095172638905,53.58076065461091],[-113.53095141142668,53.58075333659609],[-113.53094524025924,53.5806066450928],[-113.53094493471049,53.580599186810616],[-113.53094122211304,53.58051085873901],[-113.53094072699403,53.58049785371304],[-113.53094172123207,53.5800691532793],[-113.53093802590432,53.5794823593526],[-113.53093613421329,53.57917554456543],[-113.53093603012927,53.57889935643894],[-113.53093580414254,53.57783035380163],[-113.53092792337188,53.57638586859182],[-113.53090981055983,53.574416960449696],[-113.53094132553764,53.57216834561829],[-113.53091975398395,53.57102243582712]]]]}},{"type":"Feature","properties":{"DGUID":"2021S051248110241","DAUID":"48110241","LANDAREA":0.2082,"PRUID":"48","fed_num":"48015","da_code":"48110241","geo_name":"48110241","name_source":{"label":"Statistics Canada Census Profile 2021 DA WDS","url":"https://www12.statcan.gc.ca/wds-sdw/2021profile-profil2021-eng.cfm"},"population":601,"status":"ok","source":{"label":"Statistics Canada Census Profile 2021 DA WDS","url":"https://www12.statcan.gc.ca/wds-sdw/2021profile-profil2021-eng.cfm"},"community_name":"Edmonton","community_source":{"label":"Statistics Canada 2021 census subdivision boundaries (spatial lookup)","url":"https://geo.statcan.gc.ca/geo_wa/rest/services/2021/Cartographic_boundary_files/MapServer/9"},"community_display":"Edmonton","is_unorganized":false,"panel_title":"Edmonton","display_label":"Edmonton","map_label":"48110241"},"geometry":{"type":"MultiPolygon","coordinates":[[[[-113.5319124303202,53.57193026837],[-113.53171178525692,53.570342647683304],[-113.5320654560361,53.570332113827256],[-113.53227454210032,53.570291625026954],[-113.53241034500036,53.5702888052299],[-113.5341020716881,53.5702889240036],[-113.53585417734014,53.570287723985835],[-113.53765157571792,53.570285621406704],[-113.53765942897301,53.57193084153894],[-113.5376641112229,53.57352214149245],[-113.53765322805634,53.575104866104134],[-113.53587071599897,53.575106764086385],[-113.53410331939465,53.575108264440395],[-113.53242651944792,53.57510774186968],[-113.53177659946327,53.575103651671874],[-113.53172539738094,53.57351964239994],[-113.5319124303202,53.57193026837]]]]}},{"type":"Feature","properties":{"DGUID":"2021S051248110242","DAUID":"48110242","LANDAREA":0.2932,"PRUID":"48","fed_num":"48015","da_code":"48110242","geo_name":"48110242","name_source":{"label":"Statistics Canada Census Profile 2021 DA WDS","url":"https://www12.statcan.gc.ca/wds-sdw/2021profile-profil2021-eng.cfm"},"population":567,"status":"ok","source":{"label":"Statistics Canada Census Profile 2021 DA WDS","url":"https://www12.statcan.gc.ca/wds-sdw/2021profile-profil2021-eng.cfm"},"community_name":"Edmonton","community_source":{"label":"Statistics Canada 2021 census subdivision boundaries (spatial lookup)","url":"https://geo.statcan.gc.ca/geo_wa/rest/services/2021/Cartographic_boundary_files/MapServer/9"},"community_display":"Edmonton","is_unorganized":false,"panel_title":"Edmonton","display_label":"Edmonton","map_label":"48110242"},"geometry":{"type":"MultiPolygon","coordinates":[[[[-113.53037151108127,53.584960614199346],[-113.52882951184036,53.58494822660044],[-113.52675878495056,53.5849381089046],[-113.52662841976843,53.5840889004404],[-113.52659780751125,53.58396232561657],[-113.5265852863486,53.58377324860015],[-113.52657169594602,53.58361921706593],[-113.52656800784754,53.58357743088885],[-113.52661292668948,53.583578248029305],[-113.52704952240292,53.583578149201365],[-113.52737923385037,53.58358814058659],[-113.52969351233841,53.58360384389573],[-113.53221706232034,53.58359994788679],[-113.53573561590021,53.58359484046319],[-113.53576300523093,53.58345964992063],[-113.53657625505208,53.58351292711723],[-113.53764596486914,53.58355134164068],[-113.53896737410867,53.58355683320408],[-113.53954197608167,53.58355669115478],[-113.53955168902623,53.58355668859588],[-113.54086084423611,53.58355633397365],[-113.54097160881393,53.58355633429656],[-113.54098694735355,53.58355633393014],[-113.54113182246853,53.58355624503494],[-113.54114664825929,53.583556242201546],[-113.54126978674482,53.583556258875554],[-113.5412668475799,53.58407410468358],[-113.54122354101001,53.584253927073334],[-113.54122221819814,53.58458252043585],[-113.54122084883952,53.58496431254097],[-113.54122352429695,53.58601623743296],[-113.54122461250917,53.58678944503713],[-113.54111249424207,53.586935631450544],[-113.54110601679635,53.58758312054797],[-113.54121649181832,53.58841694992891],[-113.5412149007293,53.589145338448624],[-113.53962749732523,53.58913404483018],[-113.53810148088733,53.58913953977882],[-113.53809890539574,53.58758404574197],[-113.53809689604311,53.5860376214426],[-113.53654092499421,53.58604371511403],[-113.53499989360849,53.58604942834221],[-113.53344279454524,53.58603743266585],[-113.53190191789867,53.58604312485468],[-113.53189778343001,53.58496421014625],[-113.53037151108127,53.584960614199346]]]]}},{"type":"Feature","properties":{"DGUID":"2021S051248110243","DAUID":"48110243","LANDAREA":0.1414,"PRUID":"48","fed_num":"48015","da_code":"48110243","geo_name":"48110243","name_source":{"label":"Statistics Canada Census Profile 2021 DA WDS","url":"https://www12.statcan.gc.ca/wds-sdw/2021profile-profil2021-eng.cfm"},"population":555,"status":"ok","source":{"label":"Statistics Canada Census Profile 2021 DA WDS","url":"https://www12.statcan.gc.ca/wds-sdw/2021profile-profil2021-eng.cfm"},"community_name":"Edmonton","community_source":{"label":"Statistics Canada 2021 census subdivision boundaries (spatial lookup)","url":"https://geo.statcan.gc.ca/geo_wa/rest/services/2021/Cartographic_boundary_files/MapServer/9"},"community_display":"Edmonton","is_unorganized":false,"panel_title":"Edmonton","display_label":"Edmonton","map_label":"48110243"},"geometry":{"type":"MultiPolygon","coordinates":[[[[-113.53190370372273,53.58758951394273],[-113.53190191789867,53.58604312485468],[-113.53344279454524,53.58603743266585],[-113.53499989360849,53.58604942834221],[-113.53654092499421,53.58604371511403],[-113.53809689604311,53.5860376214426],[-113.53809890539574,53.58758404574197],[-113.53810148088733,53.58913953977882],[-113.53657559992057,53.58914492895557],[-113.5350188962624,53.589141944475315],[-113.53347730202375,53.58913862734839],[-113.5319211900559,53.58914462972533],[-113.53190370372273,53.58758951394273]]]]}},{"type":"Feature","properties":{"DGUID":"2021S051248110244","DAUID":"48110244","LANDAREA":0.1211,"PRUID":"48","fed_num":"48015","da_code":"48110244","geo_name":"48110244","name_source":{"label":"Statistics Canada Census Profile 2021 DA WDS","url":"https://www12.statcan.gc.ca/wds-sdw/2021profile-profil2021-eng.cfm"},"population":492,"status":"ok","source":{"label":"Statistics Canada Census Profile 2021 DA WDS","url":"https://www12.statcan.gc.ca/wds-sdw/2021profile-profil2021-eng.cfm"},"community_name":"Edmonton","community_source":{"label":"Statistics Canada 2021 census subdivision boundaries (spatial lookup)","url":"https://geo.statcan.gc.ca/geo_wa/rest/services/2021/Cartographic_boundary_files/MapServer/9"},"community_display":"Edmonton","is_unorganized":false,"panel_title":"Edmonton","display_label":"Edmonton","map_label":"48110244"},"geometry":{"type":"MultiPolygon","coordinates":[[[[-113.53502715778549,53.59129964706165],[-113.5350057986451,53.590688746701026],[-113.5365624651073,53.59069164248488],[-113.53657559992057,53.58914492895557],[-113.53810148088733,53.58913953977882],[-113.53962749732523,53.58913404483018],[-113.5412149007293,53.589145338448624],[-113.5412229743914,53.59003526804304],[-113.5412272599944,53.59111416754412],[-113.54123047368712,53.59217495774199],[-113.5396586504742,53.592172464849504],[-113.53656068444816,53.592175255846044],[-113.535003842759,53.59217224539416],[-113.53502715778549,53.59129964706165]]]]}},{"type":"Feature","properties":{"DGUID":"2021S051248110245","DAUID":"48110245","LANDAREA":0.2021,"PRUID":"48","fed_num":"48015","da_code":"48110245","geo_name":"48110245","name_source":{"label":"Statistics Canada Census Profile 2021 DA WDS","url":"https://www12.statcan.gc.ca/wds-sdw/2021profile-profil2021-eng.cfm"},"population":531,"status":"ok","source":{"label":"Statistics Canada Census Profile 2021 DA WDS","url":"https://www12.statcan.gc.ca/wds-sdw/2021profile-profil2021-eng.cfm"},"community_name":"Edmonton","community_source":{"label":"Statistics Canada 2021 census subdivision boundaries (spatial lookup)","url":"https://geo.statcan.gc.ca/geo_wa/rest/services/2021/Cartographic_boundary_files/MapServer/9"},"community_display":"Edmonton","is_unorganized":false,"panel_title":"Edmonton","display_label":"Edmonton","map_label":"48110245"},"geometry":{"type":"MultiPolygon","coordinates":[[[[-113.5288381852498,53.592176956411244],[-113.526722348076,53.59217676267892],[-113.52505943732724,53.59216684745988],[-113.5250505618061,53.591258936585405],[-113.52665268197589,53.59126113711508],[-113.52675557582631,53.591213945549804],[-113.52681368945368,53.58990904521792],[-113.52683039602614,53.58990884198339],[-113.52882218798558,53.58988454740705],[-113.52883799018441,53.58913794573988],[-113.53037958397087,53.58914132777354],[-113.5319211900559,53.58914462972533],[-113.53347730202375,53.58913862734839],[-113.5350188962624,53.589141944475315],[-113.53657559992057,53.58914492895557],[-113.5365624651073,53.59069164248488],[-113.5350057986451,53.590688746701026],[-113.53502715778549,53.59129964706165],[-113.535003842759,53.59217224539416],[-113.53347786964207,53.59217763839055],[-113.5319361812355,53.59217434977711],[-113.53039496938956,53.59217995527662],[-113.5297146392311,53.59217634171756],[-113.5288381852498,53.592176956411244]]]]}},{"type":"Feature","properties":{"DGUID":"2021S051248110246","DAUID":"48110246","LANDAREA":0.1854,"PRUID":"48","fed_num":"48015","da_code":"48110246","geo_name":"48110246","name_source":{"label":"Statistics Canada Census Profile 2021 DA WDS","url":"https://www12.statcan.gc.ca/wds-sdw/2021profile-profil2021-eng.cfm"},"population":534,"status":"ok","source":{"label":"Statistics Canada Census Profile 2021 DA WDS","url":"https://www12.statcan.gc.ca/wds-sdw/2021profile-profil2021-eng.cfm"},"community_name":"Edmonton","community_source":{"label":"Statistics Canada 2021 census subdivision boundaries (spatial lookup)","url":"https://geo.statcan.gc.ca/geo_wa/rest/services/2021/Cartographic_boundary_files/MapServer/9"},"community_display":"Edmonton","is_unorganized":false,"panel_title":"Edmonton","display_label":"Edmonton","map_label":"48110246"},"geometry":{"type":"MultiPolygon","coordinates":[[[[-113.5334881738609,53.594874750592595],[-113.5319468547,53.59488046014351],[-113.53184117413551,53.595134465310146],[-113.53152738537436,53.595446758721245],[-113.5305036468442,53.5950098659944],[-113.53015005976404,53.59490955865408],[-113.52975445066066,53.59486396712083],[-113.52828865704271,53.594867945257676],[-113.5267926547107,53.594872545985254],[-113.52676628391825,53.59316485665099],[-113.52672935817758,53.59229343744106],[-113.526722348076,53.59217676267892],[-113.5288381852498,53.592176956411244],[-113.5297146392311,53.59217634171756],[-113.53039496938956,53.59217995527662],[-113.5319361812355,53.59217434977711],[-113.53347786964207,53.59217763839055],[-113.535003842759,53.59217224539416],[-113.53656068444816,53.592175255846044],[-113.53656927843346,53.592318957215056],[-113.53657455982861,53.593163960559416],[-113.5351691648192,53.593166757083765],[-113.53503665893298,53.59322354948459],[-113.53502938332063,53.59486907212029],[-113.53503306167988,53.59543547100954],[-113.53496186681824,53.59550887251634],[-113.53484228368168,53.59552947073811],[-113.53444816775992,53.59551076694213],[-113.53362767163927,53.595186671625136],[-113.53350048695724,53.59508136461435],[-113.5334881738609,53.594874750592595]]]]}},{"type":"Feature","properties":{"DGUID":"2021S051248110247","DAUID":"48110247","LANDAREA":0.207,"PRUID":"48","fed_num":"48015","da_code":"48110247","geo_name":"48110247","name_source":{"label":"Statistics Canada Census Profile 2021 DA WDS","url":"https://www12.statcan.gc.ca/wds-sdw/2021profile-profil2021-eng.cfm"},"population":738,"status":"ok","source":{"label":"Statistics Canada Census Profile 2021 DA WDS","url":"https://www12.statcan.gc.ca/wds-sdw/2021profile-profil2021-eng.cfm"},"community_name":"Edmonton","community_source":{"label":"Statistics Canada 2021 census subdivision boundaries (spatial lookup)","url":"https://geo.statcan.gc.ca/geo_wa/rest/services/2021/Cartographic_boundary_files/MapServer/9"},"community_display":"Edmonton","is_unorganized":false,"panel_title":"Edmonton","display_label":"Edmonton","map_label":"48110247"},"geometry":{"type":"MultiPolygon","coordinates":[[[[-113.5165326452034,53.59490905361948],[-113.51648954856275,53.592149743254836],[-113.51662537281923,53.592146844666416],[-113.51822745955556,53.5921491324696],[-113.51993563809152,53.592158050489516],[-113.52164345495659,53.59215805685298],[-113.52286925325964,53.59218614683304],[-113.52335004005101,53.59214004200173],[-113.52427345177584,53.59216555685661],[-113.52505943732724,53.59216684745988],[-113.526722348076,53.59217676267892],[-113.52672935817758,53.59229343744106],[-113.52676628391825,53.59316485665099],[-113.5267926547107,53.594872545985254],[-113.52507075368038,53.594890943090384],[-113.52337854337291,53.59489976293802],[-113.52165565622866,53.59490005835898],[-113.51825553019259,53.594908758231],[-113.51686525043729,53.59491104887914],[-113.51675965412834,53.59491335698049],[-113.5165326452034,53.59490905361948]]]]}},{"type":"Feature","properties":{"DGUID":"2021S051248110248","DAUID":"48110248","LANDAREA":0.1911,"PRUID":"48","fed_num":"48015","da_code":"48110248","geo_name":"48110248","name_source":{"label":"Statistics Canada Census Profile 2021 DA WDS","url":"https://www12.statcan.gc.ca/wds-sdw/2021profile-profil2021-eng.cfm"},"population":437,"status":"ok","source":{"label":"Statistics Canada Census Profile 2021 DA WDS","url":"https://www12.statcan.gc.ca/wds-sdw/2021profile-profil2021-eng.cfm"},"community_name":"Edmonton","community_source":{"label":"Statistics Canada 2021 census subdivision boundaries (spatial lookup)","url":"https://geo.statcan.gc.ca/geo_wa/rest/services/2021/Cartographic_boundary_files/MapServer/9"},"community_display":"Edmonton","is_unorganized":false,"panel_title":"Edmonton","display_label":"Edmonton","map_label":"48110248"},"geometry":{"type":"MultiPolygon","coordinates":[[[[-113.52164345495659,53.59215805685298],[-113.51993563809152,53.592158050489516],[-113.51992017927037,53.5898656416364],[-113.52164338222785,53.58987433085105],[-113.52164227508811,53.58757263870648],[-113.52333477460404,53.58757284293228],[-113.52504230014974,53.5875727289579],[-113.52675037348416,53.58758162597378],[-113.52675601409092,53.58825065235138],[-113.52675753370099,53.58843311825405],[-113.52676279642908,53.589055927654115],[-113.52683039602614,53.58990884198339],[-113.52681368945368,53.58990904521792],[-113.52675557582631,53.591213945549804],[-113.52665268197589,53.59126113711508],[-113.5250505618061,53.591258936585405],[-113.52505943732724,53.59216684745988],[-113.52427345177584,53.59216555685661],[-113.52335004005101,53.59214004200173],[-113.52286925325964,53.59218614683304],[-113.52164345495659,53.59215805685298]]]]}},{"type":"Feature","properties":{"DGUID":"2021S051248110249","DAUID":"48110249","LANDAREA":0.1334,"PRUID":"48","fed_num":"48015","da_code":"48110249","geo_name":"48110249","name_source":{"label":"Statistics Canada Census Profile 2021 DA WDS","url":"https://www12.statcan.gc.ca/wds-sdw/2021profile-profil2021-eng.cfm"},"population":507,"status":"ok","source":{"label":"Statistics Canada Census Profile 2021 DA WDS","url":"https://www12.statcan.gc.ca/wds-sdw/2021profile-profil2021-eng.cfm"},"community_name":"Edmonton","community_source":{"label":"Statistics Canada 2021 census subdivision boundaries (spatial lookup)","url":"https://geo.statcan.gc.ca/geo_wa/rest/services/2021/Cartographic_boundary_files/MapServer/9"},"community_display":"Edmonton","is_unorganized":false,"panel_title":"Edmonton","display_label":"Edmonton","map_label":"48110249"},"geometry":{"type":"MultiPolygon","coordinates":[[[[-113.51992407014228,53.58510930980245],[-113.51992800751151,53.58492042004885],[-113.52163548192834,53.58492031779999],[-113.52332778338113,53.58492062124795],[-113.5250351898088,53.584920506679374],[-113.52675878495056,53.5849381089046],[-113.52675037348416,53.58758162597378],[-113.52504230014974,53.5875727289579],[-113.52333477460404,53.58757284293228],[-113.52164227508811,53.58757263870648],[-113.51993527930149,53.58758163022974],[-113.51992407014228,53.58510930980245]]]]}},{"type":"Feature","properties":{"DGUID":"2021S051248110250","DAUID":"48110250","LANDAREA":0.1703,"PRUID":"48","fed_num":"48015","da_code":"48110250","geo_name":"48110250","name_source":{"label":"Statistics Canada Census Profile 2021 DA WDS","url":"https://www12.statcan.gc.ca/wds-sdw/2021profile-profil2021-eng.cfm"},"population":502,"status":"ok","source":{"label":"Statistics Canada Census Profile 2021 DA WDS","url":"https://www12.statcan.gc.ca/wds-sdw/2021profile-profil2021-eng.cfm"},"community_name":"Edmonton","community_source":{"label":"Statistics Canada 2021 census subdivision boundaries (spatial lookup)","url":"https://geo.statcan.gc.ca/geo_wa/rest/services/2021/Cartographic_boundary_files/MapServer/9"},"community_display":"Edmonton","is_unorganized":false,"panel_title":"Edmonton","display_label":"Edmonton","map_label":"48110250"},"geometry":{"type":"MultiPolygon","coordinates":[[[[-113.52683039602614,53.58990884198339],[-113.52676279642908,53.589055927654115],[-113.52675753370099,53.58843311825405],[-113.52675601409092,53.58825065235138],[-113.52675037348416,53.58758162597378],[-113.52675878495056,53.5849381089046],[-113.52882951184036,53.58494822660044],[-113.53037151108127,53.584960614199346],[-113.53189778343001,53.58496421014625],[-113.53190191789867,53.58604312485468],[-113.53190370372273,53.58758951394273],[-113.5319211900559,53.58914462972533],[-113.53037958397087,53.58914132777354],[-113.52883799018441,53.58913794573988],[-113.52882218798558,53.58988454740705],[-113.52683039602614,53.58990884198339]]]]}},{"type":"Feature","properties":{"DGUID":"2021S051248110251","DAUID":"48110251","LANDAREA":0.3169,"PRUID":"48","fed_num":"48015","da_code":"48110251","geo_name":"48110251","name_source":{"label":"Statistics Canada Census Profile 2021 DA WDS","url":"https://www12.statcan.gc.ca/wds-sdw/2021profile-profil2021-eng.cfm"},"population":630,"status":"ok","source":{"label":"Statistics Canada Census Profile 2021 DA WDS","url":"https://www12.statcan.gc.ca/wds-sdw/2021profile-profil2021-eng.cfm"},"community_name":"Edmonton","community_source":{"label":"Statistics Canada 2021 census subdivision boundaries (spatial lookup)","url":"https://geo.statcan.gc.ca/geo_wa/rest/services/2021/Cartographic_boundary_files/MapServer/9"},"community_display":"Edmonton","is_unorganized":false,"panel_title":"Edmonton","display_label":"Edmonton","map_label":"48110251"},"geometry":{"type":"MultiPolygon","coordinates":[[[[-113.51653806398663,53.59118663938061],[-113.51653755030698,53.590161632203724],[-113.51653514430744,53.58961322914767],[-113.51651328610369,53.5874648202224],[-113.51649420046316,53.585109613914625],[-113.51648346689352,53.58493001448535],[-113.51644553295098,53.5836788644872],[-113.51644548221704,53.58367768600475],[-113.51643960518473,53.583483678780034],[-113.51955022141696,53.5834809442598],[-113.52110979470095,53.58347484121199],[-113.52229930372225,53.583480546809156],[-113.52267591711696,53.58348135635955],[-113.52296644540941,53.58348925003319],[-113.52317751851233,53.58349475523803],[-113.523613036684,53.583526038395746],[-113.52428521892011,53.58356583541726],[-113.52481034455484,53.58357423978362],[-113.52529273808072,53.58356504553749],[-113.525632714661,53.58357323744466],[-113.52592544103916,53.58357653909249],[-113.52626272546549,53.58357185549131],[-113.52656800784754,53.58357743088885],[-113.52657169594602,53.58361921706593],[-113.5265852863486,53.58377324860015],[-113.52659780751125,53.58396232561657],[-113.52662841976843,53.5840889004404],[-113.52675878495056,53.5849381089046],[-113.5250351898088,53.584920506679374],[-113.52332778338113,53.58492062124795],[-113.52163548192834,53.58492031779999],[-113.51992800751151,53.58492042004885],[-113.51992407014228,53.58510930980245],[-113.51993527930149,53.58758163022974],[-113.52164227508811,53.58757263870648],[-113.52164338222785,53.58987433085105],[-113.51992017927037,53.5898656416364],[-113.51993563809152,53.592158050489516],[-113.51822745955556,53.5921491324696],[-113.51662537281923,53.592146844666416],[-113.51648954856275,53.592149743254836],[-113.51654966032773,53.59163592575729],[-113.51653806398663,53.59118663938061]]]]}},{"type":"Feature","properties":{"DGUID":"2021S051248110263","DAUID":"48110263","LANDAREA":0.1789,"PRUID":"48","fed_num":"48015","da_code":"48110263","geo_name":"48110263","name_source":{"label":"Statistics Canada Census Profile 2021 DA WDS","url":"https://www12.statcan.gc.ca/wds-sdw/2021profile-profil2021-eng.cfm"},"population":445,"status":"ok","source":{"label":"Statistics Canada Census Profile 2021 DA WDS","url":"https://www12.statcan.gc.ca/wds-sdw/2021profile-profil2021-eng.cfm"},"community_name":"Edmonton","community_source":{"label":"Statistics Canada 2021 census subdivision boundaries (spatial lookup)","url":"https://geo.statcan.gc.ca/geo_wa/rest/services/2021/Cartographic_boundary_files/MapServer/9"},"community_display":"Edmonton","is_unorganized":false,"panel_title":"Edmonton","display_label":"Edmonton","map_label":"48110263"},"geometry":{"type":"MultiPolygon","coordinates":[[[[-113.5165702273906,53.597066170509564],[-113.5165326452034,53.59490905361948],[-113.51675965412834,53.59491335698049],[-113.51686525043729,53.59491104887914],[-113.51825553019259,53.594908758231],[-113.52165565622866,53.59490005835898],[-113.52169672324403,53.59580103893613],[-113.52173272660089,53.59747759641323],[-113.52171175144817,53.59837846548685],[-113.52171944546713,53.599268455301704],[-113.52171452082638,53.59943936346427],[-113.52172576095778,53.599627967915126],[-113.51821037259124,53.599636915508796],[-113.51735805435035,53.5996390628601],[-113.5168442424402,53.599640858020145],[-113.51661731956499,53.59963666897524],[-113.51662113574262,53.59944777365178],[-113.51660237800074,53.59884074010625],[-113.5165883513724,53.59838744814537],[-113.5165702273906,53.597066170509564]]]]}},{"type":"Feature","properties":{"DGUID":"2021S051248110264","DAUID":"48110264","LANDAREA":0.1781,"PRUID":"48","fed_num":"48015","da_code":"48110264","geo_name":"48110264","name_source":{"label":"Statistics Canada Census Profile 2021 DA WDS","url":"https://www12.statcan.gc.ca/wds-sdw/2021profile-profil2021-eng.cfm"},"population":505,"status":"ok","source":{"label":"Statistics Canada Census Profile 2021 DA WDS","url":"https://www12.statcan.gc.ca/wds-sdw/2021profile-profil2021-eng.cfm"},"community_name":"Edmonton","community_source":{"label":"Statistics Canada 2021 census subdivision boundaries (spatial lookup)","url":"https://geo.statcan.gc.ca/geo_wa/rest/services/2021/Cartographic_boundary_files/MapServer/9"},"community_display":"Edmonton","is_unorganized":false,"panel_title":"Edmonton","display_label":"Edmonton","map_label":"48110264"},"geometry":{"type":"MultiPolygon","coordinates":[[[[-113.52169672324403,53.59580103893613],[-113.52165565622866,53.59490005835898],[-113.52337854337291,53.59489976293802],[-113.52507075368038,53.594890943090384],[-113.5267926547107,53.594872545985254],[-113.52680283792168,53.59656266344263],[-113.52685327275427,53.59785507512341],[-113.52683755739234,53.59942117071335],[-113.52683365373078,53.5996100677851],[-113.52601405798914,53.59961296487589],[-113.52172576095778,53.599627967915126],[-113.52171452082638,53.59943936346427],[-113.52171944546713,53.599268455301704],[-113.52171175144817,53.59837846548685],[-113.52173272660089,53.59747759641323],[-113.52169672324403,53.59580103893613]]]]}},{"type":"Feature","properties":{"DGUID":"2021S051248110265","DAUID":"48110265","LANDAREA":0.2524,"PRUID":"48","fed_num":"48015","da_code":"48110265","geo_name":"48110265","name_source":{"label":"Statistics Canada Census Profile 2021 DA WDS","url":"https://www12.statcan.gc.ca/wds-sdw/2021profile-profil2021-eng.cfm"},"population":520,"status":"ok","source":{"label":"Statistics Canada Census Profile 2021 DA WDS","url":"https://www12.statcan.gc.ca/wds-sdw/2021profile-profil2021-eng.cfm"},"community_name":"Edmonton","community_source":{"label":"Statistics Canada 2021 census subdivision boundaries (spatial lookup)","url":"https://geo.statcan.gc.ca/geo_wa/rest/services/2021/Cartographic_boundary_files/MapServer/9"},"community_display":"Edmonton","is_unorganized":false,"panel_title":"Edmonton","display_label":"Edmonton","map_label":"48110265"},"geometry":{"type":"MultiPolygon","coordinates":[[[[-113.52680283792168,53.59656266344263],[-113.5267926547107,53.594872545985254],[-113.52828865704271,53.594867945257676],[-113.52975445066066,53.59486396712083],[-113.53015005976404,53.59490955865408],[-113.5305036468442,53.5950098659944],[-113.53152738537436,53.595446758721245],[-113.5324426801247,53.59584096184924],[-113.53349276541623,53.59621437397624],[-113.53430305798867,53.596368063250395],[-113.53504645892794,53.59641517705628],[-113.53505747317477,53.5983660588977],[-113.53506435640477,53.59923808595185],[-113.53490854180899,53.59941216881467],[-113.53491936771627,53.599591773382556],[-113.53159386362917,53.59959027034609],[-113.52786135571532,53.599606280093965],[-113.52683365373078,53.5996100677851],[-113.52683755739234,53.59942117071335],[-113.52685327275427,53.59785507512341],[-113.52680283792168,53.59656266344263]]]]}},{"type":"Feature","properties":{"DGUID":"2021S051248110367","DAUID":"48110367","LANDAREA":0.1166,"PRUID":"48","fed_num":"48015","da_code":"48110367","geo_name":"48110367","name_source":{"label":"Statistics Canada Census Profile 2021 DA WDS","url":"https://www12.statcan.gc.ca/wds-sdw/2021profile-profil2021-eng.cfm"},"population":663,"status":"ok","source":{"label":"Statistics Canada Census Profile 2021 DA WDS","url":"https://www12.statcan.gc.ca/wds-sdw/2021profile-profil2021-eng.cfm"},"community_name":"Edmonton","community_source":{"label":"Statistics Canada 2021 census subdivision boundaries (spatial lookup)","url":"https://geo.statcan.gc.ca/geo_wa/rest/services/2021/Cartographic_boundary_files/MapServer/9"},"community_display":"Edmonton","is_unorganized":false,"panel_title":"Edmonton","display_label":"Edmonton","map_label":"48110367"},"geometry":{"type":"MultiPolygon","coordinates":[[[[-113.49218208691401,53.57099027906993],[-113.49197806486916,53.57034717190499],[-113.49220806716417,53.57040528158792],[-113.49284267025814,53.57041008000246],[-113.4935835912049,53.570421576116466],[-113.49435298794134,53.570405475567654],[-113.49483567677694,53.57039546641083],[-113.49558947581725,53.57037077905435],[-113.49560718446665,53.57195278359917],[-113.49551978571645,53.573546088658944],[-113.49552237422358,53.57512838677922],[-113.49367944910496,53.5751308842804],[-113.49222898295996,53.575125189735964],[-113.4922411765457,53.57430678493962],[-113.49224105176997,53.5735334746181],[-113.49224030881916,53.57313410575957],[-113.49223807514755,53.57194216884415],[-113.4922068618044,53.5714122638491],[-113.49218208691401,53.57099027906993]]]]}},{"type":"Feature","properties":{"DGUID":"2021S051248110368","DAUID":"48110368","LANDAREA":0.1284,"PRUID":"48","fed_num":"48015","da_code":"48110368","geo_name":"48110368","name_source":{"label":"Statistics Canada Census Profile 2021 DA WDS","url":"https://www12.statcan.gc.ca/wds-sdw/2021profile-profil2021-eng.cfm"},"population":754,"status":"ok","source":{"label":"Statistics Canada Census Profile 2021 DA WDS","url":"https://www12.statcan.gc.ca/wds-sdw/2021profile-profil2021-eng.cfm"},"community_name":"Edmonton","community_source":{"label":"Statistics Canada 2021 census subdivision boundaries (spatial lookup)","url":"https://geo.statcan.gc.ca/geo_wa/rest/services/2021/Cartographic_boundary_files/MapServer/9"},"community_display":"Edmonton","is_unorganized":false,"panel_title":"Edmonton","display_label":"Edmonton","map_label":"48110368"},"geometry":{"type":"MultiPolygon","coordinates":[[[[-113.49560718446665,53.57195278359917],[-113.49558947581725,53.57037077905435],[-113.49635779088915,53.57033666937459],[-113.49735459766752,53.57033387395666],[-113.49919778634941,53.57034027863268],[-113.49920256749733,53.571958578117865],[-113.4991907929351,53.573550286306585],[-113.4992080877836,53.57512338036922],[-113.49736517522602,53.57512588358313],[-113.49552237422358,53.57512838677922],[-113.49551978571645,53.573546088658944],[-113.49560718446665,53.57195278359917]]]]}},{"type":"Feature","properties":{"DGUID":"2021S051248110369","DAUID":"48110369","LANDAREA":0.1723,"PRUID":"48","fed_num":"48015","da_code":"48110369","geo_name":"48110369","name_source":{"label":"Statistics Canada Census Profile 2021 DA WDS","url":"https://www12.statcan.gc.ca/wds-sdw/2021profile-profil2021-eng.cfm"},"population":701,"status":"ok","source":{"label":"Statistics Canada Census Profile 2021 DA WDS","url":"https://www12.statcan.gc.ca/wds-sdw/2021profile-profil2021-eng.cfm"},"community_name":"Edmonton","community_source":{"label":"Statistics Canada 2021 census subdivision boundaries (spatial lookup)","url":"https://geo.statcan.gc.ca/geo_wa/rest/services/2021/Cartographic_boundary_files/MapServer/9"},"community_display":"Edmonton","is_unorganized":false,"panel_title":"Edmonton","display_label":"Edmonton","map_label":"48110369"},"geometry":{"type":"MultiPolygon","coordinates":[[[[-113.4991907929351,53.573550286306585],[-113.49920256749733,53.571958578117865],[-113.50000326785457,53.57195987904343],[-113.501045298432,53.57195607668715],[-113.50288799975522,53.571953494110964],[-113.50287626553454,53.5735450889564],[-113.50289479632416,53.57513617766619],[-113.50288367043159,53.57673678458042],[-113.50288548510196,53.57830118498239],[-113.50104197595678,53.578294802117775],[-113.49999977326661,53.57829868668979],[-113.49919895314179,53.57829741058867],[-113.49919676410968,53.57672399577838],[-113.4992080877836,53.57512338036922],[-113.4991907929351,53.573550286306585]]]]}},{"type":"Feature","properties":{"DGUID":"2021S051248110370","DAUID":"48110370","LANDAREA":0.2215,"PRUID":"48","fed_num":"48015","da_code":"48110370","geo_name":"48110370","name_source":{"label":"Statistics Canada Census Profile 2021 DA WDS","url":"https://www12.statcan.gc.ca/wds-sdw/2021profile-profil2021-eng.cfm"},"population":618,"status":"ok","source":{"label":"Statistics Canada Census Profile 2021 DA WDS","url":"https://www12.statcan.gc.ca/wds-sdw/2021profile-profil2021-eng.cfm"},"community_name":"Edmonton","community_source":{"label":"Statistics Canada 2021 census subdivision boundaries (spatial lookup)","url":"https://geo.statcan.gc.ca/geo_wa/rest/services/2021/Cartographic_boundary_files/MapServer/9"},"community_display":"Edmonton","is_unorganized":false,"panel_title":"Edmonton","display_label":"Edmonton","map_label":"48110370"},"geometry":{"type":"MultiPolygon","coordinates":[[[[-113.49223043163259,53.575295850182435],[-113.49222898295996,53.575125189735964],[-113.49367944910496,53.5751308842804],[-113.49552237422358,53.57512838677922],[-113.49736517522602,53.57512588358313],[-113.4992080877836,53.57512338036922],[-113.49919676410968,53.57672399577838],[-113.49919895314179,53.57829741058867],[-113.49920585392141,53.57943910023133],[-113.49737795090115,53.57944141304603],[-113.4955349661743,53.57944388353727],[-113.49369184524137,53.57944640617663],[-113.49285986699037,53.57942780164779],[-113.49238391775984,53.57941603557401],[-113.49224012082797,53.57942269220774],[-113.49223445003709,53.57829889869565],[-113.49223354628927,53.576743495766145],[-113.4922371917292,53.57659711817507],[-113.49223655682577,53.57602407490036],[-113.49223043163259,53.575295850182435]]]]}},{"type":"Feature","properties":{"DGUID":"2021S051248111069","DAUID":"48111069","LANDAREA":0.1395,"PRUID":"48","fed_num":"48015","da_code":"48111069","geo_name":"48111069","name_source":{"label":"Statistics Canada Census Profile 2021 DA WDS","url":"https://www12.statcan.gc.ca/wds-sdw/2021profile-profil2021-eng.cfm"},"population":349,"status":"ok","source":{"label":"Statistics Canada Census Profile 2021 DA WDS","url":"https://www12.statcan.gc.ca/wds-sdw/2021profile-profil2021-eng.cfm"},"community_name":"Edmonton","community_source":{"label":"Statistics Canada 2021 census subdivision boundaries (spatial lookup)","url":"https://geo.statcan.gc.ca/geo_wa/rest/services/2021/Cartographic_boundary_files/MapServer/9"},"community_display":"Edmonton","is_unorganized":false,"panel_title":"Edmonton","display_label":"Edmonton","map_label":"48111069"},"geometry":{"type":"MultiPolygon","coordinates":[[[[-113.57271669074726,53.53083770520424],[-113.57271582722912,53.53037939667189],[-113.57429952114468,53.53053415672661],[-113.57551141091926,53.531002972947],[-113.57625904270276,53.53151659711307],[-113.57797932942336,53.53151550430704],[-113.57798283088952,53.533061920071624],[-113.57798622198501,53.53460831250097],[-113.57782043384927,53.534611920623405],[-113.57623561858509,53.53461012007151],[-113.57454480328191,53.534601600774096],[-113.57277908217075,53.5346037085109],[-113.57281518063458,53.532462996324455],[-113.57258430437867,53.53238699055448],[-113.5727186108995,53.532114389200636],[-113.57271179803035,53.531503105713924],[-113.57270920668353,53.53096370336516],[-113.57271669074726,53.53083770520424]]]]}},{"type":"Feature","properties":{"DGUID":"2021S051248111070","DAUID":"48111070","LANDAREA":0.1607,"PRUID":"48","fed_num":"48015","da_code":"48111070","geo_name":"48111070","name_source":{"label":"Statistics Canada Census Profile 2021 DA WDS","url":"https://www12.statcan.gc.ca/wds-sdw/2021profile-profil2021-eng.cfm"},"population":421,"status":"ok","source":{"label":"Statistics Canada Census Profile 2021 DA WDS","url":"https://www12.statcan.gc.ca/wds-sdw/2021profile-profil2021-eng.cfm"},"community_name":"Edmonton","community_source":{"label":"Statistics Canada 2021 census subdivision boundaries (spatial lookup)","url":"https://geo.statcan.gc.ca/geo_wa/rest/services/2021/Cartographic_boundary_files/MapServer/9"},"community_display":"Edmonton","is_unorganized":false,"panel_title":"Edmonton","display_label":"Edmonton","map_label":"48111070"},"geometry":{"type":"MultiPolygon","coordinates":[[[[-113.57798283088952,53.533061920071624],[-113.57797932942336,53.53151550430704],[-113.57977673065359,53.53153960799517],[-113.58152605615801,53.531519808591185],[-113.58327652913911,53.5315180215709],[-113.58374656171782,53.531552808928176],[-113.58504266576976,53.53152472821833],[-113.58504637350447,53.53307121917839],[-113.58501986590784,53.53461822090097],[-113.58326925759265,53.53462011776857],[-113.58151816345622,53.53461301509551],[-113.57976753342973,53.53461491386477],[-113.57798622198501,53.53460831250097],[-113.57798283088952,53.533061920071624]]]]}},{"type":"Feature","properties":{"DGUID":"2021S051248111072","DAUID":"48111072","LANDAREA":0.1213,"PRUID":"48","fed_num":"48015","da_code":"48111072","geo_name":"48111072","name_source":{"label":"Statistics Canada Census Profile 2021 DA WDS","url":"https://www12.statcan.gc.ca/wds-sdw/2021profile-profil2021-eng.cfm"},"population":461,"status":"ok","source":{"label":"Statistics Canada Census Profile 2021 DA WDS","url":"https://www12.statcan.gc.ca/wds-sdw/2021profile-profil2021-eng.cfm"},"community_name":"Edmonton","community_source":{"label":"Statistics Canada 2021 census subdivision boundaries (spatial lookup)","url":"https://geo.statcan.gc.ca/geo_wa/rest/services/2021/Cartographic_boundary_files/MapServer/9"},"community_display":"Edmonton","is_unorganized":false,"panel_title":"Edmonton","display_label":"Edmonton","map_label":"48111072"},"geometry":{"type":"MultiPolygon","coordinates":[[[[-113.58504637350447,53.53307121917839],[-113.58504266576976,53.53152472821833],[-113.58596314237595,53.53152283319458],[-113.58679314565856,53.531522826221696],[-113.58855865796052,53.531520644405184],[-113.58961473540161,53.53151572864514],[-113.59036943637487,53.531517339286445],[-113.59035764065496,53.53305515413719],[-113.59034707017302,53.534610835120155],[-113.58853565221352,53.534605142338684],[-113.58678554870929,53.53461603579413],[-113.58501986590784,53.53461822090097],[-113.58504637350447,53.53307121917839]]]]}},{"type":"Feature","properties":{"DGUID":"2021S051248111073","DAUID":"48111073","LANDAREA":0.1519,"PRUID":"48","fed_num":"48015","da_code":"48111073","geo_name":"48111073","name_source":{"label":"Statistics Canada Census Profile 2021 DA WDS","url":"https://www12.statcan.gc.ca/wds-sdw/2021profile-profil2021-eng.cfm"},"population":482,"status":"ok","source":{"label":"Statistics Canada Census Profile 2021 DA WDS","url":"https://www12.statcan.gc.ca/wds-sdw/2021profile-profil2021-eng.cfm"},"community_name":"Edmonton","community_source":{"label":"Statistics Canada 2021 census subdivision boundaries (spatial lookup)","url":"https://geo.statcan.gc.ca/geo_wa/rest/services/2021/Cartographic_boundary_files/MapServer/9"},"community_display":"Edmonton","is_unorganized":false,"panel_title":"Edmonton","display_label":"Edmonton","map_label":"48111073"},"geometry":{"type":"MultiPolygon","coordinates":[[[[-113.59035764065496,53.53305515413719],[-113.59036943637487,53.531517339286445],[-113.5906412308768,53.53152044226952],[-113.59121455454672,53.53151702910424],[-113.59207463121527,53.531516337411645],[-113.59381065301046,53.53152363188938],[-113.59381725670187,53.53163133728284],[-113.59381466849368,53.53307004982061],[-113.59381866794436,53.534616451734685],[-113.59380815575038,53.53617215830896],[-113.59381237395174,53.5374758600617],[-113.5920611601707,53.53746884737905],[-113.59050638368738,53.53746665414589],[-113.590355655715,53.537469856640456],[-113.59035096932618,53.536157234131],[-113.59034707017302,53.534610835120155],[-113.59035764065496,53.53305515413719]]]]}},{"type":"Feature","properties":{"DGUID":"2021S051248111074","DAUID":"48111074","LANDAREA":0.122,"PRUID":"48","fed_num":"48015","da_code":"48111074","geo_name":"48111074","name_source":{"label":"Statistics Canada Census Profile 2021 DA WDS","url":"https://www12.statcan.gc.ca/wds-sdw/2021profile-profil2021-eng.cfm"},"population":534,"status":"ok","source":{"label":"Statistics Canada Census Profile 2021 DA WDS","url":"https://www12.statcan.gc.ca/wds-sdw/2021profile-profil2021-eng.cfm"},"community_name":"Edmonton","community_source":{"label":"Statistics Canada 2021 census subdivision boundaries (spatial lookup)","url":"https://geo.statcan.gc.ca/geo_wa/rest/services/2021/Cartographic_boundary_files/MapServer/9"},"community_display":"Edmonton","is_unorganized":false,"panel_title":"Edmonton","display_label":"Edmonton","map_label":"48111074"},"geometry":{"type":"MultiPolygon","coordinates":[[[[-113.59037328232516,53.53924075381327],[-113.58853257247283,53.539253746232376],[-113.5882946865641,53.53931285327727],[-113.58782247597088,53.539242147728785],[-113.58676568924757,53.53923804809956],[-113.5868122686519,53.53901225115149],[-113.58679257741682,53.53769994964647],[-113.5867887671348,53.53615344635949],[-113.58678554870929,53.53461603579413],[-113.58853565221352,53.534605142338684],[-113.59034707017302,53.534610835120155],[-113.59035096932618,53.536157234131],[-113.590355655715,53.537469856640456],[-113.59035486880248,53.53770363950515],[-113.59037328232516,53.53924075381327]]]]}},{"type":"Feature","properties":{"DGUID":"2021S051248111075","DAUID":"48111075","LANDAREA":0.1797,"PRUID":"48","fed_num":"48015","da_code":"48111075","geo_name":"48111075","name_source":{"label":"Statistics Canada Census Profile 2021 DA WDS","url":"https://www12.statcan.gc.ca/wds-sdw/2021profile-profil2021-eng.cfm"},"population":481,"status":"ok","source":{"label":"Statistics Canada Census Profile 2021 DA WDS","url":"https://www12.statcan.gc.ca/wds-sdw/2021profile-profil2021-eng.cfm"},"community_name":"Edmonton","community_source":{"label":"Statistics Canada 2021 census subdivision boundaries (spatial lookup)","url":"https://geo.statcan.gc.ca/geo_wa/rest/services/2021/Cartographic_boundary_files/MapServer/9"},"community_display":"Edmonton","is_unorganized":false,"panel_title":"Edmonton","display_label":"Edmonton","map_label":"48111075"},"geometry":{"type":"MultiPolygon","coordinates":[[[[-113.58152175398244,53.53615942960923],[-113.58151816345622,53.53461301509551],[-113.58326925759265,53.53462011776857],[-113.58501986590784,53.53461822090097],[-113.58678554870929,53.53461603579413],[-113.5867887671348,53.53615344635949],[-113.58679257741682,53.53769994964647],[-113.5868122686519,53.53901225115149],[-113.58676568924757,53.53923804809956],[-113.5850298561413,53.53923964861363],[-113.58327856661946,53.53923251479441],[-113.5824031650173,53.539233436965226],[-113.58201453237454,53.539295721672794],[-113.58151654690928,53.53929752697615],[-113.5815105474826,53.53919871567678],[-113.58154426723681,53.53900923110288],[-113.58157315086028,53.53824432284742],[-113.58151073502964,53.53771522199263],[-113.58152175398244,53.53615942960923]]]]}},{"type":"Feature","properties":{"DGUID":"2021S051248111076","DAUID":"48111076","LANDAREA":0.1223,"PRUID":"48","fed_num":"48015","da_code":"48111076","geo_name":"48111076","name_source":{"label":"Statistics Canada Census Profile 2021 DA WDS","url":"https://www12.statcan.gc.ca/wds-sdw/2021profile-profil2021-eng.cfm"},"population":534,"status":"ok","source":{"label":"Statistics Canada Census Profile 2021 DA WDS","url":"https://www12.statcan.gc.ca/wds-sdw/2021profile-profil2021-eng.cfm"},"community_name":"Edmonton","community_source":{"label":"Statistics Canada 2021 census subdivision boundaries (spatial lookup)","url":"https://geo.statcan.gc.ca/geo_wa/rest/services/2021/Cartographic_boundary_files/MapServer/9"},"community_display":"Edmonton","is_unorganized":false,"panel_title":"Edmonton","display_label":"Edmonton","map_label":"48111076"},"geometry":{"type":"MultiPolygon","coordinates":[[[[-113.577989630942,53.53615481868378],[-113.57798622198501,53.53460831250097],[-113.57976753342973,53.53461491386477],[-113.58151816345622,53.53461301509551],[-113.58152175398244,53.53615942960923],[-113.58151073502964,53.53771522199263],[-113.58157315086028,53.53824432284742],[-113.58154426723681,53.53900923110288],[-113.5815105474826,53.53919871567678],[-113.58151654690928,53.53929752697615],[-113.58030945670926,53.539305618755144],[-113.57947656686484,53.53926061887171],[-113.57814843161084,53.53926232597263],[-113.57795243339763,53.539266624740115],[-113.57795935264194,53.53913152808935],[-113.57796531785557,53.53798950955834],[-113.57796354191667,53.53771081002502],[-113.577989630942,53.53615481868378]]]]}},{"type":"Feature","properties":{"DGUID":"2021S051248111077","DAUID":"48111077","LANDAREA":0.2138,"PRUID":"48","fed_num":"48015","da_code":"48111077","geo_name":"48111077","name_source":{"label":"Statistics Canada Census Profile 2021 DA WDS","url":"https://www12.statcan.gc.ca/wds-sdw/2021profile-profil2021-eng.cfm"},"population":528,"status":"ok","source":{"label":"Statistics Canada Census Profile 2021 DA WDS","url":"https://www12.statcan.gc.ca/wds-sdw/2021profile-profil2021-eng.cfm"},"community_name":"Edmonton","community_source":{"label":"Statistics Canada 2021 census subdivision boundaries (spatial lookup)","url":"https://geo.statcan.gc.ca/geo_wa/rest/services/2021/Cartographic_boundary_files/MapServer/9"},"community_display":"Edmonton","is_unorganized":false,"panel_title":"Edmonton","display_label":"Edmonton","map_label":"48111077"},"geometry":{"type":"MultiPolygon","coordinates":[[[[-113.57450103040753,53.535870307458644],[-113.57454480328191,53.534601600774096],[-113.57623561858509,53.53461012007151],[-113.57782043384927,53.534611920623405],[-113.57798622198501,53.53460831250097],[-113.577989630942,53.53615481868378],[-113.57796354191667,53.53771081002502],[-113.57796531785557,53.53798950955834],[-113.57795935264194,53.53913152808935],[-113.57795243339763,53.539266624740115],[-113.57795452307984,53.54054331395858],[-113.57794812022667,53.541181825414746],[-113.57626022432106,53.54122722863142],[-113.57603114949914,53.54121547836523],[-113.57602644930358,53.54121522808432],[-113.57553426534759,53.54119002012018],[-113.57551822512778,53.54118920935617],[-113.57449344736027,53.540716822781164],[-113.57312372423038,53.54003601983921],[-113.57275491301593,53.53992703175011],[-113.57274422210945,53.53925293380349],[-113.57274089974585,53.53770652238081],[-113.57275219787566,53.537643306437566],[-113.57299681756706,53.537197526758476],[-113.57450103040753,53.535870307458644]]]]}},{"type":"Feature","properties":{"DGUID":"2021S051248111078","DAUID":"48111078","LANDAREA":0.1578,"PRUID":"48","fed_num":"48015","da_code":"48111078","geo_name":"48111078","name_source":{"label":"Statistics Canada Census Profile 2021 DA WDS","url":"https://www12.statcan.gc.ca/wds-sdw/2021profile-profil2021-eng.cfm"},"population":454,"status":"ok","source":{"label":"Statistics Canada Census Profile 2021 DA WDS","url":"https://www12.statcan.gc.ca/wds-sdw/2021profile-profil2021-eng.cfm"},"community_name":"Edmonton","community_source":{"label":"Statistics Canada 2021 census subdivision boundaries (spatial lookup)","url":"https://geo.statcan.gc.ca/geo_wa/rest/services/2021/Cartographic_boundary_files/MapServer/9"},"community_display":"Edmonton","is_unorganized":false,"panel_title":"Edmonton","display_label":"Edmonton","map_label":"48111078"},"geometry":{"type":"MultiPolygon","coordinates":[[[[-113.57795452307984,53.54054331395858],[-113.57795243339763,53.539266624740115],[-113.57814843161084,53.53926232597263],[-113.57947656686484,53.53926061887171],[-113.58030945670926,53.539305618755144],[-113.58151654690928,53.53929752697615],[-113.58201453237454,53.539295721672794],[-113.5824031650173,53.539233436965226],[-113.58327856661946,53.53923251479441],[-113.58325086304671,53.54125612405709],[-113.5832673666439,53.543260843318414],[-113.58327062732984,53.54331473140162],[-113.58151962549215,53.54331662722586],[-113.57975274723715,53.543317649307824],[-113.57889700143554,53.54331552584968],[-113.57804574386553,53.54328362229742],[-113.57795912605235,53.54210773808818],[-113.57795676494405,53.54182003076343],[-113.57796194248917,53.54165802736411],[-113.5779524474203,53.541253632103874],[-113.57794812022667,53.541181825414746],[-113.57795452307984,53.54054331395858]]]]}},{"type":"Feature","properties":{"DGUID":"2021S051248111079","DAUID":"48111079","LANDAREA":0.2842,"PRUID":"48","fed_num":"48015","da_code":"48111079","geo_name":"48111079","name_source":{"label":"Statistics Canada Census Profile 2021 DA WDS","url":"https://www12.statcan.gc.ca/wds-sdw/2021profile-profil2021-eng.cfm"},"population":649,"status":"ok","source":{"label":"Statistics Canada Census Profile 2021 DA WDS","url":"https://www12.statcan.gc.ca/wds-sdw/2021profile-profil2021-eng.cfm"},"community_name":"Edmonton","community_source":{"label":"Statistics Canada 2021 census subdivision boundaries (spatial lookup)","url":"https://geo.statcan.gc.ca/geo_wa/rest/services/2021/Cartographic_boundary_files/MapServer/9"},"community_display":"Edmonton","is_unorganized":false,"panel_title":"Edmonton","display_label":"Edmonton","map_label":"48111079"},"geometry":{"type":"MultiPolygon","coordinates":[[[[-113.57078244229092,53.54075315561693],[-113.56754034852378,53.54074840802748],[-113.56755706961692,53.541252821246985],[-113.56742420464857,53.5412597344371],[-113.56575370426091,53.54125097942262],[-113.56560707048469,53.54123720713585],[-113.56558220555195,53.54037793196289],[-113.56557321197532,53.5397101372321],[-113.56558847359851,53.53946657484784],[-113.56557121946993,53.539241533790054],[-113.56556158488914,53.53881448759655],[-113.56564215280495,53.53882828917656],[-113.56569407003943,53.538838192455145],[-113.56572235407269,53.53884357889248],[-113.56586690996375,53.53887117549385],[-113.5660117720436,53.53889881783422],[-113.56615663434127,53.53892645998359],[-113.56630151149712,53.53895412650546],[-113.56644635958982,53.53898174370946],[-113.56654051676266,53.53899972398969],[-113.56659123718147,53.53900940984932],[-113.56673604409774,53.5390370350933],[-113.56688092130491,53.539064700206964],[-113.56702582530556,53.539092331840244],[-113.56735056330672,53.53915431326261],[-113.5676053288585,53.53920274231999],[-113.56775024580664,53.539230315125955],[-113.56789514831209,53.53925786317284],[-113.56804006565766,53.53928543558695],[-113.56818496856033,53.53931298324203],[-113.56832987166152,53.53934053070118],[-113.56847478960326,53.53936810252754],[-113.5686196931017,53.539395649594866],[-113.56890951533654,53.53945076770487],[-113.56905443407307,53.539478338747514],[-113.56919928248878,53.53950586919042],[-113.56934420162263,53.53953343984126],[-113.56948910631267,53.53956098573324],[-113.569634025844,53.5395885559922],[-113.56977893093125,53.53961610149233],[-113.56992383621709,53.53964364679656],[-113.57006875634441,53.53967121646775],[-113.57032811160934,53.53972055046725],[-113.57061412303914,53.539825734299534],[-113.57074347787943,53.53987330286346],[-113.57087290354777,53.53992091167748],[-113.57100230023539,53.53996847121311],[-113.57113172651664,53.54001607972146],[-113.5712611384606,53.5400636635143],[-113.57139055071086,53.54011124715434],[-113.57151992203242,53.540158839364715],[-113.57164934953946,53.54020644726189],[-113.57177870682956,53.54025401460415],[-113.57190813494942,53.540301622195756],[-113.57203754873137,53.54034920507193],[-113.5721669215846,53.54039679651866],[-113.57229635062384,53.54044440365188],[-113.57242570944503,53.540491970230605],[-113.57254551539394,53.54053605319125],[-113.57268346879806,53.54058697392716],[-113.57291879656945,53.54068500789665],[-113.57304258482846,53.54073654631149],[-113.57316638805011,53.540788109150334],[-113.57329016499928,53.54083970513696],[-113.57341399544603,53.54089123441247],[-113.57353779962035,53.540942796835786],[-113.57390626812214,53.54109628090995],[-113.5739449413748,53.54118543796385],[-113.57400516816848,53.54132366975096],[-113.57553426534759,53.54119002012018],[-113.57602644930358,53.54121522808432],[-113.57603114949914,53.54121547836523],[-113.57626022432106,53.54122722863142],[-113.57794812022667,53.541181825414746],[-113.5779524474203,53.541253632103874],[-113.57796194248917,53.54165802736411],[-113.57795676494405,53.54182003076343],[-113.57795912605235,53.54210773808818],[-113.57804574386553,53.54328362229742],[-113.57804411646573,53.54400303527971],[-113.57804821608114,53.546304745826966],[-113.57598002631939,53.54630433970335],[-113.57427360868043,53.54629613430868],[-113.57256832527283,53.546305839323566],[-113.57254991332067,53.544013532561834],[-113.5725682901629,53.541955766521106],[-113.57257832459008,53.54170046411212],[-113.57256710635659,53.54132034342525],[-113.57253380501176,53.541284818395894],[-113.57244551112235,53.54125846529655],[-113.5708554143198,53.54125472269974],[-113.57089149239174,53.5411885888398],[-113.57090957909683,53.540761169141796],[-113.57078244229092,53.54075315561693]]]]}},{"type":"Feature","properties":{"DGUID":"2021S051248111080","DAUID":"48111080","LANDAREA":0.2688,"PRUID":"48","fed_num":"48015","da_code":"48111080","geo_name":"48111080","name_source":{"label":"Statistics Canada Census Profile 2021 DA WDS","url":"https://www12.statcan.gc.ca/wds-sdw/2021profile-profil2021-eng.cfm"},"population":695,"status":"ok","source":{"label":"Statistics Canada Census Profile 2021 DA WDS","url":"https://www12.statcan.gc.ca/wds-sdw/2021profile-profil2021-eng.cfm"},"community_name":"Edmonton","community_source":{"label":"Statistics Canada 2021 census subdivision boundaries (spatial lookup)","url":"https://geo.statcan.gc.ca/geo_wa/rest/services/2021/Cartographic_boundary_files/MapServer/9"},"community_display":"Edmonton","is_unorganized":false,"panel_title":"Edmonton","display_label":"Edmonton","map_label":"48111080"},"geometry":{"type":"MultiPolygon","coordinates":[[[[-113.56562394095823,53.5420993627969],[-113.56560707048469,53.54123720713585],[-113.56575370426091,53.54125097942262],[-113.56742420464857,53.5412597344371],[-113.56755706961692,53.541252821246985],[-113.56754034852378,53.54074840802748],[-113.57078244229092,53.54075315561693],[-113.57090957909683,53.540761169141796],[-113.57089149239174,53.5411885888398],[-113.5708554143198,53.54125472269974],[-113.57244551112235,53.54125846529655],[-113.57253380501176,53.541284818395894],[-113.57256710635659,53.54132034342525],[-113.57257832459008,53.54170046411212],[-113.5725682901629,53.541955766521106],[-113.57254991332067,53.544013532561834],[-113.57256832527283,53.546305839323566],[-113.57086244658026,53.546306653034854],[-113.56915652388305,53.54630736580624],[-113.56743564776141,53.546308364522055],[-113.56574434988723,53.5462997559025],[-113.5657359661656,53.54566155791953],[-113.56571642518165,53.54459195672604],[-113.56569622864248,53.544007956083526],[-113.56564934273946,53.54298394489336],[-113.56564126020933,53.542849235830644],[-113.56563793976463,53.542497358543514],[-113.56562394095823,53.5420993627969]]]]}},{"type":"Feature","properties":{"DGUID":"2021S051248111081","DAUID":"48111081","LANDAREA":0.0493,"PRUID":"48","fed_num":"48015","da_code":"48111081","geo_name":"48111081","name_source":{"label":"Statistics Canada Census Profile 2021 DA WDS","url":"https://www12.statcan.gc.ca/wds-sdw/2021profile-profil2021-eng.cfm"},"population":588,"status":"ok","source":{"label":"Statistics Canada Census Profile 2021 DA WDS","url":"https://www12.statcan.gc.ca/wds-sdw/2021profile-profil2021-eng.cfm"},"community_name":"Edmonton","community_source":{"label":"Statistics Canada 2021 census subdivision boundaries (spatial lookup)","url":"https://geo.statcan.gc.ca/geo_wa/rest/services/2021/Cartographic_boundary_files/MapServer/9"},"community_display":"Edmonton","is_unorganized":false,"panel_title":"Edmonton","display_label":"Edmonton","map_label":"48111081"},"geometry":{"type":"MultiPolygon","coordinates":[[[[-113.56207763721581,53.54333034706667],[-113.56245889193542,53.54311155403889],[-113.56309263012861,53.5429812127445],[-113.56373423037218,53.54295359154736],[-113.56475283624417,53.542886354537885],[-113.56513104781423,53.54286847576609],[-113.56564126020933,53.542849235830644],[-113.56564934273946,53.54298394489336],[-113.56569622864248,53.544007956083526],[-113.56571642518165,53.54459195672604],[-113.5630145169934,53.5445960599115],[-113.56133892926225,53.54459593668837],[-113.56133949705423,53.54360694262925],[-113.56168140826816,53.54351864244869],[-113.56207763721581,53.54333034706667]]]]}},{"type":"Feature","properties":{"DGUID":"2021S051248111082","DAUID":"48111082","LANDAREA":0.214,"PRUID":"48","fed_num":"48015","da_code":"48111082","geo_name":"48111082","name_source":{"label":"Statistics Canada Census Profile 2021 DA WDS","url":"https://www12.statcan.gc.ca/wds-sdw/2021profile-profil2021-eng.cfm"},"population":462,"status":"ok","source":{"label":"Statistics Canada Census Profile 2021 DA WDS","url":"https://www12.statcan.gc.ca/wds-sdw/2021profile-profil2021-eng.cfm"},"community_name":"Edmonton","community_source":{"label":"Statistics Canada 2021 census subdivision boundaries (spatial lookup)","url":"https://geo.statcan.gc.ca/geo_wa/rest/services/2021/Cartographic_boundary_files/MapServer/9"},"community_display":"Edmonton","is_unorganized":false,"panel_title":"Edmonton","display_label":"Edmonton","map_label":"48111082"},"geometry":{"type":"MultiPolygon","coordinates":[[[[-113.55461621277792,53.54776984234439],[-113.55459577687034,53.54617884907075],[-113.55459892331938,53.54514384455003],[-113.55517637360792,53.54497727475854],[-113.55628988522494,53.5447310338186],[-113.55774580657307,53.54459193485369],[-113.55797197813905,53.54458713695533],[-113.55966270846822,53.544586931809825],[-113.56133892926225,53.54459593668837],[-113.5630145169934,53.5445960599115],[-113.56571642518165,53.54459195672604],[-113.5657359661656,53.54566155791953],[-113.56301930487302,53.545674850349535],[-113.5630196256988,53.54617835407153],[-113.56302202709433,53.54671776345437],[-113.56302522105123,53.5477696521595],[-113.561349431172,53.54776965394337],[-113.55965860466311,53.54776995891423],[-113.55798282748093,53.547769850909454],[-113.55629201645237,53.54777004898033],[-113.55461621277792,53.54776984234439]]]]}},{"type":"Feature","properties":{"DGUID":"2021S051248111083","DAUID":"48111083","LANDAREA":0.3002,"PRUID":"48","fed_num":"48015","da_code":"48111083","geo_name":"48111083","name_source":{"label":"Statistics Canada Census Profile 2021 DA WDS","url":"https://www12.statcan.gc.ca/wds-sdw/2021profile-profil2021-eng.cfm"},"population":573,"status":"ok","source":{"label":"Statistics Canada Census Profile 2021 DA WDS","url":"https://www12.statcan.gc.ca/wds-sdw/2021profile-profil2021-eng.cfm"},"community_name":"Edmonton","community_source":{"label":"Statistics Canada 2021 census subdivision boundaries (spatial lookup)","url":"https://geo.statcan.gc.ca/geo_wa/rest/services/2021/Cartographic_boundary_files/MapServer/9"},"community_display":"Edmonton","is_unorganized":false,"panel_title":"Edmonton","display_label":"Edmonton","map_label":"48111083"},"geometry":{"type":"MultiPolygon","coordinates":[[[[-113.55131825828528,53.546193044196],[-113.55122823204549,53.54494276580711],[-113.55105642945477,53.544920489181365],[-113.55090684516172,53.54487805689635],[-113.5508046259086,53.544806311142416],[-113.55072890740958,53.544706397094835],[-113.55072655907014,53.54459814328178],[-113.55071082331224,53.54449454369029],[-113.55081984567555,53.544378134707216],[-113.5510287846419,53.54431144396639],[-113.55123696723346,53.544299536529984],[-113.55123809112172,53.54303116622864],[-113.5529655872975,53.543014178930584],[-113.55460078733758,53.54300483248715],[-113.55535569113712,53.543006721694866],[-113.55509916885542,53.54225694270366],[-113.55462957856963,53.5419792135346],[-113.55464825650884,53.541286525323684],[-113.55514516398684,53.54126693399757],[-113.55627688180962,53.541260632247095],[-113.55796748435677,53.541260417150895],[-113.55968071869455,53.541271963626265],[-113.55972381587193,53.54134873308158],[-113.56033451363103,53.54171333609433],[-113.56051696916305,53.54178691964539],[-113.56066933613157,53.54173379680047],[-113.56130681327346,53.54133330092879],[-113.56139954284424,53.54123387145164],[-113.56304802548851,53.54124727277427],[-113.56560707048469,53.54123720713585],[-113.56562394095823,53.5420993627969],[-113.56563793976463,53.542497358543514],[-113.56564126020933,53.542849235830644],[-113.56513104781423,53.54286847576609],[-113.56475283624417,53.542886354537885],[-113.56373423037218,53.54295359154736],[-113.56309263012861,53.5429812127445],[-113.56245889193542,53.54311155403889],[-113.56207763721581,53.54333034706667],[-113.56168140826816,53.54351864244869],[-113.56133949705423,53.54360694262925],[-113.56133892926225,53.54459593668837],[-113.55966270846822,53.544586931809825],[-113.55797197813905,53.54458713695533],[-113.55774580657307,53.54459193485369],[-113.55628988522494,53.5447310338186],[-113.55517637360792,53.54497727475854],[-113.55459892331938,53.54514384455003],[-113.55459577687034,53.54617884907075],[-113.55297511762075,53.54619435933035],[-113.55194184151983,53.54618745496516],[-113.55131825828528,53.546193044196]]]]}},{"type":"Feature","properties":{"DGUID":"2021S051248111084","DAUID":"48111084","LANDAREA":0.7673,"PRUID":"48","fed_num":"48015","da_code":"48111084","geo_name":"48111084","name_source":{"label":"Statistics Canada Census Profile 2021 DA WDS","url":"https://www12.statcan.gc.ca/wds-sdw/2021profile-profil2021-eng.cfm"},"population":480,"status":"ok","source":{"label":"Statistics Canada Census Profile 2021 DA WDS","url":"https://www12.statcan.gc.ca/wds-sdw/2021profile-profil2021-eng.cfm"},"community_name":"Edmonton","community_source":{"label":"Statistics Canada 2021 census subdivision boundaries (spatial lookup)","url":"https://geo.statcan.gc.ca/geo_wa/rest/services/2021/Cartographic_boundary_files/MapServer/9"},"community_display":"Edmonton","is_unorganized":false,"panel_title":"Edmonton","display_label":"Edmonton","map_label":"48111084"},"geometry":{"type":"MultiPolygon","coordinates":[[[[-113.56304802548851,53.54124727277427],[-113.56139954284424,53.54123387145164],[-113.56130681327346,53.54133330092879],[-113.56066933613157,53.54173379680047],[-113.56051696916305,53.54178691964539],[-113.56033451363103,53.54171333609433],[-113.55972381587193,53.54134873308158],[-113.55968071869455,53.541271963626265],[-113.55796748435677,53.541260417150895],[-113.55627688180962,53.541260632247095],[-113.55514516398684,53.54126693399757],[-113.55464825650884,53.541286525323684],[-113.55462957856963,53.5419792135346],[-113.55509916885542,53.54225694270366],[-113.55535569113712,53.543006721694866],[-113.55460078733758,53.54300483248715],[-113.5529655872975,53.543014178930584],[-113.55123809112172,53.54303116622864],[-113.55033950420574,53.54302243719743],[-113.54955756953939,53.54302954248132],[-113.54873437697778,53.543040574186264],[-113.54850416734952,53.543036139921995],[-113.54736980987943,53.54304666579234],[-113.5457264643525,53.543032313878214],[-113.54399006295924,53.543024318678576],[-113.54199726682852,53.54302183072639],[-113.54136306133638,53.54301730851128],[-113.54111007078619,53.54301592777849],[-113.54045797013815,53.5430275144672],[-113.54031562185627,53.54303556415411],[-113.54033948511515,53.54286638592359],[-113.5404158802814,53.54270909504367],[-113.54065585394368,53.54248044545491],[-113.5408983092985,53.54228194122111],[-113.54109144223553,53.54207850436462],[-113.54120606618251,53.54191617997284],[-113.5412584119841,53.54172715705219],[-113.54126924813524,53.54153766489771],[-113.5412459594168,53.541386078837604],[-113.54116279190418,53.54118577178358],[-113.54099368297729,53.540988268151764],[-113.54079477844537,53.54081854657204],[-113.54054933384604,53.54068318560977],[-113.5401175109122,53.54052891879076],[-113.53980656420718,53.540469921165005],[-113.53893443588886,53.54027260732384],[-113.53855665106896,53.54017423730413],[-113.53828305780549,53.54006940438198],[-113.5380676103113,53.53995508451155],[-113.53791515424227,53.5398582971235],[-113.53780183036528,53.539767349660686],[-113.53762078195152,53.53962314294555],[-113.53748052291655,53.53944855746082],[-113.53741954395657,53.53917191300381],[-113.53740236117015,53.53888460926259],[-113.53745143785888,53.53854498241791],[-113.53791211866037,53.53813695592286],[-113.53798814487894,53.53803240271296],[-113.53801344434932,53.53799940429552],[-113.5380604788269,53.53793794900074],[-113.53962240712417,53.53589851258129],[-113.5400097418406,53.536031163656865],[-113.54188583591728,53.53667686612892],[-113.54337325607345,53.53696338359842],[-113.54438394035564,53.53709708251907],[-113.54682917361374,53.5372218793096],[-113.54827544744484,53.53717279207258],[-113.549460527941,53.537017973296116],[-113.551301364797,53.53664119140459],[-113.55187623811563,53.536481193346866],[-113.55229960861432,53.53630511674284],[-113.55250393209367,53.53640591494637],[-113.55261639175505,53.53646580881138],[-113.5527288517811,53.53652570256426],[-113.55284129754138,53.53658557163996],[-113.55295371706123,53.53664547388423],[-113.5530661781812,53.53670536730078],[-113.55317862503509,53.53676523604015],[-113.55340354909826,53.536885022312454],[-113.55351597044118,53.5369449239963],[-113.55362841875329,53.5370047922872],[-113.55385334573364,53.537124577662496],[-113.55396575390358,53.53718445433309],[-113.55419068307177,53.537304239035585],[-113.5543935305107,53.53736839740657],[-113.55538908752122,53.53768251387001],[-113.55563728377622,53.53771819442488],[-113.55578337107777,53.53773919963644],[-113.55585632367095,53.537749666113044],[-113.55592919383335,53.53776014997347],[-113.55607484914702,53.53778105256783],[-113.5562204487563,53.53780193911552],[-113.55636606316358,53.537822850028995],[-113.55651167773566,53.53784376074359],[-113.55665723660316,53.53786465541189],[-113.55680289274089,53.53788555701159],[-113.55694850780743,53.53790646712957],[-113.55709412303885,53.53792737704865],[-113.5572397238012,53.53794826220438],[-113.55738528349227,53.537969155878656],[-113.55753094045399,53.537990056483714],[-113.55767655634459,53.538010965607306],[-113.5578221724001,53.538031874531995],[-113.55796777398596,53.53805275869344],[-113.55811337573647,53.53807364265604],[-113.55811689420129,53.5380741710953],[-113.55825900692096,53.53809457554847],[-113.55840460938899,53.538115459154085],[-113.55864049211958,53.53814931228117],[-113.55899408489744,53.53817647829768],[-113.55914261923812,53.53818786298604],[-113.55929116830617,53.53819927203384],[-113.55943606861888,53.538210401301576],[-113.55943970283087,53.538210656312565],[-113.55958829331912,53.53822205623247],[-113.55973685729937,53.53823348922995],[-113.55988535086432,53.538244881612584],[-113.56003394162903,53.53825628091783],[-113.56018249124992,53.53826768873662],[-113.56033108219889,53.53827908763203],[-113.56047963200409,53.53829049504113],[-113.56062814066573,53.53830191096405],[-113.5609058576891,53.538323208331576],[-113.56122049478597,53.538355036454554],[-113.56136817715874,53.53836997289466],[-113.56151584501448,53.53838488456908],[-113.56166350102852,53.53839985388878],[-113.56181118376122,53.53841478972375],[-113.56195885197647,53.538429700793095],[-113.56210653494894,53.53844463622466],[-113.56225416216826,53.53845955560992],[-113.56240181878265,53.53847452392132],[-113.56254954335049,53.53848945002841],[-113.56269717092943,53.53850436880877],[-113.56284485450153,53.53851930323181],[-113.56299253819365,53.53853423745314],[-113.56314018077018,53.538549180192405],[-113.56328786470222,53.53856411401035],[-113.56343553411574,53.53857902306282],[-113.56358321828746,53.5385939564773],[-113.56373086134379,53.53860889840996],[-113.56387854575543,53.538623831421056],[-113.56402623028697,53.53863876423044],[-113.56417385906427,53.5386536809945],[-113.56432155847462,53.5386686379641],[-113.56446922872692,53.538683545604705],[-113.5646169137381,53.53869847760724],[-113.564764557634,53.53871341812832],[-113.56491222824565,53.5387283251639],[-113.56527000011286,53.538764491094334],[-113.56556158488914,53.53881448759655],[-113.56557121946993,53.539241533790054],[-113.56558847359851,53.53946657484784],[-113.56557321197532,53.5397101372321],[-113.56558220555195,53.54037793196289],[-113.56560707048469,53.54123720713585],[-113.56304802548851,53.54124727277427]]]]}},{"type":"Feature","properties":{"DGUID":"2021S051248111086","DAUID":"48111086","LANDAREA":0.2707,"PRUID":"48","fed_num":"48015","da_code":"48111086","geo_name":"48111086","name_source":{"label":"Statistics Canada Census Profile 2021 DA WDS","url":"https://www12.statcan.gc.ca/wds-sdw/2021profile-profil2021-eng.cfm"},"population":434,"status":"ok","source":{"label":"Statistics Canada Census Profile 2021 DA WDS","url":"https://www12.statcan.gc.ca/wds-sdw/2021profile-profil2021-eng.cfm"},"community_name":"Edmonton","community_source":{"label":"Statistics Canada 2021 census subdivision boundaries (spatial lookup)","url":"https://geo.statcan.gc.ca/geo_wa/rest/services/2021/Cartographic_boundary_files/MapServer/9"},"community_display":"Edmonton","is_unorganized":false,"panel_title":"Edmonton","display_label":"Edmonton","map_label":"48111086"},"geometry":{"type":"MultiPolygon","coordinates":[[[[-113.5463731022006,53.54776595223361],[-113.54594006966875,53.547847136169274],[-113.54593858469133,53.547847449847545],[-113.54579309702495,53.54787685417497],[-113.5457909640431,53.54787724941608],[-113.54489490569811,53.54714261081775],[-113.54478498096798,53.54701852873886],[-113.5446149626056,53.54669846849427],[-113.54450000872801,53.54651407835887],[-113.54431315697337,53.546338707565404],[-113.5440774215875,53.54621973847267],[-113.54386472473837,53.54614803598726],[-113.54323423611086,53.54598046730418],[-113.54301310476556,53.54588601383261],[-113.542811034905,53.54576297510116],[-113.54265312769526,53.54562753881159],[-113.54254792840761,53.54545950867149],[-113.5424222127714,53.5451791845339],[-113.5423000599465,53.54500856819449],[-113.54214669491432,53.544872173085615],[-113.5418702658787,53.544728029264185],[-113.54131864014857,53.544528450751145],[-113.54102286319645,53.54440374147249],[-113.54077060888699,53.54424832350649],[-113.54056327932942,53.54405581675188],[-113.54042325427638,53.543855235418754],[-113.54033743275242,53.54357262857207],[-113.54031562185627,53.54303556415411],[-113.54045797013815,53.5430275144672],[-113.54111007078619,53.54301592777849],[-113.54136306133638,53.54301730851128],[-113.54199726682852,53.54302183072639],[-113.54399006295924,53.543024318678576],[-113.5457264643525,53.543032313878214],[-113.54736980987943,53.54304666579234],[-113.54850416734952,53.543036139921995],[-113.54873437697778,53.543040574186264],[-113.54955756953939,53.54302954248132],[-113.55033950420574,53.54302243719743],[-113.55123809112172,53.54303116622864],[-113.55123696723346,53.544299536529984],[-113.5510287846419,53.54431144396639],[-113.55081984567555,53.544378134707216],[-113.55071082331224,53.54449454369029],[-113.55072655907014,53.54459814328178],[-113.55072890740958,53.544706397094835],[-113.5508046259086,53.544806311142416],[-113.55090684516172,53.54487805689635],[-113.55105642945477,53.544920489181365],[-113.55122823204549,53.54494276580711],[-113.55131825828528,53.546193044196],[-113.54958717460627,53.546767286836825],[-113.5479022471489,53.547297057787866],[-113.54659539299709,53.54769825242493],[-113.5463731022006,53.54776595223361]]]]}},{"type":"Feature","properties":{"DGUID":"2021S051248111087","DAUID":"48111087","LANDAREA":0.2668,"PRUID":"48","fed_num":"48015","da_code":"48111087","geo_name":"48111087","name_source":{"label":"Statistics Canada Census Profile 2021 DA WDS","url":"https://www12.statcan.gc.ca/wds-sdw/2021profile-profil2021-eng.cfm"},"population":531,"status":"ok","source":{"label":"Statistics Canada Census Profile 2021 DA WDS","url":"https://www12.statcan.gc.ca/wds-sdw/2021profile-profil2021-eng.cfm"},"community_name":"Edmonton","community_source":{"label":"Statistics Canada 2021 census subdivision boundaries (spatial lookup)","url":"https://geo.statcan.gc.ca/geo_wa/rest/services/2021/Cartographic_boundary_files/MapServer/9"},"community_display":"Edmonton","is_unorganized":false,"panel_title":"Edmonton","display_label":"Edmonton","map_label":"48111087"},"geometry":{"type":"MultiPolygon","coordinates":[[[[-113.54617910290715,53.54820016309077],[-113.5457909640431,53.54787724941608],[-113.54579309702495,53.54787685417497],[-113.54593858469133,53.547847449847545],[-113.54594006966875,53.547847136169274],[-113.5463731022006,53.54776595223361],[-113.54659539299709,53.54769825242493],[-113.5479022471489,53.547297057787866],[-113.54958717460627,53.546767286836825],[-113.55131825828528,53.546193044196],[-113.55194184151983,53.54618745496516],[-113.55297511762075,53.54619435933035],[-113.55459577687034,53.54617884907075],[-113.55461621277792,53.54776984234439],[-113.55629201645237,53.54777004898033],[-113.55633753098049,53.54936848696816],[-113.55633211814535,53.55027803278102],[-113.55633781155403,53.55090341547299],[-113.55634957196597,53.551020970141344],[-113.5554980429563,53.55103537934458],[-113.55115504690694,53.55107960717694],[-113.55052439979866,53.551073391257354],[-113.54993247486236,53.55105296181707],[-113.54978386826453,53.55105196887674],[-113.54967079245897,53.55088756181343],[-113.54966937689002,53.55088573120353],[-113.54876958112771,53.54971096039386],[-113.54855828223924,53.549486737371744],[-113.54829993003534,53.54928658777267],[-113.54776817582399,53.548990749909755],[-113.5468632858836,53.54862239185661],[-113.54647301426847,53.548408124191994],[-113.54617910290715,53.54820016309077]]]]}},{"type":"Feature","properties":{"DGUID":"2021S051248111088","DAUID":"48111088","LANDAREA":0.2902,"PRUID":"48","fed_num":"48015","da_code":"48111088","geo_name":"48111088","name_source":{"label":"Statistics Canada Census Profile 2021 DA WDS","url":"https://www12.statcan.gc.ca/wds-sdw/2021profile-profil2021-eng.cfm"},"population":637,"status":"ok","source":{"label":"Statistics Canada Census Profile 2021 DA WDS","url":"https://www12.statcan.gc.ca/wds-sdw/2021profile-profil2021-eng.cfm"},"community_name":"Edmonton","community_source":{"label":"Statistics Canada 2021 census subdivision boundaries (spatial lookup)","url":"https://geo.statcan.gc.ca/geo_wa/rest/services/2021/Cartographic_boundary_files/MapServer/9"},"community_display":"Edmonton","is_unorganized":false,"panel_title":"Edmonton","display_label":"Edmonton","map_label":"48111088"},"geometry":{"type":"MultiPolygon","coordinates":[[[[-113.56563211025362,53.55147327206639],[-113.56546441350115,53.55134826872835],[-113.56527153788247,53.551210166892176],[-113.56497962073408,53.55107413974585],[-113.56478734307764,53.551014715355],[-113.56448003022626,53.550958118586074],[-113.56134552902513,53.550952665147506],[-113.55801042347088,53.550979062016296],[-113.55634957196597,53.551020970141344],[-113.55633781155403,53.55090341547299],[-113.55633211814535,53.55027803278102],[-113.55633753098049,53.54936848696816],[-113.55629201645237,53.54777004898033],[-113.55798282748093,53.547769850909454],[-113.55965860466311,53.54776995891423],[-113.561349431172,53.54776965394337],[-113.56302522105123,53.5477696521595],[-113.56577265678739,53.54776465362386],[-113.56572673192166,53.54861824953783],[-113.56751410137446,53.54860803114669],[-113.56922050807694,53.54862411045869],[-113.56920325741262,53.54955138133779],[-113.56922461530924,53.55040233200206],[-113.56923079816255,53.55107561772553],[-113.56856879098382,53.551109223349705],[-113.56694955269094,53.55111799543013],[-113.56674654827738,53.551133451788814],[-113.56641803479874,53.55119447408899],[-113.56620700463436,53.55133927824602],[-113.5659981663908,53.551485969431305],[-113.56594569509537,53.55156709938807],[-113.56589887637644,53.55166706037055],[-113.56585893386396,53.551934766528944],[-113.5657783497903,53.551709221599175],[-113.56571735024721,53.55157869891141],[-113.56563211025362,53.55147327206639]]]]}},{"type":"Feature","properties":{"DGUID":"2021S051248111089","DAUID":"48111089","LANDAREA":0.2275,"PRUID":"48","fed_num":"48015","da_code":"48111089","geo_name":"48111089","name_source":{"label":"Statistics Canada Census Profile 2021 DA WDS","url":"https://www12.statcan.gc.ca/wds-sdw/2021profile-profil2021-eng.cfm"},"population":469,"status":"ok","source":{"label":"Statistics Canada Census Profile 2021 DA WDS","url":"https://www12.statcan.gc.ca/wds-sdw/2021profile-profil2021-eng.cfm"},"community_name":"Edmonton","community_source":{"label":"Statistics Canada 2021 census subdivision boundaries (spatial lookup)","url":"https://geo.statcan.gc.ca/geo_wa/rest/services/2021/Cartographic_boundary_files/MapServer/9"},"community_display":"Edmonton","is_unorganized":false,"panel_title":"Edmonton","display_label":"Edmonton","map_label":"48111089"},"geometry":{"type":"MultiPolygon","coordinates":[[[[-113.55384830866426,53.55438736168549],[-113.55385295628787,53.55269985799618],[-113.55389393350569,53.55265599024259],[-113.55404042236671,53.55262503798015],[-113.55551033430604,53.55262825869108],[-113.55550227901759,53.5522451971169],[-113.55550138842632,53.551632214721785],[-113.5554980429563,53.55103537934458],[-113.55634957196597,53.551020970141344],[-113.55801042347088,53.550979062016296],[-113.56134552902513,53.550952665147506],[-113.56135493170451,53.5516087585274],[-113.56134554405917,53.552202468952295],[-113.56133541603812,53.552535366019036],[-113.56134110272222,53.55437836109193],[-113.56132109942054,53.55529597795654],[-113.56131912246653,53.55576357425945],[-113.55977932543502,53.55576956149113],[-113.55823950128492,53.55577555983935],[-113.55701580686578,53.55576576679049],[-113.55617018971493,53.55576588193381],[-113.55546088370816,53.55577195633189],[-113.5554746842348,53.55525026482271],[-113.55552325546799,53.55438674522588],[-113.55384830866426,53.55438736168549]]]]}},{"type":"Feature","properties":{"DGUID":"2021S051248111090","DAUID":"48111090","LANDAREA":0.2546,"PRUID":"48","fed_num":"48015","da_code":"48111090","geo_name":"48111090","name_source":{"label":"Statistics Canada Census Profile 2021 DA WDS","url":"https://www12.statcan.gc.ca/wds-sdw/2021profile-profil2021-eng.cfm"},"population":616,"status":"ok","source":{"label":"Statistics Canada Census Profile 2021 DA WDS","url":"https://www12.statcan.gc.ca/wds-sdw/2021profile-profil2021-eng.cfm"},"community_name":"Edmonton","community_source":{"label":"Statistics Canada 2021 census subdivision boundaries (spatial lookup)","url":"https://geo.statcan.gc.ca/geo_wa/rest/services/2021/Cartographic_boundary_files/MapServer/9"},"community_display":"Edmonton","is_unorganized":false,"panel_title":"Edmonton","display_label":"Edmonton","map_label":"48111090"},"geometry":{"type":"MultiPolygon","coordinates":[[[[-113.55186170262081,53.558690165235504],[-113.55140970864532,53.55845697470682],[-113.55125137987733,53.55858628473013],[-113.55077659979014,53.55722077746681],[-113.55074710665143,53.55547705428021],[-113.55072597358232,53.554386273905436],[-113.55071120224356,53.55362566514562],[-113.55060498342883,53.552863661059675],[-113.55045408121768,53.55236336914283],[-113.54978661288771,53.551055952614675],[-113.54978386826453,53.55105196887674],[-113.54993247486236,53.55105296181707],[-113.55052439979866,53.551073391257354],[-113.55115504690694,53.55107960717694],[-113.5554980429563,53.55103537934458],[-113.55550138842632,53.551632214721785],[-113.55550227901759,53.5522451971169],[-113.55551033430604,53.55262825869108],[-113.55404042236671,53.55262503798015],[-113.55389393350569,53.55265599024259],[-113.55385295628787,53.55269985799618],[-113.55384830866426,53.55438736168549],[-113.55552325546799,53.55438674522588],[-113.5554746842348,53.55525026482271],[-113.55546088370816,53.55577195633189],[-113.55546961819203,53.55616746300759],[-113.55547239752595,53.556215777270246],[-113.55547157622178,53.557201367452315],[-113.55547650674951,53.55753398000709],[-113.55546969131467,53.55817247013844],[-113.55546188222173,53.558793081557205],[-113.55545490269223,53.55892806808336],[-113.55241970638458,53.55892997529275],[-113.55248758018372,53.558802678067885],[-113.55186170262081,53.558690165235504]]]]}},{"type":"Feature","properties":{"DGUID":"2021S051248111091","DAUID":"48111091","LANDAREA":0.2243,"PRUID":"48","fed_num":"48015","da_code":"48111091","geo_name":"48111091","name_source":{"label":"Statistics Canada Census Profile 2021 DA WDS","url":"https://www12.statcan.gc.ca/wds-sdw/2021profile-profil2021-eng.cfm"},"population":645,"status":"ok","source":{"label":"Statistics Canada Census Profile 2021 DA WDS","url":"https://www12.statcan.gc.ca/wds-sdw/2021profile-profil2021-eng.cfm"},"community_name":"Edmonton","community_source":{"label":"Statistics Canada 2021 census subdivision boundaries (spatial lookup)","url":"https://geo.statcan.gc.ca/geo_wa/rest/services/2021/Cartographic_boundary_files/MapServer/9"},"community_display":"Edmonton","is_unorganized":false,"panel_title":"Edmonton","display_label":"Edmonton","map_label":"48111091"},"geometry":{"type":"MultiPolygon","coordinates":[[[[-113.55546961819203,53.55616746300759],[-113.55546088370816,53.55577195633189],[-113.55617018971493,53.55576588193381],[-113.55701580686578,53.55576576679049],[-113.55823950128492,53.55577555983935],[-113.55977932543502,53.55576956149113],[-113.56131912246653,53.55576357425945],[-113.56133122822173,53.556212871001016],[-113.56306810243143,53.55622058462606],[-113.56460801153251,53.556214474526314],[-113.56583109920467,53.55621526734242],[-113.56571929721375,53.55661326315364],[-113.56571590455275,53.5573056665448],[-113.565695402992,53.55821417881062],[-113.56568548269401,53.55879887043002],[-113.56569312275309,53.55892457883675],[-113.56457601603539,53.558930574913276],[-113.55545490269223,53.55892806808336],[-113.55546188222173,53.558793081557205],[-113.55546969131467,53.55817247013844],[-113.55547650674951,53.55753398000709],[-113.55547157622178,53.557201367452315],[-113.55547239752595,53.556215777270246],[-113.55546961819203,53.55616746300759]]]]}},{"type":"Feature","properties":{"DGUID":"2021S051248111092","DAUID":"48111092","LANDAREA":0.1105,"PRUID":"48","fed_num":"48015","da_code":"48111092","geo_name":"48111092","name_source":{"label":"Statistics Canada Census Profile 2021 DA WDS","url":"https://www12.statcan.gc.ca/wds-sdw/2021profile-profil2021-eng.cfm"},"population":647,"status":"ok","source":{"label":"Statistics Canada Census Profile 2021 DA WDS","url":"https://www12.statcan.gc.ca/wds-sdw/2021profile-profil2021-eng.cfm"},"community_name":"Edmonton","community_source":{"label":"Statistics Canada 2021 census subdivision boundaries (spatial lookup)","url":"https://geo.statcan.gc.ca/geo_wa/rest/services/2021/Cartographic_boundary_files/MapServer/9"},"community_display":"Edmonton","is_unorganized":false,"panel_title":"Edmonton","display_label":"Edmonton","map_label":"48111092"},"geometry":{"type":"MultiPolygon","coordinates":[[[[-113.54579139211887,53.565230272905204],[-113.5450914673819,53.56363578083695],[-113.54617858590532,53.56363056976305],[-113.54683947623417,53.56357158418469],[-113.54786187412579,53.56324408124297],[-113.54955229431224,53.56322598975106],[-113.54954288367279,53.562066391529875],[-113.54955288291072,53.56047468011549],[-113.54955316689971,53.55897317493461],[-113.55049037476445,53.55898918397109],[-113.55088948150541,53.558845774943165],[-113.55103699630543,53.55878867135012],[-113.55125137987733,53.55858628473013],[-113.5512967024997,53.55883706283656],[-113.55131930946351,53.558962477301236],[-113.5513220750292,53.559259086796736],[-113.55132747949004,53.55960066554038],[-113.55136540837387,53.560480973462084],[-113.55135538219639,53.56131736740323],[-113.55133427246524,53.56322399252993],[-113.55125714847335,53.563225235576795],[-113.550110891593,53.563223075989555],[-113.54743989259364,53.56471509771743],[-113.54722730449967,53.566956114156504],[-113.54696227348742,53.56737219240668],[-113.54658346220874,53.56684979854231],[-113.54579139211887,53.565230272905204]]]]}},{"type":"Feature","properties":{"DGUID":"2021S051248111093","DAUID":"48111093","LANDAREA":0.178,"PRUID":"48","fed_num":"48015","da_code":"48111093","geo_name":"48111093","name_source":{"label":"Statistics Canada Census Profile 2021 DA WDS","url":"https://www12.statcan.gc.ca/wds-sdw/2021profile-profil2021-eng.cfm"},"population":630,"status":"ok","source":{"label":"Statistics Canada Census Profile 2021 DA WDS","url":"https://www12.statcan.gc.ca/wds-sdw/2021profile-profil2021-eng.cfm"},"community_name":"Edmonton","community_source":{"label":"Statistics Canada 2021 census subdivision boundaries (spatial lookup)","url":"https://geo.statcan.gc.ca/geo_wa/rest/services/2021/Cartographic_boundary_files/MapServer/9"},"community_display":"Edmonton","is_unorganized":false,"panel_title":"Edmonton","display_label":"Edmonton","map_label":"48111093"},"geometry":{"type":"MultiPolygon","coordinates":[[[[-113.54955229431224,53.56322598975106],[-113.54786187412579,53.56324408124297],[-113.54683947623417,53.56357158418469],[-113.54617858590532,53.56363056976305],[-113.5450914673819,53.56363578083695],[-113.54482008613235,53.56302652104375],[-113.54439326547678,53.5620681825235],[-113.54394179393492,53.561088779268964],[-113.5436788680992,53.56048297030729],[-113.54404485253693,53.56048324545812],[-113.54402493890281,53.5588829705367],[-113.54450398663792,53.5588829585443],[-113.54618027432709,53.558883159548856],[-113.54787147000017,53.55888317279467],[-113.54864179521516,53.55888465750481],[-113.54955316689971,53.55897317493461],[-113.54955288291072,53.56047468011549],[-113.54954288367279,53.562066391529875],[-113.54955229431224,53.56322598975106]]]]}},{"type":"Feature","properties":{"DGUID":"2021S051248111094","DAUID":"48111094","LANDAREA":0.0325,"PRUID":"48","fed_num":"48015","da_code":"48111094","geo_name":"48111094","name_source":{"label":"Statistics Canada Census Profile 2021 DA WDS","url":"https://www12.statcan.gc.ca/wds-sdw/2021profile-profil2021-eng.cfm"},"population":580,"status":"ok","source":{"label":"Statistics Canada Census Profile 2021 DA WDS","url":"https://www12.statcan.gc.ca/wds-sdw/2021profile-profil2021-eng.cfm"},"community_name":"Edmonton","community_source":{"label":"Statistics Canada 2021 census subdivision boundaries (spatial lookup)","url":"https://geo.statcan.gc.ca/geo_wa/rest/services/2021/Cartographic_boundary_files/MapServer/9"},"community_display":"Edmonton","is_unorganized":false,"panel_title":"Edmonton","display_label":"Edmonton","map_label":"48111094"},"geometry":{"type":"MultiPolygon","coordinates":[[[[-113.54696227348742,53.56737219240668],[-113.54722730449967,53.566956114156504],[-113.54743989259364,53.56471509771743],[-113.550110891593,53.563223075989555],[-113.55010937128964,53.56344787683048],[-113.54995267016274,53.5638558885003],[-113.54883341468533,53.56512540351936],[-113.54853888477244,53.56545948753719],[-113.54821196724284,53.56605088744075],[-113.54809886166781,53.56668268500551],[-113.54811028862174,53.56737478611551],[-113.54696227348742,53.56737219240668]]]]}},{"type":"Feature","properties":{"DGUID":"2021S051248111095","DAUID":"48111095","LANDAREA":0.0407,"PRUID":"48","fed_num":"48015","da_code":"48111095","geo_name":"48111095","name_source":{"label":"Statistics Canada Census Profile 2021 DA WDS","url":"https://www12.statcan.gc.ca/wds-sdw/2021profile-profil2021-eng.cfm"},"population":335,"status":"ok","source":{"label":"Statistics Canada Census Profile 2021 DA WDS","url":"https://www12.statcan.gc.ca/wds-sdw/2021profile-profil2021-eng.cfm"},"community_name":"Edmonton","community_source":{"label":"Statistics Canada 2021 census subdivision boundaries (spatial lookup)","url":"https://geo.statcan.gc.ca/geo_wa/rest/services/2021/Cartographic_boundary_files/MapServer/9"},"community_display":"Edmonton","is_unorganized":false,"panel_title":"Edmonton","display_label":"Edmonton","map_label":"48111095"},"geometry":{"type":"MultiPolygon","coordinates":[[[[-113.55010937128964,53.56344787683048],[-113.550110891593,53.563223075989555],[-113.55125714847335,53.563225235576795],[-113.55133427246524,53.56322399252993],[-113.55133808825744,53.56353858334664],[-113.55122558852521,53.563927583153074],[-113.55106140177095,53.56420989273338],[-113.55029708791092,53.56506229505155],[-113.54963358436004,53.565831773237896],[-113.54944617070674,53.566231389014796],[-113.5493756658153,53.56681729871129],[-113.54936398642964,53.56737499242179],[-113.54811028862174,53.56737478611551],[-113.54809886166781,53.56668268500551],[-113.54821196724284,53.56605088744075],[-113.54853888477244,53.56545948753719],[-113.54883341468533,53.56512540351936],[-113.54995267016274,53.5638558885003],[-113.55010937128964,53.56344787683048]]]]}},{"type":"Feature","properties":{"DGUID":"2021S051248111096","DAUID":"48111096","LANDAREA":0.6132,"PRUID":"48","fed_num":"48015","da_code":"48111096","geo_name":"48111096","name_source":{"label":"Statistics Canada Census Profile 2021 DA WDS","url":"https://www12.statcan.gc.ca/wds-sdw/2021profile-profil2021-eng.cfm"},"population":323,"status":"ok","source":{"label":"Statistics Canada Census Profile 2021 DA WDS","url":"https://www12.statcan.gc.ca/wds-sdw/2021profile-profil2021-eng.cfm"},"community_name":"Edmonton","community_source":{"label":"Statistics Canada 2021 census subdivision boundaries (spatial lookup)","url":"https://geo.statcan.gc.ca/geo_wa/rest/services/2021/Cartographic_boundary_files/MapServer/9"},"community_display":"Edmonton","is_unorganized":false,"panel_title":"Edmonton","display_label":"Edmonton","map_label":"48111096"},"geometry":{"type":"MultiPolygon","coordinates":[[[[-113.56038711382574,53.563830692175756],[-113.5554483983893,53.56382836867553],[-113.55538279992426,53.56424337613973],[-113.55522657588082,53.56440859214864],[-113.55469016763911,53.5647796943817],[-113.55459497126697,53.56520438237827],[-113.55290337072029,53.56520450148616],[-113.55094037628355,53.565210494007694],[-113.55061879337144,53.56513638193516],[-113.55043509352824,53.56509538201042],[-113.55029708791092,53.56506229505155],[-113.55106140177095,53.56420989273338],[-113.55122558852521,53.563927583153074],[-113.55133808825744,53.56353858334664],[-113.55133427246524,53.56322399252993],[-113.55135538219639,53.56131736740323],[-113.55136540837387,53.560480973462084],[-113.55132747949004,53.55960066554038],[-113.5513220750292,53.559259086796736],[-113.55131930946351,53.558962477301236],[-113.5512967024997,53.55883706283656],[-113.55125137987733,53.55858628473013],[-113.55140970864532,53.55845697470682],[-113.55186170262081,53.558690165235504],[-113.55248758018372,53.558802678067885],[-113.55241970638458,53.55892997529275],[-113.55545490269223,53.55892806808336],[-113.56457601603539,53.558930574913276],[-113.56569312275309,53.55892457883675],[-113.56570629380472,53.559391782492774],[-113.56572671032211,53.56022758781992],[-113.56580229600584,53.56047768248441],[-113.56579608544834,53.56286947498259],[-113.56578658027333,53.56520737514162],[-113.56457827907585,53.565206383744545],[-113.5613465976528,53.56521267915711],[-113.56134247238938,53.56439459961373],[-113.56125508197646,53.564198696046105],[-113.56104819121927,53.56402328700689],[-113.56070710858513,53.563877783117654],[-113.56038711382574,53.563830692175756]]]]}},{"type":"Feature","properties":{"DGUID":"2021S051248111097","DAUID":"48111097","LANDAREA":0.0629,"PRUID":"48","fed_num":"48015","da_code":"48111097","geo_name":"48111097","name_source":{"label":"Statistics Canada Census Profile 2021 DA WDS","url":"https://www12.statcan.gc.ca/wds-sdw/2021profile-profil2021-eng.cfm"},"population":903,"status":"ok","source":{"label":"Statistics Canada Census Profile 2021 DA WDS","url":"https://www12.statcan.gc.ca/wds-sdw/2021profile-profil2021-eng.cfm"},"community_name":"Edmonton","community_source":{"label":"Statistics Canada 2021 census subdivision boundaries (spatial lookup)","url":"https://geo.statcan.gc.ca/geo_wa/rest/services/2021/Cartographic_boundary_files/MapServer/9"},"community_display":"Edmonton","is_unorganized":false,"panel_title":"Edmonton","display_label":"Edmonton","map_label":"48111097"},"geometry":{"type":"MultiPolygon","coordinates":[[[[-113.55796297306193,53.56520428771029],[-113.5562865012487,53.56520419607296],[-113.55459497126697,53.56520438237827],[-113.55469016763911,53.5647796943817],[-113.55522657588082,53.56440859214864],[-113.55538279992426,53.56424337613973],[-113.5554483983893,53.56382836867553],[-113.56038711382574,53.563830692175756],[-113.56070710858513,53.563877783117654],[-113.56104819121927,53.56402328700689],[-113.56125508197646,53.564198696046105],[-113.56134247238938,53.56439459961373],[-113.5613465976528,53.56521267915711],[-113.55796297306193,53.56520428771029]]]]}},{"type":"Feature","properties":{"DGUID":"2021S051248111098","DAUID":"48111098","LANDAREA":0.2115,"PRUID":"48","fed_num":"48015","da_code":"48111098","geo_name":"48111098","name_source":{"label":"Statistics Canada Census Profile 2021 DA WDS","url":"https://www12.statcan.gc.ca/wds-sdw/2021profile-profil2021-eng.cfm"},"population":514,"status":"ok","source":{"label":"Statistics Canada Census Profile 2021 DA WDS","url":"https://www12.statcan.gc.ca/wds-sdw/2021profile-profil2021-eng.cfm"},"community_name":"Edmonton","community_source":{"label":"Statistics Canada 2021 census subdivision boundaries (spatial lookup)","url":"https://geo.statcan.gc.ca/geo_wa/rest/services/2021/Cartographic_boundary_files/MapServer/9"},"community_display":"Edmonton","is_unorganized":false,"panel_title":"Edmonton","display_label":"Edmonton","map_label":"48111098"},"geometry":{"type":"MultiPolygon","coordinates":[[[[-113.55628866745606,53.56674158145219],[-113.5562865012487,53.56520419607296],[-113.55796297306193,53.56520428771029],[-113.5613465976528,53.56521267915711],[-113.56132819467949,53.566157173143665],[-113.56134526597502,53.56844059702197],[-113.561338775089,53.569330882888],[-113.561330062499,53.570185182854566],[-113.56133599957417,53.570283978698],[-113.55796760006615,53.57028419462743],[-113.55627588323239,53.5702843990284],[-113.55459918531795,53.57028428111215],[-113.55460568529416,53.57014029300285],[-113.55461618163424,53.56931289468244],[-113.55461387261236,53.568773487454],[-113.55472097182695,53.568546403497194],[-113.55496929686952,53.56840618625068],[-113.55580687374787,53.56801968404843],[-113.55714497251884,53.56741557871227],[-113.55628866745606,53.56674158145219]]]]}},{"type":"Feature","properties":{"DGUID":"2021S051248111099","DAUID":"48111099","LANDAREA":0.1666,"PRUID":"48","fed_num":"48015","da_code":"48111099","geo_name":"48111099","name_source":{"label":"Statistics Canada Census Profile 2021 DA WDS","url":"https://www12.statcan.gc.ca/wds-sdw/2021profile-profil2021-eng.cfm"},"population":423,"status":"ok","source":{"label":"Statistics Canada Census Profile 2021 DA WDS","url":"https://www12.statcan.gc.ca/wds-sdw/2021profile-profil2021-eng.cfm"},"community_name":"Edmonton","community_source":{"label":"Statistics Canada 2021 census subdivision boundaries (spatial lookup)","url":"https://geo.statcan.gc.ca/geo_wa/rest/services/2021/Cartographic_boundary_files/MapServer/9"},"community_display":"Edmonton","is_unorganized":false,"panel_title":"Edmonton","display_label":"Edmonton","map_label":"48111099"},"geometry":{"type":"MultiPolygon","coordinates":[[[[-113.56132819467949,53.566157173143665],[-113.5613465976528,53.56521267915711],[-113.56457827907585,53.565206383744545],[-113.56578658027333,53.56520737514162],[-113.56578987410951,53.56526128266516],[-113.56579236695826,53.567796794028304],[-113.565815076334,53.568920204235084],[-113.56570708870508,53.56938107716792],[-113.56570389587702,53.57032518465265],[-113.56476640382736,53.57030939092671],[-113.56431278477912,53.57030110215026],[-113.56133599957417,53.570283978698],[-113.561330062499,53.570185182854566],[-113.561338775089,53.569330882888],[-113.56134526597502,53.56844059702197],[-113.56132819467949,53.566157173143665]]]]}},{"type":"Feature","properties":{"DGUID":"2021S051248111100","DAUID":"48111100","LANDAREA":0.3055,"PRUID":"48","fed_num":"48015","da_code":"48111100","geo_name":"48111100","name_source":{"label":"Statistics Canada Census Profile 2021 DA WDS","url":"https://www12.statcan.gc.ca/wds-sdw/2021profile-profil2021-eng.cfm"},"population":495,"status":"ok","source":{"label":"Statistics Canada Census Profile 2021 DA WDS","url":"https://www12.statcan.gc.ca/wds-sdw/2021profile-profil2021-eng.cfm"},"community_name":"Edmonton","community_source":{"label":"Statistics Canada 2021 census subdivision boundaries (spatial lookup)","url":"https://geo.statcan.gc.ca/geo_wa/rest/services/2021/Cartographic_boundary_files/MapServer/9"},"community_display":"Edmonton","is_unorganized":false,"panel_title":"Edmonton","display_label":"Edmonton","map_label":"48111100"},"geometry":{"type":"MultiPolygon","coordinates":[[[[-113.55982218374625,53.576727178945106],[-113.55959480770683,53.5767139936231],[-113.55836419566558,53.5770999803225],[-113.55745466296283,53.576049498506],[-113.55917228247547,53.57547329278227],[-113.55991358842083,53.57498988373098],[-113.56009829542724,53.574797096472594],[-113.56106210353157,53.573247987193504],[-113.56133228796222,53.57272069170986],[-113.561323903476,53.57208249193568],[-113.56132359051725,53.57132729611104],[-113.56132909521787,53.57041898536412],[-113.56133599957417,53.570283978698],[-113.56431278477912,53.57030110215026],[-113.56476640382736,53.57030939092671],[-113.56570389587702,53.57032518465265],[-113.56571990066799,53.571089086687074],[-113.56581928522644,53.57148259782194],[-113.56581851952399,53.57196819897419],[-113.56582319137893,53.57354148457273],[-113.56582068699677,53.57400009795769],[-113.56581190579996,53.5763469864225],[-113.56580620087587,53.576751701218136],[-113.56581029689427,53.57831610871303],[-113.56455629086263,53.57831610825538],[-113.5629542849031,53.57830549163761],[-113.56295760494368,53.57736129785721],[-113.56182490399998,53.57736759410895],[-113.55982218374625,53.576727178945106]]]]}},{"type":"Feature","properties":{"DGUID":"2021S051248111101","DAUID":"48111101","LANDAREA":0.2629,"PRUID":"48","fed_num":"48015","da_code":"48111101","geo_name":"48111101","name_source":{"label":"Statistics Canada Census Profile 2021 DA WDS","url":"https://www12.statcan.gc.ca/wds-sdw/2021profile-profil2021-eng.cfm"},"population":519,"status":"ok","source":{"label":"Statistics Canada Census Profile 2021 DA WDS","url":"https://www12.statcan.gc.ca/wds-sdw/2021profile-profil2021-eng.cfm"},"community_name":"Edmonton","community_source":{"label":"Statistics Canada 2021 census subdivision boundaries (spatial lookup)","url":"https://geo.statcan.gc.ca/geo_wa/rest/services/2021/Cartographic_boundary_files/MapServer/9"},"community_display":"Edmonton","is_unorganized":false,"panel_title":"Edmonton","display_label":"Edmonton","map_label":"48111101"},"geometry":{"type":"MultiPolygon","coordinates":[[[[-113.55649737984932,53.57495508657055],[-113.5552116755044,53.573427095096065],[-113.55502946272946,53.573161287250514],[-113.55475298629445,53.57258277374711],[-113.554215271727,53.57268419570102],[-113.5530574690997,53.57302358496052],[-113.55164747657226,53.57344027569163],[-113.5514545851218,53.573498377756884],[-113.55105795217797,53.573183083941345],[-113.54975318020601,53.57158358357455],[-113.54950526991817,53.57111903387337],[-113.54961726710034,53.57083118250611],[-113.54974707205065,53.5704777796503],[-113.55088327834822,53.57028268574646],[-113.55121568369785,53.57028459847563],[-113.55209177176452,53.5702838811683],[-113.55459918531795,53.57028428111215],[-113.55627588323239,53.5702843990284],[-113.55796760006615,53.57028419462743],[-113.56133599957417,53.570283978698],[-113.56132909521787,53.57041898536412],[-113.56132359051725,53.57132729611104],[-113.561323903476,53.57208249193568],[-113.56133228796222,53.57272069170986],[-113.56106210353157,53.573247987193504],[-113.55899608704647,53.57280670073294],[-113.55846039599396,53.57369029964663],[-113.5580209947149,53.57441898370302],[-113.55791966568964,53.57449308107569],[-113.55771387623108,53.57458738953134],[-113.55649737984932,53.57495508657055]]]]}},{"type":"Feature","properties":{"DGUID":"2021S051248111102","DAUID":"48111102","LANDAREA":0.2329,"PRUID":"48","fed_num":"48015","da_code":"48111102","geo_name":"48111102","name_source":{"label":"Statistics Canada Census Profile 2021 DA WDS","url":"https://www12.statcan.gc.ca/wds-sdw/2021profile-profil2021-eng.cfm"},"population":607,"status":"ok","source":{"label":"Statistics Canada Census Profile 2021 DA WDS","url":"https://www12.statcan.gc.ca/wds-sdw/2021profile-profil2021-eng.cfm"},"community_name":"Edmonton","community_source":{"label":"Statistics Canada 2021 census subdivision boundaries (spatial lookup)","url":"https://geo.statcan.gc.ca/geo_wa/rest/services/2021/Cartographic_boundary_files/MapServer/9"},"community_display":"Edmonton","is_unorganized":false,"panel_title":"Edmonton","display_label":"Edmonton","map_label":"48111102"},"geometry":{"type":"MultiPolygon","coordinates":[[[[-113.54963358436004,53.565831773237896],[-113.55029708791092,53.56506229505155],[-113.55043509352824,53.56509538201042],[-113.55061879337144,53.56513638193516],[-113.55094037628355,53.565210494007694],[-113.55290337072029,53.56520450148616],[-113.55459497126697,53.56520438237827],[-113.5562865012487,53.56520419607296],[-113.55628866745606,53.56674158145219],[-113.55714497251884,53.56741557871227],[-113.55580687374787,53.56801968404843],[-113.55496929686952,53.56840618625068],[-113.55472097182695,53.568546403497194],[-113.55461387261236,53.568773487454],[-113.55461618163424,53.56931289468244],[-113.55460568529416,53.57014029300285],[-113.55459918531795,53.57028428111215],[-113.55209177176452,53.5702838811683],[-113.55121568369785,53.57028459847563],[-113.55088327834822,53.57028268574646],[-113.54974707205065,53.5704777796503],[-113.54980844701686,53.570242687400295],[-113.54972168039103,53.57005569455702],[-113.54953885416926,53.56952919491901],[-113.54935891279452,53.56929212153339],[-113.54936739233206,53.56843588426337],[-113.54936398642964,53.56737499242179],[-113.5493756658153,53.56681729871129],[-113.54944617070674,53.566231389014796],[-113.54963358436004,53.565831773237896]]]]}},{"type":"Feature","properties":{"DGUID":"2021S051248111103","DAUID":"48111103","LANDAREA":0.1491,"PRUID":"48","fed_num":"48015","da_code":"48111103","geo_name":"48111103","name_source":{"label":"Statistics Canada Census Profile 2021 DA WDS","url":"https://www12.statcan.gc.ca/wds-sdw/2021profile-profil2021-eng.cfm"},"population":536,"status":"ok","source":{"label":"Statistics Canada Census Profile 2021 DA WDS","url":"https://www12.statcan.gc.ca/wds-sdw/2021profile-profil2021-eng.cfm"},"community_name":"Edmonton","community_source":{"label":"Statistics Canada 2021 census subdivision boundaries (spatial lookup)","url":"https://geo.statcan.gc.ca/geo_wa/rest/services/2021/Cartographic_boundary_files/MapServer/9"},"community_display":"Edmonton","is_unorganized":false,"panel_title":"Edmonton","display_label":"Edmonton","map_label":"48111103"},"geometry":{"type":"MultiPolygon","coordinates":[[[[-113.55430917868921,53.57699788163572],[-113.5532256570608,53.57556449763036],[-113.5514545851218,53.573498377756884],[-113.55164747657226,53.57344027569163],[-113.5530574690997,53.57302358496052],[-113.554215271727,53.57268419570102],[-113.55475298629445,53.57258277374711],[-113.55502946272946,53.573161287250514],[-113.5552116755044,53.573427095096065],[-113.55649737984932,53.57495508657055],[-113.55771387623108,53.57458738953134],[-113.55791966568964,53.57449308107569],[-113.5580209947149,53.57441898370302],[-113.55846039599396,53.57369029964663],[-113.55899608704647,53.57280670073294],[-113.56106210353157,53.573247987193504],[-113.56009829542724,53.574797096472594],[-113.55991358842083,53.57498988373098],[-113.55917228247547,53.57547329278227],[-113.55745466296283,53.576049498506],[-113.55591216293561,53.57652309965849],[-113.5545020835363,53.57693977390809],[-113.55430917868921,53.57699788163572]]]]}},{"type":"Feature","properties":{"DGUID":"2021S051248111104","DAUID":"48111104","LANDAREA":0.4688,"PRUID":"48","fed_num":"48015","da_code":"48111104","geo_name":"48111104","name_source":{"label":"Statistics Canada Census Profile 2021 DA WDS","url":"https://www12.statcan.gc.ca/wds-sdw/2021profile-profil2021-eng.cfm"},"population":562,"status":"ok","source":{"label":"Statistics Canada Census Profile 2021 DA WDS","url":"https://www12.statcan.gc.ca/wds-sdw/2021profile-profil2021-eng.cfm"},"community_name":"Edmonton","community_source":{"label":"Statistics Canada 2021 census subdivision boundaries (spatial lookup)","url":"https://geo.statcan.gc.ca/geo_wa/rest/services/2021/Cartographic_boundary_files/MapServer/9"},"community_display":"Edmonton","is_unorganized":false,"panel_title":"Edmonton","display_label":"Edmonton","map_label":"48111104"},"geometry":{"type":"MultiPolygon","coordinates":[[[[-113.55515777838096,53.57829249055641],[-113.55430917868921,53.57699788163572],[-113.5545020835363,53.57693977390809],[-113.55591216293561,53.57652309965849],[-113.55745466296283,53.576049498506],[-113.55836419566558,53.5770999803225],[-113.55959480770683,53.5767139936231],[-113.55982218374625,53.576727178945106],[-113.56182490399998,53.57736759410895],[-113.56295760494368,53.57736129785721],[-113.5629542849031,53.57830549163761],[-113.56455629086263,53.57831610825538],[-113.56581029689427,53.57831610871303],[-113.56580527766742,53.57898159268071],[-113.56580449157721,53.57946709651759],[-113.5657952919378,53.58031249755983],[-113.56580030089228,53.580645104891566],[-113.56580008454966,53.58113959146806],[-113.56579368083385,53.581283600424044],[-113.56753217889687,53.58130021739593],[-113.56753006849704,53.58226230895583],[-113.56747398758067,53.58233551448149],[-113.56738567273301,53.582373316846905],[-113.56727427764302,53.583433521933955],[-113.56725592589187,53.5836078309452],[-113.56516747969482,53.58361103560354],[-113.56418038939458,53.58360381782719],[-113.55948559104368,53.58357303283884],[-113.55910120010081,53.58357310940771],[-113.55909278969317,53.583573115262645],[-113.55881960792186,53.583573216817],[-113.55881137730809,53.58357321234103],[-113.55873881447107,53.58349628482335],[-113.55813795600153,53.58285919194016],[-113.55738638497536,53.58192218711041],[-113.5571048844404,53.581514684499844],[-113.55703947383502,53.58142308095195],[-113.55701259588761,53.581381594646935],[-113.55688974926052,53.58120458710957],[-113.55680725788034,53.58108948289044],[-113.55679073409785,53.581066528297065],[-113.55666547657638,53.58089287932224],[-113.55654308730703,53.58071749070142],[-113.55617341165588,53.58017954637735],[-113.55612895251608,53.58011488664183],[-113.55563288226845,53.57915447837923],[-113.55515777838096,53.57829249055641]]]]}},{"type":"Feature","properties":{"DGUID":"2021S051248111107","DAUID":"48111107","LANDAREA":0.5819,"PRUID":"48","fed_num":"48015","da_code":"48111107","geo_name":"48111107","name_source":{"label":"Statistics Canada Census Profile 2021 DA WDS","url":"https://www12.statcan.gc.ca/wds-sdw/2021profile-profil2021-eng.cfm"},"population":1341,"status":"ok","source":{"label":"Statistics Canada Census Profile 2021 DA WDS","url":"https://www12.statcan.gc.ca/wds-sdw/2021profile-profil2021-eng.cfm"},"community_name":"Edmonton","community_source":{"label":"Statistics Canada 2021 census subdivision boundaries (spatial lookup)","url":"https://geo.statcan.gc.ca/geo_wa/rest/services/2021/Cartographic_boundary_files/MapServer/9"},"community_display":"Edmonton","is_unorganized":false,"panel_title":"Edmonton","display_label":"Edmonton","map_label":"48111107"},"geometry":{"type":"MultiPolygon","coordinates":[[[[-113.54882900537152,53.58910912923837],[-113.54884162067579,53.58756231057876],[-113.55035303763711,53.58756611560413],[-113.55036506468764,53.58601031355286],[-113.54659793009638,53.586009852851],[-113.54575632827255,53.586009727416574],[-113.54573944139068,53.58422081728304],[-113.54591668863227,53.58401985577681],[-113.54599536782248,53.58390160001454],[-113.54612643429218,53.58370465892112],[-113.54616157660642,53.58364601569489],[-113.54621627640186,53.58355475494313],[-113.54932178395227,53.5835537195638],[-113.55170648370401,53.58353751262378],[-113.55230108972889,53.5835759254857],[-113.55264887588355,53.583591429212106],[-113.55323968214374,53.583615508898504],[-113.5533040899447,53.583617815413625],[-113.55398919067932,53.58364972647583],[-113.55448900814899,53.583648116873285],[-113.55522900525827,53.58368851125429],[-113.55569337968097,53.58370361887925],[-113.55577402666789,53.58370805487759],[-113.55598658112473,53.58371971195427],[-113.55613934777712,53.583736110029214],[-113.55624949753593,53.58374792525517],[-113.55650938931952,53.58380427216848],[-113.55653449300593,53.583809731453904],[-113.55658377877191,53.583820429701404],[-113.55660617619681,53.58382532632362],[-113.55692287776468,53.58390732347783],[-113.55723459418425,53.58401291688851],[-113.55745850776674,53.58410402345531],[-113.55769598004392,53.584230411949314],[-113.55797979298983,53.58445702479139],[-113.55819809150185,53.5846839186849],[-113.56459756429321,53.59118555701841],[-113.56479426124272,53.591408444162774],[-113.5649910577251,53.5916415459158],[-113.56514083188277,53.591855450355204],[-113.56521394370428,53.592011243752424],[-113.56528503638931,53.59220074275513],[-113.56530181723832,53.592255512684055],[-113.56450402096705,53.59224860398698],[-113.56040761761376,53.59221300441721],[-113.55955440554759,53.591793142451536],[-113.55955130606061,53.590993024560625],[-113.5595493152924,53.590210820540435],[-113.55952752460486,53.589973514719915],[-113.55946900716013,53.58972202837223],[-113.55937469624472,53.58944451872256],[-113.55927590135576,53.58927741586698],[-113.55912393924066,53.58900831885714],[-113.55894994797082,53.58879402558562],[-113.55716801641691,53.58906592351692],[-113.55608250850962,53.58910712909423],[-113.55484331028927,53.589106637664955],[-113.55345324615492,53.589109323781486],[-113.55189714145897,53.58911561860864],[-113.55035491283132,53.589103526976245],[-113.54882900537152,53.58910912923837]]]]}},{"type":"Feature","properties":{"DGUID":"2021S051248111108","DAUID":"48111108","LANDAREA":0.2351,"PRUID":"48","fed_num":"48015","da_code":"48111108","geo_name":"48111108","name_source":{"label":"Statistics Canada Census Profile 2021 DA WDS","url":"https://www12.statcan.gc.ca/wds-sdw/2021profile-profil2021-eng.cfm"},"population":643,"status":"ok","source":{"label":"Statistics Canada Census Profile 2021 DA WDS","url":"https://www12.statcan.gc.ca/wds-sdw/2021profile-profil2021-eng.cfm"},"community_name":"Edmonton","community_source":{"label":"Statistics Canada 2021 census subdivision boundaries (spatial lookup)","url":"https://geo.statcan.gc.ca/geo_wa/rest/services/2021/Cartographic_boundary_files/MapServer/9"},"community_display":"Edmonton","is_unorganized":false,"panel_title":"Edmonton","display_label":"Edmonton","map_label":"48111108"},"geometry":{"type":"MultiPolygon","coordinates":[[[[-113.54883911484146,53.59128475728436],[-113.54882900537152,53.58910912923837],[-113.55035491283132,53.589103526976245],[-113.55189714145897,53.58911561860864],[-113.55345324615492,53.589109323781486],[-113.55484331028927,53.589106637664955],[-113.55608250850962,53.58910712909423],[-113.55716801641691,53.58906592351692],[-113.55894994797082,53.58879402558562],[-113.55912393924066,53.58900831885714],[-113.55927590135576,53.58927741586698],[-113.55937469624472,53.58944451872256],[-113.55946900716013,53.58972202837223],[-113.55952752460486,53.589973514719915],[-113.5595493152924,53.590210820540435],[-113.55955130606061,53.590993024560625],[-113.55955440554759,53.591793142451536],[-113.559291736822,53.59182780454423],[-113.556977810349,53.59187842631324],[-113.55660738730354,53.59179323406695],[-113.55346441841827,53.59230103835523],[-113.55265741238372,53.59220132889148],[-113.5488495129705,53.592210639562246],[-113.54883911484146,53.59128475728436]]]]}},{"type":"Feature","properties":{"DGUID":"2021S051248111115","DAUID":"48111115","LANDAREA":0.3496,"PRUID":"48","fed_num":"48015","da_code":"48111115","geo_name":"48111115","name_source":{"label":"Statistics Canada Census Profile 2021 DA WDS","url":"https://www12.statcan.gc.ca/wds-sdw/2021profile-profil2021-eng.cfm"},"population":955,"status":"ok","source":{"label":"Statistics Canada Census Profile 2021 DA WDS","url":"https://www12.statcan.gc.ca/wds-sdw/2021profile-profil2021-eng.cfm"},"community_name":"Edmonton","community_source":{"label":"Statistics Canada 2021 census subdivision boundaries (spatial lookup)","url":"https://geo.statcan.gc.ca/geo_wa/rest/services/2021/Cartographic_boundary_files/MapServer/9"},"community_display":"Edmonton","is_unorganized":false,"panel_title":"Edmonton","display_label":"Edmonton","map_label":"48111115"},"geometry":{"type":"MultiPolygon","coordinates":[[[[-113.53349276541623,53.59621437397624],[-113.5324426801247,53.59584096184924],[-113.53152738537436,53.595446758721245],[-113.53184117413551,53.595134465310146],[-113.5319468547,53.59488046014351],[-113.5334881738609,53.594874750592595],[-113.53350048695724,53.59508136461435],[-113.53362767163927,53.595186671625136],[-113.53444816775992,53.59551076694213],[-113.53484228368168,53.59552947073811],[-113.53496186681824,53.59550887251634],[-113.53503306167988,53.59543547100954],[-113.53502938332063,53.59486907212029],[-113.53503665893298,53.59322354948459],[-113.5351691648192,53.593166757083765],[-113.53657455982861,53.593163960559416],[-113.53656927843346,53.592318957215056],[-113.53656068444816,53.592175255846044],[-113.5396586504742,53.592172464849504],[-113.54123047368712,53.59217495774199],[-113.54123215676984,53.59270547609819],[-113.54123539390817,53.59376637633588],[-113.54122675704512,53.59462966493873],[-113.54121275854072,53.59641018548615],[-113.54122519003157,53.596868490242194],[-113.5412397623921,53.59761447941267],[-113.54125538336777,53.59812657587796],[-113.54113296577928,53.59835398452526],[-113.54113946134754,53.598965287465134],[-113.54113566293903,53.59940588614249],[-113.54113162980654,53.599467921265735],[-113.5411291028426,53.59951376173298],[-113.54113026486414,53.599567896679694],[-113.5400573743518,53.59957268346656],[-113.5388184900688,53.59958099017428],[-113.5383951500437,53.59958098430135],[-113.53491936771627,53.599591773382556],[-113.53490854180899,53.59941216881467],[-113.53506435640477,53.59923808595185],[-113.53505747317477,53.5983660588977],[-113.53504645892794,53.59641517705628],[-113.53430305798867,53.596368063250395],[-113.53349276541623,53.59621437397624]]]]}},{"type":"Feature","properties":{"DGUID":"2021S051248111116","DAUID":"48111116","LANDAREA":0.2606,"PRUID":"48","fed_num":"48015","da_code":"48111116","geo_name":"48111116","name_source":{"label":"Statistics Canada Census Profile 2021 DA WDS","url":"https://www12.statcan.gc.ca/wds-sdw/2021profile-profil2021-eng.cfm"},"population":740,"status":"ok","source":{"label":"Statistics Canada Census Profile 2021 DA WDS","url":"https://www12.statcan.gc.ca/wds-sdw/2021profile-profil2021-eng.cfm"},"community_name":"Edmonton","community_source":{"label":"Statistics Canada 2021 census subdivision boundaries (spatial lookup)","url":"https://geo.statcan.gc.ca/geo_wa/rest/services/2021/Cartographic_boundary_files/MapServer/9"},"community_display":"Edmonton","is_unorganized":false,"panel_title":"Edmonton","display_label":"Edmonton","map_label":"48111116"},"geometry":{"type":"MultiPolygon","coordinates":[[[[-113.54121649181832,53.58841694992891],[-113.54110601679635,53.58758312054797],[-113.54128661359121,53.58757032580971],[-113.54267659824251,53.58756774806421],[-113.54421760992246,53.5875619373158],[-113.54575911832652,53.58756512726073],[-113.54730072157814,53.587568219694866],[-113.54884162067579,53.58756231057876],[-113.54882900537152,53.58910912923837],[-113.54883911484146,53.59128475728436],[-113.5488495129705,53.592210639562246],[-113.54424009566621,53.59220996991274],[-113.54123047368712,53.59217495774199],[-113.5412272599944,53.59111416754412],[-113.5412229743914,53.59003526804304],[-113.5412149007293,53.589145338448624],[-113.54121649181832,53.58841694992891]]]]}},{"type":"Feature","properties":{"DGUID":"2021S051248111117","DAUID":"48111117","LANDAREA":0.1882,"PRUID":"48","fed_num":"48015","da_code":"48111117","geo_name":"48111117","name_source":{"label":"Statistics Canada Census Profile 2021 DA WDS","url":"https://www12.statcan.gc.ca/wds-sdw/2021profile-profil2021-eng.cfm"},"population":518,"status":"ok","source":{"label":"Statistics Canada Census Profile 2021 DA WDS","url":"https://www12.statcan.gc.ca/wds-sdw/2021profile-profil2021-eng.cfm"},"community_name":"Edmonton","community_source":{"label":"Statistics Canada 2021 census subdivision boundaries (spatial lookup)","url":"https://geo.statcan.gc.ca/geo_wa/rest/services/2021/Cartographic_boundary_files/MapServer/9"},"community_display":"Edmonton","is_unorganized":false,"panel_title":"Edmonton","display_label":"Edmonton","map_label":"48111117"},"geometry":{"type":"MultiPolygon","coordinates":[[[[-113.5412668475799,53.58407410468358],[-113.54126978674482,53.583556258875554],[-113.5412847510452,53.58355625445576],[-113.54153135569919,53.58355613522237],[-113.54459141670466,53.58355525733694],[-113.54621627640186,53.58355475494313],[-113.54616157660642,53.58364601569489],[-113.54612643429218,53.58370465892112],[-113.54599536782248,53.58390160001454],[-113.54591668863227,53.58401985577681],[-113.54573944139068,53.58422081728304],[-113.54575632827255,53.586009727416574],[-113.54659793009638,53.586009852851],[-113.55036506468764,53.58601031355286],[-113.55035303763711,53.58756611560413],[-113.54884162067579,53.58756231057876],[-113.54730072157814,53.587568219694866],[-113.54575911832652,53.58756512726073],[-113.54421760992246,53.5875619373158],[-113.54267659824251,53.58756774806421],[-113.54128661359121,53.58757032580971],[-113.54110601679635,53.58758312054797],[-113.54111249424207,53.586935631450544],[-113.54122461250917,53.58678944503713],[-113.54122352429695,53.58601623743296],[-113.54122084883952,53.58496431254097],[-113.54122221819814,53.58458252043585],[-113.54122354101001,53.584253927073334],[-113.5412668475799,53.58407410468358]]]]}},{"type":"Feature","properties":{"DGUID":"2021S051248111125","DAUID":"48111125","LANDAREA":0.2429,"PRUID":"48","fed_num":"48015","da_code":"48111125","geo_name":"48111125","name_source":{"label":"Statistics Canada Census Profile 2021 DA WDS","url":"https://www12.statcan.gc.ca/wds-sdw/2021profile-profil2021-eng.cfm"},"population":476,"status":"ok","source":{"label":"Statistics Canada Census Profile 2021 DA WDS","url":"https://www12.statcan.gc.ca/wds-sdw/2021profile-profil2021-eng.cfm"},"community_name":"Edmonton","community_source":{"label":"Statistics Canada 2021 census subdivision boundaries (spatial lookup)","url":"https://geo.statcan.gc.ca/geo_wa/rest/services/2021/Cartographic_boundary_files/MapServer/9"},"community_display":"Edmonton","is_unorganized":false,"panel_title":"Edmonton","display_label":"Edmonton","map_label":"48111125"},"geometry":{"type":"MultiPolygon","coordinates":[[[[-113.59877069212092,53.55902814627756],[-113.59422423017465,53.559010046229474],[-113.59204922713528,53.5590032606067],[-113.59129402096336,53.55900165613886],[-113.59044843301498,53.55900205190553],[-113.59045420539412,53.558849060822645],[-113.59045361981099,53.558345546643835],[-113.59045992529016,53.558201545085346],[-113.5904444147865,53.55597207118525],[-113.59136872803946,53.556023965755266],[-113.59287892402266,53.55602716284274],[-113.5943885026076,53.55602136798243],[-113.59583840228768,53.55602586298255],[-113.59727261527999,53.556021652925345],[-113.5987532009092,53.556034467643805],[-113.59875988501607,53.557374043056875],[-113.59876912415095,53.55826395299435],[-113.60050400078414,53.55823534128216],[-113.6011764989481,53.558121541405434],[-113.60204800571998,53.55780603996729],[-113.60271372677974,53.55733305780735],[-113.60430019492273,53.55538326115848],[-113.60494592209439,53.55458696986092],[-113.60546689164441,53.55471045583418],[-113.60566302746437,53.55481905678558],[-113.60567009528984,53.55482295465698],[-113.60569121148666,53.554921374469885],[-113.605596698554,53.555103273054975],[-113.60568042566517,53.555236266363536],[-113.60577587701123,53.55540124918072],[-113.60533189458138,53.55595425874918],[-113.60367392443716,53.55796844241895],[-113.60248983880415,53.55860565788549],[-113.60191332236195,53.558806956739474],[-113.60152611977801,53.55889633964037],[-113.6003866204858,53.55902904498395],[-113.59877069212092,53.55902814627756]]]]}},{"type":"Feature","properties":{"DGUID":"2021S051248111126","DAUID":"48111126","LANDAREA":0.1559,"PRUID":"48","fed_num":"48015","da_code":"48111126","geo_name":"48111126","name_source":{"label":"Statistics Canada Census Profile 2021 DA WDS","url":"https://www12.statcan.gc.ca/wds-sdw/2021profile-profil2021-eng.cfm"},"population":429,"status":"ok","source":{"label":"Statistics Canada Census Profile 2021 DA WDS","url":"https://www12.statcan.gc.ca/wds-sdw/2021profile-profil2021-eng.cfm"},"community_name":"Edmonton","community_source":{"label":"Statistics Canada 2021 census subdivision boundaries (spatial lookup)","url":"https://geo.statcan.gc.ca/geo_wa/rest/services/2021/Cartographic_boundary_files/MapServer/9"},"community_display":"Edmonton","is_unorganized":false,"panel_title":"Edmonton","display_label":"Edmonton","map_label":"48111126"},"geometry":{"type":"MultiPolygon","coordinates":[[[[-113.59875070176285,53.554514958614604],[-113.5987418763292,53.55363407219182],[-113.60117237596798,53.55362616767886],[-113.60162808744181,53.5536701695658],[-113.60216359141411,53.553784363160936],[-113.60359298813097,53.55419385616082],[-113.60494592209439,53.55458696986092],[-113.60430019492273,53.55538326115848],[-113.60271372677974,53.55733305780735],[-113.60204800571998,53.55780603996729],[-113.6011764989481,53.558121541405434],[-113.60050400078414,53.55823534128216],[-113.59876912415095,53.55826395299435],[-113.59875988501607,53.557374043056875],[-113.5987532009092,53.556034467643805],[-113.59875070176285,53.554514958614604]]]]}},{"type":"Feature","properties":{"DGUID":"2021S051248111127","DAUID":"48111127","LANDAREA":0.2379,"PRUID":"48","fed_num":"48015","da_code":"48111127","geo_name":"48111127","name_source":{"label":"Statistics Canada Census Profile 2021 DA WDS","url":"https://www12.statcan.gc.ca/wds-sdw/2021profile-profil2021-eng.cfm"},"population":527,"status":"ok","source":{"label":"Statistics Canada Census Profile 2021 DA WDS","url":"https://www12.statcan.gc.ca/wds-sdw/2021profile-profil2021-eng.cfm"},"community_name":"Edmonton","community_source":{"label":"Statistics Canada 2021 census subdivision boundaries (spatial lookup)","url":"https://geo.statcan.gc.ca/geo_wa/rest/services/2021/Cartographic_boundary_files/MapServer/9"},"community_display":"Edmonton","is_unorganized":false,"panel_title":"Edmonton","display_label":"Edmonton","map_label":"48111127"},"geometry":{"type":"MultiPolygon","coordinates":[[[[-113.59041899282649,53.55259185297676],[-113.59037642576084,53.5511541623836],[-113.59375430775688,53.5513327550347],[-113.59567311455156,53.55135396334982],[-113.5956758879021,53.551893452281824],[-113.59568181347272,53.552729452781286],[-113.5956916102968,53.55362834837077],[-113.5987418763292,53.55363407219182],[-113.59875070176285,53.554514958614604],[-113.5987532009092,53.556034467643805],[-113.59727261527999,53.556021652925345],[-113.59583840228768,53.55602586298255],[-113.5943885026076,53.55602136798243],[-113.59287892402266,53.55602716284274],[-113.59136872803946,53.556023965755266],[-113.5904444147865,53.55597207118525],[-113.59043863196491,53.554146941713874],[-113.59042779701542,53.552735558855524],[-113.59041899282649,53.55259185297676]]]]}},{"type":"Feature","properties":{"DGUID":"2021S051248111128","DAUID":"48111128","LANDAREA":0.2167,"PRUID":"48","fed_num":"48015","da_code":"48111128","geo_name":"48111128","name_source":{"label":"Statistics Canada Census Profile 2021 DA WDS","url":"https://www12.statcan.gc.ca/wds-sdw/2021profile-profil2021-eng.cfm"},"population":524,"status":"ok","source":{"label":"Statistics Canada Census Profile 2021 DA WDS","url":"https://www12.statcan.gc.ca/wds-sdw/2021profile-profil2021-eng.cfm"},"community_name":"Edmonton","community_source":{"label":"Statistics Canada 2021 census subdivision boundaries (spatial lookup)","url":"https://geo.statcan.gc.ca/geo_wa/rest/services/2021/Cartographic_boundary_files/MapServer/9"},"community_display":"Edmonton","is_unorganized":false,"panel_title":"Edmonton","display_label":"Edmonton","map_label":"48111128"},"geometry":{"type":"MultiPolygon","coordinates":[[[[-113.59375430775688,53.5513327550347],[-113.59037642576084,53.5511541623836],[-113.59038381297019,53.55102816514308],[-113.5903788242728,53.54946376523231],[-113.59037741759205,53.54869956899845],[-113.59209843802397,53.548698254808016],[-113.59387971930927,53.54869555131945],[-113.59388841020085,53.54957656813611],[-113.59399821786411,53.54964596712181],[-113.59566071545758,53.549672874883775],[-113.59803119795208,53.54967537251124],[-113.59917700037782,53.54965057999611],[-113.59920979413332,53.5487056709616],[-113.59920367486353,53.54737508120225],[-113.60077380179688,53.547376967181094],[-113.60088220459926,53.54741949004875],[-113.60090048819038,53.54870477276194],[-113.60268250527416,53.54871097953518],[-113.60267489199335,53.54981706808814],[-113.6026965748033,53.55066176491567],[-113.6027625996226,53.551244757480426],[-113.6027691937585,53.55135255869932],[-113.6025181676422,53.55135261025511],[-113.59567311455156,53.55135396334982],[-113.59375430775688,53.5513327550347]]]]}},{"type":"Feature","properties":{"DGUID":"2021S051248111129","DAUID":"48111129","LANDAREA":0.1884,"PRUID":"48","fed_num":"48015","da_code":"48111129","geo_name":"48111129","name_source":{"label":"Statistics Canada Census Profile 2021 DA WDS","url":"https://www12.statcan.gc.ca/wds-sdw/2021profile-profil2021-eng.cfm"},"population":405,"status":"ok","source":{"label":"Statistics Canada Census Profile 2021 DA WDS","url":"https://www12.statcan.gc.ca/wds-sdw/2021profile-profil2021-eng.cfm"},"community_name":"Edmonton","community_source":{"label":"Statistics Canada 2021 census subdivision boundaries (spatial lookup)","url":"https://geo.statcan.gc.ca/geo_wa/rest/services/2021/Cartographic_boundary_files/MapServer/9"},"community_display":"Edmonton","is_unorganized":false,"panel_title":"Edmonton","display_label":"Edmonton","map_label":"48111129"},"geometry":{"type":"MultiPolygon","coordinates":[[[[-113.59037711724011,53.547953259968196],[-113.59037214208594,53.54638895503055],[-113.59209305528339,53.54638756006834],[-113.59385980928114,53.54639416283456],[-113.59564042300126,53.546382558355276],[-113.59742221298114,53.54638876764428],[-113.59920338511913,53.54638597637199],[-113.59920367486353,53.54737508120225],[-113.59920979413332,53.5487056709616],[-113.59917700037782,53.54965057999611],[-113.59803119795208,53.54967537251124],[-113.59566071545758,53.549672874883775],[-113.59399821786411,53.54964596712181],[-113.59388841020085,53.54957656813611],[-113.59387971930927,53.54869555131945],[-113.59209843802397,53.548698254808016],[-113.59037741759205,53.54869956899845],[-113.59037711724011,53.547953259968196]]]]}},{"type":"Feature","properties":{"DGUID":"2021S051248111130","DAUID":"48111130","LANDAREA":0.1441,"PRUID":"48","fed_num":"48015","da_code":"48111130","geo_name":"48111130","name_source":{"label":"Statistics Canada Census Profile 2021 DA WDS","url":"https://www12.statcan.gc.ca/wds-sdw/2021profile-profil2021-eng.cfm"},"population":552,"status":"ok","source":{"label":"Statistics Canada Census Profile 2021 DA WDS","url":"https://www12.statcan.gc.ca/wds-sdw/2021profile-profil2021-eng.cfm"},"community_name":"Edmonton","community_source":{"label":"Statistics Canada 2021 census subdivision boundaries (spatial lookup)","url":"https://geo.statcan.gc.ca/geo_wa/rest/services/2021/Cartographic_boundary_files/MapServer/9"},"community_display":"Edmonton","is_unorganized":false,"panel_title":"Edmonton","display_label":"Edmonton","map_label":"48111130"},"geometry":{"type":"MultiPolygon","coordinates":[[[[-113.58331481082914,53.549490750194025],[-113.58329601222553,53.54794466266203],[-113.58504723960729,53.547942761471226],[-113.58681402435526,53.54794954454653],[-113.58856513999368,53.54794755402614],[-113.59037711724011,53.547953259968196],[-113.59037741759205,53.54869956899845],[-113.5903788242728,53.54946376523231],[-113.59038381297019,53.55102816514308],[-113.59037642576084,53.5511541623836],[-113.58859231129408,53.55111196028346],[-113.58682482054945,53.55109625351636],[-113.58507298417523,53.551089155441126],[-113.58506752067045,53.550999354388765],[-113.58506651817672,53.549497862178825],[-113.58331481082914,53.549490750194025]]]]}},{"type":"Feature","properties":{"DGUID":"2021S051248111131","DAUID":"48111131","LANDAREA":0.1215,"PRUID":"48","fed_num":"48015","da_code":"48111131","geo_name":"48111131","name_source":{"label":"Statistics Canada Census Profile 2021 DA WDS","url":"https://www12.statcan.gc.ca/wds-sdw/2021profile-profil2021-eng.cfm"},"population":593,"status":"ok","source":{"label":"Statistics Canada Census Profile 2021 DA WDS","url":"https://www12.statcan.gc.ca/wds-sdw/2021profile-profil2021-eng.cfm"},"community_name":"Edmonton","community_source":{"label":"Statistics Canada 2021 census subdivision boundaries (spatial lookup)","url":"https://geo.statcan.gc.ca/geo_wa/rest/services/2021/Cartographic_boundary_files/MapServer/9"},"community_display":"Edmonton","is_unorganized":false,"panel_title":"Edmonton","display_label":"Edmonton","map_label":"48111131"},"geometry":{"type":"MultiPolygon","coordinates":[[[[-113.58327680938469,53.54638964927393],[-113.58327265526032,53.54483425162876],[-113.5850242311194,53.54484135027656],[-113.58679086937299,53.54484805367714],[-113.58679463403129,53.54639446046606],[-113.58856135924097,53.546401157954485],[-113.59037214208594,53.54638895503055],[-113.59037711724011,53.547953259968196],[-113.58856513999368,53.54794755402614],[-113.58681402435526,53.54794954454653],[-113.58504723960729,53.547942761471226],[-113.58329601222553,53.54794466266203],[-113.58327680938469,53.54638964927393]]]]}},{"type":"Feature","properties":{"DGUID":"2021S051248111132","DAUID":"48111132","LANDAREA":0.1207,"PRUID":"48","fed_num":"48015","da_code":"48111132","geo_name":"48111132","name_source":{"label":"Statistics Canada Census Profile 2021 DA WDS","url":"https://www12.statcan.gc.ca/wds-sdw/2021profile-profil2021-eng.cfm"},"population":635,"status":"ok","source":{"label":"Statistics Canada Census Profile 2021 DA WDS","url":"https://www12.statcan.gc.ca/wds-sdw/2021profile-profil2021-eng.cfm"},"community_name":"Edmonton","community_source":{"label":"Statistics Canada 2021 census subdivision boundaries (spatial lookup)","url":"https://geo.statcan.gc.ca/geo_wa/rest/services/2021/Cartographic_boundary_files/MapServer/9"},"community_display":"Edmonton","is_unorganized":false,"panel_title":"Edmonton","display_label":"Edmonton","map_label":"48111132"},"geometry":{"type":"MultiPolygon","coordinates":[[[[-113.58327265526032,53.54483425162876],[-113.58327062732984,53.54331473140162],[-113.58503665009077,53.54331253438784],[-113.58678767650073,53.54331055042028],[-113.58855367174387,53.543310818440986],[-113.59033426560885,53.54329676269506],[-113.59033866647101,53.544852157625236],[-113.59037214208594,53.54638895503055],[-113.58856135924097,53.546401157954485],[-113.58679463403129,53.54639446046606],[-113.58679086937299,53.54484805367714],[-113.5850242311194,53.54484135027656],[-113.58327265526032,53.54483425162876]]]]}},{"type":"Feature","properties":{"DGUID":"2021S051248111133","DAUID":"48111133","LANDAREA":0.1058,"PRUID":"48","fed_num":"48015","da_code":"48111133","geo_name":"48111133","name_source":{"label":"Statistics Canada Census Profile 2021 DA WDS","url":"https://www12.statcan.gc.ca/wds-sdw/2021profile-profil2021-eng.cfm"},"population":393,"status":"ok","source":{"label":"Statistics Canada Census Profile 2021 DA WDS","url":"https://www12.statcan.gc.ca/wds-sdw/2021profile-profil2021-eng.cfm"},"community_name":"Edmonton","community_source":{"label":"Statistics Canada 2021 census subdivision boundaries (spatial lookup)","url":"https://geo.statcan.gc.ca/geo_wa/rest/services/2021/Cartographic_boundary_files/MapServer/9"},"community_display":"Edmonton","is_unorganized":false,"panel_title":"Edmonton","display_label":"Edmonton","map_label":"48111133"},"geometry":{"type":"MultiPolygon","coordinates":[[[[-113.59033426560885,53.54329676269506],[-113.59033136972664,53.54127376337],[-113.59181038217284,53.541268660728534],[-113.59204748836203,53.541266671472556],[-113.59206316922632,53.5426445739619],[-113.59206520097736,53.54282470506254],[-113.59207067842647,53.54330406506377],[-113.59385225500942,53.5433103772057],[-113.59385634788674,53.544856764558446],[-113.59385980928114,53.54639416283456],[-113.59209305528339,53.54638756006834],[-113.59037214208594,53.54638895503055],[-113.59033866647101,53.544852157625236],[-113.59033426560885,53.54329676269506]]]]}},{"type":"Feature","properties":{"DGUID":"2021S051248111134","DAUID":"48111134","LANDAREA":0.1441,"PRUID":"48","fed_num":"48015","da_code":"48111134","geo_name":"48111134","name_source":{"label":"Statistics Canada Census Profile 2021 DA WDS","url":"https://www12.statcan.gc.ca/wds-sdw/2021profile-profil2021-eng.cfm"},"population":483,"status":"ok","source":{"label":"Statistics Canada Census Profile 2021 DA WDS","url":"https://www12.statcan.gc.ca/wds-sdw/2021profile-profil2021-eng.cfm"},"community_name":"Edmonton","community_source":{"label":"Statistics Canada 2021 census subdivision boundaries (spatial lookup)","url":"https://geo.statcan.gc.ca/geo_wa/rest/services/2021/Cartographic_boundary_files/MapServer/9"},"community_display":"Edmonton","is_unorganized":false,"panel_title":"Edmonton","display_label":"Edmonton","map_label":"48111134"},"geometry":{"type":"MultiPolygon","coordinates":[[[[-113.5867843723409,53.543256753662625],[-113.58678335879276,53.541260641524346],[-113.58676568924757,53.53923804809956],[-113.58782247597088,53.539242147728785],[-113.5882946865641,53.53931285327727],[-113.58853257247283,53.539253746232376],[-113.59037328232516,53.53924075381327],[-113.59097517577685,53.53920976795473],[-113.5913580802147,53.539300367476045],[-113.59209388807946,53.53923946846168],[-113.59379947908155,53.53923845573239],[-113.59381576532142,53.54024507360449],[-113.59201918986795,53.54023914565938],[-113.59197881208279,53.54073410732485],[-113.59197690058981,53.54075736234878],[-113.59181038217284,53.541268660728534],[-113.59033136972664,53.54127376337],[-113.59033426560885,53.54329676269506],[-113.58855367174387,53.543310818440986],[-113.58678767650073,53.54331055042028],[-113.5867843723409,53.543256753662625]]]]}},{"type":"Feature","properties":{"DGUID":"2021S051248111135","DAUID":"48111135","LANDAREA":0.1058,"PRUID":"48","fed_num":"48015","da_code":"48111135","geo_name":"48111135","name_source":{"label":"Statistics Canada Census Profile 2021 DA WDS","url":"https://www12.statcan.gc.ca/wds-sdw/2021profile-profil2021-eng.cfm"},"population":513,"status":"ok","source":{"label":"Statistics Canada Census Profile 2021 DA WDS","url":"https://www12.statcan.gc.ca/wds-sdw/2021profile-profil2021-eng.cfm"},"community_name":"Edmonton","community_source":{"label":"Statistics Canada 2021 census subdivision boundaries (spatial lookup)","url":"https://geo.statcan.gc.ca/geo_wa/rest/services/2021/Cartographic_boundary_files/MapServer/9"},"community_display":"Edmonton","is_unorganized":false,"panel_title":"Edmonton","display_label":"Edmonton","map_label":"48111135"},"geometry":{"type":"MultiPolygon","coordinates":[[[[-113.58325086304671,53.54125612405709],[-113.58327856661946,53.53923251479441],[-113.5850298561413,53.53923964861363],[-113.58676568924757,53.53923804809956],[-113.58678335879276,53.541260641524346],[-113.5867843723409,53.543256753662625],[-113.58678767650073,53.54331055042028],[-113.58503665009077,53.54331253438784],[-113.58327062732984,53.54331473140162],[-113.5832673666439,53.543260843318414],[-113.58325086304671,53.54125612405709]]]]}},{"type":"Feature","properties":{"DGUID":"2021S051248111136","DAUID":"48111136","LANDAREA":0.1203,"PRUID":"48","fed_num":"48015","da_code":"48111136","geo_name":"48111136","name_source":{"label":"Statistics Canada Census Profile 2021 DA WDS","url":"https://www12.statcan.gc.ca/wds-sdw/2021profile-profil2021-eng.cfm"},"population":434,"status":"ok","source":{"label":"Statistics Canada Census Profile 2021 DA WDS","url":"https://www12.statcan.gc.ca/wds-sdw/2021profile-profil2021-eng.cfm"},"community_name":"Edmonton","community_source":{"label":"Statistics Canada 2021 census subdivision boundaries (spatial lookup)","url":"https://geo.statcan.gc.ca/geo_wa/rest/services/2021/Cartographic_boundary_files/MapServer/9"},"community_display":"Edmonton","is_unorganized":false,"panel_title":"Edmonton","display_label":"Edmonton","map_label":"48111136"},"geometry":{"type":"MultiPolygon","coordinates":[[[[-113.59206316922632,53.5426445739619],[-113.59204748836203,53.541266671472556],[-113.59181038217284,53.541268660728534],[-113.59197690058981,53.54075736234878],[-113.59197881208279,53.54073410732485],[-113.59201918986795,53.54023914565938],[-113.59381576532142,53.54024507360449],[-113.59379947908155,53.53923845573239],[-113.59545309657457,53.53924059466512],[-113.59731664648835,53.539242974336005],[-113.59731793873793,53.54024999401915],[-113.59732087611394,53.541283889978715],[-113.59561465911628,53.54127596974059],[-113.59561834519614,53.54330798842951],[-113.59385225500942,53.5433103772057],[-113.59207067842647,53.54330406506377],[-113.59206520097736,53.54282470506254],[-113.59206316922632,53.5426445739619]]]]}},{"type":"Feature","properties":{"DGUID":"2021S051248111137","DAUID":"48111137","LANDAREA":0.1338,"PRUID":"48","fed_num":"48015","da_code":"48111137","geo_name":"48111137","name_source":{"label":"Statistics Canada Census Profile 2021 DA WDS","url":"https://www12.statcan.gc.ca/wds-sdw/2021profile-profil2021-eng.cfm"},"population":608,"status":"ok","source":{"label":"Statistics Canada Census Profile 2021 DA WDS","url":"https://www12.statcan.gc.ca/wds-sdw/2021profile-profil2021-eng.cfm"},"community_name":"Edmonton","community_source":{"label":"Statistics Canada 2021 census subdivision boundaries (spatial lookup)","url":"https://geo.statcan.gc.ca/geo_wa/rest/services/2021/Cartographic_boundary_files/MapServer/9"},"community_display":"Edmonton","is_unorganized":false,"panel_title":"Edmonton","display_label":"Edmonton","map_label":"48111137"},"geometry":{"type":"MultiPolygon","coordinates":[[[[-113.59385634788674,53.544856764558446],[-113.59385225500942,53.5433103772057],[-113.59561834519614,53.54330798842951],[-113.59561465911628,53.54127596974059],[-113.59732087611394,53.541283889978715],[-113.59740058574904,53.54128227777528],[-113.59914714701694,53.541280185073404],[-113.59916591556266,53.543311786836725],[-113.59739944296278,53.543305268968254],[-113.59741923668754,53.54486028377699],[-113.59742221298114,53.54638876764428],[-113.59564042300126,53.546382558355276],[-113.59385980928114,53.54639416283456],[-113.59385634788674,53.544856764558446]]]]}},{"type":"Feature","properties":{"DGUID":"2021S051248111138","DAUID":"48111138","LANDAREA":0.1459,"PRUID":"48","fed_num":"48015","da_code":"48111138","geo_name":"48111138","name_source":{"label":"Statistics Canada Census Profile 2021 DA WDS","url":"https://www12.statcan.gc.ca/wds-sdw/2021profile-profil2021-eng.cfm"},"population":600,"status":"ok","source":{"label":"Statistics Canada Census Profile 2021 DA WDS","url":"https://www12.statcan.gc.ca/wds-sdw/2021profile-profil2021-eng.cfm"},"community_name":"Edmonton","community_source":{"label":"Statistics Canada 2021 census subdivision boundaries (spatial lookup)","url":"https://geo.statcan.gc.ca/geo_wa/rest/services/2021/Cartographic_boundary_files/MapServer/9"},"community_display":"Edmonton","is_unorganized":false,"panel_title":"Edmonton","display_label":"Edmonton","map_label":"48111138"},"geometry":{"type":"MultiPolygon","coordinates":[[[[-113.59741923668754,53.54486028377699],[-113.59739944296278,53.543305268968254],[-113.59916591556266,53.543311786836725],[-113.60094652662686,53.54330008988138],[-113.60092864888512,53.5412864000847],[-113.6027097570013,53.5412835916931],[-113.6026678392253,53.54330759074894],[-113.60268730087695,53.54485359140895],[-113.60269108540284,53.54639107889973],[-113.60098521306273,53.54639217259655],[-113.59920338511913,53.54638597637199],[-113.59742221298114,53.54638876764428],[-113.59741923668754,53.54486028377699]]]]}},{"type":"Feature","properties":{"DGUID":"2021S051248111139","DAUID":"48111139","LANDAREA":0.1354,"PRUID":"48","fed_num":"48015","da_code":"48111139","geo_name":"48111139","name_source":{"label":"Statistics Canada Census Profile 2021 DA WDS","url":"https://www12.statcan.gc.ca/wds-sdw/2021profile-profil2021-eng.cfm"},"population":450,"status":"ok","source":{"label":"Statistics Canada Census Profile 2021 DA WDS","url":"https://www12.statcan.gc.ca/wds-sdw/2021profile-profil2021-eng.cfm"},"community_name":"Edmonton","community_source":{"label":"Statistics Canada 2021 census subdivision boundaries (spatial lookup)","url":"https://geo.statcan.gc.ca/geo_wa/rest/services/2021/Cartographic_boundary_files/MapServer/9"},"community_display":"Edmonton","is_unorganized":false,"panel_title":"Edmonton","display_label":"Edmonton","map_label":"48111139"},"geometry":{"type":"MultiPolygon","coordinates":[[[[-113.59916591556266,53.543311786836725],[-113.59914714701694,53.541280185073404],[-113.59740058574904,53.54128227777528],[-113.59732087611394,53.541283889978715],[-113.59731793873793,53.54024999401915],[-113.59731664648835,53.539242974336005],[-113.5991406389089,53.53924067116377],[-113.60083324311042,53.5392384772253],[-113.6023880388455,53.539240581185034],[-113.60274823315004,53.53920579037519],[-113.60371622067686,53.53923858538105],[-113.6045469175533,53.53924748378753],[-113.60450633853999,53.54128939887392],[-113.6027097570013,53.5412835916931],[-113.60092864888512,53.5412864000847],[-113.60094652662686,53.54330008988138],[-113.59916591556266,53.543311786836725]]]]}},{"type":"Feature","properties":{"DGUID":"2021S051248111140","DAUID":"48111140","LANDAREA":0.1611,"PRUID":"48","fed_num":"48015","da_code":"48111140","geo_name":"48111140","name_source":{"label":"Statistics Canada Census Profile 2021 DA WDS","url":"https://www12.statcan.gc.ca/wds-sdw/2021profile-profil2021-eng.cfm"},"population":623,"status":"ok","source":{"label":"Statistics Canada Census Profile 2021 DA WDS","url":"https://www12.statcan.gc.ca/wds-sdw/2021profile-profil2021-eng.cfm"},"community_name":"Edmonton","community_source":{"label":"Statistics Canada 2021 census subdivision boundaries (spatial lookup)","url":"https://geo.statcan.gc.ca/geo_wa/rest/services/2021/Cartographic_boundary_files/MapServer/9"},"community_display":"Edmonton","is_unorganized":false,"panel_title":"Edmonton","display_label":"Edmonton","map_label":"48111140"},"geometry":{"type":"MultiPolygon","coordinates":[[[[-113.59035486880248,53.53770363950515],[-113.590355655715,53.537469856640456],[-113.59050638368738,53.53746665414589],[-113.5920611601707,53.53746884737905],[-113.59381237395174,53.5374758600617],[-113.59556364150741,53.53748277744614],[-113.59731435956046,53.53748065340451],[-113.59906561605735,53.53748757120996],[-113.60083193705168,53.53749417207953],[-113.60277863375244,53.53748767081063],[-113.60275284896139,53.539034781267965],[-113.60274823315004,53.53920579037519],[-113.6023880388455,53.539240581185034],[-113.60083324311042,53.5392384772253],[-113.5991406389089,53.53924067116377],[-113.59731664648835,53.539242974336005],[-113.59545309657457,53.53924059466512],[-113.59379947908155,53.53923845573239],[-113.59209388807946,53.53923946846168],[-113.5913580802147,53.539300367476045],[-113.59097517577685,53.53920976795473],[-113.59037328232516,53.53924075381327],[-113.59035486880248,53.53770363950515]]]]}},{"type":"Feature","properties":{"DGUID":"2021S051248111141","DAUID":"48111141","LANDAREA":0.2108,"PRUID":"48","fed_num":"48015","da_code":"48111141","geo_name":"48111141","name_source":{"label":"Statistics Canada Census Profile 2021 DA WDS","url":"https://www12.statcan.gc.ca/wds-sdw/2021profile-profil2021-eng.cfm"},"population":506,"status":"ok","source":{"label":"Statistics Canada Census Profile 2021 DA WDS","url":"https://www12.statcan.gc.ca/wds-sdw/2021profile-profil2021-eng.cfm"},"community_name":"Edmonton","community_source":{"label":"Statistics Canada 2021 census subdivision boundaries (spatial lookup)","url":"https://geo.statcan.gc.ca/geo_wa/rest/services/2021/Cartographic_boundary_files/MapServer/9"},"community_display":"Edmonton","is_unorganized":false,"panel_title":"Edmonton","display_label":"Edmonton","map_label":"48111141"},"geometry":{"type":"MultiPolygon","coordinates":[[[[-113.59381725670187,53.53163133728284],[-113.59381065301046,53.53152363188938],[-113.5973288320687,53.53155514106588],[-113.59733431889894,53.53164485439021],[-113.59733243843337,53.53309254533197],[-113.59908343879478,53.5330994449576],[-113.59908652284035,53.534627856552405],[-113.59907624171532,53.536183672951054],[-113.59906561605735,53.53748757120996],[-113.59731435956046,53.53748065340451],[-113.59556364150741,53.53748277744614],[-113.59381237395174,53.5374758600617],[-113.59380815575038,53.53617215830896],[-113.59381866794436,53.534616451734685],[-113.59381466849368,53.53307004982061],[-113.59381725670187,53.53163133728284]]]]}},{"type":"Feature","properties":{"DGUID":"2021S051248111142","DAUID":"48111142","LANDAREA":0.2657,"PRUID":"48","fed_num":"48015","da_code":"48111142","geo_name":"48111142","name_source":{"label":"Statistics Canada Census Profile 2021 DA WDS","url":"https://www12.statcan.gc.ca/wds-sdw/2021profile-profil2021-eng.cfm"},"population":572,"status":"ok","source":{"label":"Statistics Canada Census Profile 2021 DA WDS","url":"https://www12.statcan.gc.ca/wds-sdw/2021profile-profil2021-eng.cfm"},"community_name":"Edmonton","community_source":{"label":"Statistics Canada 2021 census subdivision boundaries (spatial lookup)","url":"https://geo.statcan.gc.ca/geo_wa/rest/services/2021/Cartographic_boundary_files/MapServer/9"},"community_display":"Edmonton","is_unorganized":false,"panel_title":"Edmonton","display_label":"Edmonton","map_label":"48111142"},"geometry":{"type":"MultiPolygon","coordinates":[[[[-113.59733431889894,53.53164485439021],[-113.5973288320687,53.53155514106588],[-113.60197732242808,53.53156186369888],[-113.60214361839101,53.53156726364042],[-113.6027627463842,53.531571758431014],[-113.60277182851635,53.53196715409163],[-113.60279661882052,53.5331085493397],[-113.60279993411021,53.53389967144104],[-113.6029964281112,53.53390445521873],[-113.60597112611123,53.5339294692141],[-113.60595582522178,53.53490985614453],[-113.60595293126511,53.53510775217969],[-113.6059482285659,53.53574364517991],[-113.60594684162085,53.535928745083375],[-113.60593504266485,53.53751786937476],[-113.60436403468626,53.537498268804626],[-113.60291482391966,53.53749378272307],[-113.60277863375244,53.53748767081063],[-113.60083193705168,53.53749417207953],[-113.59906561605735,53.53748757120996],[-113.59907624171532,53.536183672951054],[-113.59908652284035,53.534627856552405],[-113.59908343879478,53.5330994449576],[-113.59733243843337,53.53309254533197],[-113.59733431889894,53.53164485439021]]]]}},{"type":"Feature","properties":{"DGUID":"2021S051248111143","DAUID":"48111143","LANDAREA":0.0664,"PRUID":"48","fed_num":"48015","da_code":"48111143","geo_name":"48111143","name_source":{"label":"Statistics Canada Census Profile 2021 DA WDS","url":"https://www12.statcan.gc.ca/wds-sdw/2021profile-profil2021-eng.cfm"},"population":535,"status":"ok","source":{"label":"Statistics Canada Census Profile 2021 DA WDS","url":"https://www12.statcan.gc.ca/wds-sdw/2021profile-profil2021-eng.cfm"},"community_name":"Edmonton","community_source":{"label":"Statistics Canada 2021 census subdivision boundaries (spatial lookup)","url":"https://geo.statcan.gc.ca/geo_wa/rest/services/2021/Cartographic_boundary_files/MapServer/9"},"community_display":"Edmonton","is_unorganized":false,"panel_title":"Edmonton","display_label":"Edmonton","map_label":"48111143"},"geometry":{"type":"MultiPolygon","coordinates":[[[[-113.60277182851635,53.53196715409163],[-113.6027627463842,53.531571758431014],[-113.60332081575325,53.5315685513356],[-113.60356253996028,53.53157234997747],[-113.60430214137756,53.531574155856575],[-113.60724653126788,53.53159984704783],[-113.60723971483276,53.531734860387125],[-113.60722101673406,53.5321668628868],[-113.60714222058324,53.53235746921481],[-113.60661271358747,53.53282755169638],[-113.60608041189167,53.53325276746392],[-113.60596300207982,53.53355206418108],[-113.60597112611123,53.5339294692141],[-113.6029964281112,53.53390445521873],[-113.60279993411021,53.53389967144104],[-113.60279661882052,53.5331085493397],[-113.60277182851635,53.53196715409163]]]]}},{"type":"Feature","properties":{"DGUID":"2021S051248111144","DAUID":"48111144","LANDAREA":0.2691,"PRUID":"48","fed_num":"48015","da_code":"48111144","geo_name":"48111144","name_source":{"label":"Statistics Canada Census Profile 2021 DA WDS","url":"https://www12.statcan.gc.ca/wds-sdw/2021profile-profil2021-eng.cfm"},"population":1020,"status":"ok","source":{"label":"Statistics Canada Census Profile 2021 DA WDS","url":"https://www12.statcan.gc.ca/wds-sdw/2021profile-profil2021-eng.cfm"},"community_name":"Edmonton","community_source":{"label":"Statistics Canada 2021 census subdivision boundaries (spatial lookup)","url":"https://geo.statcan.gc.ca/geo_wa/rest/services/2021/Cartographic_boundary_files/MapServer/9"},"community_display":"Edmonton","is_unorganized":false,"panel_title":"Edmonton","display_label":"Edmonton","map_label":"48111144"},"geometry":{"type":"MultiPolygon","coordinates":[[[[-113.60275284896139,53.539034781267965],[-113.60277863375244,53.53748767081063],[-113.60291482391966,53.53749378272307],[-113.60436403468626,53.537498268804626],[-113.60593504266485,53.53751786937476],[-113.60594684162085,53.535928745083375],[-113.6059482285659,53.53574364517991],[-113.60595293126511,53.53510775217969],[-113.60595582522178,53.53490985614453],[-113.60597112611123,53.5339294692141],[-113.60596300207982,53.53355206418108],[-113.60608041189167,53.53325276746392],[-113.60661271358747,53.53282755169638],[-113.60714222058324,53.53235746921481],[-113.60722101673406,53.5321668628868],[-113.60723971483276,53.531734860387125],[-113.60724653126788,53.53159984704783],[-113.60855992658998,53.53160714961433],[-113.60876080877941,53.53168375059519],[-113.61058771505677,53.53169776066286],[-113.61059333285657,53.53178756290036],[-113.61060060526448,53.53264156305822],[-113.610600429976,53.53386446797134],[-113.61059112739856,53.53444906205723],[-113.61042110431599,53.53487536328992],[-113.61005163405628,53.53573765906714],[-113.61004942901397,53.53643896739048],[-113.6100264347759,53.53753646626521],[-113.60997046934418,53.537975856655116],[-113.60995521264903,53.53809548278963],[-113.60991483644582,53.5381531485747],[-113.60946964715342,53.53878938032158],[-113.6091590248248,53.53913788197781],[-113.6087904239926,53.53928077005989],[-113.6075516248442,53.53926288870293],[-113.60592203396911,53.539271480772584],[-113.6045469175533,53.53924748378753],[-113.60371622067686,53.53923858538105],[-113.60274823315004,53.53920579037519],[-113.60275284896139,53.539034781267965]]]]}},{"type":"Feature","properties":{"DGUID":"2021S051248111145","DAUID":"48111145","LANDAREA":0.2729,"PRUID":"48","fed_num":"48015","da_code":"48111145","geo_name":"48111145","name_source":{"label":"Statistics Canada Census Profile 2021 DA WDS","url":"https://www12.statcan.gc.ca/wds-sdw/2021profile-profil2021-eng.cfm"},"population":654,"status":"ok","source":{"label":"Statistics Canada Census Profile 2021 DA WDS","url":"https://www12.statcan.gc.ca/wds-sdw/2021profile-profil2021-eng.cfm"},"community_name":"Edmonton","community_source":{"label":"Statistics Canada 2021 census subdivision boundaries (spatial lookup)","url":"https://geo.statcan.gc.ca/geo_wa/rest/services/2021/Cartographic_boundary_files/MapServer/9"},"community_display":"Edmonton","is_unorganized":false,"panel_title":"Edmonton","display_label":"Edmonton","map_label":"48111145"},"geometry":{"type":"MultiPolygon","coordinates":[[[[-113.61059333285657,53.53178756290036],[-113.61058771505677,53.53169776066286],[-113.61443861150703,53.53173945311889],[-113.61517772225545,53.53173226854659],[-113.61517461609137,53.532172964932386],[-113.61514493934284,53.533648167400614],[-113.6151014202087,53.53563627568193],[-113.61508515510138,53.53629026017613],[-113.61506675223394,53.53703068840479],[-113.61506646815779,53.537041096147334],[-113.61502354966143,53.538533185006784],[-113.61499405638264,53.53928009075097],[-113.61431465292759,53.53927699012397],[-113.61286535569116,53.53927269410566],[-113.61108443447293,53.53927567386969],[-113.60989192792397,53.5392746752456],[-113.60931854575972,53.53927828745852],[-113.6087904239926,53.53928077005989],[-113.6091590248248,53.53913788197781],[-113.60946964715342,53.53878938032158],[-113.60991483644582,53.5381531485747],[-113.60995521264903,53.53809548278963],[-113.60997046934418,53.537975856655116],[-113.6100264347759,53.53753646626521],[-113.61004942901397,53.53643896739048],[-113.61005163405628,53.53573765906714],[-113.61042110431599,53.53487536328992],[-113.61059112739856,53.53444906205723],[-113.610600429976,53.53386446797134],[-113.61060060526448,53.53264156305822],[-113.61059333285657,53.53178756290036]]]]}},{"type":"Feature","properties":{"DGUID":"2021S051248111157","DAUID":"48111157","LANDAREA":0.7609,"PRUID":"48","fed_num":"48015","da_code":"48111157","geo_name":"48111157","name_source":{"label":"Statistics Canada Census Profile 2021 DA WDS","url":"https://www12.statcan.gc.ca/wds-sdw/2021profile-profil2021-eng.cfm"},"population":927,"status":"ok","source":{"label":"Statistics Canada Census Profile 2021 DA WDS","url":"https://www12.statcan.gc.ca/wds-sdw/2021profile-profil2021-eng.cfm"},"community_name":"Edmonton","community_source":{"label":"Statistics Canada 2021 census subdivision boundaries (spatial lookup)","url":"https://geo.statcan.gc.ca/geo_wa/rest/services/2021/Cartographic_boundary_files/MapServer/9"},"community_display":"Edmonton","is_unorganized":false,"panel_title":"Edmonton","display_label":"Edmonton","map_label":"48111157"},"geometry":{"type":"MultiPolygon","coordinates":[[[[-113.611137031284,53.54846366064505],[-113.6107495269386,53.548301284964936],[-113.60988002570454,53.5493812856088],[-113.60772832729874,53.548762878412866],[-113.60881860707946,53.547345375340555],[-113.60887973130295,53.54711028732262],[-113.60886451178781,53.54637337391853],[-113.6060268023178,53.54638129109557],[-113.60401952271644,53.5463890795286],[-113.60269108540284,53.54639107889973],[-113.60268730087695,53.54485359140895],[-113.6026678392253,53.54330759074894],[-113.6027097570013,53.5412835916931],[-113.60450633853999,53.54128939887392],[-113.6045469175533,53.53924748378753],[-113.60592203396911,53.539271480772584],[-113.6075516248442,53.53926288870293],[-113.6087904239926,53.53928077005989],[-113.60931854575972,53.53927828745852],[-113.60989192792397,53.5392746752456],[-113.61108443447293,53.53927567386969],[-113.61286535569116,53.53927269410566],[-113.61431465292759,53.53927699012397],[-113.61499405638264,53.53928009075097],[-113.61495034976947,53.54077359932834],[-113.61493727043361,53.54129541289901],[-113.6149425408129,53.54187071707444],[-113.61507831334337,53.54260488561603],[-113.61507833359848,53.542605074992856],[-113.61546654042077,53.543513712550464],[-113.61569684133872,53.544066104499905],[-113.61587224402102,53.54495237895601],[-113.61584483523839,53.5452407021392],[-113.61533525016556,53.54701416957927],[-113.61522362474228,53.54789776724792],[-113.6152233235675,53.54862607159775],[-113.61522750438421,53.54918346446916],[-113.61504417114215,53.54917116540023],[-113.61498516460371,53.5491277003578],[-113.61497368605139,53.54892409205547],[-113.61306773019709,53.54892496197611],[-113.61265843173085,53.548897965338504],[-113.61176733705435,53.54864767742499],[-113.61133683331639,53.54852227628267],[-113.611137031284,53.54846366064505]]]]}},{"type":"Feature","properties":{"DGUID":"2021S051248111158","DAUID":"48111158","LANDAREA":0.1436,"PRUID":"48","fed_num":"48015","da_code":"48111158","geo_name":"48111158","name_source":{"label":"Statistics Canada Census Profile 2021 DA WDS","url":"https://www12.statcan.gc.ca/wds-sdw/2021profile-profil2021-eng.cfm"},"population":398,"status":"ok","source":{"label":"Statistics Canada Census Profile 2021 DA WDS","url":"https://www12.statcan.gc.ca/wds-sdw/2021profile-profil2021-eng.cfm"},"community_name":"Edmonton","community_source":{"label":"Statistics Canada 2021 census subdivision boundaries (spatial lookup)","url":"https://geo.statcan.gc.ca/geo_wa/rest/services/2021/Cartographic_boundary_files/MapServer/9"},"community_display":"Edmonton","is_unorganized":false,"panel_title":"Edmonton","display_label":"Edmonton","map_label":"48111158"},"geometry":{"type":"MultiPolygon","coordinates":[[[[-113.60268250527416,53.54871097953518],[-113.60090048819038,53.54870477276194],[-113.60088220459926,53.54741949004875],[-113.60077380179688,53.547376967181094],[-113.59920367486353,53.54737508120225],[-113.59920338511913,53.54638597637199],[-113.60098521306273,53.54639217259655],[-113.60269108540284,53.54639107889973],[-113.60401952271644,53.5463890795286],[-113.6060268023178,53.54638129109557],[-113.60886451178781,53.54637337391853],[-113.60887973130295,53.54711028732262],[-113.60881860707946,53.547345375340555],[-113.60772832729874,53.548762878412866],[-113.60533209818189,53.54809579210161],[-113.60403269509337,53.54807916639006],[-113.60404039730817,53.548942180604044],[-113.60404867830475,53.54981417641924],[-113.60267489199335,53.54981706808814],[-113.60268250527416,53.54871097953518]]]]}},{"type":"Feature","properties":{"DGUID":"2021S051248111159","DAUID":"48111159","LANDAREA":0.315,"PRUID":"48","fed_num":"48015","da_code":"48111159","geo_name":"48111159","name_source":{"label":"Statistics Canada Census Profile 2021 DA WDS","url":"https://www12.statcan.gc.ca/wds-sdw/2021profile-profil2021-eng.cfm"},"population":327,"status":"ok","source":{"label":"Statistics Canada Census Profile 2021 DA WDS","url":"https://www12.statcan.gc.ca/wds-sdw/2021profile-profil2021-eng.cfm"},"community_name":"Edmonton","community_source":{"label":"Statistics Canada 2021 census subdivision boundaries (spatial lookup)","url":"https://geo.statcan.gc.ca/geo_wa/rest/services/2021/Cartographic_boundary_files/MapServer/9"},"community_display":"Edmonton","is_unorganized":false,"panel_title":"Edmonton","display_label":"Edmonton","map_label":"48111159"},"geometry":{"type":"MultiPolygon","coordinates":[[[[-113.6027625996226,53.551244757480426],[-113.6026965748033,53.55066176491567],[-113.60267489199335,53.54981706808814],[-113.60404867830475,53.54981417641924],[-113.60404039730817,53.548942180604044],[-113.60403269509337,53.54807916639006],[-113.60533209818189,53.54809579210161],[-113.60772832729874,53.548762878412866],[-113.60988002570454,53.5493812856088],[-113.6107495269386,53.548301284964936],[-113.611137031284,53.54846366064505],[-113.61133683331639,53.54852227628267],[-113.61176733705435,53.54864767742499],[-113.61265843173085,53.548897965338504],[-113.61306773019709,53.54892496197611],[-113.61497368605139,53.54892409205547],[-113.61498516460371,53.5491277003578],[-113.61504417114215,53.54917116540023],[-113.61522750438421,53.54918346446916],[-113.61522952082595,53.55068495870567],[-113.61522625165142,53.55283396608496],[-113.61523274352524,53.55318447381486],[-113.6152271291885,53.55333747897701],[-113.61462283063271,53.55333266021236],[-113.61397333482032,53.55332886703774],[-113.61371093220728,53.55323576081167],[-113.61272362354646,53.55314047541029],[-113.61170900856531,53.55284786040703],[-113.61064982489104,53.552565374851866],[-113.61010144020909,53.55248737483471],[-113.60901043427907,53.55217855858766],[-113.60850289751639,53.55202776547936],[-113.6083035102461,53.55197818314295],[-113.60776581931837,53.551828076103945],[-113.60610920169555,53.5514056721787],[-113.6027691937585,53.55135255869932],[-113.6027625996226,53.551244757480426]]]]}},{"type":"Feature","properties":{"DGUID":"2021S051248111160","DAUID":"48111160","LANDAREA":0.2287,"PRUID":"48","fed_num":"48015","da_code":"48111160","geo_name":"48111160","name_source":{"label":"Statistics Canada Census Profile 2021 DA WDS","url":"https://www12.statcan.gc.ca/wds-sdw/2021profile-profil2021-eng.cfm"},"population":514,"status":"ok","source":{"label":"Statistics Canada Census Profile 2021 DA WDS","url":"https://www12.statcan.gc.ca/wds-sdw/2021profile-profil2021-eng.cfm"},"community_name":"Edmonton","community_source":{"label":"Statistics Canada 2021 census subdivision boundaries (spatial lookup)","url":"https://geo.statcan.gc.ca/geo_wa/rest/services/2021/Cartographic_boundary_files/MapServer/9"},"community_display":"Edmonton","is_unorganized":false,"panel_title":"Edmonton","display_label":"Edmonton","map_label":"48111160"},"geometry":{"type":"MultiPolygon","coordinates":[[[[-113.5956758879021,53.551893452281824],[-113.59567311455156,53.55135396334982],[-113.6025181676422,53.55135261025511],[-113.6027691937585,53.55135255869932],[-113.60610920169555,53.5514056721787],[-113.60776581931837,53.551828076103945],[-113.6083035102461,53.55197818314295],[-113.60850289751639,53.55202776547936],[-113.60810892126335,53.5524949778987],[-113.60616366137305,53.554918213044985],[-113.60577587701123,53.55540124918072],[-113.60568042566517,53.555236266363536],[-113.605596698554,53.555103273054975],[-113.60569121148666,53.554921374469885],[-113.60567009528984,53.55482295465698],[-113.60566302746437,53.55481905678558],[-113.60546689164441,53.55471045583418],[-113.60494592209439,53.55458696986092],[-113.60359298813097,53.55419385616082],[-113.60216359141411,53.553784363160936],[-113.60162808744181,53.5536701695658],[-113.60117237596798,53.55362616767886],[-113.5987418763292,53.55363407219182],[-113.5956916102968,53.55362834837077],[-113.59568181347272,53.552729452781286],[-113.5956758879021,53.551893452281824]]]]}},{"type":"Feature","properties":{"DGUID":"2021S051248111266","DAUID":"48111266","LANDAREA":0.2184,"PRUID":"48","fed_num":"48015","da_code":"48111266","geo_name":"48111266","name_source":{"label":"Statistics Canada Census Profile 2021 DA WDS","url":"https://www12.statcan.gc.ca/wds-sdw/2021profile-profil2021-eng.cfm"},"population":747,"status":"ok","source":{"label":"Statistics Canada Census Profile 2021 DA WDS","url":"https://www12.statcan.gc.ca/wds-sdw/2021profile-profil2021-eng.cfm"},"community_name":"Edmonton","community_source":{"label":"Statistics Canada 2021 census subdivision boundaries (spatial lookup)","url":"https://geo.statcan.gc.ca/geo_wa/rest/services/2021/Cartographic_boundary_files/MapServer/9"},"community_display":"Edmonton","is_unorganized":false,"panel_title":"Edmonton","display_label":"Edmonton","map_label":"48111266"},"geometry":{"type":"MultiPolygon","coordinates":[[[[-113.57807342407766,53.548704852663924],[-113.57806680457523,53.54859704286527],[-113.57805311579797,53.54638553335986],[-113.57804821608114,53.546304745826966],[-113.57804411646573,53.54400303527971],[-113.57804574386553,53.54328362229742],[-113.57889700143554,53.54331552584968],[-113.57975274723715,53.543317649307824],[-113.58151962549215,53.54331662722586],[-113.58327062732984,53.54331473140162],[-113.58327265526032,53.54483425162876],[-113.58327680938469,53.54638964927393],[-113.58329601222553,53.54794466266203],[-113.58154439153986,53.54793754589253],[-113.58154851735462,53.549492948242516],[-113.5797967174064,53.54948585406393],[-113.57815110927781,53.549485365504225],[-113.57798520087967,53.549488958548615],[-113.57807342407766,53.548704852663924]]]]}},{"type":"Feature","properties":{"DGUID":"2021S051248111268","DAUID":"48111268","LANDAREA":0.2531,"PRUID":"48","fed_num":"48015","da_code":"48111268","geo_name":"48111268","name_source":{"label":"Statistics Canada Census Profile 2021 DA WDS","url":"https://www12.statcan.gc.ca/wds-sdw/2021profile-profil2021-eng.cfm"},"population":649,"status":"ok","source":{"label":"Statistics Canada Census Profile 2021 DA WDS","url":"https://www12.statcan.gc.ca/wds-sdw/2021profile-profil2021-eng.cfm"},"community_name":"Edmonton","community_source":{"label":"Statistics Canada 2021 census subdivision boundaries (spatial lookup)","url":"https://geo.statcan.gc.ca/geo_wa/rest/services/2021/Cartographic_boundary_files/MapServer/9"},"community_display":"Edmonton","is_unorganized":false,"panel_title":"Edmonton","display_label":"Edmonton","map_label":"48111268"},"geometry":{"type":"MultiPolygon","coordinates":[[[[-113.56920325741262,53.54955138133779],[-113.56922050807694,53.54862411045869],[-113.57088062292011,53.548599057007564],[-113.57257151115606,53.54859855960987],[-113.57256832527283,53.546305839323566],[-113.57427360868043,53.54629613430868],[-113.57598002631939,53.54630433970335],[-113.57804821608114,53.546304745826966],[-113.57805311579797,53.54638553335986],[-113.57806680457523,53.54859704286527],[-113.57807342407766,53.548704852663924],[-113.57798520087967,53.549488958548615],[-113.57796660788891,53.55042444489063],[-113.57796809161937,53.550625650154245],[-113.5779707903046,53.55099085683811],[-113.57797739347193,53.55109855979695],[-113.57710230720795,53.5511084440233],[-113.5764377920133,53.5511048695348],[-113.57444141146259,53.55104894286952],[-113.56923079816255,53.55107561772553],[-113.56922461530924,53.55040233200206],[-113.56920325741262,53.54955138133779]]]]}},{"type":"Feature","properties":{"DGUID":"2021S051248111269","DAUID":"48111269","LANDAREA":0.1581,"PRUID":"48","fed_num":"48015","da_code":"48111269","geo_name":"48111269","name_source":{"label":"Statistics Canada Census Profile 2021 DA WDS","url":"https://www12.statcan.gc.ca/wds-sdw/2021profile-profil2021-eng.cfm"},"population":499,"status":"ok","source":{"label":"Statistics Canada Census Profile 2021 DA WDS","url":"https://www12.statcan.gc.ca/wds-sdw/2021profile-profil2021-eng.cfm"},"community_name":"Edmonton","community_source":{"label":"Statistics Canada 2021 census subdivision boundaries (spatial lookup)","url":"https://geo.statcan.gc.ca/geo_wa/rest/services/2021/Cartographic_boundary_files/MapServer/9"},"community_display":"Edmonton","is_unorganized":false,"panel_title":"Edmonton","display_label":"Edmonton","map_label":"48111269"},"geometry":{"type":"MultiPolygon","coordinates":[[[[-113.5630196256988,53.54617835407153],[-113.56301930487302,53.545674850349535],[-113.5657359661656,53.54566155791953],[-113.56574434988723,53.5462997559025],[-113.56743564776141,53.546308364522055],[-113.56915652388305,53.54630736580624],[-113.57086244658026,53.546306653034854],[-113.57256832527283,53.546305839323566],[-113.57257151115606,53.54859855960987],[-113.57088062292011,53.548599057007564],[-113.56922050807694,53.54862411045869],[-113.56751410137446,53.54860803114669],[-113.56572673192166,53.54861824953783],[-113.56577265678739,53.54776465362386],[-113.56302522105123,53.5477696521595],[-113.56302202709433,53.54671776345437],[-113.5630196256988,53.54617835407153]]]]}},{"type":"Feature","properties":{"DGUID":"2021S051248111270","DAUID":"48111270","LANDAREA":0.1499,"PRUID":"48","fed_num":"48015","da_code":"48111270","geo_name":"48111270","name_source":{"label":"Statistics Canada Census Profile 2021 DA WDS","url":"https://www12.statcan.gc.ca/wds-sdw/2021profile-profil2021-eng.cfm"},"population":423,"status":"ok","source":{"label":"Statistics Canada Census Profile 2021 DA WDS","url":"https://www12.statcan.gc.ca/wds-sdw/2021profile-profil2021-eng.cfm"},"community_name":"Edmonton","community_source":{"label":"Statistics Canada 2021 census subdivision boundaries (spatial lookup)","url":"https://geo.statcan.gc.ca/geo_wa/rest/services/2021/Cartographic_boundary_files/MapServer/9"},"community_display":"Edmonton","is_unorganized":false,"panel_title":"Edmonton","display_label":"Edmonton","map_label":"48111270"},"geometry":{"type":"MultiPolygon","coordinates":[[[[-113.56919881670521,53.55173716976913],[-113.56923079816255,53.55107561772553],[-113.57444141146259,53.55104894286952],[-113.5764377920133,53.5511048695348],[-113.57710230720795,53.5511084440233],[-113.57797739347193,53.55109855979695],[-113.57797633524677,53.55152630395346],[-113.57797621196464,53.551575153960215],[-113.57794738737965,53.55259175622792],[-113.57794502347222,53.55354494892147],[-113.57785451160862,53.55354686208187],[-113.5763444088992,53.55354344929469],[-113.57484990294537,53.55354863950402],[-113.57389830000568,53.55354214275617],[-113.57309850887084,53.5535504445196],[-113.57255839922615,53.5536070538457],[-113.57155682228297,53.55357835375227],[-113.57118989424956,53.55354345137842],[-113.57091182903991,53.55334575119411],[-113.57043931910492,53.55302325804819],[-113.56991990590528,53.55267475132302],[-113.56938332162595,53.55229065202362],[-113.56921513407214,53.55200656684757],[-113.56919881670521,53.55173716976913]]]]}},{"type":"Feature","properties":{"DGUID":"2021S051248111271","DAUID":"48111271","LANDAREA":0.3563,"PRUID":"48","fed_num":"48015","da_code":"48111271","geo_name":"48111271","name_source":{"label":"Statistics Canada Census Profile 2021 DA WDS","url":"https://www12.statcan.gc.ca/wds-sdw/2021profile-profil2021-eng.cfm"},"population":469,"status":"ok","source":{"label":"Statistics Canada Census Profile 2021 DA WDS","url":"https://www12.statcan.gc.ca/wds-sdw/2021profile-profil2021-eng.cfm"},"community_name":"Edmonton","community_source":{"label":"Statistics Canada 2021 census subdivision boundaries (spatial lookup)","url":"https://geo.statcan.gc.ca/geo_wa/rest/services/2021/Cartographic_boundary_files/MapServer/9"},"community_display":"Edmonton","is_unorganized":false,"panel_title":"Edmonton","display_label":"Edmonton","map_label":"48111271"},"geometry":{"type":"MultiPolygon","coordinates":[[[[-113.56134110272222,53.55437836109193],[-113.56133541603812,53.552535366019036],[-113.56134554405917,53.552202468952295],[-113.56135493170451,53.5516087585274],[-113.56134552902513,53.550952665147506],[-113.56448003022626,53.550958118586074],[-113.56478734307764,53.551014715355],[-113.56497962073408,53.55107413974585],[-113.56527153788247,53.551210166892176],[-113.56546441350115,53.55134826872835],[-113.56563211025362,53.55147327206639],[-113.56571735024721,53.55157869891141],[-113.5657783497903,53.551709221599175],[-113.56585893386396,53.551934766528944],[-113.56589887637644,53.55166706037055],[-113.56594569509537,53.55156709938807],[-113.5659981663908,53.551485969431305],[-113.56620700463436,53.55133927824602],[-113.56641803479874,53.55119447408899],[-113.56674654827738,53.551133451788814],[-113.56694955269094,53.55111799543013],[-113.56856879098382,53.551109223349705],[-113.56923079816255,53.55107561772553],[-113.56919881670521,53.55173716976913],[-113.56921513407214,53.55200656684757],[-113.56938332162595,53.55229065202362],[-113.56991990590528,53.55267475132302],[-113.57043931910492,53.55302325804819],[-113.57091182903991,53.55334575119411],[-113.57118989424956,53.55354345137842],[-113.57168509602255,53.55389555626569],[-113.57204132745308,53.55429245802098],[-113.5721387162859,53.55490174393782],[-113.57192472065444,53.55535594785523],[-113.57140740543612,53.55578964863192],[-113.57089323072503,53.55602556505297],[-113.57016303104709,53.55618505923437],[-113.5684734103673,53.55621245527085],[-113.56583109920467,53.55621526734242],[-113.56460801153251,53.556214474526314],[-113.56306810243143,53.55622058462606],[-113.56133122822173,53.556212871001016],[-113.56131912246653,53.55576357425945],[-113.56132109942054,53.55529597795654],[-113.56134110272222,53.55437836109193]]]]}},{"type":"Feature","properties":{"DGUID":"2021S051248111272","DAUID":"48111272","LANDAREA":0.1077,"PRUID":"48","fed_num":"48015","da_code":"48111272","geo_name":"48111272","name_source":{"label":"Statistics Canada Census Profile 2021 DA WDS","url":"https://www12.statcan.gc.ca/wds-sdw/2021profile-profil2021-eng.cfm"},"population":364,"status":"ok","source":{"label":"Statistics Canada Census Profile 2021 DA WDS","url":"https://www12.statcan.gc.ca/wds-sdw/2021profile-profil2021-eng.cfm"},"community_name":"Edmonton","community_source":{"label":"Statistics Canada 2021 census subdivision boundaries (spatial lookup)","url":"https://geo.statcan.gc.ca/geo_wa/rest/services/2021/Cartographic_boundary_files/MapServer/9"},"community_display":"Edmonton","is_unorganized":false,"panel_title":"Edmonton","display_label":"Edmonton","map_label":"48111272"},"geometry":{"type":"MultiPolygon","coordinates":[[[[-113.57485379574965,53.55585034408973],[-113.57358599549379,53.55585964444846],[-113.57326082477442,53.55597455360948],[-113.57245922223476,53.55645034722078],[-113.57140740543612,53.55578964863192],[-113.57192472065444,53.55535594785523],[-113.5721387162859,53.55490174393782],[-113.57204132745308,53.55429245802098],[-113.57168509602255,53.55389555626569],[-113.57118989424956,53.55354345137842],[-113.57155682228297,53.55357835375227],[-113.57255839922615,53.5536070538457],[-113.57309850887084,53.5535504445196],[-113.57389830000568,53.55354214275617],[-113.57484990294537,53.55354863950402],[-113.5763444088992,53.55354344929469],[-113.57785451160862,53.55354686208187],[-113.57794502347222,53.55354494892147],[-113.57795142214344,53.55414716224425],[-113.57796420047096,53.55584625813794],[-113.57785863141876,53.55584856110612],[-113.57636352827117,53.555844748147756],[-113.57485379574965,53.55585034408973]]]]}},{"type":"Feature","properties":{"DGUID":"2021S051248111273","DAUID":"48111273","LANDAREA":0.2603,"PRUID":"48","fed_num":"48015","da_code":"48111273","geo_name":"48111273","name_source":{"label":"Statistics Canada Census Profile 2021 DA WDS","url":"https://www12.statcan.gc.ca/wds-sdw/2021profile-profil2021-eng.cfm"},"population":707,"status":"ok","source":{"label":"Statistics Canada Census Profile 2021 DA WDS","url":"https://www12.statcan.gc.ca/wds-sdw/2021profile-profil2021-eng.cfm"},"community_name":"Edmonton","community_source":{"label":"Statistics Canada 2021 census subdivision boundaries (spatial lookup)","url":"https://geo.statcan.gc.ca/geo_wa/rest/services/2021/Cartographic_boundary_files/MapServer/9"},"community_display":"Edmonton","is_unorganized":false,"panel_title":"Edmonton","display_label":"Edmonton","map_label":"48111273"},"geometry":{"type":"MultiPolygon","coordinates":[[[[-113.565695402992,53.55821417881062],[-113.56571590455275,53.5573056665448],[-113.56571929721375,53.55661326315364],[-113.56583109920467,53.55621526734242],[-113.5684734103673,53.55621245527085],[-113.57016303104709,53.55618505923437],[-113.57089323072503,53.55602556505297],[-113.57140740543612,53.55578964863192],[-113.57245922223476,53.55645034722078],[-113.57326082477442,53.55597455360948],[-113.57358599549379,53.55585964444846],[-113.57485379574965,53.55585034408973],[-113.57636352827117,53.555844748147756],[-113.57785863141876,53.55584856110612],[-113.57796420047096,53.55584625813794],[-113.57797221823598,53.55771624571882],[-113.57797293668114,53.55847153674176],[-113.57797800534102,53.558804051912716],[-113.57797173402412,53.55894803618526],[-113.57667250395374,53.55894014292563],[-113.57469358958753,53.55892884008656],[-113.5726242128286,53.558919439804285],[-113.5703134998495,53.55891516491236],[-113.56919642333706,53.558921263290365],[-113.56655390628632,53.55892407335276],[-113.5659199040744,53.5589286703867],[-113.56569312275309,53.55892457883675],[-113.56568548269401,53.55879887043002],[-113.565695402992,53.55821417881062]]]]}},{"type":"Feature","properties":{"DGUID":"2021S051248111275","DAUID":"48111275","LANDAREA":0.1858,"PRUID":"48","fed_num":"48015","da_code":"48111275","geo_name":"48111275","name_source":{"label":"Statistics Canada Census Profile 2021 DA WDS","url":"https://www12.statcan.gc.ca/wds-sdw/2021profile-profil2021-eng.cfm"},"population":397,"status":"ok","source":{"label":"Statistics Canada Census Profile 2021 DA WDS","url":"https://www12.statcan.gc.ca/wds-sdw/2021profile-profil2021-eng.cfm"},"community_name":"Edmonton","community_source":{"label":"Statistics Canada 2021 census subdivision boundaries (spatial lookup)","url":"https://geo.statcan.gc.ca/geo_wa/rest/services/2021/Cartographic_boundary_files/MapServer/9"},"community_display":"Edmonton","is_unorganized":false,"panel_title":"Edmonton","display_label":"Edmonton","map_label":"48111275"},"geometry":{"type":"MultiPolygon","coordinates":[[[[-113.57797221823598,53.55771624571882],[-113.57796420047096,53.55584625813794],[-113.5782059930118,53.55585005005092],[-113.57961013012545,53.555846745690225],[-113.5798368272919,53.5558508503604],[-113.58112033843429,53.555850056290886],[-113.58160393891258,53.55585764985832],[-113.58264561593992,53.555853061960725],[-113.58335825035661,53.55590065664959],[-113.58414621916039,53.555946576782475],[-113.5851129392358,53.55595267458122],[-113.58556593914206,53.555951867715486],[-113.58556415606438,53.55790296601246],[-113.58719502730547,53.55790365414732],[-113.5871991513522,53.558712763332885],[-113.58720735438122,53.55884746780395],[-113.58720103538452,53.558991469903766],[-113.5841648343868,53.55897616121916],[-113.58112854068045,53.55896085230585],[-113.57960431227538,53.55895146125464],[-113.57821302996942,53.5589428641776],[-113.57797173402412,53.55894803618526],[-113.57797800534102,53.558804051912716],[-113.57797293668114,53.55847153674176],[-113.57797221823598,53.55771624571882]]]]}},{"type":"Feature","properties":{"DGUID":"2021S051248111276","DAUID":"48111276","LANDAREA":0.1929,"PRUID":"48","fed_num":"48015","da_code":"48111276","geo_name":"48111276","name_source":{"label":"Statistics Canada Census Profile 2021 DA WDS","url":"https://www12.statcan.gc.ca/wds-sdw/2021profile-profil2021-eng.cfm"},"population":436,"status":"ok","source":{"label":"Statistics Canada Census Profile 2021 DA WDS","url":"https://www12.statcan.gc.ca/wds-sdw/2021profile-profil2021-eng.cfm"},"community_name":"Edmonton","community_source":{"label":"Statistics Canada 2021 census subdivision boundaries (spatial lookup)","url":"https://geo.statcan.gc.ca/geo_wa/rest/services/2021/Cartographic_boundary_files/MapServer/9"},"community_display":"Edmonton","is_unorganized":false,"panel_title":"Edmonton","display_label":"Edmonton","map_label":"48111276"},"geometry":{"type":"MultiPolygon","coordinates":[[[[-113.57796420047096,53.55584625813794],[-113.57795142214344,53.55414716224425],[-113.57794502347222,53.55354494892147],[-113.57794738737965,53.55259175622792],[-113.57818871012955,53.55258654172411],[-113.57981990651842,53.55259636137332],[-113.58157132007294,53.55259446883574],[-113.58332323925917,53.55260156942608],[-113.58508959334263,53.55259935802808],[-113.58684149808572,53.55260645511805],[-113.58685982982513,53.55414356188708],[-113.58509392355312,53.554154767376225],[-113.5851129392358,53.55595267458122],[-113.58414621916039,53.555946576782475],[-113.58335825035661,53.55590065664959],[-113.58264561593992,53.555853061960725],[-113.58160393891258,53.55585764985832],[-113.58112033843429,53.555850056290886],[-113.5798368272919,53.5558508503604],[-113.57961013012545,53.555846745690225],[-113.5782059930118,53.55585005005092],[-113.57796420047096,53.55584625813794]]]]}},{"type":"Feature","properties":{"DGUID":"2021S051248111277","DAUID":"48111277","LANDAREA":0.2474,"PRUID":"48","fed_num":"48015","da_code":"48111277","geo_name":"48111277","name_source":{"label":"Statistics Canada Census Profile 2021 DA WDS","url":"https://www12.statcan.gc.ca/wds-sdw/2021profile-profil2021-eng.cfm"},"population":451,"status":"ok","source":{"label":"Statistics Canada Census Profile 2021 DA WDS","url":"https://www12.statcan.gc.ca/wds-sdw/2021profile-profil2021-eng.cfm"},"community_name":"Edmonton","community_source":{"label":"Statistics Canada 2021 census subdivision boundaries (spatial lookup)","url":"https://geo.statcan.gc.ca/geo_wa/rest/services/2021/Cartographic_boundary_files/MapServer/9"},"community_display":"Edmonton","is_unorganized":false,"panel_title":"Edmonton","display_label":"Edmonton","map_label":"48111277"},"geometry":{"type":"MultiPolygon","coordinates":[[[[-113.5851129392358,53.55595267458122],[-113.58509392355312,53.554154767376225],[-113.58685982982513,53.55414356188708],[-113.58684149808572,53.55260645511805],[-113.58682482054945,53.55109625351636],[-113.58859231129408,53.55111196028346],[-113.59037642576084,53.5511541623836],[-113.59041899282649,53.55259185297676],[-113.59042779701542,53.552735558855524],[-113.59043863196491,53.554146941713874],[-113.5904444147865,53.55597207118525],[-113.59045992529016,53.558201545085346],[-113.59045361981099,53.558345546643835],[-113.59045420539412,53.558849060822645],[-113.59044843301498,53.55900205190553],[-113.58973850295224,53.55899945824034],[-113.58720103538452,53.558991469903766],[-113.58720735438122,53.55884746780395],[-113.5871991513522,53.558712763332885],[-113.58719502730547,53.55790365414732],[-113.58556415606438,53.55790296601246],[-113.58556593914206,53.555951867715486],[-113.5851129392358,53.55595267458122]]]]}},{"type":"Feature","properties":{"DGUID":"2021S051248111278","DAUID":"48111278","LANDAREA":0.2024,"PRUID":"48","fed_num":"48015","da_code":"48111278","geo_name":"48111278","name_source":{"label":"Statistics Canada Census Profile 2021 DA WDS","url":"https://www12.statcan.gc.ca/wds-sdw/2021profile-profil2021-eng.cfm"},"population":534,"status":"ok","source":{"label":"Statistics Canada Census Profile 2021 DA WDS","url":"https://www12.statcan.gc.ca/wds-sdw/2021profile-profil2021-eng.cfm"},"community_name":"Edmonton","community_source":{"label":"Statistics Canada 2021 census subdivision boundaries (spatial lookup)","url":"https://geo.statcan.gc.ca/geo_wa/rest/services/2021/Cartographic_boundary_files/MapServer/9"},"community_display":"Edmonton","is_unorganized":false,"panel_title":"Edmonton","display_label":"Edmonton","map_label":"48111278"},"geometry":{"type":"MultiPolygon","coordinates":[[[[-113.57796660788891,53.55042444489063],[-113.57798520087967,53.549488958548615],[-113.57815110927781,53.549485365504225],[-113.5797967174064,53.54948585406393],[-113.58154851735462,53.549492948242516],[-113.58154439153986,53.54793754589253],[-113.58329601222553,53.54794466266203],[-113.58331481082914,53.549490750194025],[-113.58506651817672,53.549497862178825],[-113.58506752067045,53.550999354388765],[-113.58507298417523,53.551089155441126],[-113.58682482054945,53.55109625351636],[-113.58684149808572,53.55260645511805],[-113.58508959334263,53.55259935802808],[-113.58332323925917,53.55260156942608],[-113.58157132007294,53.55259446883574],[-113.57981990651842,53.55259636137332],[-113.57818871012955,53.55258654172411],[-113.57794738737965,53.55259175622792],[-113.57797621196464,53.551575153960215],[-113.57797633524677,53.55152630395346],[-113.57797739347193,53.55109855979695],[-113.5779707903046,53.55099085683811],[-113.57796809161937,53.550625650154245],[-113.57796660788891,53.55042444489063]]]]}},{"type":"Feature","properties":{"DGUID":"2021S051248111279","DAUID":"48111279","LANDAREA":0.516,"PRUID":"48","fed_num":"48015","da_code":"48111279","geo_name":"48111279","name_source":{"label":"Statistics Canada Census Profile 2021 DA WDS","url":"https://www12.statcan.gc.ca/wds-sdw/2021profile-profil2021-eng.cfm"},"population":469,"status":"ok","source":{"label":"Statistics Canada Census Profile 2021 DA WDS","url":"https://www12.statcan.gc.ca/wds-sdw/2021profile-profil2021-eng.cfm"},"community_name":"Edmonton","community_source":{"label":"Statistics Canada 2021 census subdivision boundaries (spatial lookup)","url":"https://geo.statcan.gc.ca/geo_wa/rest/services/2021/Cartographic_boundary_files/MapServer/9"},"community_display":"Edmonton","is_unorganized":false,"panel_title":"Edmonton","display_label":"Edmonton","map_label":"48111279"},"geometry":{"type":"MultiPolygon","coordinates":[[[[-113.55610484140556,53.53284817135808],[-113.55621831368913,53.53097997635835],[-113.55611832369381,53.53046447939091],[-113.55560745678405,53.52926048187551],[-113.55559941739182,53.52924932100375],[-113.55839794603862,53.52877068037812],[-113.55912245046416,53.52881245975454],[-113.5597325474532,53.52891277999948],[-113.56014623271706,53.529067384838676],[-113.56076824189932,53.52941327416709],[-113.56110705553913,53.529514566258094],[-113.56172742885343,53.52960357823487],[-113.56254444185505,53.52982878590168],[-113.56320005887177,53.529892469753186],[-113.56391863337574,53.52985908353662],[-113.56491115875649,53.52938608275403],[-113.56559878971272,53.52929929177881],[-113.5655892587947,53.52964579821047],[-113.56558612186998,53.5298461307677],[-113.56556025810318,53.531488564947956],[-113.56557115394439,53.53196229857565],[-113.56555213834406,53.53364411934924],[-113.56556324803093,53.53432722109051],[-113.56557887009606,53.53575808093097],[-113.56558317778638,53.53615203545064],[-113.5655485384986,53.53757444736933],[-113.56555928274076,53.53775304067143],[-113.56554271397303,53.53797812533541],[-113.56554389499328,53.53803222656828],[-113.56556158488914,53.53881448759655],[-113.56527000011286,53.538764491094334],[-113.56491222824565,53.5387283251639],[-113.564764557634,53.53871341812832],[-113.5646169137381,53.53869847760724],[-113.56446922872692,53.538683545604705],[-113.56432155847462,53.5386686379641],[-113.56417385906427,53.5386536809945],[-113.56402623028697,53.53863876423044],[-113.56387854575543,53.538623831421056],[-113.56373086134379,53.53860889840996],[-113.56358321828746,53.5385939564773],[-113.56343553411574,53.53857902306282],[-113.56328786470222,53.53856411401035],[-113.56314018077018,53.538549180192405],[-113.56299253819365,53.53853423745314],[-113.56284485450153,53.53851930323181],[-113.56269717092943,53.53850436880877],[-113.56254954335049,53.53848945002841],[-113.56240181878265,53.53847452392132],[-113.56225416216826,53.53845955560992],[-113.56210653494894,53.53844463622466],[-113.56195885197647,53.538429700793095],[-113.56181118376122,53.53841478972375],[-113.56166350102852,53.53839985388878],[-113.56151584501448,53.53838488456908],[-113.56136817715874,53.53836997289466],[-113.56122049478597,53.538355036454554],[-113.5609058576891,53.538323208331576],[-113.56062814066573,53.53830191096405],[-113.56047963200409,53.53829049504113],[-113.56033108219889,53.53827908763203],[-113.56018249124992,53.53826768873662],[-113.56003394162903,53.53825628091783],[-113.55988535086432,53.538244881612584],[-113.55973685729937,53.53823348922995],[-113.55958829331912,53.53822205623247],[-113.55943970283087,53.538210656312565],[-113.55943606861888,53.538210401301576],[-113.55929116830617,53.53819927203384],[-113.55914261923812,53.53818786298604],[-113.55899408489744,53.53817647829768],[-113.55864049211958,53.53814931228117],[-113.55840460938899,53.538115459154085],[-113.55825900692096,53.53809457554847],[-113.55811689420129,53.5380741710953],[-113.55811337573647,53.53807364265604],[-113.55796777398596,53.53805275869344],[-113.5578221724001,53.538031874531995],[-113.55767655634459,53.538010965607306],[-113.55753094045399,53.537990056483714],[-113.55738528349227,53.537969155878656],[-113.5572397238012,53.53794826220438],[-113.55709412303885,53.53792737704865],[-113.55694850780743,53.53790646712957],[-113.55680289274089,53.53788555701159],[-113.55665723660316,53.53786465541189],[-113.55651167773566,53.53784376074359],[-113.55636606316358,53.537822850028995],[-113.5562204487563,53.53780193911552],[-113.55607484914702,53.53778105256783],[-113.55592919383335,53.53776014997347],[-113.55585632367095,53.537749666113044],[-113.55578337107777,53.53773919963644],[-113.55563728377622,53.53771819442488],[-113.55538908752122,53.53768251387001],[-113.5543935305107,53.53736839740657],[-113.55419068307177,53.537304239035585],[-113.55396575390358,53.53718445433309],[-113.55385334573364,53.537124577662496],[-113.55362841875329,53.5370047922872],[-113.55351597044118,53.5369449239963],[-113.55340354909826,53.536885022312454],[-113.55317862503509,53.53676523604015],[-113.5530661781812,53.53670536730078],[-113.55295371706123,53.53664547388423],[-113.55284129754138,53.53658557163996],[-113.5527288517811,53.53652570256426],[-113.55261639175505,53.53646580881138],[-113.55250393209367,53.53640591494637],[-113.55229960861432,53.53630511674284],[-113.55288086137261,53.536063390886326],[-113.554018762644,53.535307390082195],[-113.55471373361331,53.534687788447535],[-113.55521362905104,53.53418879492379],[-113.55599343647779,53.53313477537135],[-113.55610484140556,53.53284817135808]]]]}},{"type":"Feature","properties":{"DGUID":"2021S051248111280","DAUID":"48111280","LANDAREA":0.3388,"PRUID":"48","fed_num":"48015","da_code":"48111280","geo_name":"48111280","name_source":{"label":"Statistics Canada Census Profile 2021 DA WDS","url":"https://www12.statcan.gc.ca/wds-sdw/2021profile-profil2021-eng.cfm"},"population":566,"status":"ok","source":{"label":"Statistics Canada Census Profile 2021 DA WDS","url":"https://www12.statcan.gc.ca/wds-sdw/2021profile-profil2021-eng.cfm"},"community_name":"Edmonton","community_source":{"label":"Statistics Canada 2021 census subdivision boundaries (spatial lookup)","url":"https://geo.statcan.gc.ca/geo_wa/rest/services/2021/Cartographic_boundary_files/MapServer/9"},"community_display":"Edmonton","is_unorganized":false,"panel_title":"Edmonton","display_label":"Edmonton","map_label":"48111280"},"geometry":{"type":"MultiPolygon","coordinates":[[[[-113.56557115394439,53.53196229857565],[-113.56556025810318,53.531488564947956],[-113.56575927407347,53.53149658623246],[-113.5674602562599,53.53150820473713],[-113.56930116994104,53.531504603691644],[-113.56929568846468,53.532161017539444],[-113.56947237209123,53.532337115074256],[-113.5708439966555,53.53330561161863],[-113.5711706505111,53.533485357969795],[-113.57118856792667,53.53360202663352],[-113.57108979156453,53.534621923883016],[-113.5710321887362,53.53466821562121],[-113.57102569178427,53.53530682423424],[-113.57055547297138,53.53576641083064],[-113.56963710232577,53.536550432310676],[-113.57107649512005,53.53713993456163],[-113.57215722867396,53.53753921303993],[-113.57275219787566,53.537643306437566],[-113.57274089974585,53.53770652238081],[-113.57274422210945,53.53925293380349],[-113.57275491301593,53.53992703175011],[-113.57312372423038,53.54003601983921],[-113.57449344736027,53.540716822781164],[-113.57551822512778,53.54118920935617],[-113.57553426534759,53.54119002012018],[-113.57400516816848,53.54132366975096],[-113.5739449413748,53.54118543796385],[-113.57390626812214,53.54109628090995],[-113.57353779962035,53.540942796835786],[-113.57341399544603,53.54089123441247],[-113.57329016499928,53.54083970513696],[-113.57316638805011,53.540788109150334],[-113.57304258482846,53.54073654631149],[-113.57291879656945,53.54068500789665],[-113.57268346879806,53.54058697392716],[-113.57254551539394,53.54053605319125],[-113.57242570944503,53.540491970230605],[-113.57229635062384,53.54044440365188],[-113.5721669215846,53.54039679651866],[-113.57203754873137,53.54034920507193],[-113.57190813494942,53.540301622195756],[-113.57177870682956,53.54025401460415],[-113.57164934953946,53.54020644726189],[-113.57151992203242,53.540158839364715],[-113.57139055071086,53.54011124715434],[-113.5712611384606,53.5400636635143],[-113.57113172651664,53.54001607972146],[-113.57100230023539,53.53996847121311],[-113.57087290354777,53.53992091167748],[-113.57074347787943,53.53987330286346],[-113.57061412303914,53.539825734299534],[-113.57032811160934,53.53972055046725],[-113.57006875634441,53.53967121646775],[-113.56992383621709,53.53964364679656],[-113.56977893093125,53.53961610149233],[-113.569634025844,53.5395885559922],[-113.56948910631267,53.53956098573324],[-113.56934420162263,53.53953343984126],[-113.56919928248878,53.53950586919042],[-113.56905443407307,53.539478338747514],[-113.56890951533654,53.53945076770487],[-113.5686196931017,53.539395649594866],[-113.56847478960326,53.53936810252754],[-113.56832987166152,53.53934053070118],[-113.56818496856033,53.53931298324203],[-113.56804006565766,53.53928543558695],[-113.56789514831209,53.53925786317284],[-113.56775024580664,53.539230315125955],[-113.5676053288585,53.53920274231999],[-113.56735056330672,53.53915431326261],[-113.56702582530556,53.539092331840244],[-113.56688092130491,53.539064700206964],[-113.56673604409774,53.5390370350933],[-113.56659123718147,53.53900940984932],[-113.56654051676266,53.53899972398969],[-113.56644635958982,53.53898174370946],[-113.56630151149712,53.53895412650546],[-113.56615663434127,53.53892645998359],[-113.5660117720436,53.53889881783422],[-113.56586690996375,53.53887117549385],[-113.56572235407269,53.53884357889248],[-113.56569407003943,53.538838192455145],[-113.56564215280495,53.53882828917656],[-113.56556158488914,53.53881448759655],[-113.56554389499328,53.53803222656828],[-113.56554271397303,53.53797812533541],[-113.56555928274076,53.53775304067143],[-113.5655485384986,53.53757444736933],[-113.56558317778638,53.53615203545064],[-113.56557887009606,53.53575808093097],[-113.56556324803093,53.53432722109051],[-113.56555213834406,53.53364411934924],[-113.56557115394439,53.53196229857565]]]]}},{"type":"Feature","properties":{"DGUID":"2021S051248111281","DAUID":"48111281","LANDAREA":0.2355,"PRUID":"48","fed_num":"48015","da_code":"48111281","geo_name":"48111281","name_source":{"label":"Statistics Canada Census Profile 2021 DA WDS","url":"https://www12.statcan.gc.ca/wds-sdw/2021profile-profil2021-eng.cfm"},"population":448,"status":"ok","source":{"label":"Statistics Canada Census Profile 2021 DA WDS","url":"https://www12.statcan.gc.ca/wds-sdw/2021profile-profil2021-eng.cfm"},"community_name":"Edmonton","community_source":{"label":"Statistics Canada 2021 census subdivision boundaries (spatial lookup)","url":"https://geo.statcan.gc.ca/geo_wa/rest/services/2021/Cartographic_boundary_files/MapServer/9"},"community_display":"Edmonton","is_unorganized":false,"panel_title":"Edmonton","display_label":"Edmonton","map_label":"48111281"},"geometry":{"type":"MultiPolygon","coordinates":[[[[-113.5655892587947,53.52964579821047],[-113.56559878971272,53.52929929177881],[-113.56581293866176,53.52927227406123],[-113.56690246845172,53.52899147987953],[-113.56779695260362,53.52892657588167],[-113.5684979688756,53.528953460454915],[-113.56927246561166,53.529157773190484],[-113.5715141867208,53.53014706887995],[-113.57206280316058,53.53031557636459],[-113.57271582722912,53.53037939667189],[-113.57271669074726,53.53083770520424],[-113.57270920668353,53.53096370336516],[-113.57271179803035,53.531503105713924],[-113.5727186108995,53.532114389200636],[-113.57258430437867,53.53238699055448],[-113.57281518063458,53.532462996324455],[-113.57277908217075,53.5346037085109],[-113.57454480328191,53.534601600774096],[-113.57450103040753,53.535870307458644],[-113.57299681756706,53.537197526758476],[-113.57275219787566,53.537643306437566],[-113.57215722867396,53.53753921303993],[-113.57107649512005,53.53713993456163],[-113.56963710232577,53.536550432310676],[-113.57055547297138,53.53576641083064],[-113.57102569178427,53.53530682423424],[-113.5710321887362,53.53466821562121],[-113.57108979156453,53.534621923883016],[-113.57118856792667,53.53360202663352],[-113.5711706505111,53.533485357969795],[-113.5708439966555,53.53330561161863],[-113.56947237209123,53.532337115074256],[-113.56929568846468,53.532161017539444],[-113.56930116994104,53.531504603691644],[-113.5674602562599,53.53150820473713],[-113.56575927407347,53.53149658623246],[-113.56556025810318,53.531488564947956],[-113.56558612186998,53.5298461307677],[-113.5655892587947,53.52964579821047]]]]}},{"type":"Feature","properties":{"DGUID":"2021S051248111287","DAUID":"48111287","LANDAREA":0.4024,"PRUID":"48","fed_num":"48015","da_code":"48111287","geo_name":"48111287","name_source":{"label":"Statistics Canada Census Profile 2021 DA WDS","url":"https://www12.statcan.gc.ca/wds-sdw/2021profile-profil2021-eng.cfm"},"population":712,"status":"ok","source":{"label":"Statistics Canada Census Profile 2021 DA WDS","url":"https://www12.statcan.gc.ca/wds-sdw/2021profile-profil2021-eng.cfm"},"community_name":"Edmonton","community_source":{"label":"Statistics Canada 2021 census subdivision boundaries (spatial lookup)","url":"https://geo.statcan.gc.ca/geo_wa/rest/services/2021/Cartographic_boundary_files/MapServer/9"},"community_display":"Edmonton","is_unorganized":false,"panel_title":"Edmonton","display_label":"Edmonton","map_label":"48111287"},"geometry":{"type":"MultiPolygon","coordinates":[[[[-113.50945739189773,53.53409823028687],[-113.50901636011719,53.53412505481668],[-113.50865884106715,53.53420455142761],[-113.50824203724997,53.534303158298705],[-113.5084135503995,53.53415854049913],[-113.50855735369974,53.53404094662495],[-113.50867385835086,53.53392615135226],[-113.50877154529658,53.53381944462182],[-113.50884773522395,53.53372365896448],[-113.50890375673843,53.53364235766226],[-113.50928333484603,53.53277086058678],[-113.50946736134213,53.53259694556983],[-113.50964673920204,53.532488546514685],[-113.50965213331492,53.53248223813003],[-113.50974853005016,53.5323698572582],[-113.50981184508252,53.53226514536848],[-113.51010283328522,53.53182755519587],[-113.51136063812552,53.529684595282625],[-113.51438172784158,53.52970381725553],[-113.5174314266692,53.529876548903374],[-113.51754053877087,53.529882723795986],[-113.52159666853069,53.530303803929115],[-113.52130873262458,53.532164835764334],[-113.52124298025673,53.532599191192006],[-113.52135280121263,53.53734528955966],[-113.51947502502472,53.53768138673161],[-113.51883569090249,53.53726448589828],[-113.51753235544761,53.5372458988798],[-113.51585802656962,53.5372630911257],[-113.51395542379586,53.53724918838978],[-113.51400694179141,53.536591690214344],[-113.51394072925035,53.53572996432666],[-113.51377175238805,53.535679476769175],[-113.51215634580504,53.53566857150092],[-113.51213473663992,53.53441412066787],[-113.51213154893048,53.534230471346554],[-113.51197333177363,53.534107949926074],[-113.5118199261966,53.534066149791606],[-113.51025076765792,53.53407215780573],[-113.50991865626851,53.53407015023385],[-113.50945739189773,53.53409823028687]]]]}},{"type":"Feature","properties":{"DGUID":"2021S051248111536","DAUID":"48111536","LANDAREA":0.8753,"PRUID":"48","fed_num":"48015","da_code":"48111536","geo_name":"48111536","name_source":{"label":"Statistics Canada Census Profile 2021 DA WDS","url":"https://www12.statcan.gc.ca/wds-sdw/2021profile-profil2021-eng.cfm"},"population":1384,"status":"ok","source":{"label":"Statistics Canada Census Profile 2021 DA WDS","url":"https://www12.statcan.gc.ca/wds-sdw/2021profile-profil2021-eng.cfm"},"community_name":"Edmonton","community_source":{"label":"Statistics Canada 2021 census subdivision boundaries (spatial lookup)","url":"https://geo.statcan.gc.ca/geo_wa/rest/services/2021/Cartographic_boundary_files/MapServer/9"},"community_display":"Edmonton","is_unorganized":false,"panel_title":"Edmonton","display_label":"Edmonton","map_label":"48111536"},"geometry":{"type":"MultiPolygon","coordinates":[[[[-113.52130873262458,53.532164835764334],[-113.52159666853069,53.530303803929115],[-113.52253245979695,53.530400922293616],[-113.52295777320676,53.53042012703239],[-113.52370273439486,53.530534730484916],[-113.52433926164866,53.530592552278],[-113.52588783655311,53.53090644409194],[-113.52814913404,53.5314929369712],[-113.52959955895736,53.531833844367355],[-113.53081745742116,53.53221473878425],[-113.53138284736879,53.53239155266587],[-113.53387895871452,53.53341224744426],[-113.53618895591451,53.53447576363711],[-113.53698826200417,53.53466626732151],[-113.53740626315968,53.53482966941914],[-113.53795774606533,53.53513116702482],[-113.538702847642,53.535436071586744],[-113.53915024708675,53.53568947347142],[-113.5393335443892,53.53579956958742],[-113.53946799960637,53.53584561729949],[-113.53962240712417,53.53589851258129],[-113.5380604788269,53.53793794900074],[-113.53801344434932,53.53799940429552],[-113.53798814487894,53.53803240271296],[-113.53791211866037,53.53813695592286],[-113.53745143785888,53.53854498241791],[-113.53740236117015,53.53888460926259],[-113.53741954395657,53.53917191300381],[-113.53748052291655,53.53944855746082],[-113.53762078195152,53.53962314294555],[-113.53780183036528,53.539767349660686],[-113.53791515424227,53.5398582971235],[-113.5380676103113,53.53995508451155],[-113.53828305780549,53.54006940438198],[-113.53855665106896,53.54017423730413],[-113.53893443588886,53.54027260732384],[-113.53980656420718,53.540469921165005],[-113.5401175109122,53.54052891879076],[-113.54054933384604,53.54068318560977],[-113.54079477844537,53.54081854657204],[-113.54099368297729,53.540988268151764],[-113.54116279190418,53.54118577178358],[-113.5412459594168,53.541386078837604],[-113.54126924813524,53.54153766489771],[-113.5412584119841,53.54172715705219],[-113.54120606618251,53.54191617997284],[-113.54109144223553,53.54207850436462],[-113.5408983092985,53.54228194122111],[-113.54065585394368,53.54248044545491],[-113.5404158802814,53.54270909504367],[-113.54033948511515,53.54286638592359],[-113.54031562185627,53.54303556415411],[-113.53951067754964,53.54303990479286],[-113.53931165508648,53.54304291373982],[-113.53767967546669,53.54301461698409],[-113.53591524544825,53.543043107588545],[-113.53411906945837,53.54304522334436],[-113.53233786218135,53.54304702616049],[-113.53090354257877,53.54304141811687],[-113.5307527489125,53.543044628191694],[-113.53075789717441,53.54164586007301],[-113.53075977283908,53.5411383108031],[-113.53083786641561,53.540929903371506],[-113.53077627351104,53.540616640634745],[-113.53077275833326,53.5405987160739],[-113.5306780352483,53.54044778202709],[-113.53058092588016,53.54038850030829],[-113.53043701810668,53.540354418607976],[-113.5280356641956,53.5400092064238],[-113.52679815849673,53.539756612000446],[-113.5249796498712,53.539381402325915],[-113.52400104290054,53.53926702122482],[-113.52315565371461,53.53916821046226],[-113.52223464440677,53.53890889864776],[-113.52140174333498,53.53886360417141],[-113.52135625832511,53.53835200323305],[-113.52135280121263,53.53734528955966],[-113.52124298025673,53.532599191192006],[-113.52130873262458,53.532164835764334]]]]}},{"type":"Feature","properties":{"DGUID":"2021S051248112142","DAUID":"48112142","LANDAREA":1.1584,"PRUID":"48","fed_num":"48015","da_code":"48112142","geo_name":"48112142","name_source":{"label":"Statistics Canada Census Profile 2021 DA WDS","url":"https://www12.statcan.gc.ca/wds-sdw/2021profile-profil2021-eng.cfm"},"population":0,"status":"ok","source":{"label":"Statistics Canada Census Profile 2021 DA WDS","url":"https://www12.statcan.gc.ca/wds-sdw/2021profile-profil2021-eng.cfm"},"community_name":"Edmonton","community_source":{"label":"Statistics Canada 2021 census subdivision boundaries (spatial lookup)","url":"https://geo.statcan.gc.ca/geo_wa/rest/services/2021/Cartographic_boundary_files/MapServer/9"},"community_display":"Edmonton","is_unorganized":false,"panel_title":"Edmonton","display_label":"Edmonton","map_label":"48112142"},"geometry":{"type":"MultiPolygon","coordinates":[[[[-113.56571990066799,53.571089086687074],[-113.56570389587702,53.57032518465265],[-113.56590050421724,53.570329996664945],[-113.5665507710399,53.57034299838237],[-113.57110080075695,53.570398082540706],[-113.57347252133862,53.57040100060071],[-113.57457529767431,53.57040421000553],[-113.5751189948604,53.5704014888577],[-113.57634198129357,53.57039320580028],[-113.57693078704911,53.57038951299921],[-113.57791191213857,53.570377301879404],[-113.5779095959455,53.57083590392911],[-113.57804549929969,53.571579209007226],[-113.57803294395387,53.573065231451444],[-113.57802890787607,53.57353972022256],[-113.57801329071694,53.576758915852],[-113.57802818907597,53.57898840759372],[-113.57804249931938,53.5799681305397],[-113.57788797118185,53.58016031198715],[-113.57789477522516,53.58051981085644],[-113.57789049701202,53.58119420577935],[-113.5778858042315,53.58136522360137],[-113.57789060872703,53.58194051448757],[-113.57788891748174,53.58240812581915],[-113.57787392459001,53.58333075499095],[-113.57787298562961,53.58338852351161],[-113.57788385404017,53.58346108644613],[-113.57788647747857,53.58347848620616],[-113.57787151265285,53.58347974077737],[-113.57779081685845,53.58348653553131],[-113.5775512030379,53.583503353410144],[-113.57706280144119,53.58353275745426],[-113.57658731758245,53.583557243109304],[-113.57594169895741,53.583579345309445],[-113.57523301077859,53.583595243077816],[-113.56725592589187,53.5836078309452],[-113.56727427764302,53.583433521933955],[-113.56738567273301,53.582373316846905],[-113.56747398758067,53.58233551448149],[-113.56753006849704,53.58226230895583],[-113.56753217889687,53.58130021739593],[-113.56579368083385,53.581283600424044],[-113.56580008454966,53.58113959146806],[-113.56580030089228,53.580645104891566],[-113.5657952919378,53.58031249755983],[-113.56580449157721,53.57946709651759],[-113.56580527766742,53.57898159268071],[-113.56581029689427,53.57831610871303],[-113.56580620087587,53.576751701218136],[-113.56581190579996,53.5763469864225],[-113.56582068699677,53.57400009795769],[-113.56582319137893,53.57354148457273],[-113.56581851952399,53.57196819897419],[-113.56581928522644,53.57148259782194],[-113.56571990066799,53.571089086687074]]]]}},{"type":"Feature","properties":{"DGUID":"2021S051248112143","DAUID":"48112143","LANDAREA":1.0326,"PRUID":"48","fed_num":"48015","da_code":"48112143","geo_name":"48112143","name_source":{"label":"Statistics Canada Census Profile 2021 DA WDS","url":"https://www12.statcan.gc.ca/wds-sdw/2021profile-profil2021-eng.cfm"},"population":10,"status":"ok","source":{"label":"Statistics Canada Census Profile 2021 DA WDS","url":"https://www12.statcan.gc.ca/wds-sdw/2021profile-profil2021-eng.cfm"},"community_name":"Edmonton","community_source":{"label":"Statistics Canada 2021 census subdivision boundaries (spatial lookup)","url":"https://geo.statcan.gc.ca/geo_wa/rest/services/2021/Cartographic_boundary_files/MapServer/9"},"community_display":"Edmonton","is_unorganized":false,"panel_title":"Edmonton","display_label":"Edmonton","map_label":"48112143"},"geometry":{"type":"MultiPolygon","coordinates":[[[[-113.56570629380472,53.559391782492774],[-113.56569312275309,53.55892457883675],[-113.5659199040744,53.5589286703867],[-113.56655390628632,53.55892407335276],[-113.56919642333706,53.558921263290365],[-113.5703134998495,53.55891516491236],[-113.5726242128286,53.558919439804285],[-113.57469358958753,53.55892884008656],[-113.57667250395374,53.55894014292563],[-113.57797173402412,53.55894803618526],[-113.57798221131078,53.55937044667496],[-113.5780358278202,53.56025046416099],[-113.57814050331092,53.560481967309435],[-113.57814230667194,53.56076065121505],[-113.57814691122653,53.56232508055737],[-113.57797632133149,53.56249955892181],[-113.57795239470995,53.56285068621284],[-113.57792400267938,53.56313008677224],[-113.57786539516243,53.5639045772991],[-113.57798109885056,53.564315666360244],[-113.57797871071635,53.56526878761843],[-113.57798137536786,53.56779528514802],[-113.57804530668882,53.568845902604615],[-113.57790968401821,53.569100594365324],[-113.57790877915984,53.569828894311634],[-113.57791191213857,53.570377301879404],[-113.57693078704911,53.57038951299921],[-113.57634198129357,53.57039320580028],[-113.5751189948604,53.5704014888577],[-113.57457529767431,53.57040421000553],[-113.57347252133862,53.57040100060071],[-113.57110080075695,53.570398082540706],[-113.5665507710399,53.57034299838237],[-113.56590050421724,53.570329996664945],[-113.56570389587702,53.57032518465265],[-113.56570708870508,53.56938107716792],[-113.565815076334,53.568920204235084],[-113.56579236695826,53.567796794028304],[-113.56578987410951,53.56526128266516],[-113.56578658027333,53.56520737514162],[-113.56579608544834,53.56286947498259],[-113.56580229600584,53.56047768248441],[-113.56572671032211,53.56022758781992],[-113.56570629380472,53.559391782492774]]]]}},{"type":"Feature","properties":{"DGUID":"2021S051248112289","DAUID":"48112289","LANDAREA":0.1141,"PRUID":"48","fed_num":"48015","da_code":"48112289","geo_name":"48112289","name_source":{"label":"Statistics Canada Census Profile 2021 DA WDS","url":"https://www12.statcan.gc.ca/wds-sdw/2021profile-profil2021-eng.cfm"},"population":961,"status":"ok","source":{"label":"Statistics Canada Census Profile 2021 DA WDS","url":"https://www12.statcan.gc.ca/wds-sdw/2021profile-profil2021-eng.cfm"},"community_name":"Edmonton","community_source":{"label":"Statistics Canada 2021 census subdivision boundaries (spatial lookup)","url":"https://geo.statcan.gc.ca/geo_wa/rest/services/2021/Cartographic_boundary_files/MapServer/9"},"community_display":"Edmonton","is_unorganized":false,"panel_title":"Edmonton","display_label":"Edmonton","map_label":"48112289"},"geometry":{"type":"MultiPolygon","coordinates":[[[[-113.49741850531564,53.54092256965769],[-113.49743150899937,53.53883635095888],[-113.49924261586762,53.538834456178265],[-113.49999791640796,53.538845676995656],[-113.50106929578445,53.538841165800996],[-113.50111370929633,53.53908297310284],[-113.50110063919277,53.54090848469995],[-113.50112119431073,53.54304798199161],[-113.500003411433,53.54303537440771],[-113.49932388376192,53.54303158477854],[-113.49918820749923,53.543034494117975],[-113.49742160394433,53.54302638595998],[-113.49741850531564,53.54092256965769]]]]}},{"type":"Feature","properties":{"DGUID":"2021S051248112290","DAUID":"48112290","LANDAREA":0.1326,"PRUID":"48","fed_num":"48015","da_code":"48112290","geo_name":"48112290","name_source":{"label":"Statistics Canada Census Profile 2021 DA WDS","url":"https://www12.statcan.gc.ca/wds-sdw/2021profile-profil2021-eng.cfm"},"population":841,"status":"ok","source":{"label":"Statistics Canada Census Profile 2021 DA WDS","url":"https://www12.statcan.gc.ca/wds-sdw/2021profile-profil2021-eng.cfm"},"community_name":"Edmonton","community_source":{"label":"Statistics Canada 2021 census subdivision boundaries (spatial lookup)","url":"https://geo.statcan.gc.ca/geo_wa/rest/services/2021/Cartographic_boundary_files/MapServer/9"},"community_display":"Edmonton","is_unorganized":false,"panel_title":"Edmonton","display_label":"Edmonton","map_label":"48112290"},"geometry":{"type":"MultiPolygon","coordinates":[[[[-113.49397112945964,53.53941612190594],[-113.49409634543169,53.53937671274732],[-113.49430518922718,53.53934572539158],[-113.49457481171139,53.53928257526312],[-113.49474935800026,53.53921048456672],[-113.49492085030536,53.53910925934337],[-113.4953873091325,53.538726146186264],[-113.49556751197531,53.53845265621044],[-113.49561462184468,53.53822695650926],[-113.49559143248143,53.53740843586812],[-113.49558659893123,53.537238447192024],[-113.49738102026518,53.53720994682838],[-113.49743150899937,53.53883635095888],[-113.49741850531564,53.54092256965769],[-113.49742160394433,53.54302638595998],[-113.4965591098046,53.542990494239504],[-113.4956263993671,53.54304598023876],[-113.49373097718953,53.54315738606573],[-113.49373031274907,53.54211605382309],[-113.49372962771237,53.54108047761086],[-113.49370611979067,53.54093717878668],[-113.4936842891358,53.53979565929477],[-113.49376051363214,53.53955135767786],[-113.49388138494908,53.539463677538144],[-113.49397112945964,53.53941612190594]]]]}},{"type":"Feature","properties":{"DGUID":"2021S051248112291","DAUID":"48112291","LANDAREA":0.024,"PRUID":"48","fed_num":"48015","da_code":"48112291","geo_name":"48112291","name_source":{"label":"Statistics Canada Census Profile 2021 DA WDS","url":"https://www12.statcan.gc.ca/wds-sdw/2021profile-profil2021-eng.cfm"},"population":536,"status":"ok","source":{"label":"Statistics Canada Census Profile 2021 DA WDS","url":"https://www12.statcan.gc.ca/wds-sdw/2021profile-profil2021-eng.cfm"},"community_name":"Edmonton","community_source":{"label":"Statistics Canada 2021 census subdivision boundaries (spatial lookup)","url":"https://geo.statcan.gc.ca/geo_wa/rest/services/2021/Cartographic_boundary_files/MapServer/9"},"community_display":"Edmonton","is_unorganized":false,"panel_title":"Edmonton","display_label":"Edmonton","map_label":"48112291"},"geometry":{"type":"MultiPolygon","coordinates":[[[[-113.49376051363214,53.53955135767786],[-113.49410873047304,53.53879514064788],[-113.49392729213264,53.53863483111358],[-113.49378551196847,53.53843594462073],[-113.49376121879871,53.53802285262621],[-113.49375088162581,53.53759144763086],[-113.49373978389511,53.537402846117146],[-113.49391488556064,53.537300363521155],[-113.49468112470639,53.53723935889239],[-113.49558659893123,53.537238447192024],[-113.49559143248143,53.53740843586812],[-113.49561462184468,53.53822695650926],[-113.49556751197531,53.53845265621044],[-113.4953873091325,53.538726146186264],[-113.49492085030536,53.53910925934337],[-113.49474935800026,53.53921048456672],[-113.49457481171139,53.53928257526312],[-113.49430518922718,53.53934572539158],[-113.49409634543169,53.53937671274732],[-113.49397112945964,53.53941612190594],[-113.49388138494908,53.539463677538144],[-113.49376051363214,53.53955135767786]]]]}},{"type":"Feature","properties":{"DGUID":"2021S051248112292","DAUID":"48112292","LANDAREA":0.0828,"PRUID":"48","fed_num":"48015","da_code":"48112292","geo_name":"48112292","name_source":{"label":"Statistics Canada Census Profile 2021 DA WDS","url":"https://www12.statcan.gc.ca/wds-sdw/2021profile-profil2021-eng.cfm"},"population":453,"status":"ok","source":{"label":"Statistics Canada Census Profile 2021 DA WDS","url":"https://www12.statcan.gc.ca/wds-sdw/2021profile-profil2021-eng.cfm"},"community_name":"Edmonton","community_source":{"label":"Statistics Canada 2021 census subdivision boundaries (spatial lookup)","url":"https://geo.statcan.gc.ca/geo_wa/rest/services/2021/Cartographic_boundary_files/MapServer/9"},"community_display":"Edmonton","is_unorganized":false,"panel_title":"Edmonton","display_label":"Edmonton","map_label":"48112292"},"geometry":{"type":"MultiPolygon","coordinates":[[[[-113.49456306084565,53.53418481149579],[-113.49484499605661,53.53412503057086],[-113.4955659241765,53.53406504027308],[-113.49736117789213,53.534054525666114],[-113.49737098498332,53.534476839555],[-113.49733549251924,53.534900241989085],[-113.49739612498753,53.53515963662521],[-113.49747042062316,53.53565263254158],[-113.49738102026518,53.53720994682838],[-113.49558659893123,53.537238447192024],[-113.49468112470639,53.53723935889239],[-113.49391488556064,53.537300363521155],[-113.49407337636839,53.53674255479301],[-113.49410248956124,53.536640036896415],[-113.49376501594277,53.53654825242886],[-113.49372728126693,53.53564983659127],[-113.49375147610004,53.534777245095924],[-113.49371578309722,53.534427331013575],[-113.49423389999225,53.534254627609776],[-113.49456306084565,53.53418481149579]]]]}},{"type":"Feature","properties":{"DGUID":"2021S051248112294","DAUID":"48112294","LANDAREA":0.2324,"PRUID":"48","fed_num":"48015","da_code":"48112294","geo_name":"48112294","name_source":{"label":"Statistics Canada Census Profile 2021 DA WDS","url":"https://www12.statcan.gc.ca/wds-sdw/2021profile-profil2021-eng.cfm"},"population":513,"status":"ok","source":{"label":"Statistics Canada Census Profile 2021 DA WDS","url":"https://www12.statcan.gc.ca/wds-sdw/2021profile-profil2021-eng.cfm"},"community_name":"Edmonton","community_source":{"label":"Statistics Canada 2021 census subdivision boundaries (spatial lookup)","url":"https://geo.statcan.gc.ca/geo_wa/rest/services/2021/Cartographic_boundary_files/MapServer/9"},"community_display":"Edmonton","is_unorganized":false,"panel_title":"Edmonton","display_label":"Edmonton","map_label":"48112294"},"geometry":{"type":"MultiPolygon","coordinates":[[[[-113.50112119431073,53.54304798199161],[-113.50110063919277,53.54090848469995],[-113.502942009713,53.54090589318128],[-113.50472363243286,53.54091357173793],[-113.50468243255038,53.54302739160193],[-113.50663042908538,53.54304049153535],[-113.50833412522428,53.54300469672219],[-113.50854510539061,53.54300030321479],[-113.50856382516639,53.54459129600798],[-113.50853930091452,53.54621920318147],[-113.5083277085692,53.54621470785565],[-113.50749789725059,53.54622309499627],[-113.50663529479748,53.546187317587254],[-113.5057016146358,53.546224805850244],[-113.50473499106832,53.54621810421007],[-113.50413081193244,53.546212799737496],[-113.50329788169083,53.5461673125325],[-113.50299741457101,53.54619160569228],[-113.50281698768858,53.54620430970382],[-113.5025460944363,53.546218994365915],[-113.50118648320056,53.54620249460404],[-113.50102059658418,53.54620599248386],[-113.5009793068971,53.54499300587609],[-113.50101639225736,53.5447670308709],[-113.5010459117415,53.544587001152806],[-113.50112119431073,53.54304798199161]]]]}},{"type":"Feature","properties":{"DGUID":"2021S051248112295","DAUID":"48112295","LANDAREA":0.0598,"PRUID":"48","fed_num":"48015","da_code":"48112295","geo_name":"48112295","name_source":{"label":"Statistics Canada Census Profile 2021 DA WDS","url":"https://www12.statcan.gc.ca/wds-sdw/2021profile-profil2021-eng.cfm"},"population":465,"status":"ok","source":{"label":"Statistics Canada Census Profile 2021 DA WDS","url":"https://www12.statcan.gc.ca/wds-sdw/2021profile-profil2021-eng.cfm"},"community_name":"Edmonton","community_source":{"label":"Statistics Canada 2021 census subdivision boundaries (spatial lookup)","url":"https://geo.statcan.gc.ca/geo_wa/rest/services/2021/Cartographic_boundary_files/MapServer/9"},"community_display":"Edmonton","is_unorganized":false,"panel_title":"Edmonton","display_label":"Edmonton","map_label":"48112295"},"geometry":{"type":"MultiPolygon","coordinates":[[[[-113.50468243255038,53.54302739160193],[-113.50472363243286,53.54091357173793],[-113.50659512743977,53.54091028958861],[-113.5083621194693,53.540927186417036],[-113.50858882841463,53.540931391256365],[-113.50853415079806,53.5412831941265],[-113.50854510539061,53.54300030321479],[-113.50833412522428,53.54300469672219],[-113.50663042908538,53.54304049153535],[-113.50468243255038,53.54302739160193]]]]}},{"type":"Feature","properties":{"DGUID":"2021S051248112316","DAUID":"48112316","LANDAREA":0.0749,"PRUID":"48","fed_num":"48015","da_code":"48112316","geo_name":"48112316","name_source":{"label":"Statistics Canada Census Profile 2021 DA WDS","url":"https://www12.statcan.gc.ca/wds-sdw/2021profile-profil2021-eng.cfm"},"population":961,"status":"ok","source":{"label":"Statistics Canada Census Profile 2021 DA WDS","url":"https://www12.statcan.gc.ca/wds-sdw/2021profile-profil2021-eng.cfm"},"community_name":"Edmonton","community_source":{"label":"Statistics Canada 2021 census subdivision boundaries (spatial lookup)","url":"https://geo.statcan.gc.ca/geo_wa/rest/services/2021/Cartographic_boundary_files/MapServer/9"},"community_display":"Edmonton","is_unorganized":false,"panel_title":"Edmonton","display_label":"Edmonton","map_label":"48112316"},"geometry":{"type":"MultiPolygon","coordinates":[[[[-113.51026364079239,53.5411749980675],[-113.51024873278706,53.5409235018265],[-113.5121202315116,53.54092020650304],[-113.51212334521851,53.54110857556781],[-113.51212641548632,53.54129421639268],[-113.51212858618128,53.5414260988659],[-113.51213161143406,53.54160807169436],[-113.51215531124673,53.54304130962809],[-113.51212669789093,53.54459740873125],[-113.51211768636114,53.54597321082454],[-113.51212939181039,53.546170802693695],[-113.51213340104671,53.54629773597985],[-113.51143484175867,53.54629865993734],[-113.51024999770083,53.546300196910316],[-113.51024260048212,53.54617450461963],[-113.51025590566984,53.54563470779097],[-113.51022728336676,53.54461730993193],[-113.51024738726318,53.5427147543505],[-113.51026364079239,53.5411749980675]]]]}},{"type":"Feature","properties":{"DGUID":"2021S051248112317","DAUID":"48112317","LANDAREA":0.0709,"PRUID":"48","fed_num":"48015","da_code":"48112317","geo_name":"48112317","name_source":{"label":"Statistics Canada Census Profile 2021 DA WDS","url":"https://www12.statcan.gc.ca/wds-sdw/2021profile-profil2021-eng.cfm"},"population":632,"status":"ok","source":{"label":"Statistics Canada Census Profile 2021 DA WDS","url":"https://www12.statcan.gc.ca/wds-sdw/2021profile-profil2021-eng.cfm"},"community_name":"Edmonton","community_source":{"label":"Statistics Canada 2021 census subdivision boundaries (spatial lookup)","url":"https://geo.statcan.gc.ca/geo_wa/rest/services/2021/Cartographic_boundary_files/MapServer/9"},"community_display":"Edmonton","is_unorganized":false,"panel_title":"Edmonton","display_label":"Edmonton","map_label":"48112317"},"geometry":{"type":"MultiPolygon","coordinates":[[[[-113.51212334521851,53.54110857556781],[-113.5121202315116,53.54092020650304],[-113.51271324469646,53.54092243966089],[-113.513019703389,53.540923585090404],[-113.5139319238129,53.540927004616734],[-113.51392132175769,53.54304020433233],[-113.51392353268376,53.54460461127683],[-113.5139152369683,53.545737712567],[-113.51391059571479,53.54616931603875],[-113.51390301245522,53.54629540476429],[-113.51213340104671,53.54629773597985],[-113.51212939181039,53.546170802693695],[-113.51211768636114,53.54597321082454],[-113.51212669789093,53.54459740873125],[-113.51215531124673,53.54304130962809],[-113.51213161143406,53.54160807169436],[-113.51212858618128,53.5414260988659],[-113.51212641548632,53.54129421639268],[-113.51212334521851,53.54110857556781]]]]}},{"type":"Feature","properties":{"DGUID":"2021S051248112519","DAUID":"48112519","LANDAREA":0.1671,"PRUID":"48","fed_num":"48015","da_code":"48112519","geo_name":"48112519","name_source":{"label":"Statistics Canada Census Profile 2021 DA WDS","url":"https://www12.statcan.gc.ca/wds-sdw/2021profile-profil2021-eng.cfm"},"population":0,"status":"ok","source":{"label":"Statistics Canada Census Profile 2021 DA WDS","url":"https://www12.statcan.gc.ca/wds-sdw/2021profile-profil2021-eng.cfm"},"community_name":"Edmonton","community_source":{"label":"Statistics Canada 2021 census subdivision boundaries (spatial lookup)","url":"https://geo.statcan.gc.ca/geo_wa/rest/services/2021/Cartographic_boundary_files/MapServer/9"},"community_display":"Edmonton","is_unorganized":false,"panel_title":"Edmonton","display_label":"Edmonton","map_label":"48112519"},"geometry":{"type":"MultiPolygon","coordinates":[[[[-113.4855351998989,53.54214126416015],[-113.48792138420936,53.54133747281642],[-113.4884501811554,53.54128717932029],[-113.48860454723511,53.54127511975461],[-113.4888032060033,53.54125956276618],[-113.4891096318474,53.54123562401353],[-113.49029180815377,53.54114316831073],[-113.49042045125216,53.54185775618062],[-113.4904934053617,53.54226288767117],[-113.49069288807742,53.543346671239824],[-113.49089458827687,53.544466378160465],[-113.49112157352467,53.54550459210735],[-113.49109989685398,53.54564889441449],[-113.49114397059013,53.54614248184544],[-113.49118308869818,53.54629449236995],[-113.48948197007091,53.5463748906144],[-113.4886267772464,53.546464702044524],[-113.4873286655469,53.54672540314148],[-113.4872932936061,53.54663627861358],[-113.48723956378615,53.54649348516295],[-113.48695729903234,53.545798091379865],[-113.48660509955961,53.544942281249405],[-113.48624875997461,53.54401457858962],[-113.48591178123144,53.54315847424541],[-113.48580397396721,53.54286398078692],[-113.48531280534775,53.542208868957324],[-113.4855351998989,53.54214126416015]]]]}},{"type":"Feature","properties":{"DGUID":"2021S051248112522","DAUID":"48112522","LANDAREA":0.1706,"PRUID":"48","fed_num":"48015","da_code":"48112522","geo_name":"48112522","name_source":{"label":"Statistics Canada Census Profile 2021 DA WDS","url":"https://www12.statcan.gc.ca/wds-sdw/2021profile-profil2021-eng.cfm"},"population":45,"status":"ok","source":{"label":"Statistics Canada Census Profile 2021 DA WDS","url":"https://www12.statcan.gc.ca/wds-sdw/2021profile-profil2021-eng.cfm"},"community_name":"Edmonton","community_source":{"label":"Statistics Canada 2021 census subdivision boundaries (spatial lookup)","url":"https://geo.statcan.gc.ca/geo_wa/rest/services/2021/Cartographic_boundary_files/MapServer/9"},"community_display":"Edmonton","is_unorganized":false,"panel_title":"Edmonton","display_label":"Edmonton","map_label":"48112522"},"geometry":{"type":"MultiPolygon","coordinates":[[[[-113.489414056567,53.54856120110555],[-113.48815588520043,53.54873120551725],[-113.48839964878412,53.54928359375781],[-113.48505096651668,53.549847793786824],[-113.48497183550147,53.5496953626693],[-113.48488132370544,53.54952102578633],[-113.48473366540492,53.54923651961352],[-113.48466685942438,53.54910781434569],[-113.48461774462119,53.54901320593152],[-113.48458033462153,53.54894112635742],[-113.48418296549964,53.54817549418673],[-113.48376745338916,53.54726698821853],[-113.48680087747239,53.546736396155914],[-113.4873286655469,53.54672540314148],[-113.4886267772464,53.546464702044524],[-113.48948197007091,53.5463748906144],[-113.49118308869818,53.54629449236995],[-113.49130368727742,53.54629197960054],[-113.49275066126671,53.546252790164935],[-113.49370107462279,53.546242001798355],[-113.49370333095722,53.546479888408584],[-113.49371122776859,53.547321050236725],[-113.49371547789335,53.54777019895961],[-113.49372355304529,53.54867809894926],[-113.49274175872553,53.548734719979755],[-113.49176754793245,53.54879089511078],[-113.49168035882411,53.548334005997184],[-113.49154307831613,53.54831000539659],[-113.489414056567,53.54856120110555]]]]}},{"type":"Feature","properties":{"DGUID":"2021S051248112523","DAUID":"48112523","LANDAREA":0.2892,"PRUID":"48","fed_num":"48015","da_code":"48112523","geo_name":"48112523","name_source":{"label":"Statistics Canada Census Profile 2021 DA WDS","url":"https://www12.statcan.gc.ca/wds-sdw/2021profile-profil2021-eng.cfm"},"population":613,"status":"ok","source":{"label":"Statistics Canada Census Profile 2021 DA WDS","url":"https://www12.statcan.gc.ca/wds-sdw/2021profile-profil2021-eng.cfm"},"community_name":"Edmonton","community_source":{"label":"Statistics Canada 2021 census subdivision boundaries (spatial lookup)","url":"https://geo.statcan.gc.ca/geo_wa/rest/services/2021/Cartographic_boundary_files/MapServer/9"},"community_display":"Edmonton","is_unorganized":false,"panel_title":"Edmonton","display_label":"Edmonton","map_label":"48112523"},"geometry":{"type":"MultiPolygon","coordinates":[[[[-113.4884501811554,53.54128717932029],[-113.48792138420936,53.54133747281642],[-113.4855351998989,53.54214126416015],[-113.48531280534775,53.542208868957324],[-113.4849305898296,53.541353674880064],[-113.48480058562681,53.54114577802387],[-113.48423935233242,53.539974741462586],[-113.4837343637252,53.53891232451135],[-113.4837851705539,53.538892831657314],[-113.48410956465126,53.538711236044094],[-113.4850506760037,53.538039106682206],[-113.48562313808391,53.537641744387244],[-113.48798986558616,53.53843455135196],[-113.48806649502973,53.538456367931325],[-113.48831168607944,53.53852304485848],[-113.48870888869094,53.53860466962567],[-113.48881017442918,53.53853066198299],[-113.48898988366172,53.53839854960564],[-113.48943259329627,53.538077155574854],[-113.49012478912603,53.537783952239884],[-113.4910368868862,53.53763904964078],[-113.49130616872455,53.53759754374472],[-113.49190230545132,53.53746814201134],[-113.49370551336686,53.536819138542626],[-113.49386757957961,53.536752857289684],[-113.49410248956124,53.536640036896415],[-113.49407337636839,53.53674255479301],[-113.49391488556064,53.537300363521155],[-113.49373978389511,53.537402846117146],[-113.49375088162581,53.53759144763086],[-113.49376121879871,53.53802285262621],[-113.49378551196847,53.53843594462073],[-113.49392729213264,53.53863483111358],[-113.49410873047304,53.53879514064788],[-113.49376051363214,53.53955135767786],[-113.4936842891358,53.53979565929477],[-113.49370611979067,53.54093717878668],[-113.49372962771237,53.54108047761086],[-113.49373031274907,53.54211605382309],[-113.49373097718953,53.54315738606573],[-113.49370609949777,53.544154777429966],[-113.49370680140653,53.54439207780644],[-113.49270550500073,53.544335792810756],[-113.49188217908652,53.54437789685529],[-113.49089458827687,53.544466378160465],[-113.49069288807742,53.543346671239824],[-113.4904934053617,53.54226288767117],[-113.49042045125216,53.54185775618062],[-113.49029180815377,53.54114316831073],[-113.4891096318474,53.54123562401353],[-113.4888032060033,53.54125956276618],[-113.48860454723511,53.54127511975461],[-113.4884501811554,53.54128717932029]]]]}},{"type":"Feature","properties":{"DGUID":"2021S051248112739","DAUID":"48112739","LANDAREA":2.5478,"PRUID":"48","fed_num":"48015","da_code":"48112739","geo_name":"48112739","name_source":{"label":"Statistics Canada Census Profile 2021 DA WDS","url":"https://www12.statcan.gc.ca/wds-sdw/2021profile-profil2021-eng.cfm"},"population":0,"status":"ok","source":{"label":"Statistics Canada Census Profile 2021 DA WDS","url":"https://www12.statcan.gc.ca/wds-sdw/2021profile-profil2021-eng.cfm"},"community_name":"Edmonton","community_source":{"label":"Statistics Canada 2021 census subdivision boundaries (spatial lookup)","url":"https://geo.statcan.gc.ca/geo_wa/rest/services/2021/Cartographic_boundary_files/MapServer/9"},"community_display":"Edmonton","is_unorganized":false,"panel_title":"Edmonton","display_label":"Edmonton","map_label":"48112739"},"geometry":{"type":"MultiPolygon","coordinates":[[[[-113.50492319691601,53.57673910383608],[-113.5048840922619,53.575310276336374],[-113.5047770883612,53.57503378058589],[-113.50459837413484,53.574821779932364],[-113.50391667438505,53.574278577818625],[-113.50356829601675,53.57400719411898],[-113.50325718320248,53.573600095563904],[-113.50314228801348,53.57318888398603],[-113.5031147820126,53.57195767874924],[-113.50302016200514,53.57143062220789],[-113.5029312020961,53.57116708893919],[-113.50289721134565,53.571001395694445],[-113.50291220173408,53.57082908937125],[-113.5029148031677,53.57036146874729],[-113.50391149839548,53.57035857981472],[-113.50737098412375,53.57036698001409],[-113.50756818252792,53.57038087125688],[-113.51821852465663,53.57038067074306],[-113.5237278817197,53.57173608508967],[-113.52795633926891,53.570068403809444],[-113.529516970952,53.57057669144017],[-113.52974434526047,53.57066891776368],[-113.53091780788708,53.570345869122406],[-113.53091975398395,53.57102243582712],[-113.53094132553764,53.57216834561829],[-113.53090981055983,53.574416960449696],[-113.53092792337188,53.57638586859182],[-113.53093580414254,53.57783035380163],[-113.53093603012927,53.57889935643894],[-113.53093613421329,53.57917554456543],[-113.53093802590432,53.5794823593526],[-113.53094172123207,53.5800691532793],[-113.53094072699403,53.58049785371304],[-113.53094122211304,53.58051085873901],[-113.53094493471049,53.580599186810616],[-113.53094524025924,53.5806066450928],[-113.53095141142668,53.58075333659609],[-113.53095172638905,53.58076065461091],[-113.53095230985973,53.58077294958585],[-113.53098571632265,53.58096544987142],[-113.53099184198975,53.58099524451339],[-113.53101782518713,53.58112354194485],[-113.53111101610817,53.58137155310002],[-113.53123772323107,53.58159155925839],[-113.53139025147699,53.58181004711515],[-113.5315087476373,53.58193744664502],[-113.53166434951706,53.582076656948054],[-113.5317775342383,53.58217063285838],[-113.53186992919196,53.582247337890955],[-113.53216722774384,53.582457141845346],[-113.53238484673905,53.58258833322724],[-113.53257472577282,53.58269323735432],[-113.53268185668135,53.58274824846116],[-113.53278242557595,53.582792944457346],[-113.53289484092049,53.5828354459964],[-113.53316084728395,53.5829229376913],[-113.53356614038827,53.58302375330771],[-113.5340818295149,53.58313604776859],[-113.53430843572698,53.58318734702032],[-113.5350414299246,53.583349746062034],[-113.53543843560163,53.58341883927741],[-113.53573965132561,53.58345813201868],[-113.53576300523093,53.58345964992063],[-113.53573561590021,53.58359484046319],[-113.53221706232034,53.58359994788679],[-113.52969351233841,53.58360384389573],[-113.52737923385037,53.58358814058659],[-113.52704952240292,53.583578149201365],[-113.52661292668948,53.583578248029305],[-113.52656800784754,53.58357743088885],[-113.52626272546549,53.58357185549131],[-113.52592544103916,53.58357653909249],[-113.525632714661,53.58357323744466],[-113.52529273808072,53.58356504553749],[-113.52481034455484,53.58357423978362],[-113.52428521892011,53.58356583541726],[-113.523613036684,53.583526038395746],[-113.52317751851233,53.58349475523803],[-113.52296644540941,53.58348925003319],[-113.52267591711696,53.58348135635955],[-113.52229930372225,53.583480546809156],[-113.52110979470095,53.58347484121199],[-113.51955022141696,53.5834809442598],[-113.51643960518473,53.583483678780034],[-113.51369517407784,53.58348604170202],[-113.50741968604294,53.583484641037444],[-113.50545811663088,53.583486696164556],[-113.50538268862528,53.58144079861646],[-113.50536066422725,53.58132431610526],[-113.50510506538278,53.580835209846775],[-113.50496176181126,53.58019980935108],[-113.50493099223785,53.579678999810696],[-113.50492947778969,53.57761108936725],[-113.50492319691601,53.57673910383608]]]]}},{"type":"Feature","properties":{"DGUID":"2021S051248112740","DAUID":"48112740","LANDAREA":0.549,"PRUID":"48","fed_num":"48015","da_code":"48112740","geo_name":"48112740","name_source":{"label":"Statistics Canada Census Profile 2021 DA WDS","url":"https://www12.statcan.gc.ca/wds-sdw/2021profile-profil2021-eng.cfm"},"population":543,"status":"ok","source":{"label":"Statistics Canada Census Profile 2021 DA WDS","url":"https://www12.statcan.gc.ca/wds-sdw/2021profile-profil2021-eng.cfm"},"community_name":"Edmonton","community_source":{"label":"Statistics Canada 2021 census subdivision boundaries (spatial lookup)","url":"https://geo.statcan.gc.ca/geo_wa/rest/services/2021/Cartographic_boundary_files/MapServer/9"},"community_display":"Edmonton","is_unorganized":false,"panel_title":"Edmonton","display_label":"Edmonton","map_label":"48112740"},"geometry":{"type":"MultiPolygon","coordinates":[[[[-113.49211943066895,53.58122341918463],[-113.49223045080946,53.580286008287246],[-113.49223586493487,53.579863297707035],[-113.49224012082797,53.57942269220774],[-113.49238391775984,53.57941603557401],[-113.49285986699037,53.57942780164779],[-113.49369184524137,53.57944640617663],[-113.4955349661743,53.57944388353727],[-113.49737795090115,53.57944141304603],[-113.49920585392141,53.57943910023133],[-113.49919895314179,53.57829741058867],[-113.49999977326661,53.57829868668979],[-113.50104197595678,53.578294802117775],[-113.50288548510196,53.57830118498239],[-113.50288367043159,53.57673678458042],[-113.50289479632416,53.57513617766619],[-113.50287626553454,53.5735450889564],[-113.50288799975522,53.571953494110964],[-113.501045298432,53.57195607668715],[-113.50000326785457,53.57195987904343],[-113.49920256749733,53.571958578117865],[-113.49919778634941,53.57034027863268],[-113.49999888261739,53.57035058647252],[-113.50104146211577,53.57035567354718],[-113.5029148031677,53.57036146874729],[-113.50291220173408,53.57082908937125],[-113.50289721134565,53.571001395694445],[-113.5029312020961,53.57116708893919],[-113.50302016200514,53.57143062220789],[-113.5031147820126,53.57195767874924],[-113.50314228801348,53.57318888398603],[-113.50325718320248,53.573600095563904],[-113.50356829601675,53.57400719411898],[-113.50391667438505,53.574278577818625],[-113.50459837413484,53.574821779932364],[-113.5047770883612,53.57503378058589],[-113.5048840922619,53.575310276336374],[-113.50492319691601,53.57673910383608],[-113.50492947778969,53.57761108936725],[-113.50493099223785,53.579678999810696],[-113.50496176181126,53.58019980935108],[-113.50510506538278,53.580835209846775],[-113.50536066422725,53.58132431610526],[-113.50538268862528,53.58144079861646],[-113.50545811663088,53.583486696164556],[-113.50294217982271,53.58348924133166],[-113.49693974674256,53.58349401131951],[-113.49466303716345,53.583495741657984],[-113.49325403138602,53.583501562114215],[-113.49287332032176,53.58352244363959],[-113.49248261447919,53.58352103887579],[-113.49236252482922,53.58352414017659],[-113.4921735306425,53.5835290529498],[-113.49204992763151,53.583530543034996],[-113.49203528672504,53.583530693703324],[-113.49203344192084,53.583463723010894],[-113.49199804578069,53.58224190220033],[-113.49200572586513,53.58211590976045],[-113.49206564619254,53.58159321244685],[-113.49207013429093,53.58155159260974],[-113.49208119197037,53.58146755532763],[-113.49209658936105,53.581350169554064],[-113.49209664724495,53.581349797902455],[-113.49210754125706,53.581277602200366],[-113.49211943066895,53.58122341918463]]]]}},{"type":"Feature","properties":{"DGUID":"2021S051248112741","DAUID":"48112741","LANDAREA":1.2561,"PRUID":"48","fed_num":"48015","da_code":"48112741","geo_name":"48112741","name_source":{"label":"Statistics Canada Census Profile 2021 DA WDS","url":"https://www12.statcan.gc.ca/wds-sdw/2021profile-profil2021-eng.cfm"},"population":31,"status":"ok","source":{"label":"Statistics Canada Census Profile 2021 DA WDS","url":"https://www12.statcan.gc.ca/wds-sdw/2021profile-profil2021-eng.cfm"},"community_name":"Edmonton","community_source":{"label":"Statistics Canada 2021 census subdivision boundaries (spatial lookup)","url":"https://geo.statcan.gc.ca/geo_wa/rest/services/2021/Cartographic_boundary_files/MapServer/9"},"community_display":"Edmonton","is_unorganized":false,"panel_title":"Edmonton","display_label":"Edmonton","map_label":"48112741"},"geometry":{"type":"MultiPolygon","coordinates":[[[[-113.529516970952,53.57057669144017],[-113.52795633926891,53.570068403809444],[-113.5237278817197,53.57173608508967],[-113.51821852465663,53.57038067074306],[-113.50756818252792,53.57038087125688],[-113.50737098412375,53.57036698001409],[-113.50391149839548,53.57035857981472],[-113.5029148031677,53.57036146874729],[-113.50292539604713,53.56875187689452],[-113.50292960554918,53.56831118486003],[-113.50283678689739,53.56725217575015],[-113.50285160571343,53.56699106152587],[-113.50287058772211,53.56680187768541],[-113.50290258936727,53.56657646429559],[-113.50292381617614,53.56642316955657],[-113.50304230739717,53.56587226583581],[-113.50287582114836,53.565866777706745],[-113.50288478578229,53.564230170556364],[-113.50288569652112,53.562710657537544],[-113.50291668481374,53.561765688583776],[-113.50282012352838,53.56133127811386],[-113.50271690079988,53.561111299063825],[-113.50261237533834,53.56105742052389],[-113.50310714305786,53.56108500849408],[-113.50301747657579,53.560679230849324],[-113.50299974588634,53.5602384420006],[-113.5030081082458,53.559295425588715],[-113.50299859479178,53.55896182561506],[-113.50316535224763,53.558962742786356],[-113.5038877843514,53.55896734278316],[-113.50444559792274,53.55920735279403],[-113.50448845613079,53.55922530882546],[-113.50625543437735,53.5599653255685],[-113.50762141125048,53.560561467609965],[-113.50836499106819,53.56087845425552],[-113.50856639348697,53.560964171803306],[-113.50892289162715,53.561118571828445],[-113.50985231346802,53.5615125474637],[-113.51070420962704,53.56187234039415],[-113.51121531095635,53.56208634214354],[-113.51219111215362,53.56249743930132],[-113.51296010594105,53.562827553151536],[-113.51738101783195,53.564698958715056],[-113.51956563901588,53.565624076027085],[-113.52105326543209,53.566257965598844],[-113.52359448147746,53.56733726955461],[-113.52629099918414,53.56848519861512],[-113.52647686224735,53.56856220488557],[-113.52847647664616,53.56941900833852],[-113.52892625297115,53.569616290712524],[-113.52982427456314,53.56998390713266],[-113.53045995810042,53.57025820902725],[-113.53091780788708,53.570345869122406],[-113.52974434526047,53.57066891776368],[-113.529516970952,53.57057669144017]]]]}},{"type":"Feature","properties":{"DGUID":"2021S051248112742","DAUID":"48112742","LANDAREA":0.4629,"PRUID":"48","fed_num":"48015","da_code":"48112742","geo_name":"48112742","name_source":{"label":"Statistics Canada Census Profile 2021 DA WDS","url":"https://www12.statcan.gc.ca/wds-sdw/2021profile-profil2021-eng.cfm"},"population":736,"status":"ok","source":{"label":"Statistics Canada Census Profile 2021 DA WDS","url":"https://www12.statcan.gc.ca/wds-sdw/2021profile-profil2021-eng.cfm"},"community_name":"Edmonton","community_source":{"label":"Statistics Canada 2021 census subdivision boundaries (spatial lookup)","url":"https://geo.statcan.gc.ca/geo_wa/rest/services/2021/Cartographic_boundary_files/MapServer/9"},"community_display":"Edmonton","is_unorganized":false,"panel_title":"Edmonton","display_label":"Edmonton","map_label":"48112742"},"geometry":{"type":"MultiPolygon","coordinates":[[[[-113.51774361375138,53.56470035203871],[-113.51755784128493,53.56462334708373],[-113.51738101783195,53.564698958715056],[-113.51296010594105,53.562827553151536],[-113.51219111215362,53.56249743930132],[-113.51121531095635,53.56208634214354],[-113.51070420962704,53.56187234039415],[-113.50985231346802,53.5615125474637],[-113.50892289162715,53.561118571828445],[-113.50856639348697,53.560964171803306],[-113.50836499106819,53.56087845425552],[-113.50762141125048,53.560561467609965],[-113.50625543437735,53.5599653255685],[-113.50448845613079,53.55922530882546],[-113.50444559792274,53.55920735279403],[-113.5038877843514,53.55896734278316],[-113.50426479585686,53.55895945466277],[-113.50476947877023,53.55896243135498],[-113.50660631426408,53.558973247709076],[-113.50838811875265,53.55897185112747],[-113.50855397726609,53.558968358302444],[-113.51021458227075,53.558960559229725],[-113.51211648441081,53.55894754490851],[-113.51577005531016,53.55893362501471],[-113.52126576656288,53.55891673447988],[-113.52125977325981,53.5590697379648],[-113.52126419196574,53.55990582110428],[-113.52133295510784,53.560815778736576],[-113.5233708841351,53.56079644271231],[-113.52354160998475,53.56087384357822],[-113.52354971131508,53.563292163351555],[-113.52139023108978,53.56329286051271],[-113.52067892460606,53.562937649172575],[-113.51994105016479,53.563238747640895],[-113.51805850043851,53.56407243828717],[-113.51791031794498,53.5642023537354],[-113.51770541390385,53.56456626402837],[-113.51774361375138,53.56470035203871]]]]}},{"type":"Feature","properties":{"DGUID":"2021S051248112757","DAUID":"48112757","LANDAREA":0.171,"PRUID":"48","fed_num":"48015","da_code":"48112757","geo_name":"48112757","name_source":{"label":"Statistics Canada Census Profile 2021 DA WDS","url":"https://www12.statcan.gc.ca/wds-sdw/2021profile-profil2021-eng.cfm"},"population":1185,"status":"ok","source":{"label":"Statistics Canada Census Profile 2021 DA WDS","url":"https://www12.statcan.gc.ca/wds-sdw/2021profile-profil2021-eng.cfm"},"community_name":"Edmonton","community_source":{"label":"Statistics Canada 2021 census subdivision boundaries (spatial lookup)","url":"https://geo.statcan.gc.ca/geo_wa/rest/services/2021/Cartographic_boundary_files/MapServer/9"},"community_display":"Edmonton","is_unorganized":false,"panel_title":"Edmonton","display_label":"Edmonton","map_label":"48112757"},"geometry":{"type":"MultiPolygon","coordinates":[[[[-113.49370609949777,53.544154777429966],[-113.49373097718953,53.54315738606573],[-113.4956263993671,53.54304598023876],[-113.4965591098046,53.542990494239504],[-113.49742160394433,53.54302638595998],[-113.49918820749923,53.543034494117975],[-113.49932388376192,53.54303158477854],[-113.500003411433,53.54303537440771],[-113.50112119431073,53.54304798199161],[-113.5010459117415,53.544587001152806],[-113.50101639225736,53.5447670308709],[-113.5009793068971,53.54499300587609],[-113.50102059658418,53.54620599248386],[-113.49999318970882,53.54619148772463],[-113.49920808598729,53.546189890345744],[-113.49745697253032,53.54619059842963],[-113.4962039902955,53.54618980552666],[-113.49534716946238,53.54625259034728],[-113.49370107462279,53.546242001798355],[-113.49370610451727,53.5460710943487],[-113.49369766444656,53.54541488288098],[-113.49370730492016,53.54455158857525],[-113.49370680140653,53.54439207780644],[-113.49370609949777,53.544154777429966]]]]}},{"type":"Feature","properties":{"DGUID":"2021S051248112759","DAUID":"48112759","LANDAREA":0.2356,"PRUID":"48","fed_num":"48015","da_code":"48112759","geo_name":"48112759","name_source":{"label":"Statistics Canada Census Profile 2021 DA WDS","url":"https://www12.statcan.gc.ca/wds-sdw/2021profile-profil2021-eng.cfm"},"population":786,"status":"ok","source":{"label":"Statistics Canada Census Profile 2021 DA WDS","url":"https://www12.statcan.gc.ca/wds-sdw/2021profile-profil2021-eng.cfm"},"community_name":"Edmonton","community_source":{"label":"Statistics Canada 2021 census subdivision boundaries (spatial lookup)","url":"https://geo.statcan.gc.ca/geo_wa/rest/services/2021/Cartographic_boundary_files/MapServer/9"},"community_display":"Edmonton","is_unorganized":false,"panel_title":"Edmonton","display_label":"Edmonton","map_label":"48112759"},"geometry":{"type":"MultiPolygon","coordinates":[[[[-113.49372988786841,53.54981090737808],[-113.49372355304529,53.54867809894926],[-113.49371547789335,53.54777019895961],[-113.49371122776859,53.547321050236725],[-113.49370333095722,53.546479888408584],[-113.49370107462279,53.546242001798355],[-113.49534716946238,53.54625259034728],[-113.4962039902955,53.54618980552666],[-113.49745697253032,53.54619059842963],[-113.49920808598729,53.546189890345744],[-113.49999318970882,53.54619148772463],[-113.50102059658418,53.54620599248386],[-113.50100721083102,53.54697801222255],[-113.5009931580155,53.54778899489591],[-113.50077767343922,53.54778958916594],[-113.50065519348027,53.54784927407016],[-113.5004988336092,53.547933435725106],[-113.50023627670365,53.547983654914724],[-113.49985372273414,53.54804890424309],[-113.49922291151438,53.54813843297397],[-113.49925768352982,53.54984830985995],[-113.49925989788824,53.55142172227557],[-113.49741808681196,53.55142421045734],[-113.49559079045368,53.55141741523774],[-113.49375008407674,53.55143780076511],[-113.49374375462426,53.55093090977755],[-113.49372988786841,53.54981090737808]]]]}},{"type":"Feature","properties":{"DGUID":"2021S051248112760","DAUID":"48112760","LANDAREA":0.0615,"PRUID":"48","fed_num":"48015","da_code":"48112760","geo_name":"48112760","name_source":{"label":"Statistics Canada Census Profile 2021 DA WDS","url":"https://www12.statcan.gc.ca/wds-sdw/2021profile-profil2021-eng.cfm"},"population":326,"status":"ok","source":{"label":"Statistics Canada Census Profile 2021 DA WDS","url":"https://www12.statcan.gc.ca/wds-sdw/2021profile-profil2021-eng.cfm"},"community_name":"Edmonton","community_source":{"label":"Statistics Canada 2021 census subdivision boundaries (spatial lookup)","url":"https://geo.statcan.gc.ca/geo_wa/rest/services/2021/Cartographic_boundary_files/MapServer/9"},"community_display":"Edmonton","is_unorganized":false,"panel_title":"Edmonton","display_label":"Edmonton","map_label":"48112760"},"geometry":{"type":"MultiPolygon","coordinates":[[[[-113.5139152369683,53.545737712567],[-113.51392353268376,53.54460461127683],[-113.5157957143391,53.54461021466245],[-113.51765232667275,53.544607012395836],[-113.51764362556118,53.54573112481934],[-113.51944041766346,53.54573822613257],[-113.52129764627607,53.54574402233102],[-113.52129200101433,53.54615771515365],[-113.52128491600338,53.54629271936893],[-113.52028882600442,53.54629572027679],[-113.519820834315,53.54629661502976],[-113.51764702336969,53.54629750692763],[-113.51713576603619,53.546297229663885],[-113.51682975112494,53.54629707206361],[-113.51390301245522,53.54629540476429],[-113.51391059571479,53.54616931603875],[-113.5139152369683,53.545737712567]]]]}},{"type":"Feature","properties":{"DGUID":"2021S051248112762","DAUID":"48112762","LANDAREA":0.0665,"PRUID":"48","fed_num":"48015","da_code":"48112762","geo_name":"48112762","name_source":{"label":"Statistics Canada Census Profile 2021 DA WDS","url":"https://www12.statcan.gc.ca/wds-sdw/2021profile-profil2021-eng.cfm"},"population":692,"status":"ok","source":{"label":"Statistics Canada Census Profile 2021 DA WDS","url":"https://www12.statcan.gc.ca/wds-sdw/2021profile-profil2021-eng.cfm"},"community_name":"Edmonton","community_source":{"label":"Statistics Canada 2021 census subdivision boundaries (spatial lookup)","url":"https://geo.statcan.gc.ca/geo_wa/rest/services/2021/Cartographic_boundary_files/MapServer/9"},"community_display":"Edmonton","is_unorganized":false,"panel_title":"Edmonton","display_label":"Edmonton","map_label":"48112762"},"geometry":{"type":"MultiPolygon","coordinates":[[[[-113.50853415079806,53.5412831941265],[-113.50858882841463,53.540931391256365],[-113.5094657405172,53.54092722465333],[-113.51024873278706,53.5409235018265],[-113.51026364079239,53.5411749980675],[-113.51024738726318,53.5427147543505],[-113.51022728336676,53.54461730993193],[-113.51025590566984,53.54563470779097],[-113.51024260048212,53.54617450461963],[-113.51024999770083,53.546300196910316],[-113.50987250116174,53.54629910956875],[-113.50948968326367,53.546208308199425],[-113.50853930091452,53.54621920318147],[-113.50856382516639,53.54459129600798],[-113.50854510539061,53.54300030321479],[-113.50853415079806,53.5412831941265]]]]}},{"type":"Feature","properties":{"DGUID":"2021S051248112764","DAUID":"48112764","LANDAREA":0.4017,"PRUID":"48","fed_num":"48015","da_code":"48112764","geo_name":"48112764","name_source":{"label":"Statistics Canada Census Profile 2021 DA WDS","url":"https://www12.statcan.gc.ca/wds-sdw/2021profile-profil2021-eng.cfm"},"population":1541,"status":"ok","source":{"label":"Statistics Canada Census Profile 2021 DA WDS","url":"https://www12.statcan.gc.ca/wds-sdw/2021profile-profil2021-eng.cfm"},"community_name":"Edmonton","community_source":{"label":"Statistics Canada 2021 census subdivision boundaries (spatial lookup)","url":"https://geo.statcan.gc.ca/geo_wa/rest/services/2021/Cartographic_boundary_files/MapServer/9"},"community_display":"Edmonton","is_unorganized":false,"panel_title":"Edmonton","display_label":"Edmonton","map_label":"48112764"},"geometry":{"type":"MultiPolygon","coordinates":[[[[-113.50838009288096,53.55143741343299],[-113.50836037682605,53.549828401867934],[-113.50834327420873,53.548264311372925],[-113.50833264511895,53.54686631864324],[-113.50855374723095,53.54686579565228],[-113.50853930091452,53.54621920318147],[-113.50948968326367,53.546208308199425],[-113.50987250116174,53.54629910956875],[-113.51024999770083,53.546300196910316],[-113.51143484175867,53.54629865993734],[-113.51213340104671,53.54629773597985],[-113.51390301245522,53.54629540476429],[-113.51682975112494,53.54629707206361],[-113.51713576603619,53.546297229663885],[-113.51764702336969,53.54629750692763],[-113.519820834315,53.54629661502976],[-113.52028882600442,53.54629572027679],[-113.52128491600338,53.54629271936893],[-113.52120450834799,53.54671701480103],[-113.52121170333383,53.547346210976556],[-113.52121593982075,53.54774709107007],[-113.52122149910369,53.5482721323299],[-113.52129672512801,53.549790027761965],[-113.52097998799539,53.54979672845975],[-113.51948619700069,53.54981023169309],[-113.5176450042226,53.54982202285421],[-113.5158031885864,53.54982492680374],[-113.51394637481242,53.54982803123807],[-113.51396686247858,53.55144591029673],[-113.51214009169341,53.551448412440735],[-113.51028265571497,53.55144241671831],[-113.50854648955573,53.551442926078046],[-113.50838009288096,53.55143741343299]]]]}},{"type":"Feature","properties":{"DGUID":"2021S051248112848","DAUID":"48112848","LANDAREA":0.2872,"PRUID":"48","fed_num":"48015","da_code":"48112848","geo_name":"48112848","name_source":{"label":"Statistics Canada Census Profile 2021 DA WDS","url":"https://www12.statcan.gc.ca/wds-sdw/2021profile-profil2021-eng.cfm"},"population":1553,"status":"ok","source":{"label":"Statistics Canada Census Profile 2021 DA WDS","url":"https://www12.statcan.gc.ca/wds-sdw/2021profile-profil2021-eng.cfm"},"community_name":"Edmonton","community_source":{"label":"Statistics Canada 2021 census subdivision boundaries (spatial lookup)","url":"https://geo.statcan.gc.ca/geo_wa/rest/services/2021/Cartographic_boundary_files/MapServer/9"},"community_display":"Edmonton","is_unorganized":false,"panel_title":"Edmonton","display_label":"Edmonton","map_label":"48112848"},"geometry":{"type":"MultiPolygon","coordinates":[[[[-113.50110962930366,53.537221961428486],[-113.50109130716828,53.535630834067106],[-113.5029345068761,53.53566424703442],[-113.50359831762933,53.5356593559469],[-113.50402306598139,53.53554065495155],[-113.50616549513343,53.5357733733167],[-113.50829407110103,53.53574798225331],[-113.50853519724888,53.5357451030642],[-113.50856545117267,53.53721855682847],[-113.50852534888335,53.538837780396804],[-113.50858882841463,53.540931391256365],[-113.5083621194693,53.540927186417036],[-113.50659512743977,53.54091028958861],[-113.50472363243286,53.54091357173793],[-113.502942009713,53.54090589318128],[-113.50110063919277,53.54090848469995],[-113.50111370929633,53.53908297310284],[-113.50106929578445,53.538841165800996],[-113.50111920588871,53.538408572109034],[-113.50110962930366,53.537221961428486]]]]}},{"type":"Feature","properties":{"DGUID":"2021S051248112849","DAUID":"48112849","LANDAREA":0.0408,"PRUID":"48","fed_num":"48015","da_code":"48112849","geo_name":"48112849","name_source":{"label":"Statistics Canada Census Profile 2021 DA WDS","url":"https://www12.statcan.gc.ca/wds-sdw/2021profile-profil2021-eng.cfm"},"population":561,"status":"ok","source":{"label":"Statistics Canada Census Profile 2021 DA WDS","url":"https://www12.statcan.gc.ca/wds-sdw/2021profile-profil2021-eng.cfm"},"community_name":"Edmonton","community_source":{"label":"Statistics Canada 2021 census subdivision boundaries (spatial lookup)","url":"https://geo.statcan.gc.ca/geo_wa/rest/services/2021/Cartographic_boundary_files/MapServer/9"},"community_display":"Edmonton","is_unorganized":false,"panel_title":"Edmonton","display_label":"Edmonton","map_label":"48112849"},"geometry":{"type":"MultiPolygon","coordinates":[[[[-113.50856545117267,53.53721855682847],[-113.50853519724888,53.5357451030642],[-113.50912097013526,53.53568712196621],[-113.50936505092305,53.53568226276329],[-113.51025592380742,53.535690465713536],[-113.51031671942913,53.53722667409017],[-113.51029410807315,53.53865425338573],[-113.51029122925502,53.53883669395881],[-113.50979324835117,53.53883816458323],[-113.50912989595531,53.53888316285373],[-113.50902651145188,53.53889017225563],[-113.50852534888335,53.538837780396804],[-113.50856545117267,53.53721855682847]]]]}}]}