{"type":"FeatureCollection","features":[{"type":"Feature","properties":{"DGUID":"2021S051248060551","DAUID":"48060551","LANDAREA":0.3344,"PRUID":"48","fed_num":"48004","da_code":"48060551","geo_name":"48060551","name_source":{"label":"Statistics Canada Census Profile 2021 DA WDS","url":"https://www12.statcan.gc.ca/wds-sdw/2021profile-profil2021-eng.cfm"},"population":516,"status":"ok","source":{"label":"Statistics Canada Census Profile 2021 DA WDS","url":"https://www12.statcan.gc.ca/wds-sdw/2021profile-profil2021-eng.cfm"},"community_name":"Calgary","community_source":{"label":"Statistics Canada 2021 census subdivision boundaries (spatial lookup)","url":"https://geo.statcan.gc.ca/geo_wa/rest/services/2021/Cartographic_boundary_files/MapServer/9"},"community_display":"Calgary","is_unorganized":false,"panel_title":"Calgary","display_label":"Calgary","map_label":"48060551"},"geometry":{"type":"MultiPolygon","coordinates":[[[[-114.08433006357211,50.99981396244979],[-114.08317607211399,50.99980307520171],[-114.08324768410718,50.99775407107832],[-114.08324777140454,50.997070462963556],[-114.08321855352752,50.996196759474344],[-114.08314958011947,50.99597255352367],[-114.08311434674567,50.995861462023115],[-114.08309287723992,50.99550585491944],[-114.08329968331952,50.99550366887158],[-114.08360198651063,50.995514169266244],[-114.0849841741448,50.995521661089896],[-114.0864031727909,50.99539517540414],[-114.08780345210623,50.99534018041087],[-114.08921517838891,50.99533046951331],[-114.09064057610223,50.995329985552026],[-114.09091207544515,50.99531877373989],[-114.09166296889099,50.995391474914165],[-114.09155308358622,50.99532576881897],[-114.09233955924907,50.995057477522984],[-114.09278407972458,50.99501456942547],[-114.0932491699589,50.99509818520651],[-114.09360745952297,50.995295983741464],[-114.09373847132208,50.99547919321264],[-114.09376828286631,50.995686776236454],[-114.09378147711722,50.9970722817645],[-114.09205716662295,50.997065393608615],[-114.09205956246016,50.99793787504455],[-114.09206705410341,50.99804598729182],[-114.09133836148206,50.99807288529874],[-114.09100616752187,50.99837039011908],[-114.09018536112826,50.999186494926406],[-114.08934804642456,51.000038074323484],[-114.0894180836253,51.000057878254964],[-114.09051434505055,51.00053488184746],[-114.09019966360094,51.00077887523095],[-114.08965045437112,51.000900176612134],[-114.08758386096903,51.0008935791605],[-114.08720517298123,51.000794164822764],[-114.08705365892656,51.000709494433565],[-114.08693566547018,51.000544567265116],[-114.08658125440385,51.000059082052616],[-114.08623987849798,50.999591776376285],[-114.08560468195996,50.999719879597066],[-114.08433006357211,50.99981396244979]]]]}},{"type":"Feature","properties":{"DGUID":"2021S051248060552","DAUID":"48060552","LANDAREA":0.9345,"PRUID":"48","fed_num":"48004","da_code":"48060552","geo_name":"48060552","name_source":{"label":"Statistics Canada Census Profile 2021 DA WDS","url":"https://www12.statcan.gc.ca/wds-sdw/2021profile-profil2021-eng.cfm"},"population":450,"status":"ok","source":{"label":"Statistics Canada Census Profile 2021 DA WDS","url":"https://www12.statcan.gc.ca/wds-sdw/2021profile-profil2021-eng.cfm"},"community_name":"Calgary","community_source":{"label":"Statistics Canada 2021 census subdivision boundaries (spatial lookup)","url":"https://geo.statcan.gc.ca/geo_wa/rest/services/2021/Cartographic_boundary_files/MapServer/9"},"community_display":"Calgary","is_unorganized":false,"panel_title":"Calgary","display_label":"Calgary","map_label":"48060552"},"geometry":{"type":"MultiPolygon","coordinates":[[[[-114.08394837809686,51.0088555523244],[-114.08364234623144,51.00872870109733],[-114.08355527793572,51.008753498618844],[-114.08308778348294,51.00870590157158],[-114.08136076300474,51.00873469309168],[-114.0813608684651,51.007826193982986],[-114.08137454707689,51.0069269968734],[-114.08137346510708,51.00603648020332],[-114.08137063816451,51.005172881756565],[-114.08137127681519,51.004255487748274],[-114.08137067152113,51.00335597605827],[-114.08136805219587,51.00271728370548],[-114.08131266074923,51.002463986134025],[-114.08137326730984,51.00195275561165],[-114.081506270772,51.00165027545456],[-114.08165875864788,51.00149216168895],[-114.08206114217508,51.0012143694059],[-114.0828082726822,51.00066637821535],[-114.08299595317003,51.000401273769995],[-114.08313124996563,51.00006288179924],[-114.08317607211399,50.99980307520171],[-114.08433006357211,50.99981396244979],[-114.08560468195996,50.999719879597066],[-114.08623987849798,50.999591776376285],[-114.08658125440385,51.000059082052616],[-114.08693566547018,51.000544567265116],[-114.08705365892656,51.000709494433565],[-114.08720517298123,51.000794164822764],[-114.08758386096903,51.0008935791605],[-114.08965045437112,51.000900176612134],[-114.09019966360094,51.00077887523095],[-114.09051434505055,51.00053488184746],[-114.0894180836253,51.000057878254964],[-114.08934804642456,51.000038074323484],[-114.09018536112826,50.999186494926406],[-114.09100616752187,50.99837039011908],[-114.09133836148206,50.99807288529874],[-114.09206705410341,50.99804598729182],[-114.09205956246016,50.99793787504455],[-114.09205716662295,50.997065393608615],[-114.09378147711722,50.9970722817645],[-114.09376828286631,50.995686776236454],[-114.09373847132208,50.99547919321264],[-114.09360745952297,50.995295983741464],[-114.0932491699589,50.99509818520651],[-114.09278407972458,50.99501456942547],[-114.09233955924907,50.995057477522984],[-114.09155308358622,50.99532576881897],[-114.09124037140984,50.995084086723324],[-114.09111658756869,50.994908081194545],[-114.09110871129043,50.9948982177988],[-114.09103533807364,50.99479531590261],[-114.0916464390878,50.994717579244345],[-114.09226711540646,50.99460451291078],[-114.0928628956137,50.9945932614418],[-114.09329842981491,50.994661892668155],[-114.09375232942845,50.99479670445768],[-114.09409025017824,50.99496655674797],[-114.09430908036325,50.9950997228939],[-114.09495597535455,50.994718260342225],[-114.09491025627634,50.99451887863738],[-114.09490134203905,50.99434666252998],[-114.09489346961533,50.99419491290625],[-114.09524326530395,50.9942218238052],[-114.09575307176341,50.99426099988453],[-114.09612697295132,50.99433236707778],[-114.09716166349347,50.99452988166032],[-114.0975117301569,50.99463506046015],[-114.09787484959598,50.99474417507653],[-114.09761943025735,50.99501139134553],[-114.09745648439656,50.995181863801804],[-114.09710568418411,50.9953546526267],[-114.09691519630009,50.99548665874272],[-114.09669748666036,50.995747262848845],[-114.09630889028335,50.99636346152849],[-114.09617089113509,50.996816951835584],[-114.09605868728787,50.99744544206083],[-114.09607270101394,50.997565961599236],[-114.09623915602593,50.997874650174694],[-114.09634387988358,50.997996364511884],[-114.09683317990957,50.998289456574035],[-114.09708158604377,50.99845897037218],[-114.09710705812114,50.9985108537039],[-114.09722228298901,50.99859256766086],[-114.09775296795517,50.99860265967672],[-114.09786387243179,50.99867575707709],[-114.0978704716506,50.99875026459316],[-114.0977052787463,50.99893424973026],[-114.09710388062062,50.999269769065194],[-114.09686887277769,50.99937255289712],[-114.09680514019466,50.99939412113544],[-114.09640509249698,50.999529461272786],[-114.09559279212557,50.99992514270208],[-114.09471578969996,50.99999332172456],[-114.09463426493497,50.999999649822534],[-114.0942316910668,51.000107886817474],[-114.09413317810638,51.00013436636434],[-114.09298886685785,51.00028205595058],[-114.09277318249292,51.00048534640029],[-114.09273238926296,51.00061653956608],[-114.09272878206004,51.00085414062278],[-114.09303559181451,51.00117346409763],[-114.09319939299104,51.00129305413601],[-114.09413486534973,51.0019444624617],[-114.09438526975295,51.002056750633024],[-114.09471389034711,51.00226736263058],[-114.0949224981188,51.00253946599715],[-114.09510995395163,51.00270444719719],[-114.0956363848929,51.00316775580426],[-114.09624388258894,51.00385487524661],[-114.09676659212485,51.004368881601096],[-114.09690988140727,51.004691584518966],[-114.09691346481341,51.00485206531947],[-114.0970045775543,51.00497647575511],[-114.09700196763853,51.00518546726128],[-114.0966375109071,51.005759079858926],[-114.09613607773481,51.00608447631198],[-114.0957586754132,51.006233979278306],[-114.09537058681674,51.00630038382598],[-114.09504348800172,51.006307357565404],[-114.09446179277123,51.00619347148542],[-114.09346057893694,51.005867663733284],[-114.09295069245063,51.00577765668707],[-114.09269938806715,51.005694065039094],[-114.09186047380234,51.005668268020266],[-114.09128628781701,51.00560036013628],[-114.09085467731907,51.005608768162546],[-114.09049398051407,51.00566976546637],[-114.09027366769217,51.005741170327475],[-114.08965077668704,51.00603336997764],[-114.08911638347922,51.00626094664306],[-114.08812337801172,51.00662545582955],[-114.0870734749326,51.00705795955239],[-114.08674989714737,51.00722536484895],[-114.08615577899442,51.00760676791709],[-114.08596538938858,51.0078618482841],[-114.08581028507659,51.00828077135365],[-114.08584539752877,51.00884266500192],[-114.08586570219886,51.00889196643278],[-114.08558278713362,51.00886881603178],[-114.0853556523514,51.00887703932864],[-114.0847677974456,51.008902043784026],[-114.08438462100494,51.00887962666279],[-114.08394837809686,51.0088555523244]]]]}},{"type":"Feature","properties":{"DGUID":"2021S051248060553","DAUID":"48060553","LANDAREA":0.2557,"PRUID":"48","fed_num":"48004","da_code":"48060553","geo_name":"48060553","name_source":{"label":"Statistics Canada Census Profile 2021 DA WDS","url":"https://www12.statcan.gc.ca/wds-sdw/2021profile-profil2021-eng.cfm"},"population":544,"status":"ok","source":{"label":"Statistics Canada Census Profile 2021 DA WDS","url":"https://www12.statcan.gc.ca/wds-sdw/2021profile-profil2021-eng.cfm"},"community_name":"Calgary","community_source":{"label":"Statistics Canada 2021 census subdivision boundaries (spatial lookup)","url":"https://geo.statcan.gc.ca/geo_wa/rest/services/2021/Cartographic_boundary_files/MapServer/9"},"community_display":"Calgary","is_unorganized":false,"panel_title":"Calgary","display_label":"Calgary","map_label":"48060553"},"geometry":{"type":"MultiPolygon","coordinates":[[[[-114.07649575597355,50.99700044577993],[-114.07651317338166,50.99649715473094],[-114.07650185430705,50.995543440522674],[-114.07811646433105,50.99615965648134],[-114.07870407305505,50.99633615912405],[-114.07906998248576,50.995958557028345],[-114.07964587056244,50.995640157643344],[-114.08027987118227,50.9955300608599],[-114.08182085487935,50.99550567281539],[-114.08309287723992,50.99550585491944],[-114.08311434674567,50.995861462023115],[-114.08314958011947,50.99597255352367],[-114.08321855352752,50.996196759474344],[-114.08324777140454,50.997070462963556],[-114.08324768410718,50.99775407107832],[-114.08317607211399,50.99980307520171],[-114.08313124996563,51.00006288179924],[-114.08299595317003,51.000401273769995],[-114.0828082726822,51.00066637821535],[-114.08206114217508,51.0012143694059],[-114.08165875864788,51.00149216168895],[-114.0814634625397,51.001424373862434],[-114.08119925296394,51.001318759515726],[-114.08061324880663,51.00111525535471],[-114.07855024429321,51.00037106697634],[-114.07772915740313,51.00005364609799],[-114.07725655200522,50.99986185203508],[-114.0771478016494,50.99977334990312],[-114.0767548499341,50.999453566876745],[-114.07659817417353,50.99922475944486],[-114.07648064991402,50.99882606044747],[-114.07649375288827,50.99771095254651],[-114.07649575597355,50.99700044577993]]]]}},{"type":"Feature","properties":{"DGUID":"2021S051248060554","DAUID":"48060554","LANDAREA":0.4188,"PRUID":"48","fed_num":"48004","da_code":"48060554","geo_name":"48060554","name_source":{"label":"Statistics Canada Census Profile 2021 DA WDS","url":"https://www12.statcan.gc.ca/wds-sdw/2021profile-profil2021-eng.cfm"},"population":541,"status":"ok","source":{"label":"Statistics Canada Census Profile 2021 DA WDS","url":"https://www12.statcan.gc.ca/wds-sdw/2021profile-profil2021-eng.cfm"},"community_name":"Calgary","community_source":{"label":"Statistics Canada 2021 census subdivision boundaries (spatial lookup)","url":"https://geo.statcan.gc.ca/geo_wa/rest/services/2021/Cartographic_boundary_files/MapServer/9"},"community_display":"Calgary","is_unorganized":false,"panel_title":"Calgary","display_label":"Calgary","map_label":"48060554"},"geometry":{"type":"MultiPolygon","coordinates":[[[[-114.0770034712625,51.00139366595447],[-114.07624795251458,51.00139276494239],[-114.07629936063262,51.00170886463543],[-114.07647084666033,51.00192907114047],[-114.0764938450749,51.002469369776726],[-114.07403667807932,51.00246286260116],[-114.07167614332607,51.00245656972279],[-114.07144395077228,51.00252264656523],[-114.0715047726493,51.0022363607319],[-114.07149644043464,51.00146254156589],[-114.07149126197338,51.00131855658271],[-114.07148564768485,51.00005003434665],[-114.07146314160708,50.99927593139752],[-114.07144816348982,50.99860995118229],[-114.07144386846818,50.99777333131346],[-114.07143753374663,50.99764723496201],[-114.07143967076838,50.99540674280269],[-114.07144037541029,50.99466093610207],[-114.07142945831171,50.994381831584455],[-114.07143500260813,50.99429372596189],[-114.07152048050914,50.994294132798935],[-114.07157484081104,50.99429557595001],[-114.07157735900964,50.9942956306871],[-114.07166352785292,50.99429791596227],[-114.07168035292172,50.99429774008113],[-114.07186196851966,50.99430273944089],[-114.0728334011409,50.99432842921199],[-114.07396729297977,50.99435841334994],[-114.07641307985253,50.99442303711965],[-114.07658811283923,50.994423648951205],[-114.07670883851617,50.994424046791906],[-114.07882486558688,50.99443115707278],[-114.07893270530232,50.99443522925145],[-114.08007665510068,50.99447825307487],[-114.08135657479932,50.99447473479333],[-114.08192108035256,50.99447315864166],[-114.08304804602865,50.994470081496004],[-114.08304658590536,50.99459235924249],[-114.08304795326545,50.99463766659105],[-114.08305627311427,50.99490086651408],[-114.0830928734275,50.99550547033714],[-114.08309287723992,50.99550585491944],[-114.08182085487935,50.99550567281539],[-114.08027987118227,50.9955300608599],[-114.07964587056244,50.995640157643344],[-114.07906998248576,50.995958557028345],[-114.07870407305505,50.99633615912405],[-114.07811646433105,50.99615965648134],[-114.07650185430705,50.995543440522674],[-114.07651317338166,50.99649715473094],[-114.07649575597355,50.99700044577993],[-114.07649375288827,50.99771095254651],[-114.07648064991402,50.99882606044747],[-114.07659817417353,50.99922475944486],[-114.0767548499341,50.999453566876745],[-114.0771478016494,50.99977334990312],[-114.07725655200522,50.99986185203508],[-114.07772915740313,51.00005364609799],[-114.07855024429321,51.00037106697634],[-114.08061324880663,51.00111525535471],[-114.08119925296394,51.001318759515726],[-114.0814634625397,51.001424373862434],[-114.08123684592407,51.00140067728072],[-114.08069604790158,51.00138717029845],[-114.0770034712625,51.00139366595447]]]]}},{"type":"Feature","properties":{"DGUID":"2021S051248060555","DAUID":"48060555","LANDAREA":0.0421,"PRUID":"48","fed_num":"48004","da_code":"48060555","geo_name":"48060555","name_source":{"label":"Statistics Canada Census Profile 2021 DA WDS","url":"https://www12.statcan.gc.ca/wds-sdw/2021profile-profil2021-eng.cfm"},"population":624,"status":"ok","source":{"label":"Statistics Canada Census Profile 2021 DA WDS","url":"https://www12.statcan.gc.ca/wds-sdw/2021profile-profil2021-eng.cfm"},"community_name":"Calgary","community_source":{"label":"Statistics Canada 2021 census subdivision boundaries (spatial lookup)","url":"https://geo.statcan.gc.ca/geo_wa/rest/services/2021/Cartographic_boundary_files/MapServer/9"},"community_display":"Calgary","is_unorganized":false,"panel_title":"Calgary","display_label":"Calgary","map_label":"48060555"},"geometry":{"type":"MultiPolygon","coordinates":[[[[-114.07629936063262,51.00170886463543],[-114.07624795251458,51.00139276494239],[-114.0770034712625,51.00139366595447],[-114.08069604790158,51.00138717029845],[-114.08123684592407,51.00140067728072],[-114.0814634625397,51.001424373862434],[-114.08165875864788,51.00149216168895],[-114.081506270772,51.00165027545456],[-114.08137326730984,51.00195275561165],[-114.08131266074923,51.002463986134025],[-114.0776165605902,51.002468125284196],[-114.0773295815119,51.002468446418135],[-114.0764938450749,51.002469369776726],[-114.07647084666033,51.00192907114047],[-114.07629936063262,51.00170886463543]]]]}},{"type":"Feature","properties":{"DGUID":"2021S051248060556","DAUID":"48060556","LANDAREA":0.034,"PRUID":"48","fed_num":"48004","da_code":"48060556","geo_name":"48060556","name_source":{"label":"Statistics Canada Census Profile 2021 DA WDS","url":"https://www12.statcan.gc.ca/wds-sdw/2021profile-profil2021-eng.cfm"},"population":583,"status":"ok","source":{"label":"Statistics Canada Census Profile 2021 DA WDS","url":"https://www12.statcan.gc.ca/wds-sdw/2021profile-profil2021-eng.cfm"},"community_name":"Calgary","community_source":{"label":"Statistics Canada 2021 census subdivision boundaries (spatial lookup)","url":"https://geo.statcan.gc.ca/geo_wa/rest/services/2021/Cartographic_boundary_files/MapServer/9"},"community_display":"Calgary","is_unorganized":false,"panel_title":"Calgary","display_label":"Calgary","map_label":"48060556"},"geometry":{"type":"MultiPolygon","coordinates":[[[[-114.07649485668105,51.00335986785365],[-114.0764938450749,51.002469369776726],[-114.0773295815119,51.002468446418135],[-114.0776165605902,51.002468125284196],[-114.08131266074923,51.002463986134025],[-114.08136805219587,51.00271728370548],[-114.08137067152113,51.00335597605827],[-114.07890378174137,51.003366179657164],[-114.07649485668105,51.00335986785365]]]]}},{"type":"Feature","properties":{"DGUID":"2021S051248060557","DAUID":"48060557","LANDAREA":0.1536,"PRUID":"48","fed_num":"48004","da_code":"48060557","geo_name":"48060557","name_source":{"label":"Statistics Canada Census Profile 2021 DA WDS","url":"https://www12.statcan.gc.ca/wds-sdw/2021profile-profil2021-eng.cfm"},"population":760,"status":"ok","source":{"label":"Statistics Canada Census Profile 2021 DA WDS","url":"https://www12.statcan.gc.ca/wds-sdw/2021profile-profil2021-eng.cfm"},"community_name":"Calgary","community_source":{"label":"Statistics Canada 2021 census subdivision boundaries (spatial lookup)","url":"https://geo.statcan.gc.ca/geo_wa/rest/services/2021/Cartographic_boundary_files/MapServer/9"},"community_display":"Calgary","is_unorganized":false,"panel_title":"Calgary","display_label":"Calgary","map_label":"48060557"},"geometry":{"type":"MultiPolygon","coordinates":[[[[-114.0739873419627,51.004241483900515],[-114.07398576451271,51.00335996277379],[-114.07649485668105,51.00335986785365],[-114.07890378174137,51.003366179657164],[-114.08137067152113,51.00335597605827],[-114.08137127681519,51.004255487748274],[-114.08137063816451,51.005172881756565],[-114.08137346510708,51.00603648020332],[-114.08137454707689,51.0069269968734],[-114.07888005831941,51.00691857401257],[-114.0764692616813,51.00693918493589],[-114.07648305367832,51.00604007233698],[-114.07645195901387,51.00517577757408],[-114.07648165219017,51.00425008257199],[-114.0739873419627,51.004241483900515]]]]}},{"type":"Feature","properties":{"DGUID":"2021S051248060558","DAUID":"48060558","LANDAREA":0.0525,"PRUID":"48","fed_num":"48004","da_code":"48060558","geo_name":"48060558","name_source":{"label":"Statistics Canada Census Profile 2021 DA WDS","url":"https://www12.statcan.gc.ca/wds-sdw/2021profile-profil2021-eng.cfm"},"population":598,"status":"ok","source":{"label":"Statistics Canada Census Profile 2021 DA WDS","url":"https://www12.statcan.gc.ca/wds-sdw/2021profile-profil2021-eng.cfm"},"community_name":"Calgary","community_source":{"label":"Statistics Canada 2021 census subdivision boundaries (spatial lookup)","url":"https://geo.statcan.gc.ca/geo_wa/rest/services/2021/Cartographic_boundary_files/MapServer/9"},"community_display":"Calgary","is_unorganized":false,"panel_title":"Calgary","display_label":"Calgary","map_label":"48060558"},"geometry":{"type":"MultiPolygon","coordinates":[[[[-114.07156304367247,51.004252678121944],[-114.07159116134689,51.0033538571016],[-114.07145056908023,51.003323375027605],[-114.07138554144777,51.003222759179884],[-114.07128134940565,51.00306726468219],[-114.07144395077228,51.00252264656523],[-114.07167614332607,51.00245656972279],[-114.07403667807932,51.00246286260116],[-114.0764938450749,51.002469369776726],[-114.07649485668105,51.00335986785365],[-114.07398576451271,51.00335996277379],[-114.0739873419627,51.004241483900515],[-114.07156304367247,51.004252678121944]]]]}},{"type":"Feature","properties":{"DGUID":"2021S051248060559","DAUID":"48060559","LANDAREA":0.2091,"PRUID":"48","fed_num":"48004","da_code":"48060559","geo_name":"48060559","name_source":{"label":"Statistics Canada Census Profile 2021 DA WDS","url":"https://www12.statcan.gc.ca/wds-sdw/2021profile-profil2021-eng.cfm"},"population":669,"status":"ok","source":{"label":"Statistics Canada Census Profile 2021 DA WDS","url":"https://www12.statcan.gc.ca/wds-sdw/2021profile-profil2021-eng.cfm"},"community_name":"Calgary","community_source":{"label":"Statistics Canada 2021 census subdivision boundaries (spatial lookup)","url":"https://geo.statcan.gc.ca/geo_wa/rest/services/2021/Cartographic_boundary_files/MapServer/9"},"community_display":"Calgary","is_unorganized":false,"panel_title":"Calgary","display_label":"Calgary","map_label":"48060559"},"geometry":{"type":"MultiPolygon","coordinates":[[[[-114.0677166546372,51.0087256248778],[-114.06871567138553,51.00718602282852],[-114.06973816640406,51.00561009053694],[-114.07070555849208,51.004060258961786],[-114.07128134940565,51.00306726468219],[-114.07138554144777,51.003222759179884],[-114.07145056908023,51.003323375027605],[-114.07159116134689,51.0033538571016],[-114.07156304367247,51.004252678121944],[-114.0739873419627,51.004241483900515],[-114.07648165219017,51.00425008257199],[-114.07645195901387,51.00517577757408],[-114.07648305367832,51.00604007233698],[-114.0764692616813,51.00693918493589],[-114.07397483928405,51.00693068661996],[-114.07397574216319,51.007821183299484],[-114.07156665283503,51.00781480230884],[-114.07156584663736,51.00873230642665],[-114.07054261938286,51.00873067602251],[-114.06927065829343,51.00872860991267],[-114.06793025321102,51.00873103796338],[-114.0677166546372,51.0087256248778]]]]}},{"type":"Feature","properties":{"DGUID":"2021S051248060560","DAUID":"48060560","LANDAREA":0.2087,"PRUID":"48","fed_num":"48004","da_code":"48060560","geo_name":"48060560","name_source":{"label":"Statistics Canada Census Profile 2021 DA WDS","url":"https://www12.statcan.gc.ca/wds-sdw/2021profile-profil2021-eng.cfm"},"population":638,"status":"ok","source":{"label":"Statistics Canada Census Profile 2021 DA WDS","url":"https://www12.statcan.gc.ca/wds-sdw/2021profile-profil2021-eng.cfm"},"community_name":"Calgary","community_source":{"label":"Statistics Canada 2021 census subdivision boundaries (spatial lookup)","url":"https://geo.statcan.gc.ca/geo_wa/rest/services/2021/Cartographic_boundary_files/MapServer/9"},"community_display":"Calgary","is_unorganized":false,"panel_title":"Calgary","display_label":"Calgary","map_label":"48060560"},"geometry":{"type":"MultiPolygon","coordinates":[[[[-114.07256774536928,51.01365061625479],[-114.07222484831831,51.01343511451315],[-114.07156635685082,51.01302281337599],[-114.07155306576313,51.01255481040673],[-114.07154776084059,51.01196102295068],[-114.0715493735235,51.011709225849145],[-114.07154063768715,51.0113941129027],[-114.07153974625483,51.01050361637283],[-114.07153175127084,51.01040451868435],[-114.07153885486157,51.009613122417434],[-114.07156584663736,51.00873230642665],[-114.07156665283503,51.00781480230884],[-114.07397574216319,51.007821183299484],[-114.07645664872662,51.00782038059464],[-114.07648183370723,51.00871338167801],[-114.07643015446244,51.00960069393761],[-114.07643117129378,51.01049129540314],[-114.07643217058214,51.01138179334896],[-114.07644688667459,51.01228161595122],[-114.075847178286,51.01229361292001],[-114.07606376304194,51.01270381193599],[-114.0743658731686,51.013144920762215],[-114.07420046819873,51.01316861780705],[-114.07414895302911,51.01322251918548],[-114.07415276327734,51.013967708710624],[-114.07403767420497,51.01408320882744],[-114.07306775356409,51.01386101341237],[-114.07256774536928,51.01365061625479]]]]}},{"type":"Feature","properties":{"DGUID":"2021S051248060561","DAUID":"48060561","LANDAREA":0.1567,"PRUID":"48","fed_num":"48004","da_code":"48060561","geo_name":"48060561","name_source":{"label":"Statistics Canada Census Profile 2021 DA WDS","url":"https://www12.statcan.gc.ca/wds-sdw/2021profile-profil2021-eng.cfm"},"population":682,"status":"ok","source":{"label":"Statistics Canada Census Profile 2021 DA WDS","url":"https://www12.statcan.gc.ca/wds-sdw/2021profile-profil2021-eng.cfm"},"community_name":"Calgary","community_source":{"label":"Statistics Canada 2021 census subdivision boundaries (spatial lookup)","url":"https://geo.statcan.gc.ca/geo_wa/rest/services/2021/Cartographic_boundary_files/MapServer/9"},"community_display":"Calgary","is_unorganized":false,"panel_title":"Calgary","display_label":"Calgary","map_label":"48060561"},"geometry":{"type":"MultiPolygon","coordinates":[[[[-114.06732638349021,51.009534770142054],[-114.0677166546372,51.0087256248778],[-114.06793025321102,51.00873103796338],[-114.06927065829343,51.00872860991267],[-114.07054261938286,51.00873067602251],[-114.07156584663736,51.00873230642665],[-114.07153885486157,51.009613122417434],[-114.07153175127084,51.01040451868435],[-114.07153974625483,51.01050361637283],[-114.07154063768715,51.0113941129027],[-114.0715493735235,51.011709225849145],[-114.07154776084059,51.01196102295068],[-114.07155306576313,51.01255481040673],[-114.07156635685082,51.01302281337599],[-114.07125825677836,51.012934230523925],[-114.07066315383844,51.01287432510133],[-114.06736886806375,51.012881545120024],[-114.06592757256793,51.012899335284324],[-114.065741346511,51.012912654292606],[-114.06648635641335,51.0112762270564],[-114.06732638349021,51.009534770142054]]]]}},{"type":"Feature","properties":{"DGUID":"2021S051248060562","DAUID":"48060562","LANDAREA":2.7336,"PRUID":"48","fed_num":"48004","da_code":"48060562","geo_name":"48060562","name_source":{"label":"Statistics Canada Census Profile 2021 DA WDS","url":"https://www12.statcan.gc.ca/wds-sdw/2021profile-profil2021-eng.cfm"},"population":1383,"status":"ok","source":{"label":"Statistics Canada Census Profile 2021 DA WDS","url":"https://www12.statcan.gc.ca/wds-sdw/2021profile-profil2021-eng.cfm"},"community_name":"Calgary","community_source":{"label":"Statistics Canada 2021 census subdivision boundaries (spatial lookup)","url":"https://geo.statcan.gc.ca/geo_wa/rest/services/2021/Cartographic_boundary_files/MapServer/9"},"community_display":"Calgary","is_unorganized":false,"panel_title":"Calgary","display_label":"Calgary","map_label":"48060562"},"geometry":{"type":"MultiPolygon","coordinates":[[[[-114.06256036015279,51.01608875464038],[-114.0620928827822,51.01604104223577],[-114.06119649477981,51.01600944315358],[-114.0619729258705,51.01583163844645],[-114.06216281389922,51.015659239245565],[-114.06233812025431,51.015489635422725],[-114.06248442642712,51.0153257508827],[-114.06263461496782,51.01515354143015],[-114.06278141211969,51.01494185913609],[-114.06288440394188,51.01477885705742],[-114.0629860019465,51.01462115785186],[-114.06307060617297,51.01446925856623],[-114.06315160631331,51.01426904294602],[-114.06324232590977,51.013991931400504],[-114.06329441837583,51.013744251671675],[-114.06337663145412,51.01322714761912],[-114.06346161425365,51.01254854317991],[-114.06350399897433,51.01222933597939],[-114.06366138266074,51.011163048777355],[-114.06388601544528,51.009511846345724],[-114.06397327501398,51.008870440701536],[-114.06398579935889,51.00878433949148],[-114.06398662423832,51.008778506283775],[-114.06308343053433,51.00871713826237],[-114.0621274480543,51.00872902558348],[-114.0613724558741,51.00871902468239],[-114.0599324541982,51.008718733496046],[-114.05702395628255,51.00871741817857],[-114.05625996180167,51.008748456333876],[-114.05619589550189,51.00875071455602],[-114.04880610417173,51.00904648411779],[-114.04859559672045,51.00904593658271],[-114.04868701046658,51.00596135584024],[-114.04868569905271,51.002165444696395],[-114.04868690779115,51.00147283990462],[-114.04869548916827,51.00133813159241],[-114.0486933039717,51.000249741659886],[-114.04869222053208,51.00004284367049],[-114.04888981978846,50.999175334993254],[-114.04915401996662,50.99860633351906],[-114.05166351367353,50.99477490614077],[-114.05183662519073,50.99451038559313],[-114.05189393860422,50.99442279704562],[-114.05200203297244,50.99425225713068],[-114.0522456687443,50.994241460140195],[-114.05225331782061,50.99424110856468],[-114.0525965208206,50.99422270994299],[-114.05762964228407,50.993971890672825],[-114.0597402470781,50.993953069741046],[-114.0635193524023,50.99402344721555],[-114.06383987395797,50.99403824099686],[-114.0640779757424,50.99405224962482],[-114.06585687333026,50.99416334788996],[-114.06612735305202,50.99418023973653],[-114.06634074308636,50.994200634517476],[-114.06704806778633,50.99424482668667],[-114.0690682534382,50.994304654604335],[-114.06966470171895,50.994302637355545],[-114.07051990466084,50.99429973746801],[-114.071277963707,50.99429714847983],[-114.07141907400013,50.994293640810774],[-114.07143500260813,50.99429372596189],[-114.07142945831171,50.994381831584455],[-114.07144037541029,50.99466093610207],[-114.07143967076838,50.99540674280269],[-114.07143753374663,50.99764723496201],[-114.07144386846818,50.99777333131346],[-114.07144816348982,50.99860995118229],[-114.07146314160708,50.99927593139752],[-114.07148564768485,51.00005003434665],[-114.07149126197338,51.00131855658271],[-114.07149644043464,51.00146254156589],[-114.0715047726493,51.0022363607319],[-114.07144395077228,51.00252264656523],[-114.07128134940565,51.00306726468219],[-114.07070555849208,51.004060258961786],[-114.06973816640406,51.00561009053694],[-114.06871567138553,51.00718602282852],[-114.0677166546372,51.0087256248778],[-114.06732638349021,51.009534770142054],[-114.06648635641335,51.0112762270564],[-114.065741346511,51.012912654292606],[-114.06592757256793,51.012899335284324],[-114.06736886806375,51.012881545120024],[-114.07066315383844,51.01287432510133],[-114.07125825677836,51.012934230523925],[-114.07156635685082,51.01302281337599],[-114.07222484831831,51.01343511451315],[-114.07256774536928,51.01365061625479],[-114.0721635642369,51.01395532233086],[-114.07182988405214,51.0140459313631],[-114.07056677106617,51.014176138534744],[-114.07056637518043,51.014176284499534],[-114.06935458052543,51.01463143954542],[-114.06890928058434,51.01490812150532],[-114.06810088517791,51.01574234696058],[-114.06778949683014,51.015932441865694],[-114.06729238320474,51.01612684626312],[-114.06706288595798,51.01614803327297],[-114.06654228151969,51.01616963766585],[-114.06584757513649,51.016198440360284],[-114.06533496396574,51.0161855502919],[-114.06448817377954,51.016047334846895],[-114.06430245155605,51.01605163954805],[-114.0635456819603,51.016068626833714],[-114.06284825841463,51.01608286258158],[-114.06256036015279,51.01608875464038]]]]}},{"type":"Feature","properties":{"DGUID":"2021S051248060563","DAUID":"48060563","LANDAREA":0.3006,"PRUID":"48","fed_num":"48004","da_code":"48060563","geo_name":"48060563","name_source":{"label":"Statistics Canada Census Profile 2021 DA WDS","url":"https://www12.statcan.gc.ca/wds-sdw/2021profile-profil2021-eng.cfm"},"population":516,"status":"ok","source":{"label":"Statistics Canada Census Profile 2021 DA WDS","url":"https://www12.statcan.gc.ca/wds-sdw/2021profile-profil2021-eng.cfm"},"community_name":"Calgary","community_source":{"label":"Statistics Canada 2021 census subdivision boundaries (spatial lookup)","url":"https://geo.statcan.gc.ca/geo_wa/rest/services/2021/Cartographic_boundary_files/MapServer/9"},"community_display":"Calgary","is_unorganized":false,"panel_title":"Calgary","display_label":"Calgary","map_label":"48060563"},"geometry":{"type":"MultiPolygon","coordinates":[[[[-114.07455018002581,51.01709379239708],[-114.07402577956805,51.01715818346547],[-114.07300199300403,51.017403294567856],[-114.07231779615391,51.017567087860684],[-114.07178419149912,51.01776590211717],[-114.07126911172305,51.017921940553066],[-114.07131288601761,51.01602930130943],[-114.07156271944633,51.01444907004221],[-114.07056637518043,51.014176284499534],[-114.07056677106617,51.014176138534744],[-114.07182988405214,51.0140459313631],[-114.0721635642369,51.01395532233086],[-114.07256774536928,51.01365061625479],[-114.07306775356409,51.01386101341237],[-114.07403767420497,51.01408320882744],[-114.07415276327734,51.013967708710624],[-114.07414895302911,51.01322251918548],[-114.07420046819873,51.01316861780705],[-114.0743658731686,51.013144920762215],[-114.07606376304194,51.01270381193599],[-114.075847178286,51.01229361292001],[-114.07644688667459,51.01228161595122],[-114.07643217058214,51.01138179334896],[-114.07888475995951,51.01138019359876],[-114.07941206623104,51.01138439479377],[-114.08126555801886,51.01138580378826],[-114.08035779090775,51.012217608568214],[-114.07976415547365,51.012814402647166],[-114.0796947553965,51.01301060951106],[-114.07935246558459,51.01391952317131],[-114.07900786961622,51.014864318317755],[-114.07995398094846,51.01518371264809],[-114.079935363736,51.015241515557506],[-114.07988838508071,51.015382433304076],[-114.07975347575305,51.01599951487839],[-114.07866437877536,51.0159838364167],[-114.07860656859405,51.01625753164354],[-114.07842509332728,51.01664873132125],[-114.07817879301834,51.0171643217223],[-114.07806389676837,51.01740431981645],[-114.07804719044091,51.01746914471845],[-114.07798690078788,51.017703621909405],[-114.07772741080925,51.0176588936766],[-114.07674200568864,51.0173960975216],[-114.07556038978423,51.01716208286878],[-114.07475920710213,51.017090891006255],[-114.07455018002581,51.01709379239708]]]]}},{"type":"Feature","properties":{"DGUID":"2021S051248060564","DAUID":"48060564","LANDAREA":0.272,"PRUID":"48","fed_num":"48004","da_code":"48060564","geo_name":"48060564","name_source":{"label":"Statistics Canada Census Profile 2021 DA WDS","url":"https://www12.statcan.gc.ca/wds-sdw/2021profile-profil2021-eng.cfm"},"population":742,"status":"ok","source":{"label":"Statistics Canada Census Profile 2021 DA WDS","url":"https://www12.statcan.gc.ca/wds-sdw/2021profile-profil2021-eng.cfm"},"community_name":"Calgary","community_source":{"label":"Statistics Canada 2021 census subdivision boundaries (spatial lookup)","url":"https://geo.statcan.gc.ca/geo_wa/rest/services/2021/Cartographic_boundary_files/MapServer/9"},"community_display":"Calgary","is_unorganized":false,"panel_title":"Calgary","display_label":"Calgary","map_label":"48060564"},"geometry":{"type":"MultiPolygon","coordinates":[[[[-114.07643117129378,51.01049129540314],[-114.07643015446244,51.00960069393761],[-114.07648183370723,51.00871338167801],[-114.07645664872662,51.00782038059464],[-114.07397574216319,51.007821183299484],[-114.07397483928405,51.00693068661996],[-114.0764692616813,51.00693918493589],[-114.07888005831941,51.00691857401257],[-114.08137454707689,51.0069269968734],[-114.0813608684651,51.007826193982986],[-114.08136076300474,51.00873469309168],[-114.08308778348294,51.00870590157158],[-114.08355527793572,51.008753498618844],[-114.08364234623144,51.00872870109733],[-114.08394837809686,51.0088555523244],[-114.08438462100494,51.00887962666279],[-114.0847677974456,51.008902043784026],[-114.08491245174282,51.00916521021123],[-114.08516845983061,51.00963030550877],[-114.08554226177083,51.01003551261839],[-114.08624296738971,51.010457701532076],[-114.0852434860915,51.01116141266501],[-114.08458437336174,51.011666601240826],[-114.08394307881645,51.01143469453106],[-114.08363218717317,51.011391006732346],[-114.08301775334604,51.01141160928643],[-114.08126555801886,51.01138580378826],[-114.07941206623104,51.01138439479377],[-114.07888475995951,51.01138019359876],[-114.07643217058214,51.01138179334896],[-114.07643117129378,51.01049129540314]]]]}},{"type":"Feature","properties":{"DGUID":"2021S051248060565","DAUID":"48060565","LANDAREA":0.2226,"PRUID":"48","fed_num":"48004","da_code":"48060565","geo_name":"48060565","name_source":{"label":"Statistics Canada Census Profile 2021 DA WDS","url":"https://www12.statcan.gc.ca/wds-sdw/2021profile-profil2021-eng.cfm"},"population":428,"status":"ok","source":{"label":"Statistics Canada Census Profile 2021 DA WDS","url":"https://www12.statcan.gc.ca/wds-sdw/2021profile-profil2021-eng.cfm"},"community_name":"Calgary","community_source":{"label":"Statistics Canada 2021 census subdivision boundaries (spatial lookup)","url":"https://geo.statcan.gc.ca/geo_wa/rest/services/2021/Cartographic_boundary_files/MapServer/9"},"community_display":"Calgary","is_unorganized":false,"panel_title":"Calgary","display_label":"Calgary","map_label":"48060565"},"geometry":{"type":"MultiPolygon","coordinates":[[[[-114.08087609869933,51.01531581837927],[-114.07995398094846,51.01518371264809],[-114.07900786961622,51.014864318317755],[-114.07935246558459,51.01391952317131],[-114.0796947553965,51.01301060951106],[-114.07976415547365,51.012814402647166],[-114.08035779090775,51.012217608568214],[-114.08126555801886,51.01138580378826],[-114.08301775334604,51.01141160928643],[-114.08363218717317,51.011391006732346],[-114.08394307881645,51.01143469453106],[-114.08458437336174,51.011666601240826],[-114.0852434860915,51.01116141266501],[-114.08637367958836,51.0117831989685],[-114.08730175854589,51.012445013063896],[-114.08777417174413,51.0128706301809],[-114.08779716279528,51.01318602086864],[-114.08753826544785,51.01344941414598],[-114.08651109012946,51.0136846280483],[-114.08700950020834,51.01460552765883],[-114.08604828387523,51.01483097061876],[-114.08569248934684,51.014914430782945],[-114.08486178611768,51.01519952457453],[-114.08352789919502,51.015777924158634],[-114.08313218200259,51.01594791726025],[-114.08264358490369,51.01600763095097],[-114.0824163738688,51.0159930303313],[-114.08196747101215,51.01587381605759],[-114.08119837397177,51.015404815570726],[-114.08087609869933,51.01531581837927]]]]}},{"type":"Feature","properties":{"DGUID":"2021S051248060566","DAUID":"48060566","LANDAREA":0.5086,"PRUID":"48","fed_num":"48004","da_code":"48060566","geo_name":"48060566","name_source":{"label":"Statistics Canada Census Profile 2021 DA WDS","url":"https://www12.statcan.gc.ca/wds-sdw/2021profile-profil2021-eng.cfm"},"population":513,"status":"ok","source":{"label":"Statistics Canada Census Profile 2021 DA WDS","url":"https://www12.statcan.gc.ca/wds-sdw/2021profile-profil2021-eng.cfm"},"community_name":"Calgary","community_source":{"label":"Statistics Canada 2021 census subdivision boundaries (spatial lookup)","url":"https://geo.statcan.gc.ca/geo_wa/rest/services/2021/Cartographic_boundary_files/MapServer/9"},"community_display":"Calgary","is_unorganized":false,"panel_title":"Calgary","display_label":"Calgary","map_label":"48060566"},"geometry":{"type":"MultiPolygon","coordinates":[[[[-114.07817879301834,51.0171643217223],[-114.07842509332728,51.01664873132125],[-114.07860656859405,51.01625753164354],[-114.07866437877536,51.0159838364167],[-114.07975347575305,51.01599951487839],[-114.07988838508071,51.015382433304076],[-114.079935363736,51.015241515557506],[-114.07995398094846,51.01518371264809],[-114.08087609869933,51.01531581837927],[-114.08119837397177,51.015404815570726],[-114.08196747101215,51.01587381605759],[-114.0824163738688,51.0159930303313],[-114.08264358490369,51.01600763095097],[-114.08313218200259,51.01594791726025],[-114.08352789919502,51.015777924158634],[-114.08486178611768,51.01519952457453],[-114.08569248934684,51.014914430782945],[-114.08604828387523,51.01483097061876],[-114.08700950020834,51.01460552765883],[-114.08651109012946,51.0136846280483],[-114.08753826544785,51.01344941414598],[-114.08779716279528,51.01318602086864],[-114.08777417174413,51.0128706301809],[-114.08730175854589,51.012445013063896],[-114.08637367958836,51.0117831989685],[-114.0852434860915,51.01116141266501],[-114.08624296738971,51.010457701532076],[-114.08554226177083,51.01003551261839],[-114.08516845983061,51.00963030550877],[-114.08491245174282,51.00916521021123],[-114.0847677974456,51.008902043784026],[-114.0853556523514,51.00887703932864],[-114.08558278713362,51.00886881603178],[-114.08586570219886,51.00889196643278],[-114.08592496608998,51.00903565176196],[-114.08618216467003,51.0093455637268],[-114.08647076861263,51.00953578010752],[-114.08655628036668,51.00955696257442],[-114.0866672719793,51.00963005715488],[-114.08687748031059,51.00972176271647],[-114.0870456751756,51.009850079873196],[-114.0875189858891,51.01007995592337],[-114.08810297991268,51.01025977738188],[-114.08886858716411,51.01044207785252],[-114.08972486830473,51.01102366641834],[-114.09004187630028,51.011179871578456],[-114.09071569848301,51.011389483449676],[-114.0908933018622,51.01150646741024],[-114.09133237071752,51.011942077304305],[-114.09151418834755,51.01206778523233],[-114.09182467709887,51.01214926856731],[-114.09222919917578,51.01226938521257],[-114.09291058404789,51.01252497174414],[-114.09321910786265,51.01266379339572],[-114.09362301364854,51.01293568932216],[-114.09365178918408,51.01302487252654],[-114.09364010052732,51.01336848335356],[-114.09363051160379,51.01337969185065],[-114.09355708470808,51.01353617828813],[-114.09356427506454,51.013857083228594],[-114.09338177849638,51.01467948897694],[-114.09316111722904,51.015025892949346],[-114.09300208481,51.01516130207716],[-114.09301179380442,51.01527309759015],[-114.09279637181469,51.015599488532665],[-114.09259330571483,51.01582878243418],[-114.09209498627727,51.01619150019833],[-114.09154610751202,51.01657348908911],[-114.09131950326018,51.01669358348076],[-114.08992234572307,51.017073880073966],[-114.08959607211007,51.01716268362763],[-114.08882970230601,51.01753028046713],[-114.08700820479034,51.018075386619174],[-114.08594081447296,51.01835010012697],[-114.08557371321213,51.01845969432056],[-114.0851665047833,51.018548598099784],[-114.08472438378993,51.01859700381777],[-114.08421268808694,51.018687384567244],[-114.08385638861698,51.01871053483001],[-114.08368248238655,51.01872182295918],[-114.08348448423266,51.01873470791032],[-114.08287548457855,51.01874919049533],[-114.08230109936176,51.01868118120616],[-114.0819041027709,51.018607004129194],[-114.08103000537609,51.01854059665839],[-114.08070998679113,51.01847029306556],[-114.07981961001693,51.018217490826515],[-114.07863017655903,51.01781450281467],[-114.07798690078788,51.017703621909405],[-114.07804719044091,51.01746914471845],[-114.07806389676837,51.01740431981645],[-114.07817879301834,51.0171643217223]]]]}},{"type":"Feature","properties":{"DGUID":"2021S051248060567","DAUID":"48060567","LANDAREA":0.6863,"PRUID":"48","fed_num":"48004","da_code":"48060567","geo_name":"48060567","name_source":{"label":"Statistics Canada Census Profile 2021 DA WDS","url":"https://www12.statcan.gc.ca/wds-sdw/2021profile-profil2021-eng.cfm"},"population":623,"status":"ok","source":{"label":"Statistics Canada Census Profile 2021 DA WDS","url":"https://www12.statcan.gc.ca/wds-sdw/2021profile-profil2021-eng.cfm"},"community_name":"Calgary","community_source":{"label":"Statistics Canada 2021 census subdivision boundaries (spatial lookup)","url":"https://geo.statcan.gc.ca/geo_wa/rest/services/2021/Cartographic_boundary_files/MapServer/9"},"community_display":"Calgary","is_unorganized":false,"panel_title":"Calgary","display_label":"Calgary","map_label":"48060567"},"geometry":{"type":"MultiPolygon","coordinates":[[[[-114.08379668026397,51.01902413638576],[-114.08384444836518,51.01881119263547],[-114.08385638861698,51.01871053483001],[-114.08421268808694,51.018687384567244],[-114.08472438378993,51.01859700381777],[-114.0851665047833,51.018548598099784],[-114.08557371321213,51.01845969432056],[-114.08594081447296,51.01835010012697],[-114.08700820479034,51.018075386619174],[-114.08882970230601,51.01753028046713],[-114.08959607211007,51.01716268362763],[-114.08992234572307,51.017073880073966],[-114.09131950326018,51.01669358348076],[-114.09154610751202,51.01657348908911],[-114.09209498627727,51.01619150019833],[-114.09259330571483,51.01582878243418],[-114.09279637181469,51.015599488532665],[-114.09301179380442,51.01527309759015],[-114.09300208481,51.01516130207716],[-114.09316111722904,51.015025892949346],[-114.09338177849638,51.01467948897694],[-114.09356427506454,51.013857083228594],[-114.09355708470808,51.01353617828813],[-114.09363051160379,51.01337969185065],[-114.09364010052732,51.01336848335356],[-114.09365178918408,51.01302487252654],[-114.09362301364854,51.01293568932216],[-114.09321910786265,51.01266379339572],[-114.09291058404789,51.01252497174414],[-114.09222919917578,51.01226938521257],[-114.09182467709887,51.01214926856731],[-114.09151418834755,51.01206778523233],[-114.09133237071752,51.011942077304305],[-114.0908933018622,51.01150646741024],[-114.09071569848301,51.011389483449676],[-114.09004187630028,51.011179871578456],[-114.08972486830473,51.01102366641834],[-114.08886858716411,51.01044207785252],[-114.08810297991268,51.01025977738188],[-114.0875189858891,51.01007995592337],[-114.0870456751756,51.009850079873196],[-114.08687748031059,51.00972176271647],[-114.0866672719793,51.00963005715488],[-114.08655628036668,51.00955696257442],[-114.08647076861263,51.00953578010752],[-114.08618216467003,51.0093455637268],[-114.08592496608998,51.00903565176196],[-114.08586570219886,51.00889196643278],[-114.08587581781516,51.00889278074147],[-114.08605984516606,51.00889349897269],[-114.08607232195402,51.00889401845872],[-114.08627807850078,51.00890243617472],[-114.08628129836427,51.00890249472035],[-114.08732077569735,51.00873059795026],[-114.08829109044026,51.008718811871496],[-114.08947476074121,51.00871241424674],[-114.0904581749832,51.0087189083946],[-114.090521700732,51.00871055698827],[-114.09074565908148,51.00868110618163],[-114.0913319841258,51.00842580897],[-114.09254088905482,51.00779030903671],[-114.09286076939615,51.007690421474365],[-114.09333280099547,51.00766610900819],[-114.09385557615082,51.00774211552541],[-114.09414607958695,51.00788432397238],[-114.0944172843732,51.00810691246906],[-114.09471437593392,51.008600009011204],[-114.094822079172,51.008701609380246],[-114.0950859688435,51.00872979751607],[-114.09526120054187,51.00874851953491],[-114.09628839874809,51.00873811772809],[-114.09760199482014,51.00870781041492],[-114.09763968067314,51.01061573090602],[-114.09761228604638,51.01242302852821],[-114.09759951626775,51.013313140094354],[-114.09758611256838,51.01603823468956],[-114.09762619244567,51.018135136550455],[-114.09758210818289,51.01906944684584],[-114.09762640706207,51.02018595134102],[-114.09617181357429,51.020185746270116],[-114.09474789558193,51.02015035431655],[-114.09437709966716,51.02015005126448],[-114.09376369872638,51.02015285683876],[-114.09357800938963,51.020157148979116],[-114.09230907836843,51.02015254742878],[-114.0921092055187,51.02015654430262],[-114.09165287114116,51.020154245954295],[-114.09085668007526,51.02011646022126],[-114.08941627426883,51.0201164505446],[-114.08797590012651,51.02011655069811],[-114.08653548385725,51.020116557349475],[-114.0865223346026,51.02011646696836],[-114.0850671769213,51.02010695301193],[-114.08364108796631,51.02010723395498],[-114.0836371944264,51.01926164368058],[-114.08374498015264,51.01911914198492],[-114.0837786914637,51.01907455547781],[-114.08379668026397,51.01902413638576]]]]}},{"type":"Feature","properties":{"DGUID":"2021S051248060568","DAUID":"48060568","LANDAREA":0.2492,"PRUID":"48","fed_num":"48004","da_code":"48060568","geo_name":"48060568","name_source":{"label":"Statistics Canada Census Profile 2021 DA WDS","url":"https://www12.statcan.gc.ca/wds-sdw/2021profile-profil2021-eng.cfm"},"population":555,"status":"ok","source":{"label":"Statistics Canada Census Profile 2021 DA WDS","url":"https://www12.statcan.gc.ca/wds-sdw/2021profile-profil2021-eng.cfm"},"community_name":"Calgary","community_source":{"label":"Statistics Canada 2021 census subdivision boundaries (spatial lookup)","url":"https://geo.statcan.gc.ca/geo_wa/rest/services/2021/Cartographic_boundary_files/MapServer/9"},"community_display":"Calgary","is_unorganized":false,"panel_title":"Calgary","display_label":"Calgary","map_label":"48060568"},"geometry":{"type":"MultiPolygon","coordinates":[[[[-114.09372478964448,51.023282058310066],[-114.0923583090788,51.0232821479252],[-114.09228620887322,51.02334106865898],[-114.09219860678782,51.02328216955733],[-114.09084379462129,51.02328225579325],[-114.08950298025908,51.02328486257873],[-114.08823401540307,51.02328016790913],[-114.08799128254104,51.023283151395624],[-114.0867075106579,51.02328704387647],[-114.08652231354962,51.02328245014981],[-114.08521000095205,51.02328566613885],[-114.08444104408716,51.02327036235912],[-114.08364139048001,51.02328256303369],[-114.08364318819088,51.021663455712556],[-114.08364108796631,51.02010723395498],[-114.0850671769213,51.02010695301193],[-114.0865223346026,51.02011646696836],[-114.08653548385725,51.020116557349475],[-114.08797590012651,51.02011655069811],[-114.08941627426883,51.0201164505446],[-114.09085668007526,51.02011646022126],[-114.09165287114116,51.020154245954295],[-114.0921092055187,51.02015654430262],[-114.09230907836843,51.02015254742878],[-114.09357800938963,51.020157148979116],[-114.09376369872638,51.02015285683876],[-114.09375301468985,51.021690654853984],[-114.09372478964448,51.023282058310066]]]]}},{"type":"Feature","properties":{"DGUID":"2021S051248060569","DAUID":"48060569","LANDAREA":0.1519,"PRUID":"48","fed_num":"48004","da_code":"48060569","geo_name":"48060569","name_source":{"label":"Statistics Canada Census Profile 2021 DA WDS","url":"https://www12.statcan.gc.ca/wds-sdw/2021profile-profil2021-eng.cfm"},"population":703,"status":"ok","source":{"label":"Statistics Canada Census Profile 2021 DA WDS","url":"https://www12.statcan.gc.ca/wds-sdw/2021profile-profil2021-eng.cfm"},"community_name":"Calgary","community_source":{"label":"Statistics Canada 2021 census subdivision boundaries (spatial lookup)","url":"https://geo.statcan.gc.ca/geo_wa/rest/services/2021/Cartographic_boundary_files/MapServer/9"},"community_display":"Calgary","is_unorganized":false,"panel_title":"Calgary","display_label":"Calgary","map_label":"48060569"},"geometry":{"type":"MultiPolygon","coordinates":[[[[-114.09375301468985,51.021690654853984],[-114.09376369872638,51.02015285683876],[-114.09437709966716,51.02015005126448],[-114.09474789558193,51.02015035431655],[-114.09617181357429,51.020185746270116],[-114.09762640706207,51.02018595134102],[-114.09760961578925,51.021138942230756],[-114.09761971315119,51.02211965361402],[-114.09910282892267,51.022120566525736],[-114.09910670002438,51.02320006666794],[-114.0996774076353,51.02319625882524],[-114.10053301221576,51.02319945858052],[-114.10210162976583,51.02320246335281],[-114.10213660867655,51.02401286091343],[-114.09965489046795,51.02401416303497],[-114.09715888676679,51.024015164899815],[-114.09470449320406,51.02403507027991],[-114.09469810319558,51.023225375663145],[-114.09442421543447,51.02327246253304],[-114.09372478964448,51.023282058310066],[-114.09375301468985,51.021690654853984]]]]}},{"type":"Feature","properties":{"DGUID":"2021S051248060570","DAUID":"48060570","LANDAREA":0.1535,"PRUID":"48","fed_num":"48004","da_code":"48060570","geo_name":"48060570","name_source":{"label":"Statistics Canada Census Profile 2021 DA WDS","url":"https://www12.statcan.gc.ca/wds-sdw/2021profile-profil2021-eng.cfm"},"population":931,"status":"ok","source":{"label":"Statistics Canada Census Profile 2021 DA WDS","url":"https://www12.statcan.gc.ca/wds-sdw/2021profile-profil2021-eng.cfm"},"community_name":"Calgary","community_source":{"label":"Statistics Canada 2021 census subdivision boundaries (spatial lookup)","url":"https://geo.statcan.gc.ca/geo_wa/rest/services/2021/Cartographic_boundary_files/MapServer/9"},"community_display":"Calgary","is_unorganized":false,"panel_title":"Calgary","display_label":"Calgary","map_label":"48060570"},"geometry":{"type":"MultiPolygon","coordinates":[[[[-114.10213660867655,51.02401286091343],[-114.10210162976583,51.02320246335281],[-114.10053301221576,51.02319945858052],[-114.0996774076353,51.02319625882524],[-114.09910670002438,51.02320006666794],[-114.09910282892267,51.022120566525736],[-114.09761971315119,51.02211965361402],[-114.09760961578925,51.021138942230756],[-114.09762640706207,51.02018595134102],[-114.0990389018084,51.020176069401266],[-114.10050769228407,51.020176548951994],[-114.10196349217176,51.020158762388135],[-114.10340452676375,51.020149554465746],[-114.10342881963811,51.02113055525673],[-114.10343032935072,51.022021157194565],[-114.10488451411507,51.022030179624956],[-114.10489710991587,51.02319988113732],[-114.10452631386792,51.023199663886544],[-114.10453291608282,51.024009381748066],[-114.10213660867655,51.02401286091343]]]]}},{"type":"Feature","properties":{"DGUID":"2021S051248060571","DAUID":"48060571","LANDAREA":0.2286,"PRUID":"48","fed_num":"48004","da_code":"48060571","geo_name":"48060571","name_source":{"label":"Statistics Canada Census Profile 2021 DA WDS","url":"https://www12.statcan.gc.ca/wds-sdw/2021profile-profil2021-eng.cfm"},"population":759,"status":"ok","source":{"label":"Statistics Canada Census Profile 2021 DA WDS","url":"https://www12.statcan.gc.ca/wds-sdw/2021profile-profil2021-eng.cfm"},"community_name":"Calgary","community_source":{"label":"Statistics Canada 2021 census subdivision boundaries (spatial lookup)","url":"https://geo.statcan.gc.ca/geo_wa/rest/services/2021/Cartographic_boundary_files/MapServer/9"},"community_display":"Calgary","is_unorganized":false,"panel_title":"Calgary","display_label":"Calgary","map_label":"48060571"},"geometry":{"type":"MultiPolygon","coordinates":[[[[-114.0996404134426,51.02675728399588],[-114.0971871273383,51.02675927843531],[-114.09717249253308,51.02767637613542],[-114.09471679975559,51.02771429163039],[-114.09472060513788,51.02742647619088],[-114.0947183290788,51.0267788772718],[-114.09471882517632,51.02608627990488],[-114.09470639547276,51.0249165693685],[-114.09470449320406,51.02403507027991],[-114.09715888676679,51.024015164899815],[-114.09965489046795,51.02401416303497],[-114.10213660867655,51.02401286091343],[-114.10453291608282,51.024009381748066],[-114.10454762220738,51.02491816829817],[-114.10454741098995,51.02583567372796],[-114.10454671032346,51.026762079218955],[-114.10209333070523,51.02676418430422],[-114.0996404134426,51.02675728399588]]]]}},{"type":"Feature","properties":{"DGUID":"2021S051248060572","DAUID":"48060572","LANDAREA":0.1062,"PRUID":"48","fed_num":"48004","da_code":"48060572","geo_name":"48060572","name_source":{"label":"Statistics Canada Census Profile 2021 DA WDS","url":"https://www12.statcan.gc.ca/wds-sdw/2021profile-profil2021-eng.cfm"},"population":791,"status":"ok","source":{"label":"Statistics Canada Census Profile 2021 DA WDS","url":"https://www12.statcan.gc.ca/wds-sdw/2021profile-profil2021-eng.cfm"},"community_name":"Calgary","community_source":{"label":"Statistics Canada 2021 census subdivision boundaries (spatial lookup)","url":"https://geo.statcan.gc.ca/geo_wa/rest/services/2021/Cartographic_boundary_files/MapServer/9"},"community_display":"Calgary","is_unorganized":false,"panel_title":"Calgary","display_label":"Calgary","map_label":"48060572"},"geometry":{"type":"MultiPolygon","coordinates":[[[[-114.09717249253308,51.02767637613542],[-114.0971871273383,51.02675927843531],[-114.0996404134426,51.02675728399588],[-114.10209333070523,51.02676418430422],[-114.10209361272015,51.02767267403568],[-114.10209291183054,51.02859918244044],[-114.10210692244073,51.02951699667288],[-114.10209083778153,51.03046109195461],[-114.09962301829553,51.03046279810456],[-114.09966762883359,51.02951937447553],[-114.09966792676549,51.02860189103675],[-114.09715742233121,51.02860247124713],[-114.09717249253308,51.02767637613542]]]]}},{"type":"Feature","properties":{"DGUID":"2021S051248060573","DAUID":"48060573","LANDAREA":0.0885,"PRUID":"48","fed_num":"48004","da_code":"48060573","geo_name":"48060573","name_source":{"label":"Statistics Canada Census Profile 2021 DA WDS","url":"https://www12.statcan.gc.ca/wds-sdw/2021profile-profil2021-eng.cfm"},"population":650,"status":"ok","source":{"label":"Statistics Canada Census Profile 2021 DA WDS","url":"https://www12.statcan.gc.ca/wds-sdw/2021profile-profil2021-eng.cfm"},"community_name":"Calgary","community_source":{"label":"Statistics Canada 2021 census subdivision boundaries (spatial lookup)","url":"https://geo.statcan.gc.ca/geo_wa/rest/services/2021/Cartographic_boundary_files/MapServer/9"},"community_display":"Calgary","is_unorganized":false,"panel_title":"Calgary","display_label":"Calgary","map_label":"48060573"},"geometry":{"type":"MultiPolygon","coordinates":[[[[-114.09471821445703,51.02860477931123],[-114.09471679975559,51.02771429163039],[-114.09717249253308,51.02767637613542],[-114.09715742233121,51.02860247124713],[-114.09966792676549,51.02860189103675],[-114.09966762883359,51.02951937447553],[-114.09962301829553,51.03046279810456],[-114.0994663326525,51.03045888184086],[-114.09833999304803,51.03044888065277],[-114.0971568321396,51.03043749604773],[-114.09592970768371,51.03044289281184],[-114.09471580128995,51.03046668900764],[-114.09471781862399,51.029522287050476],[-114.09471821445703,51.02860477931123]]]]}},{"type":"Feature","properties":{"DGUID":"2021S051248060574","DAUID":"48060574","LANDAREA":0.0768,"PRUID":"48","fed_num":"48004","da_code":"48060574","geo_name":"48060574","name_source":{"label":"Statistics Canada Census Profile 2021 DA WDS","url":"https://www12.statcan.gc.ca/wds-sdw/2021profile-profil2021-eng.cfm"},"population":634,"status":"ok","source":{"label":"Statistics Canada Census Profile 2021 DA WDS","url":"https://www12.statcan.gc.ca/wds-sdw/2021profile-profil2021-eng.cfm"},"community_name":"Calgary","community_source":{"label":"Statistics Canada 2021 census subdivision boundaries (spatial lookup)","url":"https://geo.statcan.gc.ca/geo_wa/rest/services/2021/Cartographic_boundary_files/MapServer/9"},"community_display":"Calgary","is_unorganized":false,"panel_title":"Calgary","display_label":"Calgary","map_label":"48060574"},"geometry":{"type":"MultiPolygon","coordinates":[[[[-114.0978329182412,51.03217228687639],[-114.09784991466329,51.03144409367834],[-114.09829250827238,51.03143710388374],[-114.09833999304803,51.03044888065277],[-114.0994663326525,51.03045888184086],[-114.09962301829553,51.03046279810456],[-114.10209083778153,51.03046109195461],[-114.10184401695653,51.03144437809328],[-114.1018327126975,51.03322509040574],[-114.10126133785258,51.0332378987468],[-114.10040610435037,51.03322559327147],[-114.10000623387712,51.03323370092925],[-114.09942170828089,51.0332282067573],[-114.09889353211487,51.03323300100861],[-114.0989013151262,51.03242369675758],[-114.09806210821057,51.032384890915345],[-114.09785691903397,51.03224478723278],[-114.0978329182412,51.03217228687639]]]]}},{"type":"Feature","properties":{"DGUID":"2021S051248060575","DAUID":"48060575","LANDAREA":0.0655,"PRUID":"48","fed_num":"48004","da_code":"48060575","geo_name":"48060575","name_source":{"label":"Statistics Canada Census Profile 2021 DA WDS","url":"https://www12.statcan.gc.ca/wds-sdw/2021profile-profil2021-eng.cfm"},"population":584,"status":"ok","source":{"label":"Statistics Canada Census Profile 2021 DA WDS","url":"https://www12.statcan.gc.ca/wds-sdw/2021profile-profil2021-eng.cfm"},"community_name":"Calgary","community_source":{"label":"Statistics Canada 2021 census subdivision boundaries (spatial lookup)","url":"https://geo.statcan.gc.ca/geo_wa/rest/services/2021/Cartographic_boundary_files/MapServer/9"},"community_display":"Calgary","is_unorganized":false,"panel_title":"Calgary","display_label":"Calgary","map_label":"48060575"},"geometry":{"type":"MultiPolygon","coordinates":[[[[-114.09471362001463,51.03323708964417],[-114.09471542158079,51.032067799047574],[-114.09471203263419,51.03143798769648],[-114.09471580128995,51.03046668900764],[-114.09592970768371,51.03044289281184],[-114.0971568321396,51.03043749604773],[-114.09833999304803,51.03044888065277],[-114.09829250827238,51.03143710388374],[-114.09784991466329,51.03144409367834],[-114.0978329182412,51.03217228687639],[-114.09710653499646,51.032154194745715],[-114.0970961192689,51.03323328263065],[-114.09592653239046,51.03323130288182],[-114.09471362001463,51.03323708964417]]]]}},{"type":"Feature","properties":{"DGUID":"2021S051248060576","DAUID":"48060576","LANDAREA":0.0695,"PRUID":"48","fed_num":"48004","da_code":"48060576","geo_name":"48060576","name_source":{"label":"Statistics Canada Census Profile 2021 DA WDS","url":"https://www12.statcan.gc.ca/wds-sdw/2021profile-profil2021-eng.cfm"},"population":522,"status":"ok","source":{"label":"Statistics Canada Census Profile 2021 DA WDS","url":"https://www12.statcan.gc.ca/wds-sdw/2021profile-profil2021-eng.cfm"},"community_name":"Calgary","community_source":{"label":"Statistics Canada 2021 census subdivision boundaries (spatial lookup)","url":"https://geo.statcan.gc.ca/geo_wa/rest/services/2021/Cartographic_boundary_files/MapServer/9"},"community_display":"Calgary","is_unorganized":false,"panel_title":"Calgary","display_label":"Calgary","map_label":"48060576"},"geometry":{"type":"MultiPolygon","coordinates":[[[[-114.0970961192689,51.03323328263065],[-114.09710653499646,51.032154194745715],[-114.0978329182412,51.03217228687639],[-114.09785691903397,51.03224478723278],[-114.09806210821057,51.032384890915345],[-114.0989013151262,51.03242369675758],[-114.09889353211487,51.03323300100861],[-114.09942170828089,51.0332282067573],[-114.10000623387712,51.03323370092925],[-114.10040610435037,51.03322559327147],[-114.10126133785258,51.0332378987468],[-114.10126640118541,51.03498298939745],[-114.10041120108532,51.034970805511016],[-114.10025402495702,51.0349758941165],[-114.09885590879252,51.03497711081733],[-114.09747203761293,51.034978697287826],[-114.09710110904088,51.03497848624211],[-114.09714780928437,51.034916697977],[-114.09713294426858,51.034241703351015],[-114.0970961192689,51.03323328263065]]]]}},{"type":"Feature","properties":{"DGUID":"2021S051248060577","DAUID":"48060577","LANDAREA":0.0498,"PRUID":"48","fed_num":"48004","da_code":"48060577","geo_name":"48060577","name_source":{"label":"Statistics Canada Census Profile 2021 DA WDS","url":"https://www12.statcan.gc.ca/wds-sdw/2021profile-profil2021-eng.cfm"},"population":550,"status":"ok","source":{"label":"Statistics Canada Census Profile 2021 DA WDS","url":"https://www12.statcan.gc.ca/wds-sdw/2021profile-profil2021-eng.cfm"},"community_name":"Calgary","community_source":{"label":"Statistics Canada 2021 census subdivision boundaries (spatial lookup)","url":"https://geo.statcan.gc.ca/geo_wa/rest/services/2021/Cartographic_boundary_files/MapServer/9"},"community_display":"Calgary","is_unorganized":false,"panel_title":"Calgary","display_label":"Calgary","map_label":"48060577"},"geometry":{"type":"MultiPolygon","coordinates":[[[[-114.09472042563658,51.035863707062596],[-114.09471853971219,51.03498220274405],[-114.09472020696225,51.034271584359075],[-114.09471362001463,51.03323708964417],[-114.09592653239046,51.03323130288182],[-114.0970961192689,51.03323328263065],[-114.09713294426858,51.034241703351015],[-114.09714780928437,51.034916697977],[-114.09710110904088,51.03497848624211],[-114.0960881418194,51.03498029794313],[-114.09610320811151,51.03656371029708],[-114.09471930938504,51.03656530763272],[-114.09472042563658,51.035863707062596]]]]}},{"type":"Feature","properties":{"DGUID":"2021S051248060578","DAUID":"48060578","LANDAREA":0.0886,"PRUID":"48","fed_num":"48004","da_code":"48060578","geo_name":"48060578","name_source":{"label":"Statistics Canada Census Profile 2021 DA WDS","url":"https://www12.statcan.gc.ca/wds-sdw/2021profile-profil2021-eng.cfm"},"population":616,"status":"ok","source":{"label":"Statistics Canada Census Profile 2021 DA WDS","url":"https://www12.statcan.gc.ca/wds-sdw/2021profile-profil2021-eng.cfm"},"community_name":"Calgary","community_source":{"label":"Statistics Canada 2021 census subdivision boundaries (spatial lookup)","url":"https://geo.statcan.gc.ca/geo_wa/rest/services/2021/Cartographic_boundary_files/MapServer/9"},"community_display":"Calgary","is_unorganized":false,"panel_title":"Calgary","display_label":"Calgary","map_label":"48060578"},"geometry":{"type":"MultiPolygon","coordinates":[[[[-114.09472611199722,51.03782469747915],[-114.09471930938504,51.03656530763272],[-114.09610320811151,51.03656371029708],[-114.0960881418194,51.03498029794313],[-114.09710110904088,51.03497848624211],[-114.09747203761293,51.034978697287826],[-114.09885590879252,51.03497711081733],[-114.09887099838103,51.03656059794044],[-114.10026920525539,51.03655929036141],[-114.10026184669009,51.03674389676298],[-114.10021860582539,51.03782629469999],[-114.0992631098517,51.037820613999116],[-114.09884893357639,51.03782830418215],[-114.09864950281334,51.037823407774745],[-114.09760790802049,51.03782449894916],[-114.09726552838517,51.03782490963874],[-114.0965094246142,51.037824110893936],[-114.09472611199722,51.03782469747915]]]]}},{"type":"Feature","properties":{"DGUID":"2021S051248060580","DAUID":"48060580","LANDAREA":0.0388,"PRUID":"48","fed_num":"48004","da_code":"48060580","geo_name":"48060580","name_source":{"label":"Statistics Canada Census Profile 2021 DA WDS","url":"https://www12.statcan.gc.ca/wds-sdw/2021profile-profil2021-eng.cfm"},"population":920,"status":"ok","source":{"label":"Statistics Canada Census Profile 2021 DA WDS","url":"https://www12.statcan.gc.ca/wds-sdw/2021profile-profil2021-eng.cfm"},"community_name":"Calgary","community_source":{"label":"Statistics Canada 2021 census subdivision boundaries (spatial lookup)","url":"https://geo.statcan.gc.ca/geo_wa/rest/services/2021/Cartographic_boundary_files/MapServer/9"},"community_display":"Calgary","is_unorganized":false,"panel_title":"Calgary","display_label":"Calgary","map_label":"48060580"},"geometry":{"type":"MultiPolygon","coordinates":[[[[-114.09167832290926,51.03842350907944],[-114.09173080730922,51.03781319042177],[-114.0930999280921,51.03782029905428],[-114.09472611199722,51.03782469747915],[-114.09472490462329,51.03852629591427],[-114.09472183062077,51.03948870158526],[-114.09158903273018,51.039392704775686],[-114.09167832290926,51.03842350907944]]]]}},{"type":"Feature","properties":{"DGUID":"2021S051248060581","DAUID":"48060581","LANDAREA":0.0227,"PRUID":"48","fed_num":"48004","da_code":"48060581","geo_name":"48060581","name_source":{"label":"Statistics Canada Census Profile 2021 DA WDS","url":"https://www12.statcan.gc.ca/wds-sdw/2021profile-profil2021-eng.cfm"},"population":334,"status":"ok","source":{"label":"Statistics Canada Census Profile 2021 DA WDS","url":"https://www12.statcan.gc.ca/wds-sdw/2021profile-profil2021-eng.cfm"},"community_name":"Calgary","community_source":{"label":"Statistics Canada 2021 census subdivision boundaries (spatial lookup)","url":"https://geo.statcan.gc.ca/geo_wa/rest/services/2021/Cartographic_boundary_files/MapServer/9"},"community_display":"Calgary","is_unorganized":false,"panel_title":"Calgary","display_label":"Calgary","map_label":"48060581"},"geometry":{"type":"MultiPolygon","coordinates":[[[[-114.09151683206161,51.04031741314737],[-114.09155097370432,51.039880086382745],[-114.09158903273018,51.039392704775686],[-114.09472183062077,51.03948870158526],[-114.0947362118671,51.040397502848045],[-114.09151683206161,51.04031741314737]]]]}},{"type":"Feature","properties":{"DGUID":"2021S051248060582","DAUID":"48060582","LANDAREA":0.024,"PRUID":"48","fed_num":"48004","da_code":"48060582","geo_name":"48060582","name_source":{"label":"Statistics Canada Census Profile 2021 DA WDS","url":"https://www12.statcan.gc.ca/wds-sdw/2021profile-profil2021-eng.cfm"},"population":536,"status":"ok","source":{"label":"Statistics Canada Census Profile 2021 DA WDS","url":"https://www12.statcan.gc.ca/wds-sdw/2021profile-profil2021-eng.cfm"},"community_name":"Calgary","community_source":{"label":"Statistics Canada 2021 census subdivision boundaries (spatial lookup)","url":"https://geo.statcan.gc.ca/geo_wa/rest/services/2021/Cartographic_boundary_files/MapServer/9"},"community_display":"Calgary","is_unorganized":false,"panel_title":"Calgary","display_label":"Calgary","map_label":"48060582"},"geometry":{"type":"MultiPolygon","coordinates":[[[[-114.09147030984124,51.041287693806126],[-114.09151683206161,51.04031741314737],[-114.0947362118671,51.040397502848045],[-114.09473191646384,51.04137790238063],[-114.09449203012302,51.041335912961834],[-114.0934954087692,51.041302098940946],[-114.09147030984124,51.041287693806126]]]]}},{"type":"Feature","properties":{"DGUID":"2021S051248060583","DAUID":"48060583","LANDAREA":0.0335,"PRUID":"48","fed_num":"48004","da_code":"48060583","geo_name":"48060583","name_source":{"label":"Statistics Canada Census Profile 2021 DA WDS","url":"https://www12.statcan.gc.ca/wds-sdw/2021profile-profil2021-eng.cfm"},"population":642,"status":"ok","source":{"label":"Statistics Canada Census Profile 2021 DA WDS","url":"https://www12.statcan.gc.ca/wds-sdw/2021profile-profil2021-eng.cfm"},"community_name":"Calgary","community_source":{"label":"Statistics Canada 2021 census subdivision boundaries (spatial lookup)","url":"https://geo.statcan.gc.ca/geo_wa/rest/services/2021/Cartographic_boundary_files/MapServer/9"},"community_display":"Calgary","is_unorganized":false,"panel_title":"Calgary","display_label":"Calgary","map_label":"48060583"},"geometry":{"type":"MultiPolygon","coordinates":[[[[-114.08896151625963,51.04216060696674],[-114.09147030984124,51.041287693806126],[-114.0934954087692,51.041302098940946],[-114.09449203012302,51.041335912961834],[-114.09473191646384,51.04137790238063],[-114.09470269757173,51.041844924844796],[-114.09464501096886,51.042311217408326],[-114.09388991380916,51.04229241314503],[-114.09139808542231,51.04221230095257],[-114.09008520552074,51.04221559620022],[-114.08896151625963,51.04216060696674]]]]}},{"type":"Feature","properties":{"DGUID":"2021S051248060584","DAUID":"48060584","LANDAREA":0.0276,"PRUID":"48","fed_num":"48004","da_code":"48060584","geo_name":"48060584","name_source":{"label":"Statistics Canada Census Profile 2021 DA WDS","url":"https://www12.statcan.gc.ca/wds-sdw/2021profile-profil2021-eng.cfm"},"population":576,"status":"ok","source":{"label":"Statistics Canada Census Profile 2021 DA WDS","url":"https://www12.statcan.gc.ca/wds-sdw/2021profile-profil2021-eng.cfm"},"community_name":"Calgary","community_source":{"label":"Statistics Canada 2021 census subdivision boundaries (spatial lookup)","url":"https://geo.statcan.gc.ca/geo_wa/rest/services/2021/Cartographic_boundary_files/MapServer/9"},"community_display":"Calgary","is_unorganized":false,"panel_title":"Calgary","display_label":"Calgary","map_label":"48060584"},"geometry":{"type":"MultiPolygon","coordinates":[[[[-114.08902121383962,51.04120871009578],[-114.08908200979424,51.04023869077285],[-114.09151683206161,51.04031741314737],[-114.09147030984124,51.041287693806126],[-114.08896151625963,51.04216060696674],[-114.08902121383962,51.04120871009578]]]]}},{"type":"Feature","properties":{"DGUID":"2021S051248060585","DAUID":"48060585","LANDAREA":0.0367,"PRUID":"48","fed_num":"48004","da_code":"48060585","geo_name":"48060585","name_source":{"label":"Statistics Canada Census Profile 2021 DA WDS","url":"https://www12.statcan.gc.ca/wds-sdw/2021profile-profil2021-eng.cfm"},"population":498,"status":"ok","source":{"label":"Statistics Canada Census Profile 2021 DA WDS","url":"https://www12.statcan.gc.ca/wds-sdw/2021profile-profil2021-eng.cfm"},"community_name":"Calgary","community_source":{"label":"Statistics Canada 2021 census subdivision boundaries (spatial lookup)","url":"https://geo.statcan.gc.ca/geo_wa/rest/services/2021/Cartographic_boundary_files/MapServer/9"},"community_display":"Calgary","is_unorganized":false,"panel_title":"Calgary","display_label":"Calgary","map_label":"48060585"},"geometry":{"type":"MultiPolygon","coordinates":[[[[-114.0866028161036,51.04018590853179],[-114.08667618949782,51.03924330935321],[-114.08915429778807,51.039314114881144],[-114.08911432463864,51.03982514257467],[-114.08908200979424,51.04023869077285],[-114.08902121383962,51.04120871009578],[-114.08654311918599,51.041137898419],[-114.0866028161036,51.04018590853179]]]]}},{"type":"Feature","properties":{"DGUID":"2021S051248060586","DAUID":"48060586","LANDAREA":0.0472,"PRUID":"48","fed_num":"48004","da_code":"48060586","geo_name":"48060586","name_source":{"label":"Statistics Canada Census Profile 2021 DA WDS","url":"https://www12.statcan.gc.ca/wds-sdw/2021profile-profil2021-eng.cfm"},"population":463,"status":"ok","source":{"label":"Statistics Canada Census Profile 2021 DA WDS","url":"https://www12.statcan.gc.ca/wds-sdw/2021profile-profil2021-eng.cfm"},"community_name":"Calgary","community_source":{"label":"Statistics Canada 2021 census subdivision boundaries (spatial lookup)","url":"https://geo.statcan.gc.ca/geo_wa/rest/services/2021/Cartographic_boundary_files/MapServer/9"},"community_display":"Calgary","is_unorganized":false,"panel_title":"Calgary","display_label":"Calgary","map_label":"48060586"},"geometry":{"type":"MultiPolygon","coordinates":[[[[-114.08922881988282,51.03835350431485],[-114.08926310981451,51.03780558922611],[-114.09006189882675,51.03780759736285],[-114.09154561593816,51.037808506262884],[-114.09173080730922,51.03781319042177],[-114.09167832290926,51.03842350907944],[-114.09158903273018,51.039392704775686],[-114.09155097370432,51.039880086382745],[-114.09151683206161,51.04031741314737],[-114.08908200979424,51.04023869077285],[-114.08911432463864,51.03982514257467],[-114.08915429778807,51.039314114881144],[-114.08922881988282,51.03835350431485]]]]}},{"type":"Feature","properties":{"DGUID":"2021S051248060587","DAUID":"48060587","LANDAREA":0.0459,"PRUID":"48","fed_num":"48004","da_code":"48060587","geo_name":"48060587","name_source":{"label":"Statistics Canada Census Profile 2021 DA WDS","url":"https://www12.statcan.gc.ca/wds-sdw/2021profile-profil2021-eng.cfm"},"population":595,"status":"ok","source":{"label":"Statistics Canada Census Profile 2021 DA WDS","url":"https://www12.statcan.gc.ca/wds-sdw/2021profile-profil2021-eng.cfm"},"community_name":"Calgary","community_source":{"label":"Statistics Canada 2021 census subdivision boundaries (spatial lookup)","url":"https://geo.statcan.gc.ca/geo_wa/rest/services/2021/Cartographic_boundary_files/MapServer/9"},"community_display":"Calgary","is_unorganized":false,"panel_title":"Calgary","display_label":"Calgary","map_label":"48060587"},"geometry":{"type":"MultiPolygon","coordinates":[[[[-114.08427279277373,51.038211794692906],[-114.08428169141436,51.03784329205735],[-114.08568100313343,51.03782421027932],[-114.0867659247277,51.03781530211353],[-114.08705129731395,51.037813398079],[-114.0885634956417,51.037815189423114],[-114.08926310981451,51.03780558922611],[-114.08922881988282,51.03835350431485],[-114.08915429778807,51.039314114881144],[-114.08667618949782,51.03924330935321],[-114.08427279277373,51.038211794692906]]]]}},{"type":"Feature","properties":{"DGUID":"2021S051248060590","DAUID":"48060590","LANDAREA":0.1661,"PRUID":"48","fed_num":"48004","da_code":"48060590","geo_name":"48060590","name_source":{"label":"Statistics Canada Census Profile 2021 DA WDS","url":"https://www12.statcan.gc.ca/wds-sdw/2021profile-profil2021-eng.cfm"},"population":435,"status":"ok","source":{"label":"Statistics Canada Census Profile 2021 DA WDS","url":"https://www12.statcan.gc.ca/wds-sdw/2021profile-profil2021-eng.cfm"},"community_name":"Calgary","community_source":{"label":"Statistics Canada 2021 census subdivision boundaries (spatial lookup)","url":"https://geo.statcan.gc.ca/geo_wa/rest/services/2021/Cartographic_boundary_files/MapServer/9"},"community_display":"Calgary","is_unorganized":false,"panel_title":"Calgary","display_label":"Calgary","map_label":"48060590"},"geometry":{"type":"MultiPolygon","coordinates":[[[[-114.08928240973626,51.03385739470567],[-114.08928821641187,51.03240028229801],[-114.08896063306857,51.032392181800155],[-114.08895632680289,51.03041318151033],[-114.0889722977461,51.0297029723257],[-114.09008452494574,51.02993757546615],[-114.09068793518026,51.0300965891256],[-114.09193050372194,51.03029839388861],[-114.09329979725781,51.0307552818767],[-114.093719939287,51.031107493728435],[-114.09439311963288,51.031520083328395],[-114.09452269994689,51.031741204334374],[-114.09471203263419,51.03143798769648],[-114.09471542158079,51.032067799047574],[-114.09471362001463,51.03323708964417],[-114.09472020696225,51.034271584359075],[-114.09307992469168,51.034266796194245],[-114.09208680329522,51.034179085983396],[-114.0915582052289,51.03419288527728],[-114.09143500808683,51.03420045313253],[-114.09082781018215,51.034237703076634],[-114.09003322618298,51.03439779990284],[-114.08946269983294,51.034167683648526],[-114.08929911802647,51.034046702288556],[-114.08928240973626,51.03385739470567]]]]}},{"type":"Feature","properties":{"DGUID":"2021S051248060593","DAUID":"48060593","LANDAREA":0.0531,"PRUID":"48","fed_num":"48004","da_code":"48060593","geo_name":"48060593","name_source":{"label":"Statistics Canada Census Profile 2021 DA WDS","url":"https://www12.statcan.gc.ca/wds-sdw/2021profile-profil2021-eng.cfm"},"population":631,"status":"ok","source":{"label":"Statistics Canada Census Profile 2021 DA WDS","url":"https://www12.statcan.gc.ca/wds-sdw/2021profile-profil2021-eng.cfm"},"community_name":"Calgary","community_source":{"label":"Statistics Canada 2021 census subdivision boundaries (spatial lookup)","url":"https://geo.statcan.gc.ca/geo_wa/rest/services/2021/Cartographic_boundary_files/MapServer/9"},"community_display":"Calgary","is_unorganized":false,"panel_title":"Calgary","display_label":"Calgary","map_label":"48060593"},"geometry":{"type":"MultiPolygon","coordinates":[[[[-114.08182839661822,51.03692749539846],[-114.081827305576,51.036036893625],[-114.0843243848803,51.036027385507325],[-114.08476490346608,51.03605638366467],[-114.08529543220594,51.036240502636055],[-114.08570741439907,51.0362687814301],[-114.08570225926576,51.03657267783514],[-114.08569899347266,51.03676365248862],[-114.08568100313343,51.03782421027932],[-114.08428169141436,51.03784329205735],[-114.08382699911563,51.03781390718285],[-114.08179979003472,51.03783518984963],[-114.08182839661822,51.03692749539846]]]]}},{"type":"Feature","properties":{"DGUID":"2021S051248060595","DAUID":"48060595","LANDAREA":0.0644,"PRUID":"48","fed_num":"48004","da_code":"48060595","geo_name":"48060595","name_source":{"label":"Statistics Canada Census Profile 2021 DA WDS","url":"https://www12.statcan.gc.ca/wds-sdw/2021profile-profil2021-eng.cfm"},"population":1223,"status":"ok","source":{"label":"Statistics Canada Census Profile 2021 DA WDS","url":"https://www12.statcan.gc.ca/wds-sdw/2021profile-profil2021-eng.cfm"},"community_name":"Calgary","community_source":{"label":"Statistics Canada 2021 census subdivision boundaries (spatial lookup)","url":"https://geo.statcan.gc.ca/geo_wa/rest/services/2021/Cartographic_boundary_files/MapServer/9"},"community_display":"Calgary","is_unorganized":false,"panel_title":"Calgary","display_label":"Calgary","map_label":"48060595"},"geometry":{"type":"MultiPolygon","coordinates":[[[[-114.07682010296446,51.03897900062078],[-114.07692149254332,51.037821202322746],[-114.0783054866018,51.037819783439915],[-114.07941817454704,51.03782068891819],[-114.08179979003472,51.03783518984963],[-114.08180740424271,51.03816820113731],[-114.08173389797211,51.03911090849009],[-114.08167518521735,51.04004490670414],[-114.07925468688933,51.03996641167212],[-114.07928438094838,51.039040604370605],[-114.07682010296446,51.03897900062078]]]]}},{"type":"Feature","properties":{"DGUID":"2021S051248060596","DAUID":"48060596","LANDAREA":0.0179,"PRUID":"48","fed_num":"48004","da_code":"48060596","geo_name":"48060596","name_source":{"label":"Statistics Canada Census Profile 2021 DA WDS","url":"https://www12.statcan.gc.ca/wds-sdw/2021profile-profil2021-eng.cfm"},"population":376,"status":"ok","source":{"label":"Statistics Canada Census Profile 2021 DA WDS","url":"https://www12.statcan.gc.ca/wds-sdw/2021profile-profil2021-eng.cfm"},"community_name":"Calgary","community_source":{"label":"Statistics Canada 2021 census subdivision boundaries (spatial lookup)","url":"https://geo.statcan.gc.ca/geo_wa/rest/services/2021/Cartographic_boundary_files/MapServer/9"},"community_display":"Calgary","is_unorganized":false,"panel_title":"Calgary","display_label":"Calgary","map_label":"48060596"},"geometry":{"type":"MultiPolygon","coordinates":[[[[-114.07674807694983,51.0398946031608],[-114.07682010296446,51.03897900062078],[-114.07928438094838,51.039040604370605],[-114.07925468688933,51.03996641167212],[-114.07674807694983,51.0398946031608]]]]}},{"type":"Feature","properties":{"DGUID":"2021S051248060597","DAUID":"48060597","LANDAREA":0.0419,"PRUID":"48","fed_num":"48004","da_code":"48060597","geo_name":"48060597","name_source":{"label":"Statistics Canada Census Profile 2021 DA WDS","url":"https://www12.statcan.gc.ca/wds-sdw/2021profile-profil2021-eng.cfm"},"population":622,"status":"ok","source":{"label":"Statistics Canada Census Profile 2021 DA WDS","url":"https://www12.statcan.gc.ca/wds-sdw/2021profile-profil2021-eng.cfm"},"community_name":"Calgary","community_source":{"label":"Statistics Canada 2021 census subdivision boundaries (spatial lookup)","url":"https://geo.statcan.gc.ca/geo_wa/rest/services/2021/Cartographic_boundary_files/MapServer/9"},"community_display":"Calgary","is_unorganized":false,"panel_title":"Calgary","display_label":"Calgary","map_label":"48060597"},"geometry":{"type":"MultiPolygon","coordinates":[[[[-114.0760180917818,51.04083878384158],[-114.07610766878078,51.03986959027927],[-114.07674807694983,51.0398946031608],[-114.07925468688933,51.03996641167212],[-114.07918047854048,51.04091799860841],[-114.07910641045675,51.04186961033302],[-114.07665609390239,51.04180820001186],[-114.07673027253382,51.04085660547478],[-114.0760180917818,51.04083878384158]]]]}},{"type":"Feature","properties":{"DGUID":"2021S051248060598","DAUID":"48060598","LANDAREA":0.0319,"PRUID":"48","fed_num":"48004","da_code":"48060598","geo_name":"48060598","name_source":{"label":"Statistics Canada Census Profile 2021 DA WDS","url":"https://www12.statcan.gc.ca/wds-sdw/2021profile-profil2021-eng.cfm"},"population":1216,"status":"ok","source":{"label":"Statistics Canada Census Profile 2021 DA WDS","url":"https://www12.statcan.gc.ca/wds-sdw/2021profile-profil2021-eng.cfm"},"community_name":"Calgary","community_source":{"label":"Statistics Canada 2021 census subdivision boundaries (spatial lookup)","url":"https://geo.statcan.gc.ca/geo_wa/rest/services/2021/Cartographic_boundary_files/MapServer/9"},"community_display":"Calgary","is_unorganized":false,"panel_title":"Calgary","display_label":"Calgary","map_label":"48060598"},"geometry":{"type":"MultiPolygon","coordinates":[[[[-114.074252808571,51.04077660099109],[-114.07431279950565,51.03982470051563],[-114.07610766878078,51.03986959027927],[-114.0760180917818,51.04083878384158],[-114.07673027253382,51.04085660547478],[-114.07665609390239,51.04180820001186],[-114.0741780015405,51.041737190868766],[-114.074252808571,51.04077660099109]]]]}},{"type":"Feature","properties":{"DGUID":"2021S051248060599","DAUID":"48060599","LANDAREA":0.0175,"PRUID":"48","fed_num":"48004","da_code":"48060599","geo_name":"48060599","name_source":{"label":"Statistics Canada Census Profile 2021 DA WDS","url":"https://www12.statcan.gc.ca/wds-sdw/2021profile-profil2021-eng.cfm"},"population":401,"status":"ok","source":{"label":"Statistics Canada Census Profile 2021 DA WDS","url":"https://www12.statcan.gc.ca/wds-sdw/2021profile-profil2021-eng.cfm"},"community_name":"Calgary","community_source":{"label":"Statistics Canada 2021 census subdivision boundaries (spatial lookup)","url":"https://geo.statcan.gc.ca/geo_wa/rest/services/2021/Cartographic_boundary_files/MapServer/9"},"community_display":"Calgary","is_unorganized":false,"panel_title":"Calgary","display_label":"Calgary","map_label":"48060599"},"geometry":{"type":"MultiPolygon","coordinates":[[[[-114.07431279950565,51.03982470051563],[-114.07438538043597,51.0388999810782],[-114.07682010296446,51.03897900062078],[-114.07674807694983,51.0398946031608],[-114.07610766878078,51.03986959027927],[-114.07431279950565,51.03982470051563]]]]}},{"type":"Feature","properties":{"DGUID":"2021S051248060600","DAUID":"48060600","LANDAREA":0.0409,"PRUID":"48","fed_num":"48004","da_code":"48060600","geo_name":"48060600","name_source":{"label":"Statistics Canada Census Profile 2021 DA WDS","url":"https://www12.statcan.gc.ca/wds-sdw/2021profile-profil2021-eng.cfm"},"population":528,"status":"ok","source":{"label":"Statistics Canada Census Profile 2021 DA WDS","url":"https://www12.statcan.gc.ca/wds-sdw/2021profile-profil2021-eng.cfm"},"community_name":"Calgary","community_source":{"label":"Statistics Canada 2021 census subdivision boundaries (spatial lookup)","url":"https://geo.statcan.gc.ca/geo_wa/rest/services/2021/Cartographic_boundary_files/MapServer/9"},"community_display":"Calgary","is_unorganized":false,"panel_title":"Calgary","display_label":"Calgary","map_label":"48060600"},"geometry":{"type":"MultiPolygon","coordinates":[[[[-114.07153619943799,51.03973708504102],[-114.07152278468807,51.03881928711509],[-114.07438538043597,51.0388999810782],[-114.07431279950565,51.03982470051563],[-114.074252808571,51.04077660099109],[-114.07154628021553,51.04070879350211],[-114.07153619943799,51.03973708504102]]]]}},{"type":"Feature","properties":{"DGUID":"2021S051248060601","DAUID":"48060601","LANDAREA":0.0441,"PRUID":"48","fed_num":"48004","da_code":"48060601","geo_name":"48060601","name_source":{"label":"Statistics Canada Census Profile 2021 DA WDS","url":"https://www12.statcan.gc.ca/wds-sdw/2021profile-profil2021-eng.cfm"},"population":401,"status":"ok","source":{"label":"Statistics Canada Census Profile 2021 DA WDS","url":"https://www12.statcan.gc.ca/wds-sdw/2021profile-profil2021-eng.cfm"},"community_name":"Calgary","community_source":{"label":"Statistics Canada 2021 census subdivision boundaries (spatial lookup)","url":"https://geo.statcan.gc.ca/geo_wa/rest/services/2021/Cartographic_boundary_files/MapServer/9"},"community_display":"Calgary","is_unorganized":false,"panel_title":"Calgary","display_label":"Calgary","map_label":"48060601"},"geometry":{"type":"MultiPolygon","coordinates":[[[[-114.07152278468807,51.03881928711509],[-114.07152698556773,51.037847886713905],[-114.0742094882463,51.03784318422973],[-114.07435189166497,51.03784678956357],[-114.07450918396319,51.037841690437574],[-114.07557967974745,51.037832497339394],[-114.07692149254332,51.037821202322746],[-114.07682010296446,51.03897900062078],[-114.07438538043597,51.0388999810782],[-114.07152278468807,51.03881928711509]]]]}},{"type":"Feature","properties":{"DGUID":"2021S051248060602","DAUID":"48060602","LANDAREA":0.0445,"PRUID":"48","fed_num":"48004","da_code":"48060602","geo_name":"48060602","name_source":{"label":"Statistics Canada Census Profile 2021 DA WDS","url":"https://www12.statcan.gc.ca/wds-sdw/2021profile-profil2021-eng.cfm"},"population":521,"status":"ok","source":{"label":"Statistics Canada Census Profile 2021 DA WDS","url":"https://www12.statcan.gc.ca/wds-sdw/2021profile-profil2021-eng.cfm"},"community_name":"Calgary","community_source":{"label":"Statistics Canada 2021 census subdivision boundaries (spatial lookup)","url":"https://geo.statcan.gc.ca/geo_wa/rest/services/2021/Cartographic_boundary_files/MapServer/9"},"community_display":"Calgary","is_unorganized":false,"panel_title":"Calgary","display_label":"Calgary","map_label":"48060602"},"geometry":{"type":"MultiPolygon","coordinates":[[[[-114.06847557877052,51.0387247882742],[-114.06853120639883,51.037844693000565],[-114.07152698556773,51.037847886713905],[-114.07152278468807,51.03881928711509],[-114.07153619943799,51.03973708504102],[-114.06841487920147,51.039685678780295],[-114.06847557877052,51.0387247882742]]]]}},{"type":"Feature","properties":{"DGUID":"2021S051248060603","DAUID":"48060603","LANDAREA":0.0237,"PRUID":"48","fed_num":"48004","da_code":"48060603","geo_name":"48060603","name_source":{"label":"Statistics Canada Census Profile 2021 DA WDS","url":"https://www12.statcan.gc.ca/wds-sdw/2021profile-profil2021-eng.cfm"},"population":717,"status":"ok","source":{"label":"Statistics Canada Census Profile 2021 DA WDS","url":"https://www12.statcan.gc.ca/wds-sdw/2021profile-profil2021-eng.cfm"},"community_name":"Calgary","community_source":{"label":"Statistics Canada 2021 census subdivision boundaries (spatial lookup)","url":"https://geo.statcan.gc.ca/geo_wa/rest/services/2021/Cartographic_boundary_files/MapServer/9"},"community_display":"Calgary","is_unorganized":false,"panel_title":"Calgary","display_label":"Calgary","map_label":"48060603"},"geometry":{"type":"MultiPolygon","coordinates":[[[[-114.06832689949808,51.0406279948924],[-114.06841487920147,51.039685678780295],[-114.07153619943799,51.03973708504102],[-114.07154628021553,51.04070879350211],[-114.06832689949808,51.0406279948924]]]]}},{"type":"Feature","properties":{"DGUID":"2021S051248060604","DAUID":"48060604","LANDAREA":0.0856,"PRUID":"48","fed_num":"48004","da_code":"48060604","geo_name":"48060604","name_source":{"label":"Statistics Canada Census Profile 2021 DA WDS","url":"https://www12.statcan.gc.ca/wds-sdw/2021profile-profil2021-eng.cfm"},"population":1636,"status":"ok","source":{"label":"Statistics Canada Census Profile 2021 DA WDS","url":"https://www12.statcan.gc.ca/wds-sdw/2021profile-profil2021-eng.cfm"},"community_name":"Calgary","community_source":{"label":"Statistics Canada 2021 census subdivision boundaries (spatial lookup)","url":"https://geo.statcan.gc.ca/geo_wa/rest/services/2021/Cartographic_boundary_files/MapServer/9"},"community_display":"Calgary","is_unorganized":false,"panel_title":"Calgary","display_label":"Calgary","map_label":"48060604"},"geometry":{"type":"MultiPolygon","coordinates":[[[[-114.06355364537829,51.04143435719273],[-114.06364220540512,51.040492321725836],[-114.06370961672175,51.03952333830121],[-114.06592438202016,51.0395871964624],[-114.06602557129928,51.03866328894944],[-114.06607726932015,51.037845977942254],[-114.06853120639883,51.037844693000565],[-114.06847557877052,51.0387247882742],[-114.06841487920147,51.039685678780295],[-114.06832689949808,51.0406279948924],[-114.06584937689952,51.04054777614824],[-114.0658222790962,51.04077889145742],[-114.06578928258105,51.04126029620341],[-114.06580348261534,51.041500082430375],[-114.06509140143494,51.04145338551287],[-114.06459203424879,51.041420636675454],[-114.06446779482403,51.0414124898953],[-114.06355364537829,51.04143435719273]]]]}},{"type":"Feature","properties":{"DGUID":"2021S051248060605","DAUID":"48060605","LANDAREA":0.0183,"PRUID":"48","fed_num":"48004","da_code":"48060605","geo_name":"48060605","name_source":{"label":"Statistics Canada Census Profile 2021 DA WDS","url":"https://www12.statcan.gc.ca/wds-sdw/2021profile-profil2021-eng.cfm"},"population":239,"status":"ok","source":{"label":"Statistics Canada Census Profile 2021 DA WDS","url":"https://www12.statcan.gc.ca/wds-sdw/2021profile-profil2021-eng.cfm"},"community_name":"Calgary","community_source":{"label":"Statistics Canada 2021 census subdivision boundaries (spatial lookup)","url":"https://geo.statcan.gc.ca/geo_wa/rest/services/2021/Cartographic_boundary_files/MapServer/9"},"community_display":"Calgary","is_unorganized":false,"panel_title":"Calgary","display_label":"Calgary","map_label":"48060605"},"geometry":{"type":"MultiPolygon","coordinates":[[[[-114.0658222790962,51.04077889145742],[-114.06584937689952,51.04054777614824],[-114.06832689949808,51.0406279948924],[-114.06829527240016,51.041580704800985],[-114.06788436631273,51.041534392997434],[-114.06580348261534,51.041500082430375],[-114.06578928258105,51.04126029620341],[-114.0658222790962,51.04077889145742]]]]}},{"type":"Feature","properties":{"DGUID":"2021S051248060606","DAUID":"48060606","LANDAREA":0.2758,"PRUID":"48","fed_num":"48004","da_code":"48060606","geo_name":"48060606","name_source":{"label":"Statistics Canada Census Profile 2021 DA WDS","url":"https://www12.statcan.gc.ca/wds-sdw/2021profile-profil2021-eng.cfm"},"population":2485,"status":"ok","source":{"label":"Statistics Canada Census Profile 2021 DA WDS","url":"https://www12.statcan.gc.ca/wds-sdw/2021profile-profil2021-eng.cfm"},"community_name":"Calgary","community_source":{"label":"Statistics Canada 2021 census subdivision boundaries (spatial lookup)","url":"https://geo.statcan.gc.ca/geo_wa/rest/services/2021/Cartographic_boundary_files/MapServer/9"},"community_display":"Calgary","is_unorganized":false,"panel_title":"Calgary","display_label":"Calgary","map_label":"48060606"},"geometry":{"type":"MultiPolygon","coordinates":[[[[-114.05947280839987,51.043781392797456],[-114.05841091341625,51.04379008429657],[-114.05828892382331,51.04378757998808],[-114.05827442031064,51.043787271585224],[-114.0582786411368,51.04370648496756],[-114.05830608680535,51.04318237496865],[-114.05837839355402,51.04226667217039],[-114.0584546784167,51.04128816510591],[-114.0608894563809,51.04136747458205],[-114.06336757754354,51.041438795052],[-114.06345292014717,51.04143675729168],[-114.06355364537829,51.04143435719273],[-114.06446779482403,51.0414124898953],[-114.06459203424879,51.041420636675454],[-114.06509140143494,51.04145338551287],[-114.06580348261534,51.041500082430375],[-114.06788436631273,51.041534392997434],[-114.06829527240016,51.041580704800985],[-114.06832689949808,51.0406279948924],[-114.07154628021553,51.04070879350211],[-114.07154369948363,51.04165320471354],[-114.0716101790024,51.04263529845689],[-114.07162186866069,51.043579992294084],[-114.07161286149635,51.04372370054175],[-114.07160063744081,51.0440532942492],[-114.07159502487168,51.04420431909727],[-114.07149422736417,51.044201620868655],[-114.07136521818161,51.044198099342346],[-114.0699168369083,51.04409880229426],[-114.06838482286419,51.04399389305417],[-114.06581482766823,51.04391281366121],[-114.06562302516029,51.043906508648774],[-114.065608553007,51.0439060288628],[-114.0654186196066,51.0438997077134],[-114.06335774979543,51.04383099018433],[-114.06105473718834,51.043754193405405],[-114.06088792987235,51.04375508782048],[-114.06070992235723,51.04375610022168],[-114.0606953838323,51.04375618565058],[-114.06053103115448,51.04375709470921],[-114.05992803993107,51.043760500090244],[-114.05947280839987,51.043781392797456]]]]}},{"type":"Feature","properties":{"DGUID":"2021S051248060607","DAUID":"48060607","LANDAREA":0.1411,"PRUID":"48","fed_num":"48004","da_code":"48060607","geo_name":"48060607","name_source":{"label":"Statistics Canada Census Profile 2021 DA WDS","url":"https://www12.statcan.gc.ca/wds-sdw/2021profile-profil2021-eng.cfm"},"population":1863,"status":"ok","source":{"label":"Statistics Canada Census Profile 2021 DA WDS","url":"https://www12.statcan.gc.ca/wds-sdw/2021profile-profil2021-eng.cfm"},"community_name":"Calgary","community_source":{"label":"Statistics Canada 2021 census subdivision boundaries (spatial lookup)","url":"https://geo.statcan.gc.ca/geo_wa/rest/services/2021/Cartographic_boundary_files/MapServer/9"},"community_display":"Calgary","is_unorganized":false,"panel_title":"Calgary","display_label":"Calgary","map_label":"48060607"},"geometry":{"type":"MultiPolygon","coordinates":[[[[-114.05866528225268,51.0384150759485],[-114.05871539872754,51.03784967819164],[-114.0611413661316,51.037838772068],[-114.06363929665604,51.03782068708983],[-114.06372105625934,51.03782153431959],[-114.06379464656813,51.03782230074784],[-114.06376966634654,51.03858988471772],[-114.06370961672175,51.03952333830121],[-114.06364220540512,51.040492321725836],[-114.06355364537829,51.04143435719273],[-114.06345292014717,51.04143675729168],[-114.06336757754354,51.041438795052],[-114.0608894563809,51.04136747458205],[-114.0584546784167,51.04128816510591],[-114.05851326938725,51.040363167687325],[-114.05858835434265,51.03940099222798],[-114.05866528225268,51.0384150759485]]]]}},{"type":"Feature","properties":{"DGUID":"2021S051248060610","DAUID":"48060610","LANDAREA":0.0737,"PRUID":"48","fed_num":"48004","da_code":"48060610","geo_name":"48060610","name_source":{"label":"Statistics Canada Census Profile 2021 DA WDS","url":"https://www12.statcan.gc.ca/wds-sdw/2021profile-profil2021-eng.cfm"},"population":533,"status":"ok","source":{"label":"Statistics Canada Census Profile 2021 DA WDS","url":"https://www12.statcan.gc.ca/wds-sdw/2021profile-profil2021-eng.cfm"},"community_name":"Calgary","community_source":{"label":"Statistics Canada 2021 census subdivision boundaries (spatial lookup)","url":"https://geo.statcan.gc.ca/geo_wa/rest/services/2021/Cartographic_boundary_files/MapServer/9"},"community_display":"Calgary","is_unorganized":false,"panel_title":"Calgary","display_label":"Calgary","map_label":"48060610"},"geometry":{"type":"MultiPolygon","coordinates":[[[[-114.0641639031462,51.03208483278789],[-114.06434663352638,51.03133536111899],[-114.0644475385535,51.03133830949409],[-114.06654170679634,51.03139937703627],[-114.06897658602844,51.03146946291367],[-114.0688748894406,51.03240238184752],[-114.06887250057555,51.03248387960257],[-114.0688660501905,51.03266909339555],[-114.06886452835718,51.03271457066343],[-114.06884328361782,51.03335506626344],[-114.06881380782588,51.033822060543265],[-114.0687551947253,51.03429728390811],[-114.06782940451643,51.03427407327399],[-114.06751750629311,51.034265330004196],[-114.06751581046704,51.03392443797756],[-114.0674871169199,51.033835232495804],[-114.06718871472076,51.03353324202523],[-114.06701109761661,51.033416232447735],[-114.06657998927868,51.03327272548731],[-114.06628629254351,51.033225744613766],[-114.06567161808489,51.03313693931492],[-114.06519939443577,51.03300154091438],[-114.06488330697196,51.032816631667785],[-114.0641639031462,51.03208483278789]]]]}},{"type":"Feature","properties":{"DGUID":"2021S051248060611","DAUID":"48060611","LANDAREA":0.0545,"PRUID":"48","fed_num":"48004","da_code":"48060611","geo_name":"48060611","name_source":{"label":"Statistics Canada Census Profile 2021 DA WDS","url":"https://www12.statcan.gc.ca/wds-sdw/2021profile-profil2021-eng.cfm"},"population":699,"status":"ok","source":{"label":"Statistics Canada Census Profile 2021 DA WDS","url":"https://www12.statcan.gc.ca/wds-sdw/2021profile-profil2021-eng.cfm"},"community_name":"Calgary","community_source":{"label":"Statistics Canada 2021 census subdivision boundaries (spatial lookup)","url":"https://geo.statcan.gc.ca/geo_wa/rest/services/2021/Cartographic_boundary_files/MapServer/9"},"community_display":"Calgary","is_unorganized":false,"panel_title":"Calgary","display_label":"Calgary","map_label":"48060611"},"geometry":{"type":"MultiPolygon","coordinates":[[[[-114.06434663352638,51.03133536111899],[-114.06396337815346,51.03081958403253],[-114.06380104853969,51.03041440463356],[-114.06390848538469,51.030406658276675],[-114.06660191089475,51.03044736254585],[-114.06667337907541,51.02954067316037],[-114.06910814952079,51.029610534217355],[-114.06917940484122,51.029612572526744],[-114.06909481795562,51.0305009766852],[-114.06897658602844,51.03146946291367],[-114.06654170679634,51.03139937703627],[-114.0644475385535,51.03133830949409],[-114.06434663352638,51.03133536111899]]]]}},{"type":"Feature","properties":{"DGUID":"2021S051248060612","DAUID":"48060612","LANDAREA":0.0349,"PRUID":"48","fed_num":"48004","da_code":"48060612","geo_name":"48060612","name_source":{"label":"Statistics Canada Census Profile 2021 DA WDS","url":"https://www12.statcan.gc.ca/wds-sdw/2021profile-profil2021-eng.cfm"},"population":882,"status":"ok","source":{"label":"Statistics Canada Census Profile 2021 DA WDS","url":"https://www12.statcan.gc.ca/wds-sdw/2021profile-profil2021-eng.cfm"},"community_name":"Calgary","community_source":{"label":"Statistics Canada 2021 census subdivision boundaries (spatial lookup)","url":"https://geo.statcan.gc.ca/geo_wa/rest/services/2021/Cartographic_boundary_files/MapServer/9"},"community_display":"Calgary","is_unorganized":false,"panel_title":"Calgary","display_label":"Calgary","map_label":"48060612"},"geometry":{"type":"MultiPolygon","coordinates":[[[[-114.06380104853969,51.03041440463356],[-114.06355337673695,51.029796321312894],[-114.0635592164108,51.029501427170075],[-114.06362108495543,51.029290317079024],[-114.06382020001689,51.02905253298452],[-114.06417760179828,51.02883112502276],[-114.06432009545267,51.02878441367045],[-114.0646474213003,51.02877752960496],[-114.06598045118291,51.028942417788706],[-114.06657511031584,51.02906867309722],[-114.06760527208736,51.0294000487058],[-114.06795897274137,51.029416452557236],[-114.0684374168251,51.02941779973052],[-114.06921896195716,51.029427911515526],[-114.06917940484122,51.029612572526744],[-114.06910814952079,51.029610534217355],[-114.06667337907541,51.02954067316037],[-114.06660191089475,51.03044736254585],[-114.06390848538469,51.030406658276675],[-114.06380104853969,51.03041440463356]]]]}},{"type":"Feature","properties":{"DGUID":"2021S051248060613","DAUID":"48060613","LANDAREA":0.0409,"PRUID":"48","fed_num":"48004","da_code":"48060613","geo_name":"48060613","name_source":{"label":"Statistics Canada Census Profile 2021 DA WDS","url":"https://www12.statcan.gc.ca/wds-sdw/2021profile-profil2021-eng.cfm"},"population":610,"status":"ok","source":{"label":"Statistics Canada Census Profile 2021 DA WDS","url":"https://www12.statcan.gc.ca/wds-sdw/2021profile-profil2021-eng.cfm"},"community_name":"Calgary","community_source":{"label":"Statistics Canada 2021 census subdivision boundaries (spatial lookup)","url":"https://geo.statcan.gc.ca/geo_wa/rest/services/2021/Cartographic_boundary_files/MapServer/9"},"community_display":"Calgary","is_unorganized":false,"panel_title":"Calgary","display_label":"Calgary","map_label":"48060613"},"geometry":{"type":"MultiPolygon","coordinates":[[[[-114.06917940484122,51.029612572526744],[-114.06921896195716,51.029427911515526],[-114.07013748095716,51.02933771626272],[-114.07122910883365,51.02929552708303],[-114.07150898653687,51.029345219108706],[-114.0715179789033,51.02934725753939],[-114.07152239831923,51.029554455202344],[-114.07152917912188,51.02967157033073],[-114.07153160157486,51.029860558537834],[-114.07153127382026,51.030544167024246],[-114.07152589237528,51.031533464967566],[-114.06897658602844,51.03146946291367],[-114.06909481795562,51.0305009766852],[-114.06917940484122,51.029612572526744]]]]}},{"type":"Feature","properties":{"DGUID":"2021S051248060614","DAUID":"48060614","LANDAREA":0.1956,"PRUID":"48","fed_num":"48004","da_code":"48060614","geo_name":"48060614","name_source":{"label":"Statistics Canada Census Profile 2021 DA WDS","url":"https://www12.statcan.gc.ca/wds-sdw/2021profile-profil2021-eng.cfm"},"population":417,"status":"ok","source":{"label":"Statistics Canada Census Profile 2021 DA WDS","url":"https://www12.statcan.gc.ca/wds-sdw/2021profile-profil2021-eng.cfm"},"community_name":"Calgary","community_source":{"label":"Statistics Canada 2021 census subdivision boundaries (spatial lookup)","url":"https://geo.statcan.gc.ca/geo_wa/rest/services/2021/Cartographic_boundary_files/MapServer/9"},"community_display":"Calgary","is_unorganized":false,"panel_title":"Calgary","display_label":"Calgary","map_label":"48060614"},"geometry":{"type":"MultiPolygon","coordinates":[[[[-114.06574981498198,51.02632426512294],[-114.0662149813405,51.02325066554104],[-114.0671880954437,51.02410266455354],[-114.06743529445953,51.02425286406894],[-114.06773037733814,51.02432315796643],[-114.06944271745084,51.024537056076085],[-114.06975079014417,51.024625757093354],[-114.07041281131704,51.0249841489841],[-114.07081399328544,51.02540806116106],[-114.07119921662549,51.026246659930244],[-114.07129809350376,51.02630336933871],[-114.07143990385144,51.0267909554744],[-114.0715193017684,51.02734165988196],[-114.07150369071522,51.02826776510306],[-114.07150440352332,51.02870847446833],[-114.07151674653022,51.02928952631033],[-114.0715179789033,51.02934725753939],[-114.07150898653687,51.029345219108706],[-114.07122910883365,51.02929552708303],[-114.07013748095716,51.02933771626272],[-114.06921896195716,51.029427911515526],[-114.0684374168251,51.02941779973052],[-114.06795897274137,51.029416452557236],[-114.06760527208736,51.0294000487058],[-114.06657511031584,51.02906867309722],[-114.06598045118291,51.028942417788706],[-114.06599865722258,51.02883066808591],[-114.0659985695581,51.02882143709166],[-114.06596428568471,51.02873456340686],[-114.0657091832622,51.028095253664034],[-114.06565030030842,51.02699624439146],[-114.06574981498198,51.02632426512294]]]]}},{"type":"Feature","properties":{"DGUID":"2021S051248060615","DAUID":"48060615","LANDAREA":0.1677,"PRUID":"48","fed_num":"48004","da_code":"48060615","geo_name":"48060615","name_source":{"label":"Statistics Canada Census Profile 2021 DA WDS","url":"https://www12.statcan.gc.ca/wds-sdw/2021profile-profil2021-eng.cfm"},"population":529,"status":"ok","source":{"label":"Statistics Canada Census Profile 2021 DA WDS","url":"https://www12.statcan.gc.ca/wds-sdw/2021profile-profil2021-eng.cfm"},"community_name":"Calgary","community_source":{"label":"Statistics Canada 2021 census subdivision boundaries (spatial lookup)","url":"https://geo.statcan.gc.ca/geo_wa/rest/services/2021/Cartographic_boundary_files/MapServer/9"},"community_display":"Calgary","is_unorganized":false,"panel_title":"Calgary","display_label":"Calgary","map_label":"48060615"},"geometry":{"type":"MultiPolygon","coordinates":[[[[-114.07146940114976,51.02338265427617],[-114.07148190510166,51.02318503951939],[-114.07221088816537,51.02315834983618],[-114.07240629214287,51.0232262659886],[-114.07440592441733,51.02341475548427],[-114.07566161244318,51.02339775433518],[-114.0758325872927,51.0236268431881],[-114.07654438293758,51.02455125197855],[-114.07682138440929,51.02491096020394],[-114.07659090369096,51.02539986408074],[-114.07626441167432,51.02628225204317],[-114.07613868804007,51.02669285737957],[-114.07441519829052,51.027108362799304],[-114.07298471444201,51.02807996623728],[-114.07150369071522,51.02826776510306],[-114.0715193017684,51.02734165988196],[-114.07143990385144,51.0267909554744],[-114.07129809350376,51.02630336933871],[-114.07137618392235,51.02622853106228],[-114.07141378912888,51.02619247495997],[-114.07138532003518,51.02612348535154],[-114.07087528980445,51.02488786911833],[-114.0707857058197,51.02449884578003],[-114.07086369549484,51.02416794216113],[-114.07146940114976,51.02338265427617]]]]}},{"type":"Feature","properties":{"DGUID":"2021S051248060616","DAUID":"48060616","LANDAREA":0.3843,"PRUID":"48","fed_num":"48004","da_code":"48060616","geo_name":"48060616","name_source":{"label":"Statistics Canada Census Profile 2021 DA WDS","url":"https://www12.statcan.gc.ca/wds-sdw/2021profile-profil2021-eng.cfm"},"population":538,"status":"ok","source":{"label":"Statistics Canada Census Profile 2021 DA WDS","url":"https://www12.statcan.gc.ca/wds-sdw/2021profile-profil2021-eng.cfm"},"community_name":"Calgary","community_source":{"label":"Statistics Canada 2021 census subdivision boundaries (spatial lookup)","url":"https://geo.statcan.gc.ca/geo_wa/rest/services/2021/Cartographic_boundary_files/MapServer/9"},"community_display":"Calgary","is_unorganized":false,"panel_title":"Calgary","display_label":"Calgary","map_label":"48060616"},"geometry":{"type":"MultiPolygon","coordinates":[[[[-114.07936012006067,51.03126188166069],[-114.07838988271035,51.031264683095614],[-114.07825950559281,51.03129737236598],[-114.07769618269784,51.03163408123491],[-114.07739148284813,51.03171637549025],[-114.0769572978001,51.03158856683591],[-114.0767487962597,51.031502368827304],[-114.07639429595397,51.031241663579436],[-114.07574338123733,51.030478764635326],[-114.07516840533187,51.03009556684273],[-114.07482999719743,51.03003316186128],[-114.07448417548423,51.030087469778074],[-114.07438060763496,51.03014775681015],[-114.0742383837334,51.03059397556051],[-114.07332628218433,51.03058016525598],[-114.07153127382026,51.030544167024246],[-114.07153160157486,51.029860558537834],[-114.07152917912188,51.02967157033073],[-114.07152239831923,51.029554455202344],[-114.0715179789033,51.02934725753939],[-114.07151674653022,51.02928952631033],[-114.07150440352332,51.02870847446833],[-114.07150369071522,51.02826776510306],[-114.07298471444201,51.02807996623728],[-114.07441519829052,51.027108362799304],[-114.07613868804007,51.02669285737957],[-114.07626441167432,51.02628225204317],[-114.07659090369096,51.02539986408074],[-114.07682138440929,51.02491096020394],[-114.07654438293758,51.02455125197855],[-114.0758325872927,51.0236268431881],[-114.07566161244318,51.02339775433518],[-114.07601412490827,51.02337063917679],[-114.07616720271045,51.02335886530573],[-114.07621962583089,51.02335484006924],[-114.07635062256955,51.02334799861112],[-114.07678808483107,51.02331549873334],[-114.07706795105717,51.02325178249972],[-114.07720351469885,51.02326162324227],[-114.07722688266195,51.02326330588008],[-114.0774342149767,51.02327797713115],[-114.07780939206876,51.023262666761624],[-114.07866398958963,51.02486715003978],[-114.07878049634097,51.02641717618237],[-114.08020508418731,51.02644376636689],[-114.08166049540525,51.02643517158616],[-114.08245910579213,51.02643717373107],[-114.0829176059212,51.026403676767806],[-114.08310001425879,51.02645317061138],[-114.08323159189982,51.02658067277199],[-114.08325350064943,51.02669897265836],[-114.08342302646565,51.027049278728285],[-114.08337409784266,51.027118259366276],[-114.08323590520753,51.02721677430487],[-114.08313090356842,51.02742447182624],[-114.08312601740077,51.0289903679049],[-114.08314318919338,51.029170776333274],[-114.08323609400843,51.02928097724022],[-114.0833016873005,51.02936347171199],[-114.08333791994114,51.02946347616077],[-114.08346419284938,51.02953376883099],[-114.08359980255824,51.02962287186566],[-114.0836219141216,51.03040598339003],[-114.0836389889965,51.0312698882635],[-114.08071588847676,51.0312508887869],[-114.07936012006067,51.03126188166069]]]]}},{"type":"Feature","properties":{"DGUID":"2021S051248060617","DAUID":"48060617","LANDAREA":0.1832,"PRUID":"48","fed_num":"48004","da_code":"48060617","geo_name":"48060617","name_source":{"label":"Statistics Canada Census Profile 2021 DA WDS","url":"https://www12.statcan.gc.ca/wds-sdw/2021profile-profil2021-eng.cfm"},"population":414,"status":"ok","source":{"label":"Statistics Canada Census Profile 2021 DA WDS","url":"https://www12.statcan.gc.ca/wds-sdw/2021profile-profil2021-eng.cfm"},"community_name":"Calgary","community_source":{"label":"Statistics Canada 2021 census subdivision boundaries (spatial lookup)","url":"https://geo.statcan.gc.ca/geo_wa/rest/services/2021/Cartographic_boundary_files/MapServer/9"},"community_display":"Calgary","is_unorganized":false,"panel_title":"Calgary","display_label":"Calgary","map_label":"48060617"},"geometry":{"type":"MultiPolygon","coordinates":[[[[-114.07866398958963,51.02486715003978],[-114.07780939206876,51.023262666761624],[-114.0792920005747,51.023272752240366],[-114.08065279433845,51.02328174477098],[-114.08073218067247,51.023325547851655],[-114.0807948828062,51.023344463913645],[-114.08084028846983,51.023312255052765],[-114.08086039732028,51.02328175358859],[-114.08218720182205,51.023273144776475],[-114.08364139048001,51.02328256303369],[-114.08444104408716,51.02327036235912],[-114.08521000095205,51.02328566613885],[-114.08576069716015,51.024738664895956],[-114.0853057105013,51.024943168679386],[-114.0850523080364,51.02511675481216],[-114.08600731572005,51.02558125112675],[-114.08590481626734,51.02562376996176],[-114.08494962070878,51.026879975322885],[-114.08482031255336,51.027090781740235],[-114.08466589603185,51.027203462268936],[-114.08449689314577,51.027249386522406],[-114.08439461833018,51.027257679096785],[-114.08423810049919,51.02723676926207],[-114.0840055128339,51.027181977760264],[-114.08359498950513,51.027107367271995],[-114.08342302646565,51.027049278728285],[-114.08325350064943,51.02669897265836],[-114.08323159189982,51.02658067277199],[-114.08310001425879,51.02645317061138],[-114.0829176059212,51.026403676767806],[-114.08245910579213,51.02643717373107],[-114.08166049540525,51.02643517158616],[-114.08020508418731,51.02644376636689],[-114.07878049634097,51.02641717618237],[-114.07866398958963,51.02486715003978]]]]}},{"type":"Feature","properties":{"DGUID":"2021S051248060618","DAUID":"48060618","LANDAREA":0.2609,"PRUID":"48","fed_num":"48004","da_code":"48060618","geo_name":"48060618","name_source":{"label":"Statistics Canada Census Profile 2021 DA WDS","url":"https://www12.statcan.gc.ca/wds-sdw/2021profile-profil2021-eng.cfm"},"population":458,"status":"ok","source":{"label":"Statistics Canada Census Profile 2021 DA WDS","url":"https://www12.statcan.gc.ca/wds-sdw/2021profile-profil2021-eng.cfm"},"community_name":"Calgary","community_source":{"label":"Statistics Canada 2021 census subdivision boundaries (spatial lookup)","url":"https://geo.statcan.gc.ca/geo_wa/rest/services/2021/Cartographic_boundary_files/MapServer/9"},"community_display":"Calgary","is_unorganized":false,"panel_title":"Calgary","display_label":"Calgary","map_label":"48060618"},"geometry":{"type":"MultiPolygon","coordinates":[[[[-114.08654741189252,51.029313787973734],[-114.08645381167602,51.02925168858068],[-114.08634592157752,51.02928927646483],[-114.08627570815598,51.029327984939464],[-114.08623601417163,51.029396168435795],[-114.08621972477074,51.02946737428302],[-114.08605669641861,51.02956727532766],[-114.08500019954239,51.02912719213468],[-114.08389182026676,51.02928837213847],[-114.08363361508115,51.02932396841101],[-114.08350390524384,51.0292896838885],[-114.08340548373812,51.02929717185806],[-114.08323609400843,51.02928097724022],[-114.08314318919338,51.029170776333274],[-114.08312601740077,51.0289903679049],[-114.08313090356842,51.02742447182624],[-114.08323590520753,51.02721677430487],[-114.08337409784266,51.027118259366276],[-114.08342302646565,51.027049278728285],[-114.08359498950513,51.027107367271995],[-114.0840055128339,51.027181977760264],[-114.08423810049919,51.02723676926207],[-114.08439461833018,51.027257679096785],[-114.08449689314577,51.027249386522406],[-114.08466589603185,51.027203462268936],[-114.08482031255336,51.027090781740235],[-114.08494962070878,51.026879975322885],[-114.08590481626734,51.02562376996176],[-114.08600731572005,51.02558125112675],[-114.0850523080364,51.02511675481216],[-114.0853057105013,51.024943168679386],[-114.08576069716015,51.024738664895956],[-114.08521000095205,51.02328566613885],[-114.08652231354962,51.02328245014981],[-114.0867075106579,51.02328704387647],[-114.08799128254104,51.023283151395624],[-114.08823401540307,51.02328016790913],[-114.08950298025908,51.02328486257873],[-114.09084379462129,51.02328225579325],[-114.09085010713089,51.02409195112471],[-114.09043489025815,51.024117666235234],[-114.09049129206078,51.02481168132873],[-114.09029920282597,51.02592046808792],[-114.09035072297655,51.026007679703284],[-114.09047010346359,51.0260962616053],[-114.09046049106621,51.0261617771845],[-114.09036462900774,51.026217370752825],[-114.09028900100964,51.02623686810354],[-114.09020050985126,51.026335074372916],[-114.09022080963128,51.02639696634722],[-114.09050841772125,51.027042763566065],[-114.0902282069916,51.02718876545057],[-114.08979100332151,51.027564585149925],[-114.08946550678104,51.02797928279275],[-114.08912420487209,51.02864538503288],[-114.08899239490819,51.029154779173666],[-114.0889722977461,51.0297029723257],[-114.08838661183033,51.02949047887657],[-114.08772282880139,51.029383986473206],[-114.0866339066964,51.02939117761876],[-114.08654741189252,51.029313787973734]]]]}},{"type":"Feature","properties":{"DGUID":"2021S051248060619","DAUID":"48060619","LANDAREA":0.2676,"PRUID":"48","fed_num":"48004","da_code":"48060619","geo_name":"48060619","name_source":{"label":"Statistics Canada Census Profile 2021 DA WDS","url":"https://www12.statcan.gc.ca/wds-sdw/2021profile-profil2021-eng.cfm"},"population":540,"status":"ok","source":{"label":"Statistics Canada Census Profile 2021 DA WDS","url":"https://www12.statcan.gc.ca/wds-sdw/2021profile-profil2021-eng.cfm"},"community_name":"Calgary","community_source":{"label":"Statistics Canada 2021 census subdivision boundaries (spatial lookup)","url":"https://geo.statcan.gc.ca/geo_wa/rest/services/2021/Cartographic_boundary_files/MapServer/9"},"community_display":"Calgary","is_unorganized":false,"panel_title":"Calgary","display_label":"Calgary","map_label":"48060619"},"geometry":{"type":"MultiPolygon","coordinates":[[[[-114.09049129206078,51.02481168132873],[-114.09043489025815,51.024117666235234],[-114.09085010713089,51.02409195112471],[-114.09084379462129,51.02328225579325],[-114.09219860678782,51.02328216955733],[-114.09228620887322,51.02334106865898],[-114.0923583090788,51.0232821479252],[-114.09372478964448,51.023282058310066],[-114.09442421543447,51.02327246253304],[-114.09469810319558,51.023225375663145],[-114.09470449320406,51.02403507027991],[-114.09470639547276,51.0249165693685],[-114.09471882517632,51.02608627990488],[-114.0947183290788,51.0267788772718],[-114.09472060513788,51.02742647619088],[-114.09471679975559,51.02771429163039],[-114.09471821445703,51.02860477931123],[-114.09471781862399,51.029522287050476],[-114.09471580128995,51.03046668900764],[-114.09471203263419,51.03143798769648],[-114.09452269994689,51.031741204334374],[-114.09439311963288,51.031520083328395],[-114.093719939287,51.031107493728435],[-114.09329979725781,51.0307552818767],[-114.09193050372194,51.03029839388861],[-114.09068793518026,51.0300965891256],[-114.09008452494574,51.02993757546615],[-114.0889722977461,51.0297029723257],[-114.08899239490819,51.029154779173666],[-114.08912420487209,51.02864538503288],[-114.08946550678104,51.02797928279275],[-114.08979100332151,51.027564585149925],[-114.0902282069916,51.02718876545057],[-114.09050841772125,51.027042763566065],[-114.09022080963128,51.02639696634722],[-114.09020050985126,51.026335074372916],[-114.09028900100964,51.02623686810354],[-114.09036462900774,51.026217370752825],[-114.09046049106621,51.0261617771845],[-114.09047010346359,51.0260962616053],[-114.09035072297655,51.026007679703284],[-114.09029920282597,51.02592046808792],[-114.09049129206078,51.02481168132873]]]]}},{"type":"Feature","properties":{"DGUID":"2021S051248060620","DAUID":"48060620","LANDAREA":0.2134,"PRUID":"48","fed_num":"48004","da_code":"48060620","geo_name":"48060620","name_source":{"label":"Statistics Canada Census Profile 2021 DA WDS","url":"https://www12.statcan.gc.ca/wds-sdw/2021profile-profil2021-eng.cfm"},"population":530,"status":"ok","source":{"label":"Statistics Canada Census Profile 2021 DA WDS","url":"https://www12.statcan.gc.ca/wds-sdw/2021profile-profil2021-eng.cfm"},"community_name":"Calgary","community_source":{"label":"Statistics Canada 2021 census subdivision boundaries (spatial lookup)","url":"https://geo.statcan.gc.ca/geo_wa/rest/services/2021/Cartographic_boundary_files/MapServer/9"},"community_display":"Calgary","is_unorganized":false,"panel_title":"Calgary","display_label":"Calgary","map_label":"48060620"},"geometry":{"type":"MultiPolygon","coordinates":[[[[-114.08218720182205,51.023273144776475],[-114.08086039732028,51.02328175358859],[-114.08084028846983,51.023312255052765],[-114.0807948828062,51.023344463913645],[-114.08073218067247,51.023325547851655],[-114.08065279433845,51.02328174477098],[-114.0792920005747,51.023272752240366],[-114.07780939206876,51.023262666761624],[-114.07782458068138,51.02166196202448],[-114.07785109053738,51.02010643711311],[-114.07784818031232,51.01991885410348],[-114.07780820007336,51.01967083925391],[-114.0777987031464,51.019299739844975],[-114.07783738051201,51.019204234605816],[-114.07782597066912,51.01875163359222],[-114.0778251985153,51.01846113366982],[-114.07784698921162,51.01825524051134],[-114.07789129561269,51.01807534473111],[-114.07798690078788,51.017703621909405],[-114.07863017655903,51.01781450281467],[-114.07981961001693,51.018217490826515],[-114.08070998679113,51.01847029306556],[-114.08103000537609,51.01854059665839],[-114.0819041027709,51.018607004129194],[-114.08230109936176,51.01868118120616],[-114.08287548457855,51.01874919049533],[-114.08348448423266,51.01873470791032],[-114.08368248238655,51.01872182295918],[-114.08385638861698,51.01871053483001],[-114.08384444836518,51.01881119263547],[-114.08379668026397,51.01902413638576],[-114.0837786914637,51.01907455547781],[-114.08374498015264,51.01911914198492],[-114.0836371944264,51.01926164368058],[-114.08364108796631,51.02010723395498],[-114.08364318819088,51.021663455712556],[-114.08364139048001,51.02328256303369],[-114.08218720182205,51.023273144776475]]]]}},{"type":"Feature","properties":{"DGUID":"2021S051248060621","DAUID":"48060621","LANDAREA":0.245,"PRUID":"48","fed_num":"48004","da_code":"48060621","geo_name":"48060621","name_source":{"label":"Statistics Canada Census Profile 2021 DA WDS","url":"https://www12.statcan.gc.ca/wds-sdw/2021profile-profil2021-eng.cfm"},"population":613,"status":"ok","source":{"label":"Statistics Canada Census Profile 2021 DA WDS","url":"https://www12.statcan.gc.ca/wds-sdw/2021profile-profil2021-eng.cfm"},"community_name":"Calgary","community_source":{"label":"Statistics Canada 2021 census subdivision boundaries (spatial lookup)","url":"https://geo.statcan.gc.ca/geo_wa/rest/services/2021/Cartographic_boundary_files/MapServer/9"},"community_display":"Calgary","is_unorganized":false,"panel_title":"Calgary","display_label":"Calgary","map_label":"48060621"},"geometry":{"type":"MultiPolygon","coordinates":[[[[-114.06908567577841,51.01845320727224],[-114.0695960858291,51.018268409938194],[-114.07017749845977,51.018136084812674],[-114.07116919969089,51.01795220389219],[-114.07126911172305,51.017921940553066],[-114.07178419149912,51.01776590211717],[-114.07231779615391,51.017567087860684],[-114.07300199300403,51.017403294567856],[-114.07402577956805,51.01715818346547],[-114.07455018002581,51.01709379239708],[-114.07475920710213,51.017090891006255],[-114.07556038978423,51.01716208286878],[-114.07674200568864,51.0173960975216],[-114.07772741080925,51.0176588936766],[-114.07798690078788,51.017703621909405],[-114.07789129561269,51.01807534473111],[-114.07784698921162,51.01825524051134],[-114.0778251985153,51.01846113366982],[-114.07782597066912,51.01875163359222],[-114.07783738051201,51.019204234605816],[-114.0777987031464,51.019299739844975],[-114.07780820007336,51.01967083925391],[-114.07784818031232,51.01991885410348],[-114.07785109053738,51.02010643711311],[-114.07782458068138,51.02166196202448],[-114.07780939206876,51.023262666761624],[-114.0774342149767,51.02327797713115],[-114.07722688266195,51.02326330588008],[-114.07720351469885,51.02326162324227],[-114.07706795105717,51.02325178249972],[-114.07678808483107,51.02331549873334],[-114.07635062256955,51.02334799861112],[-114.07621962583089,51.02335484006924],[-114.07616720271045,51.02335886530573],[-114.07608071420084,51.02325011291191],[-114.07593468623381,51.02313630905928],[-114.07488829133231,51.02253481058258],[-114.07450118597924,51.02217420452044],[-114.07423049817378,51.02201746372777],[-114.07376660206202,51.02174880350955],[-114.07320418806074,51.0213372034037],[-114.07251299280459,51.0209695988162],[-114.07188450794423,51.02076039413124],[-114.0710357781576,51.02059850287341],[-114.0705085877365,51.020497920908475],[-114.06979678891129,51.02033341274223],[-114.06942389395138,51.020216595515734],[-114.06873807752697,51.01982899454482],[-114.0685570060111,51.01955151253132],[-114.06848268146008,51.01933851168933],[-114.06851710181698,51.019132788264514],[-114.06865149344456,51.0187937919885],[-114.06876518313726,51.01865789272908],[-114.06908567577841,51.01845320727224]]]]}},{"type":"Feature","properties":{"DGUID":"2021S051248060623","DAUID":"48060623","LANDAREA":0.0592,"PRUID":"48","fed_num":"48004","da_code":"48060623","geo_name":"48060623","name_source":{"label":"Statistics Canada Census Profile 2021 DA WDS","url":"https://www12.statcan.gc.ca/wds-sdw/2021profile-profil2021-eng.cfm"},"population":581,"status":"ok","source":{"label":"Statistics Canada Census Profile 2021 DA WDS","url":"https://www12.statcan.gc.ca/wds-sdw/2021profile-profil2021-eng.cfm"},"community_name":"Calgary","community_source":{"label":"Statistics Canada 2021 census subdivision boundaries (spatial lookup)","url":"https://geo.statcan.gc.ca/geo_wa/rest/services/2021/Cartographic_boundary_files/MapServer/9"},"community_display":"Calgary","is_unorganized":false,"panel_title":"Calgary","display_label":"Calgary","map_label":"48060623"},"geometry":{"type":"MultiPolygon","coordinates":[[[[-114.0688748894406,51.03240238184752],[-114.06897658602844,51.03146946291367],[-114.07152589237528,51.031533464967566],[-114.07153821438153,51.03246916843792],[-114.0715390917631,51.03335978464725],[-114.07153918353517,51.03343520772103],[-114.07153998915307,51.034250288762834],[-114.07153211026682,51.03437597454787],[-114.0687551947253,51.03429728390811],[-114.06881380782588,51.033822060543265],[-114.06884328361782,51.03335506626344],[-114.06886452835718,51.03271457066343],[-114.0688660501905,51.03266909339555],[-114.06887250057555,51.03248387960257],[-114.0688748894406,51.03240238184752]]]]}},{"type":"Feature","properties":{"DGUID":"2021S051248060624","DAUID":"48060624","LANDAREA":0.0526,"PRUID":"48","fed_num":"48004","da_code":"48060624","geo_name":"48060624","name_source":{"label":"Statistics Canada Census Profile 2021 DA WDS","url":"https://www12.statcan.gc.ca/wds-sdw/2021profile-profil2021-eng.cfm"},"population":472,"status":"ok","source":{"label":"Statistics Canada Census Profile 2021 DA WDS","url":"https://www12.statcan.gc.ca/wds-sdw/2021profile-profil2021-eng.cfm"},"community_name":"Calgary","community_source":{"label":"Statistics Canada 2021 census subdivision boundaries (spatial lookup)","url":"https://geo.statcan.gc.ca/geo_wa/rest/services/2021/Cartographic_boundary_files/MapServer/9"},"community_display":"Calgary","is_unorganized":false,"panel_title":"Calgary","display_label":"Calgary","map_label":"48060624"},"geometry":{"type":"MultiPolygon","coordinates":[[[[-114.07153211026682,51.03437597454787],[-114.07153998915307,51.034250288762834],[-114.07419317765972,51.034253773549516],[-114.07420078979861,51.034811672678146],[-114.0755784823152,51.03483018983688],[-114.07554939277581,51.03627569123521],[-114.0741939746725,51.03627768453066],[-114.07420929736722,51.03603519087206],[-114.07152749005876,51.036030978279804],[-114.07152840305278,51.03533838471615],[-114.0715260961855,51.0351493665405],[-114.07153211026682,51.03437597454787]]]]}},{"type":"Feature","properties":{"DGUID":"2021S051248060627","DAUID":"48060627","LANDAREA":0.3642,"PRUID":"48","fed_num":"48004","da_code":"48060627","geo_name":"48060627","name_source":{"label":"Statistics Canada Census Profile 2021 DA WDS","url":"https://www12.statcan.gc.ca/wds-sdw/2021profile-profil2021-eng.cfm"},"population":644,"status":"ok","source":{"label":"Statistics Canada Census Profile 2021 DA WDS","url":"https://www12.statcan.gc.ca/wds-sdw/2021profile-profil2021-eng.cfm"},"community_name":"Calgary","community_source":{"label":"Statistics Canada 2021 census subdivision boundaries (spatial lookup)","url":"https://geo.statcan.gc.ca/geo_wa/rest/services/2021/Cartographic_boundary_files/MapServer/9"},"community_display":"Calgary","is_unorganized":false,"panel_title":"Calgary","display_label":"Calgary","map_label":"48060627"},"geometry":{"type":"MultiPolygon","coordinates":[[[[-114.06220497597997,51.02959926832274],[-114.05982220282314,51.02961125453075],[-114.05958116663517,51.02981205759941],[-114.05959761744252,51.02871225887708],[-114.05959879532108,51.02863415559872],[-114.05936081826128,51.02785670682181],[-114.05927969166848,51.02759165719202],[-114.05918125871767,51.02688800418372],[-114.0590486593046,51.02594000143362],[-114.05892618601426,51.02506426281932],[-114.05927857865568,51.023426943956785],[-114.05929009101472,51.02337334176492],[-114.05940449145164,51.02314234216466],[-114.0605667880763,51.021453540480465],[-114.06074959271143,51.02149416117818],[-114.06117057438118,51.021603662898336],[-114.06190818299325,51.02189214702433],[-114.06231225039494,51.02204707278582],[-114.06343989743735,51.02247935146872],[-114.06385958497974,51.022606846581475],[-114.06429707529007,51.0226807519722],[-114.06469238683228,51.02274465026339],[-114.06567949863596,51.02292244438693],[-114.0660531928646,51.02310275166897],[-114.0662149813405,51.02325066554104],[-114.06574981498198,51.02632426512294],[-114.06565030030842,51.02699624439146],[-114.0657091832622,51.028095253664034],[-114.06596428568471,51.02873456340686],[-114.0659985695581,51.02882143709166],[-114.06599865722258,51.02883066808591],[-114.06598045118291,51.028942417788706],[-114.0646474213003,51.02877752960496],[-114.06432009545267,51.02878441367045],[-114.06417760179828,51.02883112502276],[-114.06382020001689,51.02905253298452],[-114.06362108495543,51.029290317079024],[-114.0635592164108,51.029501427170075],[-114.06355337673695,51.029796321312894],[-114.06380104853969,51.03041440463356],[-114.06371002042621,51.03042100150899],[-114.0630772921271,51.030466675005485],[-114.0626187849597,51.03050017958458],[-114.06221770875605,51.03052606698599],[-114.06220497597997,51.02959926832274]]]]}},{"type":"Feature","properties":{"DGUID":"2021S051248060628","DAUID":"48060628","LANDAREA":1.6507,"PRUID":"48","fed_num":"48004","da_code":"48060628","geo_name":"48060628","name_source":{"label":"Statistics Canada Census Profile 2021 DA WDS","url":"https://www12.statcan.gc.ca/wds-sdw/2021profile-profil2021-eng.cfm"},"population":1337,"status":"ok","source":{"label":"Statistics Canada Census Profile 2021 DA WDS","url":"https://www12.statcan.gc.ca/wds-sdw/2021profile-profil2021-eng.cfm"},"community_name":"Calgary","community_source":{"label":"Statistics Canada 2021 census subdivision boundaries (spatial lookup)","url":"https://geo.statcan.gc.ca/geo_wa/rest/services/2021/Cartographic_boundary_files/MapServer/9"},"community_display":"Calgary","is_unorganized":false,"panel_title":"Calgary","display_label":"Calgary","map_label":"48060628"},"geometry":{"type":"MultiPolygon","coordinates":[[[[-114.05450750501862,51.031795523931024],[-114.05331188305034,51.03091951618552],[-114.05253267111496,51.03045846916986],[-114.05244420087838,51.03040613052861],[-114.05210967430857,51.03034139028473],[-114.0520311523749,51.03026072582171],[-114.05142187608836,51.03015910667889],[-114.05015339590399,51.02979915069244],[-114.04993856230384,51.02981165853811],[-114.0496798445983,51.02980537627594],[-114.04889535060073,51.02983361555365],[-114.04860981209752,51.02984388668155],[-114.04832192831275,51.029854254207926],[-114.04424588124012,51.03000091520661],[-114.04231902834036,51.03005117752375],[-114.0418281140591,51.03007307257451],[-114.04172404683855,51.03007770984548],[-114.04164130343597,51.03008139620685],[-114.04145484323598,51.03008972178014],[-114.0428648262873,51.02885495602361],[-114.0440105207314,51.02785167281944],[-114.04678479943013,51.02535575897031],[-114.04773432506467,51.024508461968374],[-114.04773485084121,51.02450801105049],[-114.04952691421329,51.02290854698252],[-114.05166770681933,51.02097956491445],[-114.05201941998196,51.020682865706725],[-114.05232731901242,51.02043486642233],[-114.05260960850556,51.0202318601124],[-114.05301552210757,51.01996476124544],[-114.05332383048122,51.01977433875574],[-114.05360923640961,51.01961846058395],[-114.05390052453404,51.01946635246391],[-114.05425381750057,51.019294760932084],[-114.05459571255372,51.01914034586118],[-114.05649783655296,51.01834854833111],[-114.05845772201441,51.01754234458006],[-114.058631025737,51.017470037354826],[-114.05863474703678,51.017468467669566],[-114.05968792739235,51.01702934755575],[-114.0597603227368,51.01699814336705],[-114.06067113220719,51.016617557861345],[-114.06093221220435,51.01650145226802],[-114.06119891634837,51.016364149937125],[-114.06139914616705,51.016250306429974],[-114.06132882503863,51.01616675423308],[-114.06119649477981,51.01600944315358],[-114.0620928827822,51.01604104223577],[-114.06256036015279,51.01608875464038],[-114.06284825841463,51.01608286258158],[-114.0635456819603,51.016068626833714],[-114.06430245155605,51.01605163954805],[-114.06448817377954,51.016047334846895],[-114.06533496396574,51.0161855502919],[-114.06584757513649,51.016198440360284],[-114.06654228151969,51.01616963766585],[-114.06706288595798,51.01614803327297],[-114.06739396445168,51.017001847549174],[-114.06740606557688,51.01748784991654],[-114.06725916264165,51.01778103657267],[-114.06697797651037,51.0181697483306],[-114.06695990257717,51.01845714935864],[-114.06698268079091,51.01877253453103],[-114.06721468571445,51.019614852548614],[-114.0672763823896,51.0202190424335],[-114.06567936533679,51.02021494128442],[-114.06428180338247,51.020215752507845],[-114.06278438798365,51.020214158137755],[-114.06202810765258,51.02022205592472],[-114.06170338948071,51.02016893575931],[-114.06153822978315,51.020120304479015],[-114.0605667880763,51.021453540480465],[-114.05940449145164,51.02314234216466],[-114.05929009101472,51.02337334176492],[-114.05927857865568,51.023426943956785],[-114.05892618601426,51.02506426281932],[-114.0590486593046,51.02594000143362],[-114.05918125871767,51.02688800418372],[-114.05927969166848,51.02759165719202],[-114.05936081826128,51.02785670682181],[-114.05959879532108,51.02863415559872],[-114.05959761744252,51.02871225887708],[-114.05958116663517,51.02981205759941],[-114.05982220282314,51.02961125453075],[-114.06220497597997,51.02959926832274],[-114.06221770875605,51.03052606698599],[-114.0626187849597,51.03050017958458],[-114.0630772921271,51.030466675005485],[-114.06371002042621,51.03042100150899],[-114.06380104853969,51.03041440463356],[-114.06396337815346,51.03081958403253],[-114.06434663352638,51.03133536111899],[-114.0641639031462,51.03208483278789],[-114.06488330697196,51.032816631667785],[-114.06519939443577,51.03300154091438],[-114.06567161808489,51.03313693931492],[-114.06628629254351,51.033225744613766],[-114.06657998927868,51.03327272548731],[-114.06701109761661,51.033416232447735],[-114.06718871472076,51.03353324202523],[-114.0674871169199,51.033835232495804],[-114.06751581046704,51.03392443797756],[-114.06751750629311,51.034265330004196],[-114.06736708823613,51.034541125343196],[-114.06706470221117,51.034874947650785],[-114.06610289620494,51.03548882337199],[-114.06583718188543,51.03568283390054],[-114.06492129151638,51.03602243958996],[-114.06473761542728,51.036077136368675],[-114.06399858518796,51.036164338178835],[-114.06362687390701,51.03614193383959],[-114.06275969700509,51.0359981433926],[-114.0614757003184,51.036077635533104],[-114.06125621979925,51.03602586344247],[-114.06110178997075,51.03598942759241],[-114.06081957966884,51.03587374100946],[-114.0602719923597,51.03555392483806],[-114.05936679417421,51.03481083117311],[-114.05916239261853,51.034482062952314],[-114.05908297631096,51.03435432971319],[-114.05896871280515,51.03424392322788],[-114.05872428675417,51.03395982611002],[-114.05793361187399,51.03345031815859],[-114.05681008665694,51.032844637321645],[-114.05672525715562,51.03280597385855],[-114.05450750501862,51.031795523931024]]]]}},{"type":"Feature","properties":{"DGUID":"2021S051248060629","DAUID":"48060629","LANDAREA":0.4413,"PRUID":"48","fed_num":"48004","da_code":"48060629","geo_name":"48060629","name_source":{"label":"Statistics Canada Census Profile 2021 DA WDS","url":"https://www12.statcan.gc.ca/wds-sdw/2021profile-profil2021-eng.cfm"},"population":823,"status":"ok","source":{"label":"Statistics Canada Census Profile 2021 DA WDS","url":"https://www12.statcan.gc.ca/wds-sdw/2021profile-profil2021-eng.cfm"},"community_name":"Calgary","community_source":{"label":"Statistics Canada 2021 census subdivision boundaries (spatial lookup)","url":"https://geo.statcan.gc.ca/geo_wa/rest/services/2021/Cartographic_boundary_files/MapServer/9"},"community_display":"Calgary","is_unorganized":false,"panel_title":"Calgary","display_label":"Calgary","map_label":"48060629"},"geometry":{"type":"MultiPolygon","coordinates":[[[[-114.06743529445953,51.02425286406894],[-114.0671880954437,51.02410266455354],[-114.0662149813405,51.02325066554104],[-114.0660531928646,51.02310275166897],[-114.06567949863596,51.02292244438693],[-114.06469238683228,51.02274465026339],[-114.06429707529007,51.0226807519722],[-114.06385958497974,51.022606846581475],[-114.06343989743735,51.02247935146872],[-114.06231225039494,51.02204707278582],[-114.06190818299325,51.02189214702433],[-114.06117057438118,51.021603662898336],[-114.06074959271143,51.02149416117818],[-114.0605667880763,51.021453540480465],[-114.06153822978315,51.020120304479015],[-114.06170338948071,51.02016893575931],[-114.06202810765258,51.02022205592472],[-114.06278438798365,51.020214158137755],[-114.06428180338247,51.020215752507845],[-114.06567936533679,51.02021494128442],[-114.0672763823896,51.0202190424335],[-114.06721468571445,51.019614852548614],[-114.06698268079091,51.01877253453103],[-114.06695990257717,51.01845714935864],[-114.06697797651037,51.0181697483306],[-114.06725916264165,51.01778103657267],[-114.06740606557688,51.01748784991654],[-114.06739396445168,51.017001847549174],[-114.06706288595798,51.01614803327297],[-114.06729238320474,51.01612684626312],[-114.06778949683014,51.015932441865694],[-114.06810088517791,51.01574234696058],[-114.06890928058434,51.01490812150532],[-114.06935458052543,51.01463143954542],[-114.07056637518043,51.014176284499534],[-114.07156271944633,51.01444907004221],[-114.07131288601761,51.01602930130943],[-114.07126911172305,51.017921940553066],[-114.07116919969089,51.01795220389219],[-114.07017749845977,51.018136084812674],[-114.0695960858291,51.018268409938194],[-114.06908567577841,51.01845320727224],[-114.06876518313726,51.01865789272908],[-114.06865149344456,51.0187937919885],[-114.06851710181698,51.019132788264514],[-114.06848268146008,51.01933851168933],[-114.0685570060111,51.01955151253132],[-114.06873807752697,51.01982899454482],[-114.06942389395138,51.020216595515734],[-114.06979678891129,51.02033341274223],[-114.0705085877365,51.020497920908475],[-114.0710357781576,51.02059850287341],[-114.07188450794423,51.02076039413124],[-114.07251299280459,51.0209695988162],[-114.07320418806074,51.0213372034037],[-114.07376660206202,51.02174880350955],[-114.07423049817378,51.02201746372777],[-114.07450118597924,51.02217420452044],[-114.07488829133231,51.02253481058258],[-114.07593468623381,51.02313630905928],[-114.07608071420084,51.02325011291191],[-114.07616720271045,51.02335886530573],[-114.07601412490827,51.02337063917679],[-114.07566161244318,51.02339775433518],[-114.07440592441733,51.02341475548427],[-114.07240629214287,51.0232262659886],[-114.07221088816537,51.02315834983618],[-114.07148190510166,51.02318503951939],[-114.07146940114976,51.02338265427617],[-114.07086369549484,51.02416794216113],[-114.0707857058197,51.02449884578003],[-114.07087528980445,51.02488786911833],[-114.07138532003518,51.02612348535154],[-114.07141378912888,51.02619247495997],[-114.07137618392235,51.02622853106228],[-114.07129809350376,51.02630336933871],[-114.07119921662549,51.026246659930244],[-114.07081399328544,51.02540806116106],[-114.07041281131704,51.0249841489841],[-114.06975079014417,51.024625757093354],[-114.06944271745084,51.024537056076085],[-114.06773037733814,51.02432315796643],[-114.06743529445953,51.02425286406894]]]]}},{"type":"Feature","properties":{"DGUID":"2021S051248060630","DAUID":"48060630","LANDAREA":6.2636,"PRUID":"48","fed_num":"48004","da_code":"48060630","geo_name":"48060630","name_source":{"label":"Statistics Canada Census Profile 2021 DA WDS","url":"https://www12.statcan.gc.ca/wds-sdw/2021profile-profil2021-eng.cfm"},"population":510,"status":"ok","source":{"label":"Statistics Canada Census Profile 2021 DA WDS","url":"https://www12.statcan.gc.ca/wds-sdw/2021profile-profil2021-eng.cfm"},"community_name":"Calgary","community_source":{"label":"Statistics Canada 2021 census subdivision boundaries (spatial lookup)","url":"https://geo.statcan.gc.ca/geo_wa/rest/services/2021/Cartographic_boundary_files/MapServer/9"},"community_display":"Calgary","is_unorganized":false,"panel_title":"Calgary","display_label":"Calgary","map_label":"48060630"},"geometry":{"type":"MultiPolygon","coordinates":[[[[-114.03591732127514,51.038185264125424],[-114.03509144154752,51.03733646039246],[-114.034181550924,51.03640166402421],[-114.03303211895862,51.03524346154153],[-114.03272445294688,51.03492736059081],[-114.03246842648718,51.03465616645986],[-114.03216662712903,51.03435636812149],[-114.03208664135865,51.03427407533961],[-114.0316559481044,51.033816254744856],[-114.03142184376352,51.03357345945686],[-114.0310867505084,51.033197356521995],[-114.03053142036389,51.03259075409157],[-114.03024952453322,51.03227445245385],[-114.02996144728944,51.03196196224397],[-114.0297637483855,51.03174466155233],[-114.02949492892066,51.031463464306064],[-114.02942361365272,51.03139286785238],[-114.02941358943946,51.03138296930636],[-114.02933543169314,51.031305571855206],[-114.02932540752326,51.031295673303624],[-114.02921753160565,51.031188967048635],[-114.02884923411112,51.03083426594211],[-114.0283713293459,51.03038567097766],[-114.026862605396,51.028853758400615],[-114.02560029608432,51.027571460249455],[-114.0243351921696,51.026278770161284],[-114.02303989153756,51.024938554491456],[-114.0217536125054,51.023616648926215],[-114.02093031838805,51.02277424752024],[-114.02030610656618,51.022135528681844],[-114.01958498767912,51.02140204926499],[-114.01800987875026,51.019804037342816],[-114.01750919124622,51.01929082321465],[-114.01655226162055,51.01830993133447],[-114.01515686991226,51.01688091229627],[-114.01488967477935,51.016607317679224],[-114.01477486706746,51.01649433382029],[-114.01463425170219,51.016361221512604],[-114.01448446585913,51.01621732784484],[-114.01432248321645,51.01608082338568],[-114.01412515823236,51.01592111655082],[-114.01367084986433,51.01556072797591],[-114.01339225915244,51.015324010773995],[-114.01322014441381,51.0151669268795],[-114.01308077710708,51.0150361167326],[-114.0129018621678,51.01486531443362],[-114.01273177148516,51.01468770284475],[-114.01247624756142,51.0144268242139],[-114.01233705724316,51.014284634384836],[-114.01255942827478,51.01404846220673],[-114.01288842726666,51.01361497380589],[-114.01308004926746,51.013219213260356],[-114.01315316031523,51.01306821437522],[-114.01320242614389,51.012966464836516],[-114.01331312828297,51.01267015004922],[-114.01345221899597,51.01246306102064],[-114.01381920425742,51.01210745711349],[-114.01477381804501,51.01144815870348],[-114.0156472259914,51.010776147729075],[-114.0163699314941,51.01062616364302],[-114.01676560114842,51.0104828680547],[-114.01712111137228,51.01031907019752],[-114.01745023408449,51.01013186358331],[-114.01771282656749,51.00990077178766],[-114.01803433018446,51.00954446686474],[-114.01949984858148,51.00857899193635],[-114.019563365688,51.008537139046865],[-114.02003401195435,51.00822708546565],[-114.02111594026759,51.00730597695109],[-114.0217327196849,51.006693274100215],[-114.02209002743675,51.00622577493277],[-114.02231530272266,51.00576507195648],[-114.0223509025372,51.00540746901948],[-114.02232102057356,51.00497747973013],[-114.02239770400685,51.004611978620524],[-114.022458094715,51.00448383481871],[-114.02260553135628,51.00454369205197],[-114.02283736200967,51.004647931577786],[-114.02333992598331,51.00485790076577],[-114.02371989547996,51.00506708526262],[-114.02431185941677,51.00545887342898],[-114.02480570683998,51.005932183400716],[-114.02525962847793,51.00650852949947],[-114.02580784591233,51.00752489000927],[-114.02628446005858,51.007562744684265],[-114.02637540754421,51.007567337838374],[-114.02727644032055,51.0076129976151],[-114.02773010178502,51.00786733380445],[-114.02825833514929,51.007943750196375],[-114.02886121730083,51.0081030567407],[-114.02991620361267,51.00845445556276],[-114.03041082971343,51.00861924280465],[-114.03250712901914,51.009059247411905],[-114.03363612183573,51.009465749281844],[-114.0344592199576,51.009972448361154],[-114.03505121029593,51.01052716783785],[-114.03575342755596,51.01158835420817],[-114.03602551722989,51.01179315769469],[-114.03662222831065,51.01205116130384],[-114.03732831817659,51.01215906140659],[-114.0402785240448,51.01217996182596],[-114.04360303523507,51.01169745126425],[-114.045920141413,51.01136035803142],[-114.0462088231675,51.01130466534146],[-114.04674632569332,51.01137224220169],[-114.04713362640057,51.01133706486651],[-114.04801963036569,51.01130554239085],[-114.04854863312914,51.011282948845945],[-114.04855723104733,51.011148260762056],[-114.04854985839887,51.01059034883752],[-114.04859559672045,51.00904593658271],[-114.04880610417173,51.00904648411779],[-114.05619589550189,51.00875071455602],[-114.05625996180167,51.008748456333876],[-114.05702395628255,51.00871741817857],[-114.0599324541982,51.008718733496046],[-114.0613724558741,51.00871902468239],[-114.0621274480543,51.00872902558348],[-114.06308343053433,51.00871713826237],[-114.06398662423832,51.008778506283775],[-114.06398579935889,51.00878433949148],[-114.06397327501398,51.008870440701536],[-114.06388601544528,51.009511846345724],[-114.06366138266074,51.011163048777355],[-114.06350399897433,51.01222933597939],[-114.06346161425365,51.01254854317991],[-114.06337663145412,51.01322714761912],[-114.06329441837583,51.013744251671675],[-114.06324232590977,51.013991931400504],[-114.06315160631331,51.01426904294602],[-114.06307060617297,51.01446925856623],[-114.0629860019465,51.01462115785186],[-114.06288440394188,51.01477885705742],[-114.06278141211969,51.01494185913609],[-114.06263461496782,51.01515354143015],[-114.06248442642712,51.0153257508827],[-114.06233812025431,51.015489635422725],[-114.06216281389922,51.015659239245565],[-114.0619729258705,51.01583163844645],[-114.06119649477981,51.01600944315358],[-114.06132882503863,51.01616675423308],[-114.06139914616705,51.016250306429974],[-114.06119891634837,51.016364149937125],[-114.06093221220435,51.01650145226802],[-114.06067113220719,51.016617557861345],[-114.0597603227368,51.01699814336705],[-114.05968792739235,51.01702934755575],[-114.05863474703678,51.017468467669566],[-114.058631025737,51.017470037354826],[-114.05845772201441,51.01754234458006],[-114.05649783655296,51.01834854833111],[-114.05459571255372,51.01914034586118],[-114.05425381750057,51.019294760932084],[-114.05390052453404,51.01946635246391],[-114.05360923640961,51.01961846058395],[-114.05332383048122,51.01977433875574],[-114.05301552210757,51.01996476124544],[-114.05260960850556,51.0202318601124],[-114.05232731901242,51.02043486642233],[-114.05201941998196,51.020682865706725],[-114.05166770681933,51.02097956491445],[-114.04952691421329,51.02290854698252],[-114.04773485084121,51.02450801105049],[-114.04773432506467,51.024508461968374],[-114.04678479943013,51.02535575897031],[-114.0440105207314,51.02785167281944],[-114.0428648262873,51.02885495602361],[-114.04145484323598,51.03008972178014],[-114.04164130343597,51.03008139620685],[-114.04172404683855,51.03007770984548],[-114.04172288267651,51.030079325614935],[-114.04132856808602,51.030619257182686],[-114.04178538481453,51.03083766720189],[-114.04191288565514,51.03107476364127],[-114.04189937999794,51.0321809667612],[-114.04123116930066,51.032145951644466],[-114.04106769846607,51.032249845769854],[-114.04107889476916,51.03296957049353],[-114.04108378117277,51.033788252826504],[-114.04409178576228,51.033819450765925],[-114.0430622030567,51.0345309620705],[-114.04295789829904,51.034600265279884],[-114.04182050525866,51.035435050221466],[-114.04122839702872,51.03622056021594],[-114.04115017416326,51.036551362833556],[-114.04123270530283,51.03704816647684],[-114.03967900224104,51.03702685636332],[-114.03678300875065,51.03702536292405],[-114.03678620276128,51.03764604795432],[-114.03676891188822,51.03814036059718],[-114.03658372920624,51.038586641793955],[-114.03650076196953,51.03878671003632],[-114.03637324411338,51.03865986120514],[-114.03636120807397,51.03864791806013],[-114.03624745494729,51.038534873804196],[-114.03591732127514,51.038185264125424]]]]}},{"type":"Feature","properties":{"DGUID":"2021S051248060631","DAUID":"48060631","LANDAREA":0.4993,"PRUID":"48","fed_num":"48004","da_code":"48060631","geo_name":"48060631","name_source":{"label":"Statistics Canada Census Profile 2021 DA WDS","url":"https://www12.statcan.gc.ca/wds-sdw/2021profile-profil2021-eng.cfm"},"population":507,"status":"ok","source":{"label":"Statistics Canada Census Profile 2021 DA WDS","url":"https://www12.statcan.gc.ca/wds-sdw/2021profile-profil2021-eng.cfm"},"community_name":"Calgary","community_source":{"label":"Statistics Canada 2021 census subdivision boundaries (spatial lookup)","url":"https://geo.statcan.gc.ca/geo_wa/rest/services/2021/Cartographic_boundary_files/MapServer/9"},"community_display":"Calgary","is_unorganized":false,"panel_title":"Calgary","display_label":"Calgary","map_label":"48060631"},"geometry":{"type":"MultiPolygon","coordinates":[[[[-114.04107889476916,51.03296957049353],[-114.04106769846607,51.032249845769854],[-114.04123116930066,51.032145951644466],[-114.04189937999794,51.0321809667612],[-114.04191288565514,51.03107476364127],[-114.04178538481453,51.03083766720189],[-114.04132856808602,51.030619257182686],[-114.04172288267651,51.030079325614935],[-114.04172404683855,51.03007770984548],[-114.0418281140591,51.03007307257451],[-114.04231902834036,51.03005117752375],[-114.04424588124012,51.03000091520661],[-114.04832192831275,51.029854254207926],[-114.04860981209752,51.02984388668155],[-114.04889535060073,51.02983361555365],[-114.0496798445983,51.02980537627594],[-114.04993856230384,51.02981165853811],[-114.05015339590399,51.02979915069244],[-114.05142187608836,51.03015910667889],[-114.0520311523749,51.03026072582171],[-114.05210967430857,51.03034139028473],[-114.05202908998471,51.03032581400444],[-114.0518928778906,51.03032393017995],[-114.05154989734513,51.03039071513708],[-114.05111850291232,51.03064532565866],[-114.05067680420956,51.031063021134784],[-114.05047979595618,51.03136681962195],[-114.05025360623618,51.031856314002766],[-114.05006388013273,51.03208273128831],[-114.04991859597004,51.032338519805684],[-114.04976319385169,51.03288052593622],[-114.04974090528586,51.033510422116144],[-114.05015268072633,51.03484241905911],[-114.05015009279893,51.03517462427724],[-114.05000417968189,51.0357053173403],[-114.0500601869048,51.0364337255482],[-114.04996677797826,51.036764729316296],[-114.04992577552714,51.036930011408835],[-114.04985557549566,51.03721282809512],[-114.04941290659733,51.037782316245156],[-114.04934824462927,51.03784964218556],[-114.0492336849137,51.037968933069656],[-114.04851590402923,51.038866828259415],[-114.04737608603915,51.040008029848394],[-114.04677159900609,51.040400616646664],[-114.04604329431085,51.040693915788324],[-114.045229612623,51.04108923016524],[-114.0447355551549,51.041387110974675],[-114.04469326693892,51.041367922895155],[-114.0442395047277,51.0411621678644],[-114.04400787655213,51.04110876311358],[-114.04306561170513,51.04119635519108],[-114.04423891583566,51.038846372070765],[-114.04432429317141,51.03868265458602],[-114.04473418120448,51.03784747844702],[-114.04480319586622,51.037435468887224],[-114.04517759146223,51.03693226535381],[-114.04578569330162,51.036120061344576],[-114.04410740315011,51.03514216146693],[-114.0430622030567,51.0345309620705],[-114.04409178576228,51.033819450765925],[-114.04108378117277,51.033788252826504],[-114.04107889476916,51.03296957049353]]]]}},{"type":"Feature","properties":{"DGUID":"2021S051248060632","DAUID":"48060632","LANDAREA":0.1414,"PRUID":"48","fed_num":"48004","da_code":"48060632","geo_name":"48060632","name_source":{"label":"Statistics Canada Census Profile 2021 DA WDS","url":"https://www12.statcan.gc.ca/wds-sdw/2021profile-profil2021-eng.cfm"},"population":637,"status":"ok","source":{"label":"Statistics Canada Census Profile 2021 DA WDS","url":"https://www12.statcan.gc.ca/wds-sdw/2021profile-profil2021-eng.cfm"},"community_name":"Calgary","community_source":{"label":"Statistics Canada 2021 census subdivision boundaries (spatial lookup)","url":"https://geo.statcan.gc.ca/geo_wa/rest/services/2021/Cartographic_boundary_files/MapServer/9"},"community_display":"Calgary","is_unorganized":false,"panel_title":"Calgary","display_label":"Calgary","map_label":"48060632"},"geometry":{"type":"MultiPolygon","coordinates":[[[[-114.04295789829904,51.034600265279884],[-114.0430622030567,51.0345309620705],[-114.04410740315011,51.03514216146693],[-114.04578569330162,51.036120061344576],[-114.04517759146223,51.03693226535381],[-114.04480319586622,51.037435468887224],[-114.04473418120448,51.03784747844702],[-114.04432429317141,51.03868265458602],[-114.04423891583566,51.038846372070765],[-114.04306561170513,51.04119635519108],[-114.04282290774424,51.041199170693446],[-114.0419339997608,51.04126667767824],[-114.04175989418997,51.04019176202616],[-114.04136630211302,51.03786115090219],[-114.04123270530283,51.03704816647684],[-114.04115017416326,51.036551362833556],[-114.04122839702872,51.03622056021594],[-114.04182050525866,51.035435050221466],[-114.04295789829904,51.034600265279884]]]]}},{"type":"Feature","properties":{"DGUID":"2021S051248060633","DAUID":"48060633","LANDAREA":0.1913,"PRUID":"48","fed_num":"48004","da_code":"48060633","geo_name":"48060633","name_source":{"label":"Statistics Canada Census Profile 2021 DA WDS","url":"https://www12.statcan.gc.ca/wds-sdw/2021profile-profil2021-eng.cfm"},"population":564,"status":"ok","source":{"label":"Statistics Canada Census Profile 2021 DA WDS","url":"https://www12.statcan.gc.ca/wds-sdw/2021profile-profil2021-eng.cfm"},"community_name":"Calgary","community_source":{"label":"Statistics Canada 2021 census subdivision boundaries (spatial lookup)","url":"https://geo.statcan.gc.ca/geo_wa/rest/services/2021/Cartographic_boundary_files/MapServer/9"},"community_display":"Calgary","is_unorganized":false,"panel_title":"Calgary","display_label":"Calgary","map_label":"48060633"},"geometry":{"type":"MultiPolygon","coordinates":[[[[-114.03678620276128,51.03764604795432],[-114.03678300875065,51.03702536292405],[-114.03967900224104,51.03702685636332],[-114.04123270530283,51.03704816647684],[-114.04136630211302,51.03786115090219],[-114.04175989418997,51.04019176202616],[-114.0419339997608,51.04126667767824],[-114.04282290774424,51.041199170693446],[-114.04306561170513,51.04119635519108],[-114.04400787655213,51.04110876311358],[-114.0442395047277,51.0411621678644],[-114.04469326693892,51.041367922895155],[-114.0447355551549,51.041387110974675],[-114.04467249689318,51.04142512922551],[-114.04429500530682,51.04182081358162],[-114.04414101400117,51.04193613667452],[-114.04387531995897,51.04225322791811],[-114.04356676258611,51.04270168896192],[-114.0434010030364,51.04294263172939],[-114.0431548848566,51.04325658221437],[-114.04305855176003,51.043237884459145],[-114.04302864865137,51.04323207277],[-114.0430212535149,51.04323068395968],[-114.04296806050361,51.0432203807778],[-114.04282595870282,51.043188274276645],[-114.04273544370812,51.04316777503342],[-114.04246963998075,51.04310419049018],[-114.04220744200933,51.043039889331105],[-114.04188735075476,51.042946676805286],[-114.04176796749123,51.042909280865615],[-114.04175260981815,51.04290445821572],[-114.04159604929494,51.04285537354458],[-114.04137735127674,51.04278258970384],[-114.0410891489447,51.042673175947755],[-114.04080396477701,51.042545588454125],[-114.04056156193565,51.04243228713974],[-114.04031936691882,51.04230707245424],[-114.04002016205625,51.042138868574206],[-114.03979336272647,51.04199247919114],[-114.03960674100706,51.041863285516214],[-114.03945373951203,51.041737565926944],[-114.03928454381301,51.04159496439238],[-114.0391990558954,51.041510680746114],[-114.03893135595158,51.04124666700093],[-114.03823364787121,51.04055318109122],[-114.03670874425245,51.03899626701688],[-114.03660384024718,51.0388892612948],[-114.03651275952076,51.03879866200713],[-114.03650076196953,51.03878671003632],[-114.03658372920624,51.038586641793955],[-114.03676891188822,51.03814036059718],[-114.03678620276128,51.03764604795432]]]]}},{"type":"Feature","properties":{"DGUID":"2021S051248060636","DAUID":"48060636","LANDAREA":0.0187,"PRUID":"48","fed_num":"48004","da_code":"48060636","geo_name":"48060636","name_source":{"label":"Statistics Canada Census Profile 2021 DA WDS","url":"https://www12.statcan.gc.ca/wds-sdw/2021profile-profil2021-eng.cfm"},"population":458,"status":"ok","source":{"label":"Statistics Canada Census Profile 2021 DA WDS","url":"https://www12.statcan.gc.ca/wds-sdw/2021profile-profil2021-eng.cfm"},"community_name":"Calgary","community_source":{"label":"Statistics Canada 2021 census subdivision boundaries (spatial lookup)","url":"https://geo.statcan.gc.ca/geo_wa/rest/services/2021/Cartographic_boundary_files/MapServer/9"},"community_display":"Calgary","is_unorganized":false,"panel_title":"Calgary","display_label":"Calgary","map_label":"48060636"},"geometry":{"type":"MultiPolygon","coordinates":[[[[-114.04836349446664,51.04516217372541],[-114.0483756899419,51.04407416045375],[-114.0497352976015,51.04423446361173],[-114.05081799836951,51.04426176055463],[-114.0507710767406,51.04473516598365],[-114.05071418080185,51.045221568291936],[-114.04836349446664,51.04516217372541]]]]}},{"type":"Feature","properties":{"DGUID":"2021S051248060637","DAUID":"48060637","LANDAREA":0.2785,"PRUID":"48","fed_num":"48004","da_code":"48060637","geo_name":"48060637","name_source":{"label":"Statistics Canada Census Profile 2021 DA WDS","url":"https://www12.statcan.gc.ca/wds-sdw/2021profile-profil2021-eng.cfm"},"population":1950,"status":"ok","source":{"label":"Statistics Canada Census Profile 2021 DA WDS","url":"https://www12.statcan.gc.ca/wds-sdw/2021profile-profil2021-eng.cfm"},"community_name":"Calgary","community_source":{"label":"Statistics Canada 2021 census subdivision boundaries (spatial lookup)","url":"https://geo.statcan.gc.ca/geo_wa/rest/services/2021/Cartographic_boundary_files/MapServer/9"},"community_display":"Calgary","is_unorganized":false,"panel_title":"Calgary","display_label":"Calgary","map_label":"48060637"},"geometry":{"type":"MultiPolygon","coordinates":[[[[-114.04080055563696,51.0452661302685],[-114.04043296446206,51.045158573819315],[-114.04083232205822,51.04515784232323],[-114.04114998954921,51.045039136863686],[-114.04150155902441,51.04494817666399],[-114.04172036878937,51.044841245067296],[-114.04248576518253,51.0439352257534],[-114.04262510217798,51.043760082313206],[-114.0427144804694,51.04363099266258],[-114.04304104464548,51.04370958901754],[-114.04305468833114,51.043712877201706],[-114.04383761033924,51.04386036659483],[-114.04454990921771,51.04387847925439],[-114.0475117678675,51.043971366606975],[-114.0483756899419,51.04407416045375],[-114.04836349446664,51.04516217372541],[-114.05071418080185,51.045221568291936],[-114.05324938513985,51.04529458253914],[-114.05319118786251,51.046210580291124],[-114.05317224129534,51.046508724530355],[-114.05313127821718,51.04715359680063],[-114.05297691529091,51.04804109392217],[-114.05297397037536,51.0480580959408],[-114.05287697238086,51.048421738023066],[-114.05284287680334,51.04854948679515],[-114.05287454821487,51.048856788622786],[-114.05289589316244,51.049063595394955],[-114.05290453298375,51.049096966985736],[-114.0529609675415,51.049315003182215],[-114.0528960911568,51.04934708318432],[-114.05274515534158,51.04948528888079],[-114.05266216633228,51.0495613055924],[-114.05253898085917,51.04969650849082],[-114.05155730576075,51.049250257327586],[-114.05138572613359,51.049181273428715],[-114.04852380029325,51.04803043399254],[-114.04658860233752,51.04724123817212],[-114.04549149693494,51.04678185167633],[-114.04519301989289,51.046686659935766],[-114.04497471507395,51.046617035486285],[-114.04448239951276,51.0465327289611],[-114.04328421271097,51.04623513932677],[-114.04206158341735,51.045856941396245],[-114.0416515004065,51.04563344591879],[-114.04158610245842,51.04553858268069],[-114.0413513623106,51.04545716421583],[-114.04108086740818,51.04536334471404],[-114.04080055563696,51.0452661302685]]]]}},{"type":"Feature","properties":{"DGUID":"2021S051248060638","DAUID":"48060638","LANDAREA":0.1788,"PRUID":"48","fed_num":"48004","da_code":"48060638","geo_name":"48060638","name_source":{"label":"Statistics Canada Census Profile 2021 DA WDS","url":"https://www12.statcan.gc.ca/wds-sdw/2021profile-profil2021-eng.cfm"},"population":973,"status":"ok","source":{"label":"Statistics Canada Census Profile 2021 DA WDS","url":"https://www12.statcan.gc.ca/wds-sdw/2021profile-profil2021-eng.cfm"},"community_name":"Calgary","community_source":{"label":"Statistics Canada 2021 census subdivision boundaries (spatial lookup)","url":"https://geo.statcan.gc.ca/geo_wa/rest/services/2021/Cartographic_boundary_files/MapServer/9"},"community_display":"Calgary","is_unorganized":false,"panel_title":"Calgary","display_label":"Calgary","map_label":"48060638"},"geometry":{"type":"MultiPolygon","coordinates":[[[[-114.053834966929,51.049779981516714],[-114.05339167975139,51.04957078137482],[-114.0529609675415,51.049315003182215],[-114.05290453298375,51.049096966985736],[-114.05289589316244,51.049063595394955],[-114.05287454821487,51.048856788622786],[-114.05284287680334,51.04854948679515],[-114.05287697238086,51.048421738023066],[-114.05297397037536,51.0480580959408],[-114.05297691529091,51.04804109392217],[-114.05313127821718,51.04715359680063],[-114.05317224129534,51.046508724530355],[-114.05319118786251,51.046210580291124],[-114.05324938513985,51.04529458253914],[-114.05463608309292,51.045319688771755],[-114.0556703125025,51.04536491029754],[-114.05574650170527,51.044395188627995],[-114.05644359995713,51.04441780822188],[-114.05823836414768,51.044475995767385],[-114.05817487916126,51.0454037500179],[-114.05810572180035,51.046413947970926],[-114.05804535752189,51.047295505718765],[-114.05796955806527,51.04826499487399],[-114.05789495822746,51.04921658962157],[-114.0554164764386,51.049145084268126],[-114.05537086422851,51.05008850591849],[-114.053834966929,51.049779981516714]]]]}},{"type":"Feature","properties":{"DGUID":"2021S051248060639","DAUID":"48060639","LANDAREA":0.0666,"PRUID":"48","fed_num":"48004","da_code":"48060639","geo_name":"48060639","name_source":{"label":"Statistics Canada Census Profile 2021 DA WDS","url":"https://www12.statcan.gc.ca/wds-sdw/2021profile-profil2021-eng.cfm"},"population":592,"status":"ok","source":{"label":"Statistics Canada Census Profile 2021 DA WDS","url":"https://www12.statcan.gc.ca/wds-sdw/2021profile-profil2021-eng.cfm"},"community_name":"Calgary","community_source":{"label":"Statistics Canada 2021 census subdivision boundaries (spatial lookup)","url":"https://geo.statcan.gc.ca/geo_wa/rest/services/2021/Cartographic_boundary_files/MapServer/9"},"community_display":"Calgary","is_unorganized":false,"panel_title":"Calgary","display_label":"Calgary","map_label":"48060639"},"geometry":{"type":"MultiPolygon","coordinates":[[[[-114.05823836414768,51.044475995767385],[-114.05827442031064,51.043787271585224],[-114.05828892382331,51.04378757998808],[-114.05841091341625,51.04379008429657],[-114.05947280839987,51.043781392797456],[-114.05992803993107,51.043760500090244],[-114.06053103115448,51.04375709470921],[-114.0606953838323,51.04375618565058],[-114.06064477358329,51.04455448272519],[-114.0605707784345,51.04549707945218],[-114.06050823361595,51.04648427268611],[-114.06046559908967,51.04715722923827],[-114.06045415776126,51.04733818971053],[-114.05804535752189,51.047295505718765],[-114.05810572180035,51.046413947970926],[-114.05817487916126,51.0454037500179],[-114.05823836414768,51.044475995767385]]]]}},{"type":"Feature","properties":{"DGUID":"2021S051248060640","DAUID":"48060640","LANDAREA":0.2187,"PRUID":"48","fed_num":"48004","da_code":"48060640","geo_name":"48060640","name_source":{"label":"Statistics Canada Census Profile 2021 DA WDS","url":"https://www12.statcan.gc.ca/wds-sdw/2021profile-profil2021-eng.cfm"},"population":1229,"status":"ok","source":{"label":"Statistics Canada Census Profile 2021 DA WDS","url":"https://www12.statcan.gc.ca/wds-sdw/2021profile-profil2021-eng.cfm"},"community_name":"Calgary","community_source":{"label":"Statistics Canada 2021 census subdivision boundaries (spatial lookup)","url":"https://geo.statcan.gc.ca/geo_wa/rest/services/2021/Cartographic_boundary_files/MapServer/9"},"community_display":"Calgary","is_unorganized":false,"panel_title":"Calgary","display_label":"Calgary","map_label":"48060640"},"geometry":{"type":"MultiPolygon","coordinates":[[[[-114.05431316207817,51.05048624634065],[-114.05393168834273,51.05035194483631],[-114.05310490304402,51.0499537557589],[-114.05300538442121,51.049908534942034],[-114.05253898085917,51.04969650849082],[-114.05266216633228,51.0495613055924],[-114.05274515534158,51.04948528888079],[-114.0528960911568,51.04934708318432],[-114.0529609675415,51.049315003182215],[-114.05339167975139,51.04957078137482],[-114.053834966929,51.049779981516714],[-114.05537086422851,51.05008850591849],[-114.0554164764386,51.049145084268126],[-114.05789495822746,51.04921658962157],[-114.05796955806527,51.04826499487399],[-114.05804535752189,51.047295505718765],[-114.06045415776126,51.04733818971053],[-114.06292006859485,51.04738220220341],[-114.0630271829639,51.047386077757196],[-114.06312337304179,51.04738956767393],[-114.0629896950344,51.04841000285767],[-114.06294156167559,51.04933270530269],[-114.06285097140837,51.05032239134904],[-114.06279677108895,51.05124511310614],[-114.06275673152476,51.052088318592816],[-114.06271517380016,51.052625743437645],[-114.06271661578857,51.05275477069656],[-114.06255743041334,51.05268251409987],[-114.0623517766203,51.052589166289025],[-114.06126268129736,51.05202406006123],[-114.06065105715311,51.051820573541896],[-114.0604000716352,51.05173706824018],[-114.0603535018327,51.051725636962615],[-114.05981877701933,51.05159435805202],[-114.05840146176614,51.051187869980176],[-114.0577071808499,51.0510292620352],[-114.05748675405113,51.0509970900021],[-114.05662197332252,51.05087084992516],[-114.05594269357788,51.0508040594916],[-114.05543647570519,51.05072256238029],[-114.05431316207817,51.05048624634065]]]]}},{"type":"Feature","properties":{"DGUID":"2021S051248060643","DAUID":"48060643","LANDAREA":0.5816,"PRUID":"48","fed_num":"48004","da_code":"48060643","geo_name":"48060643","name_source":{"label":"Statistics Canada Census Profile 2021 DA WDS","url":"https://www12.statcan.gc.ca/wds-sdw/2021profile-profil2021-eng.cfm"},"population":2274,"status":"ok","source":{"label":"Statistics Canada Census Profile 2021 DA WDS","url":"https://www12.statcan.gc.ca/wds-sdw/2021profile-profil2021-eng.cfm"},"community_name":"Calgary","community_source":{"label":"Statistics Canada 2021 census subdivision boundaries (spatial lookup)","url":"https://geo.statcan.gc.ca/geo_wa/rest/services/2021/Cartographic_boundary_files/MapServer/9"},"community_display":"Calgary","is_unorganized":false,"panel_title":"Calgary","display_label":"Calgary","map_label":"48060643"},"geometry":{"type":"MultiPolygon","coordinates":[[[[-114.0700735826995,51.05689567871851],[-114.06925159263358,51.05687578242055],[-114.06867049038979,51.056856276688826],[-114.06822758871637,51.05678138800661],[-114.06756056387312,51.05661747094399],[-114.06680877285959,51.05628049075324],[-114.06633599306544,51.05602187524022],[-114.06568746728308,51.05558887217837],[-114.06556898253731,51.05546977823032],[-114.06527316921175,51.054958663899825],[-114.06513869446813,51.054776382035094],[-114.06421068873179,51.054018680697254],[-114.06414279557754,51.05388027530612],[-114.06414025890548,51.05369116844504],[-114.06425018063106,51.05366975894377],[-114.06430815620621,51.05366945935494],[-114.06430773280809,51.053641635952985],[-114.06419466209056,51.05328218796726],[-114.06417757515854,51.05327627671594],[-114.0639925528907,51.0532364627969],[-114.06300946097384,51.05288768030827],[-114.06271661578857,51.05275477069656],[-114.06271517380016,51.052625743437645],[-114.06275673152476,51.052088318592816],[-114.06304446284857,51.05217961061346],[-114.06345365065685,51.05225290513213],[-114.06408008925652,51.05227761244575],[-114.0650073753732,51.05228290624969],[-114.06508526222363,51.05127750096448],[-114.06509960835349,51.05109661032478],[-114.06515575921323,51.05038869592233],[-114.06624211605094,51.05041602240106],[-114.06722896910428,51.05044085692944],[-114.06764906593139,51.05045140916728],[-114.07008495159471,51.05052150659792],[-114.07155199610398,51.050567311929846],[-114.07357457128329,51.050627024335746],[-114.07596998822896,51.05066001017401],[-114.07589458272966,51.051629613209656],[-114.07844507952878,51.051693414311806],[-114.07942826859122,51.05171451874754],[-114.08041997546934,51.051505429157075],[-114.0805301757725,51.05143981992689],[-114.08082645985947,51.051267307933124],[-114.08092867974862,51.05118312461822],[-114.08094149540091,51.05080242517125],[-114.08101787939425,51.0498149170078],[-114.08244266959152,51.049850517365826],[-114.083481692951,51.04989441594601],[-114.08373829347583,51.050125726448506],[-114.08387276836832,51.05025501359695],[-114.08404656057095,51.05039752494252],[-114.08408633511611,51.0504301408553],[-114.08408691420254,51.05043061374093],[-114.08385620812989,51.05053127427901],[-114.08353959292802,51.05062147507285],[-114.08297410331859,51.05094028451729],[-114.08303980049828,51.05101277273392],[-114.0832215147248,51.051015283176525],[-114.08368287715307,51.05094428642338],[-114.0837675873671,51.05099417947712],[-114.08377077112395,51.05103136815448],[-114.08355279018417,51.05129196442197],[-114.08340708884103,51.05140659423754],[-114.08321650400768,51.051556586579764],[-114.08289978769021,51.05164677871326],[-114.08280468186209,51.05163688757825],[-114.08261897016166,51.05174896902208],[-114.0823891741056,51.05195488415655],[-114.08204629588425,51.05214498145679],[-114.08148908447261,51.05235786662506],[-114.08088739917486,51.05254157706621],[-114.08073857404247,51.052636980423294],[-114.08052749306499,51.05269707786263],[-114.0799434918763,51.052763570657],[-114.0796532005525,51.0528769838178],[-114.07844408513705,51.05344125901747],[-114.07836294093177,51.05347913008373],[-114.0776254966244,51.05407797608307],[-114.07751920656455,51.05425988068013],[-114.07715559539282,51.05465306078508],[-114.07686856900774,51.05480376877226],[-114.07647378072296,51.05491867737181],[-114.07631020383668,51.05498055604935],[-114.07580137498,51.05517298628033],[-114.07553100578735,51.055235080371226],[-114.07457017966748,51.05566297948719],[-114.07382758373177,51.05599368068119],[-114.07369976099918,51.0560090741859],[-114.07199038797876,51.05654118607902],[-114.07109699453152,51.05674368642109],[-114.07035137780106,51.056879482476845],[-114.0700735826995,51.05689567871851]]]]}},{"type":"Feature","properties":{"DGUID":"2021S051248060644","DAUID":"48060644","LANDAREA":0.0528,"PRUID":"48","fed_num":"48004","da_code":"48060644","geo_name":"48060644","name_source":{"label":"Statistics Canada Census Profile 2021 DA WDS","url":"https://www12.statcan.gc.ca/wds-sdw/2021profile-profil2021-eng.cfm"},"population":376,"status":"ok","source":{"label":"Statistics Canada Census Profile 2021 DA WDS","url":"https://www12.statcan.gc.ca/wds-sdw/2021profile-profil2021-eng.cfm"},"community_name":"Calgary","community_source":{"label":"Statistics Canada 2021 census subdivision boundaries (spatial lookup)","url":"https://geo.statcan.gc.ca/geo_wa/rest/services/2021/Cartographic_boundary_files/MapServer/9"},"community_display":"Calgary","is_unorganized":false,"panel_title":"Calgary","display_label":"Calgary","map_label":"48060644"},"geometry":{"type":"MultiPolygon","coordinates":[[[[-114.07016388902272,51.049498099384664],[-114.07021998750128,51.04860899348871],[-114.07151647999139,51.0486415131085],[-114.07376707906474,51.04870689745837],[-114.07367967088051,51.04964021630499],[-114.07357457128329,51.050627024335746],[-114.07155199610398,51.050567311929846],[-114.07008495159471,51.05052150659792],[-114.07016388902272,51.049498099384664]]]]}},{"type":"Feature","properties":{"DGUID":"2021S051248060645","DAUID":"48060645","LANDAREA":0.4863,"PRUID":"48","fed_num":"48004","da_code":"48060645","geo_name":"48060645","name_source":{"label":"Statistics Canada Census Profile 2021 DA WDS","url":"https://www12.statcan.gc.ca/wds-sdw/2021profile-profil2021-eng.cfm"},"population":1027,"status":"ok","source":{"label":"Statistics Canada Census Profile 2021 DA WDS","url":"https://www12.statcan.gc.ca/wds-sdw/2021profile-profil2021-eng.cfm"},"community_name":"Calgary","community_source":{"label":"Statistics Canada 2021 census subdivision boundaries (spatial lookup)","url":"https://geo.statcan.gc.ca/geo_wa/rest/services/2021/Cartographic_boundary_files/MapServer/9"},"community_display":"Calgary","is_unorganized":false,"panel_title":"Calgary","display_label":"Calgary","map_label":"48060645"},"geometry":{"type":"MultiPolygon","coordinates":[[[[-114.07151647999139,51.0486415131085],[-114.07021998750128,51.04860899348871],[-114.07016388902272,51.049498099384664],[-114.07008495159471,51.05052150659792],[-114.06764906593139,51.05045140916728],[-114.06722896910428,51.05044085692944],[-114.06624211605094,51.05041602240106],[-114.06515575921323,51.05038869592233],[-114.06522107106443,51.04935600122677],[-114.06529095310769,51.04847620734882],[-114.06536886617452,51.04747080487783],[-114.06542707087432,51.04664873499392],[-114.06550238496716,51.04558520190227],[-114.06555967243632,51.04467809957351],[-114.06808067440448,51.04475050207629],[-114.0699189779754,51.04478283270728],[-114.0702062064938,51.044787886317145],[-114.07047520340602,51.04479260667066],[-114.07140129145988,51.04481580917893],[-114.07157219802178,51.04482009792393],[-114.07165767584624,51.044822209023664],[-114.07178527139519,51.044834398246394],[-114.07387949094186,51.04488690509524],[-114.07406469880952,51.0448915975036],[-114.07638518736394,51.04497671661891],[-114.07632636616357,51.04591069558494],[-114.07625143682523,51.04697410425217],[-114.07619159116632,51.04782320805363],[-114.07865580703067,51.047893917328345],[-114.07859418630017,51.048872811955206],[-114.0785715834874,51.04923146258087],[-114.0785381642162,51.04976181023938],[-114.0785072294713,51.05040104779883],[-114.07849913869383,51.050568236631065],[-114.07849078874705,51.05074110256382],[-114.07596998822896,51.05066001017401],[-114.07357457128329,51.050627024335746],[-114.07367967088051,51.04964021630499],[-114.07376707906474,51.04870689745837],[-114.07151647999139,51.0486415131085]]]]}},{"type":"Feature","properties":{"DGUID":"2021S051248060646","DAUID":"48060646","LANDAREA":0.3071,"PRUID":"48","fed_num":"48004","da_code":"48060646","geo_name":"48060646","name_source":{"label":"Statistics Canada Census Profile 2021 DA WDS","url":"https://www12.statcan.gc.ca/wds-sdw/2021profile-profil2021-eng.cfm"},"population":254,"status":"ok","source":{"label":"Statistics Canada Census Profile 2021 DA WDS","url":"https://www12.statcan.gc.ca/wds-sdw/2021profile-profil2021-eng.cfm"},"community_name":"Calgary","community_source":{"label":"Statistics Canada 2021 census subdivision boundaries (spatial lookup)","url":"https://geo.statcan.gc.ca/geo_wa/rest/services/2021/Cartographic_boundary_files/MapServer/9"},"community_display":"Calgary","is_unorganized":false,"panel_title":"Calgary","display_label":"Calgary","map_label":"48060646"},"geometry":{"type":"MultiPolygon","coordinates":[[[[-114.07632636616357,51.04591069558494],[-114.07638518736394,51.04497671661891],[-114.07406469880952,51.0448915975036],[-114.07387949094186,51.04488690509524],[-114.07178527139519,51.044834398246394],[-114.07165767584624,51.044822209023664],[-114.07157219802178,51.04482009792393],[-114.07140129145988,51.04481580917893],[-114.07047520340602,51.04479260667066],[-114.0702062064938,51.044787886317145],[-114.0699189779754,51.04478283270728],[-114.06808067440448,51.04475050207629],[-114.06555967243632,51.04467809957351],[-114.06550238496716,51.04558520190227],[-114.06542707087432,51.04664873499392],[-114.06536886617452,51.04747080487783],[-114.06529095310769,51.04847620734882],[-114.06522107106443,51.04935600122677],[-114.0636828884586,51.04930831171497],[-114.06294156167559,51.04933270530269],[-114.0629896950344,51.04841000285767],[-114.06312337304179,51.04738956767393],[-114.0630271829639,51.047386077757196],[-114.06292006859485,51.04738220220341],[-114.06045415776126,51.04733818971053],[-114.06046559908967,51.04715722923827],[-114.06050823361595,51.04648427268611],[-114.0605707784345,51.04549707945218],[-114.06064477358329,51.04455448272519],[-114.0606953838323,51.04375618565058],[-114.06070992235723,51.04375610022168],[-114.06088792987235,51.04375508782048],[-114.06105473718834,51.043754193405405],[-114.06335774979543,51.04383099018433],[-114.0654186196066,51.0438997077134],[-114.065608553007,51.0439060288628],[-114.06562302516029,51.043906508648774],[-114.06581482766823,51.04391281366121],[-114.06838482286419,51.04399389305417],[-114.0699168369083,51.04409880229426],[-114.07136521818161,51.044198099342346],[-114.07149422736417,51.044201620868655],[-114.07159502487168,51.04420431909727],[-114.07160944104625,51.04420470075727],[-114.07168713973394,51.04420680681266],[-114.0717016470875,51.044207195072325],[-114.0717040281857,51.044207309528204],[-114.07375665233808,51.044263711638],[-114.07391079536256,51.04426892428116],[-114.0739252291773,51.044269411714836],[-114.07412521957265,51.044276107838165],[-114.07413105832913,51.0442763098584],[-114.07425026008123,51.04428031646692],[-114.07795406273982,51.04439351516685],[-114.08120533214533,51.04448441076668],[-114.08132399154798,51.044488148320795],[-114.0813388533463,51.04448861908858],[-114.08140990106406,51.0444909230434],[-114.0813714892065,51.045101395205265],[-114.08125747510532,51.04509851842311],[-114.08115778643295,51.045096015203505],[-114.0788361953973,51.04502901588185],[-114.07877678516495,51.04597201167158],[-114.07870958287955,51.04703991464121],[-114.07865580703067,51.047893917328345],[-114.07619159116632,51.04782320805363],[-114.07625143682523,51.04697410425217],[-114.07632636616357,51.04591069558494]]]]}},{"type":"Feature","properties":{"DGUID":"2021S051248060647","DAUID":"48060647","LANDAREA":0.2158,"PRUID":"48","fed_num":"48004","da_code":"48060647","geo_name":"48060647","name_source":{"label":"Statistics Canada Census Profile 2021 DA WDS","url":"https://www12.statcan.gc.ca/wds-sdw/2021profile-profil2021-eng.cfm"},"population":1480,"status":"ok","source":{"label":"Statistics Canada Census Profile 2021 DA WDS","url":"https://www12.statcan.gc.ca/wds-sdw/2021profile-profil2021-eng.cfm"},"community_name":"Calgary","community_source":{"label":"Statistics Canada 2021 census subdivision boundaries (spatial lookup)","url":"https://geo.statcan.gc.ca/geo_wa/rest/services/2021/Cartographic_boundary_files/MapServer/9"},"community_display":"Calgary","is_unorganized":false,"panel_title":"Calgary","display_label":"Calgary","map_label":"48060647"},"geometry":{"type":"MultiPolygon","coordinates":[[[[-114.07154369948363,51.04165320471354],[-114.07154628021553,51.04070879350211],[-114.074252808571,51.04077660099109],[-114.0741780015405,51.041737190868766],[-114.07665609390239,51.04180820001186],[-114.07910641045675,51.04186961033302],[-114.0815565976233,51.04193079985098],[-114.08143799673235,51.04290829349858],[-114.08139237940374,51.043860606884806],[-114.08144551246578,51.0439249058285],[-114.08141228797301,51.04445278722889],[-114.08140990106406,51.0444909230434],[-114.0813388533463,51.04448861908858],[-114.08132399154798,51.044488148320795],[-114.08120533214533,51.04448441076668],[-114.07795406273982,51.04439351516685],[-114.07425026008123,51.04428031646692],[-114.07413105832913,51.0442763098584],[-114.07412521957265,51.044276107838165],[-114.0739252291773,51.044269411714836],[-114.07391079536256,51.04426892428116],[-114.07375665233808,51.044263711638],[-114.0717040281857,51.044207309528204],[-114.0717016470875,51.044207195072325],[-114.07168713973394,51.04420680681266],[-114.07160944104625,51.04420470075727],[-114.07159502487168,51.04420431909727],[-114.07160063744081,51.0440532942492],[-114.07161286149635,51.04372370054175],[-114.07162186866069,51.043579992294084],[-114.0716101790024,51.04263529845689],[-114.07154369948363,51.04165320471354]]]]}},{"type":"Feature","properties":{"DGUID":"2021S051248060648","DAUID":"48060648","LANDAREA":0.0359,"PRUID":"48","fed_num":"48004","da_code":"48060648","geo_name":"48060648","name_source":{"label":"Statistics Canada Census Profile 2021 DA WDS","url":"https://www12.statcan.gc.ca/wds-sdw/2021profile-profil2021-eng.cfm"},"population":351,"status":"ok","source":{"label":"Statistics Canada Census Profile 2021 DA WDS","url":"https://www12.statcan.gc.ca/wds-sdw/2021profile-profil2021-eng.cfm"},"community_name":"Calgary","community_source":{"label":"Statistics Canada 2021 census subdivision boundaries (spatial lookup)","url":"https://geo.statcan.gc.ca/geo_wa/rest/services/2021/Cartographic_boundary_files/MapServer/9"},"community_display":"Calgary","is_unorganized":false,"panel_title":"Calgary","display_label":"Calgary","map_label":"48060648"},"geometry":{"type":"MultiPolygon","coordinates":[[[[-114.07918047854048,51.04091799860841],[-114.07925468688933,51.03996641167212],[-114.08167518521735,51.04004490670414],[-114.08158631029593,51.041005107885766],[-114.0815565976233,51.04193079985098],[-114.07910641045675,51.04186961033302],[-114.07918047854048,51.04091799860841]]]]}},{"type":"Feature","properties":{"DGUID":"2021S051248060649","DAUID":"48060649","LANDAREA":0.0553,"PRUID":"48","fed_num":"48004","da_code":"48060649","geo_name":"48060649","name_source":{"label":"Statistics Canada Census Profile 2021 DA WDS","url":"https://www12.statcan.gc.ca/wds-sdw/2021profile-profil2021-eng.cfm"},"population":641,"status":"ok","source":{"label":"Statistics Canada Census Profile 2021 DA WDS","url":"https://www12.statcan.gc.ca/wds-sdw/2021profile-profil2021-eng.cfm"},"community_name":"Calgary","community_source":{"label":"Statistics Canada 2021 census subdivision boundaries (spatial lookup)","url":"https://geo.statcan.gc.ca/geo_wa/rest/services/2021/Cartographic_boundary_files/MapServer/9"},"community_display":"Calgary","is_unorganized":false,"panel_title":"Calgary","display_label":"Calgary","map_label":"48060649"},"geometry":{"type":"MultiPolygon","coordinates":[[[[-114.08158631029593,51.041005107885766],[-114.08167518521735,51.04004490670414],[-114.08413841489006,51.040124410525856],[-114.0840660807656,51.0410491066178],[-114.08404799922656,51.04142561396908],[-114.08401990759678,51.04201039739416],[-114.08393051672567,51.042979603766184],[-114.08143799673235,51.04290829349858],[-114.0815565976233,51.04193079985098],[-114.08158631029593,51.041005107885766]]]]}},{"type":"Feature","properties":{"DGUID":"2021S051248060650","DAUID":"48060650","LANDAREA":0.0363,"PRUID":"48","fed_num":"48004","da_code":"48060650","geo_name":"48060650","name_source":{"label":"Statistics Canada Census Profile 2021 DA WDS","url":"https://www12.statcan.gc.ca/wds-sdw/2021profile-profil2021-eng.cfm"},"population":729,"status":"ok","source":{"label":"Statistics Canada Census Profile 2021 DA WDS","url":"https://www12.statcan.gc.ca/wds-sdw/2021profile-profil2021-eng.cfm"},"community_name":"Calgary","community_source":{"label":"Statistics Canada 2021 census subdivision boundaries (spatial lookup)","url":"https://geo.statcan.gc.ca/geo_wa/rest/services/2021/Cartographic_boundary_files/MapServer/9"},"community_display":"Calgary","is_unorganized":false,"panel_title":"Calgary","display_label":"Calgary","map_label":"48060650"},"geometry":{"type":"MultiPolygon","coordinates":[[[[-114.08413841489006,51.040124410525856],[-114.08421188428859,51.03918180456566],[-114.08579815213028,51.03922141128181],[-114.0860847347953,51.03922854193873],[-114.08667618949782,51.03924330935321],[-114.0866028161036,51.04018590853179],[-114.08654311918599,51.041137898419],[-114.0840660807656,51.0410491066178],[-114.08413841489006,51.040124410525856]]]]}},{"type":"Feature","properties":{"DGUID":"2021S051248060651","DAUID":"48060651","LANDAREA":0.053,"PRUID":"48","fed_num":"48004","da_code":"48060651","geo_name":"48060651","name_source":{"label":"Statistics Canada Census Profile 2021 DA WDS","url":"https://www12.statcan.gc.ca/wds-sdw/2021profile-profil2021-eng.cfm"},"population":681,"status":"ok","source":{"label":"Statistics Canada Census Profile 2021 DA WDS","url":"https://www12.statcan.gc.ca/wds-sdw/2021profile-profil2021-eng.cfm"},"community_name":"Calgary","community_source":{"label":"Statistics Canada 2021 census subdivision boundaries (spatial lookup)","url":"https://geo.statcan.gc.ca/geo_wa/rest/services/2021/Cartographic_boundary_files/MapServer/9"},"community_display":"Calgary","is_unorganized":false,"panel_title":"Calgary","display_label":"Calgary","map_label":"48060651"},"geometry":{"type":"MultiPolygon","coordinates":[[[[-114.08167518521735,51.04004490670414],[-114.08173389797211,51.03911090849009],[-114.08180740424271,51.03816820113731],[-114.08179979003472,51.03783518984963],[-114.08382699911563,51.03781390718285],[-114.08428169141436,51.03784329205735],[-114.08427279277373,51.038211794692906],[-114.08667618949782,51.03924330935321],[-114.0860847347953,51.03922854193873],[-114.08579815213028,51.03922141128181],[-114.08421188428859,51.03918180456566],[-114.08413841489006,51.040124410525856],[-114.08167518521735,51.04004490670414]]]]}},{"type":"Feature","properties":{"DGUID":"2021S051248060652","DAUID":"48060652","LANDAREA":0.1657,"PRUID":"48","fed_num":"48004","da_code":"48060652","geo_name":"48060652","name_source":{"label":"Statistics Canada Census Profile 2021 DA WDS","url":"https://www12.statcan.gc.ca/wds-sdw/2021profile-profil2021-eng.cfm"},"population":3108,"status":"ok","source":{"label":"Statistics Canada Census Profile 2021 DA WDS","url":"https://www12.statcan.gc.ca/wds-sdw/2021profile-profil2021-eng.cfm"},"community_name":"Calgary","community_source":{"label":"Statistics Canada 2021 census subdivision boundaries (spatial lookup)","url":"https://geo.statcan.gc.ca/geo_wa/rest/services/2021/Cartographic_boundary_files/MapServer/9"},"community_display":"Calgary","is_unorganized":false,"panel_title":"Calgary","display_label":"Calgary","map_label":"48060652"},"geometry":{"type":"MultiPolygon","coordinates":[[[[-114.08139237940374,51.043860606884806],[-114.08143799673235,51.04290829349858],[-114.08393051672567,51.042979603766184],[-114.08401990759678,51.04201039739416],[-114.08404799922656,51.04142561396908],[-114.0840660807656,51.0410491066178],[-114.08654311918599,51.041137898419],[-114.08902121383962,51.04120871009578],[-114.08896151625963,51.04216060696674],[-114.08893379315813,51.04251695277485],[-114.08888749467856,51.0431122155367],[-114.08882671423505,51.044082209747465],[-114.08881594409344,51.04445391280297],[-114.08880887785313,51.04469740216035],[-114.08814476319822,51.04467830377361],[-114.0815368471364,51.044495015942545],[-114.08142446480424,51.04449140715289],[-114.08140990106406,51.0444909230434],[-114.08141228797301,51.04445278722889],[-114.08144551246578,51.0439249058285],[-114.08139237940374,51.043860606884806]]]]}},{"type":"Feature","properties":{"DGUID":"2021S051248060654","DAUID":"48060654","LANDAREA":0.0182,"PRUID":"48","fed_num":"48004","da_code":"48060654","geo_name":"48060654","name_source":{"label":"Statistics Canada Census Profile 2021 DA WDS","url":"https://www12.statcan.gc.ca/wds-sdw/2021profile-profil2021-eng.cfm"},"population":688,"status":"ok","source":{"label":"Statistics Canada Census Profile 2021 DA WDS","url":"https://www12.statcan.gc.ca/wds-sdw/2021profile-profil2021-eng.cfm"},"community_name":"Calgary","community_source":{"label":"Statistics Canada 2021 census subdivision boundaries (spatial lookup)","url":"https://geo.statcan.gc.ca/geo_wa/rest/services/2021/Cartographic_boundary_files/MapServer/9"},"community_display":"Calgary","is_unorganized":false,"panel_title":"Calgary","display_label":"Calgary","map_label":"48060654"},"geometry":{"type":"MultiPolygon","coordinates":[[[[-114.0812693961234,51.04604330054481],[-114.0813714892065,51.045101395205265],[-114.08147749724913,51.04510409966263],[-114.08379278089093,51.045170918575124],[-114.08373238640624,51.04613182215441],[-114.0812693961234,51.04604330054481]]]]}},{"type":"Feature","properties":{"DGUID":"2021S051248060655","DAUID":"48060655","LANDAREA":0.0201,"PRUID":"48","fed_num":"48004","da_code":"48060655","geo_name":"48060655","name_source":{"label":"Statistics Canada Census Profile 2021 DA WDS","url":"https://www12.statcan.gc.ca/wds-sdw/2021profile-profil2021-eng.cfm"},"population":664,"status":"ok","source":{"label":"Statistics Canada Census Profile 2021 DA WDS","url":"https://www12.statcan.gc.ca/wds-sdw/2021profile-profil2021-eng.cfm"},"community_name":"Calgary","community_source":{"label":"Statistics Canada 2021 census subdivision boundaries (spatial lookup)","url":"https://geo.statcan.gc.ca/geo_wa/rest/services/2021/Cartographic_boundary_files/MapServer/9"},"community_display":"Calgary","is_unorganized":false,"panel_title":"Calgary","display_label":"Calgary","map_label":"48060655"},"geometry":{"type":"MultiPolygon","coordinates":[[[[-114.08119604026922,51.04708561958079],[-114.0812693961234,51.04604330054481],[-114.08373238640624,51.04613182215441],[-114.08366765485881,51.04716143842678],[-114.08318281093553,51.047162988505534],[-114.0819409349712,51.04710387928965],[-114.08119604026922,51.04708561958079]]]]}},{"type":"Feature","properties":{"DGUID":"2021S051248060656","DAUID":"48060656","LANDAREA":0.0746,"PRUID":"48","fed_num":"48004","da_code":"48060656","geo_name":"48060656","name_source":{"label":"Statistics Canada Census Profile 2021 DA WDS","url":"https://www12.statcan.gc.ca/wds-sdw/2021profile-profil2021-eng.cfm"},"population":486,"status":"ok","source":{"label":"Statistics Canada Census Profile 2021 DA WDS","url":"https://www12.statcan.gc.ca/wds-sdw/2021profile-profil2021-eng.cfm"},"community_name":"Calgary","community_source":{"label":"Statistics Canada 2021 census subdivision boundaries (spatial lookup)","url":"https://geo.statcan.gc.ca/geo_wa/rest/services/2021/Cartographic_boundary_files/MapServer/9"},"community_display":"Calgary","is_unorganized":false,"panel_title":"Calgary","display_label":"Calgary","map_label":"48060656"},"geometry":{"type":"MultiPolygon","coordinates":[[[[-114.07877678516495,51.04597201167158],[-114.0788361953973,51.04502901588185],[-114.08115778643295,51.045096015203505],[-114.08125747510532,51.04509851842311],[-114.0813714892065,51.045101395205265],[-114.0812693961234,51.04604330054481],[-114.08119604026922,51.04708561958079],[-114.08116934634059,51.04746512283957],[-114.08113480347443,51.04795580572751],[-114.08107439738727,51.04891681346493],[-114.07967395348233,51.04889197050434],[-114.07859418630017,51.048872811955206],[-114.07865580703067,51.047893917328345],[-114.07870958287955,51.04703991464121],[-114.07877678516495,51.04597201167158]]]]}},{"type":"Feature","properties":{"DGUID":"2021S051248060660","DAUID":"48060660","LANDAREA":0.0173,"PRUID":"48","fed_num":"48004","da_code":"48060660","geo_name":"48060660","name_source":{"label":"Statistics Canada Census Profile 2021 DA WDS","url":"https://www12.statcan.gc.ca/wds-sdw/2021profile-profil2021-eng.cfm"},"population":978,"status":"ok","source":{"label":"Statistics Canada Census Profile 2021 DA WDS","url":"https://www12.statcan.gc.ca/wds-sdw/2021profile-profil2021-eng.cfm"},"community_name":"Calgary","community_source":{"label":"Statistics Canada 2021 census subdivision boundaries (spatial lookup)","url":"https://geo.statcan.gc.ca/geo_wa/rest/services/2021/Cartographic_boundary_files/MapServer/9"},"community_display":"Calgary","is_unorganized":false,"panel_title":"Calgary","display_label":"Calgary","map_label":"48060660"},"geometry":{"type":"MultiPolygon","coordinates":[[[[-114.0785381642162,51.04976181023938],[-114.0785715834874,51.04923146258087],[-114.07859418630017,51.048872811955206],[-114.07967395348233,51.04889197050434],[-114.08107439738727,51.04891681346493],[-114.08105784326875,51.04917995908034],[-114.08101787939425,51.0498149170078],[-114.07986096341884,51.04979015122031],[-114.0785381642162,51.04976181023938]]]]}},{"type":"Feature","properties":{"DGUID":"2021S051248060661","DAUID":"48060661","LANDAREA":0.0538,"PRUID":"48","fed_num":"48004","da_code":"48060661","geo_name":"48060661","name_source":{"label":"Statistics Canada Census Profile 2021 DA WDS","url":"https://www12.statcan.gc.ca/wds-sdw/2021profile-profil2021-eng.cfm"},"population":1459,"status":"ok","source":{"label":"Statistics Canada Census Profile 2021 DA WDS","url":"https://www12.statcan.gc.ca/wds-sdw/2021profile-profil2021-eng.cfm"},"community_name":"Calgary","community_source":{"label":"Statistics Canada 2021 census subdivision boundaries (spatial lookup)","url":"https://geo.statcan.gc.ca/geo_wa/rest/services/2021/Cartographic_boundary_files/MapServer/9"},"community_display":"Calgary","is_unorganized":false,"panel_title":"Calgary","display_label":"Calgary","map_label":"48060661"},"geometry":{"type":"MultiPolygon","coordinates":[[[[-114.07589458272966,51.051629613209656],[-114.07596998822896,51.05066001017401],[-114.07849078874705,51.05074110256382],[-114.07849913869383,51.050568236631065],[-114.0785072294713,51.05040104779883],[-114.0785381642162,51.04976181023938],[-114.07986096341884,51.04979015122031],[-114.08101787939425,51.0498149170078],[-114.08094149540091,51.05080242517125],[-114.08092867974862,51.05118312461822],[-114.08082645985947,51.051267307933124],[-114.0805301757725,51.05143981992689],[-114.08041997546934,51.051505429157075],[-114.07942826859122,51.05171451874754],[-114.07844507952878,51.051693414311806],[-114.07589458272966,51.051629613209656]]]]}},{"type":"Feature","properties":{"DGUID":"2021S051248060662","DAUID":"48060662","LANDAREA":0.2983,"PRUID":"48","fed_num":"48004","da_code":"48060662","geo_name":"48060662","name_source":{"label":"Statistics Canada Census Profile 2021 DA WDS","url":"https://www12.statcan.gc.ca/wds-sdw/2021profile-profil2021-eng.cfm"},"population":902,"status":"ok","source":{"label":"Statistics Canada Census Profile 2021 DA WDS","url":"https://www12.statcan.gc.ca/wds-sdw/2021profile-profil2021-eng.cfm"},"community_name":"Calgary","community_source":{"label":"Statistics Canada 2021 census subdivision boundaries (spatial lookup)","url":"https://geo.statcan.gc.ca/geo_wa/rest/services/2021/Cartographic_boundary_files/MapServer/9"},"community_display":"Calgary","is_unorganized":false,"panel_title":"Calgary","display_label":"Calgary","map_label":"48060662"},"geometry":{"type":"MultiPolygon","coordinates":[[[[-114.08387276836832,51.05025501359695],[-114.08373829347583,51.050125726448506],[-114.083481692951,51.04989441594601],[-114.08355407037152,51.048969718088905],[-114.08600297185916,51.049057907011566],[-114.08732230932937,51.04906507354848],[-114.08738668256707,51.049065410449415],[-114.08802539009446,51.04889241917712],[-114.08830568735787,51.048746512675436],[-114.0883990945004,51.048622923384436],[-114.08852530409354,51.048203309753646],[-114.08867278530563,51.047217526047326],[-114.08870290502853,51.04628281942337],[-114.08879000990598,51.04534951332061],[-114.08880887785313,51.04469740216035],[-114.08881594409344,51.04445391280297],[-114.08882671423505,51.044082209747465],[-114.08888749467856,51.0431122155367],[-114.08893379315813,51.04251695277485],[-114.08896151625963,51.04216060696674],[-114.09008520552074,51.04221559620022],[-114.09139808542231,51.04221230095257],[-114.09388991380916,51.04229241314503],[-114.09464501096886,51.042311217408326],[-114.09459850597996,51.043281407708484],[-114.09467674668095,51.04419799277328],[-114.09467937216036,51.045454874513815],[-114.09467927987923,51.0455466833322],[-114.09467912881563,51.045680860746245],[-114.09467889616975,51.04586220384686],[-114.09472560968001,51.04638562126101],[-114.09472661077601,51.04660771473855],[-114.09474365610596,51.04687781379892],[-114.0947412001906,51.04692797601316],[-114.0947394766421,51.046974417444524],[-114.0947390389811,51.04699104149048],[-114.09473722779624,51.04705350332889],[-114.09473280748566,51.04720871068207],[-114.09472848380362,51.04735932439866],[-114.09472909669802,51.04754719387715],[-114.09407571389252,51.04751406281794],[-114.09360681923084,51.047539178875354],[-114.09183498532438,51.047790084993814],[-114.0909697029291,51.0481105659768],[-114.09048018032964,51.04833876454085],[-114.08995040189136,51.04852060424362],[-114.08817628313406,51.049129462396664],[-114.08806228238376,51.04914228443487],[-114.08744068289627,51.049377163238496],[-114.08681159280214,51.049566280910234],[-114.08623639324996,51.049773284180596],[-114.08409159114126,51.050428576187144],[-114.08408691420254,51.05043061374093],[-114.08408633511611,51.0504301408553],[-114.08404656057095,51.05039752494252],[-114.08387276836832,51.05025501359695]]]]}},{"type":"Feature","properties":{"DGUID":"2021S051248060663","DAUID":"48060663","LANDAREA":0.0684,"PRUID":"48","fed_num":"48004","da_code":"48060663","geo_name":"48060663","name_source":{"label":"Statistics Canada Census Profile 2021 DA WDS","url":"https://www12.statcan.gc.ca/wds-sdw/2021profile-profil2021-eng.cfm"},"population":495,"status":"ok","source":{"label":"Statistics Canada Census Profile 2021 DA WDS","url":"https://www12.statcan.gc.ca/wds-sdw/2021profile-profil2021-eng.cfm"},"community_name":"Calgary","community_source":{"label":"Statistics Canada 2021 census subdivision boundaries (spatial lookup)","url":"https://geo.statcan.gc.ca/geo_wa/rest/services/2021/Cartographic_boundary_files/MapServer/9"},"community_display":"Calgary","is_unorganized":false,"panel_title":"Calgary","display_label":"Calgary","map_label":"48060663"},"geometry":{"type":"MultiPolygon","coordinates":[[[[-114.09459850597996,51.043281407708484],[-114.09464501096886,51.042311217408326],[-114.09480172873803,51.04231511701194],[-114.09688040519876,51.042384711119105],[-114.09934441938108,51.04245500141204],[-114.09928492629294,51.04340691753129],[-114.09922652746191,51.04434101413141],[-114.09673450805779,51.044261016920416],[-114.09481240693823,51.044195302967815],[-114.09467674668095,51.04419799277328],[-114.09459850597996,51.043281407708484]]]]}},{"type":"Feature","properties":{"DGUID":"2021S051248060664","DAUID":"48060664","LANDAREA":0.0537,"PRUID":"48","fed_num":"48004","da_code":"48060664","geo_name":"48060664","name_source":{"label":"Statistics Canada Census Profile 2021 DA WDS","url":"https://www12.statcan.gc.ca/wds-sdw/2021profile-profil2021-eng.cfm"},"population":503,"status":"ok","source":{"label":"Statistics Canada Census Profile 2021 DA WDS","url":"https://www12.statcan.gc.ca/wds-sdw/2021profile-profil2021-eng.cfm"},"community_name":"Calgary","community_source":{"label":"Statistics Canada 2021 census subdivision boundaries (spatial lookup)","url":"https://geo.statcan.gc.ca/geo_wa/rest/services/2021/Cartographic_boundary_files/MapServer/9"},"community_display":"Calgary","is_unorganized":false,"panel_title":"Calgary","display_label":"Calgary","map_label":"48060664"},"geometry":{"type":"MultiPolygon","coordinates":[[[[-114.09934441938108,51.04245500141204],[-114.09940220967312,51.04152991660098],[-114.10188153054061,51.04158251428623],[-114.10178049520758,51.04251551461626],[-114.10170681619273,51.04346712589955],[-114.10167691081102,51.04440182230387],[-114.09922652746191,51.04434101413141],[-114.09928492629294,51.04340691753129],[-114.09934441938108,51.04245500141204]]]]}},{"type":"Feature","properties":{"DGUID":"2021S051248060665","DAUID":"48060665","LANDAREA":0.0698,"PRUID":"48","fed_num":"48004","da_code":"48060665","geo_name":"48060665","name_source":{"label":"Statistics Canada Census Profile 2021 DA WDS","url":"https://www12.statcan.gc.ca/wds-sdw/2021profile-profil2021-eng.cfm"},"population":539,"status":"ok","source":{"label":"Statistics Canada Census Profile 2021 DA WDS","url":"https://www12.statcan.gc.ca/wds-sdw/2021profile-profil2021-eng.cfm"},"community_name":"Calgary","community_source":{"label":"Statistics Canada 2021 census subdivision boundaries (spatial lookup)","url":"https://geo.statcan.gc.ca/geo_wa/rest/services/2021/Cartographic_boundary_files/MapServer/9"},"community_display":"Calgary","is_unorganized":false,"panel_title":"Calgary","display_label":"Calgary","map_label":"48060665"},"geometry":{"type":"MultiPolygon","coordinates":[[[[-114.09715241173667,51.03872159754782],[-114.09713061418329,51.038613091125136],[-114.09757221128416,51.03862411427036],[-114.09849363003664,51.038718996764295],[-114.09897122127498,51.03883881165542],[-114.09943131560844,51.039056417086286],[-114.09953531164876,51.03917811805157],[-114.09955082955405,51.03960870903542],[-114.09947819800492,51.04054240563173],[-114.09940220967312,51.04152991660098],[-114.09934441938108,51.04245500141204],[-114.09688040519876,51.042384711119105],[-114.09695480031363,51.04142410099731],[-114.09704341289519,51.04046391576671],[-114.0971138048111,51.039566219103804],[-114.09715241173667,51.03872159754782]]]]}},{"type":"Feature","properties":{"DGUID":"2021S051248060666","DAUID":"48060666","LANDAREA":0.0926,"PRUID":"48","fed_num":"48004","da_code":"48060666","geo_name":"48060666","name_source":{"label":"Statistics Canada Census Profile 2021 DA WDS","url":"https://www12.statcan.gc.ca/wds-sdw/2021profile-profil2021-eng.cfm"},"population":516,"status":"ok","source":{"label":"Statistics Canada Census Profile 2021 DA WDS","url":"https://www12.statcan.gc.ca/wds-sdw/2021profile-profil2021-eng.cfm"},"community_name":"Calgary","community_source":{"label":"Statistics Canada 2021 census subdivision boundaries (spatial lookup)","url":"https://geo.statcan.gc.ca/geo_wa/rest/services/2021/Cartographic_boundary_files/MapServer/9"},"community_display":"Calgary","is_unorganized":false,"panel_title":"Calgary","display_label":"Calgary","map_label":"48060666"},"geometry":{"type":"MultiPolygon","coordinates":[[[[-114.09472183062077,51.03948870158526],[-114.09472490462329,51.03852629591427],[-114.09472611199722,51.03782469747915],[-114.0965094246142,51.037824110893936],[-114.09726552838517,51.03782490963874],[-114.09760790802049,51.03782449894916],[-114.09864950281334,51.037823407774745],[-114.09865720469288,51.03815640236392],[-114.0986536644226,51.03827728621546],[-114.09865433360747,51.03827980372358],[-114.09874111105512,51.03856620675073],[-114.09897122127498,51.03883881165542],[-114.09849363003664,51.038718996764295],[-114.09757221128416,51.03862411427036],[-114.09713061418329,51.038613091125136],[-114.09715241173667,51.03872159754782],[-114.0971138048111,51.039566219103804],[-114.09704341289519,51.04046391576671],[-114.09695480031363,51.04142410099731],[-114.09688040519876,51.042384711119105],[-114.09480172873803,51.04231511701194],[-114.09464501096886,51.042311217408326],[-114.09470269757173,51.041844924844796],[-114.09473191646384,51.04137790238063],[-114.0947362118671,51.040397502848045],[-114.09472183062077,51.03948870158526]]]]}},{"type":"Feature","properties":{"DGUID":"2021S051248060667","DAUID":"48060667","LANDAREA":0.2016,"PRUID":"48","fed_num":"48004","da_code":"48060667","geo_name":"48060667","name_source":{"label":"Statistics Canada Census Profile 2021 DA WDS","url":"https://www12.statcan.gc.ca/wds-sdw/2021profile-profil2021-eng.cfm"},"population":518,"status":"ok","source":{"label":"Statistics Canada Census Profile 2021 DA WDS","url":"https://www12.statcan.gc.ca/wds-sdw/2021profile-profil2021-eng.cfm"},"community_name":"Calgary","community_source":{"label":"Statistics Canada 2021 census subdivision boundaries (spatial lookup)","url":"https://geo.statcan.gc.ca/geo_wa/rest/services/2021/Cartographic_boundary_files/MapServer/9"},"community_display":"Calgary","is_unorganized":false,"panel_title":"Calgary","display_label":"Calgary","map_label":"48060667"},"geometry":{"type":"MultiPolygon","coordinates":[[[[-114.10178049520758,51.04251551461626],[-114.10188153054061,51.04158251428623],[-114.09940220967312,51.04152991660098],[-114.09947819800492,51.04054240563173],[-114.09955082955405,51.03960870903542],[-114.09953531164876,51.03917811805157],[-114.09943131560844,51.039056417086286],[-114.09897122127498,51.03883881165542],[-114.09874111105512,51.03856620675073],[-114.09865433360747,51.03827980372358],[-114.0986536644226,51.03827728621546],[-114.09865720469288,51.03815640236392],[-114.09864950281334,51.037823407774745],[-114.09884893357639,51.03782830418215],[-114.0992631098517,51.037820613999116],[-114.10021860582539,51.03782629469999],[-114.10160264228266,51.037824710504836],[-114.10288682451576,51.03782061247154],[-114.10358592699603,51.03782000741797],[-114.1037479267796,51.037967892535995],[-114.10378051091065,51.038130598907216],[-114.10369639925158,51.03833541376991],[-114.10343910888413,51.03857191051398],[-114.10305359983543,51.038805215048455],[-114.1039700228309,51.03898081762119],[-114.1049173934254,51.03934610163262],[-114.10622982741178,51.04003530605557],[-114.10727160092192,51.04071771028426],[-114.10720922222033,51.04103100389387],[-114.10675280444926,51.04148742717565],[-114.10635691799912,51.04165750090694],[-114.1060658967141,51.041749212439605],[-114.10524861146874,51.041585110803894],[-114.10448449430561,51.04216881285404],[-114.10431552962342,51.04236250833537],[-114.1042734929715,51.04257731819079],[-114.10178049520758,51.04251551461626]]]]}},{"type":"Feature","properties":{"DGUID":"2021S051248060668","DAUID":"48060668","LANDAREA":0.0473,"PRUID":"48","fed_num":"48004","da_code":"48060668","geo_name":"48060668","name_source":{"label":"Statistics Canada Census Profile 2021 DA WDS","url":"https://www12.statcan.gc.ca/wds-sdw/2021profile-profil2021-eng.cfm"},"population":490,"status":"ok","source":{"label":"Statistics Canada Census Profile 2021 DA WDS","url":"https://www12.statcan.gc.ca/wds-sdw/2021profile-profil2021-eng.cfm"},"community_name":"Calgary","community_source":{"label":"Statistics Canada 2021 census subdivision boundaries (spatial lookup)","url":"https://geo.statcan.gc.ca/geo_wa/rest/services/2021/Cartographic_boundary_files/MapServer/9"},"community_display":"Calgary","is_unorganized":false,"panel_title":"Calgary","display_label":"Calgary","map_label":"48060668"},"geometry":{"type":"MultiPolygon","coordinates":[[[[-114.09887099838103,51.03656059794044],[-114.09885590879252,51.03497711081733],[-114.10025402495702,51.0349758941165],[-114.10041120108532,51.034970805511016],[-114.10126640118541,51.03498298939745],[-114.1015946168581,51.03498220762086],[-114.10161041313218,51.03655660640315],[-114.10160264228266,51.037824710504836],[-114.10021860582539,51.03782629469999],[-114.10026184669009,51.03674389676298],[-114.10026920525539,51.03655929036141],[-114.09887099838103,51.03656059794044]]]]}},{"type":"Feature","properties":{"DGUID":"2021S051248060669","DAUID":"48060669","LANDAREA":0.0575,"PRUID":"48","fed_num":"48004","da_code":"48060669","geo_name":"48060669","name_source":{"label":"Statistics Canada Census Profile 2021 DA WDS","url":"https://www12.statcan.gc.ca/wds-sdw/2021profile-profil2021-eng.cfm"},"population":411,"status":"ok","source":{"label":"Statistics Canada Census Profile 2021 DA WDS","url":"https://www12.statcan.gc.ca/wds-sdw/2021profile-profil2021-eng.cfm"},"community_name":"Calgary","community_source":{"label":"Statistics Canada 2021 census subdivision boundaries (spatial lookup)","url":"https://geo.statcan.gc.ca/geo_wa/rest/services/2021/Cartographic_boundary_files/MapServer/9"},"community_display":"Calgary","is_unorganized":false,"panel_title":"Calgary","display_label":"Calgary","map_label":"48060669"},"geometry":{"type":"MultiPolygon","coordinates":[[[[-114.10160264228266,51.037824710504836],[-114.10161041313218,51.03655660640315],[-114.1015946168581,51.03498220762086],[-114.10226571587856,51.03497178901806],[-114.10290779689596,51.034969798688415],[-114.10340632404542,51.03498210416119],[-114.10424671061344,51.03500301097425],[-114.10516003857329,51.03499860502374],[-114.1056021220322,51.03500060468907],[-114.10558960406625,51.03611570901772],[-114.10426182026687,51.036361596349025],[-114.10287591559441,51.0366239893835],[-114.10288682451576,51.03782061247154],[-114.10160264228266,51.037824710504836]]]]}},{"type":"Feature","properties":{"DGUID":"2021S051248060670","DAUID":"48060670","LANDAREA":0.1008,"PRUID":"48","fed_num":"48004","da_code":"48060670","geo_name":"48060670","name_source":{"label":"Statistics Canada Census Profile 2021 DA WDS","url":"https://www12.statcan.gc.ca/wds-sdw/2021profile-profil2021-eng.cfm"},"population":639,"status":"ok","source":{"label":"Statistics Canada Census Profile 2021 DA WDS","url":"https://www12.statcan.gc.ca/wds-sdw/2021profile-profil2021-eng.cfm"},"community_name":"Calgary","community_source":{"label":"Statistics Canada 2021 census subdivision boundaries (spatial lookup)","url":"https://geo.statcan.gc.ca/geo_wa/rest/services/2021/Cartographic_boundary_files/MapServer/9"},"community_display":"Calgary","is_unorganized":false,"panel_title":"Calgary","display_label":"Calgary","map_label":"48060670"},"geometry":{"type":"MultiPolygon","coordinates":[[[[-114.10876434015498,51.034620207572246],[-114.10631043005083,51.0346224012026],[-114.10630121071983,51.03499989025279],[-114.1056021220322,51.03500060468907],[-114.10516003857329,51.03499860502374],[-114.10424671061344,51.03500301097425],[-114.10340632404542,51.03498210416119],[-114.10290779689596,51.034969798688415],[-114.10226571587856,51.03497178901806],[-114.1015946168581,51.03498220762086],[-114.10126640118541,51.03498298939745],[-114.10126133785258,51.0332378987468],[-114.1018327126975,51.03322509040574],[-114.1022600075588,51.03323570452947],[-114.10341592324266,51.033228389452375],[-114.10514271238982,51.03321718914269],[-114.10584171086148,51.0332166017689],[-114.10721332278554,51.03295370810519],[-114.1087543453416,51.03294690238465],[-114.10874563575307,51.03377420242384],[-114.10876434015498,51.034620207572246]]]]}},{"type":"Feature","properties":{"DGUID":"2021S051248060671","DAUID":"48060671","LANDAREA":0.1713,"PRUID":"48","fed_num":"48004","da_code":"48060671","geo_name":"48060671","name_source":{"label":"Statistics Canada Census Profile 2021 DA WDS","url":"https://www12.statcan.gc.ca/wds-sdw/2021profile-profil2021-eng.cfm"},"population":485,"status":"ok","source":{"label":"Statistics Canada Census Profile 2021 DA WDS","url":"https://www12.statcan.gc.ca/wds-sdw/2021profile-profil2021-eng.cfm"},"community_name":"Calgary","community_source":{"label":"Statistics Canada 2021 census subdivision boundaries (spatial lookup)","url":"https://geo.statcan.gc.ca/geo_wa/rest/services/2021/Cartographic_boundary_files/MapServer/9"},"community_display":"Calgary","is_unorganized":false,"panel_title":"Calgary","display_label":"Calgary","map_label":"48060671"},"geometry":{"type":"MultiPolygon","coordinates":[[[[-114.10288682451576,51.03782061247154],[-114.10287591559441,51.0366239893835],[-114.10426182026687,51.036361596349025],[-114.10558960406625,51.03611570901772],[-114.1056021220322,51.03500060468907],[-114.10630121071983,51.03499989025279],[-114.10631043005083,51.0346224012026],[-114.10876434015498,51.034620207572246],[-114.11123233735876,51.03461829537671],[-114.11127702791951,51.03527610167178],[-114.1112744236226,51.03692201847701],[-114.11127270544331,51.037866517865055],[-114.1072951093737,51.03782201337052],[-114.107095122222,51.03782599163518],[-114.10631050606098,51.03782460573751],[-114.10558303100929,51.03782450899768],[-114.10425601324106,51.03782760966811],[-114.10358592699603,51.03782000741797],[-114.10288682451576,51.03782061247154]]]]}},{"type":"Feature","properties":{"DGUID":"2021S051248060672","DAUID":"48060672","LANDAREA":0.1812,"PRUID":"48","fed_num":"48004","da_code":"48060672","geo_name":"48060672","name_source":{"label":"Statistics Canada Census Profile 2021 DA WDS","url":"https://www12.statcan.gc.ca/wds-sdw/2021profile-profil2021-eng.cfm"},"population":601,"status":"ok","source":{"label":"Statistics Canada Census Profile 2021 DA WDS","url":"https://www12.statcan.gc.ca/wds-sdw/2021profile-profil2021-eng.cfm"},"community_name":"Calgary","community_source":{"label":"Statistics Canada 2021 census subdivision boundaries (spatial lookup)","url":"https://geo.statcan.gc.ca/geo_wa/rest/services/2021/Cartographic_boundary_files/MapServer/9"},"community_display":"Calgary","is_unorganized":false,"panel_title":"Calgary","display_label":"Calgary","map_label":"48060672"},"geometry":{"type":"MultiPolygon","coordinates":[[[[-114.10721332278554,51.03295370810519],[-114.10720763404308,51.03144249893276],[-114.10906252374919,51.03143439379592],[-114.10922813643693,51.031294604693684],[-114.10935944380378,51.031018999642754],[-114.10946641633274,51.03044599436033],[-114.11192001714825,51.03044370832665],[-114.1143878365703,51.03044178247033],[-114.11531583856986,51.03042870734639],[-114.1152848421783,51.030697807498164],[-114.11518012578306,51.03077620597407],[-114.1136654273238,51.0312783998777],[-114.11367210875788,51.03208810639788],[-114.1136755377073,51.032951689687394],[-114.11366741755367,51.03377009273527],[-114.11371293302422,51.034184996007816],[-114.11367192897036,51.03461569505404],[-114.11123233735876,51.03461829537671],[-114.10876434015498,51.034620207572246],[-114.10874563575307,51.03377420242384],[-114.1087543453416,51.03294690238465],[-114.10721332278554,51.03295370810519]]]]}},{"type":"Feature","properties":{"DGUID":"2021S051248060673","DAUID":"48060673","LANDAREA":0.2424,"PRUID":"48","fed_num":"48004","da_code":"48060673","geo_name":"48060673","name_source":{"label":"Statistics Canada Census Profile 2021 DA WDS","url":"https://www12.statcan.gc.ca/wds-sdw/2021profile-profil2021-eng.cfm"},"population":621,"status":"ok","source":{"label":"Statistics Canada Census Profile 2021 DA WDS","url":"https://www12.statcan.gc.ca/wds-sdw/2021profile-profil2021-eng.cfm"},"community_name":"Calgary","community_source":{"label":"Statistics Canada 2021 census subdivision boundaries (spatial lookup)","url":"https://geo.statcan.gc.ca/geo_wa/rest/services/2021/Cartographic_boundary_files/MapServer/9"},"community_display":"Calgary","is_unorganized":false,"panel_title":"Calgary","display_label":"Calgary","map_label":"48060673"},"geometry":{"type":"MultiPolygon","coordinates":[[[[-114.11127702791951,51.03527610167178],[-114.11123233735876,51.03461829537671],[-114.11367192897036,51.03461569505404],[-114.11371293302422,51.034184996007816],[-114.11366741755367,51.03377009273527],[-114.1136755377073,51.032951689687394],[-114.11367210875788,51.03208810639788],[-114.1136654273238,51.0312783998777],[-114.11518012578306,51.03077620597407],[-114.1152848421783,51.030697807498164],[-114.11531583856986,51.03042870734639],[-114.1160740230772,51.0303934918002],[-114.11754923355353,51.03025289026388],[-114.11796451995734,51.03021155218514],[-114.11796741601846,51.03022440874655],[-114.1180923102633,51.03074019740853],[-114.11816892890351,51.03180341020399],[-114.11819133540831,51.033971706544214],[-114.11807963529775,51.034391717874044],[-114.11786502732933,51.03475021489065],[-114.11784083797777,51.03479061966512],[-114.11732704007021,51.03525470639233],[-114.11644450700659,51.03568261340068],[-114.11523541892149,51.036084512174845],[-114.11466433121504,51.03632219756911],[-114.11402660564768,51.0367113132828],[-114.11355600508716,51.037167416136995],[-114.11320626066266,51.037783663714016],[-114.11320362430187,51.03778831856601],[-114.11316895058843,51.037886269871485],[-114.11301195891195,51.037887863430605],[-114.11271780234603,51.03789081437297],[-114.11127270544331,51.037866517865055],[-114.1112744236226,51.03692201847701],[-114.11127702791951,51.03527610167178]]]]}},{"type":"Feature","properties":{"DGUID":"2021S051248060677","DAUID":"48060677","LANDAREA":0.0919,"PRUID":"48","fed_num":"48004","da_code":"48060677","geo_name":"48060677","name_source":{"label":"Statistics Canada Census Profile 2021 DA WDS","url":"https://www12.statcan.gc.ca/wds-sdw/2021profile-profil2021-eng.cfm"},"population":670,"status":"ok","source":{"label":"Statistics Canada Census Profile 2021 DA WDS","url":"https://www12.statcan.gc.ca/wds-sdw/2021profile-profil2021-eng.cfm"},"community_name":"Calgary","community_source":{"label":"Statistics Canada 2021 census subdivision boundaries (spatial lookup)","url":"https://geo.statcan.gc.ca/geo_wa/rest/services/2021/Cartographic_boundary_files/MapServer/9"},"community_display":"Calgary","is_unorganized":false,"panel_title":"Calgary","display_label":"Calgary","map_label":"48060677"},"geometry":{"type":"MultiPolygon","coordinates":[[[[-114.12958642332252,51.03471113493292],[-114.12956791798905,51.03316361803881],[-114.12959284028456,51.03160812445706],[-114.13126143091759,51.031613105899545],[-114.13267375095214,51.031611806954515],[-114.13408604667474,51.03161052166376],[-114.1340909142489,51.03314881364687],[-114.13267804268389,51.033159005713294],[-114.13268231482647,51.0347063280723],[-114.13125571777378,51.03470722519059],[-114.12958642332252,51.03471113493292]]]]}},{"type":"Feature","properties":{"DGUID":"2021S051248060678","DAUID":"48060678","LANDAREA":0.1625,"PRUID":"48","fed_num":"48004","da_code":"48060678","geo_name":"48060678","name_source":{"label":"Statistics Canada Census Profile 2021 DA WDS","url":"https://www12.statcan.gc.ca/wds-sdw/2021profile-profil2021-eng.cfm"},"population":813,"status":"ok","source":{"label":"Statistics Canada Census Profile 2021 DA WDS","url":"https://www12.statcan.gc.ca/wds-sdw/2021profile-profil2021-eng.cfm"},"community_name":"Calgary","community_source":{"label":"Statistics Canada 2021 census subdivision boundaries (spatial lookup)","url":"https://geo.statcan.gc.ca/geo_wa/rest/services/2021/Cartographic_boundary_files/MapServer/9"},"community_display":"Calgary","is_unorganized":false,"panel_title":"Calgary","display_label":"Calgary","map_label":"48060678"},"geometry":{"type":"MultiPolygon","coordinates":[[[[-114.1295911439469,51.03624941047622],[-114.12958642332252,51.03471113493292],[-114.13125571777378,51.03470722519059],[-114.13268231482647,51.0347063280723],[-114.1340947402722,51.03470492750439],[-114.13550701522513,51.03470362459153],[-114.13553944020775,51.036260529028695],[-114.13693752405251,51.03625882219572],[-114.13695403986694,51.03784232721285],[-114.13548453716793,51.03784233927171],[-114.13411651725175,51.03781772879155],[-114.13271774162327,51.03782833007355],[-114.13130473666408,51.03783863372644],[-114.12955033998793,51.037831527025915],[-114.1295911439469,51.03624941047622]]]]}},{"type":"Feature","properties":{"DGUID":"2021S051248060679","DAUID":"48060679","LANDAREA":0.1558,"PRUID":"48","fed_num":"48004","da_code":"48060679","geo_name":"48060679","name_source":{"label":"Statistics Canada Census Profile 2021 DA WDS","url":"https://www12.statcan.gc.ca/wds-sdw/2021profile-profil2021-eng.cfm"},"population":630,"status":"ok","source":{"label":"Statistics Canada Census Profile 2021 DA WDS","url":"https://www12.statcan.gc.ca/wds-sdw/2021profile-profil2021-eng.cfm"},"community_name":"Calgary","community_source":{"label":"Statistics Canada 2021 census subdivision boundaries (spatial lookup)","url":"https://geo.statcan.gc.ca/geo_wa/rest/services/2021/Cartographic_boundary_files/MapServer/9"},"community_display":"Calgary","is_unorganized":false,"panel_title":"Calgary","display_label":"Calgary","map_label":"48060679"},"geometry":{"type":"MultiPolygon","coordinates":[[[[-114.13268231482647,51.0347063280723],[-114.13267804268389,51.033159005713294],[-114.1340909142489,51.03314881364687],[-114.13553174601249,51.03314811249438],[-114.13692921871863,51.03315541885083],[-114.13692485415318,51.031608227109615],[-114.13835132716667,51.031607226101315],[-114.13976364722446,51.031605828360576],[-114.14121974187081,51.031587525296864],[-114.1412374564007,51.03315302766461],[-114.14122774609037,51.03469992605282],[-114.13978633872527,51.03470961543408],[-114.13835974148166,51.03471061269743],[-114.1369473262711,51.03471201535268],[-114.13550701522513,51.03470362459153],[-114.1340947402722,51.03470492750439],[-114.13268231482647,51.0347063280723]]]]}},{"type":"Feature","properties":{"DGUID":"2021S051248060680","DAUID":"48060680","LANDAREA":0.1217,"PRUID":"48","fed_num":"48004","da_code":"48060680","geo_name":"48060680","name_source":{"label":"Statistics Canada Census Profile 2021 DA WDS","url":"https://www12.statcan.gc.ca/wds-sdw/2021profile-profil2021-eng.cfm"},"population":608,"status":"ok","source":{"label":"Statistics Canada Census Profile 2021 DA WDS","url":"https://www12.statcan.gc.ca/wds-sdw/2021profile-profil2021-eng.cfm"},"community_name":"Calgary","community_source":{"label":"Statistics Canada 2021 census subdivision boundaries (spatial lookup)","url":"https://geo.statcan.gc.ca/geo_wa/rest/services/2021/Cartographic_boundary_files/MapServer/9"},"community_display":"Calgary","is_unorganized":false,"panel_title":"Calgary","display_label":"Calgary","map_label":"48060680"},"geometry":{"type":"MultiPolygon","coordinates":[[[[-114.13553944020775,51.036260529028695],[-114.13550701522513,51.03470362459153],[-114.1369473262711,51.03471201535268],[-114.13835974148166,51.03471061269743],[-114.13978633872527,51.03470961543408],[-114.14122774609037,51.03469992605282],[-114.1412318521001,51.03625612846536],[-114.14119145400062,51.03783823330642],[-114.13979323466941,51.03783993524324],[-114.13835224532318,51.03784064032149],[-114.13695403986694,51.03784232721285],[-114.13693752405251,51.03625882219572],[-114.13553944020775,51.036260529028695]]]]}},{"type":"Feature","properties":{"DGUID":"2021S051248060688","DAUID":"48060688","LANDAREA":0.1969,"PRUID":"48","fed_num":"48004","da_code":"48060688","geo_name":"48060688","name_source":{"label":"Statistics Canada Census Profile 2021 DA WDS","url":"https://www12.statcan.gc.ca/wds-sdw/2021profile-profil2021-eng.cfm"},"population":575,"status":"ok","source":{"label":"Statistics Canada Census Profile 2021 DA WDS","url":"https://www12.statcan.gc.ca/wds-sdw/2021profile-profil2021-eng.cfm"},"community_name":"Calgary","community_source":{"label":"Statistics Canada 2021 census subdivision boundaries (spatial lookup)","url":"https://geo.statcan.gc.ca/geo_wa/rest/services/2021/Cartographic_boundary_files/MapServer/9"},"community_display":"Calgary","is_unorganized":false,"panel_title":"Calgary","display_label":"Calgary","map_label":"48060688"},"geometry":{"type":"MultiPolygon","coordinates":[[[[-114.13818954862109,51.02335501097461],[-114.14020935563812,51.02274789856473],[-114.1408014430388,51.02262740339029],[-114.14107702623944,51.02255320606873],[-114.14107905354018,51.02275119709164],[-114.14112092005645,51.023854462870034],[-114.14114975763812,51.024614800552335],[-114.14114434130609,51.02539721394868],[-114.14114843268742,51.02695342639134],[-114.14113873447212,51.028500317517725],[-114.13976874298251,51.02851173269321],[-114.13835712561426,51.028504124272445],[-114.13836745142933,51.026948326759644],[-114.13692683504905,51.02694890447603],[-114.13550045058301,51.02694990280915],[-114.13551273223997,51.02582590444726],[-114.13550523026704,51.0254839137804],[-114.1353241405391,51.025182613493065],[-114.13505823729922,51.02487029817007],[-114.13473105084064,51.02439449371497],[-114.13548646182485,51.02417021368464],[-114.13692512725287,51.023737808443606],[-114.13818954862109,51.02335501097461]]]]}},{"type":"Feature","properties":{"DGUID":"2021S051248060739","DAUID":"48060739","LANDAREA":1.1496,"PRUID":"48","fed_num":"48004","da_code":"48060739","geo_name":"48060739","name_source":{"label":"Statistics Canada Census Profile 2021 DA WDS","url":"https://www12.statcan.gc.ca/wds-sdw/2021profile-profil2021-eng.cfm"},"population":489,"status":"ok","source":{"label":"Statistics Canada Census Profile 2021 DA WDS","url":"https://www12.statcan.gc.ca/wds-sdw/2021profile-profil2021-eng.cfm"},"community_name":"Calgary","community_source":{"label":"Statistics Canada 2021 census subdivision boundaries (spatial lookup)","url":"https://geo.statcan.gc.ca/geo_wa/rest/services/2021/Cartographic_boundary_files/MapServer/9"},"community_display":"Calgary","is_unorganized":false,"panel_title":"Calgary","display_label":"Calgary","map_label":"48060739"},"geometry":{"type":"MultiPolygon","coordinates":[[[[-114.09333280099547,51.00766610900819],[-114.09286076939615,51.007690421474365],[-114.09254088905482,51.00779030903671],[-114.0913319841258,51.00842580897],[-114.09074565908148,51.00868110618163],[-114.090521700732,51.00871055698827],[-114.0904581749832,51.0087189083946],[-114.08947476074121,51.00871241424674],[-114.08829109044026,51.008718811871496],[-114.08732077569735,51.00873059795026],[-114.08628129836427,51.00890249472035],[-114.08627807850078,51.00890243617472],[-114.08607232195402,51.00889401845872],[-114.08605984516606,51.00889349897269],[-114.08587581781516,51.00889278074147],[-114.08586570219886,51.00889196643278],[-114.08584539752877,51.00884266500192],[-114.08581028507659,51.00828077135365],[-114.08596538938858,51.0078618482841],[-114.08615577899442,51.00760676791709],[-114.08674989714737,51.00722536484895],[-114.0870734749326,51.00705795955239],[-114.08812337801172,51.00662545582955],[-114.08911638347922,51.00626094664306],[-114.08965077668704,51.00603336997764],[-114.09027366769217,51.005741170327475],[-114.09049398051407,51.00566976546637],[-114.09085467731907,51.005608768162546],[-114.09128628781701,51.00560036013628],[-114.09186047380234,51.005668268020266],[-114.09269938806715,51.005694065039094],[-114.09295069245063,51.00577765668707],[-114.09346057893694,51.005867663733284],[-114.09446179277123,51.00619347148542],[-114.09504348800172,51.006307357565404],[-114.09537058681674,51.00630038382598],[-114.0957586754132,51.006233979278306],[-114.09613607773481,51.00608447631198],[-114.0966375109071,51.005759079858926],[-114.09700196763853,51.00518546726128],[-114.0970045775543,51.00497647575511],[-114.09691346481341,51.00485206531947],[-114.09690988140727,51.004691584518966],[-114.09676659212485,51.004368881601096],[-114.09624388258894,51.00385487524661],[-114.0956363848929,51.00316775580426],[-114.09510995395163,51.00270444719719],[-114.0949224981188,51.00253946599715],[-114.09471389034711,51.00226736263058],[-114.09438526975295,51.002056750633024],[-114.09413486534973,51.0019444624617],[-114.09319939299104,51.00129305413601],[-114.09303559181451,51.00117346409763],[-114.09272878206004,51.00085414062278],[-114.09273238926296,51.00061653956608],[-114.09277318249292,51.00048534640029],[-114.09298886685785,51.00028205595058],[-114.09413317810638,51.00013436636434],[-114.0942316910668,51.000107886817474],[-114.09463426493497,50.999999649822534],[-114.09471578969996,50.99999332172456],[-114.09559279212557,50.99992514270208],[-114.09640509249698,50.999529461272786],[-114.09680514019466,50.99939412113544],[-114.09750239987622,51.00040003058465],[-114.09789056350554,51.000689457831534],[-114.0983018891868,51.00100726195688],[-114.09840019507936,51.001054456242],[-114.09912019733171,51.00123606338466],[-114.09977399602758,51.00149696987558],[-114.10048368335794,51.00171847453096],[-114.10090277526712,51.00180717842248],[-114.10118770351895,51.001836862087394],[-114.10204550515606,51.00183987970463],[-114.10229130561393,51.00182026618444],[-114.10275827681004,51.0017005687073],[-114.10322828872266,51.00149497101556],[-114.10468241853393,51.000509377335625],[-114.10504659221118,51.00021067157947],[-114.10503027695304,50.99999966661563],[-114.10496000148014,50.99981996624899],[-114.10489879743069,50.999481275452084],[-114.10465615136758,50.998929010082314],[-114.10464179175166,50.99889637858509],[-114.10440017836811,50.99852647179461],[-114.10438865050526,50.998515658631156],[-114.10423298103393,50.99836956702783],[-114.10399306895269,50.99821746804394],[-114.10371039733495,50.998133500560776],[-114.10358867759527,50.99809737121094],[-114.10307038884449,50.99799017585227],[-114.1013371889074,50.997305154291524],[-114.10097594582737,50.997179641506754],[-114.10084829130705,50.99713526542983],[-114.1007425864023,50.99704216851838],[-114.10021765958338,50.99686035477408],[-114.09981399032273,50.996588554856444],[-114.0997440682626,50.99650746561675],[-114.09979498815179,50.996213155987306],[-114.09988628143796,50.99606254667719],[-114.10005561165285,50.99587140736007],[-114.10008926197568,50.995833350194275],[-114.10028841283427,50.995754799538936],[-114.10038008522632,50.99579649290335],[-114.10294858717283,50.99687781603386],[-114.1033336782241,50.99703991117151],[-114.10519139111157,50.997652610170526],[-114.10603299165575,50.99787141543964],[-114.10670445027081,50.99801332464434],[-114.11529089922396,50.999827636441466],[-114.1165732980242,51.00006613788684],[-114.11793717486127,51.00036964153179],[-114.11794578109169,51.00037154326133],[-114.1179523965235,51.00053153524426],[-114.11794838271376,51.000648838175074],[-114.11796657557952,51.00104503682754],[-114.1179480777583,51.00203403015049],[-114.11788108730995,51.00334405820363],[-114.1178778857312,51.00429384646337],[-114.11787539603858,51.00504543948334],[-114.11747737134674,51.00502665400793],[-114.11686468024845,51.00502054109468],[-114.11633689078158,51.005025450095225],[-114.11633369384468,51.003928045379915],[-114.11760269317931,51.003923452482205],[-114.11761247824168,51.00192674708211],[-114.11752080122889,51.00179853535739],[-114.11693908837174,51.001523437107195],[-114.11680397679471,51.00140313097867],[-114.11527928818997,51.00139242277177],[-114.11441300505115,51.00065143636838],[-114.11252641092184,51.00027192823796],[-114.11151278132824,51.00006691617038],[-114.1106962033547,50.99990282446045],[-114.1105504988133,50.9999532081776],[-114.11052897972051,51.000069632274624],[-114.1105471069699,51.001383327888156],[-114.10920640431105,51.00139523298505],[-114.10920688661663,51.00230363878989],[-114.10919430020279,51.003193740221626],[-114.106456378305,51.003206926125216],[-114.10647159462872,51.004106728656446],[-114.10645840282902,51.00500593725415],[-114.10645938887313,51.00590543903735],[-114.1092106058617,51.005910633432414],[-114.10921169188093,51.006810129090155],[-114.10921221651752,51.007718623784505],[-114.10921239616971,51.008590051504456],[-114.10923309562129,51.0087366385478],[-114.10645411544108,51.00873872288329],[-114.10636869487877,51.00873653538483],[-114.10344592261005,51.00873603662283],[-114.10050890441276,51.008735121980266],[-114.09760199482014,51.00870781041492],[-114.09628839874809,51.00873811772809],[-114.09526120054187,51.00874851953491],[-114.0950859688435,51.00872979751607],[-114.094822079172,51.008701609380246],[-114.09471437593392,51.008600009011204],[-114.0944172843732,51.00810691246906],[-114.09414607958695,51.00788432397238],[-114.09385557615082,51.00774211552541],[-114.09333280099547,51.00766610900819]]]]}},{"type":"Feature","properties":{"DGUID":"2021S051248060740","DAUID":"48060740","LANDAREA":0.1808,"PRUID":"48","fed_num":"48004","da_code":"48060740","geo_name":"48060740","name_source":{"label":"Statistics Canada Census Profile 2021 DA WDS","url":"https://www12.statcan.gc.ca/wds-sdw/2021profile-profil2021-eng.cfm"},"population":482,"status":"ok","source":{"label":"Statistics Canada Census Profile 2021 DA WDS","url":"https://www12.statcan.gc.ca/wds-sdw/2021profile-profil2021-eng.cfm"},"community_name":"Calgary","community_source":{"label":"Statistics Canada 2021 census subdivision boundaries (spatial lookup)","url":"https://geo.statcan.gc.ca/geo_wa/rest/services/2021/Cartographic_boundary_files/MapServer/9"},"community_display":"Calgary","is_unorganized":false,"panel_title":"Calgary","display_label":"Calgary","map_label":"48060740"},"geometry":{"type":"MultiPolygon","coordinates":[[[[-114.11491177684614,51.00501725803196],[-114.114925290359,51.00319164195205],[-114.1133999894172,51.00318992483093],[-114.11191690219168,51.00319824251795],[-114.10919430020279,51.003193740221626],[-114.10920688661663,51.00230363878989],[-114.10920640431105,51.00139523298505],[-114.1105471069699,51.001383327888156],[-114.11052897972051,51.000069632274624],[-114.1105504988133,50.9999532081776],[-114.1106962033547,50.99990282446045],[-114.11151278132824,51.00006691617038],[-114.11252641092184,51.00027192823796],[-114.11441300505115,51.00065143636838],[-114.11527928818997,51.00139242277177],[-114.11680397679471,51.00140313097867],[-114.11693908837174,51.001523437107195],[-114.11752080122889,51.00179853535739],[-114.11761247824168,51.00192674708211],[-114.11760269317931,51.003923452482205],[-114.11633369384468,51.003928045379915],[-114.11633689078158,51.005025450095225],[-114.11491177684614,51.00501725803196]]]]}},{"type":"Feature","properties":{"DGUID":"2021S051248060741","DAUID":"48060741","LANDAREA":0.1392,"PRUID":"48","fed_num":"48004","da_code":"48060741","geo_name":"48060741","name_source":{"label":"Statistics Canada Census Profile 2021 DA WDS","url":"https://www12.statcan.gc.ca/wds-sdw/2021profile-profil2021-eng.cfm"},"population":410,"status":"ok","source":{"label":"Statistics Canada Census Profile 2021 DA WDS","url":"https://www12.statcan.gc.ca/wds-sdw/2021profile-profil2021-eng.cfm"},"community_name":"Calgary","community_source":{"label":"Statistics Canada 2021 census subdivision boundaries (spatial lookup)","url":"https://geo.statcan.gc.ca/geo_wa/rest/services/2021/Cartographic_boundary_files/MapServer/9"},"community_display":"Calgary","is_unorganized":false,"panel_title":"Calgary","display_label":"Calgary","map_label":"48060741"},"geometry":{"type":"MultiPolygon","coordinates":[[[[-114.11191808674639,51.005015238734636],[-114.10921011980733,51.00500213520738],[-114.1092106058617,51.005910633432414],[-114.10645938887313,51.00590543903735],[-114.10645840282902,51.00500593725415],[-114.10647159462872,51.004106728656446],[-114.106456378305,51.003206926125216],[-114.10919430020279,51.003193740221626],[-114.11191690219168,51.00319824251795],[-114.1133999894172,51.00318992483093],[-114.114925290359,51.00319164195205],[-114.11491177684614,51.00501725803196],[-114.11191808674639,51.005015238734636]]]]}},{"type":"Feature","properties":{"DGUID":"2021S051248060742","DAUID":"48060742","LANDAREA":0.2525,"PRUID":"48","fed_num":"48004","da_code":"48060742","geo_name":"48060742","name_source":{"label":"Statistics Canada Census Profile 2021 DA WDS","url":"https://www12.statcan.gc.ca/wds-sdw/2021profile-profil2021-eng.cfm"},"population":536,"status":"ok","source":{"label":"Statistics Canada Census Profile 2021 DA WDS","url":"https://www12.statcan.gc.ca/wds-sdw/2021profile-profil2021-eng.cfm"},"community_name":"Calgary","community_source":{"label":"Statistics Canada 2021 census subdivision boundaries (spatial lookup)","url":"https://geo.statcan.gc.ca/geo_wa/rest/services/2021/Cartographic_boundary_files/MapServer/9"},"community_display":"Calgary","is_unorganized":false,"panel_title":"Calgary","display_label":"Calgary","map_label":"48060742"},"geometry":{"type":"MultiPolygon","coordinates":[[[[-114.1092106058617,51.005910633432414],[-114.10921011980733,51.00500213520738],[-114.11191808674639,51.005015238734636],[-114.11491177684614,51.00501725803196],[-114.11633689078158,51.005025450095225],[-114.11686468024845,51.00502054109468],[-114.11747737134674,51.00502665400793],[-114.11787539603858,51.00504543948334],[-114.11789588451022,51.006424267158145],[-114.117886979138,51.00767927507269],[-114.11787966579588,51.008624982524445],[-114.11787857696478,51.00876516096125],[-114.11760928814891,51.00876826283327],[-114.11715979137749,51.00877345946934],[-114.11626358614716,51.0087837541962],[-114.11554077261145,51.00875267569744],[-114.11507116847231,51.00870526276025],[-114.11366848474029,51.00873735441638],[-114.11225701666577,51.00873845615465],[-114.11192898216645,51.008739362234465],[-114.10931989469624,51.008737735547406],[-114.10923309562129,51.0087366385478],[-114.10921239616971,51.008590051504456],[-114.10921221651752,51.007718623784505],[-114.10921169188093,51.006810129090155],[-114.1092106058617,51.005910633432414]]]]}},{"type":"Feature","properties":{"DGUID":"2021S051248060743","DAUID":"48060743","LANDAREA":0.2903,"PRUID":"48","fed_num":"48004","da_code":"48060743","geo_name":"48060743","name_source":{"label":"Statistics Canada Census Profile 2021 DA WDS","url":"https://www12.statcan.gc.ca/wds-sdw/2021profile-profil2021-eng.cfm"},"population":1051,"status":"ok","source":{"label":"Statistics Canada Census Profile 2021 DA WDS","url":"https://www12.statcan.gc.ca/wds-sdw/2021profile-profil2021-eng.cfm"},"community_name":"Calgary","community_source":{"label":"Statistics Canada 2021 census subdivision boundaries (spatial lookup)","url":"https://geo.statcan.gc.ca/geo_wa/rest/services/2021/Cartographic_boundary_files/MapServer/9"},"community_display":"Calgary","is_unorganized":false,"panel_title":"Calgary","display_label":"Calgary","map_label":"48060743"},"geometry":{"type":"MultiPolygon","coordinates":[[[[-114.11648317687488,51.01102558764605],[-114.1150576997268,51.011164353469646],[-114.11491249931912,51.01120586345815],[-114.11368711255766,51.01119344670059],[-114.11228960665886,51.01119484187524],[-114.11075039214077,51.01118374037305],[-114.10932508379275,51.01117543618454],[-114.10933229760064,51.01151745509029],[-114.10635129853023,51.01153355531875],[-114.10344428696528,51.0115064459349],[-114.1034570001621,51.010616239591926],[-114.10344241217341,51.0097074212273],[-114.10344592261005,51.00873603662283],[-114.10636869487877,51.00873653538483],[-114.10645411544108,51.00873872288329],[-114.10923309562129,51.0087366385478],[-114.10931989469624,51.008737735547406],[-114.11192898216645,51.008739362234465],[-114.11225701666577,51.00873845615465],[-114.11366848474029,51.00873735441638],[-114.11507116847231,51.00870526276025],[-114.11554077261145,51.00875267569744],[-114.11626358614716,51.0087837541962],[-114.11715979137749,51.00877345946934],[-114.11760928814891,51.00876826283327],[-114.11787857696478,51.00876516096125],[-114.11787647198982,51.00903666112499],[-114.11782877436484,51.011313758922874],[-114.11783528171033,51.0114706968957],[-114.11648317687488,51.01102558764605]]]]}},{"type":"Feature","properties":{"DGUID":"2021S051248060744","DAUID":"48060744","LANDAREA":0.3648,"PRUID":"48","fed_num":"48004","da_code":"48060744","geo_name":"48060744","name_source":{"label":"Statistics Canada Census Profile 2021 DA WDS","url":"https://www12.statcan.gc.ca/wds-sdw/2021profile-profil2021-eng.cfm"},"population":979,"status":"ok","source":{"label":"Statistics Canada Census Profile 2021 DA WDS","url":"https://www12.statcan.gc.ca/wds-sdw/2021profile-profil2021-eng.cfm"},"community_name":"Calgary","community_source":{"label":"Statistics Canada 2021 census subdivision boundaries (spatial lookup)","url":"https://geo.statcan.gc.ca/geo_wa/rest/services/2021/Cartographic_boundary_files/MapServer/9"},"community_display":"Calgary","is_unorganized":false,"panel_title":"Calgary","display_label":"Calgary","map_label":"48060744"},"geometry":{"type":"MultiPolygon","coordinates":[[[[-114.11183690256655,51.017561070448636],[-114.11106242938843,51.01717305894538],[-114.10987869734653,51.016945862355136],[-114.10919581773246,51.016919949999476],[-114.10926429405575,51.01604914617487],[-114.10934750972429,51.01562846142983],[-114.10934970105897,51.01513385792503],[-114.10934870299526,51.01423434503062],[-114.10934929831012,51.01330783847231],[-114.10934490338143,51.01246226155909],[-114.10934379560172,51.012021461033264],[-114.10933229760064,51.01151745509029],[-114.10932508379275,51.01117543618454],[-114.11075039214077,51.01118374037305],[-114.11228960665886,51.01119484187524],[-114.11368711255766,51.01119344670059],[-114.11491249931912,51.01120586345815],[-114.1150576997268,51.011164353469646],[-114.11648317687488,51.01102558764605],[-114.11783528171033,51.0114706968957],[-114.11790892592899,51.013240664586526],[-114.11799469555719,51.01438506432706],[-114.11799465804661,51.014385678838686],[-114.11793381299157,51.016056654419074],[-114.11776402021857,51.01605937571681],[-114.11758640609507,51.01606216159553],[-114.11733361022799,51.016063741348994],[-114.11498152193094,51.01606464803902],[-114.1139497067067,51.01614714861685],[-114.11361612717616,51.01623786180587],[-114.11353010999694,51.01626555641001],[-114.1134353333461,51.01627395077405],[-114.1133439282393,51.0162580506842],[-114.1134717285171,51.016495063056986],[-114.11349252068916,51.01660531149638],[-114.1135790260669,51.017064458718814],[-114.11306362999868,51.01709664604517],[-114.11274643092055,51.01715175038956],[-114.11221433184261,51.017453448131995],[-114.1119173211111,51.01764396968756],[-114.11183690256655,51.017561070448636]]]]}},{"type":"Feature","properties":{"DGUID":"2021S051248060745","DAUID":"48060745","LANDAREA":0.2087,"PRUID":"48","fed_num":"48004","da_code":"48060745","geo_name":"48060745","name_source":{"label":"Statistics Canada Census Profile 2021 DA WDS","url":"https://www12.statcan.gc.ca/wds-sdw/2021profile-profil2021-eng.cfm"},"population":942,"status":"ok","source":{"label":"Statistics Canada Census Profile 2021 DA WDS","url":"https://www12.statcan.gc.ca/wds-sdw/2021profile-profil2021-eng.cfm"},"community_name":"Calgary","community_source":{"label":"Statistics Canada 2021 census subdivision boundaries (spatial lookup)","url":"https://geo.statcan.gc.ca/geo_wa/rest/services/2021/Cartographic_boundary_files/MapServer/9"},"community_display":"Calgary","is_unorganized":false,"panel_title":"Calgary","display_label":"Calgary","map_label":"48060745"},"geometry":{"type":"MultiPolygon","coordinates":[[[[-114.10344350272693,51.012432931894594],[-114.10344428696528,51.0115064459349],[-114.10635129853023,51.01153355531875],[-114.10933229760064,51.01151745509029],[-114.10934379560172,51.012021461033264],[-114.10934490338143,51.01246226155909],[-114.10934929831012,51.01330783847231],[-114.10934870299526,51.01423434503062],[-114.10934970105897,51.01513385792503],[-114.10934750972429,51.01562846142983],[-114.10926429405575,51.01604914617487],[-114.10635640688731,51.01603114113522],[-114.10485751361242,51.01605695402728],[-114.10343088930622,51.01606653783322],[-114.10343159683742,51.015140058673815],[-114.10341591705367,51.01424912945483],[-114.1034450993272,51.01332343219646],[-114.10344350272693,51.012432931894594]]]]}},{"type":"Feature","properties":{"DGUID":"2021S051248060746","DAUID":"48060746","LANDAREA":0.3331,"PRUID":"48","fed_num":"48004","da_code":"48060746","geo_name":"48060746","name_source":{"label":"Statistics Canada Census Profile 2021 DA WDS","url":"https://www12.statcan.gc.ca/wds-sdw/2021profile-profil2021-eng.cfm"},"population":1126,"status":"ok","source":{"label":"Statistics Canada Census Profile 2021 DA WDS","url":"https://www12.statcan.gc.ca/wds-sdw/2021profile-profil2021-eng.cfm"},"community_name":"Calgary","community_source":{"label":"Statistics Canada 2021 census subdivision boundaries (spatial lookup)","url":"https://geo.statcan.gc.ca/geo_wa/rest/services/2021/Cartographic_boundary_files/MapServer/9"},"community_display":"Calgary","is_unorganized":false,"panel_title":"Calgary","display_label":"Calgary","map_label":"48060746"},"geometry":{"type":"MultiPolygon","coordinates":[[[[-114.09763968067314,51.01061573090602],[-114.09760199482014,51.00870781041492],[-114.10050890441276,51.008735121980266],[-114.10344592261005,51.00873603662283],[-114.10344241217341,51.0097074212273],[-114.1034570001621,51.010616239591926],[-114.10344428696528,51.0115064459349],[-114.10344350272693,51.012432931894594],[-114.1034450993272,51.01332343219646],[-114.10341591705367,51.01424912945483],[-114.10343159683742,51.015140058673815],[-114.10343088930622,51.01606653783322],[-114.1019632955231,51.01604804356703],[-114.1004951187016,51.01603863949693],[-114.0990400064545,51.01604744098675],[-114.09758611256838,51.01603823468956],[-114.09759951626775,51.013313140094354],[-114.09761228604638,51.01242302852821],[-114.09763968067314,51.01061573090602]]]]}},{"type":"Feature","properties":{"DGUID":"2021S051248060747","DAUID":"48060747","LANDAREA":0.2212,"PRUID":"48","fed_num":"48004","da_code":"48060747","geo_name":"48060747","name_source":{"label":"Statistics Canada Census Profile 2021 DA WDS","url":"https://www12.statcan.gc.ca/wds-sdw/2021profile-profil2021-eng.cfm"},"population":901,"status":"ok","source":{"label":"Statistics Canada Census Profile 2021 DA WDS","url":"https://www12.statcan.gc.ca/wds-sdw/2021profile-profil2021-eng.cfm"},"community_name":"Calgary","community_source":{"label":"Statistics Canada 2021 census subdivision boundaries (spatial lookup)","url":"https://geo.statcan.gc.ca/geo_wa/rest/services/2021/Cartographic_boundary_files/MapServer/9"},"community_display":"Calgary","is_unorganized":false,"panel_title":"Calgary","display_label":"Calgary","map_label":"48060747"},"geometry":{"type":"MultiPolygon","coordinates":[[[[-114.1092389002541,51.01966446344952],[-114.1063301887662,51.01965545434954],[-114.10634220006447,51.020150453808405],[-114.10487279198907,51.02015895855009],[-114.10340452676375,51.020149554465746],[-114.10196349217176,51.020158762388135],[-114.10195389100555,51.01916905230177],[-114.10197620354631,51.018126239373736],[-114.10195471149144,51.017100249126024],[-114.1019632955231,51.01604804356703],[-114.10343088930622,51.01606653783322],[-114.10485751361242,51.01605695402728],[-114.10635640688731,51.01603114113522],[-114.10926429405575,51.01604914617487],[-114.10919581773246,51.016919949999476],[-114.10917850050645,51.017657156802],[-114.10918040510681,51.01785505419795],[-114.10920882892147,51.01877324819001],[-114.1092389002541,51.01966446344952]]]]}},{"type":"Feature","properties":{"DGUID":"2021S051248060748","DAUID":"48060748","LANDAREA":0.1405,"PRUID":"48","fed_num":"48004","da_code":"48060748","geo_name":"48060748","name_source":{"label":"Statistics Canada Census Profile 2021 DA WDS","url":"https://www12.statcan.gc.ca/wds-sdw/2021profile-profil2021-eng.cfm"},"population":600,"status":"ok","source":{"label":"Statistics Canada Census Profile 2021 DA WDS","url":"https://www12.statcan.gc.ca/wds-sdw/2021profile-profil2021-eng.cfm"},"community_name":"Calgary","community_source":{"label":"Statistics Canada 2021 census subdivision boundaries (spatial lookup)","url":"https://geo.statcan.gc.ca/geo_wa/rest/services/2021/Cartographic_boundary_files/MapServer/9"},"community_display":"Calgary","is_unorganized":false,"panel_title":"Calgary","display_label":"Calgary","map_label":"48060748"},"geometry":{"type":"MultiPolygon","coordinates":[[[[-114.09762619244567,51.018135136550455],[-114.09758611256838,51.01603823468956],[-114.0990400064545,51.01604744098675],[-114.1004951187016,51.01603863949693],[-114.1019632955231,51.01604804356703],[-114.10195471149144,51.017100249126024],[-114.10197620354631,51.018126239373736],[-114.10195389100555,51.01916905230177],[-114.10196349217176,51.020158762388135],[-114.10050769228407,51.020176548951994],[-114.0990389018084,51.020176069401266],[-114.09762640706207,51.02018595134102],[-114.09758210818289,51.01906944684584],[-114.09762619244567,51.018135136550455]]]]}},{"type":"Feature","properties":{"DGUID":"2021S051248060749","DAUID":"48060749","LANDAREA":0.1362,"PRUID":"48","fed_num":"48004","da_code":"48060749","geo_name":"48060749","name_source":{"label":"Statistics Canada Census Profile 2021 DA WDS","url":"https://www12.statcan.gc.ca/wds-sdw/2021profile-profil2021-eng.cfm"},"population":798,"status":"ok","source":{"label":"Statistics Canada Census Profile 2021 DA WDS","url":"https://www12.statcan.gc.ca/wds-sdw/2021profile-profil2021-eng.cfm"},"community_name":"Calgary","community_source":{"label":"Statistics Canada 2021 census subdivision boundaries (spatial lookup)","url":"https://geo.statcan.gc.ca/geo_wa/rest/services/2021/Cartographic_boundary_files/MapServer/9"},"community_display":"Calgary","is_unorganized":false,"panel_title":"Calgary","display_label":"Calgary","map_label":"48060749"},"geometry":{"type":"MultiPolygon","coordinates":[[[[-114.10342881963811,51.02113055525673],[-114.10340452676375,51.020149554465746],[-114.10487279198907,51.02015895855009],[-114.10634220006447,51.020150453808405],[-114.1063301887662,51.01965545434954],[-114.1092389002541,51.01966446344952],[-114.10926850606964,51.02056476643318],[-114.10927603444966,51.020672861224384],[-114.10925191429547,51.02151777812277],[-114.10925331908552,51.02218346603459],[-114.1092624308885,51.02318206947379],[-114.10699431695646,51.023188881821945],[-114.10633822531807,51.02319058276305],[-114.10489710991587,51.02319988113732],[-114.10488451411507,51.022030179624956],[-114.10343032935072,51.022021157194565],[-114.10342881963811,51.02113055525673]]]]}},{"type":"Feature","properties":{"DGUID":"2021S051248060750","DAUID":"48060750","LANDAREA":0.1917,"PRUID":"48","fed_num":"48004","da_code":"48060750","geo_name":"48060750","name_source":{"label":"Statistics Canada Census Profile 2021 DA WDS","url":"https://www12.statcan.gc.ca/wds-sdw/2021profile-profil2021-eng.cfm"},"population":956,"status":"ok","source":{"label":"Statistics Canada Census Profile 2021 DA WDS","url":"https://www12.statcan.gc.ca/wds-sdw/2021profile-profil2021-eng.cfm"},"community_name":"Calgary","community_source":{"label":"Statistics Canada 2021 census subdivision boundaries (spatial lookup)","url":"https://geo.statcan.gc.ca/geo_wa/rest/services/2021/Cartographic_boundary_files/MapServer/9"},"community_display":"Calgary","is_unorganized":false,"panel_title":"Calgary","display_label":"Calgary","map_label":"48060750"},"geometry":{"type":"MultiPolygon","coordinates":[[[[-114.10454671032346,51.026762079218955],[-114.10454741098995,51.02583567372796],[-114.10454762220738,51.02491816829817],[-114.10453291608282,51.024009381748066],[-114.10452631386792,51.023199663886544],[-114.10489710991587,51.02319988113732],[-114.10633822531807,51.02319058276305],[-114.10699431695646,51.023188881821945],[-114.1092624308885,51.02318206947379],[-114.10925331908552,51.02218346603459],[-114.11196282878417,51.02218747107621],[-114.11194414673027,51.02317648214729],[-114.11193542985303,51.024003775260034],[-114.11190750917042,51.02491158079653],[-114.10948261175099,51.02491458656199],[-114.10948262516084,51.02583198340601],[-114.10948200326389,51.026758479329764],[-114.10701431764593,51.02676027788375],[-114.10454671032346,51.026762079218955]]]]}},{"type":"Feature","properties":{"DGUID":"2021S051248060751","DAUID":"48060751","LANDAREA":0.198,"PRUID":"48","fed_num":"48004","da_code":"48060751","geo_name":"48060751","name_source":{"label":"Statistics Canada Census Profile 2021 DA WDS","url":"https://www12.statcan.gc.ca/wds-sdw/2021profile-profil2021-eng.cfm"},"population":984,"status":"ok","source":{"label":"Statistics Canada Census Profile 2021 DA WDS","url":"https://www12.statcan.gc.ca/wds-sdw/2021profile-profil2021-eng.cfm"},"community_name":"Calgary","community_source":{"label":"Statistics Canada 2021 census subdivision boundaries (spatial lookup)","url":"https://geo.statcan.gc.ca/geo_wa/rest/services/2021/Cartographic_boundary_files/MapServer/9"},"community_display":"Calgary","is_unorganized":false,"panel_title":"Calgary","display_label":"Calgary","map_label":"48060751"},"geometry":{"type":"MultiPolygon","coordinates":[[[[-114.10948262516084,51.02583198340601],[-114.10948261175099,51.02491458656199],[-114.11190750917042,51.02491158079653],[-114.11193542985303,51.024003775260034],[-114.11194414673027,51.02317648214729],[-114.11426862766818,51.02317997073146],[-114.11442520929054,51.02318388166699],[-114.1168636209744,51.023190182906625],[-114.11741467411443,51.0231686818587],[-114.11781691002903,51.023152997454446],[-114.11780551759576,51.023869999562066],[-114.11780566755554,51.023882110564806],[-114.11780797458853,51.02405632637487],[-114.11780802811005,51.0240589855225],[-114.11777943043579,51.02506987150784],[-114.11773633715289,51.026593796397115],[-114.11738500712178,51.02673799950538],[-114.11438881798277,51.02675388590938],[-114.11192113902698,51.026755887342915],[-114.10948200326389,51.026758479329764],[-114.10948262516084,51.02583198340601]]]]}},{"type":"Feature","properties":{"DGUID":"2021S051248060752","DAUID":"48060752","LANDAREA":0.1848,"PRUID":"48","fed_num":"48004","da_code":"48060752","geo_name":"48060752","name_source":{"label":"Statistics Canada Census Profile 2021 DA WDS","url":"https://www12.statcan.gc.ca/wds-sdw/2021profile-profil2021-eng.cfm"},"population":663,"status":"ok","source":{"label":"Statistics Canada Census Profile 2021 DA WDS","url":"https://www12.statcan.gc.ca/wds-sdw/2021profile-profil2021-eng.cfm"},"community_name":"Calgary","community_source":{"label":"Statistics Canada 2021 census subdivision boundaries (spatial lookup)","url":"https://geo.statcan.gc.ca/geo_wa/rest/services/2021/Cartographic_boundary_files/MapServer/9"},"community_display":"Calgary","is_unorganized":false,"panel_title":"Calgary","display_label":"Calgary","map_label":"48060752"},"geometry":{"type":"MultiPolygon","coordinates":[[[[-114.10946641633274,51.03044599436033],[-114.1094676180269,51.02951059640924],[-114.11193531321688,51.02950869071859],[-114.11192111294147,51.02859078756869],[-114.11192113482868,51.027673389137824],[-114.11192113902698,51.026755887342915],[-114.11438881798277,51.02675388590938],[-114.11738500712178,51.02673799950538],[-114.11773633715289,51.026593796397115],[-114.11773883093626,51.02885148608519],[-114.11781793652813,51.029644983620834],[-114.11784271895722,51.02973862374983],[-114.11794504542145,51.03012489801473],[-114.11794534590352,51.03012639874513],[-114.11796451995734,51.03021155218514],[-114.11754923355353,51.03025289026388],[-114.1160740230772,51.0303934918002],[-114.11531583856986,51.03042870734639],[-114.1143878365703,51.03044178247033],[-114.11192001714825,51.03044370832665],[-114.10946641633274,51.03044599436033]]]]}},{"type":"Feature","properties":{"DGUID":"2021S051248060753","DAUID":"48060753","LANDAREA":0.1768,"PRUID":"48","fed_num":"48004","da_code":"48060753","geo_name":"48060753","name_source":{"label":"Statistics Canada Census Profile 2021 DA WDS","url":"https://www12.statcan.gc.ca/wds-sdw/2021profile-profil2021-eng.cfm"},"population":726,"status":"ok","source":{"label":"Statistics Canada Census Profile 2021 DA WDS","url":"https://www12.statcan.gc.ca/wds-sdw/2021profile-profil2021-eng.cfm"},"community_name":"Calgary","community_source":{"label":"Statistics Canada 2021 census subdivision boundaries (spatial lookup)","url":"https://geo.statcan.gc.ca/geo_wa/rest/services/2021/Cartographic_boundary_files/MapServer/9"},"community_display":"Calgary","is_unorganized":false,"panel_title":"Calgary","display_label":"Calgary","map_label":"48060753"},"geometry":{"type":"MultiPolygon","coordinates":[[[[-114.1047063298845,51.031065581813145],[-114.10455862952841,51.03045927702542],[-114.10456050817567,51.029514881833485],[-114.10702820694476,51.02951309732624],[-114.10701413687073,51.028595299597065],[-114.1070142009602,51.02767777965398],[-114.10701431764593,51.02676027788375],[-114.10948200326389,51.026758479329764],[-114.11192113902698,51.026755887342915],[-114.11192113482868,51.027673389137824],[-114.11192111294147,51.02859078756869],[-114.11193531321688,51.02950869071859],[-114.1094676180269,51.02951059640924],[-114.10946641633274,51.03044599436033],[-114.10935944380378,51.031018999642754],[-114.10922813643693,51.031294604693684],[-114.10906252374919,51.03143439379592],[-114.10720763404308,51.03144249893276],[-114.10572412145487,51.031441689534326],[-114.10532641514351,51.03141379894792],[-114.10505863198178,51.031362177810706],[-114.10487961735952,51.03125878022375],[-114.1047063298845,51.031065581813145]]]]}},{"type":"Feature","properties":{"DGUID":"2021S051248060754","DAUID":"48060754","LANDAREA":0.1057,"PRUID":"48","fed_num":"48004","da_code":"48060754","geo_name":"48060754","name_source":{"label":"Statistics Canada Census Profile 2021 DA WDS","url":"https://www12.statcan.gc.ca/wds-sdw/2021profile-profil2021-eng.cfm"},"population":530,"status":"ok","source":{"label":"Statistics Canada Census Profile 2021 DA WDS","url":"https://www12.statcan.gc.ca/wds-sdw/2021profile-profil2021-eng.cfm"},"community_name":"Calgary","community_source":{"label":"Statistics Canada 2021 census subdivision boundaries (spatial lookup)","url":"https://geo.statcan.gc.ca/geo_wa/rest/services/2021/Cartographic_boundary_files/MapServer/9"},"community_display":"Calgary","is_unorganized":false,"panel_title":"Calgary","display_label":"Calgary","map_label":"48060754"},"geometry":{"type":"MultiPolygon","coordinates":[[[[-114.10209361272015,51.02767267403568],[-114.10209333070523,51.02676418430422],[-114.10454671032346,51.026762079218955],[-114.10701431764593,51.02676027788375],[-114.1070142009602,51.02767777965398],[-114.10701413687073,51.028595299597065],[-114.10702820694476,51.02951309732624],[-114.10456050817567,51.029514881833485],[-114.10210692244073,51.02951699667288],[-114.10209291183054,51.02859918244044],[-114.10209361272015,51.02767267403568]]]]}},{"type":"Feature","properties":{"DGUID":"2021S051248060755","DAUID":"48060755","LANDAREA":0.1128,"PRUID":"48","fed_num":"48004","da_code":"48060755","geo_name":"48060755","name_source":{"label":"Statistics Canada Census Profile 2021 DA WDS","url":"https://www12.statcan.gc.ca/wds-sdw/2021profile-profil2021-eng.cfm"},"population":679,"status":"ok","source":{"label":"Statistics Canada Census Profile 2021 DA WDS","url":"https://www12.statcan.gc.ca/wds-sdw/2021profile-profil2021-eng.cfm"},"community_name":"Calgary","community_source":{"label":"Statistics Canada 2021 census subdivision boundaries (spatial lookup)","url":"https://geo.statcan.gc.ca/geo_wa/rest/services/2021/Cartographic_boundary_files/MapServer/9"},"community_display":"Calgary","is_unorganized":false,"panel_title":"Calgary","display_label":"Calgary","map_label":"48060755"},"geometry":{"type":"MultiPolygon","coordinates":[[[[-114.10209083778153,51.03046109195461],[-114.10210692244073,51.02951699667288],[-114.10456050817567,51.029514881833485],[-114.10455862952841,51.03045927702542],[-114.1047063298845,51.031065581813145],[-114.10487961735952,51.03125878022375],[-114.10505863198178,51.031362177810706],[-114.10532641514351,51.03141379894792],[-114.10572412145487,51.031441689534326],[-114.10720763404308,51.03144249893276],[-114.10721332278554,51.03295370810519],[-114.10584171086148,51.0332166017689],[-114.10514271238982,51.03321718914269],[-114.10341592324266,51.033228389452375],[-114.1022600075588,51.03323570452947],[-114.1018327126975,51.03322509040574],[-114.10184401695653,51.03144437809328],[-114.10209083778153,51.03046109195461]]]]}},{"type":"Feature","properties":{"DGUID":"2021S051248060759","DAUID":"48060759","LANDAREA":0.1761,"PRUID":"48","fed_num":"48004","da_code":"48060759","geo_name":"48060759","name_source":{"label":"Statistics Canada Census Profile 2021 DA WDS","url":"https://www12.statcan.gc.ca/wds-sdw/2021profile-profil2021-eng.cfm"},"population":633,"status":"ok","source":{"label":"Statistics Canada Census Profile 2021 DA WDS","url":"https://www12.statcan.gc.ca/wds-sdw/2021profile-profil2021-eng.cfm"},"community_name":"Calgary","community_source":{"label":"Statistics Canada 2021 census subdivision boundaries (spatial lookup)","url":"https://geo.statcan.gc.ca/geo_wa/rest/services/2021/Cartographic_boundary_files/MapServer/9"},"community_display":"Calgary","is_unorganized":false,"panel_title":"Calgary","display_label":"Calgary","map_label":"48060759"},"geometry":{"type":"MultiPolygon","coordinates":[[[[-114.12955844265885,51.030087115835904],[-114.12957013336137,51.02851330989475],[-114.12958074738093,51.026957497267645],[-114.12957172368098,51.02594979788665],[-114.13100765238147,51.02556239698291],[-114.1312405242634,51.02548710634753],[-114.13158953834323,51.025378795057854],[-114.13196815755366,51.0252531994495],[-114.1326666515167,51.02502750976812],[-114.13330653048172,51.02482731858308],[-114.13407683237837,51.02459441813043],[-114.13473105084064,51.02439449371497],[-114.13505823729922,51.02487029817007],[-114.1353241405391,51.025182613493065],[-114.13550523026704,51.0254839137804],[-114.13551273223997,51.02582590444726],[-114.13550045058301,51.02694990280915],[-114.1355048441343,51.02849721716329],[-114.13126714765174,51.0285191002205],[-114.1312560418134,51.030083917974125],[-114.12955844265885,51.030087115835904]]]]}},{"type":"Feature","properties":{"DGUID":"2021S051248060760","DAUID":"48060760","LANDAREA":0.1753,"PRUID":"48","fed_num":"48004","da_code":"48060760","geo_name":"48060760","name_source":{"label":"Statistics Canada Census Profile 2021 DA WDS","url":"https://www12.statcan.gc.ca/wds-sdw/2021profile-profil2021-eng.cfm"},"population":607,"status":"ok","source":{"label":"Statistics Canada Census Profile 2021 DA WDS","url":"https://www12.statcan.gc.ca/wds-sdw/2021profile-profil2021-eng.cfm"},"community_name":"Calgary","community_source":{"label":"Statistics Canada 2021 census subdivision boundaries (spatial lookup)","url":"https://geo.statcan.gc.ca/geo_wa/rest/services/2021/Cartographic_boundary_files/MapServer/9"},"community_display":"Calgary","is_unorganized":false,"panel_title":"Calgary","display_label":"Calgary","map_label":"48060760"},"geometry":{"type":"MultiPolygon","coordinates":[[[[-114.12959284028456,51.03160812445706],[-114.12955844265885,51.030087115835904],[-114.1312560418134,51.030083917974125],[-114.13126714765174,51.0285191002205],[-114.1355048441343,51.02849721716329],[-114.13550045058301,51.02694990280915],[-114.13692683504905,51.02694890447603],[-114.13836745142933,51.026948326759644],[-114.13835712561426,51.028504124272445],[-114.13694552285558,51.028496520398505],[-114.13691982914479,51.03007000947535],[-114.1355070316696,51.03008033132866],[-114.13555655225986,51.031358823253406],[-114.13549825136731,51.03160921026499],[-114.13408604667474,51.03161052166376],[-114.13267375095214,51.031611806954515],[-114.13126143091759,51.031613105899545],[-114.12959284028456,51.03160812445706]]]]}},{"type":"Feature","properties":{"DGUID":"2021S051248060761","DAUID":"48060761","LANDAREA":0.1533,"PRUID":"48","fed_num":"48004","da_code":"48060761","geo_name":"48060761","name_source":{"label":"Statistics Canada Census Profile 2021 DA WDS","url":"https://www12.statcan.gc.ca/wds-sdw/2021profile-profil2021-eng.cfm"},"population":624,"status":"ok","source":{"label":"Statistics Canada Census Profile 2021 DA WDS","url":"https://www12.statcan.gc.ca/wds-sdw/2021profile-profil2021-eng.cfm"},"community_name":"Calgary","community_source":{"label":"Statistics Canada 2021 census subdivision boundaries (spatial lookup)","url":"https://geo.statcan.gc.ca/geo_wa/rest/services/2021/Cartographic_boundary_files/MapServer/9"},"community_display":"Calgary","is_unorganized":false,"panel_title":"Calgary","display_label":"Calgary","map_label":"48060761"},"geometry":{"type":"MultiPolygon","coordinates":[[[[-114.1340909142489,51.03314881364687],[-114.13408604667474,51.03161052166376],[-114.13549825136731,51.03160921026499],[-114.13555655225986,51.031358823253406],[-114.1355070316696,51.03008033132866],[-114.13691982914479,51.03007000947535],[-114.13694552285558,51.028496520398505],[-114.13835712561426,51.028504124272445],[-114.13976874298251,51.02851173269321],[-114.14113873447212,51.028500317517725],[-114.14114073180063,51.02893211940868],[-114.14115594249337,51.030074816899855],[-114.14121974187081,51.031587525296864],[-114.13976364722446,51.031605828360576],[-114.13835132716667,51.031607226101315],[-114.13692485415318,51.031608227109615],[-114.13692921871863,51.03315541885083],[-114.13553174601249,51.03314811249438],[-114.1340909142489,51.03314881364687]]]]}},{"type":"Feature","properties":{"DGUID":"2021S051248060842","DAUID":"48060842","LANDAREA":0.2895,"PRUID":"48","fed_num":"48004","da_code":"48060842","geo_name":"48060842","name_source":{"label":"Statistics Canada Census Profile 2021 DA WDS","url":"https://www12.statcan.gc.ca/wds-sdw/2021profile-profil2021-eng.cfm"},"population":552,"status":"ok","source":{"label":"Statistics Canada Census Profile 2021 DA WDS","url":"https://www12.statcan.gc.ca/wds-sdw/2021profile-profil2021-eng.cfm"},"community_name":"Calgary","community_source":{"label":"Statistics Canada 2021 census subdivision boundaries (spatial lookup)","url":"https://geo.statcan.gc.ca/geo_wa/rest/services/2021/Cartographic_boundary_files/MapServer/9"},"community_display":"Calgary","is_unorganized":false,"panel_title":"Calgary","display_label":"Calgary","map_label":"48060842"},"geometry":{"type":"MultiPolygon","coordinates":[[[[-114.10660321358374,51.04434410724441],[-114.10667872249587,51.04359041850119],[-114.1088294094254,51.04365262453215],[-114.10890392006986,51.043600628120274],[-114.10892239355674,51.04330411448092],[-114.10879062592218,51.043130024173244],[-114.10850039896293,51.042979032462235],[-114.10778637047609,51.042807426051525],[-114.10768759698495,51.04228410682745],[-114.10936272079911,51.04264941779819],[-114.1093918216276,51.04218240498715],[-114.10929040621001,51.04174812562389],[-114.10907370299502,51.04156291133773],[-114.10811902699412,51.041314414594765],[-114.10720922222033,51.04103100389387],[-114.10727160092192,51.04071771028426],[-114.10622982741178,51.04003530605557],[-114.1049173934254,51.03934610163262],[-114.1039700228309,51.03898081762119],[-114.10305359983543,51.038805215048455],[-114.10343910888413,51.03857191051398],[-114.10369639925158,51.03833541376991],[-114.10378051091065,51.038130598907216],[-114.1037479267796,51.037967892535995],[-114.10358592699603,51.03782000741797],[-114.10425601324106,51.03782760966811],[-114.10558303100929,51.03782450899768],[-114.10631050606098,51.03782460573751],[-114.107095122222,51.03782599163518],[-114.1072951093737,51.03782201337052],[-114.11127270544331,51.037866517865055],[-114.11271780234603,51.03789081437297],[-114.11301195891195,51.037887863430605],[-114.11316895058843,51.037886269871485],[-114.11338271621113,51.03788412356602],[-114.11240257076189,51.040557283743006],[-114.1121804209652,51.04116302239428],[-114.1121237221756,51.04184520715168],[-114.11220640201766,51.04235102739379],[-114.11229932643562,51.04257582743437],[-114.11241890601717,51.042833029579576],[-114.11248230817613,51.04296051101068],[-114.11253321682902,51.043060734647646],[-114.11238681682879,51.04312001061008],[-114.11228734938592,51.04315461406068],[-114.11175669204488,51.04340279484534],[-114.11173901339075,51.043410825575535],[-114.10974030364741,51.04433343188863],[-114.10947882798607,51.04445132566104],[-114.10936148760717,51.04450231740548],[-114.1090676035389,51.04463903464537],[-114.10903800728279,51.04465622153086],[-114.1085382162286,51.04466183230602],[-114.1079421028792,51.044611118260306],[-114.10751299881908,51.044627520303905],[-114.10702862014571,51.04461550753084],[-114.10654481839062,51.04459451926766],[-114.10636461598232,51.0445091148504],[-114.10660321358374,51.04434410724441]]]]}},{"type":"Feature","properties":{"DGUID":"2021S051248060843","DAUID":"48060843","LANDAREA":0.073,"PRUID":"48","fed_num":"48004","da_code":"48060843","geo_name":"48060843","name_source":{"label":"Statistics Canada Census Profile 2021 DA WDS","url":"https://www12.statcan.gc.ca/wds-sdw/2021profile-profil2021-eng.cfm"},"population":462,"status":"ok","source":{"label":"Statistics Canada Census Profile 2021 DA WDS","url":"https://www12.statcan.gc.ca/wds-sdw/2021profile-profil2021-eng.cfm"},"community_name":"Calgary","community_source":{"label":"Statistics Canada 2021 census subdivision boundaries (spatial lookup)","url":"https://geo.statcan.gc.ca/geo_wa/rest/services/2021/Cartographic_boundary_files/MapServer/9"},"community_display":"Calgary","is_unorganized":false,"panel_title":"Calgary","display_label":"Calgary","map_label":"48060843"},"geometry":{"type":"MultiPolygon","coordinates":[[[[-114.10415661253542,51.043536919387726],[-114.1042734929715,51.04257731819079],[-114.10431552962342,51.04236250833537],[-114.10448449430561,51.04216881285404],[-114.10524861146874,51.041585110803894],[-114.1060658967141,51.041749212439605],[-114.10635691799912,51.04165750090694],[-114.10675280444926,51.04148742717565],[-114.10720922222033,51.04103100389387],[-114.10811902699412,51.041314414594765],[-114.10907370299502,51.04156291133773],[-114.10929040621001,51.04174812562389],[-114.1093918216276,51.04218240498715],[-114.10936272079911,51.04264941779819],[-114.10768759698495,51.04228410682745],[-114.10778637047609,51.042807426051525],[-114.10850039896293,51.042979032462235],[-114.10879062592218,51.043130024173244],[-114.10892239355674,51.04330411448092],[-114.10890392006986,51.043600628120274],[-114.1088294094254,51.04365262453215],[-114.10667872249587,51.04359041850119],[-114.10415661253542,51.043536919387726]]]]}},{"type":"Feature","properties":{"DGUID":"2021S051248060844","DAUID":"48060844","LANDAREA":0.5529,"PRUID":"48","fed_num":"48004","da_code":"48060844","geo_name":"48060844","name_source":{"label":"Statistics Canada Census Profile 2021 DA WDS","url":"https://www12.statcan.gc.ca/wds-sdw/2021profile-profil2021-eng.cfm"},"population":566,"status":"ok","source":{"label":"Statistics Canada Census Profile 2021 DA WDS","url":"https://www12.statcan.gc.ca/wds-sdw/2021profile-profil2021-eng.cfm"},"community_name":"Calgary","community_source":{"label":"Statistics Canada 2021 census subdivision boundaries (spatial lookup)","url":"https://geo.statcan.gc.ca/geo_wa/rest/services/2021/Cartographic_boundary_files/MapServer/9"},"community_display":"Calgary","is_unorganized":false,"panel_title":"Calgary","display_label":"Calgary","map_label":"48060844"},"geometry":{"type":"MultiPolygon","coordinates":[[[[-114.11239972327029,51.046790376734336],[-114.11113071398975,51.04696237970547],[-114.11062520667993,51.047127480998874],[-114.10995782590878,51.04751379732282],[-114.10959380120742,51.04766079839688],[-114.10926782153696,51.047762394171265],[-114.10873850873021,51.04785721565616],[-114.10809280442962,51.04797289373322],[-114.10681382501032,51.04803299021387],[-114.10635113270692,51.04800959036682],[-114.10600342426343,51.04794469607889],[-114.10560414665399,51.047933708324244],[-114.1049818152573,51.04791658750457],[-114.10451060821087,51.04787588564619],[-114.10327632387195,51.04769027511747],[-114.10276200688789,51.047714774538726],[-114.10119553031359,51.047679287156555],[-114.09915052213958,51.04768027557306],[-114.09817907048638,51.047635233104366],[-114.09758071773923,51.04760746402002],[-114.09707779304706,51.04756338629986],[-114.09507830281797,51.04756487867525],[-114.09472909669802,51.04754719387715],[-114.09472848380362,51.04735932439866],[-114.09473280748566,51.04720871068207],[-114.09473722779624,51.04705350332889],[-114.0947390389811,51.04699104149048],[-114.0947394766421,51.046974417444524],[-114.0947412001906,51.04692797601316],[-114.09474365610596,51.04687781379892],[-114.09472661077601,51.04660771473855],[-114.09472560968001,51.04638562126101],[-114.09467889616975,51.04586220384686],[-114.09467912881563,51.045680860746245],[-114.09467927987923,51.0455466833322],[-114.09467937216036,51.045454874513815],[-114.09467674668095,51.04419799277328],[-114.09481240693823,51.044195302967815],[-114.09673450805779,51.044261016920416],[-114.09922652746191,51.04434101413141],[-114.10167691081102,51.04440182230387],[-114.10170681619273,51.04346712589955],[-114.10178049520758,51.04251551461626],[-114.1042734929715,51.04257731819079],[-114.10415661253542,51.043536919387726],[-114.10667872249587,51.04359041850119],[-114.10660321358374,51.04434410724441],[-114.10636461598232,51.0445091148504],[-114.10654481839062,51.04459451926766],[-114.10702862014571,51.04461550753084],[-114.10751299881908,51.044627520303905],[-114.1079421028792,51.044611118260306],[-114.1085382162286,51.04466183230602],[-114.10903800728279,51.04465622153086],[-114.1090676035389,51.04463903464537],[-114.10936148760717,51.04450231740548],[-114.10947882798607,51.04445132566104],[-114.10974030364741,51.04433343188863],[-114.11173901339075,51.043410825575535],[-114.11175669204488,51.04340279484534],[-114.11228734938592,51.04315461406068],[-114.11238681682879,51.04312001061008],[-114.11253321682902,51.043060734647646],[-114.11269331797178,51.043279233253074],[-114.11286199526572,51.04350953104907],[-114.11376572364598,51.04480912413042],[-114.11389591318681,51.04499968974348],[-114.11397822768497,51.045120125071655],[-114.11409220894642,51.04529392667445],[-114.11418249793104,51.0454491320262],[-114.11451601774536,51.046051025879294],[-114.11484709094701,51.046623380801236],[-114.1153861356599,51.04755532381948],[-114.11539221262572,51.04756582480656],[-114.11527719039557,51.04763744317485],[-114.11523215398641,51.04756120546514],[-114.11467724963377,51.04662178206834],[-114.11342802230239,51.04661798403977],[-114.11239972327029,51.046790376734336]]]]}},{"type":"Feature","properties":{"DGUID":"2021S051248060902","DAUID":"48060902","LANDAREA":0.1843,"PRUID":"48","fed_num":"48004","da_code":"48060902","geo_name":"48060902","name_source":{"label":"Statistics Canada Census Profile 2021 DA WDS","url":"https://www12.statcan.gc.ca/wds-sdw/2021profile-profil2021-eng.cfm"},"population":591,"status":"ok","source":{"label":"Statistics Canada Census Profile 2021 DA WDS","url":"https://www12.statcan.gc.ca/wds-sdw/2021profile-profil2021-eng.cfm"},"community_name":"Calgary","community_source":{"label":"Statistics Canada 2021 census subdivision boundaries (spatial lookup)","url":"https://geo.statcan.gc.ca/geo_wa/rest/services/2021/Cartographic_boundary_files/MapServer/9"},"community_display":"Calgary","is_unorganized":false,"panel_title":"Calgary","display_label":"Calgary","map_label":"48060902"},"geometry":{"type":"MultiPolygon","coordinates":[[[[-114.02521336836297,51.04239650402675],[-114.02517171907965,51.042118043541215],[-114.02516920196662,51.0417132451312],[-114.02517250506158,51.04099376731671],[-114.02517396878717,51.0407201097985],[-114.0251790211468,51.03977954504854],[-114.02517111033234,51.03878995189983],[-114.02618840573238,51.03916666539958],[-114.02717732333136,51.03954265953546],[-114.02826361853155,51.03995704830311],[-114.02979308511229,51.04058065013511],[-114.03092169639028,51.041005153818205],[-114.03171290273909,51.04023367095296],[-114.03244781147906,51.03945175517238],[-114.03513380155448,51.0405094761924],[-114.03440130572882,51.041255466811364],[-114.03359689602576,51.04200856007199],[-114.0331071880278,51.04252686470367],[-114.03279039320282,51.04286755777571],[-114.03249842623245,51.043162838112934],[-114.03162171522759,51.04286461482538],[-114.03097301315154,51.0427065119989],[-114.03046282849493,51.04261622738473],[-114.02963999946178,51.04250132662169],[-114.02875171586419,51.042437113580974],[-114.0284538117313,51.04238131698947],[-114.02772401037514,51.04233371368084],[-114.02729300196071,51.04231321056337],[-114.02617462118565,51.04233161467126],[-114.02535512441983,51.042377206043966],[-114.02521336836297,51.04239650402675]]]]}},{"type":"Feature","properties":{"DGUID":"2021S051248060903","DAUID":"48060903","LANDAREA":0.5926,"PRUID":"48","fed_num":"48004","da_code":"48060903","geo_name":"48060903","name_source":{"label":"Statistics Canada Census Profile 2021 DA WDS","url":"https://www12.statcan.gc.ca/wds-sdw/2021profile-profil2021-eng.cfm"},"population":604,"status":"ok","source":{"label":"Statistics Canada Census Profile 2021 DA WDS","url":"https://www12.statcan.gc.ca/wds-sdw/2021profile-profil2021-eng.cfm"},"community_name":"Calgary","community_source":{"label":"Statistics Canada 2021 census subdivision boundaries (spatial lookup)","url":"https://geo.statcan.gc.ca/geo_wa/rest/services/2021/Cartographic_boundary_files/MapServer/9"},"community_display":"Calgary","is_unorganized":false,"panel_title":"Calgary","display_label":"Calgary","map_label":"48060903"},"geometry":{"type":"MultiPolygon","coordinates":[[[[-114.03513380155448,51.0405094761924],[-114.03244781147906,51.03945175517238],[-114.03171290273909,51.04023367095296],[-114.03092169639028,51.041005153818205],[-114.02979308511229,51.04058065013511],[-114.02826361853155,51.03995704830311],[-114.02717732333136,51.03954265953546],[-114.02618840573238,51.03916666539958],[-114.02517111033234,51.03878995189983],[-114.0251790211468,51.03977954504854],[-114.02367930454763,51.039804348203496],[-114.02366299400697,51.03783396444592],[-114.02156571323295,51.037834454383685],[-114.01909969561794,51.03784143735772],[-114.01902581097177,51.03784164185629],[-114.01876652398043,51.03787993746834],[-114.01831460025498,51.03803034529665],[-114.01798580443231,51.03804854474373],[-114.0178041256741,51.03805853038818],[-114.01778182816415,51.03782093495822],[-114.01776737739837,51.037694924303366],[-114.01783989277155,51.03769241909651],[-114.0179149049201,51.037685075750595],[-114.01798941287355,51.03767685680694],[-114.01861229735111,51.03761514829909],[-114.02067450529326,51.03727205647284],[-114.02220059410712,51.036834254334714],[-114.02245209131574,51.036740750598426],[-114.02265361366639,51.036665845145876],[-114.02283751465106,51.03659513889349],[-114.02309240225546,51.03649714055359],[-114.02350558564267,51.036282848111696],[-114.0240422639586,51.03585402765166],[-114.02406199183419,51.03583825184585],[-114.02434198881505,51.03547665310474],[-114.02439048093596,51.035387950413615],[-114.0249574084431,51.03433195433316],[-114.02520259656981,51.03406836295039],[-114.02526469218138,51.033988958944796],[-114.02566878765138,51.033693462474055],[-114.02589278959175,51.03353725837821],[-114.02701319884368,51.032972057861826],[-114.02820770950703,51.032128961453225],[-114.02836644610856,51.03201059966659],[-114.02931872681869,51.03130067204795],[-114.02932540752326,51.031295673303624],[-114.02933543169314,51.031305571855206],[-114.02941358943946,51.03138296930636],[-114.02942361365272,51.03139286785238],[-114.02949492892066,51.031463464306064],[-114.0297637483855,51.03174466155233],[-114.02996144728944,51.03196196224397],[-114.03024952453322,51.03227445245385],[-114.03053142036389,51.03259075409157],[-114.0310867505084,51.033197356521995],[-114.03142184376352,51.03357345945686],[-114.0316559481044,51.033816254744856],[-114.03208664135865,51.03427407533961],[-114.03216662712903,51.03435636812149],[-114.03246842648718,51.03465616645986],[-114.03272445294688,51.03492736059081],[-114.03303211895862,51.03524346154153],[-114.034181550924,51.03640166402421],[-114.03509144154752,51.03733646039246],[-114.03591732127514,51.038185264125424],[-114.03624745494729,51.038534873804196],[-114.03636120807397,51.03864791806013],[-114.03637324411338,51.03865986120514],[-114.03650076196953,51.03878671003632],[-114.0364466361952,51.038917045860025],[-114.03642751101319,51.03896310681705],[-114.03638111555411,51.039074961266635],[-114.03592319776624,51.039764975823125],[-114.03527058928654,51.04037807212859],[-114.03513380155448,51.0405094761924]]]]}},{"type":"Feature","properties":{"DGUID":"2021S051248060904","DAUID":"48060904","LANDAREA":3.0768,"PRUID":"48","fed_num":"48004","da_code":"48060904","geo_name":"48060904","name_source":{"label":"Statistics Canada Census Profile 2021 DA WDS","url":"https://www12.statcan.gc.ca/wds-sdw/2021profile-profil2021-eng.cfm"},"population":1044,"status":"ok","source":{"label":"Statistics Canada Census Profile 2021 DA WDS","url":"https://www12.statcan.gc.ca/wds-sdw/2021profile-profil2021-eng.cfm"},"community_name":"Calgary","community_source":{"label":"Statistics Canada 2021 census subdivision boundaries (spatial lookup)","url":"https://geo.statcan.gc.ca/geo_wa/rest/services/2021/Cartographic_boundary_files/MapServer/9"},"community_display":"Calgary","is_unorganized":false,"panel_title":"Calgary","display_label":"Calgary","map_label":"48060904"},"geometry":{"type":"MultiPolygon","coordinates":[[[[-113.99720727429784,51.034575133384266],[-113.9962317301563,51.033146972215995],[-113.99595748808215,51.0314332509353],[-113.99641757746672,51.03058864578917],[-113.99651863697504,51.03041672069143],[-113.99848406811557,51.026790456151495],[-113.99962079086788,51.0258994025289],[-113.99974146696665,51.025805330538645],[-113.99990669661541,51.02570191949864],[-114.0000012732205,51.02564934896718],[-114.00015479758041,51.0254991849178],[-114.00088289389797,51.02491039876655],[-114.00093909779837,51.02502009857433],[-114.00122341846885,51.02477390060622],[-114.00209174286984,51.024119250355824],[-114.00285156740742,51.02361703476178],[-114.00364760206,51.02303691951664],[-114.00463428058882,51.022012134638665],[-114.00482582959123,51.0217405238217],[-114.00519790555569,51.02141072971553],[-114.00604440274098,51.02061140064164],[-114.0070558501566,51.0196040775301],[-114.00794873722637,51.018648863003506],[-114.00854393998644,51.01804440689027],[-114.00902948659368,51.017481916983826],[-114.00935153919697,51.01714667428083],[-114.00946135271077,51.01681826021939],[-114.0095263264746,51.016326742392145],[-114.00955526568524,51.01592761164994],[-114.00958058046794,51.01552900821069],[-114.0097321781981,51.01487423958328],[-114.00979352395103,51.014202150123744],[-114.00997745319965,51.01341764117964],[-114.01003302752295,51.01317713923576],[-114.01002826635644,51.01294733996506],[-114.01040544547428,51.01332599040576],[-114.01099272637526,51.01393133167291],[-114.01132207919007,51.01425617133161],[-114.01147073049502,51.01402760509966],[-114.01167689232274,51.01361030125921],[-114.01198925893274,51.013929422388784],[-114.01201147376523,51.013952107280545],[-114.01203745530782,51.01397860874298],[-114.01206676236478,51.01400861494028],[-114.0122824889632,51.01422892504316],[-114.01233705724316,51.014284634384836],[-114.01247624756142,51.0144268242139],[-114.01273177148516,51.01468770284475],[-114.0129018621678,51.01486531443362],[-114.01308077710708,51.0150361167326],[-114.01322014441381,51.0151669268795],[-114.01339225915244,51.015324010773995],[-114.01367084986433,51.01556072797591],[-114.01412515823236,51.01592111655082],[-114.01432248321645,51.01608082338568],[-114.01448446585913,51.01621732784484],[-114.01463425170219,51.016361221512604],[-114.01477486706746,51.01649433382029],[-114.01488967477935,51.016607317679224],[-114.01515686991226,51.01688091229627],[-114.01655226162055,51.01830993133447],[-114.01750919124622,51.01929082321465],[-114.01800987875026,51.019804037342816],[-114.01958498767912,51.02140204926499],[-114.02030610656618,51.022135528681844],[-114.02093031838805,51.02277424752024],[-114.0217536125054,51.023616648926215],[-114.02303989153756,51.024938554491456],[-114.0243351921696,51.026278770161284],[-114.02560029608432,51.027571460249455],[-114.026862605396,51.028853758400615],[-114.0283713293459,51.03038567097766],[-114.02884923411112,51.03083426594211],[-114.02921753160565,51.031188967048635],[-114.02932540752326,51.031295673303624],[-114.02931872681869,51.03130067204795],[-114.02836644610856,51.03201059966659],[-114.02820770950703,51.032128961453225],[-114.02701319884368,51.032972057861826],[-114.02589278959175,51.03353725837821],[-114.02566878765138,51.033693462474055],[-114.02526469218138,51.033988958944796],[-114.02520259656981,51.03406836295039],[-114.02463297983896,51.03382894992983],[-114.02450209886852,51.03364575206056],[-114.02444140068528,51.03325734569316],[-114.0244603953324,51.03207055291954],[-114.02435888676337,51.03186565646437],[-114.02390750712117,51.031795547855374],[-114.02375599589429,51.0317107498125],[-114.02369277714442,51.031583244079286],[-114.02369006624467,51.03051275034788],[-114.02236338623366,51.030514941228915],[-114.02216339262775,51.030518841235775],[-114.0221461791235,51.02900724293288],[-114.02066519378127,51.02896944490893],[-114.0191818802194,51.02896752937052],[-114.01916929256976,51.03049633158925],[-114.0191607985236,51.03196235305883],[-114.0206584890668,51.03196455197469],[-114.02215557739054,51.031975840201596],[-114.0221465075171,51.03345083271602],[-114.0222565096808,51.03351653845713],[-114.02366929823052,51.033507535503574],[-114.02365920573546,51.03500045360819],[-114.02434198881505,51.03547665310474],[-114.02406199183419,51.03583825184585],[-114.0240422639586,51.03585402765166],[-114.02350558564267,51.036282848111696],[-114.02309240225546,51.03649714055359],[-114.02283751465106,51.03659513889349],[-114.02265361366639,51.036665845145876],[-114.02245209131574,51.036740750598426],[-114.02220059410712,51.036834254334714],[-114.02067450529326,51.03727205647284],[-114.01861229735111,51.03761514829909],[-114.01798941287355,51.03767685680694],[-114.0179149049201,51.037685075750595],[-114.01783989277155,51.03769241909651],[-114.01776737739837,51.037694924303366],[-114.01710981883679,51.03768473774079],[-114.01564332697238,51.03763824716691],[-114.01487309518203,51.037543207261706],[-114.0140312140726,51.03743934626044],[-114.01384002262698,51.037413461586866],[-114.01373054813317,51.0373986306271],[-114.01258763674221,51.037243914436736],[-114.01219110564512,51.037190230586155],[-114.01008510852063,51.03688442210335],[-114.0081739000798,51.03693243063768],[-114.00678011032217,51.03694782414468],[-114.00552989569294,51.03694763867233],[-114.00541970760491,51.03694763345234],[-114.00498536782516,51.03694760322417],[-114.00471477804288,51.03694757300352],[-114.00459185596046,51.036947589807156],[-114.00448752296306,51.03694759287834],[-114.00431384037661,51.036947550693505],[-114.00418837292969,51.036947543728836],[-114.0038469048361,51.03694754035065],[-114.0027189282612,51.036956433396824],[-114.0016606528837,51.036964151852864],[-114.00143698243589,51.03696576703721],[-114.00129509830641,51.03696681393604],[-114.00100083471109,51.03697312411111],[-114.00068735211067,51.036823339253765],[-113.99986571591215,51.03667896202559],[-113.99946650344668,51.03644441341984],[-113.99720727429784,51.034575133384266]]]]}},{"type":"Feature","properties":{"DGUID":"2021S051248060905","DAUID":"48060905","LANDAREA":0.1306,"PRUID":"48","fed_num":"48004","da_code":"48060905","geo_name":"48060905","name_source":{"label":"Statistics Canada Census Profile 2021 DA WDS","url":"https://www12.statcan.gc.ca/wds-sdw/2021profile-profil2021-eng.cfm"},"population":374,"status":"ok","source":{"label":"Statistics Canada Census Profile 2021 DA WDS","url":"https://www12.statcan.gc.ca/wds-sdw/2021profile-profil2021-eng.cfm"},"community_name":"Calgary","community_source":{"label":"Statistics Canada 2021 census subdivision boundaries (spatial lookup)","url":"https://geo.statcan.gc.ca/geo_wa/rest/services/2021/Cartographic_boundary_files/MapServer/9"},"community_display":"Calgary","is_unorganized":false,"panel_title":"Calgary","display_label":"Calgary","map_label":"48060905"},"geometry":{"type":"MultiPolygon","coordinates":[[[[-114.01916929256976,51.03049633158925],[-114.0191818802194,51.02896752937052],[-114.02066519378127,51.02896944490893],[-114.0221461791235,51.02900724293288],[-114.02216339262775,51.030518841235775],[-114.02236338623366,51.030514941228915],[-114.02369006624467,51.03051275034788],[-114.02369277714442,51.031583244079286],[-114.02375599589429,51.0317107498125],[-114.02390750712117,51.031795547855374],[-114.02435888676337,51.03186565646437],[-114.0244603953324,51.03207055291954],[-114.02444140068528,51.03325734569316],[-114.02450209886852,51.03364575206056],[-114.02463297983896,51.03382894992983],[-114.02520259656981,51.03406836295039],[-114.0249574084431,51.03433195433316],[-114.02439048093596,51.035387950413615],[-114.02434198881505,51.03547665310474],[-114.02365920573546,51.03500045360819],[-114.02366929823052,51.033507535503574],[-114.0222565096808,51.03351653845713],[-114.0221465075171,51.03345083271602],[-114.02215557739054,51.031975840201596],[-114.0206584890668,51.03196455197469],[-114.0191607985236,51.03196235305883],[-114.01916929256976,51.03049633158925]]]]}},{"type":"Feature","properties":{"DGUID":"2021S051248061643","DAUID":"48061643","LANDAREA":0.0521,"PRUID":"48","fed_num":"48004","da_code":"48061643","geo_name":"48061643","name_source":{"label":"Statistics Canada Census Profile 2021 DA WDS","url":"https://www12.statcan.gc.ca/wds-sdw/2021profile-profil2021-eng.cfm"},"population":709,"status":"ok","source":{"label":"Statistics Canada Census Profile 2021 DA WDS","url":"https://www12.statcan.gc.ca/wds-sdw/2021profile-profil2021-eng.cfm"},"community_name":"Calgary","community_source":{"label":"Statistics Canada 2021 census subdivision boundaries (spatial lookup)","url":"https://geo.statcan.gc.ca/geo_wa/rest/services/2021/Cartographic_boundary_files/MapServer/9"},"community_display":"Calgary","is_unorganized":false,"panel_title":"Calgary","display_label":"Calgary","map_label":"48061643"},"geometry":{"type":"MultiPolygon","coordinates":[[[[-114.06285097140837,51.05032239134904],[-114.06294156167559,51.04933270530269],[-114.0636828884586,51.04930831171497],[-114.06522107106443,51.04935600122677],[-114.06515575921323,51.05038869592233],[-114.06509960835349,51.05109661032478],[-114.06508526222363,51.05127750096448],[-114.0650073753732,51.05228290624969],[-114.06408008925652,51.05227761244575],[-114.06345365065685,51.05225290513213],[-114.06304446284857,51.05217961061346],[-114.06275673152476,51.052088318592816],[-114.06279677108895,51.05124511310614],[-114.06285097140837,51.05032239134904]]]]}},{"type":"Feature","properties":{"DGUID":"2021S051248061669","DAUID":"48061669","LANDAREA":0.0363,"PRUID":"48","fed_num":"48004","da_code":"48061669","geo_name":"48061669","name_source":{"label":"Statistics Canada Census Profile 2021 DA WDS","url":"https://www12.statcan.gc.ca/wds-sdw/2021profile-profil2021-eng.cfm"},"population":1019,"status":"ok","source":{"label":"Statistics Canada Census Profile 2021 DA WDS","url":"https://www12.statcan.gc.ca/wds-sdw/2021profile-profil2021-eng.cfm"},"community_name":"Calgary","community_source":{"label":"Statistics Canada 2021 census subdivision boundaries (spatial lookup)","url":"https://geo.statcan.gc.ca/geo_wa/rest/services/2021/Cartographic_boundary_files/MapServer/9"},"community_display":"Calgary","is_unorganized":false,"panel_title":"Calgary","display_label":"Calgary","map_label":"48061669"},"geometry":{"type":"MultiPolygon","coordinates":[[[[-114.08107439738727,51.04891681346493],[-114.08113480347443,51.04795580572751],[-114.08373358682277,51.048031604738384],[-114.08372916838412,51.04818961081717],[-114.08357308740607,51.048667918472994],[-114.08355407037152,51.048969718088905],[-114.083481692951,51.04989441594601],[-114.08244266959152,51.049850517365826],[-114.08101787939425,51.0498149170078],[-114.08105784326875,51.04917995908034],[-114.08107439738727,51.04891681346493]]]]}},{"type":"Feature","properties":{"DGUID":"2021S051248061670","DAUID":"48061670","LANDAREA":0.0173,"PRUID":"48","fed_num":"48004","da_code":"48061670","geo_name":"48061670","name_source":{"label":"Statistics Canada Census Profile 2021 DA WDS","url":"https://www12.statcan.gc.ca/wds-sdw/2021profile-profil2021-eng.cfm"},"population":1264,"status":"ok","source":{"label":"Statistics Canada Census Profile 2021 DA WDS","url":"https://www12.statcan.gc.ca/wds-sdw/2021profile-profil2021-eng.cfm"},"community_name":"Calgary","community_source":{"label":"Statistics Canada 2021 census subdivision boundaries (spatial lookup)","url":"https://geo.statcan.gc.ca/geo_wa/rest/services/2021/Cartographic_boundary_files/MapServer/9"},"community_display":"Calgary","is_unorganized":false,"panel_title":"Calgary","display_label":"Calgary","map_label":"48061670"},"geometry":{"type":"MultiPolygon","coordinates":[[[[-114.08116934634059,51.04746512283957],[-114.08119604026922,51.04708561958079],[-114.0819409349712,51.04710387928965],[-114.08318281093553,51.047162988505534],[-114.08366765485881,51.04716143842678],[-114.08366149631675,51.04725912338398],[-114.0837642881391,51.04750960409371],[-114.08374438118405,51.0478483424559],[-114.08373358682277,51.048031604738384],[-114.08113480347443,51.04795580572751],[-114.08116934634059,51.04746512283957]]]]}},{"type":"Feature","properties":{"DGUID":"2021S051248062126","DAUID":"48062126","LANDAREA":0.1236,"PRUID":"48","fed_num":"48004","da_code":"48062126","geo_name":"48062126","name_source":{"label":"Statistics Canada Census Profile 2021 DA WDS","url":"https://www12.statcan.gc.ca/wds-sdw/2021profile-profil2021-eng.cfm"},"population":580,"status":"ok","source":{"label":"Statistics Canada Census Profile 2021 DA WDS","url":"https://www12.statcan.gc.ca/wds-sdw/2021profile-profil2021-eng.cfm"},"community_name":"Calgary","community_source":{"label":"Statistics Canada 2021 census subdivision boundaries (spatial lookup)","url":"https://geo.statcan.gc.ca/geo_wa/rest/services/2021/Cartographic_boundary_files/MapServer/9"},"community_display":"Calgary","is_unorganized":false,"panel_title":"Calgary","display_label":"Calgary","map_label":"48062126"},"geometry":{"type":"MultiPolygon","coordinates":[[[[-114.12230113029791,51.036249824183535],[-114.12229612009685,51.034720602891795],[-114.12378024936356,51.03471221352511],[-114.1252068292997,51.034711316370704],[-114.12666192707113,51.03471121723844],[-114.12666602636575,51.03625842390299],[-114.12812121524159,51.036258213062645],[-114.12816694837142,51.037824421767745],[-114.12795324341133,51.03781923164672],[-114.12674084027098,51.037816330569754],[-114.1266553463829,51.03781421756533],[-114.12522864212423,51.037815111246545],[-114.12375921727669,51.037814934539504],[-114.12230402080733,51.03781501588376],[-114.12230113029791,51.036249824183535]]]]}},{"type":"Feature","properties":{"DGUID":"2021S051248062127","DAUID":"48062127","LANDAREA":0.0882,"PRUID":"48","fed_num":"48004","da_code":"48062127","geo_name":"48062127","name_source":{"label":"Statistics Canada Census Profile 2021 DA WDS","url":"https://www12.statcan.gc.ca/wds-sdw/2021profile-profil2021-eng.cfm"},"population":482,"status":"ok","source":{"label":"Statistics Canada Census Profile 2021 DA WDS","url":"https://www12.statcan.gc.ca/wds-sdw/2021profile-profil2021-eng.cfm"},"community_name":"Calgary","community_source":{"label":"Statistics Canada 2021 census subdivision boundaries (spatial lookup)","url":"https://geo.statcan.gc.ca/geo_wa/rest/services/2021/Cartographic_boundary_files/MapServer/9"},"community_display":"Calgary","is_unorganized":false,"panel_title":"Calgary","display_label":"Calgary","map_label":"48062127"},"geometry":{"type":"MultiPolygon","coordinates":[[[[-114.12666192707113,51.03471121723844],[-114.12667262685838,51.03315532432372],[-114.12812822565779,51.0331462068073],[-114.12956791798905,51.03316361803881],[-114.12958642332252,51.03471113493292],[-114.1295911439469,51.03624941047622],[-114.12955033998793,51.037831527025915],[-114.12816694837142,51.037824421767745],[-114.12812121524159,51.036258213062645],[-114.12666602636575,51.03625842390299],[-114.12666192707113,51.03471121723844]]]]}},{"type":"Feature","properties":{"DGUID":"2021S051248062128","DAUID":"48062128","LANDAREA":0.1228,"PRUID":"48","fed_num":"48004","da_code":"48062128","geo_name":"48062128","name_source":{"label":"Statistics Canada Census Profile 2021 DA WDS","url":"https://www12.statcan.gc.ca/wds-sdw/2021profile-profil2021-eng.cfm"},"population":583,"status":"ok","source":{"label":"Statistics Canada Census Profile 2021 DA WDS","url":"https://www12.statcan.gc.ca/wds-sdw/2021profile-profil2021-eng.cfm"},"community_name":"Calgary","community_source":{"label":"Statistics Canada 2021 census subdivision boundaries (spatial lookup)","url":"https://geo.statcan.gc.ca/geo_wa/rest/services/2021/Cartographic_boundary_files/MapServer/9"},"community_display":"Calgary","is_unorganized":false,"panel_title":"Calgary","display_label":"Calgary","map_label":"48062128"},"geometry":{"type":"MultiPolygon","coordinates":[[[[-114.1252068292997,51.034711316370704],[-114.12520330993522,51.03315521087997],[-114.12519934509172,51.03160800249986],[-114.12519413083959,51.030078716691634],[-114.12664913389561,51.03007851840685],[-114.12811835584698,51.03007871706209],[-114.12955844265885,51.030087115835904],[-114.12959284028456,51.03160812445706],[-114.12956791798905,51.03316361803881],[-114.12812822565779,51.0331462068073],[-114.12667262685838,51.03315532432372],[-114.12666192707113,51.03471121723844],[-114.1252068292997,51.034711316370704]]]]}},{"type":"Feature","properties":{"DGUID":"2021S051248062130","DAUID":"48062130","LANDAREA":0.2182,"PRUID":"48","fed_num":"48004","da_code":"48062130","geo_name":"48062130","name_source":{"label":"Statistics Canada Census Profile 2021 DA WDS","url":"https://www12.statcan.gc.ca/wds-sdw/2021profile-profil2021-eng.cfm"},"population":667,"status":"ok","source":{"label":"Statistics Canada Census Profile 2021 DA WDS","url":"https://www12.statcan.gc.ca/wds-sdw/2021profile-profil2021-eng.cfm"},"community_name":"Calgary","community_source":{"label":"Statistics Canada 2021 census subdivision boundaries (spatial lookup)","url":"https://geo.statcan.gc.ca/geo_wa/rest/services/2021/Cartographic_boundary_files/MapServer/9"},"community_display":"Calgary","is_unorganized":false,"panel_title":"Calgary","display_label":"Calgary","map_label":"48062130"},"geometry":{"type":"MultiPolygon","coordinates":[[[[-114.11732704007021,51.03525470639233],[-114.11784083797777,51.03479061966512],[-114.11786502732933,51.03475021489065],[-114.11807963529775,51.034391717874044],[-114.11819133540831,51.033971706544214],[-114.11816892890351,51.03180341020399],[-114.1180923102633,51.03074019740853],[-114.11796741601846,51.03022440874655],[-114.11796451995734,51.03021155218514],[-114.11816845470973,51.03019126740228],[-114.11851362147246,51.03015691487664],[-114.12082984177994,51.03007009360161],[-114.12083373010553,51.03161730153743],[-114.12228932425076,51.03160820264203],[-114.12229321605318,51.03315540261569],[-114.12229612009685,51.034720602891795],[-114.12230113029791,51.036249824183535],[-114.12084602230806,51.03625001480497],[-114.12084102530335,51.03472072043313],[-114.11938643743055,51.0347118042922],[-114.11881024275775,51.03471157800079],[-114.11796253285503,51.03538149036172],[-114.11796073692302,51.035387219065576],[-114.11787950762329,51.03600590423888],[-114.11797423496486,51.03608921402142],[-114.11797791931305,51.03626022815881],[-114.11793941834155,51.036879910125236],[-114.11790991167761,51.037814615805814],[-114.11531292563306,51.0378224060172],[-114.11457101439693,51.03782211324671],[-114.11392562451005,51.03787811054532],[-114.11368290663079,51.03788110502518],[-114.11338271621113,51.03788412356602],[-114.11316895058843,51.037886269871485],[-114.11320362430187,51.03778831856601],[-114.11320626066266,51.037783663714016],[-114.11355600508716,51.037167416136995],[-114.11402660564768,51.0367113132828],[-114.11466433121504,51.03632219756911],[-114.11523541892149,51.036084512174845],[-114.11644450700659,51.03568261340068],[-114.11732704007021,51.03525470639233]]]]}},{"type":"Feature","properties":{"DGUID":"2021S051248062131","DAUID":"48062131","LANDAREA":0.0858,"PRUID":"48","fed_num":"48004","da_code":"48062131","geo_name":"48062131","name_source":{"label":"Statistics Canada Census Profile 2021 DA WDS","url":"https://www12.statcan.gc.ca/wds-sdw/2021profile-profil2021-eng.cfm"},"population":659,"status":"ok","source":{"label":"Statistics Canada Census Profile 2021 DA WDS","url":"https://www12.statcan.gc.ca/wds-sdw/2021profile-profil2021-eng.cfm"},"community_name":"Calgary","community_source":{"label":"Statistics Canada 2021 census subdivision boundaries (spatial lookup)","url":"https://geo.statcan.gc.ca/geo_wa/rest/services/2021/Cartographic_boundary_files/MapServer/9"},"community_display":"Calgary","is_unorganized":false,"panel_title":"Calgary","display_label":"Calgary","map_label":"48062131"},"geometry":{"type":"MultiPolygon","coordinates":[[[[-114.11796253285503,51.03538149036172],[-114.11881024275775,51.03471157800079],[-114.11938643743055,51.0347118042922],[-114.12084102530335,51.03472072043313],[-114.12084602230806,51.03625001480497],[-114.12230113029791,51.036249824183535],[-114.12230402080733,51.03781501588376],[-114.12082031136745,51.03781441962172],[-114.11939364556704,51.03781522169611],[-114.11790991167761,51.037814615805814],[-114.11793941834155,51.036879910125236],[-114.11797791931305,51.03626022815881],[-114.11797423496486,51.03608921402142],[-114.11787950762329,51.03600590423888],[-114.11796073692302,51.035387219065576],[-114.11796253285503,51.03538149036172]]]]}},{"type":"Feature","properties":{"DGUID":"2021S051248062151","DAUID":"48062151","LANDAREA":0.0332,"PRUID":"48","fed_num":"48004","da_code":"48062151","geo_name":"48062151","name_source":{"label":"Statistics Canada Census Profile 2021 DA WDS","url":"https://www12.statcan.gc.ca/wds-sdw/2021profile-profil2021-eng.cfm"},"population":975,"status":"ok","source":{"label":"Statistics Canada Census Profile 2021 DA WDS","url":"https://www12.statcan.gc.ca/wds-sdw/2021profile-profil2021-eng.cfm"},"community_name":"Calgary","community_source":{"label":"Statistics Canada 2021 census subdivision boundaries (spatial lookup)","url":"https://geo.statcan.gc.ca/geo_wa/rest/services/2021/Cartographic_boundary_files/MapServer/9"},"community_display":"Calgary","is_unorganized":false,"panel_title":"Calgary","display_label":"Calgary","map_label":"48062151"},"geometry":{"type":"MultiPolygon","coordinates":[[[[-114.08372916838412,51.04818961081717],[-114.08373358682277,51.048031604738384],[-114.08604740060207,51.04812350422146],[-114.08852530409354,51.048203309753646],[-114.0883990945004,51.048622923384436],[-114.08830568735787,51.048746512675436],[-114.08802539009446,51.04889241917712],[-114.08738668256707,51.049065410449415],[-114.08732230932937,51.04906507354848],[-114.08600297185916,51.049057907011566],[-114.08355407037152,51.048969718088905],[-114.08357308740607,51.048667918472994],[-114.08372916838412,51.04818961081717]]]]}},{"type":"Feature","properties":{"DGUID":"2021S051248062152","DAUID":"48062152","LANDAREA":0.0191,"PRUID":"48","fed_num":"48004","da_code":"48062152","geo_name":"48062152","name_source":{"label":"Statistics Canada Census Profile 2021 DA WDS","url":"https://www12.statcan.gc.ca/wds-sdw/2021profile-profil2021-eng.cfm"},"population":1234,"status":"ok","source":{"label":"Statistics Canada Census Profile 2021 DA WDS","url":"https://www12.statcan.gc.ca/wds-sdw/2021profile-profil2021-eng.cfm"},"community_name":"Calgary","community_source":{"label":"Statistics Canada 2021 census subdivision boundaries (spatial lookup)","url":"https://geo.statcan.gc.ca/geo_wa/rest/services/2021/Cartographic_boundary_files/MapServer/9"},"community_display":"Calgary","is_unorganized":false,"panel_title":"Calgary","display_label":"Calgary","map_label":"48062152"},"geometry":{"type":"MultiPolygon","coordinates":[[[[-114.08604740060207,51.04812350422146],[-114.08613619888308,51.047163301761465],[-114.08867278530563,51.047217526047326],[-114.08852530409354,51.048203309753646],[-114.08604740060207,51.04812350422146]]]]}},{"type":"Feature","properties":{"DGUID":"2021S051248062153","DAUID":"48062153","LANDAREA":0.1278,"PRUID":"48","fed_num":"48004","da_code":"48062153","geo_name":"48062153","name_source":{"label":"Statistics Canada Census Profile 2021 DA WDS","url":"https://www12.statcan.gc.ca/wds-sdw/2021profile-profil2021-eng.cfm"},"population":587,"status":"ok","source":{"label":"Statistics Canada Census Profile 2021 DA WDS","url":"https://www12.statcan.gc.ca/wds-sdw/2021profile-profil2021-eng.cfm"},"community_name":"Calgary","community_source":{"label":"Statistics Canada 2021 census subdivision boundaries (spatial lookup)","url":"https://geo.statcan.gc.ca/geo_wa/rest/services/2021/Cartographic_boundary_files/MapServer/9"},"community_display":"Calgary","is_unorganized":false,"panel_title":"Calgary","display_label":"Calgary","map_label":"48062153"},"geometry":{"type":"MultiPolygon","coordinates":[[[[-114.08374438118405,51.0478483424559],[-114.0837642881391,51.04750960409371],[-114.08366149631675,51.04725912338398],[-114.08366765485881,51.04716143842678],[-114.08373238640624,51.04613182215441],[-114.08379278089093,51.045170918575124],[-114.08147749724913,51.04510409966263],[-114.0813714892065,51.045101395205265],[-114.08140990106406,51.0444909230434],[-114.08142446480424,51.04449140715289],[-114.0815368471364,51.044495015942545],[-114.08814476319822,51.04467830377361],[-114.08880887785313,51.04469740216035],[-114.08879000990598,51.04534951332061],[-114.08870290502853,51.04628281942337],[-114.08867278530563,51.047217526047326],[-114.08613619888308,51.047163301761465],[-114.08604740060207,51.04812350422146],[-114.08373358682277,51.048031604738384],[-114.08374438118405,51.0478483424559]]]]}},{"type":"Feature","properties":{"DGUID":"2021S051248062162","DAUID":"48062162","LANDAREA":0.2169,"PRUID":"48","fed_num":"48004","da_code":"48062162","geo_name":"48062162","name_source":{"label":"Statistics Canada Census Profile 2021 DA WDS","url":"https://www12.statcan.gc.ca/wds-sdw/2021profile-profil2021-eng.cfm"},"population":901,"status":"ok","source":{"label":"Statistics Canada Census Profile 2021 DA WDS","url":"https://www12.statcan.gc.ca/wds-sdw/2021profile-profil2021-eng.cfm"},"community_name":"Calgary","community_source":{"label":"Statistics Canada 2021 census subdivision boundaries (spatial lookup)","url":"https://geo.statcan.gc.ca/geo_wa/rest/services/2021/Cartographic_boundary_files/MapServer/9"},"community_display":"Calgary","is_unorganized":false,"panel_title":"Calgary","display_label":"Calgary","map_label":"48062162"},"geometry":{"type":"MultiPolygon","coordinates":[[[[-114.11454603470702,51.02192757162927],[-114.1144109146012,51.021807269652385],[-114.11428503643258,51.021768177818714],[-114.1146700169023,51.02176867266171],[-114.11467141284558,51.02151688247294],[-114.11467440248488,51.021238177164335],[-114.11460880656713,51.02114657835396],[-114.1144265236583,51.02109708259671],[-114.1139122157863,51.02111138725406],[-114.11369803749854,51.021115082270946],[-114.11359501090483,51.02116646191155],[-114.11382900244257,51.02015586590965],[-114.113867223581,51.01931126579622],[-114.11384844126592,51.01846526911817],[-114.1135790260669,51.017064458718814],[-114.11349252068916,51.01660531149638],[-114.1134717285171,51.016495063056986],[-114.1133439282393,51.0162580506842],[-114.1134353333461,51.01627395077405],[-114.11353010999694,51.01626555641001],[-114.11361612717616,51.01623786180587],[-114.1139497067067,51.01614714861685],[-114.11498152193094,51.01606464803902],[-114.11733361022799,51.016063741348994],[-114.11758640609507,51.01606216159553],[-114.11776402021857,51.01605937571681],[-114.11793381299157,51.016056654419074],[-114.1178710787702,51.01627262980255],[-114.11786120139945,51.016306656597656],[-114.1178669077696,51.01789804955862],[-114.11787052960723,51.01891546559803],[-114.11786479343286,51.01951609276793],[-114.11786431794019,51.019564866166554],[-114.11784964048846,51.02109167513855],[-114.11784093666188,51.02163878927841],[-114.11781691002903,51.023152997454446],[-114.11741467411443,51.0231686818587],[-114.1168636209744,51.023190182906625],[-114.11442520929054,51.02318388166699],[-114.11426862766818,51.02317997073146],[-114.11428172034454,51.02273956526932],[-114.1143515185548,51.022534389291806],[-114.11446792589537,51.022267485939025],[-114.11454603470702,51.02192757162927]]]]}},{"type":"Feature","properties":{"DGUID":"2021S051248062163","DAUID":"48062163","LANDAREA":0.0976,"PRUID":"48","fed_num":"48004","da_code":"48062163","geo_name":"48062163","name_source":{"label":"Statistics Canada Census Profile 2021 DA WDS","url":"https://www12.statcan.gc.ca/wds-sdw/2021profile-profil2021-eng.cfm"},"population":697,"status":"ok","source":{"label":"Statistics Canada Census Profile 2021 DA WDS","url":"https://www12.statcan.gc.ca/wds-sdw/2021profile-profil2021-eng.cfm"},"community_name":"Calgary","community_source":{"label":"Statistics Canada 2021 census subdivision boundaries (spatial lookup)","url":"https://geo.statcan.gc.ca/geo_wa/rest/services/2021/Cartographic_boundary_files/MapServer/9"},"community_display":"Calgary","is_unorganized":false,"panel_title":"Calgary","display_label":"Calgary","map_label":"48062163"},"geometry":{"type":"MultiPolygon","coordinates":[[[[-114.11194414673027,51.02317648214729],[-114.11196282878417,51.02218747107621],[-114.10925331908552,51.02218346603459],[-114.10925191429547,51.02151777812277],[-114.10927603444966,51.020672861224384],[-114.11054503487907,51.02067726442942],[-114.11093173077957,51.02065085607054],[-114.11192150228855,51.020558365762234],[-114.1120245154026,51.02050696362452],[-114.1120352204994,51.02021076341436],[-114.11206355651093,51.01942707805714],[-114.11206413398071,51.01941055918486],[-114.11218251934291,51.01934157484304],[-114.11258343721454,51.01931546551359],[-114.113867223581,51.01931126579622],[-114.11382900244257,51.02015586590965],[-114.11359501090483,51.02116646191155],[-114.11369803749854,51.021115082270946],[-114.1139122157863,51.02111138725406],[-114.1144265236583,51.02109708259671],[-114.11460880656713,51.02114657835396],[-114.11467440248488,51.021238177164335],[-114.11467141284558,51.02151688247294],[-114.1146700169023,51.02176867266171],[-114.11428503643258,51.021768177818714],[-114.1144109146012,51.021807269652385],[-114.11454603470702,51.02192757162927],[-114.11446792589537,51.022267485939025],[-114.1143515185548,51.022534389291806],[-114.11428172034454,51.02273956526932],[-114.11426862766818,51.02317997073146],[-114.11194414673027,51.02317648214729]]]]}},{"type":"Feature","properties":{"DGUID":"2021S051248062164","DAUID":"48062164","LANDAREA":0.1056,"PRUID":"48","fed_num":"48004","da_code":"48062164","geo_name":"48062164","name_source":{"label":"Statistics Canada Census Profile 2021 DA WDS","url":"https://www12.statcan.gc.ca/wds-sdw/2021profile-profil2021-eng.cfm"},"population":561,"status":"ok","source":{"label":"Statistics Canada Census Profile 2021 DA WDS","url":"https://www12.statcan.gc.ca/wds-sdw/2021profile-profil2021-eng.cfm"},"community_name":"Calgary","community_source":{"label":"Statistics Canada 2021 census subdivision boundaries (spatial lookup)","url":"https://geo.statcan.gc.ca/geo_wa/rest/services/2021/Cartographic_boundary_files/MapServer/9"},"community_display":"Calgary","is_unorganized":false,"panel_title":"Calgary","display_label":"Calgary","map_label":"48062164"},"geometry":{"type":"MultiPolygon","coordinates":[[[[-114.10926850606964,51.02056476643318],[-114.1092389002541,51.01966446344952],[-114.10920882892147,51.01877324819001],[-114.10918040510681,51.01785505419795],[-114.10917850050645,51.017657156802],[-114.10919581773246,51.016919949999476],[-114.10987869734653,51.016945862355136],[-114.11106242938843,51.01717305894538],[-114.11183690256655,51.017561070448636],[-114.1119173211111,51.01764396968756],[-114.11221433184261,51.017453448131995],[-114.11274643092055,51.01715175038956],[-114.11306362999868,51.01709664604517],[-114.1135790260669,51.017064458718814],[-114.11384844126592,51.01846526911817],[-114.113867223581,51.01931126579622],[-114.11258343721454,51.01931546551359],[-114.11218251934291,51.01934157484304],[-114.11206413398071,51.01941055918486],[-114.11206355651093,51.01942707805714],[-114.1120352204994,51.02021076341436],[-114.1120245154026,51.02050696362452],[-114.11192150228855,51.020558365762234],[-114.11093173077957,51.02065085607054],[-114.11054503487907,51.02067726442942],[-114.10927603444966,51.020672861224384],[-114.10926850606964,51.02056476643318]]]]}},{"type":"Feature","properties":{"DGUID":"2021S051248062510","DAUID":"48062510","LANDAREA":0.0303,"PRUID":"48","fed_num":"48004","da_code":"48062510","geo_name":"48062510","name_source":{"label":"Statistics Canada Census Profile 2021 DA WDS","url":"https://www12.statcan.gc.ca/wds-sdw/2021profile-profil2021-eng.cfm"},"population":507,"status":"ok","source":{"label":"Statistics Canada Census Profile 2021 DA WDS","url":"https://www12.statcan.gc.ca/wds-sdw/2021profile-profil2021-eng.cfm"},"community_name":"Calgary","community_source":{"label":"Statistics Canada 2021 census subdivision boundaries (spatial lookup)","url":"https://geo.statcan.gc.ca/geo_wa/rest/services/2021/Cartographic_boundary_files/MapServer/9"},"community_display":"Calgary","is_unorganized":false,"panel_title":"Calgary","display_label":"Calgary","map_label":"48062510"},"geometry":{"type":"MultiPolygon","coordinates":[[[[-114.06376966634654,51.03858988471772],[-114.06379464656813,51.03782230074784],[-114.06607726932015,51.037845977942254],[-114.06602557129928,51.03866328894944],[-114.06592438202016,51.0395871964624],[-114.06370961672175,51.03952333830121],[-114.06376966634654,51.03858988471772]]]]}},{"type":"Feature","properties":{"DGUID":"2021S051248062511","DAUID":"48062511","LANDAREA":0.086,"PRUID":"48","fed_num":"48004","da_code":"48062511","geo_name":"48062511","name_source":{"label":"Statistics Canada Census Profile 2021 DA WDS","url":"https://www12.statcan.gc.ca/wds-sdw/2021profile-profil2021-eng.cfm"},"population":518,"status":"ok","source":{"label":"Statistics Canada Census Profile 2021 DA WDS","url":"https://www12.statcan.gc.ca/wds-sdw/2021profile-profil2021-eng.cfm"},"community_name":"Calgary","community_source":{"label":"Statistics Canada 2021 census subdivision boundaries (spatial lookup)","url":"https://geo.statcan.gc.ca/geo_wa/rest/services/2021/Cartographic_boundary_files/MapServer/9"},"community_display":"Calgary","is_unorganized":false,"panel_title":"Calgary","display_label":"Calgary","map_label":"48062511"},"geometry":{"type":"MultiPolygon","coordinates":[[[[-114.06379464656813,51.03782230074784],[-114.06384123258566,51.03700854413501],[-114.06573427324808,51.037072172366834],[-114.06579600338814,51.036201875295426],[-114.06594239077153,51.036142570993555],[-114.06860707768404,51.03619147552358],[-114.0715264837142,51.03627378907608],[-114.07152728162501,51.03693939357177],[-114.07152569089608,51.03719117783172],[-114.07152698556773,51.037847886713905],[-114.06853120639883,51.037844693000565],[-114.06607726932015,51.037845977942254],[-114.06379464656813,51.03782230074784]]]]}},{"type":"Feature","properties":{"DGUID":"2021S051248062512","DAUID":"48062512","LANDAREA":0.4709,"PRUID":"48","fed_num":"48004","da_code":"48062512","geo_name":"48062512","name_source":{"label":"Statistics Canada Census Profile 2021 DA WDS","url":"https://www12.statcan.gc.ca/wds-sdw/2021profile-profil2021-eng.cfm"},"population":0,"status":"ok","source":{"label":"Statistics Canada Census Profile 2021 DA WDS","url":"https://www12.statcan.gc.ca/wds-sdw/2021profile-profil2021-eng.cfm"},"community_name":"Calgary","community_source":{"label":"Statistics Canada 2021 census subdivision boundaries (spatial lookup)","url":"https://geo.statcan.gc.ca/geo_wa/rest/services/2021/Cartographic_boundary_files/MapServer/9"},"community_display":"Calgary","is_unorganized":false,"panel_title":"Calgary","display_label":"Calgary","map_label":"48062512"},"geometry":{"type":"MultiPolygon","coordinates":[[[[-114.05111850291232,51.03064532565866],[-114.05154989734513,51.03039071513708],[-114.0518928778906,51.03032393017995],[-114.05202908998471,51.03032581400444],[-114.05210967430857,51.03034139028473],[-114.05244420087838,51.03040613052861],[-114.05253267111496,51.03045846916986],[-114.05331188305034,51.03091951618552],[-114.05450750501862,51.031795523931024],[-114.05672525715562,51.03280597385855],[-114.05681008665694,51.032844637321645],[-114.05793361187399,51.03345031815859],[-114.05872428675417,51.03395982611002],[-114.05896871280515,51.03424392322788],[-114.05908297631096,51.03435432971319],[-114.05916239261853,51.034482062952314],[-114.05936679417421,51.03481083117311],[-114.0602719923597,51.03555392483806],[-114.06081957966884,51.03587374100946],[-114.06110178997075,51.03598942759241],[-114.06125621979925,51.03602586344247],[-114.06124508218716,51.03620256426947],[-114.06119887475666,51.03693177485446],[-114.06118859521067,51.03709346647506],[-114.0611413661316,51.037838772068],[-114.05871539872754,51.03784967819164],[-114.05658469597346,51.03796940624963],[-114.05373754050785,51.03796808546742],[-114.05278419825957,51.03796516046113],[-114.0517720513834,51.037965357210936],[-114.05003952826259,51.0379120173192],[-114.05002309506291,51.03791055381947],[-114.04934824462927,51.03784964218556],[-114.04941290659733,51.037782316245156],[-114.04985557549566,51.03721282809512],[-114.04992577552714,51.036930011408835],[-114.04996677797826,51.036764729316296],[-114.0500601869048,51.0364337255482],[-114.05000417968189,51.0357053173403],[-114.05015009279893,51.03517462427724],[-114.05015268072633,51.03484241905911],[-114.04974090528586,51.033510422116144],[-114.04976319385169,51.03288052593622],[-114.04991859597004,51.032338519805684],[-114.05006388013273,51.03208273128831],[-114.05025360623618,51.031856314002766],[-114.05047979595618,51.03136681962195],[-114.05067680420956,51.031063021134784],[-114.05111850291232,51.03064532565866]]]]}},{"type":"Feature","properties":{"DGUID":"2021S051248062513","DAUID":"48062513","LANDAREA":0.1256,"PRUID":"48","fed_num":"48004","da_code":"48062513","geo_name":"48062513","name_source":{"label":"Statistics Canada Census Profile 2021 DA WDS","url":"https://www12.statcan.gc.ca/wds-sdw/2021profile-profil2021-eng.cfm"},"population":735,"status":"ok","source":{"label":"Statistics Canada Census Profile 2021 DA WDS","url":"https://www12.statcan.gc.ca/wds-sdw/2021profile-profil2021-eng.cfm"},"community_name":"Calgary","community_source":{"label":"Statistics Canada 2021 census subdivision boundaries (spatial lookup)","url":"https://geo.statcan.gc.ca/geo_wa/rest/services/2021/Cartographic_boundary_files/MapServer/9"},"community_display":"Calgary","is_unorganized":false,"panel_title":"Calgary","display_label":"Calgary","map_label":"48062513"},"geometry":{"type":"MultiPolygon","coordinates":[[[[-114.06860707768404,51.03619147552358],[-114.06594239077153,51.036142570993555],[-114.06579600338814,51.036201875295426],[-114.06573427324808,51.037072172366834],[-114.06384123258566,51.03700854413501],[-114.06379464656813,51.03782230074784],[-114.06372105625934,51.03782153431959],[-114.06363929665604,51.03782068708983],[-114.0611413661316,51.037838772068],[-114.06118859521067,51.03709346647506],[-114.06119887475666,51.03693177485446],[-114.06124508218716,51.03620256426947],[-114.06125621979925,51.03602586344247],[-114.0614757003184,51.036077635533104],[-114.06275969700509,51.0359981433926],[-114.06362687390701,51.03614193383959],[-114.06399858518796,51.036164338178835],[-114.06473761542728,51.036077136368675],[-114.06492129151638,51.03602243958996],[-114.06583718188543,51.03568283390054],[-114.06610289620494,51.03548882337199],[-114.06706470221117,51.034874947650785],[-114.06736708823613,51.034541125343196],[-114.06751750629311,51.034265330004196],[-114.06782940451643,51.03427407327399],[-114.0687551947253,51.03429728390811],[-114.07153211026682,51.03437597454787],[-114.0715260961855,51.0351493665405],[-114.07152840305278,51.03533838471615],[-114.07152749005876,51.036030978279804],[-114.0715264837142,51.03627378907608],[-114.06860707768404,51.03619147552358]]]]}},{"type":"Feature","properties":{"DGUID":"2021S051248062743","DAUID":"48062743","LANDAREA":0.1054,"PRUID":"48","fed_num":"48004","da_code":"48062743","geo_name":"48062743","name_source":{"label":"Statistics Canada Census Profile 2021 DA WDS","url":"https://www12.statcan.gc.ca/wds-sdw/2021profile-profil2021-eng.cfm"},"population":512,"status":"ok","source":{"label":"Statistics Canada Census Profile 2021 DA WDS","url":"https://www12.statcan.gc.ca/wds-sdw/2021profile-profil2021-eng.cfm"},"community_name":"Calgary","community_source":{"label":"Statistics Canada 2021 census subdivision boundaries (spatial lookup)","url":"https://geo.statcan.gc.ca/geo_wa/rest/services/2021/Cartographic_boundary_files/MapServer/9"},"community_display":"Calgary","is_unorganized":false,"panel_title":"Calgary","display_label":"Calgary","map_label":"48062743"},"geometry":{"type":"MultiPolygon","coordinates":[[[[-114.12228932425076,51.03160820264203],[-114.12228483537349,51.0300700164268],[-114.12375392489461,51.03007019985212],[-114.12519413083959,51.030078716691634],[-114.12519934509172,51.03160800249986],[-114.12520330993522,51.03315521087997],[-114.1252068292997,51.034711316370704],[-114.12378024936356,51.03471221352511],[-114.12229612009685,51.034720602891795],[-114.12229321605318,51.03315540261569],[-114.12228932425076,51.03160820264203]]]]}},{"type":"Feature","properties":{"DGUID":"2021S051248062750","DAUID":"48062750","LANDAREA":0.1697,"PRUID":"48","fed_num":"48004","da_code":"48062750","geo_name":"48062750","name_source":{"label":"Statistics Canada Census Profile 2021 DA WDS","url":"https://www12.statcan.gc.ca/wds-sdw/2021profile-profil2021-eng.cfm"},"population":618,"status":"ok","source":{"label":"Statistics Canada Census Profile 2021 DA WDS","url":"https://www12.statcan.gc.ca/wds-sdw/2021profile-profil2021-eng.cfm"},"community_name":"Calgary","community_source":{"label":"Statistics Canada 2021 census subdivision boundaries (spatial lookup)","url":"https://geo.statcan.gc.ca/geo_wa/rest/services/2021/Cartographic_boundary_files/MapServer/9"},"community_display":"Calgary","is_unorganized":false,"panel_title":"Calgary","display_label":"Calgary","map_label":"48062750"},"geometry":{"type":"MultiPolygon","coordinates":[[[[-114.1280600273312,51.02640741286833],[-114.12957172368098,51.02594979788665],[-114.12958074738093,51.026957497267645],[-114.12957013336137,51.02851330989475],[-114.12955844265885,51.030087115835904],[-114.12811835584698,51.03007871706209],[-114.12664913389561,51.03007851840685],[-114.12519413083959,51.030078716691634],[-114.12375392489461,51.03007019985212],[-114.12228483537349,51.0300700164268],[-114.12226771745776,51.02850450307689],[-114.12229534763205,51.0282892946525],[-114.12236193268346,51.0282648834302],[-114.12373692917382,51.02781209937583],[-114.12519334360351,51.02732631207797],[-114.126650352446,51.02683140728416],[-114.1280600273312,51.02640741286833]]]]}},{"type":"Feature","properties":{"DGUID":"2021S051248062751","DAUID":"48062751","LANDAREA":0.0403,"PRUID":"48","fed_num":"48004","da_code":"48062751","geo_name":"48062751","name_source":{"label":"Statistics Canada Census Profile 2021 DA WDS","url":"https://www12.statcan.gc.ca/wds-sdw/2021profile-profil2021-eng.cfm"},"population":390,"status":"ok","source":{"label":"Statistics Canada Census Profile 2021 DA WDS","url":"https://www12.statcan.gc.ca/wds-sdw/2021profile-profil2021-eng.cfm"},"community_name":"Calgary","community_source":{"label":"Statistics Canada 2021 census subdivision boundaries (spatial lookup)","url":"https://geo.statcan.gc.ca/geo_wa/rest/services/2021/Cartographic_boundary_files/MapServer/9"},"community_display":"Calgary","is_unorganized":false,"panel_title":"Calgary","display_label":"Calgary","map_label":"48062751"},"geometry":{"type":"MultiPolygon","coordinates":[[[[-114.09154561593816,51.037808506262884],[-114.09159592733621,51.03655050350268],[-114.0930527313284,51.03652379999116],[-114.09305110235405,51.03586720068542],[-114.09472042563658,51.035863707062596],[-114.09471930938504,51.03656530763272],[-114.09472611199722,51.03782469747915],[-114.0930999280921,51.03782029905428],[-114.09173080730922,51.03781319042177],[-114.09154561593816,51.037808506262884]]]]}},{"type":"Feature","properties":{"DGUID":"2021S051248062753","DAUID":"48062753","LANDAREA":0.0319,"PRUID":"48","fed_num":"48004","da_code":"48062753","geo_name":"48062753","name_source":{"label":"Statistics Canada Census Profile 2021 DA WDS","url":"https://www12.statcan.gc.ca/wds-sdw/2021profile-profil2021-eng.cfm"},"population":398,"status":"ok","source":{"label":"Statistics Canada Census Profile 2021 DA WDS","url":"https://www12.statcan.gc.ca/wds-sdw/2021profile-profil2021-eng.cfm"},"community_name":"Calgary","community_source":{"label":"Statistics Canada 2021 census subdivision boundaries (spatial lookup)","url":"https://geo.statcan.gc.ca/geo_wa/rest/services/2021/Cartographic_boundary_files/MapServer/9"},"community_display":"Calgary","is_unorganized":false,"panel_title":"Calgary","display_label":"Calgary","map_label":"48062753"},"geometry":{"type":"MultiPolygon","coordinates":[[[[-114.0885634956417,51.037815189423114],[-114.08856639881861,51.03640309574206],[-114.09006321578319,51.03642240209895],[-114.09159592733621,51.03655050350268],[-114.09154561593816,51.037808506262884],[-114.09006189882675,51.03780759736285],[-114.08926310981451,51.03780558922611],[-114.0885634956417,51.037815189423114]]]]}},{"type":"Feature","properties":{"DGUID":"2021S051248062755","DAUID":"48062755","LANDAREA":0.0332,"PRUID":"48","fed_num":"48004","da_code":"48062755","geo_name":"48062755","name_source":{"label":"Statistics Canada Census Profile 2021 DA WDS","url":"https://www12.statcan.gc.ca/wds-sdw/2021profile-profil2021-eng.cfm"},"population":506,"status":"ok","source":{"label":"Statistics Canada Census Profile 2021 DA WDS","url":"https://www12.statcan.gc.ca/wds-sdw/2021profile-profil2021-eng.cfm"},"community_name":"Calgary","community_source":{"label":"Statistics Canada 2021 census subdivision boundaries (spatial lookup)","url":"https://geo.statcan.gc.ca/geo_wa/rest/services/2021/Cartographic_boundary_files/MapServer/9"},"community_display":"Calgary","is_unorganized":false,"panel_title":"Calgary","display_label":"Calgary","map_label":"48062755"},"geometry":{"type":"MultiPolygon","coordinates":[[[[-114.08570225926576,51.03657267783514],[-114.08570741439907,51.0362687814301],[-114.08676250170355,51.03627709711816],[-114.0870587952191,51.036329491155215],[-114.08802352380303,51.03641648621009],[-114.08856639881861,51.03640309574206],[-114.0885634956417,51.037815189423114],[-114.08705129731395,51.037813398079],[-114.0867659247277,51.03781530211353],[-114.08568100313343,51.03782421027932],[-114.08569899347266,51.03676365248862],[-114.08570225926576,51.03657267783514]]]]}},{"type":"Feature","properties":{"DGUID":"2021S051248062757","DAUID":"48062757","LANDAREA":0.1121,"PRUID":"48","fed_num":"48004","da_code":"48062757","geo_name":"48062757","name_source":{"label":"Statistics Canada Census Profile 2021 DA WDS","url":"https://www12.statcan.gc.ca/wds-sdw/2021profile-profil2021-eng.cfm"},"population":479,"status":"ok","source":{"label":"Statistics Canada Census Profile 2021 DA WDS","url":"https://www12.statcan.gc.ca/wds-sdw/2021profile-profil2021-eng.cfm"},"community_name":"Calgary","community_source":{"label":"Statistics Canada 2021 census subdivision boundaries (spatial lookup)","url":"https://geo.statcan.gc.ca/geo_wa/rest/services/2021/Cartographic_boundary_files/MapServer/9"},"community_display":"Calgary","is_unorganized":false,"panel_title":"Calgary","display_label":"Calgary","map_label":"48062757"},"geometry":{"type":"MultiPolygon","coordinates":[[[[-114.09159592733621,51.03655050350268],[-114.09006321578319,51.03642240209895],[-114.08856639881861,51.03640309574206],[-114.08802352380303,51.03641648621009],[-114.0870587952191,51.036329491155215],[-114.0870316119552,51.03562720747884],[-114.08714020899536,51.035261081141606],[-114.08697920455039,51.034870303340576],[-114.08853462467646,51.03486409708471],[-114.08902223053633,51.03482228197543],[-114.08956672966559,51.03455709261196],[-114.09003322618298,51.03439779990284],[-114.09082781018215,51.034237703076634],[-114.09143500808683,51.03420045313253],[-114.0915582052289,51.03419288527728],[-114.09208680329522,51.034179085983396],[-114.09307992469168,51.034266796194245],[-114.09472020696225,51.034271584359075],[-114.09471853971219,51.03498220274405],[-114.09472042563658,51.035863707062596],[-114.09305110235405,51.03586720068542],[-114.0930527313284,51.03652379999116],[-114.09159592733621,51.03655050350268]]]]}},{"type":"Feature","properties":{"DGUID":"2021S051248062759","DAUID":"48062759","LANDAREA":0.0272,"PRUID":"48","fed_num":"48004","da_code":"48062759","geo_name":"48062759","name_source":{"label":"Statistics Canada Census Profile 2021 DA WDS","url":"https://www12.statcan.gc.ca/wds-sdw/2021profile-profil2021-eng.cfm"},"population":390,"status":"ok","source":{"label":"Statistics Canada Census Profile 2021 DA WDS","url":"https://www12.statcan.gc.ca/wds-sdw/2021profile-profil2021-eng.cfm"},"community_name":"Calgary","community_source":{"label":"Statistics Canada 2021 census subdivision boundaries (spatial lookup)","url":"https://geo.statcan.gc.ca/geo_wa/rest/services/2021/Cartographic_boundary_files/MapServer/9"},"community_display":"Calgary","is_unorganized":false,"panel_title":"Calgary","display_label":"Calgary","map_label":"48062759"},"geometry":{"type":"MultiPolygon","coordinates":[[[[-114.08192888316582,51.0353288817759],[-114.08208310364255,51.03514389170442],[-114.08255261196634,51.035164587956196],[-114.0833741995349,51.03525709076211],[-114.08426031804142,51.035459094808104],[-114.08441239500104,51.03553478373923],[-114.08496170574921,51.03564748196702],[-114.0870316119552,51.03562720747884],[-114.0870587952191,51.036329491155215],[-114.08676250170355,51.03627709711816],[-114.08570741439907,51.0362687814301],[-114.08529543220594,51.036240502636055],[-114.08476490346608,51.03605638366467],[-114.0843243848803,51.036027385507325],[-114.081827305576,51.036036893625],[-114.08185890679316,51.03553398600195],[-114.08192888316582,51.0353288817759]]]]}},{"type":"Feature","properties":{"DGUID":"2021S051248062760","DAUID":"48062760","LANDAREA":0.3151,"PRUID":"48","fed_num":"48004","da_code":"48062760","geo_name":"48062760","name_source":{"label":"Statistics Canada Census Profile 2021 DA WDS","url":"https://www12.statcan.gc.ca/wds-sdw/2021profile-profil2021-eng.cfm"},"population":506,"status":"ok","source":{"label":"Statistics Canada Census Profile 2021 DA WDS","url":"https://www12.statcan.gc.ca/wds-sdw/2021profile-profil2021-eng.cfm"},"community_name":"Calgary","community_source":{"label":"Statistics Canada 2021 census subdivision boundaries (spatial lookup)","url":"https://geo.statcan.gc.ca/geo_wa/rest/services/2021/Cartographic_boundary_files/MapServer/9"},"community_display":"Calgary","is_unorganized":false,"panel_title":"Calgary","display_label":"Calgary","map_label":"48062760"},"geometry":{"type":"MultiPolygon","coordinates":[[[[-114.08441239500104,51.03553478373923],[-114.08426031804142,51.035459094808104],[-114.0833741995349,51.03525709076211],[-114.08255261196634,51.035164587956196],[-114.08208310364255,51.03514389170442],[-114.08243779336698,51.03472099422919],[-114.08263468976305,51.03431208126691],[-114.08275422397175,51.034000292636186],[-114.08294150440624,51.03374409941796],[-114.08263359852961,51.03342159323402],[-114.08179899321385,51.032402276755626],[-114.0815556206717,51.03218927733858],[-114.08130430506658,51.0321020958059],[-114.07957869290354,51.03209489312253],[-114.07936220316208,51.03213446989787],[-114.07936012006067,51.03126188166069],[-114.08071588847676,51.0312508887869],[-114.0836389889965,51.0312698882635],[-114.0836219141216,51.03040598339003],[-114.08359980255824,51.02962287186566],[-114.08346419284938,51.02953376883099],[-114.08333791994114,51.02946347616077],[-114.0833016873005,51.02936347171199],[-114.08323609400843,51.02928097724022],[-114.08340548373812,51.02929717185806],[-114.08350390524384,51.0292896838885],[-114.08363361508115,51.02932396841101],[-114.08389182026676,51.02928837213847],[-114.08500019954239,51.02912719213468],[-114.08605669641861,51.02956727532766],[-114.08621972477074,51.02946737428302],[-114.08623601417163,51.029396168435795],[-114.08627570815598,51.029327984939464],[-114.08634592157752,51.02928927646483],[-114.08645381167602,51.02925168858068],[-114.08654741189252,51.029313787973734],[-114.0866339066964,51.02939117761876],[-114.08772282880139,51.029383986473206],[-114.08838661183033,51.02949047887657],[-114.0889722977461,51.0297029723257],[-114.08895632680289,51.03041318151033],[-114.08896063306857,51.032392181800155],[-114.08928821641187,51.03240028229801],[-114.08928240973626,51.03385739470567],[-114.08929911802647,51.034046702288556],[-114.08946269983294,51.034167683648526],[-114.09003322618298,51.03439779990284],[-114.08956672966559,51.03455709261196],[-114.08902223053633,51.03482228197543],[-114.08853462467646,51.03486409708471],[-114.08697920455039,51.034870303340576],[-114.08714020899536,51.035261081141606],[-114.0870316119552,51.03562720747884],[-114.08496170574921,51.03564748196702],[-114.08441239500104,51.03553478373923]]]]}},{"type":"Feature","properties":{"DGUID":"2021S051248062762","DAUID":"48062762","LANDAREA":0.1134,"PRUID":"48","fed_num":"48004","da_code":"48062762","geo_name":"48062762","name_source":{"label":"Statistics Canada Census Profile 2021 DA WDS","url":"https://www12.statcan.gc.ca/wds-sdw/2021profile-profil2021-eng.cfm"},"population":609,"status":"ok","source":{"label":"Statistics Canada Census Profile 2021 DA WDS","url":"https://www12.statcan.gc.ca/wds-sdw/2021profile-profil2021-eng.cfm"},"community_name":"Calgary","community_source":{"label":"Statistics Canada 2021 census subdivision boundaries (spatial lookup)","url":"https://geo.statcan.gc.ca/geo_wa/rest/services/2021/Cartographic_boundary_files/MapServer/9"},"community_display":"Calgary","is_unorganized":false,"panel_title":"Calgary","display_label":"Calgary","map_label":"48062762"},"geometry":{"type":"MultiPolygon","coordinates":[[[[-114.07152698556773,51.037847886713905],[-114.07152569089608,51.03719117783172],[-114.07152728162501,51.03693939357177],[-114.0715264837142,51.03627378907608],[-114.07152749005876,51.036030978279804],[-114.07420929736722,51.03603519087206],[-114.0741939746725,51.03627768453066],[-114.07554939277581,51.03627569123521],[-114.0755784823152,51.03483018983688],[-114.07575449586437,51.03483257354941],[-114.0761744375557,51.0349458779274],[-114.07682049850378,51.035120192913354],[-114.07715959911835,51.0351735776186],[-114.07778679112138,51.03518028849819],[-114.0783149829261,51.03517558083285],[-114.0783054866018,51.037819783439915],[-114.07692149254332,51.037821202322746],[-114.07557967974745,51.037832497339394],[-114.07450918396319,51.037841690437574],[-114.07435189166497,51.03784678956357],[-114.0742094882463,51.03784318422973],[-114.07152698556773,51.037847886713905]]]]}},{"type":"Feature","properties":{"DGUID":"2021S051248062763","DAUID":"48062763","LANDAREA":0.0729,"PRUID":"48","fed_num":"48004","da_code":"48062763","geo_name":"48062763","name_source":{"label":"Statistics Canada Census Profile 2021 DA WDS","url":"https://www12.statcan.gc.ca/wds-sdw/2021profile-profil2021-eng.cfm"},"population":821,"status":"ok","source":{"label":"Statistics Canada Census Profile 2021 DA WDS","url":"https://www12.statcan.gc.ca/wds-sdw/2021profile-profil2021-eng.cfm"},"community_name":"Calgary","community_source":{"label":"Statistics Canada 2021 census subdivision boundaries (spatial lookup)","url":"https://geo.statcan.gc.ca/geo_wa/rest/services/2021/Cartographic_boundary_files/MapServer/9"},"community_display":"Calgary","is_unorganized":false,"panel_title":"Calgary","display_label":"Calgary","map_label":"48062763"},"geometry":{"type":"MultiPolygon","coordinates":[[[[-114.0783054866018,51.037819783439915],[-114.0783149829261,51.03517558083285],[-114.07937069934381,51.03517498406827],[-114.08165251145212,51.03518709015294],[-114.08208310364255,51.03514389170442],[-114.08192888316582,51.0353288817759],[-114.08185890679316,51.03553398600195],[-114.081827305576,51.036036893625],[-114.08182839661822,51.03692749539846],[-114.08179979003472,51.03783518984963],[-114.07941817454704,51.03782068891819],[-114.0783054866018,51.037819783439915]]]]}},{"type":"Feature","properties":{"DGUID":"2021S051248062765","DAUID":"48062765","LANDAREA":0.1482,"PRUID":"48","fed_num":"48004","da_code":"48062765","geo_name":"48062765","name_source":{"label":"Statistics Canada Census Profile 2021 DA WDS","url":"https://www12.statcan.gc.ca/wds-sdw/2021profile-profil2021-eng.cfm"},"population":340,"status":"ok","source":{"label":"Statistics Canada Census Profile 2021 DA WDS","url":"https://www12.statcan.gc.ca/wds-sdw/2021profile-profil2021-eng.cfm"},"community_name":"Calgary","community_source":{"label":"Statistics Canada 2021 census subdivision boundaries (spatial lookup)","url":"https://geo.statcan.gc.ca/geo_wa/rest/services/2021/Cartographic_boundary_files/MapServer/9"},"community_display":"Calgary","is_unorganized":false,"panel_title":"Calgary","display_label":"Calgary","map_label":"48062765"},"geometry":{"type":"MultiPolygon","coordinates":[[[[-114.0767036304201,51.03432702160831],[-114.0769572978001,51.03158856683591],[-114.07739148284813,51.03171637549025],[-114.07769618269784,51.03163408123491],[-114.07825950559281,51.03129737236598],[-114.07838988271035,51.031264683095614],[-114.07936012006067,51.03126188166069],[-114.07936220316208,51.03213446989787],[-114.07957869290354,51.03209489312253],[-114.08130430506658,51.0321020958059],[-114.0815556206717,51.03218927733858],[-114.08179899321385,51.032402276755626],[-114.08263359852961,51.03342159323402],[-114.08294150440624,51.03374409941796],[-114.08275422397175,51.034000292636186],[-114.08263468976305,51.03431208126691],[-114.08243779336698,51.03472099422919],[-114.08208310364255,51.03514389170442],[-114.08165251145212,51.03518709015294],[-114.07937069934381,51.03517498406827],[-114.0783149829261,51.03517558083285],[-114.07778679112138,51.03518028849819],[-114.07715959911835,51.0351735776186],[-114.07682049850378,51.035120192913354],[-114.0761744375557,51.0349458779274],[-114.0767036304201,51.03432702160831]]]]}},{"type":"Feature","properties":{"DGUID":"2021S051248062766","DAUID":"48062766","LANDAREA":0.1631,"PRUID":"48","fed_num":"48004","da_code":"48062766","geo_name":"48062766","name_source":{"label":"Statistics Canada Census Profile 2021 DA WDS","url":"https://www12.statcan.gc.ca/wds-sdw/2021profile-profil2021-eng.cfm"},"population":690,"status":"ok","source":{"label":"Statistics Canada Census Profile 2021 DA WDS","url":"https://www12.statcan.gc.ca/wds-sdw/2021profile-profil2021-eng.cfm"},"community_name":"Calgary","community_source":{"label":"Statistics Canada 2021 census subdivision boundaries (spatial lookup)","url":"https://geo.statcan.gc.ca/geo_wa/rest/services/2021/Cartographic_boundary_files/MapServer/9"},"community_display":"Calgary","is_unorganized":false,"panel_title":"Calgary","display_label":"Calgary","map_label":"48062766"},"geometry":{"type":"MultiPolygon","coordinates":[[[[-114.07152589237528,51.031533464967566],[-114.07153127382026,51.030544167024246],[-114.07332628218433,51.03058016525598],[-114.0742383837334,51.03059397556051],[-114.07438060763496,51.03014775681015],[-114.07448417548423,51.030087469778074],[-114.07482999719743,51.03003316186128],[-114.07516840533187,51.03009556684273],[-114.07574338123733,51.030478764635326],[-114.07639429595397,51.031241663579436],[-114.0767487962597,51.031502368827304],[-114.0769572978001,51.03158856683591],[-114.0767036304201,51.03432702160831],[-114.0761744375557,51.0349458779274],[-114.07575449586437,51.03483257354941],[-114.0755784823152,51.03483018983688],[-114.07420078979861,51.034811672678146],[-114.07419317765972,51.034253773549516],[-114.07153998915307,51.034250288762834],[-114.07153918353517,51.03343520772103],[-114.0715390917631,51.03335978464725],[-114.07153821438153,51.03246916843792],[-114.07152589237528,51.031533464967566]]]]}},{"type":"Feature","properties":{"DGUID":"2021S051248062768","DAUID":"48062768","LANDAREA":0.1099,"PRUID":"48","fed_num":"48004","da_code":"48062768","geo_name":"48062768","name_source":{"label":"Statistics Canada Census Profile 2021 DA WDS","url":"https://www12.statcan.gc.ca/wds-sdw/2021profile-profil2021-eng.cfm"},"population":143,"status":"ok","source":{"label":"Statistics Canada Census Profile 2021 DA WDS","url":"https://www12.statcan.gc.ca/wds-sdw/2021profile-profil2021-eng.cfm"},"community_name":"Calgary","community_source":{"label":"Statistics Canada 2021 census subdivision boundaries (spatial lookup)","url":"https://geo.statcan.gc.ca/geo_wa/rest/services/2021/Cartographic_boundary_files/MapServer/9"},"community_display":"Calgary","is_unorganized":false,"panel_title":"Calgary","display_label":"Calgary","map_label":"48062768"},"geometry":{"type":"MultiPolygon","coordinates":[[[[-114.05324938513985,51.04529458253914],[-114.05071418080185,51.045221568291936],[-114.0507710767406,51.04473516598365],[-114.05081799836951,51.04426176055463],[-114.0497352976015,51.04423446361173],[-114.0483756899419,51.04407416045375],[-114.0475117678675,51.043971366606975],[-114.04454990921771,51.04387847925439],[-114.04383761033924,51.04386036659483],[-114.04305468833114,51.043712877201706],[-114.04304104464548,51.04370958901754],[-114.0427144804694,51.04363099266258],[-114.04278567313025,51.04358965342136],[-114.0428609196323,51.04352860918813],[-114.04289344078632,51.0434704177351],[-114.04295862663513,51.0433537540949],[-114.04298963915268,51.0432982484012],[-114.04305855176003,51.043237884459145],[-114.0431548848566,51.04325658221437],[-114.04342885647499,51.043306758313385],[-114.04357036138782,51.04332851172079],[-114.04483096514302,51.04341057414104],[-114.04544519341272,51.043434249874146],[-114.04580416127862,51.04343611572514],[-114.04701216421373,51.043469033373206],[-114.04854695363674,51.04351114212756],[-114.05316069182004,51.04364286999089],[-114.05336167795606,51.043648771733864],[-114.05409250619901,51.043670168752776],[-114.05503504484395,51.04369500026877],[-114.05614025496394,51.043728420298656],[-114.05700339884936,51.04375233127847],[-114.05757039627267,51.043767631745666],[-114.05784707286502,51.04378449945834],[-114.05827442031064,51.043787271585224],[-114.05823836414768,51.044475995767385],[-114.05644359995713,51.04441780822188],[-114.05574650170527,51.044395188627995],[-114.0556703125025,51.04536491029754],[-114.05463608309292,51.045319688771755],[-114.05324938513985,51.04529458253914]]]]}},{"type":"Feature","properties":{"DGUID":"2021S051248062769","DAUID":"48062769","LANDAREA":0.5476,"PRUID":"48","fed_num":"48004","da_code":"48062769","geo_name":"48062769","name_source":{"label":"Statistics Canada Census Profile 2021 DA WDS","url":"https://www12.statcan.gc.ca/wds-sdw/2021profile-profil2021-eng.cfm"},"population":980,"status":"ok","source":{"label":"Statistics Canada Census Profile 2021 DA WDS","url":"https://www12.statcan.gc.ca/wds-sdw/2021profile-profil2021-eng.cfm"},"community_name":"Calgary","community_source":{"label":"Statistics Canada 2021 census subdivision boundaries (spatial lookup)","url":"https://geo.statcan.gc.ca/geo_wa/rest/services/2021/Cartographic_boundary_files/MapServer/9"},"community_display":"Calgary","is_unorganized":false,"panel_title":"Calgary","display_label":"Calgary","map_label":"48062769"},"geometry":{"type":"MultiPolygon","coordinates":[[[[-114.0492336849137,51.037968933069656],[-114.04934824462927,51.03784964218556],[-114.05002309506291,51.03791055381947],[-114.05003952826259,51.0379120173192],[-114.0517720513834,51.037965357210936],[-114.05278419825957,51.03796516046113],[-114.05373754050785,51.03796808546742],[-114.05658469597346,51.03796940624963],[-114.05871539872754,51.03784967819164],[-114.05866528225268,51.0384150759485],[-114.05858835434265,51.03940099222798],[-114.05851326938725,51.040363167687325],[-114.0584546784167,51.04128816510591],[-114.05837839355402,51.04226667217039],[-114.05830608680535,51.04318237496865],[-114.0582786411368,51.04370648496756],[-114.05827442031064,51.043787271585224],[-114.05784707286502,51.04378449945834],[-114.05757039627267,51.043767631745666],[-114.05700339884936,51.04375233127847],[-114.05614025496394,51.043728420298656],[-114.05503504484395,51.04369500026877],[-114.05409250619901,51.043670168752776],[-114.05336167795606,51.043648771733864],[-114.05316069182004,51.04364286999089],[-114.04854695363674,51.04351114212756],[-114.04701216421373,51.043469033373206],[-114.04580416127862,51.04343611572514],[-114.04544519341272,51.043434249874146],[-114.04483096514302,51.04341057414104],[-114.04357036138782,51.04332851172079],[-114.04342885647499,51.043306758313385],[-114.0431548848566,51.04325658221437],[-114.0434010030364,51.04294263172939],[-114.04356676258611,51.04270168896192],[-114.04387531995897,51.04225322791811],[-114.04414101400117,51.04193613667452],[-114.04429500530682,51.04182081358162],[-114.04467249689318,51.04142512922551],[-114.0447355551549,51.041387110974675],[-114.045229612623,51.04108923016524],[-114.04604329431085,51.040693915788324],[-114.04677159900609,51.040400616646664],[-114.04737608603915,51.040008029848394],[-114.04851590402923,51.038866828259415],[-114.0492336849137,51.037968933069656]]]]}}]}